keep,label,canonical,duplicate,trusted
,snatch,/Users/josephkamil/Desktop/Capstone/Oly_Data/raw/real_snatch/snatch- correct.mov,/Users/josephkamil/Desktop/Capstone/snatch- correct.mov,False
YES,snatch,/Users/josephkamil/Desktop/Capstone/Oly_Data/raw/real_snatch/snatch- correct.mov,/Users/josephkamil/Desktop/Capstone/Oly_Data/raw/real_snatch/snatch- correct.mov,True
,clean,/Users/josephkamil/Desktop/Capstone/Oly_Data/raw/clean/clean-correct.mov,/Users/josephkamil/Desktop/Capstone/clean-correct.mov,False
YES,clean,/Users/josephkamil/Desktop/Capstone/Oly_Data/raw/clean/clean-correct.mov,/Users/josephkamil/Desktop/Capstone/Oly_Data/raw/clean/clean-correct.mov,True
,clean,/Users/josephkamil/Desktop/Capstone/Oly_Data/raw/clean/clean-correct.mov,/Users/josephkamil/Desktop/Capstone/Oly_Data/raw/real_clean/clean-correct.mov,True
,overhead_squat,/Users/josephkamil/Desktop/Capstone/data/dataset_v2/raw/overhead_squat/OverheadSquats- correct3.mov,/Users/josephkamil/Desktop/Capstone/OverheadSquats- correct3.mov,False
YES,overhead_squat,/Users/josephkamil/Desktop/Capstone/data/dataset_v2/raw/overhead_squat/OverheadSquats- correct3.mov,/Users/josephkamil/Desktop/Capstone/data/dataset_v2/raw/overhead_squat/OverheadSquats- correct3.mov,True
,overhead_squat,/Users/josephkamil/Desktop/Capstone/data/dataset_v2/raw/overhead_squat/OverheadSquats- correct3.mov,/Users/josephkamil/Desktop/Capstone/data/raw/overhead_squat/correct/OverheadSquats- correct3.mov,False
,push_press,/Users/josephkamil/Desktop/Capstone/data/dataset_v2/raw/push_press/Push Press- Head Clearance .mov,/Users/josephkamil/Desktop/Capstone/Push Press- Head Clearance .mov,False
YES,push_press,/Users/josephkamil/Desktop/Capstone/data/dataset_v2/raw/push_press/Push Press- Head Clearance .mov,/Users/josephkamil/Desktop/Capstone/data/dataset_v2/raw/push_press/Push Press- Head Clearance .mov,True
,push_press,/Users/josephkamil/Desktop/Capstone/data/dataset_v2/raw/push_press/Push press- knee cave.mov,/Users/josephkamil/Desktop/Capstone/Push press- knee cave.mov,False
YES,push_press,/Users/josephkamil/Desktop/Capstone/data/dataset_v2/raw/push_press/Push press- knee cave.mov,/Users/josephkamil/Desktop/Capstone/data/dataset_v2/raw/push_press/Push press- knee cave.mov,True
YES,unknown,/Users/josephkamil/Desktop/Capstone/squat_8.mp4,/Users/josephkamil/Desktop/Capstone/squat_8.mp4,False
,unknown,/Users/josephkamil/Desktop/Capstone/squat_8.mp4,/Users/josephkamil/Desktop/Capstone/squat_keep/squat_8.mp4,False
,unknown,/Users/josephkamil/Desktop/Capstone/data/dataset_v2/raw/squat_back/Back Squat- knee valgus.mov,/Users/josephkamil/Desktop/Capstone/Back Squat- knee valgus.mov,False
YES,squat_back,/Users/josephkamil/Desktop/Capstone/data/dataset_v2/raw/squat_back/Back Squat- knee valgus.mov,/Users/josephkamil/Desktop/Capstone/data/dataset_v2/raw/squat_back/Back Squat- knee valgus.mov,True
,bench_press,/Users/josephkamil/Desktop/Capstone/data/dataset_v2/raw/bench_press/Bench press- bar path.mov,/Users/josephkamil/Desktop/Capstone/Bench press- bar path.mov,False
YES,bench_press,/Users/josephkamil/Desktop/Capstone/data/dataset_v2/raw/bench_press/Bench press- bar path.mov,/Users/josephkamil/Desktop/Capstone/data/dataset_v2/raw/bench_press/Bench press- bar path.mov,True
,push_press,/Users/josephkamil/Desktop/Capstone/data/dataset_v2/raw/push_press/Push press- elbows drop.mov,/Users/josephkamil/Desktop/Capstone/Push press- elbows drop.mov,False
YES,push_press,/Users/josephkamil/Desktop/Capstone/data/dataset_v2/raw/push_press/Push press- elbows drop.mov,/Users/josephkamil/Desktop/Capstone/data/dataset_v2/raw/push_press/Push press- elbows drop.mov,True
,unknown,/Users/josephkamil/Desktop/Capstone/data/dataset_v2/raw/squat_back/squat_20.mp4,/Users/josephkamil/Desktop/Capstone/squat_20.mp4,False
YES,squat_back,/Users/josephkamil/Desktop/Capstone/data/dataset_v2/raw/squat_back/squat_20.mp4,/Users/josephkamil/Desktop/Capstone/data/dataset_v2/raw/squat_back/squat_20.mp4,True
,deadlift,/Users/josephkamil/Desktop/Capstone/data/dataset_v2/raw/deadlift/Deadlift- bar drift.mov,/Users/josephkamil/Desktop/Capstone/Deadlift- bar drift.mov,False
YES,deadlift,/Users/josephkamil/Desktop/Capstone/data/dataset_v2/raw/deadlift/Deadlift- bar drift.mov,/Users/josephkamil/Desktop/Capstone/data/dataset_v2/raw/deadlift/Deadlift- bar drift.mov,True
,unknown,/Users/josephkamil/Desktop/Capstone/data/dataset_v2/raw/squat_front/Front Squat- Depth.mov,/Users/josephkamil/Desktop/Capstone/Front Squat- Depth.mov,False
YES,squat_front,/Users/josephkamil/Desktop/Capstone/data/dataset_v2/raw/squat_front/Front Squat- Depth.mov,/Users/josephkamil/Desktop/Capstone/data/dataset_v2/raw/squat_front/Front Squat- Depth.mov,True
,overhead_squat,/Users/josephkamil/Desktop/Capstone/data/dataset_v2/raw/overhead_squat/OverheadSquat- correct5.mov,/Users/josephkamil/Desktop/Capstone/OverheadSquat- correct5.mov,False
YES,overhead_squat,/Users/josephkamil/Desktop/Capstone/data/dataset_v2/raw/overhead_squat/OverheadSquat- correct5.mov,/Users/josephkamil/Desktop/Capstone/data/dataset_v2/raw/overhead_squat/OverheadSquat- correct5.mov,True
,bench_press,/Users/josephkamil/Desktop/Capstone/data/dataset_v2/raw/bench_press/Bench press- head lift.mov,/Users/josephkamil/Desktop/Capstone/Bench press- head lift.mov,False
YES,bench_press,/Users/josephkamil/Desktop/Capstone/data/dataset_v2/raw/bench_press/Bench press- head lift.mov,/Users/josephkamil/Desktop/Capstone/data/dataset_v2/raw/bench_press/Bench press- head lift.mov,True
,overhead_squat,/Users/josephkamil/Desktop/Capstone/data/dataset_v2/raw/overhead_squat/OverheadSquat- correct4.mov,/Users/josephkamil/Desktop/Capstone/OverheadSquat- correct4.mov,False
YES,overhead_squat,/Users/josephkamil/Desktop/Capstone/data/dataset_v2/raw/overhead_squat/OverheadSquat- correct4.mov,/Users/josephkamil/Desktop/Capstone/data/dataset_v2/raw/overhead_squat/OverheadSquat- correct4.mov,True
,bench_press,/Users/josephkamil/Desktop/Capstone/data/dataset_v2/raw/bench_press/Bench press- elbow flare.mov,/Users/josephkamil/Desktop/Capstone/Bench press- elbow flare.mov,False
YES,bench_press,/Users/josephkamil/Desktop/Capstone/data/dataset_v2/raw/bench_press/Bench press- elbow flare.mov,/Users/josephkamil/Desktop/Capstone/data/dataset_v2/raw/bench_press/Bench press- elbow flare.mov,True
,unknown,/Users/josephkamil/Desktop/Capstone/data/dataset_v2/raw/squat_back/squat_15.mp4,/Users/josephkamil/Desktop/Capstone/squat_15.mp4,False
,unknown,/Users/josephkamil/Desktop/Capstone/data/dataset_v2/raw/squat_back/squat_15.mp4,/Users/josephkamil/Desktop/Capstone/squat_keep/squat_15.mp4,False
YES,squat_back,/Users/josephkamil/Desktop/Capstone/data/dataset_v2/raw/squat_back/squat_15.mp4,/Users/josephkamil/Desktop/Capstone/data/dataset_v2/raw/squat_back/squat_15.mp4,True
YES,unknown,/Users/josephkamil/Desktop/Capstone/squat_29.mp4,/Users/josephkamil/Desktop/Capstone/squat_29.mp4,False
,unknown,/Users/josephkamil/Desktop/Capstone/squat_29.mp4,/Users/josephkamil/Desktop/Capstone/squat_keep/squat_29.mp4,False
,unknown,/Users/josephkamil/Desktop/Capstone/data/dataset_v2/raw/squat_front/Front squats- butt wink .mov,/Users/josephkamil/Desktop/Capstone/Front squats- butt wink .mov,False
YES,squat_front,/Users/josephkamil/Desktop/Capstone/data/dataset_v2/raw/squat_front/Front squats- butt wink .mov,/Users/josephkamil/Desktop/Capstone/data/dataset_v2/raw/squat_front/Front squats- butt wink .mov,True
,deadlift,/Users/josephkamil/Desktop/Capstone/data/dataset_v2/raw/deadlift/Deadlift - bad back.mov,/Users/josephkamil/Desktop/Capstone/Deadlift - bad back.mov,False
YES,deadlift,/Users/josephkamil/Desktop/Capstone/data/dataset_v2/raw/deadlift/Deadlift - bad back.mov,/Users/josephkamil/Desktop/Capstone/data/dataset_v2/raw/deadlift/Deadlift - bad back.mov,True
,unknown,/Users/josephkamil/Desktop/Capstone/data/dataset_v2/raw/squat_back/squat_12.mp4,/Users/josephkamil/Desktop/Capstone/squat_12.mp4,False
,unknown,/Users/josephkamil/Desktop/Capstone/data/dataset_v2/raw/squat_back/squat_12.mp4,/Users/josephkamil/Desktop/Capstone/squat_keep/squat_12.mp4,False
YES,squat_back,/Users/josephkamil/Desktop/Capstone/data/dataset_v2/raw/squat_back/squat_12.mp4,/Users/josephkamil/Desktop/Capstone/data/dataset_v2/raw/squat_back/squat_12.mp4,True
,unknown,/Users/josephkamil/Desktop/Capstone/data/dataset_v2/raw/squat_front/Front squats- bar drift.mov,/Users/josephkamil/Desktop/Capstone/Front squats- bar drift.mov,False
YES,squat_front,/Users/josephkamil/Desktop/Capstone/data/dataset_v2/raw/squat_front/Front squats- bar drift.mov,/Users/josephkamil/Desktop/Capstone/data/dataset_v2/raw/squat_front/Front squats- bar drift.mov,True
YES,unknown,/Users/josephkamil/Desktop/Capstone/squat_13.mp4,/Users/josephkamil/Desktop/Capstone/squat_13.mp4,False
,unknown,/Users/josephkamil/Desktop/Capstone/squat_13.mp4,/Users/josephkamil/Desktop/Capstone/squat_keep/squat_13.mp4,False
,unknown,/Users/josephkamil/Desktop/Capstone/data/dataset_v2/raw/squat_back/squat_11.mp4,/Users/josephkamil/Desktop/Capstone/squat_11.mp4,False
,unknown,/Users/josephkamil/Desktop/Capstone/data/dataset_v2/raw/squat_back/squat_11.mp4,/Users/josephkamil/Desktop/Capstone/squat_keep/squat_11.mp4,False
YES,squat_back,/Users/josephkamil/Desktop/Capstone/data/dataset_v2/raw/squat_back/squat_11.mp4,/Users/josephkamil/Desktop/Capstone/data/dataset_v2/raw/squat_back/squat_11.mp4,True
,unknown,/Users/josephkamil/Desktop/Capstone/data/dataset_v2/raw/squat_front/Front squat- elbow drop.mov,/Users/josephkamil/Desktop/Capstone/Front squat- elbow drop.mov,False
YES,squat_front,/Users/josephkamil/Desktop/Capstone/data/dataset_v2/raw/squat_front/Front squat- elbow drop.mov,/Users/josephkamil/Desktop/Capstone/data/dataset_v2/raw/squat_front/Front squat- elbow drop.mov,True
,unknown,/Users/josephkamil/Desktop/Capstone/data/dataset_v2/raw/squat_back/squat_10.mp4,/Users/josephkamil/Desktop/Capstone/squat_10.mp4,False
,unknown,/Users/josephkamil/Desktop/Capstone/data/dataset_v2/raw/squat_back/squat_10.mp4,/Users/josephkamil/Desktop/Capstone/squat_keep/squat_10.mp4,False
YES,squat_back,/Users/josephkamil/Desktop/Capstone/data/dataset_v2/raw/squat_back/squat_10.mp4,/Users/josephkamil/Desktop/Capstone/data/dataset_v2/raw/squat_back/squat_10.mp4,True
,bench_press,/Users/josephkamil/Desktop/Capstone/data/dataset_v2/raw/bench_press/Bench press- arch.mov,/Users/josephkamil/Desktop/Capstone/Bench press- arch.mov,False
YES,bench_press,/Users/josephkamil/Desktop/Capstone/data/dataset_v2/raw/bench_press/Bench press- arch.mov,/Users/josephkamil/Desktop/Capstone/data/dataset_v2/raw/bench_press/Bench press- arch.mov,True
,unknown,/Users/josephkamil/Desktop/Capstone/data/dataset_v2/raw/squat_back/Back squats- forward lean.mov,/Users/josephkamil/Desktop/Capstone/Back squats- forward lean.mov,False
YES,squat_back,/Users/josephkamil/Desktop/Capstone/data/dataset_v2/raw/squat_back/Back squats- forward lean.mov,/Users/josephkamil/Desktop/Capstone/data/dataset_v2/raw/squat_back/Back squats- forward lean.mov,True
,push_press,/Users/josephkamil/Desktop/Capstone/data/dataset_v2/raw/push_press/Push press- diptiming.mov,/Users/josephkamil/Desktop/Capstone/Push press- diptiming.mov,False
YES,push_press,/Users/josephkamil/Desktop/Capstone/data/dataset_v2/raw/push_press/Push press- diptiming.mov,/Users/josephkamil/Desktop/Capstone/data/dataset_v2/raw/push_press/Push press- diptiming.mov,True
,unknown,/Users/josephkamil/Desktop/Capstone/data/dataset_v2/raw/squat_back/squat_14.mp4,/Users/josephkamil/Desktop/Capstone/squat_keep/squat_14.mp4,False
YES,squat_back,/Users/josephkamil/Desktop/Capstone/data/dataset_v2/raw/squat_back/squat_14.mp4,/Users/josephkamil/Desktop/Capstone/data/dataset_v2/raw/squat_back/squat_14.mp4,True
,unknown,/Users/josephkamil/Desktop/Capstone/data/dataset_v2/raw/squat_back/squat_5.MOV,/Users/josephkamil/Desktop/Capstone/squat_keep/squat_5.MOV,False
YES,squat_back,/Users/josephkamil/Desktop/Capstone/data/dataset_v2/raw/squat_back/squat_5.MOV,/Users/josephkamil/Desktop/Capstone/data/dataset_v2/raw/squat_back/squat_5.MOV,True
,unknown,/Users/josephkamil/Desktop/Capstone/data/dataset_v2/raw/squat_back/squat_4.MOV,/Users/josephkamil/Desktop/Capstone/squat_keep/squat_4.MOV,False
YES,squat_back,/Users/josephkamil/Desktop/Capstone/data/dataset_v2/raw/squat_back/squat_4.MOV,/Users/josephkamil/Desktop/Capstone/data/dataset_v2/raw/squat_back/squat_4.MOV,True
,unknown,/Users/josephkamil/Desktop/Capstone/data/dataset_v2/raw/squat_back/squat_6.MOV,/Users/josephkamil/Desktop/Capstone/squat_keep/squat_6.MOV,False
YES,squat_back,/Users/josephkamil/Desktop/Capstone/data/dataset_v2/raw/squat_back/squat_6.MOV,/Users/josephkamil/Desktop/Capstone/data/dataset_v2/raw/squat_back/squat_6.MOV,True
,unknown,/Users/josephkamil/Desktop/Capstone/data/dataset_v2/raw/squat_back/squat_16.mp4,/Users/josephkamil/Desktop/Capstone/squat_keep/squat_16.mp4,False
YES,squat_back,/Users/josephkamil/Desktop/Capstone/data/dataset_v2/raw/squat_back/squat_16.mp4,/Users/josephkamil/Desktop/Capstone/data/dataset_v2/raw/squat_back/squat_16.mp4,True
,unknown,/Users/josephkamil/Desktop/Capstone/data/dataset_v2/raw/squat_back/squat_3.MOV,/Users/josephkamil/Desktop/Capstone/squat_keep/squat_3.MOV,False
YES,squat_back,/Users/josephkamil/Desktop/Capstone/data/dataset_v2/raw/squat_back/squat_3.MOV,/Users/josephkamil/Desktop/Capstone/data/dataset_v2/raw/squat_back/squat_3.MOV,True
,unknown,/Users/josephkamil/Desktop/Capstone/data/dataset_v2/raw/squat_back/squat_2.MOV,/Users/josephkamil/Desktop/Capstone/squat_keep/squat_2.MOV,False
YES,squat_back,/Users/josephkamil/Desktop/Capstone/data/dataset_v2/raw/squat_back/squat_2.MOV,/Users/josephkamil/Desktop/Capstone/data/dataset_v2/raw/squat_back/squat_2.MOV,True
,unknown,/Users/josephkamil/Desktop/Capstone/data/dataset_v2/raw/squat_back/squat_1.MOV,/Users/josephkamil/Desktop/Capstone/squat_keep/squat_1.MOV,False
YES,squat_back,/Users/josephkamil/Desktop/Capstone/data/dataset_v2/raw/squat_back/squat_1.MOV,/Users/josephkamil/Desktop/Capstone/data/dataset_v2/raw/squat_back/squat_1.MOV,True
,push_up,/Users/josephkamil/Desktop/Capstone/Oly_Data/raw/not_oly/v_PushUps_g01_c05.avi,/Users/josephkamil/Desktop/Capstone/PushUps/v_PushUps_g01_c05.avi,True
YES,push_up,/Users/josephkamil/Desktop/Capstone/Oly_Data/raw/not_oly/v_PushUps_g01_c05.avi,/Users/josephkamil/Desktop/Capstone/Oly_Data/raw/not_oly/v_PushUps_g01_c05.avi,True
,push_up,/Users/josephkamil/Desktop/Capstone/Oly_Data/raw/not_oly/v_PushUps_g09_c03.avi,/Users/josephkamil/Desktop/Capstone/PushUps/v_PushUps_g09_c03.avi,True
YES,push_up,/Users/josephkamil/Desktop/Capstone/Oly_Data/raw/not_oly/v_PushUps_g09_c03.avi,/Users/josephkamil/Desktop/Capstone/Oly_Data/raw/not_oly/v_PushUps_g09_c03.avi,True
,push_up,/Users/josephkamil/Desktop/Capstone/Oly_Data/raw/not_oly/v_PushUps_g19_c03.avi,/Users/josephkamil/Desktop/Capstone/PushUps/v_PushUps_g19_c03.avi,True
YES,push_up,/Users/josephkamil/Desktop/Capstone/Oly_Data/raw/not_oly/v_PushUps_g19_c03.avi,/Users/josephkamil/Desktop/Capstone/Oly_Data/raw/not_oly/v_PushUps_g19_c03.avi,True
,push_up,/Users/josephkamil/Desktop/Capstone/Oly_Data/raw/not_oly/v_PushUps_g19_c02.avi,/Users/josephkamil/Desktop/Capstone/PushUps/v_PushUps_g19_c02.avi,True
YES,push_up,/Users/josephkamil/Desktop/Capstone/Oly_Data/raw/not_oly/v_PushUps_g19_c02.avi,/Users/josephkamil/Desktop/Capstone/Oly_Data/raw/not_oly/v_PushUps_g19_c02.avi,True
,push_up,/Users/josephkamil/Desktop/Capstone/Oly_Data/raw/not_oly/v_PushUps_g09_c02.avi,/Users/josephkamil/Desktop/Capstone/PushUps/v_PushUps_g09_c02.avi,True
YES,push_up,/Users/josephkamil/Desktop/Capstone/Oly_Data/raw/not_oly/v_PushUps_g09_c02.avi,/Users/josephkamil/Desktop/Capstone/Oly_Data/raw/not_oly/v_PushUps_g09_c02.avi,True
,push_up,/Users/josephkamil/Desktop/Capstone/Oly_Data/raw/not_oly/v_PushUps_g10_c01.avi,/Users/josephkamil/Desktop/Capstone/PushUps/v_PushUps_g10_c01.avi,True
YES,push_up,/Users/josephkamil/Desktop/Capstone/Oly_Data/raw/not_oly/v_PushUps_g10_c01.avi,/Users/josephkamil/Desktop/Capstone/Oly_Data/raw/not_oly/v_PushUps_g10_c01.avi,True
,push_up,/Users/josephkamil/Desktop/Capstone/Oly_Data/raw/not_oly/v_PushUps_g01_c04.avi,/Users/josephkamil/Desktop/Capstone/PushUps/v_PushUps_g01_c04.avi,True
YES,push_up,/Users/josephkamil/Desktop/Capstone/Oly_Data/raw/not_oly/v_PushUps_g01_c04.avi,/Users/josephkamil/Desktop/Capstone/Oly_Data/raw/not_oly/v_PushUps_g01_c04.avi,True
,push_up,/Users/josephkamil/Desktop/Capstone/Oly_Data/raw/not_oly/v_PushUps_g11_c04.avi,/Users/josephkamil/Desktop/Capstone/PushUps/v_PushUps_g11_c04.avi,True
YES,push_up,/Users/josephkamil/Desktop/Capstone/Oly_Data/raw/not_oly/v_PushUps_g11_c04.avi,/Users/josephkamil/Desktop/Capstone/Oly_Data/raw/not_oly/v_PushUps_g11_c04.avi,True
,push_up,/Users/josephkamil/Desktop/Capstone/Oly_Data/raw/not_oly/v_PushUps_g10_c03.avi,/Users/josephkamil/Desktop/Capstone/PushUps/v_PushUps_g10_c03.avi,True
YES,push_up,/Users/josephkamil/Desktop/Capstone/Oly_Data/raw/not_oly/v_PushUps_g10_c03.avi,/Users/josephkamil/Desktop/Capstone/Oly_Data/raw/not_oly/v_PushUps_g10_c03.avi,True
,push_up,/Users/josephkamil/Desktop/Capstone/Oly_Data/raw/not_oly/v_PushUps_g09_c01.avi,/Users/josephkamil/Desktop/Capstone/PushUps/v_PushUps_g09_c01.avi,True
YES,push_up,/Users/josephkamil/Desktop/Capstone/Oly_Data/raw/not_oly/v_PushUps_g09_c01.avi,/Users/josephkamil/Desktop/Capstone/Oly_Data/raw/not_oly/v_PushUps_g09_c01.avi,True
,push_up,/Users/josephkamil/Desktop/Capstone/Oly_Data/raw/not_oly/v_PushUps_g19_c01.avi,/Users/josephkamil/Desktop/Capstone/PushUps/v_PushUps_g19_c01.avi,True
YES,push_up,/Users/josephkamil/Desktop/Capstone/Oly_Data/raw/not_oly/v_PushUps_g19_c01.avi,/Users/josephkamil/Desktop/Capstone/Oly_Data/raw/not_oly/v_PushUps_g19_c01.avi,True
,push_up,/Users/josephkamil/Desktop/Capstone/Oly_Data/raw/not_oly/v_PushUps_g18_c04.avi,/Users/josephkamil/Desktop/Capstone/PushUps/v_PushUps_g18_c04.avi,True
YES,push_up,/Users/josephkamil/Desktop/Capstone/Oly_Data/raw/not_oly/v_PushUps_g18_c04.avi,/Users/josephkamil/Desktop/Capstone/Oly_Data/raw/not_oly/v_PushUps_g18_c04.avi,True
,push_up,/Users/josephkamil/Desktop/Capstone/Oly_Data/raw/not_oly/v_PushUps_g08_c04.avi,/Users/josephkamil/Desktop/Capstone/PushUps/v_PushUps_g08_c04.avi,True
YES,push_up,/Users/josephkamil/Desktop/Capstone/Oly_Data/raw/not_oly/v_PushUps_g08_c04.avi,/Users/josephkamil/Desktop/Capstone/Oly_Data/raw/not_oly/v_PushUps_g08_c04.avi,True
,push_up,/Users/josephkamil/Desktop/Capstone/Oly_Data/raw/not_oly/v_PushUps_g10_c02.avi,/Users/josephkamil/Desktop/Capstone/PushUps/v_PushUps_g10_c02.avi,True
YES,push_up,/Users/josephkamil/Desktop/Capstone/Oly_Data/raw/not_oly/v_PushUps_g10_c02.avi,/Users/josephkamil/Desktop/Capstone/Oly_Data/raw/not_oly/v_PushUps_g10_c02.avi,True
,push_up,/Users/josephkamil/Desktop/Capstone/Oly_Data/raw/not_oly/v_PushUps_g01_c03.avi,/Users/josephkamil/Desktop/Capstone/PushUps/v_PushUps_g01_c03.avi,True
YES,push_up,/Users/josephkamil/Desktop/Capstone/Oly_Data/raw/not_oly/v_PushUps_g01_c03.avi,/Users/josephkamil/Desktop/Capstone/Oly_Data/raw/not_oly/v_PushUps_g01_c03.avi,True
,push_up,/Users/josephkamil/Desktop/Capstone/Oly_Data/raw/not_oly/v_PushUps_g11_c03.avi,/Users/josephkamil/Desktop/Capstone/PushUps/v_PushUps_g11_c03.avi,True
YES,push_up,/Users/josephkamil/Desktop/Capstone/Oly_Data/raw/not_oly/v_PushUps_g11_c03.avi,/Users/josephkamil/Desktop/Capstone/Oly_Data/raw/not_oly/v_PushUps_g11_c03.avi,True
,push_up,/Users/josephkamil/Desktop/Capstone/Oly_Data/raw/not_oly/v_PushUps_g09_c04.avi,/Users/josephkamil/Desktop/Capstone/PushUps/v_PushUps_g09_c04.avi,True
YES,push_up,/Users/josephkamil/Desktop/Capstone/Oly_Data/raw/not_oly/v_PushUps_g09_c04.avi,/Users/josephkamil/Desktop/Capstone/Oly_Data/raw/not_oly/v_PushUps_g09_c04.avi,True
,push_up,/Users/josephkamil/Desktop/Capstone/Oly_Data/raw/not_oly/v_PushUps_g19_c04.avi,/Users/josephkamil/Desktop/Capstone/PushUps/v_PushUps_g19_c04.avi,True
YES,push_up,/Users/josephkamil/Desktop/Capstone/Oly_Data/raw/not_oly/v_PushUps_g19_c04.avi,/Users/josephkamil/Desktop/Capstone/Oly_Data/raw/not_oly/v_PushUps_g19_c04.avi,True
,push_up,/Users/josephkamil/Desktop/Capstone/Oly_Data/raw/not_oly/v_PushUps_g18_c01.avi,/Users/josephkamil/Desktop/Capstone/PushUps/v_PushUps_g18_c01.avi,True
YES,push_up,/Users/josephkamil/Desktop/Capstone/Oly_Data/raw/not_oly/v_PushUps_g18_c01.avi,/Users/josephkamil/Desktop/Capstone/Oly_Data/raw/not_oly/v_PushUps_g18_c01.avi,True
,push_up,/Users/josephkamil/Desktop/Capstone/Oly_Data/raw/not_oly/v_PushUps_g08_c01.avi,/Users/josephkamil/Desktop/Capstone/PushUps/v_PushUps_g08_c01.avi,True
YES,push_up,/Users/josephkamil/Desktop/Capstone/Oly_Data/raw/not_oly/v_PushUps_g08_c01.avi,/Users/josephkamil/Desktop/Capstone/Oly_Data/raw/not_oly/v_PushUps_g08_c01.avi,True
,push_up,/Users/josephkamil/Desktop/Capstone/Oly_Data/raw/not_oly/v_PushUps_g11_c02.avi,/Users/josephkamil/Desktop/Capstone/PushUps/v_PushUps_g11_c02.avi,True
YES,push_up,/Users/josephkamil/Desktop/Capstone/Oly_Data/raw/not_oly/v_PushUps_g11_c02.avi,/Users/josephkamil/Desktop/Capstone/Oly_Data/raw/not_oly/v_PushUps_g11_c02.avi,True
,push_up,/Users/josephkamil/Desktop/Capstone/Oly_Data/raw/not_oly/v_PushUps_g01_c02.avi,/Users/josephkamil/Desktop/Capstone/PushUps/v_PushUps_g01_c02.avi,True
YES,push_up,/Users/josephkamil/Desktop/Capstone/Oly_Data/raw/not_oly/v_PushUps_g01_c02.avi,/Users/josephkamil/Desktop/Capstone/Oly_Data/raw/not_oly/v_PushUps_g01_c02.avi,True
,push_up,/Users/josephkamil/Desktop/Capstone/Oly_Data/raw/not_oly/v_PushUps_g18_c03.avi,/Users/josephkamil/Desktop/Capstone/PushUps/v_PushUps_g18_c03.avi,True
YES,push_up,/Users/josephkamil/Desktop/Capstone/Oly_Data/raw/not_oly/v_PushUps_g18_c03.avi,/Users/josephkamil/Desktop/Capstone/Oly_Data/raw/not_oly/v_PushUps_g18_c03.avi,True
,push_up,/Users/josephkamil/Desktop/Capstone/Oly_Data/raw/not_oly/v_PushUps_g08_c03.avi,/Users/josephkamil/Desktop/Capstone/PushUps/v_PushUps_g08_c03.avi,True
YES,push_up,/Users/josephkamil/Desktop/Capstone/Oly_Data/raw/not_oly/v_PushUps_g08_c03.avi,/Users/josephkamil/Desktop/Capstone/Oly_Data/raw/not_oly/v_PushUps_g08_c03.avi,True
,push_up,/Users/josephkamil/Desktop/Capstone/Oly_Data/raw/not_oly/v_PushUps_g08_c02.avi,/Users/josephkamil/Desktop/Capstone/PushUps/v_PushUps_g08_c02.avi,True
YES,push_up,/Users/josephkamil/Desktop/Capstone/Oly_Data/raw/not_oly/v_PushUps_g08_c02.avi,/Users/josephkamil/Desktop/Capstone/Oly_Data/raw/not_oly/v_PushUps_g08_c02.avi,True
,push_up,/Users/josephkamil/Desktop/Capstone/Oly_Data/raw/not_oly/v_PushUps_g18_c02.avi,/Users/josephkamil/Desktop/Capstone/PushUps/v_PushUps_g18_c02.avi,True
YES,push_up,/Users/josephkamil/Desktop/Capstone/Oly_Data/raw/not_oly/v_PushUps_g18_c02.avi,/Users/josephkamil/Desktop/Capstone/Oly_Data/raw/not_oly/v_PushUps_g18_c02.avi,True
,push_up,/Users/josephkamil/Desktop/Capstone/Oly_Data/raw/not_oly/v_PushUps_g10_c04.avi,/Users/josephkamil/Desktop/Capstone/PushUps/v_PushUps_g10_c04.avi,True
YES,push_up,/Users/josephkamil/Desktop/Capstone/Oly_Data/raw/not_oly/v_PushUps_g10_c04.avi,/Users/josephkamil/Desktop/Capstone/Oly_Data/raw/not_oly/v_PushUps_g10_c04.avi,True
,push_up,/Users/josephkamil/Desktop/Capstone/Oly_Data/raw/not_oly/v_PushUps_g01_c01.avi,/Users/josephkamil/Desktop/Capstone/PushUps/v_PushUps_g01_c01.avi,True
YES,push_up,/Users/josephkamil/Desktop/Capstone/Oly_Data/raw/not_oly/v_PushUps_g01_c01.avi,/Users/josephkamil/Desktop/Capstone/Oly_Data/raw/not_oly/v_PushUps_g01_c01.avi,True
,push_up,/Users/josephkamil/Desktop/Capstone/Oly_Data/raw/not_oly/v_PushUps_g11_c01.avi,/Users/josephkamil/Desktop/Capstone/PushUps/v_PushUps_g11_c01.avi,True
YES,push_up,/Users/josephkamil/Desktop/Capstone/Oly_Data/raw/not_oly/v_PushUps_g11_c01.avi,/Users/josephkamil/Desktop/Capstone/Oly_Data/raw/not_oly/v_PushUps_g11_c01.avi,True
,push_up,/Users/josephkamil/Desktop/Capstone/Oly_Data/raw/not_oly/v_PushUps_g13_c03.avi,/Users/josephkamil/Desktop/Capstone/PushUps/v_PushUps_g13_c03.avi,True
YES,push_up,/Users/josephkamil/Desktop/Capstone/Oly_Data/raw/not_oly/v_PushUps_g13_c03.avi,/Users/josephkamil/Desktop/Capstone/Oly_Data/raw/not_oly/v_PushUps_g13_c03.avi,True
,push_up,/Users/josephkamil/Desktop/Capstone/Oly_Data/raw/not_oly/v_PushUps_g03_c03.avi,/Users/josephkamil/Desktop/Capstone/PushUps/v_PushUps_g03_c03.avi,True
YES,push_up,/Users/josephkamil/Desktop/Capstone/Oly_Data/raw/not_oly/v_PushUps_g03_c03.avi,/Users/josephkamil/Desktop/Capstone/Oly_Data/raw/not_oly/v_PushUps_g03_c03.avi,True
,push_up,/Users/josephkamil/Desktop/Capstone/Oly_Data/raw/not_oly/v_PushUps_g25_c01.avi,/Users/josephkamil/Desktop/Capstone/PushUps/v_PushUps_g25_c01.avi,True
YES,push_up,/Users/josephkamil/Desktop/Capstone/Oly_Data/raw/not_oly/v_PushUps_g25_c01.avi,/Users/josephkamil/Desktop/Capstone/Oly_Data/raw/not_oly/v_PushUps_g25_c01.avi,True
,push_up,/Users/josephkamil/Desktop/Capstone/Oly_Data/raw/not_oly/v_PushUps_g24_c04.avi,/Users/josephkamil/Desktop/Capstone/PushUps/v_PushUps_g24_c04.avi,True
YES,push_up,/Users/josephkamil/Desktop/Capstone/Oly_Data/raw/not_oly/v_PushUps_g24_c04.avi,/Users/josephkamil/Desktop/Capstone/Oly_Data/raw/not_oly/v_PushUps_g24_c04.avi,True
,push_up,/Users/josephkamil/Desktop/Capstone/Oly_Data/raw/not_oly/v_PushUps_g03_c02.avi,/Users/josephkamil/Desktop/Capstone/PushUps/v_PushUps_g03_c02.avi,True
YES,push_up,/Users/josephkamil/Desktop/Capstone/Oly_Data/raw/not_oly/v_PushUps_g03_c02.avi,/Users/josephkamil/Desktop/Capstone/Oly_Data/raw/not_oly/v_PushUps_g03_c02.avi,True
,push_up,/Users/josephkamil/Desktop/Capstone/Oly_Data/raw/not_oly/v_PushUps_g13_c02.avi,/Users/josephkamil/Desktop/Capstone/PushUps/v_PushUps_g13_c02.avi,True
YES,push_up,/Users/josephkamil/Desktop/Capstone/Oly_Data/raw/not_oly/v_PushUps_g13_c02.avi,/Users/josephkamil/Desktop/Capstone/Oly_Data/raw/not_oly/v_PushUps_g13_c02.avi,True
,push_up,/Users/josephkamil/Desktop/Capstone/Oly_Data/raw/not_oly/v_PushUps_g25_c02.avi,/Users/josephkamil/Desktop/Capstone/PushUps/v_PushUps_g25_c02.avi,True
YES,push_up,/Users/josephkamil/Desktop/Capstone/Oly_Data/raw/not_oly/v_PushUps_g25_c02.avi,/Users/josephkamil/Desktop/Capstone/Oly_Data/raw/not_oly/v_PushUps_g25_c02.avi,True
,push_up,/Users/josephkamil/Desktop/Capstone/Oly_Data/raw/not_oly/v_PushUps_g02_c04.avi,/Users/josephkamil/Desktop/Capstone/PushUps/v_PushUps_g02_c04.avi,True
YES,push_up,/Users/josephkamil/Desktop/Capstone/Oly_Data/raw/not_oly/v_PushUps_g02_c04.avi,/Users/josephkamil/Desktop/Capstone/Oly_Data/raw/not_oly/v_PushUps_g02_c04.avi,True
,push_up,/Users/josephkamil/Desktop/Capstone/Oly_Data/raw/not_oly/v_PushUps_g12_c04.avi,/Users/josephkamil/Desktop/Capstone/PushUps/v_PushUps_g12_c04.avi,True
YES,push_up,/Users/josephkamil/Desktop/Capstone/Oly_Data/raw/not_oly/v_PushUps_g12_c04.avi,/Users/josephkamil/Desktop/Capstone/Oly_Data/raw/not_oly/v_PushUps_g12_c04.avi,True
,push_up,/Users/josephkamil/Desktop/Capstone/Oly_Data/raw/not_oly/v_PushUps_g25_c03.avi,/Users/josephkamil/Desktop/Capstone/PushUps/v_PushUps_g25_c03.avi,True
YES,push_up,/Users/josephkamil/Desktop/Capstone/Oly_Data/raw/not_oly/v_PushUps_g25_c03.avi,/Users/josephkamil/Desktop/Capstone/Oly_Data/raw/not_oly/v_PushUps_g25_c03.avi,True
,push_up,/Users/josephkamil/Desktop/Capstone/Oly_Data/raw/not_oly/v_PushUps_g13_c01.avi,/Users/josephkamil/Desktop/Capstone/PushUps/v_PushUps_g13_c01.avi,True
YES,push_up,/Users/josephkamil/Desktop/Capstone/Oly_Data/raw/not_oly/v_PushUps_g13_c01.avi,/Users/josephkamil/Desktop/Capstone/Oly_Data/raw/not_oly/v_PushUps_g13_c01.avi,True
,push_up,/Users/josephkamil/Desktop/Capstone/Oly_Data/raw/not_oly/v_PushUps_g03_c01.avi,/Users/josephkamil/Desktop/Capstone/PushUps/v_PushUps_g03_c01.avi,True
YES,push_up,/Users/josephkamil/Desktop/Capstone/Oly_Data/raw/not_oly/v_PushUps_g03_c01.avi,/Users/josephkamil/Desktop/Capstone/Oly_Data/raw/not_oly/v_PushUps_g03_c01.avi,True
,push_up,/Users/josephkamil/Desktop/Capstone/Oly_Data/raw/not_oly/v_PushUps_g24_c02.avi,/Users/josephkamil/Desktop/Capstone/PushUps/v_PushUps_g24_c02.avi,True
YES,push_up,/Users/josephkamil/Desktop/Capstone/Oly_Data/raw/not_oly/v_PushUps_g24_c02.avi,/Users/josephkamil/Desktop/Capstone/Oly_Data/raw/not_oly/v_PushUps_g24_c02.avi,True
,push_up,/Users/josephkamil/Desktop/Capstone/Oly_Data/raw/not_oly/v_PushUps_g02_c01.avi,/Users/josephkamil/Desktop/Capstone/PushUps/v_PushUps_g02_c01.avi,True
YES,push_up,/Users/josephkamil/Desktop/Capstone/Oly_Data/raw/not_oly/v_PushUps_g02_c01.avi,/Users/josephkamil/Desktop/Capstone/Oly_Data/raw/not_oly/v_PushUps_g02_c01.avi,True
,push_up,/Users/josephkamil/Desktop/Capstone/Oly_Data/raw/not_oly/v_PushUps_g12_c01.avi,/Users/josephkamil/Desktop/Capstone/PushUps/v_PushUps_g12_c01.avi,True
YES,push_up,/Users/josephkamil/Desktop/Capstone/Oly_Data/raw/not_oly/v_PushUps_g12_c01.avi,/Users/josephkamil/Desktop/Capstone/Oly_Data/raw/not_oly/v_PushUps_g12_c01.avi,True
,push_up,/Users/josephkamil/Desktop/Capstone/Oly_Data/raw/not_oly/v_PushUps_g24_c03.avi,/Users/josephkamil/Desktop/Capstone/PushUps/v_PushUps_g24_c03.avi,True
YES,push_up,/Users/josephkamil/Desktop/Capstone/Oly_Data/raw/not_oly/v_PushUps_g24_c03.avi,/Users/josephkamil/Desktop/Capstone/Oly_Data/raw/not_oly/v_PushUps_g24_c03.avi,True
,push_up,/Users/josephkamil/Desktop/Capstone/Oly_Data/raw/not_oly/v_PushUps_g13_c04.avi,/Users/josephkamil/Desktop/Capstone/PushUps/v_PushUps_g13_c04.avi,True
YES,push_up,/Users/josephkamil/Desktop/Capstone/Oly_Data/raw/not_oly/v_PushUps_g13_c04.avi,/Users/josephkamil/Desktop/Capstone/Oly_Data/raw/not_oly/v_PushUps_g13_c04.avi,True
,push_up,/Users/josephkamil/Desktop/Capstone/Oly_Data/raw/not_oly/v_PushUps_g03_c04.avi,/Users/josephkamil/Desktop/Capstone/PushUps/v_PushUps_g03_c04.avi,True
YES,push_up,/Users/josephkamil/Desktop/Capstone/Oly_Data/raw/not_oly/v_PushUps_g03_c04.avi,/Users/josephkamil/Desktop/Capstone/Oly_Data/raw/not_oly/v_PushUps_g03_c04.avi,True
,push_up,/Users/josephkamil/Desktop/Capstone/Oly_Data/raw/not_oly/v_PushUps_g25_c04.avi,/Users/josephkamil/Desktop/Capstone/PushUps/v_PushUps_g25_c04.avi,True
YES,push_up,/Users/josephkamil/Desktop/Capstone/Oly_Data/raw/not_oly/v_PushUps_g25_c04.avi,/Users/josephkamil/Desktop/Capstone/Oly_Data/raw/not_oly/v_PushUps_g25_c04.avi,True
,push_up,/Users/josephkamil/Desktop/Capstone/Oly_Data/raw/not_oly/v_PushUps_g24_c01.avi,/Users/josephkamil/Desktop/Capstone/PushUps/v_PushUps_g24_c01.avi,True
YES,push_up,/Users/josephkamil/Desktop/Capstone/Oly_Data/raw/not_oly/v_PushUps_g24_c01.avi,/Users/josephkamil/Desktop/Capstone/Oly_Data/raw/not_oly/v_PushUps_g24_c01.avi,True
,push_up,/Users/josephkamil/Desktop/Capstone/Oly_Data/raw/not_oly/v_PushUps_g02_c03.avi,/Users/josephkamil/Desktop/Capstone/PushUps/v_PushUps_g02_c03.avi,True
YES,push_up,/Users/josephkamil/Desktop/Capstone/Oly_Data/raw/not_oly/v_PushUps_g02_c03.avi,/Users/josephkamil/Desktop/Capstone/Oly_Data/raw/not_oly/v_PushUps_g02_c03.avi,True
,push_up,/Users/josephkamil/Desktop/Capstone/Oly_Data/raw/not_oly/v_PushUps_g12_c03.avi,/Users/josephkamil/Desktop/Capstone/PushUps/v_PushUps_g12_c03.avi,True
YES,push_up,/Users/josephkamil/Desktop/Capstone/Oly_Data/raw/not_oly/v_PushUps_g12_c03.avi,/Users/josephkamil/Desktop/Capstone/Oly_Data/raw/not_oly/v_PushUps_g12_c03.avi,True
,push_up,/Users/josephkamil/Desktop/Capstone/Oly_Data/raw/not_oly/v_PushUps_g12_c02.avi,/Users/josephkamil/Desktop/Capstone/PushUps/v_PushUps_g12_c02.avi,True
YES,push_up,/Users/josephkamil/Desktop/Capstone/Oly_Data/raw/not_oly/v_PushUps_g12_c02.avi,/Users/josephkamil/Desktop/Capstone/Oly_Data/raw/not_oly/v_PushUps_g12_c02.avi,True
,push_up,/Users/josephkamil/Desktop/Capstone/Oly_Data/raw/not_oly/v_PushUps_g02_c02.avi,/Users/josephkamil/Desktop/Capstone/PushUps/v_PushUps_g02_c02.avi,True
YES,push_up,/Users/josephkamil/Desktop/Capstone/Oly_Data/raw/not_oly/v_PushUps_g02_c02.avi,/Users/josephkamil/Desktop/Capstone/Oly_Data/raw/not_oly/v_PushUps_g02_c02.avi,True
,push_up,/Users/josephkamil/Desktop/Capstone/Oly_Data/raw/not_oly/v_PushUps_g07_c02.avi,/Users/josephkamil/Desktop/Capstone/PushUps/v_PushUps_g07_c02.avi,True
YES,push_up,/Users/josephkamil/Desktop/Capstone/Oly_Data/raw/not_oly/v_PushUps_g07_c02.avi,/Users/josephkamil/Desktop/Capstone/Oly_Data/raw/not_oly/v_PushUps_g07_c02.avi,True
,push_up,/Users/josephkamil/Desktop/Capstone/Oly_Data/raw/not_oly/v_PushUps_g17_c02.avi,/Users/josephkamil/Desktop/Capstone/PushUps/v_PushUps_g17_c02.avi,True
YES,push_up,/Users/josephkamil/Desktop/Capstone/Oly_Data/raw/not_oly/v_PushUps_g17_c02.avi,/Users/josephkamil/Desktop/Capstone/Oly_Data/raw/not_oly/v_PushUps_g17_c02.avi,True
,push_up,/Users/josephkamil/Desktop/Capstone/Oly_Data/raw/not_oly/v_PushUps_g20_c04.avi,/Users/josephkamil/Desktop/Capstone/PushUps/v_PushUps_g20_c04.avi,True
YES,push_up,/Users/josephkamil/Desktop/Capstone/Oly_Data/raw/not_oly/v_PushUps_g20_c04.avi,/Users/josephkamil/Desktop/Capstone/Oly_Data/raw/not_oly/v_PushUps_g20_c04.avi,True
,push_up,/Users/josephkamil/Desktop/Capstone/Oly_Data/raw/not_oly/v_PushUps_g21_c01.avi,/Users/josephkamil/Desktop/Capstone/PushUps/v_PushUps_g21_c01.avi,True
YES,push_up,/Users/josephkamil/Desktop/Capstone/Oly_Data/raw/not_oly/v_PushUps_g21_c01.avi,/Users/josephkamil/Desktop/Capstone/Oly_Data/raw/not_oly/v_PushUps_g21_c01.avi,True
,push_up,/Users/josephkamil/Desktop/Capstone/Oly_Data/raw/not_oly/v_PushUps_g17_c03.avi,/Users/josephkamil/Desktop/Capstone/PushUps/v_PushUps_g17_c03.avi,True
YES,push_up,/Users/josephkamil/Desktop/Capstone/Oly_Data/raw/not_oly/v_PushUps_g17_c03.avi,/Users/josephkamil/Desktop/Capstone/Oly_Data/raw/not_oly/v_PushUps_g17_c03.avi,True
,push_up,/Users/josephkamil/Desktop/Capstone/Oly_Data/raw/not_oly/v_PushUps_g07_c03.avi,/Users/josephkamil/Desktop/Capstone/PushUps/v_PushUps_g07_c03.avi,True
YES,push_up,/Users/josephkamil/Desktop/Capstone/Oly_Data/raw/not_oly/v_PushUps_g07_c03.avi,/Users/josephkamil/Desktop/Capstone/Oly_Data/raw/not_oly/v_PushUps_g07_c03.avi,True
,push_up,/Users/josephkamil/Desktop/Capstone/Oly_Data/raw/not_oly/v_PushUps_g17_c01.avi,/Users/josephkamil/Desktop/Capstone/PushUps/v_PushUps_g17_c01.avi,True
YES,push_up,/Users/josephkamil/Desktop/Capstone/Oly_Data/raw/not_oly/v_PushUps_g17_c01.avi,/Users/josephkamil/Desktop/Capstone/Oly_Data/raw/not_oly/v_PushUps_g17_c01.avi,True
,push_up,/Users/josephkamil/Desktop/Capstone/Oly_Data/raw/not_oly/v_PushUps_g07_c01.avi,/Users/josephkamil/Desktop/Capstone/PushUps/v_PushUps_g07_c01.avi,True
YES,push_up,/Users/josephkamil/Desktop/Capstone/Oly_Data/raw/not_oly/v_PushUps_g07_c01.avi,/Users/josephkamil/Desktop/Capstone/Oly_Data/raw/not_oly/v_PushUps_g07_c01.avi,True
,push_up,/Users/josephkamil/Desktop/Capstone/Oly_Data/raw/not_oly/v_PushUps_g21_c03.avi,/Users/josephkamil/Desktop/Capstone/PushUps/v_PushUps_g21_c03.avi,True
YES,push_up,/Users/josephkamil/Desktop/Capstone/Oly_Data/raw/not_oly/v_PushUps_g21_c03.avi,/Users/josephkamil/Desktop/Capstone/Oly_Data/raw/not_oly/v_PushUps_g21_c03.avi,True
,push_up,/Users/josephkamil/Desktop/Capstone/Oly_Data/raw/not_oly/v_PushUps_g06_c04.avi,/Users/josephkamil/Desktop/Capstone/PushUps/v_PushUps_g06_c04.avi,True
YES,push_up,/Users/josephkamil/Desktop/Capstone/Oly_Data/raw/not_oly/v_PushUps_g06_c04.avi,/Users/josephkamil/Desktop/Capstone/Oly_Data/raw/not_oly/v_PushUps_g06_c04.avi,True
,push_up,/Users/josephkamil/Desktop/Capstone/Oly_Data/raw/not_oly/v_PushUps_g16_c04.avi,/Users/josephkamil/Desktop/Capstone/PushUps/v_PushUps_g16_c04.avi,True
YES,push_up,/Users/josephkamil/Desktop/Capstone/Oly_Data/raw/not_oly/v_PushUps_g16_c04.avi,/Users/josephkamil/Desktop/Capstone/Oly_Data/raw/not_oly/v_PushUps_g16_c04.avi,True
,push_up,/Users/josephkamil/Desktop/Capstone/Oly_Data/raw/not_oly/v_PushUps_g21_c02.avi,/Users/josephkamil/Desktop/Capstone/PushUps/v_PushUps_g21_c02.avi,True
YES,push_up,/Users/josephkamil/Desktop/Capstone/Oly_Data/raw/not_oly/v_PushUps_g21_c02.avi,/Users/josephkamil/Desktop/Capstone/Oly_Data/raw/not_oly/v_PushUps_g21_c02.avi,True
,push_up,/Users/josephkamil/Desktop/Capstone/Oly_Data/raw/not_oly/v_PushUps_g17_c04.avi,/Users/josephkamil/Desktop/Capstone/PushUps/v_PushUps_g17_c04.avi,True
YES,push_up,/Users/josephkamil/Desktop/Capstone/Oly_Data/raw/not_oly/v_PushUps_g17_c04.avi,/Users/josephkamil/Desktop/Capstone/Oly_Data/raw/not_oly/v_PushUps_g17_c04.avi,True
,push_up,/Users/josephkamil/Desktop/Capstone/Oly_Data/raw/not_oly/v_PushUps_g07_c04.avi,/Users/josephkamil/Desktop/Capstone/PushUps/v_PushUps_g07_c04.avi,True
YES,push_up,/Users/josephkamil/Desktop/Capstone/Oly_Data/raw/not_oly/v_PushUps_g07_c04.avi,/Users/josephkamil/Desktop/Capstone/Oly_Data/raw/not_oly/v_PushUps_g07_c04.avi,True
,push_up,/Users/josephkamil/Desktop/Capstone/Oly_Data/raw/not_oly/v_PushUps_g20_c03.avi,/Users/josephkamil/Desktop/Capstone/PushUps/v_PushUps_g20_c03.avi,True
YES,push_up,/Users/josephkamil/Desktop/Capstone/Oly_Data/raw/not_oly/v_PushUps_g20_c03.avi,/Users/josephkamil/Desktop/Capstone/Oly_Data/raw/not_oly/v_PushUps_g20_c03.avi,True
,push_up,/Users/josephkamil/Desktop/Capstone/Oly_Data/raw/not_oly/v_PushUps_g06_c01.avi,/Users/josephkamil/Desktop/Capstone/PushUps/v_PushUps_g06_c01.avi,True
YES,push_up,/Users/josephkamil/Desktop/Capstone/Oly_Data/raw/not_oly/v_PushUps_g06_c01.avi,/Users/josephkamil/Desktop/Capstone/Oly_Data/raw/not_oly/v_PushUps_g06_c01.avi,True
,push_up,/Users/josephkamil/Desktop/Capstone/Oly_Data/raw/not_oly/v_PushUps_g16_c01.avi,/Users/josephkamil/Desktop/Capstone/PushUps/v_PushUps_g16_c01.avi,True
YES,push_up,/Users/josephkamil/Desktop/Capstone/Oly_Data/raw/not_oly/v_PushUps_g16_c01.avi,/Users/josephkamil/Desktop/Capstone/Oly_Data/raw/not_oly/v_PushUps_g16_c01.avi,True
,push_up,/Users/josephkamil/Desktop/Capstone/Oly_Data/raw/not_oly/v_PushUps_g20_c02.avi,/Users/josephkamil/Desktop/Capstone/PushUps/v_PushUps_g20_c02.avi,True
YES,push_up,/Users/josephkamil/Desktop/Capstone/Oly_Data/raw/not_oly/v_PushUps_g20_c02.avi,/Users/josephkamil/Desktop/Capstone/Oly_Data/raw/not_oly/v_PushUps_g20_c02.avi,True
,push_up,/Users/josephkamil/Desktop/Capstone/Oly_Data/raw/not_oly/v_PushUps_g16_c02.avi,/Users/josephkamil/Desktop/Capstone/PushUps/v_PushUps_g16_c02.avi,True
YES,push_up,/Users/josephkamil/Desktop/Capstone/Oly_Data/raw/not_oly/v_PushUps_g16_c02.avi,/Users/josephkamil/Desktop/Capstone/Oly_Data/raw/not_oly/v_PushUps_g16_c02.avi,True
,push_up,/Users/josephkamil/Desktop/Capstone/Oly_Data/raw/not_oly/v_PushUps_g06_c02.avi,/Users/josephkamil/Desktop/Capstone/PushUps/v_PushUps_g06_c02.avi,True
YES,push_up,/Users/josephkamil/Desktop/Capstone/Oly_Data/raw/not_oly/v_PushUps_g06_c02.avi,/Users/josephkamil/Desktop/Capstone/Oly_Data/raw/not_oly/v_PushUps_g06_c02.avi,True
,push_up,/Users/josephkamil/Desktop/Capstone/Oly_Data/raw/not_oly/v_PushUps_g06_c03.avi,/Users/josephkamil/Desktop/Capstone/PushUps/v_PushUps_g06_c03.avi,True
YES,push_up,/Users/josephkamil/Desktop/Capstone/Oly_Data/raw/not_oly/v_PushUps_g06_c03.avi,/Users/josephkamil/Desktop/Capstone/Oly_Data/raw/not_oly/v_PushUps_g06_c03.avi,True
,push_up,/Users/josephkamil/Desktop/Capstone/Oly_Data/raw/not_oly/v_PushUps_g16_c03.avi,/Users/josephkamil/Desktop/Capstone/PushUps/v_PushUps_g16_c03.avi,True
YES,push_up,/Users/josephkamil/Desktop/Capstone/Oly_Data/raw/not_oly/v_PushUps_g16_c03.avi,/Users/josephkamil/Desktop/Capstone/Oly_Data/raw/not_oly/v_PushUps_g16_c03.avi,True
,push_up,/Users/josephkamil/Desktop/Capstone/Oly_Data/raw/not_oly/v_PushUps_g20_c01.avi,/Users/josephkamil/Desktop/Capstone/PushUps/v_PushUps_g20_c01.avi,True
YES,push_up,/Users/josephkamil/Desktop/Capstone/Oly_Data/raw/not_oly/v_PushUps_g20_c01.avi,/Users/josephkamil/Desktop/Capstone/Oly_Data/raw/not_oly/v_PushUps_g20_c01.avi,True
,push_up,/Users/josephkamil/Desktop/Capstone/Oly_Data/raw/not_oly/v_PushUps_g21_c04.avi,/Users/josephkamil/Desktop/Capstone/PushUps/v_PushUps_g21_c04.avi,True
YES,push_up,/Users/josephkamil/Desktop/Capstone/Oly_Data/raw/not_oly/v_PushUps_g21_c04.avi,/Users/josephkamil/Desktop/Capstone/Oly_Data/raw/not_oly/v_PushUps_g21_c04.avi,True
,push_up,/Users/josephkamil/Desktop/Capstone/Oly_Data/raw/not_oly/v_PushUps_g05_c04.avi,/Users/josephkamil/Desktop/Capstone/PushUps/v_PushUps_g05_c04.avi,True
YES,push_up,/Users/josephkamil/Desktop/Capstone/Oly_Data/raw/not_oly/v_PushUps_g05_c04.avi,/Users/josephkamil/Desktop/Capstone/Oly_Data/raw/not_oly/v_PushUps_g05_c04.avi,True
,push_up,/Users/josephkamil/Desktop/Capstone/Oly_Data/raw/not_oly/v_PushUps_g15_c04.avi,/Users/josephkamil/Desktop/Capstone/PushUps/v_PushUps_g15_c04.avi,True
YES,push_up,/Users/josephkamil/Desktop/Capstone/Oly_Data/raw/not_oly/v_PushUps_g15_c04.avi,/Users/josephkamil/Desktop/Capstone/Oly_Data/raw/not_oly/v_PushUps_g15_c04.avi,True
,push_up,/Users/josephkamil/Desktop/Capstone/Oly_Data/raw/not_oly/v_PushUps_g14_c01.avi,/Users/josephkamil/Desktop/Capstone/PushUps/v_PushUps_g14_c01.avi,True
YES,push_up,/Users/josephkamil/Desktop/Capstone/Oly_Data/raw/not_oly/v_PushUps_g14_c01.avi,/Users/josephkamil/Desktop/Capstone/Oly_Data/raw/not_oly/v_PushUps_g14_c01.avi,True
,push_up,/Users/josephkamil/Desktop/Capstone/Oly_Data/raw/not_oly/v_PushUps_g04_c01.avi,/Users/josephkamil/Desktop/Capstone/PushUps/v_PushUps_g04_c01.avi,True
YES,push_up,/Users/josephkamil/Desktop/Capstone/Oly_Data/raw/not_oly/v_PushUps_g04_c01.avi,/Users/josephkamil/Desktop/Capstone/Oly_Data/raw/not_oly/v_PushUps_g04_c01.avi,True
,push_up,/Users/josephkamil/Desktop/Capstone/Oly_Data/raw/not_oly/v_PushUps_g22_c03.avi,/Users/josephkamil/Desktop/Capstone/PushUps/v_PushUps_g22_c03.avi,True
YES,push_up,/Users/josephkamil/Desktop/Capstone/Oly_Data/raw/not_oly/v_PushUps_g22_c03.avi,/Users/josephkamil/Desktop/Capstone/Oly_Data/raw/not_oly/v_PushUps_g22_c03.avi,True
,push_up,/Users/josephkamil/Desktop/Capstone/Oly_Data/raw/not_oly/v_PushUps_g22_c02.avi,/Users/josephkamil/Desktop/Capstone/PushUps/v_PushUps_g22_c02.avi,True
YES,push_up,/Users/josephkamil/Desktop/Capstone/Oly_Data/raw/not_oly/v_PushUps_g22_c02.avi,/Users/josephkamil/Desktop/Capstone/Oly_Data/raw/not_oly/v_PushUps_g22_c02.avi,True
,push_up,/Users/josephkamil/Desktop/Capstone/Oly_Data/raw/not_oly/v_PushUps_g04_c02.avi,/Users/josephkamil/Desktop/Capstone/PushUps/v_PushUps_g04_c02.avi,True
YES,push_up,/Users/josephkamil/Desktop/Capstone/Oly_Data/raw/not_oly/v_PushUps_g04_c02.avi,/Users/josephkamil/Desktop/Capstone/Oly_Data/raw/not_oly/v_PushUps_g04_c02.avi,True
,push_up,/Users/josephkamil/Desktop/Capstone/Oly_Data/raw/not_oly/v_PushUps_g14_c02.avi,/Users/josephkamil/Desktop/Capstone/PushUps/v_PushUps_g14_c02.avi,True
YES,push_up,/Users/josephkamil/Desktop/Capstone/Oly_Data/raw/not_oly/v_PushUps_g14_c02.avi,/Users/josephkamil/Desktop/Capstone/Oly_Data/raw/not_oly/v_PushUps_g14_c02.avi,True
,push_up,/Users/josephkamil/Desktop/Capstone/Oly_Data/raw/not_oly/v_PushUps_g22_c01.avi,/Users/josephkamil/Desktop/Capstone/PushUps/v_PushUps_g22_c01.avi,True
YES,push_up,/Users/josephkamil/Desktop/Capstone/Oly_Data/raw/not_oly/v_PushUps_g22_c01.avi,/Users/josephkamil/Desktop/Capstone/Oly_Data/raw/not_oly/v_PushUps_g22_c01.avi,True
,push_up,/Users/josephkamil/Desktop/Capstone/Oly_Data/raw/not_oly/v_PushUps_g14_c03.avi,/Users/josephkamil/Desktop/Capstone/PushUps/v_PushUps_g14_c03.avi,True
YES,push_up,/Users/josephkamil/Desktop/Capstone/Oly_Data/raw/not_oly/v_PushUps_g14_c03.avi,/Users/josephkamil/Desktop/Capstone/Oly_Data/raw/not_oly/v_PushUps_g14_c03.avi,True
,push_up,/Users/josephkamil/Desktop/Capstone/Oly_Data/raw/not_oly/v_PushUps_g04_c03.avi,/Users/josephkamil/Desktop/Capstone/PushUps/v_PushUps_g04_c03.avi,True
YES,push_up,/Users/josephkamil/Desktop/Capstone/Oly_Data/raw/not_oly/v_PushUps_g04_c03.avi,/Users/josephkamil/Desktop/Capstone/Oly_Data/raw/not_oly/v_PushUps_g04_c03.avi,True
,push_up,/Users/josephkamil/Desktop/Capstone/Oly_Data/raw/not_oly/v_PushUps_g23_c04.avi,/Users/josephkamil/Desktop/Capstone/PushUps/v_PushUps_g23_c04.avi,True
YES,push_up,/Users/josephkamil/Desktop/Capstone/Oly_Data/raw/not_oly/v_PushUps_g23_c04.avi,/Users/josephkamil/Desktop/Capstone/Oly_Data/raw/not_oly/v_PushUps_g23_c04.avi,True
,push_up,/Users/josephkamil/Desktop/Capstone/Oly_Data/raw/not_oly/v_PushUps_g15_c02.avi,/Users/josephkamil/Desktop/Capstone/PushUps/v_PushUps_g15_c02.avi,True
YES,push_up,/Users/josephkamil/Desktop/Capstone/Oly_Data/raw/not_oly/v_PushUps_g15_c02.avi,/Users/josephkamil/Desktop/Capstone/Oly_Data/raw/not_oly/v_PushUps_g15_c02.avi,True
,push_up,/Users/josephkamil/Desktop/Capstone/Oly_Data/raw/not_oly/v_PushUps_g05_c02.avi,/Users/josephkamil/Desktop/Capstone/PushUps/v_PushUps_g05_c02.avi,True
YES,push_up,/Users/josephkamil/Desktop/Capstone/Oly_Data/raw/not_oly/v_PushUps_g05_c02.avi,/Users/josephkamil/Desktop/Capstone/Oly_Data/raw/not_oly/v_PushUps_g05_c02.avi,True
,push_up,/Users/josephkamil/Desktop/Capstone/Oly_Data/raw/not_oly/v_PushUps_g22_c04.avi,/Users/josephkamil/Desktop/Capstone/PushUps/v_PushUps_g22_c04.avi,True
YES,push_up,/Users/josephkamil/Desktop/Capstone/Oly_Data/raw/not_oly/v_PushUps_g22_c04.avi,/Users/josephkamil/Desktop/Capstone/Oly_Data/raw/not_oly/v_PushUps_g22_c04.avi,True
,push_up,/Users/josephkamil/Desktop/Capstone/Oly_Data/raw/not_oly/v_PushUps_g05_c03.avi,/Users/josephkamil/Desktop/Capstone/PushUps/v_PushUps_g05_c03.avi,True
YES,push_up,/Users/josephkamil/Desktop/Capstone/Oly_Data/raw/not_oly/v_PushUps_g05_c03.avi,/Users/josephkamil/Desktop/Capstone/Oly_Data/raw/not_oly/v_PushUps_g05_c03.avi,True
,push_up,/Users/josephkamil/Desktop/Capstone/Oly_Data/raw/not_oly/v_PushUps_g15_c03.avi,/Users/josephkamil/Desktop/Capstone/PushUps/v_PushUps_g15_c03.avi,True
YES,push_up,/Users/josephkamil/Desktop/Capstone/Oly_Data/raw/not_oly/v_PushUps_g15_c03.avi,/Users/josephkamil/Desktop/Capstone/Oly_Data/raw/not_oly/v_PushUps_g15_c03.avi,True
,push_up,/Users/josephkamil/Desktop/Capstone/Oly_Data/raw/not_oly/v_PushUps_g23_c01.avi,/Users/josephkamil/Desktop/Capstone/PushUps/v_PushUps_g23_c01.avi,True
YES,push_up,/Users/josephkamil/Desktop/Capstone/Oly_Data/raw/not_oly/v_PushUps_g23_c01.avi,/Users/josephkamil/Desktop/Capstone/Oly_Data/raw/not_oly/v_PushUps_g23_c01.avi,True
,push_up,/Users/josephkamil/Desktop/Capstone/Oly_Data/raw/not_oly/v_PushUps_g23_c03.avi,/Users/josephkamil/Desktop/Capstone/PushUps/v_PushUps_g23_c03.avi,True
YES,push_up,/Users/josephkamil/Desktop/Capstone/Oly_Data/raw/not_oly/v_PushUps_g23_c03.avi,/Users/josephkamil/Desktop/Capstone/Oly_Data/raw/not_oly/v_PushUps_g23_c03.avi,True
,push_up,/Users/josephkamil/Desktop/Capstone/Oly_Data/raw/not_oly/v_PushUps_g05_c01.avi,/Users/josephkamil/Desktop/Capstone/PushUps/v_PushUps_g05_c01.avi,True
YES,push_up,/Users/josephkamil/Desktop/Capstone/Oly_Data/raw/not_oly/v_PushUps_g05_c01.avi,/Users/josephkamil/Desktop/Capstone/Oly_Data/raw/not_oly/v_PushUps_g05_c01.avi,True
,push_up,/Users/josephkamil/Desktop/Capstone/Oly_Data/raw/not_oly/v_PushUps_g15_c01.avi,/Users/josephkamil/Desktop/Capstone/PushUps/v_PushUps_g15_c01.avi,True
YES,push_up,/Users/josephkamil/Desktop/Capstone/Oly_Data/raw/not_oly/v_PushUps_g15_c01.avi,/Users/josephkamil/Desktop/Capstone/Oly_Data/raw/not_oly/v_PushUps_g15_c01.avi,True
,push_up,/Users/josephkamil/Desktop/Capstone/Oly_Data/raw/not_oly/v_PushUps_g14_c04.avi,/Users/josephkamil/Desktop/Capstone/PushUps/v_PushUps_g14_c04.avi,True
YES,push_up,/Users/josephkamil/Desktop/Capstone/Oly_Data/raw/not_oly/v_PushUps_g14_c04.avi,/Users/josephkamil/Desktop/Capstone/Oly_Data/raw/not_oly/v_PushUps_g14_c04.avi,True
,push_up,/Users/josephkamil/Desktop/Capstone/Oly_Data/raw/not_oly/v_PushUps_g04_c04.avi,/Users/josephkamil/Desktop/Capstone/PushUps/v_PushUps_g04_c04.avi,True
YES,push_up,/Users/josephkamil/Desktop/Capstone/Oly_Data/raw/not_oly/v_PushUps_g04_c04.avi,/Users/josephkamil/Desktop/Capstone/Oly_Data/raw/not_oly/v_PushUps_g04_c04.avi,True
,push_up,/Users/josephkamil/Desktop/Capstone/Oly_Data/raw/not_oly/v_PushUps_g04_c05.avi,/Users/josephkamil/Desktop/Capstone/PushUps/v_PushUps_g04_c05.avi,True
YES,push_up,/Users/josephkamil/Desktop/Capstone/Oly_Data/raw/not_oly/v_PushUps_g04_c05.avi,/Users/josephkamil/Desktop/Capstone/Oly_Data/raw/not_oly/v_PushUps_g04_c05.avi,True
,push_up,/Users/josephkamil/Desktop/Capstone/Oly_Data/raw/not_oly/v_PushUps_g23_c02.avi,/Users/josephkamil/Desktop/Capstone/PushUps/v_PushUps_g23_c02.avi,True
YES,push_up,/Users/josephkamil/Desktop/Capstone/Oly_Data/raw/not_oly/v_PushUps_g23_c02.avi,/Users/josephkamil/Desktop/Capstone/Oly_Data/raw/not_oly/v_PushUps_g23_c02.avi,True
,bench_press,/Users/josephkamil/Desktop/Capstone/Oly_Data/raw/not_oly/v_BenchPress_g24_c04.avi,/Users/josephkamil/Desktop/Capstone/BenchPress/v_BenchPress_g24_c04.avi,True
,bench_press,/Users/josephkamil/Desktop/Capstone/Oly_Data/raw/not_oly/v_BenchPress_g24_c04.avi,/Users/josephkamil/Desktop/Capstone/Archived_Datasets/ucf50/UCF50/BenchPress/v_BenchPress_g24_c04.avi,True
YES,bench_press,/Users/josephkamil/Desktop/Capstone/Oly_Data/raw/not_oly/v_BenchPress_g24_c04.avi,/Users/josephkamil/Desktop/Capstone/Oly_Data/raw/not_oly/v_BenchPress_g24_c04.avi,True
,bench_press,/Users/josephkamil/Desktop/Capstone/Oly_Data/raw/not_oly/v_BenchPress_g12_c06.avi,/Users/josephkamil/Desktop/Capstone/BenchPress/v_BenchPress_g12_c06.avi,True
,bench_press,/Users/josephkamil/Desktop/Capstone/Oly_Data/raw/not_oly/v_BenchPress_g12_c06.avi,/Users/josephkamil/Desktop/Capstone/Archived_Datasets/ucf50/UCF50/BenchPress/v_BenchPress_g12_c06.avi,True
YES,bench_press,/Users/josephkamil/Desktop/Capstone/Oly_Data/raw/not_oly/v_BenchPress_g12_c06.avi,/Users/josephkamil/Desktop/Capstone/Oly_Data/raw/not_oly/v_BenchPress_g12_c06.avi,True
,bench_press,/Users/josephkamil/Desktop/Capstone/Oly_Data/raw/not_oly/v_BenchPress_g02_c06.avi,/Users/josephkamil/Desktop/Capstone/BenchPress/v_BenchPress_g02_c06.avi,True
,bench_press,/Users/josephkamil/Desktop/Capstone/Oly_Data/raw/not_oly/v_BenchPress_g02_c06.avi,/Users/josephkamil/Desktop/Capstone/Archived_Datasets/ucf50/UCF50/BenchPress/v_BenchPress_g02_c06.avi,True
YES,bench_press,/Users/josephkamil/Desktop/Capstone/Oly_Data/raw/not_oly/v_BenchPress_g02_c06.avi,/Users/josephkamil/Desktop/Capstone/Oly_Data/raw/not_oly/v_BenchPress_g02_c06.avi,True
,bench_press,/Users/josephkamil/Desktop/Capstone/Oly_Data/raw/not_oly/v_BenchPress_g25_c01.avi,/Users/josephkamil/Desktop/Capstone/BenchPress/v_BenchPress_g25_c01.avi,True
,bench_press,/Users/josephkamil/Desktop/Capstone/Oly_Data/raw/not_oly/v_BenchPress_g25_c01.avi,/Users/josephkamil/Desktop/Capstone/Archived_Datasets/ucf50/UCF50/BenchPress/v_BenchPress_g25_c01.avi,True
YES,bench_press,/Users/josephkamil/Desktop/Capstone/Oly_Data/raw/not_oly/v_BenchPress_g25_c01.avi,/Users/josephkamil/Desktop/Capstone/Oly_Data/raw/not_oly/v_BenchPress_g25_c01.avi,True
,bench_press,/Users/josephkamil/Desktop/Capstone/Oly_Data/raw/not_oly/v_BenchPress_g03_c03.avi,/Users/josephkamil/Desktop/Capstone/BenchPress/v_BenchPress_g03_c03.avi,True
,bench_press,/Users/josephkamil/Desktop/Capstone/Oly_Data/raw/not_oly/v_BenchPress_g03_c03.avi,/Users/josephkamil/Desktop/Capstone/Archived_Datasets/ucf50/UCF50/BenchPress/v_BenchPress_g03_c03.avi,True
YES,bench_press,/Users/josephkamil/Desktop/Capstone/Oly_Data/raw/not_oly/v_BenchPress_g03_c03.avi,/Users/josephkamil/Desktop/Capstone/Oly_Data/raw/not_oly/v_BenchPress_g03_c03.avi,True
,bench_press,/Users/josephkamil/Desktop/Capstone/Oly_Data/raw/not_oly/v_BenchPress_g13_c03.avi,/Users/josephkamil/Desktop/Capstone/BenchPress/v_BenchPress_g13_c03.avi,True
,bench_press,/Users/josephkamil/Desktop/Capstone/Oly_Data/raw/not_oly/v_BenchPress_g13_c03.avi,/Users/josephkamil/Desktop/Capstone/Archived_Datasets/ucf50/UCF50/BenchPress/v_BenchPress_g13_c03.avi,True
YES,bench_press,/Users/josephkamil/Desktop/Capstone/Oly_Data/raw/not_oly/v_BenchPress_g13_c03.avi,/Users/josephkamil/Desktop/Capstone/Oly_Data/raw/not_oly/v_BenchPress_g13_c03.avi,True
,bench_press,/Users/josephkamil/Desktop/Capstone/Oly_Data/raw/not_oly/v_BenchPress_g13_c02.avi,/Users/josephkamil/Desktop/Capstone/BenchPress/v_BenchPress_g13_c02.avi,True
,bench_press,/Users/josephkamil/Desktop/Capstone/Oly_Data/raw/not_oly/v_BenchPress_g13_c02.avi,/Users/josephkamil/Desktop/Capstone/Archived_Datasets/ucf50/UCF50/BenchPress/v_BenchPress_g13_c02.avi,True
YES,bench_press,/Users/josephkamil/Desktop/Capstone/Oly_Data/raw/not_oly/v_BenchPress_g13_c02.avi,/Users/josephkamil/Desktop/Capstone/Oly_Data/raw/not_oly/v_BenchPress_g13_c02.avi,True
,bench_press,/Users/josephkamil/Desktop/Capstone/Oly_Data/raw/not_oly/v_BenchPress_g03_c02.avi,/Users/josephkamil/Desktop/Capstone/BenchPress/v_BenchPress_g03_c02.avi,True
,bench_press,/Users/josephkamil/Desktop/Capstone/Oly_Data/raw/not_oly/v_BenchPress_g03_c02.avi,/Users/josephkamil/Desktop/Capstone/Archived_Datasets/ucf50/UCF50/BenchPress/v_BenchPress_g03_c02.avi,True
YES,bench_press,/Users/josephkamil/Desktop/Capstone/Oly_Data/raw/not_oly/v_BenchPress_g03_c02.avi,/Users/josephkamil/Desktop/Capstone/Oly_Data/raw/not_oly/v_BenchPress_g03_c02.avi,True
,bench_press,/Users/josephkamil/Desktop/Capstone/Oly_Data/raw/not_oly/v_BenchPress_g02_c07.avi,/Users/josephkamil/Desktop/Capstone/BenchPress/v_BenchPress_g02_c07.avi,True
,bench_press,/Users/josephkamil/Desktop/Capstone/Oly_Data/raw/not_oly/v_BenchPress_g02_c07.avi,/Users/josephkamil/Desktop/Capstone/Archived_Datasets/ucf50/UCF50/BenchPress/v_BenchPress_g02_c07.avi,True
YES,bench_press,/Users/josephkamil/Desktop/Capstone/Oly_Data/raw/not_oly/v_BenchPress_g02_c07.avi,/Users/josephkamil/Desktop/Capstone/Oly_Data/raw/not_oly/v_BenchPress_g02_c07.avi,True
,bench_press,/Users/josephkamil/Desktop/Capstone/Oly_Data/raw/not_oly/v_BenchPress_g12_c07.avi,/Users/josephkamil/Desktop/Capstone/BenchPress/v_BenchPress_g12_c07.avi,True
,bench_press,/Users/josephkamil/Desktop/Capstone/Oly_Data/raw/not_oly/v_BenchPress_g12_c07.avi,/Users/josephkamil/Desktop/Capstone/Archived_Datasets/ucf50/UCF50/BenchPress/v_BenchPress_g12_c07.avi,True
YES,bench_press,/Users/josephkamil/Desktop/Capstone/Oly_Data/raw/not_oly/v_BenchPress_g12_c07.avi,/Users/josephkamil/Desktop/Capstone/Oly_Data/raw/not_oly/v_BenchPress_g12_c07.avi,True
,bench_press,/Users/josephkamil/Desktop/Capstone/Oly_Data/raw/not_oly/v_BenchPress_g24_c05.avi,/Users/josephkamil/Desktop/Capstone/BenchPress/v_BenchPress_g24_c05.avi,True
,bench_press,/Users/josephkamil/Desktop/Capstone/Oly_Data/raw/not_oly/v_BenchPress_g24_c05.avi,/Users/josephkamil/Desktop/Capstone/Archived_Datasets/ucf50/UCF50/BenchPress/v_BenchPress_g24_c05.avi,True
YES,bench_press,/Users/josephkamil/Desktop/Capstone/Oly_Data/raw/not_oly/v_BenchPress_g24_c05.avi,/Users/josephkamil/Desktop/Capstone/Oly_Data/raw/not_oly/v_BenchPress_g24_c05.avi,True
,bench_press,/Users/josephkamil/Desktop/Capstone/Oly_Data/raw/not_oly/v_BenchPress_g24_c07.avi,/Users/josephkamil/Desktop/Capstone/BenchPress/v_BenchPress_g24_c07.avi,True
,bench_press,/Users/josephkamil/Desktop/Capstone/Oly_Data/raw/not_oly/v_BenchPress_g24_c07.avi,/Users/josephkamil/Desktop/Capstone/Archived_Datasets/ucf50/UCF50/BenchPress/v_BenchPress_g24_c07.avi,True
YES,bench_press,/Users/josephkamil/Desktop/Capstone/Oly_Data/raw/not_oly/v_BenchPress_g24_c07.avi,/Users/josephkamil/Desktop/Capstone/Oly_Data/raw/not_oly/v_BenchPress_g24_c07.avi,True
,bench_press,/Users/josephkamil/Desktop/Capstone/Oly_Data/raw/not_oly/v_BenchPress_g02_c05.avi,/Users/josephkamil/Desktop/Capstone/BenchPress/v_BenchPress_g02_c05.avi,True
,bench_press,/Users/josephkamil/Desktop/Capstone/Oly_Data/raw/not_oly/v_BenchPress_g02_c05.avi,/Users/josephkamil/Desktop/Capstone/Archived_Datasets/ucf50/UCF50/BenchPress/v_BenchPress_g02_c05.avi,True
YES,bench_press,/Users/josephkamil/Desktop/Capstone/Oly_Data/raw/not_oly/v_BenchPress_g02_c05.avi,/Users/josephkamil/Desktop/Capstone/Oly_Data/raw/not_oly/v_BenchPress_g02_c05.avi,True
,bench_press,/Users/josephkamil/Desktop/Capstone/Oly_Data/raw/not_oly/v_BenchPress_g12_c05.avi,/Users/josephkamil/Desktop/Capstone/BenchPress/v_BenchPress_g12_c05.avi,True
,bench_press,/Users/josephkamil/Desktop/Capstone/Oly_Data/raw/not_oly/v_BenchPress_g12_c05.avi,/Users/josephkamil/Desktop/Capstone/Archived_Datasets/ucf50/UCF50/BenchPress/v_BenchPress_g12_c05.avi,True
YES,bench_press,/Users/josephkamil/Desktop/Capstone/Oly_Data/raw/not_oly/v_BenchPress_g12_c05.avi,/Users/josephkamil/Desktop/Capstone/Oly_Data/raw/not_oly/v_BenchPress_g12_c05.avi,True
,bench_press,/Users/josephkamil/Desktop/Capstone/Oly_Data/raw/not_oly/v_BenchPress_g25_c02.avi,/Users/josephkamil/Desktop/Capstone/BenchPress/v_BenchPress_g25_c02.avi,True
,bench_press,/Users/josephkamil/Desktop/Capstone/Oly_Data/raw/not_oly/v_BenchPress_g25_c02.avi,/Users/josephkamil/Desktop/Capstone/Archived_Datasets/ucf50/UCF50/BenchPress/v_BenchPress_g25_c02.avi,True
YES,bench_press,/Users/josephkamil/Desktop/Capstone/Oly_Data/raw/not_oly/v_BenchPress_g25_c02.avi,/Users/josephkamil/Desktop/Capstone/Oly_Data/raw/not_oly/v_BenchPress_g25_c02.avi,True
,bench_press,/Users/josephkamil/Desktop/Capstone/Oly_Data/raw/not_oly/v_BenchPress_g03_c01.avi,/Users/josephkamil/Desktop/Capstone/BenchPress/v_BenchPress_g03_c01.avi,True
,bench_press,/Users/josephkamil/Desktop/Capstone/Oly_Data/raw/not_oly/v_BenchPress_g03_c01.avi,/Users/josephkamil/Desktop/Capstone/Archived_Datasets/ucf50/UCF50/BenchPress/v_BenchPress_g03_c01.avi,True
YES,bench_press,/Users/josephkamil/Desktop/Capstone/Oly_Data/raw/not_oly/v_BenchPress_g03_c01.avi,/Users/josephkamil/Desktop/Capstone/Oly_Data/raw/not_oly/v_BenchPress_g03_c01.avi,True
,bench_press,/Users/josephkamil/Desktop/Capstone/Oly_Data/raw/not_oly/v_BenchPress_g13_c01.avi,/Users/josephkamil/Desktop/Capstone/BenchPress/v_BenchPress_g13_c01.avi,True
,bench_press,/Users/josephkamil/Desktop/Capstone/Oly_Data/raw/not_oly/v_BenchPress_g13_c01.avi,/Users/josephkamil/Desktop/Capstone/Archived_Datasets/ucf50/UCF50/BenchPress/v_BenchPress_g13_c01.avi,True
YES,bench_press,/Users/josephkamil/Desktop/Capstone/Oly_Data/raw/not_oly/v_BenchPress_g13_c01.avi,/Users/josephkamil/Desktop/Capstone/Oly_Data/raw/not_oly/v_BenchPress_g13_c01.avi,True
,bench_press,/Users/josephkamil/Desktop/Capstone/Oly_Data/raw/not_oly/v_BenchPress_g25_c03.avi,/Users/josephkamil/Desktop/Capstone/BenchPress/v_BenchPress_g25_c03.avi,True
,bench_press,/Users/josephkamil/Desktop/Capstone/Oly_Data/raw/not_oly/v_BenchPress_g25_c03.avi,/Users/josephkamil/Desktop/Capstone/Archived_Datasets/ucf50/UCF50/BenchPress/v_BenchPress_g25_c03.avi,True
YES,bench_press,/Users/josephkamil/Desktop/Capstone/Oly_Data/raw/not_oly/v_BenchPress_g25_c03.avi,/Users/josephkamil/Desktop/Capstone/Oly_Data/raw/not_oly/v_BenchPress_g25_c03.avi,True
,bench_press,/Users/josephkamil/Desktop/Capstone/Oly_Data/raw/not_oly/v_BenchPress_g12_c04.avi,/Users/josephkamil/Desktop/Capstone/BenchPress/v_BenchPress_g12_c04.avi,True
,bench_press,/Users/josephkamil/Desktop/Capstone/Oly_Data/raw/not_oly/v_BenchPress_g12_c04.avi,/Users/josephkamil/Desktop/Capstone/Archived_Datasets/ucf50/UCF50/BenchPress/v_BenchPress_g12_c04.avi,True
YES,bench_press,/Users/josephkamil/Desktop/Capstone/Oly_Data/raw/not_oly/v_BenchPress_g12_c04.avi,/Users/josephkamil/Desktop/Capstone/Oly_Data/raw/not_oly/v_BenchPress_g12_c04.avi,True
,bench_press,/Users/josephkamil/Desktop/Capstone/Oly_Data/raw/not_oly/v_BenchPress_g02_c04.avi,/Users/josephkamil/Desktop/Capstone/BenchPress/v_BenchPress_g02_c04.avi,True
,bench_press,/Users/josephkamil/Desktop/Capstone/Oly_Data/raw/not_oly/v_BenchPress_g02_c04.avi,/Users/josephkamil/Desktop/Capstone/Archived_Datasets/ucf50/UCF50/BenchPress/v_BenchPress_g02_c04.avi,True
YES,bench_press,/Users/josephkamil/Desktop/Capstone/Oly_Data/raw/not_oly/v_BenchPress_g02_c04.avi,/Users/josephkamil/Desktop/Capstone/Oly_Data/raw/not_oly/v_BenchPress_g02_c04.avi,True
,bench_press,/Users/josephkamil/Desktop/Capstone/Oly_Data/raw/not_oly/v_BenchPress_g24_c06.avi,/Users/josephkamil/Desktop/Capstone/BenchPress/v_BenchPress_g24_c06.avi,True
,bench_press,/Users/josephkamil/Desktop/Capstone/Oly_Data/raw/not_oly/v_BenchPress_g24_c06.avi,/Users/josephkamil/Desktop/Capstone/Archived_Datasets/ucf50/UCF50/BenchPress/v_BenchPress_g24_c06.avi,True
YES,bench_press,/Users/josephkamil/Desktop/Capstone/Oly_Data/raw/not_oly/v_BenchPress_g24_c06.avi,/Users/josephkamil/Desktop/Capstone/Oly_Data/raw/not_oly/v_BenchPress_g24_c06.avi,True
,bench_press,/Users/josephkamil/Desktop/Capstone/Oly_Data/raw/not_oly/v_BenchPress_g24_c02.avi,/Users/josephkamil/Desktop/Capstone/BenchPress/v_BenchPress_g24_c02.avi,True
,bench_press,/Users/josephkamil/Desktop/Capstone/Oly_Data/raw/not_oly/v_BenchPress_g24_c02.avi,/Users/josephkamil/Desktop/Capstone/Archived_Datasets/ucf50/UCF50/BenchPress/v_BenchPress_g24_c02.avi,True
YES,bench_press,/Users/josephkamil/Desktop/Capstone/Oly_Data/raw/not_oly/v_BenchPress_g24_c02.avi,/Users/josephkamil/Desktop/Capstone/Oly_Data/raw/not_oly/v_BenchPress_g24_c02.avi,True
,bench_press,/Users/josephkamil/Desktop/Capstone/Oly_Data/raw/not_oly/v_BenchPress_g13_c05.avi,/Users/josephkamil/Desktop/Capstone/BenchPress/v_BenchPress_g13_c05.avi,True
,bench_press,/Users/josephkamil/Desktop/Capstone/Oly_Data/raw/not_oly/v_BenchPress_g13_c05.avi,/Users/josephkamil/Desktop/Capstone/Archived_Datasets/ucf50/UCF50/BenchPress/v_BenchPress_g13_c05.avi,True
YES,bench_press,/Users/josephkamil/Desktop/Capstone/Oly_Data/raw/not_oly/v_BenchPress_g13_c05.avi,/Users/josephkamil/Desktop/Capstone/Oly_Data/raw/not_oly/v_BenchPress_g13_c05.avi,True
,bench_press,/Users/josephkamil/Desktop/Capstone/Oly_Data/raw/not_oly/v_BenchPress_g03_c05.avi,/Users/josephkamil/Desktop/Capstone/BenchPress/v_BenchPress_g03_c05.avi,True
,bench_press,/Users/josephkamil/Desktop/Capstone/Oly_Data/raw/not_oly/v_BenchPress_g03_c05.avi,/Users/josephkamil/Desktop/Capstone/Archived_Datasets/ucf50/UCF50/BenchPress/v_BenchPress_g03_c05.avi,True
YES,bench_press,/Users/josephkamil/Desktop/Capstone/Oly_Data/raw/not_oly/v_BenchPress_g03_c05.avi,/Users/josephkamil/Desktop/Capstone/Oly_Data/raw/not_oly/v_BenchPress_g03_c05.avi,True
,bench_press,/Users/josephkamil/Desktop/Capstone/Oly_Data/raw/not_oly/v_BenchPress_g25_c07.avi,/Users/josephkamil/Desktop/Capstone/BenchPress/v_BenchPress_g25_c07.avi,True
,bench_press,/Users/josephkamil/Desktop/Capstone/Oly_Data/raw/not_oly/v_BenchPress_g25_c07.avi,/Users/josephkamil/Desktop/Capstone/Archived_Datasets/ucf50/UCF50/BenchPress/v_BenchPress_g25_c07.avi,True
YES,bench_press,/Users/josephkamil/Desktop/Capstone/Oly_Data/raw/not_oly/v_BenchPress_g25_c07.avi,/Users/josephkamil/Desktop/Capstone/Oly_Data/raw/not_oly/v_BenchPress_g25_c07.avi,True
,bench_press,/Users/josephkamil/Desktop/Capstone/Oly_Data/raw/not_oly/v_BenchPress_g25_c06.avi,/Users/josephkamil/Desktop/Capstone/BenchPress/v_BenchPress_g25_c06.avi,True
,bench_press,/Users/josephkamil/Desktop/Capstone/Oly_Data/raw/not_oly/v_BenchPress_g25_c06.avi,/Users/josephkamil/Desktop/Capstone/Archived_Datasets/ucf50/UCF50/BenchPress/v_BenchPress_g25_c06.avi,True
YES,bench_press,/Users/josephkamil/Desktop/Capstone/Oly_Data/raw/not_oly/v_BenchPress_g25_c06.avi,/Users/josephkamil/Desktop/Capstone/Oly_Data/raw/not_oly/v_BenchPress_g25_c06.avi,True
,bench_press,/Users/josephkamil/Desktop/Capstone/Oly_Data/raw/not_oly/v_BenchPress_g03_c04.avi,/Users/josephkamil/Desktop/Capstone/BenchPress/v_BenchPress_g03_c04.avi,True
,bench_press,/Users/josephkamil/Desktop/Capstone/Oly_Data/raw/not_oly/v_BenchPress_g03_c04.avi,/Users/josephkamil/Desktop/Capstone/Archived_Datasets/ucf50/UCF50/BenchPress/v_BenchPress_g03_c04.avi,True
YES,bench_press,/Users/josephkamil/Desktop/Capstone/Oly_Data/raw/not_oly/v_BenchPress_g03_c04.avi,/Users/josephkamil/Desktop/Capstone/Oly_Data/raw/not_oly/v_BenchPress_g03_c04.avi,True
,bench_press,/Users/josephkamil/Desktop/Capstone/Oly_Data/raw/not_oly/v_BenchPress_g13_c04.avi,/Users/josephkamil/Desktop/Capstone/BenchPress/v_BenchPress_g13_c04.avi,True
,bench_press,/Users/josephkamil/Desktop/Capstone/Oly_Data/raw/not_oly/v_BenchPress_g13_c04.avi,/Users/josephkamil/Desktop/Capstone/Archived_Datasets/ucf50/UCF50/BenchPress/v_BenchPress_g13_c04.avi,True
YES,bench_press,/Users/josephkamil/Desktop/Capstone/Oly_Data/raw/not_oly/v_BenchPress_g13_c04.avi,/Users/josephkamil/Desktop/Capstone/Oly_Data/raw/not_oly/v_BenchPress_g13_c04.avi,True
,bench_press,/Users/josephkamil/Desktop/Capstone/Oly_Data/raw/not_oly/v_BenchPress_g24_c03.avi,/Users/josephkamil/Desktop/Capstone/BenchPress/v_BenchPress_g24_c03.avi,True
,bench_press,/Users/josephkamil/Desktop/Capstone/Oly_Data/raw/not_oly/v_BenchPress_g24_c03.avi,/Users/josephkamil/Desktop/Capstone/Archived_Datasets/ucf50/UCF50/BenchPress/v_BenchPress_g24_c03.avi,True
YES,bench_press,/Users/josephkamil/Desktop/Capstone/Oly_Data/raw/not_oly/v_BenchPress_g24_c03.avi,/Users/josephkamil/Desktop/Capstone/Oly_Data/raw/not_oly/v_BenchPress_g24_c03.avi,True
,bench_press,/Users/josephkamil/Desktop/Capstone/Oly_Data/raw/not_oly/v_BenchPress_g12_c01.avi,/Users/josephkamil/Desktop/Capstone/BenchPress/v_BenchPress_g12_c01.avi,True
,bench_press,/Users/josephkamil/Desktop/Capstone/Oly_Data/raw/not_oly/v_BenchPress_g12_c01.avi,/Users/josephkamil/Desktop/Capstone/Archived_Datasets/ucf50/UCF50/BenchPress/v_BenchPress_g12_c01.avi,True
YES,bench_press,/Users/josephkamil/Desktop/Capstone/Oly_Data/raw/not_oly/v_BenchPress_g12_c01.avi,/Users/josephkamil/Desktop/Capstone/Oly_Data/raw/not_oly/v_BenchPress_g12_c01.avi,True
,bench_press,/Users/josephkamil/Desktop/Capstone/Oly_Data/raw/not_oly/v_BenchPress_g02_c01.avi,/Users/josephkamil/Desktop/Capstone/BenchPress/v_BenchPress_g02_c01.avi,True
,bench_press,/Users/josephkamil/Desktop/Capstone/Oly_Data/raw/not_oly/v_BenchPress_g02_c01.avi,/Users/josephkamil/Desktop/Capstone/Archived_Datasets/ucf50/UCF50/BenchPress/v_BenchPress_g02_c01.avi,True
YES,bench_press,/Users/josephkamil/Desktop/Capstone/Oly_Data/raw/not_oly/v_BenchPress_g02_c01.avi,/Users/josephkamil/Desktop/Capstone/Oly_Data/raw/not_oly/v_BenchPress_g02_c01.avi,True
,bench_press,/Users/josephkamil/Desktop/Capstone/Oly_Data/raw/not_oly/v_BenchPress_g12_c03.avi,/Users/josephkamil/Desktop/Capstone/BenchPress/v_BenchPress_g12_c03.avi,True
,bench_press,/Users/josephkamil/Desktop/Capstone/Oly_Data/raw/not_oly/v_BenchPress_g12_c03.avi,/Users/josephkamil/Desktop/Capstone/Archived_Datasets/ucf50/UCF50/BenchPress/v_BenchPress_g12_c03.avi,True
YES,bench_press,/Users/josephkamil/Desktop/Capstone/Oly_Data/raw/not_oly/v_BenchPress_g12_c03.avi,/Users/josephkamil/Desktop/Capstone/Oly_Data/raw/not_oly/v_BenchPress_g12_c03.avi,True
,bench_press,/Users/josephkamil/Desktop/Capstone/Oly_Data/raw/not_oly/v_BenchPress_g02_c03.avi,/Users/josephkamil/Desktop/Capstone/BenchPress/v_BenchPress_g02_c03.avi,True
,bench_press,/Users/josephkamil/Desktop/Capstone/Oly_Data/raw/not_oly/v_BenchPress_g02_c03.avi,/Users/josephkamil/Desktop/Capstone/Archived_Datasets/ucf50/UCF50/BenchPress/v_BenchPress_g02_c03.avi,True
YES,bench_press,/Users/josephkamil/Desktop/Capstone/Oly_Data/raw/not_oly/v_BenchPress_g02_c03.avi,/Users/josephkamil/Desktop/Capstone/Oly_Data/raw/not_oly/v_BenchPress_g02_c03.avi,True
,bench_press,/Users/josephkamil/Desktop/Capstone/Oly_Data/raw/not_oly/v_BenchPress_g24_c01.avi,/Users/josephkamil/Desktop/Capstone/BenchPress/v_BenchPress_g24_c01.avi,True
,bench_press,/Users/josephkamil/Desktop/Capstone/Oly_Data/raw/not_oly/v_BenchPress_g24_c01.avi,/Users/josephkamil/Desktop/Capstone/Archived_Datasets/ucf50/UCF50/BenchPress/v_BenchPress_g24_c01.avi,True
YES,bench_press,/Users/josephkamil/Desktop/Capstone/Oly_Data/raw/not_oly/v_BenchPress_g24_c01.avi,/Users/josephkamil/Desktop/Capstone/Oly_Data/raw/not_oly/v_BenchPress_g24_c01.avi,True
,bench_press,/Users/josephkamil/Desktop/Capstone/Oly_Data/raw/not_oly/v_BenchPress_g03_c06.avi,/Users/josephkamil/Desktop/Capstone/BenchPress/v_BenchPress_g03_c06.avi,True
,bench_press,/Users/josephkamil/Desktop/Capstone/Oly_Data/raw/not_oly/v_BenchPress_g03_c06.avi,/Users/josephkamil/Desktop/Capstone/Archived_Datasets/ucf50/UCF50/BenchPress/v_BenchPress_g03_c06.avi,True
YES,bench_press,/Users/josephkamil/Desktop/Capstone/Oly_Data/raw/not_oly/v_BenchPress_g03_c06.avi,/Users/josephkamil/Desktop/Capstone/Oly_Data/raw/not_oly/v_BenchPress_g03_c06.avi,True
,bench_press,/Users/josephkamil/Desktop/Capstone/Oly_Data/raw/not_oly/v_BenchPress_g13_c06.avi,/Users/josephkamil/Desktop/Capstone/BenchPress/v_BenchPress_g13_c06.avi,True
,bench_press,/Users/josephkamil/Desktop/Capstone/Oly_Data/raw/not_oly/v_BenchPress_g13_c06.avi,/Users/josephkamil/Desktop/Capstone/Archived_Datasets/ucf50/UCF50/BenchPress/v_BenchPress_g13_c06.avi,True
YES,bench_press,/Users/josephkamil/Desktop/Capstone/Oly_Data/raw/not_oly/v_BenchPress_g13_c06.avi,/Users/josephkamil/Desktop/Capstone/Oly_Data/raw/not_oly/v_BenchPress_g13_c06.avi,True
,bench_press,/Users/josephkamil/Desktop/Capstone/Oly_Data/raw/not_oly/v_BenchPress_g25_c04.avi,/Users/josephkamil/Desktop/Capstone/BenchPress/v_BenchPress_g25_c04.avi,True
,bench_press,/Users/josephkamil/Desktop/Capstone/Oly_Data/raw/not_oly/v_BenchPress_g25_c04.avi,/Users/josephkamil/Desktop/Capstone/Archived_Datasets/ucf50/UCF50/BenchPress/v_BenchPress_g25_c04.avi,True
YES,bench_press,/Users/josephkamil/Desktop/Capstone/Oly_Data/raw/not_oly/v_BenchPress_g25_c04.avi,/Users/josephkamil/Desktop/Capstone/Oly_Data/raw/not_oly/v_BenchPress_g25_c04.avi,True
,bench_press,/Users/josephkamil/Desktop/Capstone/Oly_Data/raw/not_oly/v_BenchPress_g25_c05.avi,/Users/josephkamil/Desktop/Capstone/BenchPress/v_BenchPress_g25_c05.avi,True
,bench_press,/Users/josephkamil/Desktop/Capstone/Oly_Data/raw/not_oly/v_BenchPress_g25_c05.avi,/Users/josephkamil/Desktop/Capstone/Archived_Datasets/ucf50/UCF50/BenchPress/v_BenchPress_g25_c05.avi,True
YES,bench_press,/Users/josephkamil/Desktop/Capstone/Oly_Data/raw/not_oly/v_BenchPress_g25_c05.avi,/Users/josephkamil/Desktop/Capstone/Oly_Data/raw/not_oly/v_BenchPress_g25_c05.avi,True
,bench_press,/Users/josephkamil/Desktop/Capstone/Oly_Data/raw/not_oly/v_BenchPress_g13_c07.avi,/Users/josephkamil/Desktop/Capstone/BenchPress/v_BenchPress_g13_c07.avi,True
,bench_press,/Users/josephkamil/Desktop/Capstone/Oly_Data/raw/not_oly/v_BenchPress_g13_c07.avi,/Users/josephkamil/Desktop/Capstone/Archived_Datasets/ucf50/UCF50/BenchPress/v_BenchPress_g13_c07.avi,True
YES,bench_press,/Users/josephkamil/Desktop/Capstone/Oly_Data/raw/not_oly/v_BenchPress_g13_c07.avi,/Users/josephkamil/Desktop/Capstone/Oly_Data/raw/not_oly/v_BenchPress_g13_c07.avi,True
,bench_press,/Users/josephkamil/Desktop/Capstone/Oly_Data/raw/not_oly/v_BenchPress_g03_c07.avi,/Users/josephkamil/Desktop/Capstone/BenchPress/v_BenchPress_g03_c07.avi,True
,bench_press,/Users/josephkamil/Desktop/Capstone/Oly_Data/raw/not_oly/v_BenchPress_g03_c07.avi,/Users/josephkamil/Desktop/Capstone/Archived_Datasets/ucf50/UCF50/BenchPress/v_BenchPress_g03_c07.avi,True
YES,bench_press,/Users/josephkamil/Desktop/Capstone/Oly_Data/raw/not_oly/v_BenchPress_g03_c07.avi,/Users/josephkamil/Desktop/Capstone/Oly_Data/raw/not_oly/v_BenchPress_g03_c07.avi,True
,bench_press,/Users/josephkamil/Desktop/Capstone/Oly_Data/raw/not_oly/v_BenchPress_g02_c02.avi,/Users/josephkamil/Desktop/Capstone/BenchPress/v_BenchPress_g02_c02.avi,True
,bench_press,/Users/josephkamil/Desktop/Capstone/Oly_Data/raw/not_oly/v_BenchPress_g02_c02.avi,/Users/josephkamil/Desktop/Capstone/Archived_Datasets/ucf50/UCF50/BenchPress/v_BenchPress_g02_c02.avi,True
YES,bench_press,/Users/josephkamil/Desktop/Capstone/Oly_Data/raw/not_oly/v_BenchPress_g02_c02.avi,/Users/josephkamil/Desktop/Capstone/Oly_Data/raw/not_oly/v_BenchPress_g02_c02.avi,True
,bench_press,/Users/josephkamil/Desktop/Capstone/Oly_Data/raw/not_oly/v_BenchPress_g12_c02.avi,/Users/josephkamil/Desktop/Capstone/BenchPress/v_BenchPress_g12_c02.avi,True
,bench_press,/Users/josephkamil/Desktop/Capstone/Oly_Data/raw/not_oly/v_BenchPress_g12_c02.avi,/Users/josephkamil/Desktop/Capstone/Archived_Datasets/ucf50/UCF50/BenchPress/v_BenchPress_g12_c02.avi,True
YES,bench_press,/Users/josephkamil/Desktop/Capstone/Oly_Data/raw/not_oly/v_BenchPress_g12_c02.avi,/Users/josephkamil/Desktop/Capstone/Oly_Data/raw/not_oly/v_BenchPress_g12_c02.avi,True
,bench_press,/Users/josephkamil/Desktop/Capstone/Oly_Data/raw/not_oly/v_BenchPress_g01_c05.avi,/Users/josephkamil/Desktop/Capstone/BenchPress/v_BenchPress_g01_c05.avi,True
,bench_press,/Users/josephkamil/Desktop/Capstone/Oly_Data/raw/not_oly/v_BenchPress_g01_c05.avi,/Users/josephkamil/Desktop/Capstone/Archived_Datasets/ucf50/UCF50/BenchPress/v_BenchPress_g01_c05.avi,True
YES,bench_press,/Users/josephkamil/Desktop/Capstone/Oly_Data/raw/not_oly/v_BenchPress_g01_c05.avi,/Users/josephkamil/Desktop/Capstone/Oly_Data/raw/not_oly/v_BenchPress_g01_c05.avi,True
,bench_press,/Users/josephkamil/Desktop/Capstone/Oly_Data/raw/not_oly/v_BenchPress_g11_c05.avi,/Users/josephkamil/Desktop/Capstone/BenchPress/v_BenchPress_g11_c05.avi,True
,bench_press,/Users/josephkamil/Desktop/Capstone/Oly_Data/raw/not_oly/v_BenchPress_g11_c05.avi,/Users/josephkamil/Desktop/Capstone/Archived_Datasets/ucf50/UCF50/BenchPress/v_BenchPress_g11_c05.avi,True
YES,bench_press,/Users/josephkamil/Desktop/Capstone/Oly_Data/raw/not_oly/v_BenchPress_g11_c05.avi,/Users/josephkamil/Desktop/Capstone/Oly_Data/raw/not_oly/v_BenchPress_g11_c05.avi,True
,bench_press,/Users/josephkamil/Desktop/Capstone/Oly_Data/raw/not_oly/v_BenchPress_g19_c03.avi,/Users/josephkamil/Desktop/Capstone/BenchPress/v_BenchPress_g19_c03.avi,True
,bench_press,/Users/josephkamil/Desktop/Capstone/Oly_Data/raw/not_oly/v_BenchPress_g19_c03.avi,/Users/josephkamil/Desktop/Capstone/Archived_Datasets/ucf50/UCF50/BenchPress/v_BenchPress_g19_c03.avi,True
YES,bench_press,/Users/josephkamil/Desktop/Capstone/Oly_Data/raw/not_oly/v_BenchPress_g19_c03.avi,/Users/josephkamil/Desktop/Capstone/Oly_Data/raw/not_oly/v_BenchPress_g19_c03.avi,True
,bench_press,/Users/josephkamil/Desktop/Capstone/Oly_Data/raw/not_oly/v_BenchPress_g09_c03.avi,/Users/josephkamil/Desktop/Capstone/BenchPress/v_BenchPress_g09_c03.avi,True
,bench_press,/Users/josephkamil/Desktop/Capstone/Oly_Data/raw/not_oly/v_BenchPress_g09_c03.avi,/Users/josephkamil/Desktop/Capstone/Archived_Datasets/ucf50/UCF50/BenchPress/v_BenchPress_g09_c03.avi,True
YES,bench_press,/Users/josephkamil/Desktop/Capstone/Oly_Data/raw/not_oly/v_BenchPress_g09_c03.avi,/Users/josephkamil/Desktop/Capstone/Oly_Data/raw/not_oly/v_BenchPress_g09_c03.avi,True
,bench_press,/Users/josephkamil/Desktop/Capstone/Oly_Data/raw/not_oly/v_BenchPress_g08_c06.avi,/Users/josephkamil/Desktop/Capstone/BenchPress/v_BenchPress_g08_c06.avi,True
,bench_press,/Users/josephkamil/Desktop/Capstone/Oly_Data/raw/not_oly/v_BenchPress_g08_c06.avi,/Users/josephkamil/Desktop/Capstone/Archived_Datasets/ucf50/UCF50/BenchPress/v_BenchPress_g08_c06.avi,True
YES,bench_press,/Users/josephkamil/Desktop/Capstone/Oly_Data/raw/not_oly/v_BenchPress_g08_c06.avi,/Users/josephkamil/Desktop/Capstone/Oly_Data/raw/not_oly/v_BenchPress_g08_c06.avi,True
,bench_press,/Users/josephkamil/Desktop/Capstone/Oly_Data/raw/not_oly/v_BenchPress_g18_c06.avi,/Users/josephkamil/Desktop/Capstone/BenchPress/v_BenchPress_g18_c06.avi,True
,bench_press,/Users/josephkamil/Desktop/Capstone/Oly_Data/raw/not_oly/v_BenchPress_g18_c06.avi,/Users/josephkamil/Desktop/Capstone/Archived_Datasets/ucf50/UCF50/BenchPress/v_BenchPress_g18_c06.avi,True
YES,bench_press,/Users/josephkamil/Desktop/Capstone/Oly_Data/raw/not_oly/v_BenchPress_g18_c06.avi,/Users/josephkamil/Desktop/Capstone/Oly_Data/raw/not_oly/v_BenchPress_g18_c06.avi,True
,bench_press,/Users/josephkamil/Desktop/Capstone/Oly_Data/raw/not_oly/v_BenchPress_g18_c07.avi,/Users/josephkamil/Desktop/Capstone/BenchPress/v_BenchPress_g18_c07.avi,True
,bench_press,/Users/josephkamil/Desktop/Capstone/Oly_Data/raw/not_oly/v_BenchPress_g18_c07.avi,/Users/josephkamil/Desktop/Capstone/Archived_Datasets/ucf50/UCF50/BenchPress/v_BenchPress_g18_c07.avi,True
YES,bench_press,/Users/josephkamil/Desktop/Capstone/Oly_Data/raw/not_oly/v_BenchPress_g18_c07.avi,/Users/josephkamil/Desktop/Capstone/Oly_Data/raw/not_oly/v_BenchPress_g18_c07.avi,True
,bench_press,/Users/josephkamil/Desktop/Capstone/Oly_Data/raw/not_oly/v_BenchPress_g08_c07.avi,/Users/josephkamil/Desktop/Capstone/BenchPress/v_BenchPress_g08_c07.avi,True
,bench_press,/Users/josephkamil/Desktop/Capstone/Oly_Data/raw/not_oly/v_BenchPress_g08_c07.avi,/Users/josephkamil/Desktop/Capstone/Archived_Datasets/ucf50/UCF50/BenchPress/v_BenchPress_g08_c07.avi,True
YES,bench_press,/Users/josephkamil/Desktop/Capstone/Oly_Data/raw/not_oly/v_BenchPress_g08_c07.avi,/Users/josephkamil/Desktop/Capstone/Oly_Data/raw/not_oly/v_BenchPress_g08_c07.avi,True
,bench_press,/Users/josephkamil/Desktop/Capstone/Oly_Data/raw/not_oly/v_BenchPress_g09_c02.avi,/Users/josephkamil/Desktop/Capstone/BenchPress/v_BenchPress_g09_c02.avi,True
,bench_press,/Users/josephkamil/Desktop/Capstone/Oly_Data/raw/not_oly/v_BenchPress_g09_c02.avi,/Users/josephkamil/Desktop/Capstone/Archived_Datasets/ucf50/UCF50/BenchPress/v_BenchPress_g09_c02.avi,True
YES,bench_press,/Users/josephkamil/Desktop/Capstone/Oly_Data/raw/not_oly/v_BenchPress_g09_c02.avi,/Users/josephkamil/Desktop/Capstone/Oly_Data/raw/not_oly/v_BenchPress_g09_c02.avi,True
,bench_press,/Users/josephkamil/Desktop/Capstone/Oly_Data/raw/not_oly/v_BenchPress_g19_c02.avi,/Users/josephkamil/Desktop/Capstone/BenchPress/v_BenchPress_g19_c02.avi,True
,bench_press,/Users/josephkamil/Desktop/Capstone/Oly_Data/raw/not_oly/v_BenchPress_g19_c02.avi,/Users/josephkamil/Desktop/Capstone/Archived_Datasets/ucf50/UCF50/BenchPress/v_BenchPress_g19_c02.avi,True
YES,bench_press,/Users/josephkamil/Desktop/Capstone/Oly_Data/raw/not_oly/v_BenchPress_g19_c02.avi,/Users/josephkamil/Desktop/Capstone/Oly_Data/raw/not_oly/v_BenchPress_g19_c02.avi,True
,bench_press,/Users/josephkamil/Desktop/Capstone/Oly_Data/raw/not_oly/v_BenchPress_g11_c04.avi,/Users/josephkamil/Desktop/Capstone/BenchPress/v_BenchPress_g11_c04.avi,True
,bench_press,/Users/josephkamil/Desktop/Capstone/Oly_Data/raw/not_oly/v_BenchPress_g11_c04.avi,/Users/josephkamil/Desktop/Capstone/Archived_Datasets/ucf50/UCF50/BenchPress/v_BenchPress_g11_c04.avi,True
YES,bench_press,/Users/josephkamil/Desktop/Capstone/Oly_Data/raw/not_oly/v_BenchPress_g11_c04.avi,/Users/josephkamil/Desktop/Capstone/Oly_Data/raw/not_oly/v_BenchPress_g11_c04.avi,True
,bench_press,/Users/josephkamil/Desktop/Capstone/Oly_Data/raw/not_oly/v_BenchPress_g01_c04.avi,/Users/josephkamil/Desktop/Capstone/BenchPress/v_BenchPress_g01_c04.avi,True
,bench_press,/Users/josephkamil/Desktop/Capstone/Oly_Data/raw/not_oly/v_BenchPress_g01_c04.avi,/Users/josephkamil/Desktop/Capstone/Archived_Datasets/ucf50/UCF50/BenchPress/v_BenchPress_g01_c04.avi,True
YES,bench_press,/Users/josephkamil/Desktop/Capstone/Oly_Data/raw/not_oly/v_BenchPress_g01_c04.avi,/Users/josephkamil/Desktop/Capstone/Oly_Data/raw/not_oly/v_BenchPress_g01_c04.avi,True
,bench_press,/Users/josephkamil/Desktop/Capstone/Oly_Data/raw/not_oly/v_BenchPress_g10_c01.avi,/Users/josephkamil/Desktop/Capstone/BenchPress/v_BenchPress_g10_c01.avi,True
,bench_press,/Users/josephkamil/Desktop/Capstone/Oly_Data/raw/not_oly/v_BenchPress_g10_c01.avi,/Users/josephkamil/Desktop/Capstone/Archived_Datasets/ucf50/UCF50/BenchPress/v_BenchPress_g10_c01.avi,True
YES,bench_press,/Users/josephkamil/Desktop/Capstone/Oly_Data/raw/not_oly/v_BenchPress_g10_c01.avi,/Users/josephkamil/Desktop/Capstone/Oly_Data/raw/not_oly/v_BenchPress_g10_c01.avi,True
,bench_press,/Users/josephkamil/Desktop/Capstone/Oly_Data/raw/not_oly/v_BenchPress_g10_c03.avi,/Users/josephkamil/Desktop/Capstone/BenchPress/v_BenchPress_g10_c03.avi,True
,bench_press,/Users/josephkamil/Desktop/Capstone/Oly_Data/raw/not_oly/v_BenchPress_g10_c03.avi,/Users/josephkamil/Desktop/Capstone/Archived_Datasets/ucf50/UCF50/BenchPress/v_BenchPress_g10_c03.avi,True
YES,bench_press,/Users/josephkamil/Desktop/Capstone/Oly_Data/raw/not_oly/v_BenchPress_g10_c03.avi,/Users/josephkamil/Desktop/Capstone/Oly_Data/raw/not_oly/v_BenchPress_g10_c03.avi,True
,bench_press,/Users/josephkamil/Desktop/Capstone/Oly_Data/raw/not_oly/v_BenchPress_g01_c06.avi,/Users/josephkamil/Desktop/Capstone/BenchPress/v_BenchPress_g01_c06.avi,True
,bench_press,/Users/josephkamil/Desktop/Capstone/Oly_Data/raw/not_oly/v_BenchPress_g01_c06.avi,/Users/josephkamil/Desktop/Capstone/Archived_Datasets/ucf50/UCF50/BenchPress/v_BenchPress_g01_c06.avi,True
YES,bench_press,/Users/josephkamil/Desktop/Capstone/Oly_Data/raw/not_oly/v_BenchPress_g01_c06.avi,/Users/josephkamil/Desktop/Capstone/Oly_Data/raw/not_oly/v_BenchPress_g01_c06.avi,True
,bench_press,/Users/josephkamil/Desktop/Capstone/Oly_Data/raw/not_oly/v_BenchPress_g18_c05.avi,/Users/josephkamil/Desktop/Capstone/BenchPress/v_BenchPress_g18_c05.avi,True
,bench_press,/Users/josephkamil/Desktop/Capstone/Oly_Data/raw/not_oly/v_BenchPress_g18_c05.avi,/Users/josephkamil/Desktop/Capstone/Archived_Datasets/ucf50/UCF50/BenchPress/v_BenchPress_g18_c05.avi,True
YES,bench_press,/Users/josephkamil/Desktop/Capstone/Oly_Data/raw/not_oly/v_BenchPress_g18_c05.avi,/Users/josephkamil/Desktop/Capstone/Oly_Data/raw/not_oly/v_BenchPress_g18_c05.avi,True
,bench_press,/Users/josephkamil/Desktop/Capstone/Oly_Data/raw/not_oly/v_BenchPress_g08_c05.avi,/Users/josephkamil/Desktop/Capstone/BenchPress/v_BenchPress_g08_c05.avi,True
,bench_press,/Users/josephkamil/Desktop/Capstone/Oly_Data/raw/not_oly/v_BenchPress_g08_c05.avi,/Users/josephkamil/Desktop/Capstone/Archived_Datasets/ucf50/UCF50/BenchPress/v_BenchPress_g08_c05.avi,True
YES,bench_press,/Users/josephkamil/Desktop/Capstone/Oly_Data/raw/not_oly/v_BenchPress_g08_c05.avi,/Users/josephkamil/Desktop/Capstone/Oly_Data/raw/not_oly/v_BenchPress_g08_c05.avi,True
,bench_press,/Users/josephkamil/Desktop/Capstone/Oly_Data/raw/not_oly/v_BenchPress_g08_c04.avi,/Users/josephkamil/Desktop/Capstone/BenchPress/v_BenchPress_g08_c04.avi,True
,bench_press,/Users/josephkamil/Desktop/Capstone/Oly_Data/raw/not_oly/v_BenchPress_g08_c04.avi,/Users/josephkamil/Desktop/Capstone/Archived_Datasets/ucf50/UCF50/BenchPress/v_BenchPress_g08_c04.avi,True
YES,bench_press,/Users/josephkamil/Desktop/Capstone/Oly_Data/raw/not_oly/v_BenchPress_g08_c04.avi,/Users/josephkamil/Desktop/Capstone/Oly_Data/raw/not_oly/v_BenchPress_g08_c04.avi,True
,bench_press,/Users/josephkamil/Desktop/Capstone/Oly_Data/raw/not_oly/v_BenchPress_g18_c04.avi,/Users/josephkamil/Desktop/Capstone/BenchPress/v_BenchPress_g18_c04.avi,True
,bench_press,/Users/josephkamil/Desktop/Capstone/Oly_Data/raw/not_oly/v_BenchPress_g18_c04.avi,/Users/josephkamil/Desktop/Capstone/Archived_Datasets/ucf50/UCF50/BenchPress/v_BenchPress_g18_c04.avi,True
YES,bench_press,/Users/josephkamil/Desktop/Capstone/Oly_Data/raw/not_oly/v_BenchPress_g18_c04.avi,/Users/josephkamil/Desktop/Capstone/Oly_Data/raw/not_oly/v_BenchPress_g18_c04.avi,True
,bench_press,/Users/josephkamil/Desktop/Capstone/Oly_Data/raw/not_oly/v_BenchPress_g19_c01.avi,/Users/josephkamil/Desktop/Capstone/BenchPress/v_BenchPress_g19_c01.avi,True
,bench_press,/Users/josephkamil/Desktop/Capstone/Oly_Data/raw/not_oly/v_BenchPress_g19_c01.avi,/Users/josephkamil/Desktop/Capstone/Archived_Datasets/ucf50/UCF50/BenchPress/v_BenchPress_g19_c01.avi,True
YES,bench_press,/Users/josephkamil/Desktop/Capstone/Oly_Data/raw/not_oly/v_BenchPress_g19_c01.avi,/Users/josephkamil/Desktop/Capstone/Oly_Data/raw/not_oly/v_BenchPress_g19_c01.avi,True
,bench_press,/Users/josephkamil/Desktop/Capstone/Oly_Data/raw/not_oly/v_BenchPress_g09_c01.avi,/Users/josephkamil/Desktop/Capstone/BenchPress/v_BenchPress_g09_c01.avi,True
,bench_press,/Users/josephkamil/Desktop/Capstone/Oly_Data/raw/not_oly/v_BenchPress_g09_c01.avi,/Users/josephkamil/Desktop/Capstone/Archived_Datasets/ucf50/UCF50/BenchPress/v_BenchPress_g09_c01.avi,True
YES,bench_press,/Users/josephkamil/Desktop/Capstone/Oly_Data/raw/not_oly/v_BenchPress_g09_c01.avi,/Users/josephkamil/Desktop/Capstone/Oly_Data/raw/not_oly/v_BenchPress_g09_c01.avi,True
,bench_press,/Users/josephkamil/Desktop/Capstone/Oly_Data/raw/not_oly/v_BenchPress_g10_c02.avi,/Users/josephkamil/Desktop/Capstone/BenchPress/v_BenchPress_g10_c02.avi,True
,bench_press,/Users/josephkamil/Desktop/Capstone/Oly_Data/raw/not_oly/v_BenchPress_g10_c02.avi,/Users/josephkamil/Desktop/Capstone/Archived_Datasets/ucf50/UCF50/BenchPress/v_BenchPress_g10_c02.avi,True
YES,bench_press,/Users/josephkamil/Desktop/Capstone/Oly_Data/raw/not_oly/v_BenchPress_g10_c02.avi,/Users/josephkamil/Desktop/Capstone/Oly_Data/raw/not_oly/v_BenchPress_g10_c02.avi,True
,bench_press,/Users/josephkamil/Desktop/Capstone/Oly_Data/raw/not_oly/v_BenchPress_g11_c03.avi,/Users/josephkamil/Desktop/Capstone/BenchPress/v_BenchPress_g11_c03.avi,True
,bench_press,/Users/josephkamil/Desktop/Capstone/Oly_Data/raw/not_oly/v_BenchPress_g11_c03.avi,/Users/josephkamil/Desktop/Capstone/Archived_Datasets/ucf50/UCF50/BenchPress/v_BenchPress_g11_c03.avi,True
YES,bench_press,/Users/josephkamil/Desktop/Capstone/Oly_Data/raw/not_oly/v_BenchPress_g11_c03.avi,/Users/josephkamil/Desktop/Capstone/Oly_Data/raw/not_oly/v_BenchPress_g11_c03.avi,True
,bench_press,/Users/josephkamil/Desktop/Capstone/Oly_Data/raw/not_oly/v_BenchPress_g01_c03.avi,/Users/josephkamil/Desktop/Capstone/BenchPress/v_BenchPress_g01_c03.avi,True
,bench_press,/Users/josephkamil/Desktop/Capstone/Oly_Data/raw/not_oly/v_BenchPress_g01_c03.avi,/Users/josephkamil/Desktop/Capstone/Archived_Datasets/ucf50/UCF50/BenchPress/v_BenchPress_g01_c03.avi,True
YES,bench_press,/Users/josephkamil/Desktop/Capstone/Oly_Data/raw/not_oly/v_BenchPress_g01_c03.avi,/Users/josephkamil/Desktop/Capstone/Oly_Data/raw/not_oly/v_BenchPress_g01_c03.avi,True
,bench_press,/Users/josephkamil/Desktop/Capstone/Oly_Data/raw/not_oly/v_BenchPress_g09_c05.avi,/Users/josephkamil/Desktop/Capstone/BenchPress/v_BenchPress_g09_c05.avi,True
,bench_press,/Users/josephkamil/Desktop/Capstone/Oly_Data/raw/not_oly/v_BenchPress_g09_c05.avi,/Users/josephkamil/Desktop/Capstone/Archived_Datasets/ucf50/UCF50/BenchPress/v_BenchPress_g09_c05.avi,True
YES,bench_press,/Users/josephkamil/Desktop/Capstone/Oly_Data/raw/not_oly/v_BenchPress_g09_c05.avi,/Users/josephkamil/Desktop/Capstone/Oly_Data/raw/not_oly/v_BenchPress_g09_c05.avi,True
,bench_press,/Users/josephkamil/Desktop/Capstone/Oly_Data/raw/not_oly/v_BenchPress_g19_c05.avi,/Users/josephkamil/Desktop/Capstone/BenchPress/v_BenchPress_g19_c05.avi,True
,bench_press,/Users/josephkamil/Desktop/Capstone/Oly_Data/raw/not_oly/v_BenchPress_g19_c05.avi,/Users/josephkamil/Desktop/Capstone/Archived_Datasets/ucf50/UCF50/BenchPress/v_BenchPress_g19_c05.avi,True
YES,bench_press,/Users/josephkamil/Desktop/Capstone/Oly_Data/raw/not_oly/v_BenchPress_g19_c05.avi,/Users/josephkamil/Desktop/Capstone/Oly_Data/raw/not_oly/v_BenchPress_g19_c05.avi,True
,bench_press,/Users/josephkamil/Desktop/Capstone/Oly_Data/raw/not_oly/v_BenchPress_g08_c01.avi,/Users/josephkamil/Desktop/Capstone/BenchPress/v_BenchPress_g08_c01.avi,True
,bench_press,/Users/josephkamil/Desktop/Capstone/Oly_Data/raw/not_oly/v_BenchPress_g08_c01.avi,/Users/josephkamil/Desktop/Capstone/Archived_Datasets/ucf50/UCF50/BenchPress/v_BenchPress_g08_c01.avi,True
YES,bench_press,/Users/josephkamil/Desktop/Capstone/Oly_Data/raw/not_oly/v_BenchPress_g08_c01.avi,/Users/josephkamil/Desktop/Capstone/Oly_Data/raw/not_oly/v_BenchPress_g08_c01.avi,True
,bench_press,/Users/josephkamil/Desktop/Capstone/Oly_Data/raw/not_oly/v_BenchPress_g18_c01.avi,/Users/josephkamil/Desktop/Capstone/BenchPress/v_BenchPress_g18_c01.avi,True
,bench_press,/Users/josephkamil/Desktop/Capstone/Oly_Data/raw/not_oly/v_BenchPress_g18_c01.avi,/Users/josephkamil/Desktop/Capstone/Archived_Datasets/ucf50/UCF50/BenchPress/v_BenchPress_g18_c01.avi,True
YES,bench_press,/Users/josephkamil/Desktop/Capstone/Oly_Data/raw/not_oly/v_BenchPress_g18_c01.avi,/Users/josephkamil/Desktop/Capstone/Oly_Data/raw/not_oly/v_BenchPress_g18_c01.avi,True
,bench_press,/Users/josephkamil/Desktop/Capstone/Oly_Data/raw/not_oly/v_BenchPress_g19_c04.avi,/Users/josephkamil/Desktop/Capstone/BenchPress/v_BenchPress_g19_c04.avi,True
,bench_press,/Users/josephkamil/Desktop/Capstone/Oly_Data/raw/not_oly/v_BenchPress_g19_c04.avi,/Users/josephkamil/Desktop/Capstone/Archived_Datasets/ucf50/UCF50/BenchPress/v_BenchPress_g19_c04.avi,True
YES,bench_press,/Users/josephkamil/Desktop/Capstone/Oly_Data/raw/not_oly/v_BenchPress_g19_c04.avi,/Users/josephkamil/Desktop/Capstone/Oly_Data/raw/not_oly/v_BenchPress_g19_c04.avi,True
,bench_press,/Users/josephkamil/Desktop/Capstone/Oly_Data/raw/not_oly/v_BenchPress_g09_c04.avi,/Users/josephkamil/Desktop/Capstone/BenchPress/v_BenchPress_g09_c04.avi,True
,bench_press,/Users/josephkamil/Desktop/Capstone/Oly_Data/raw/not_oly/v_BenchPress_g09_c04.avi,/Users/josephkamil/Desktop/Capstone/Archived_Datasets/ucf50/UCF50/BenchPress/v_BenchPress_g09_c04.avi,True
YES,bench_press,/Users/josephkamil/Desktop/Capstone/Oly_Data/raw/not_oly/v_BenchPress_g09_c04.avi,/Users/josephkamil/Desktop/Capstone/Oly_Data/raw/not_oly/v_BenchPress_g09_c04.avi,True
,bench_press,/Users/josephkamil/Desktop/Capstone/Oly_Data/raw/not_oly/v_BenchPress_g01_c02.avi,/Users/josephkamil/Desktop/Capstone/BenchPress/v_BenchPress_g01_c02.avi,True
,bench_press,/Users/josephkamil/Desktop/Capstone/Oly_Data/raw/not_oly/v_BenchPress_g01_c02.avi,/Users/josephkamil/Desktop/Capstone/Archived_Datasets/ucf50/UCF50/BenchPress/v_BenchPress_g01_c02.avi,True
YES,bench_press,/Users/josephkamil/Desktop/Capstone/Oly_Data/raw/not_oly/v_BenchPress_g01_c02.avi,/Users/josephkamil/Desktop/Capstone/Oly_Data/raw/not_oly/v_BenchPress_g01_c02.avi,True
,bench_press,/Users/josephkamil/Desktop/Capstone/Oly_Data/raw/not_oly/v_BenchPress_g11_c02.avi,/Users/josephkamil/Desktop/Capstone/BenchPress/v_BenchPress_g11_c02.avi,True
,bench_press,/Users/josephkamil/Desktop/Capstone/Oly_Data/raw/not_oly/v_BenchPress_g11_c02.avi,/Users/josephkamil/Desktop/Capstone/Archived_Datasets/ucf50/UCF50/BenchPress/v_BenchPress_g11_c02.avi,True
YES,bench_press,/Users/josephkamil/Desktop/Capstone/Oly_Data/raw/not_oly/v_BenchPress_g11_c02.avi,/Users/josephkamil/Desktop/Capstone/Oly_Data/raw/not_oly/v_BenchPress_g11_c02.avi,True
,bench_press,/Users/josephkamil/Desktop/Capstone/Oly_Data/raw/not_oly/v_BenchPress_g19_c06.avi,/Users/josephkamil/Desktop/Capstone/BenchPress/v_BenchPress_g19_c06.avi,True
,bench_press,/Users/josephkamil/Desktop/Capstone/Oly_Data/raw/not_oly/v_BenchPress_g19_c06.avi,/Users/josephkamil/Desktop/Capstone/Archived_Datasets/ucf50/UCF50/BenchPress/v_BenchPress_g19_c06.avi,True
YES,bench_press,/Users/josephkamil/Desktop/Capstone/Oly_Data/raw/not_oly/v_BenchPress_g19_c06.avi,/Users/josephkamil/Desktop/Capstone/Oly_Data/raw/not_oly/v_BenchPress_g19_c06.avi,True
,bench_press,/Users/josephkamil/Desktop/Capstone/Oly_Data/raw/not_oly/v_BenchPress_g09_c06.avi,/Users/josephkamil/Desktop/Capstone/BenchPress/v_BenchPress_g09_c06.avi,True
,bench_press,/Users/josephkamil/Desktop/Capstone/Oly_Data/raw/not_oly/v_BenchPress_g09_c06.avi,/Users/josephkamil/Desktop/Capstone/Archived_Datasets/ucf50/UCF50/BenchPress/v_BenchPress_g09_c06.avi,True
YES,bench_press,/Users/josephkamil/Desktop/Capstone/Oly_Data/raw/not_oly/v_BenchPress_g09_c06.avi,/Users/josephkamil/Desktop/Capstone/Oly_Data/raw/not_oly/v_BenchPress_g09_c06.avi,True
,bench_press,/Users/josephkamil/Desktop/Capstone/Oly_Data/raw/not_oly/v_BenchPress_g08_c03.avi,/Users/josephkamil/Desktop/Capstone/BenchPress/v_BenchPress_g08_c03.avi,True
,bench_press,/Users/josephkamil/Desktop/Capstone/Oly_Data/raw/not_oly/v_BenchPress_g08_c03.avi,/Users/josephkamil/Desktop/Capstone/Archived_Datasets/ucf50/UCF50/BenchPress/v_BenchPress_g08_c03.avi,True
YES,bench_press,/Users/josephkamil/Desktop/Capstone/Oly_Data/raw/not_oly/v_BenchPress_g08_c03.avi,/Users/josephkamil/Desktop/Capstone/Oly_Data/raw/not_oly/v_BenchPress_g08_c03.avi,True
,bench_press,/Users/josephkamil/Desktop/Capstone/Oly_Data/raw/not_oly/v_BenchPress_g18_c03.avi,/Users/josephkamil/Desktop/Capstone/BenchPress/v_BenchPress_g18_c03.avi,True
,bench_press,/Users/josephkamil/Desktop/Capstone/Oly_Data/raw/not_oly/v_BenchPress_g18_c03.avi,/Users/josephkamil/Desktop/Capstone/Archived_Datasets/ucf50/UCF50/BenchPress/v_BenchPress_g18_c03.avi,True
YES,bench_press,/Users/josephkamil/Desktop/Capstone/Oly_Data/raw/not_oly/v_BenchPress_g18_c03.avi,/Users/josephkamil/Desktop/Capstone/Oly_Data/raw/not_oly/v_BenchPress_g18_c03.avi,True
,bench_press,/Users/josephkamil/Desktop/Capstone/Oly_Data/raw/not_oly/v_BenchPress_g18_c02.avi,/Users/josephkamil/Desktop/Capstone/BenchPress/v_BenchPress_g18_c02.avi,True
,bench_press,/Users/josephkamil/Desktop/Capstone/Oly_Data/raw/not_oly/v_BenchPress_g18_c02.avi,/Users/josephkamil/Desktop/Capstone/Archived_Datasets/ucf50/UCF50/BenchPress/v_BenchPress_g18_c02.avi,True
YES,bench_press,/Users/josephkamil/Desktop/Capstone/Oly_Data/raw/not_oly/v_BenchPress_g18_c02.avi,/Users/josephkamil/Desktop/Capstone/Oly_Data/raw/not_oly/v_BenchPress_g18_c02.avi,True
,bench_press,/Users/josephkamil/Desktop/Capstone/Oly_Data/raw/not_oly/v_BenchPress_g08_c02.avi,/Users/josephkamil/Desktop/Capstone/BenchPress/v_BenchPress_g08_c02.avi,True
,bench_press,/Users/josephkamil/Desktop/Capstone/Oly_Data/raw/not_oly/v_BenchPress_g08_c02.avi,/Users/josephkamil/Desktop/Capstone/Archived_Datasets/ucf50/UCF50/BenchPress/v_BenchPress_g08_c02.avi,True
YES,bench_press,/Users/josephkamil/Desktop/Capstone/Oly_Data/raw/not_oly/v_BenchPress_g08_c02.avi,/Users/josephkamil/Desktop/Capstone/Oly_Data/raw/not_oly/v_BenchPress_g08_c02.avi,True
,bench_press,/Users/josephkamil/Desktop/Capstone/Oly_Data/raw/not_oly/v_BenchPress_g09_c07.avi,/Users/josephkamil/Desktop/Capstone/BenchPress/v_BenchPress_g09_c07.avi,True
,bench_press,/Users/josephkamil/Desktop/Capstone/Oly_Data/raw/not_oly/v_BenchPress_g09_c07.avi,/Users/josephkamil/Desktop/Capstone/Archived_Datasets/ucf50/UCF50/BenchPress/v_BenchPress_g09_c07.avi,True
YES,bench_press,/Users/josephkamil/Desktop/Capstone/Oly_Data/raw/not_oly/v_BenchPress_g09_c07.avi,/Users/josephkamil/Desktop/Capstone/Oly_Data/raw/not_oly/v_BenchPress_g09_c07.avi,True
,bench_press,/Users/josephkamil/Desktop/Capstone/Oly_Data/raw/not_oly/v_BenchPress_g11_c01.avi,/Users/josephkamil/Desktop/Capstone/BenchPress/v_BenchPress_g11_c01.avi,True
,bench_press,/Users/josephkamil/Desktop/Capstone/Oly_Data/raw/not_oly/v_BenchPress_g11_c01.avi,/Users/josephkamil/Desktop/Capstone/Archived_Datasets/ucf50/UCF50/BenchPress/v_BenchPress_g11_c01.avi,True
YES,bench_press,/Users/josephkamil/Desktop/Capstone/Oly_Data/raw/not_oly/v_BenchPress_g11_c01.avi,/Users/josephkamil/Desktop/Capstone/Oly_Data/raw/not_oly/v_BenchPress_g11_c01.avi,True
,bench_press,/Users/josephkamil/Desktop/Capstone/Oly_Data/raw/not_oly/v_BenchPress_g01_c01.avi,/Users/josephkamil/Desktop/Capstone/BenchPress/v_BenchPress_g01_c01.avi,True
,bench_press,/Users/josephkamil/Desktop/Capstone/Oly_Data/raw/not_oly/v_BenchPress_g01_c01.avi,/Users/josephkamil/Desktop/Capstone/Archived_Datasets/ucf50/UCF50/BenchPress/v_BenchPress_g01_c01.avi,True
YES,bench_press,/Users/josephkamil/Desktop/Capstone/Oly_Data/raw/not_oly/v_BenchPress_g01_c01.avi,/Users/josephkamil/Desktop/Capstone/Oly_Data/raw/not_oly/v_BenchPress_g01_c01.avi,True
,bench_press,/Users/josephkamil/Desktop/Capstone/Oly_Data/raw/not_oly/v_BenchPress_g10_c04.avi,/Users/josephkamil/Desktop/Capstone/BenchPress/v_BenchPress_g10_c04.avi,True
,bench_press,/Users/josephkamil/Desktop/Capstone/Oly_Data/raw/not_oly/v_BenchPress_g10_c04.avi,/Users/josephkamil/Desktop/Capstone/Archived_Datasets/ucf50/UCF50/BenchPress/v_BenchPress_g10_c04.avi,True
YES,bench_press,/Users/josephkamil/Desktop/Capstone/Oly_Data/raw/not_oly/v_BenchPress_g10_c04.avi,/Users/josephkamil/Desktop/Capstone/Oly_Data/raw/not_oly/v_BenchPress_g10_c04.avi,True
,bench_press,/Users/josephkamil/Desktop/Capstone/Oly_Data/raw/not_oly/v_BenchPress_g22_c03.avi,/Users/josephkamil/Desktop/Capstone/BenchPress/v_BenchPress_g22_c03.avi,True
,bench_press,/Users/josephkamil/Desktop/Capstone/Oly_Data/raw/not_oly/v_BenchPress_g22_c03.avi,/Users/josephkamil/Desktop/Capstone/Archived_Datasets/ucf50/UCF50/BenchPress/v_BenchPress_g22_c03.avi,True
YES,bench_press,/Users/josephkamil/Desktop/Capstone/Oly_Data/raw/not_oly/v_BenchPress_g22_c03.avi,/Users/josephkamil/Desktop/Capstone/Oly_Data/raw/not_oly/v_BenchPress_g22_c03.avi,True
,bench_press,/Users/josephkamil/Desktop/Capstone/Oly_Data/raw/not_oly/v_BenchPress_g04_c01.avi,/Users/josephkamil/Desktop/Capstone/BenchPress/v_BenchPress_g04_c01.avi,True
,bench_press,/Users/josephkamil/Desktop/Capstone/Oly_Data/raw/not_oly/v_BenchPress_g04_c01.avi,/Users/josephkamil/Desktop/Capstone/Archived_Datasets/ucf50/UCF50/BenchPress/v_BenchPress_g04_c01.avi,True
YES,bench_press,/Users/josephkamil/Desktop/Capstone/Oly_Data/raw/not_oly/v_BenchPress_g04_c01.avi,/Users/josephkamil/Desktop/Capstone/Oly_Data/raw/not_oly/v_BenchPress_g04_c01.avi,True
,bench_press,/Users/josephkamil/Desktop/Capstone/Oly_Data/raw/not_oly/v_BenchPress_g14_c01.avi,/Users/josephkamil/Desktop/Capstone/BenchPress/v_BenchPress_g14_c01.avi,True
,bench_press,/Users/josephkamil/Desktop/Capstone/Oly_Data/raw/not_oly/v_BenchPress_g14_c01.avi,/Users/josephkamil/Desktop/Capstone/Archived_Datasets/ucf50/UCF50/BenchPress/v_BenchPress_g14_c01.avi,True
YES,bench_press,/Users/josephkamil/Desktop/Capstone/Oly_Data/raw/not_oly/v_BenchPress_g14_c01.avi,/Users/josephkamil/Desktop/Capstone/Oly_Data/raw/not_oly/v_BenchPress_g14_c01.avi,True
,bench_press,/Users/josephkamil/Desktop/Capstone/Oly_Data/raw/not_oly/v_BenchPress_g15_c04.avi,/Users/josephkamil/Desktop/Capstone/BenchPress/v_BenchPress_g15_c04.avi,True
,bench_press,/Users/josephkamil/Desktop/Capstone/Oly_Data/raw/not_oly/v_BenchPress_g15_c04.avi,/Users/josephkamil/Desktop/Capstone/Archived_Datasets/ucf50/UCF50/BenchPress/v_BenchPress_g15_c04.avi,True
YES,bench_press,/Users/josephkamil/Desktop/Capstone/Oly_Data/raw/not_oly/v_BenchPress_g15_c04.avi,/Users/josephkamil/Desktop/Capstone/Oly_Data/raw/not_oly/v_BenchPress_g15_c04.avi,True
,bench_press,/Users/josephkamil/Desktop/Capstone/Oly_Data/raw/not_oly/v_BenchPress_g05_c04.avi,/Users/josephkamil/Desktop/Capstone/BenchPress/v_BenchPress_g05_c04.avi,True
,bench_press,/Users/josephkamil/Desktop/Capstone/Oly_Data/raw/not_oly/v_BenchPress_g05_c04.avi,/Users/josephkamil/Desktop/Capstone/Archived_Datasets/ucf50/UCF50/BenchPress/v_BenchPress_g05_c04.avi,True
YES,bench_press,/Users/josephkamil/Desktop/Capstone/Oly_Data/raw/not_oly/v_BenchPress_g05_c04.avi,/Users/josephkamil/Desktop/Capstone/Oly_Data/raw/not_oly/v_BenchPress_g05_c04.avi,True
,bench_press,/Users/josephkamil/Desktop/Capstone/Oly_Data/raw/not_oly/v_BenchPress_g05_c05.avi,/Users/josephkamil/Desktop/Capstone/BenchPress/v_BenchPress_g05_c05.avi,True
,bench_press,/Users/josephkamil/Desktop/Capstone/Oly_Data/raw/not_oly/v_BenchPress_g05_c05.avi,/Users/josephkamil/Desktop/Capstone/Archived_Datasets/ucf50/UCF50/BenchPress/v_BenchPress_g05_c05.avi,True
YES,bench_press,/Users/josephkamil/Desktop/Capstone/Oly_Data/raw/not_oly/v_BenchPress_g05_c05.avi,/Users/josephkamil/Desktop/Capstone/Oly_Data/raw/not_oly/v_BenchPress_g05_c05.avi,True
,bench_press,/Users/josephkamil/Desktop/Capstone/Oly_Data/raw/not_oly/v_BenchPress_g15_c05.avi,/Users/josephkamil/Desktop/Capstone/BenchPress/v_BenchPress_g15_c05.avi,True
,bench_press,/Users/josephkamil/Desktop/Capstone/Oly_Data/raw/not_oly/v_BenchPress_g15_c05.avi,/Users/josephkamil/Desktop/Capstone/Archived_Datasets/ucf50/UCF50/BenchPress/v_BenchPress_g15_c05.avi,True
YES,bench_press,/Users/josephkamil/Desktop/Capstone/Oly_Data/raw/not_oly/v_BenchPress_g15_c05.avi,/Users/josephkamil/Desktop/Capstone/Oly_Data/raw/not_oly/v_BenchPress_g15_c05.avi,True
,bench_press,/Users/josephkamil/Desktop/Capstone/Oly_Data/raw/not_oly/v_BenchPress_g22_c02.avi,/Users/josephkamil/Desktop/Capstone/BenchPress/v_BenchPress_g22_c02.avi,True
,bench_press,/Users/josephkamil/Desktop/Capstone/Oly_Data/raw/not_oly/v_BenchPress_g22_c02.avi,/Users/josephkamil/Desktop/Capstone/Archived_Datasets/ucf50/UCF50/BenchPress/v_BenchPress_g22_c02.avi,True
YES,bench_press,/Users/josephkamil/Desktop/Capstone/Oly_Data/raw/not_oly/v_BenchPress_g22_c02.avi,/Users/josephkamil/Desktop/Capstone/Oly_Data/raw/not_oly/v_BenchPress_g22_c02.avi,True
,bench_press,/Users/josephkamil/Desktop/Capstone/Oly_Data/raw/not_oly/v_BenchPress_g14_c02.avi,/Users/josephkamil/Desktop/Capstone/BenchPress/v_BenchPress_g14_c02.avi,True
,bench_press,/Users/josephkamil/Desktop/Capstone/Oly_Data/raw/not_oly/v_BenchPress_g14_c02.avi,/Users/josephkamil/Desktop/Capstone/Archived_Datasets/ucf50/UCF50/BenchPress/v_BenchPress_g14_c02.avi,True
YES,bench_press,/Users/josephkamil/Desktop/Capstone/Oly_Data/raw/not_oly/v_BenchPress_g14_c02.avi,/Users/josephkamil/Desktop/Capstone/Oly_Data/raw/not_oly/v_BenchPress_g14_c02.avi,True
,bench_press,/Users/josephkamil/Desktop/Capstone/Oly_Data/raw/not_oly/v_BenchPress_g04_c02.avi,/Users/josephkamil/Desktop/Capstone/BenchPress/v_BenchPress_g04_c02.avi,True
,bench_press,/Users/josephkamil/Desktop/Capstone/Oly_Data/raw/not_oly/v_BenchPress_g04_c02.avi,/Users/josephkamil/Desktop/Capstone/Archived_Datasets/ucf50/UCF50/BenchPress/v_BenchPress_g04_c02.avi,True
YES,bench_press,/Users/josephkamil/Desktop/Capstone/Oly_Data/raw/not_oly/v_BenchPress_g04_c02.avi,/Users/josephkamil/Desktop/Capstone/Oly_Data/raw/not_oly/v_BenchPress_g04_c02.avi,True
,bench_press,/Users/josephkamil/Desktop/Capstone/Oly_Data/raw/not_oly/v_BenchPress_g23_c05.avi,/Users/josephkamil/Desktop/Capstone/BenchPress/v_BenchPress_g23_c05.avi,True
,bench_press,/Users/josephkamil/Desktop/Capstone/Oly_Data/raw/not_oly/v_BenchPress_g23_c05.avi,/Users/josephkamil/Desktop/Capstone/Archived_Datasets/ucf50/UCF50/BenchPress/v_BenchPress_g23_c05.avi,True
YES,bench_press,/Users/josephkamil/Desktop/Capstone/Oly_Data/raw/not_oly/v_BenchPress_g23_c05.avi,/Users/josephkamil/Desktop/Capstone/Oly_Data/raw/not_oly/v_BenchPress_g23_c05.avi,True
,bench_press,/Users/josephkamil/Desktop/Capstone/Oly_Data/raw/not_oly/v_BenchPress_g05_c07.avi,/Users/josephkamil/Desktop/Capstone/BenchPress/v_BenchPress_g05_c07.avi,True
,bench_press,/Users/josephkamil/Desktop/Capstone/Oly_Data/raw/not_oly/v_BenchPress_g05_c07.avi,/Users/josephkamil/Desktop/Capstone/Archived_Datasets/ucf50/UCF50/BenchPress/v_BenchPress_g05_c07.avi,True
YES,bench_press,/Users/josephkamil/Desktop/Capstone/Oly_Data/raw/not_oly/v_BenchPress_g05_c07.avi,/Users/josephkamil/Desktop/Capstone/Oly_Data/raw/not_oly/v_BenchPress_g05_c07.avi,True
,bench_press,/Users/josephkamil/Desktop/Capstone/Oly_Data/raw/not_oly/v_BenchPress_g15_c06.avi,/Users/josephkamil/Desktop/Capstone/BenchPress/v_BenchPress_g15_c06.avi,True
,bench_press,/Users/josephkamil/Desktop/Capstone/Oly_Data/raw/not_oly/v_BenchPress_g15_c06.avi,/Users/josephkamil/Desktop/Capstone/Archived_Datasets/ucf50/UCF50/BenchPress/v_BenchPress_g15_c06.avi,True
YES,bench_press,/Users/josephkamil/Desktop/Capstone/Oly_Data/raw/not_oly/v_BenchPress_g15_c06.avi,/Users/josephkamil/Desktop/Capstone/Oly_Data/raw/not_oly/v_BenchPress_g15_c06.avi,True
,bench_press,/Users/josephkamil/Desktop/Capstone/Oly_Data/raw/not_oly/v_BenchPress_g05_c06.avi,/Users/josephkamil/Desktop/Capstone/BenchPress/v_BenchPress_g05_c06.avi,True
,bench_press,/Users/josephkamil/Desktop/Capstone/Oly_Data/raw/not_oly/v_BenchPress_g05_c06.avi,/Users/josephkamil/Desktop/Capstone/Archived_Datasets/ucf50/UCF50/BenchPress/v_BenchPress_g05_c06.avi,True
YES,bench_press,/Users/josephkamil/Desktop/Capstone/Oly_Data/raw/not_oly/v_BenchPress_g05_c06.avi,/Users/josephkamil/Desktop/Capstone/Oly_Data/raw/not_oly/v_BenchPress_g05_c06.avi,True
,bench_press,/Users/josephkamil/Desktop/Capstone/Oly_Data/raw/not_oly/v_BenchPress_g23_c04.avi,/Users/josephkamil/Desktop/Capstone/BenchPress/v_BenchPress_g23_c04.avi,True
,bench_press,/Users/josephkamil/Desktop/Capstone/Oly_Data/raw/not_oly/v_BenchPress_g23_c04.avi,/Users/josephkamil/Desktop/Capstone/Archived_Datasets/ucf50/UCF50/BenchPress/v_BenchPress_g23_c04.avi,True
YES,bench_press,/Users/josephkamil/Desktop/Capstone/Oly_Data/raw/not_oly/v_BenchPress_g23_c04.avi,/Users/josephkamil/Desktop/Capstone/Oly_Data/raw/not_oly/v_BenchPress_g23_c04.avi,True
,bench_press,/Users/josephkamil/Desktop/Capstone/Oly_Data/raw/not_oly/v_BenchPress_g04_c03.avi,/Users/josephkamil/Desktop/Capstone/BenchPress/v_BenchPress_g04_c03.avi,True
,bench_press,/Users/josephkamil/Desktop/Capstone/Oly_Data/raw/not_oly/v_BenchPress_g04_c03.avi,/Users/josephkamil/Desktop/Capstone/Archived_Datasets/ucf50/UCF50/BenchPress/v_BenchPress_g04_c03.avi,True
YES,bench_press,/Users/josephkamil/Desktop/Capstone/Oly_Data/raw/not_oly/v_BenchPress_g04_c03.avi,/Users/josephkamil/Desktop/Capstone/Oly_Data/raw/not_oly/v_BenchPress_g04_c03.avi,True
,bench_press,/Users/josephkamil/Desktop/Capstone/Oly_Data/raw/not_oly/v_BenchPress_g14_c03.avi,/Users/josephkamil/Desktop/Capstone/BenchPress/v_BenchPress_g14_c03.avi,True
,bench_press,/Users/josephkamil/Desktop/Capstone/Oly_Data/raw/not_oly/v_BenchPress_g14_c03.avi,/Users/josephkamil/Desktop/Capstone/Archived_Datasets/ucf50/UCF50/BenchPress/v_BenchPress_g14_c03.avi,True
YES,bench_press,/Users/josephkamil/Desktop/Capstone/Oly_Data/raw/not_oly/v_BenchPress_g14_c03.avi,/Users/josephkamil/Desktop/Capstone/Oly_Data/raw/not_oly/v_BenchPress_g14_c03.avi,True
,bench_press,/Users/josephkamil/Desktop/Capstone/Oly_Data/raw/not_oly/v_BenchPress_g22_c01.avi,/Users/josephkamil/Desktop/Capstone/BenchPress/v_BenchPress_g22_c01.avi,True
,bench_press,/Users/josephkamil/Desktop/Capstone/Oly_Data/raw/not_oly/v_BenchPress_g22_c01.avi,/Users/josephkamil/Desktop/Capstone/Archived_Datasets/ucf50/UCF50/BenchPress/v_BenchPress_g22_c01.avi,True
YES,bench_press,/Users/josephkamil/Desktop/Capstone/Oly_Data/raw/not_oly/v_BenchPress_g22_c01.avi,/Users/josephkamil/Desktop/Capstone/Oly_Data/raw/not_oly/v_BenchPress_g22_c01.avi,True
,bench_press,/Users/josephkamil/Desktop/Capstone/Oly_Data/raw/not_oly/v_BenchPress_g14_c07.avi,/Users/josephkamil/Desktop/Capstone/BenchPress/v_BenchPress_g14_c07.avi,True
,bench_press,/Users/josephkamil/Desktop/Capstone/Oly_Data/raw/not_oly/v_BenchPress_g14_c07.avi,/Users/josephkamil/Desktop/Capstone/Archived_Datasets/ucf50/UCF50/BenchPress/v_BenchPress_g14_c07.avi,True
YES,bench_press,/Users/josephkamil/Desktop/Capstone/Oly_Data/raw/not_oly/v_BenchPress_g14_c07.avi,/Users/josephkamil/Desktop/Capstone/Oly_Data/raw/not_oly/v_BenchPress_g14_c07.avi,True
,bench_press,/Users/josephkamil/Desktop/Capstone/Oly_Data/raw/not_oly/v_BenchPress_g04_c07.avi,/Users/josephkamil/Desktop/Capstone/BenchPress/v_BenchPress_g04_c07.avi,True
,bench_press,/Users/josephkamil/Desktop/Capstone/Oly_Data/raw/not_oly/v_BenchPress_g04_c07.avi,/Users/josephkamil/Desktop/Capstone/Archived_Datasets/ucf50/UCF50/BenchPress/v_BenchPress_g04_c07.avi,True
YES,bench_press,/Users/josephkamil/Desktop/Capstone/Oly_Data/raw/not_oly/v_BenchPress_g04_c07.avi,/Users/josephkamil/Desktop/Capstone/Oly_Data/raw/not_oly/v_BenchPress_g04_c07.avi,True
,bench_press,/Users/josephkamil/Desktop/Capstone/Oly_Data/raw/not_oly/v_BenchPress_g22_c05.avi,/Users/josephkamil/Desktop/Capstone/BenchPress/v_BenchPress_g22_c05.avi,True
,bench_press,/Users/josephkamil/Desktop/Capstone/Oly_Data/raw/not_oly/v_BenchPress_g22_c05.avi,/Users/josephkamil/Desktop/Capstone/Archived_Datasets/ucf50/UCF50/BenchPress/v_BenchPress_g22_c05.avi,True
YES,bench_press,/Users/josephkamil/Desktop/Capstone/Oly_Data/raw/not_oly/v_BenchPress_g22_c05.avi,/Users/josephkamil/Desktop/Capstone/Oly_Data/raw/not_oly/v_BenchPress_g22_c05.avi,True
,bench_press,/Users/josephkamil/Desktop/Capstone/Oly_Data/raw/not_oly/v_BenchPress_g05_c02.avi,/Users/josephkamil/Desktop/Capstone/BenchPress/v_BenchPress_g05_c02.avi,True
,bench_press,/Users/josephkamil/Desktop/Capstone/Oly_Data/raw/not_oly/v_BenchPress_g05_c02.avi,/Users/josephkamil/Desktop/Capstone/Archived_Datasets/ucf50/UCF50/BenchPress/v_BenchPress_g05_c02.avi,True
YES,bench_press,/Users/josephkamil/Desktop/Capstone/Oly_Data/raw/not_oly/v_BenchPress_g05_c02.avi,/Users/josephkamil/Desktop/Capstone/Oly_Data/raw/not_oly/v_BenchPress_g05_c02.avi,True
,bench_press,/Users/josephkamil/Desktop/Capstone/Oly_Data/raw/not_oly/v_BenchPress_g15_c02.avi,/Users/josephkamil/Desktop/Capstone/BenchPress/v_BenchPress_g15_c02.avi,True
,bench_press,/Users/josephkamil/Desktop/Capstone/Oly_Data/raw/not_oly/v_BenchPress_g15_c02.avi,/Users/josephkamil/Desktop/Capstone/Archived_Datasets/ucf50/UCF50/BenchPress/v_BenchPress_g15_c02.avi,True
YES,bench_press,/Users/josephkamil/Desktop/Capstone/Oly_Data/raw/not_oly/v_BenchPress_g15_c02.avi,/Users/josephkamil/Desktop/Capstone/Oly_Data/raw/not_oly/v_BenchPress_g15_c02.avi,True
,bench_press,/Users/josephkamil/Desktop/Capstone/Oly_Data/raw/not_oly/v_BenchPress_g23_c01.avi,/Users/josephkamil/Desktop/Capstone/BenchPress/v_BenchPress_g23_c01.avi,True
,bench_press,/Users/josephkamil/Desktop/Capstone/Oly_Data/raw/not_oly/v_BenchPress_g23_c01.avi,/Users/josephkamil/Desktop/Capstone/Archived_Datasets/ucf50/UCF50/BenchPress/v_BenchPress_g23_c01.avi,True
YES,bench_press,/Users/josephkamil/Desktop/Capstone/Oly_Data/raw/not_oly/v_BenchPress_g23_c01.avi,/Users/josephkamil/Desktop/Capstone/Oly_Data/raw/not_oly/v_BenchPress_g23_c01.avi,True
,bench_press,/Users/josephkamil/Desktop/Capstone/Oly_Data/raw/not_oly/v_BenchPress_g15_c03.avi,/Users/josephkamil/Desktop/Capstone/BenchPress/v_BenchPress_g15_c03.avi,True
,bench_press,/Users/josephkamil/Desktop/Capstone/Oly_Data/raw/not_oly/v_BenchPress_g15_c03.avi,/Users/josephkamil/Desktop/Capstone/Archived_Datasets/ucf50/UCF50/BenchPress/v_BenchPress_g15_c03.avi,True
YES,bench_press,/Users/josephkamil/Desktop/Capstone/Oly_Data/raw/not_oly/v_BenchPress_g15_c03.avi,/Users/josephkamil/Desktop/Capstone/Oly_Data/raw/not_oly/v_BenchPress_g15_c03.avi,True
,bench_press,/Users/josephkamil/Desktop/Capstone/Oly_Data/raw/not_oly/v_BenchPress_g05_c03.avi,/Users/josephkamil/Desktop/Capstone/BenchPress/v_BenchPress_g05_c03.avi,True
,bench_press,/Users/josephkamil/Desktop/Capstone/Oly_Data/raw/not_oly/v_BenchPress_g05_c03.avi,/Users/josephkamil/Desktop/Capstone/Archived_Datasets/ucf50/UCF50/BenchPress/v_BenchPress_g05_c03.avi,True
YES,bench_press,/Users/josephkamil/Desktop/Capstone/Oly_Data/raw/not_oly/v_BenchPress_g05_c03.avi,/Users/josephkamil/Desktop/Capstone/Oly_Data/raw/not_oly/v_BenchPress_g05_c03.avi,True
,bench_press,/Users/josephkamil/Desktop/Capstone/Oly_Data/raw/not_oly/v_BenchPress_g22_c04.avi,/Users/josephkamil/Desktop/Capstone/BenchPress/v_BenchPress_g22_c04.avi,True
,bench_press,/Users/josephkamil/Desktop/Capstone/Oly_Data/raw/not_oly/v_BenchPress_g22_c04.avi,/Users/josephkamil/Desktop/Capstone/Archived_Datasets/ucf50/UCF50/BenchPress/v_BenchPress_g22_c04.avi,True
YES,bench_press,/Users/josephkamil/Desktop/Capstone/Oly_Data/raw/not_oly/v_BenchPress_g22_c04.avi,/Users/josephkamil/Desktop/Capstone/Oly_Data/raw/not_oly/v_BenchPress_g22_c04.avi,True
,bench_press,/Users/josephkamil/Desktop/Capstone/Oly_Data/raw/not_oly/v_BenchPress_g04_c06.avi,/Users/josephkamil/Desktop/Capstone/BenchPress/v_BenchPress_g04_c06.avi,True
,bench_press,/Users/josephkamil/Desktop/Capstone/Oly_Data/raw/not_oly/v_BenchPress_g04_c06.avi,/Users/josephkamil/Desktop/Capstone/Archived_Datasets/ucf50/UCF50/BenchPress/v_BenchPress_g04_c06.avi,True
YES,bench_press,/Users/josephkamil/Desktop/Capstone/Oly_Data/raw/not_oly/v_BenchPress_g04_c06.avi,/Users/josephkamil/Desktop/Capstone/Oly_Data/raw/not_oly/v_BenchPress_g04_c06.avi,True
,bench_press,/Users/josephkamil/Desktop/Capstone/Oly_Data/raw/not_oly/v_BenchPress_g14_c06.avi,/Users/josephkamil/Desktop/Capstone/BenchPress/v_BenchPress_g14_c06.avi,True
,bench_press,/Users/josephkamil/Desktop/Capstone/Oly_Data/raw/not_oly/v_BenchPress_g14_c06.avi,/Users/josephkamil/Desktop/Capstone/Archived_Datasets/ucf50/UCF50/BenchPress/v_BenchPress_g14_c06.avi,True
YES,bench_press,/Users/josephkamil/Desktop/Capstone/Oly_Data/raw/not_oly/v_BenchPress_g14_c06.avi,/Users/josephkamil/Desktop/Capstone/Oly_Data/raw/not_oly/v_BenchPress_g14_c06.avi,True
,bench_press,/Users/josephkamil/Desktop/Capstone/Oly_Data/raw/not_oly/v_BenchPress_g04_c04.avi,/Users/josephkamil/Desktop/Capstone/BenchPress/v_BenchPress_g04_c04.avi,True
,bench_press,/Users/josephkamil/Desktop/Capstone/Oly_Data/raw/not_oly/v_BenchPress_g04_c04.avi,/Users/josephkamil/Desktop/Capstone/Archived_Datasets/ucf50/UCF50/BenchPress/v_BenchPress_g04_c04.avi,True
YES,bench_press,/Users/josephkamil/Desktop/Capstone/Oly_Data/raw/not_oly/v_BenchPress_g04_c04.avi,/Users/josephkamil/Desktop/Capstone/Oly_Data/raw/not_oly/v_BenchPress_g04_c04.avi,True
,bench_press,/Users/josephkamil/Desktop/Capstone/Oly_Data/raw/not_oly/v_BenchPress_g14_c04.avi,/Users/josephkamil/Desktop/Capstone/BenchPress/v_BenchPress_g14_c04.avi,True
,bench_press,/Users/josephkamil/Desktop/Capstone/Oly_Data/raw/not_oly/v_BenchPress_g14_c04.avi,/Users/josephkamil/Desktop/Capstone/Archived_Datasets/ucf50/UCF50/BenchPress/v_BenchPress_g14_c04.avi,True
YES,bench_press,/Users/josephkamil/Desktop/Capstone/Oly_Data/raw/not_oly/v_BenchPress_g14_c04.avi,/Users/josephkamil/Desktop/Capstone/Oly_Data/raw/not_oly/v_BenchPress_g14_c04.avi,True
,bench_press,/Users/josephkamil/Desktop/Capstone/Oly_Data/raw/not_oly/v_BenchPress_g22_c06.avi,/Users/josephkamil/Desktop/Capstone/BenchPress/v_BenchPress_g22_c06.avi,True
,bench_press,/Users/josephkamil/Desktop/Capstone/Oly_Data/raw/not_oly/v_BenchPress_g22_c06.avi,/Users/josephkamil/Desktop/Capstone/Archived_Datasets/ucf50/UCF50/BenchPress/v_BenchPress_g22_c06.avi,True
YES,bench_press,/Users/josephkamil/Desktop/Capstone/Oly_Data/raw/not_oly/v_BenchPress_g22_c06.avi,/Users/josephkamil/Desktop/Capstone/Oly_Data/raw/not_oly/v_BenchPress_g22_c06.avi,True
,bench_press,/Users/josephkamil/Desktop/Capstone/Oly_Data/raw/not_oly/v_BenchPress_g15_c01.avi,/Users/josephkamil/Desktop/Capstone/BenchPress/v_BenchPress_g15_c01.avi,True
,bench_press,/Users/josephkamil/Desktop/Capstone/Oly_Data/raw/not_oly/v_BenchPress_g15_c01.avi,/Users/josephkamil/Desktop/Capstone/Archived_Datasets/ucf50/UCF50/BenchPress/v_BenchPress_g15_c01.avi,True
YES,bench_press,/Users/josephkamil/Desktop/Capstone/Oly_Data/raw/not_oly/v_BenchPress_g15_c01.avi,/Users/josephkamil/Desktop/Capstone/Oly_Data/raw/not_oly/v_BenchPress_g15_c01.avi,True
,bench_press,/Users/josephkamil/Desktop/Capstone/Oly_Data/raw/not_oly/v_BenchPress_g05_c01.avi,/Users/josephkamil/Desktop/Capstone/BenchPress/v_BenchPress_g05_c01.avi,True
,bench_press,/Users/josephkamil/Desktop/Capstone/Oly_Data/raw/not_oly/v_BenchPress_g05_c01.avi,/Users/josephkamil/Desktop/Capstone/Archived_Datasets/ucf50/UCF50/BenchPress/v_BenchPress_g05_c01.avi,True
YES,bench_press,/Users/josephkamil/Desktop/Capstone/Oly_Data/raw/not_oly/v_BenchPress_g05_c01.avi,/Users/josephkamil/Desktop/Capstone/Oly_Data/raw/not_oly/v_BenchPress_g05_c01.avi,True
,bench_press,/Users/josephkamil/Desktop/Capstone/Oly_Data/raw/not_oly/v_BenchPress_g23_c03.avi,/Users/josephkamil/Desktop/Capstone/BenchPress/v_BenchPress_g23_c03.avi,True
,bench_press,/Users/josephkamil/Desktop/Capstone/Oly_Data/raw/not_oly/v_BenchPress_g23_c03.avi,/Users/josephkamil/Desktop/Capstone/Archived_Datasets/ucf50/UCF50/BenchPress/v_BenchPress_g23_c03.avi,True
YES,bench_press,/Users/josephkamil/Desktop/Capstone/Oly_Data/raw/not_oly/v_BenchPress_g23_c03.avi,/Users/josephkamil/Desktop/Capstone/Oly_Data/raw/not_oly/v_BenchPress_g23_c03.avi,True
,bench_press,/Users/josephkamil/Desktop/Capstone/Oly_Data/raw/not_oly/v_BenchPress_g23_c02.avi,/Users/josephkamil/Desktop/Capstone/BenchPress/v_BenchPress_g23_c02.avi,True
,bench_press,/Users/josephkamil/Desktop/Capstone/Oly_Data/raw/not_oly/v_BenchPress_g23_c02.avi,/Users/josephkamil/Desktop/Capstone/Archived_Datasets/ucf50/UCF50/BenchPress/v_BenchPress_g23_c02.avi,True
YES,bench_press,/Users/josephkamil/Desktop/Capstone/Oly_Data/raw/not_oly/v_BenchPress_g23_c02.avi,/Users/josephkamil/Desktop/Capstone/Oly_Data/raw/not_oly/v_BenchPress_g23_c02.avi,True
,bench_press,/Users/josephkamil/Desktop/Capstone/Oly_Data/raw/not_oly/v_BenchPress_g22_c07.avi,/Users/josephkamil/Desktop/Capstone/BenchPress/v_BenchPress_g22_c07.avi,True
,bench_press,/Users/josephkamil/Desktop/Capstone/Oly_Data/raw/not_oly/v_BenchPress_g22_c07.avi,/Users/josephkamil/Desktop/Capstone/Archived_Datasets/ucf50/UCF50/BenchPress/v_BenchPress_g22_c07.avi,True
YES,bench_press,/Users/josephkamil/Desktop/Capstone/Oly_Data/raw/not_oly/v_BenchPress_g22_c07.avi,/Users/josephkamil/Desktop/Capstone/Oly_Data/raw/not_oly/v_BenchPress_g22_c07.avi,True
,bench_press,/Users/josephkamil/Desktop/Capstone/Oly_Data/raw/not_oly/v_BenchPress_g14_c05.avi,/Users/josephkamil/Desktop/Capstone/BenchPress/v_BenchPress_g14_c05.avi,True
,bench_press,/Users/josephkamil/Desktop/Capstone/Oly_Data/raw/not_oly/v_BenchPress_g14_c05.avi,/Users/josephkamil/Desktop/Capstone/Archived_Datasets/ucf50/UCF50/BenchPress/v_BenchPress_g14_c05.avi,True
YES,bench_press,/Users/josephkamil/Desktop/Capstone/Oly_Data/raw/not_oly/v_BenchPress_g14_c05.avi,/Users/josephkamil/Desktop/Capstone/Oly_Data/raw/not_oly/v_BenchPress_g14_c05.avi,True
,bench_press,/Users/josephkamil/Desktop/Capstone/Oly_Data/raw/not_oly/v_BenchPress_g04_c05.avi,/Users/josephkamil/Desktop/Capstone/BenchPress/v_BenchPress_g04_c05.avi,True
,bench_press,/Users/josephkamil/Desktop/Capstone/Oly_Data/raw/not_oly/v_BenchPress_g04_c05.avi,/Users/josephkamil/Desktop/Capstone/Archived_Datasets/ucf50/UCF50/BenchPress/v_BenchPress_g04_c05.avi,True
YES,bench_press,/Users/josephkamil/Desktop/Capstone/Oly_Data/raw/not_oly/v_BenchPress_g04_c05.avi,/Users/josephkamil/Desktop/Capstone/Oly_Data/raw/not_oly/v_BenchPress_g04_c05.avi,True
,bench_press,/Users/josephkamil/Desktop/Capstone/Oly_Data/raw/not_oly/v_BenchPress_g20_c05.avi,/Users/josephkamil/Desktop/Capstone/BenchPress/v_BenchPress_g20_c05.avi,True
,bench_press,/Users/josephkamil/Desktop/Capstone/Oly_Data/raw/not_oly/v_BenchPress_g20_c05.avi,/Users/josephkamil/Desktop/Capstone/Archived_Datasets/ucf50/UCF50/BenchPress/v_BenchPress_g20_c05.avi,True
YES,bench_press,/Users/josephkamil/Desktop/Capstone/Oly_Data/raw/not_oly/v_BenchPress_g20_c05.avi,/Users/josephkamil/Desktop/Capstone/Oly_Data/raw/not_oly/v_BenchPress_g20_c05.avi,True
,bench_press,/Users/josephkamil/Desktop/Capstone/Oly_Data/raw/not_oly/v_BenchPress_g06_c07.avi,/Users/josephkamil/Desktop/Capstone/BenchPress/v_BenchPress_g06_c07.avi,True
,bench_press,/Users/josephkamil/Desktop/Capstone/Oly_Data/raw/not_oly/v_BenchPress_g06_c07.avi,/Users/josephkamil/Desktop/Capstone/Archived_Datasets/ucf50/UCF50/BenchPress/v_BenchPress_g06_c07.avi,True
YES,bench_press,/Users/josephkamil/Desktop/Capstone/Oly_Data/raw/not_oly/v_BenchPress_g06_c07.avi,/Users/josephkamil/Desktop/Capstone/Oly_Data/raw/not_oly/v_BenchPress_g06_c07.avi,True
,bench_press,/Users/josephkamil/Desktop/Capstone/Oly_Data/raw/not_oly/v_BenchPress_g17_c02.avi,/Users/josephkamil/Desktop/Capstone/BenchPress/v_BenchPress_g17_c02.avi,True
,bench_press,/Users/josephkamil/Desktop/Capstone/Oly_Data/raw/not_oly/v_BenchPress_g17_c02.avi,/Users/josephkamil/Desktop/Capstone/Archived_Datasets/ucf50/UCF50/BenchPress/v_BenchPress_g17_c02.avi,True
YES,bench_press,/Users/josephkamil/Desktop/Capstone/Oly_Data/raw/not_oly/v_BenchPress_g17_c02.avi,/Users/josephkamil/Desktop/Capstone/Oly_Data/raw/not_oly/v_BenchPress_g17_c02.avi,True
,bench_press,/Users/josephkamil/Desktop/Capstone/Oly_Data/raw/not_oly/v_BenchPress_g07_c02.avi,/Users/josephkamil/Desktop/Capstone/BenchPress/v_BenchPress_g07_c02.avi,True
,bench_press,/Users/josephkamil/Desktop/Capstone/Oly_Data/raw/not_oly/v_BenchPress_g07_c02.avi,/Users/josephkamil/Desktop/Capstone/Archived_Datasets/ucf50/UCF50/BenchPress/v_BenchPress_g07_c02.avi,True
YES,bench_press,/Users/josephkamil/Desktop/Capstone/Oly_Data/raw/not_oly/v_BenchPress_g07_c02.avi,/Users/josephkamil/Desktop/Capstone/Oly_Data/raw/not_oly/v_BenchPress_g07_c02.avi,True
,bench_press,/Users/josephkamil/Desktop/Capstone/Oly_Data/raw/not_oly/v_BenchPress_g07_c03.avi,/Users/josephkamil/Desktop/Capstone/BenchPress/v_BenchPress_g07_c03.avi,True
,bench_press,/Users/josephkamil/Desktop/Capstone/Oly_Data/raw/not_oly/v_BenchPress_g07_c03.avi,/Users/josephkamil/Desktop/Capstone/Archived_Datasets/ucf50/UCF50/BenchPress/v_BenchPress_g07_c03.avi,True
YES,bench_press,/Users/josephkamil/Desktop/Capstone/Oly_Data/raw/not_oly/v_BenchPress_g07_c03.avi,/Users/josephkamil/Desktop/Capstone/Oly_Data/raw/not_oly/v_BenchPress_g07_c03.avi,True
,bench_press,/Users/josephkamil/Desktop/Capstone/Oly_Data/raw/not_oly/v_BenchPress_g17_c03.avi,/Users/josephkamil/Desktop/Capstone/BenchPress/v_BenchPress_g17_c03.avi,True
,bench_press,/Users/josephkamil/Desktop/Capstone/Oly_Data/raw/not_oly/v_BenchPress_g17_c03.avi,/Users/josephkamil/Desktop/Capstone/Archived_Datasets/ucf50/UCF50/BenchPress/v_BenchPress_g17_c03.avi,True
YES,bench_press,/Users/josephkamil/Desktop/Capstone/Oly_Data/raw/not_oly/v_BenchPress_g17_c03.avi,/Users/josephkamil/Desktop/Capstone/Oly_Data/raw/not_oly/v_BenchPress_g17_c03.avi,True
,bench_press,/Users/josephkamil/Desktop/Capstone/Oly_Data/raw/not_oly/v_BenchPress_g21_c01.avi,/Users/josephkamil/Desktop/Capstone/BenchPress/v_BenchPress_g21_c01.avi,True
,bench_press,/Users/josephkamil/Desktop/Capstone/Oly_Data/raw/not_oly/v_BenchPress_g21_c01.avi,/Users/josephkamil/Desktop/Capstone/Archived_Datasets/ucf50/UCF50/BenchPress/v_BenchPress_g21_c01.avi,True
YES,bench_press,/Users/josephkamil/Desktop/Capstone/Oly_Data/raw/not_oly/v_BenchPress_g21_c01.avi,/Users/josephkamil/Desktop/Capstone/Oly_Data/raw/not_oly/v_BenchPress_g21_c01.avi,True
,bench_press,/Users/josephkamil/Desktop/Capstone/Oly_Data/raw/not_oly/v_BenchPress_g06_c06.avi,/Users/josephkamil/Desktop/Capstone/BenchPress/v_BenchPress_g06_c06.avi,True
,bench_press,/Users/josephkamil/Desktop/Capstone/Oly_Data/raw/not_oly/v_BenchPress_g06_c06.avi,/Users/josephkamil/Desktop/Capstone/Archived_Datasets/ucf50/UCF50/BenchPress/v_BenchPress_g06_c06.avi,True
YES,bench_press,/Users/josephkamil/Desktop/Capstone/Oly_Data/raw/not_oly/v_BenchPress_g06_c06.avi,/Users/josephkamil/Desktop/Capstone/Oly_Data/raw/not_oly/v_BenchPress_g06_c06.avi,True
,bench_press,/Users/josephkamil/Desktop/Capstone/Oly_Data/raw/not_oly/v_BenchPress_g20_c04.avi,/Users/josephkamil/Desktop/Capstone/BenchPress/v_BenchPress_g20_c04.avi,True
,bench_press,/Users/josephkamil/Desktop/Capstone/Oly_Data/raw/not_oly/v_BenchPress_g20_c04.avi,/Users/josephkamil/Desktop/Capstone/Archived_Datasets/ucf50/UCF50/BenchPress/v_BenchPress_g20_c04.avi,True
YES,bench_press,/Users/josephkamil/Desktop/Capstone/Oly_Data/raw/not_oly/v_BenchPress_g20_c04.avi,/Users/josephkamil/Desktop/Capstone/Oly_Data/raw/not_oly/v_BenchPress_g20_c04.avi,True
,bench_press,/Users/josephkamil/Desktop/Capstone/Oly_Data/raw/not_oly/v_BenchPress_g20_c06.avi,/Users/josephkamil/Desktop/Capstone/BenchPress/v_BenchPress_g20_c06.avi,True
,bench_press,/Users/josephkamil/Desktop/Capstone/Oly_Data/raw/not_oly/v_BenchPress_g20_c06.avi,/Users/josephkamil/Desktop/Capstone/Archived_Datasets/ucf50/UCF50/BenchPress/v_BenchPress_g20_c06.avi,True
YES,bench_press,/Users/josephkamil/Desktop/Capstone/Oly_Data/raw/not_oly/v_BenchPress_g20_c06.avi,/Users/josephkamil/Desktop/Capstone/Oly_Data/raw/not_oly/v_BenchPress_g20_c06.avi,True
,bench_press,/Users/josephkamil/Desktop/Capstone/Oly_Data/raw/not_oly/v_BenchPress_g16_c04.avi,/Users/josephkamil/Desktop/Capstone/BenchPress/v_BenchPress_g16_c04.avi,True
,bench_press,/Users/josephkamil/Desktop/Capstone/Oly_Data/raw/not_oly/v_BenchPress_g16_c04.avi,/Users/josephkamil/Desktop/Capstone/Archived_Datasets/ucf50/UCF50/BenchPress/v_BenchPress_g16_c04.avi,True
YES,bench_press,/Users/josephkamil/Desktop/Capstone/Oly_Data/raw/not_oly/v_BenchPress_g16_c04.avi,/Users/josephkamil/Desktop/Capstone/Oly_Data/raw/not_oly/v_BenchPress_g16_c04.avi,True
,bench_press,/Users/josephkamil/Desktop/Capstone/Oly_Data/raw/not_oly/v_BenchPress_g06_c04.avi,/Users/josephkamil/Desktop/Capstone/BenchPress/v_BenchPress_g06_c04.avi,True
,bench_press,/Users/josephkamil/Desktop/Capstone/Oly_Data/raw/not_oly/v_BenchPress_g06_c04.avi,/Users/josephkamil/Desktop/Capstone/Archived_Datasets/ucf50/UCF50/BenchPress/v_BenchPress_g06_c04.avi,True
YES,bench_press,/Users/josephkamil/Desktop/Capstone/Oly_Data/raw/not_oly/v_BenchPress_g06_c04.avi,/Users/josephkamil/Desktop/Capstone/Oly_Data/raw/not_oly/v_BenchPress_g06_c04.avi,True
,bench_press,/Users/josephkamil/Desktop/Capstone/Oly_Data/raw/not_oly/v_BenchPress_g21_c03.avi,/Users/josephkamil/Desktop/Capstone/BenchPress/v_BenchPress_g21_c03.avi,True
,bench_press,/Users/josephkamil/Desktop/Capstone/Oly_Data/raw/not_oly/v_BenchPress_g21_c03.avi,/Users/josephkamil/Desktop/Capstone/Archived_Datasets/ucf50/UCF50/BenchPress/v_BenchPress_g21_c03.avi,True
YES,bench_press,/Users/josephkamil/Desktop/Capstone/Oly_Data/raw/not_oly/v_BenchPress_g21_c03.avi,/Users/josephkamil/Desktop/Capstone/Oly_Data/raw/not_oly/v_BenchPress_g21_c03.avi,True
,bench_press,/Users/josephkamil/Desktop/Capstone/Oly_Data/raw/not_oly/v_BenchPress_g07_c01.avi,/Users/josephkamil/Desktop/Capstone/BenchPress/v_BenchPress_g07_c01.avi,True
,bench_press,/Users/josephkamil/Desktop/Capstone/Oly_Data/raw/not_oly/v_BenchPress_g07_c01.avi,/Users/josephkamil/Desktop/Capstone/Archived_Datasets/ucf50/UCF50/BenchPress/v_BenchPress_g07_c01.avi,True
YES,bench_press,/Users/josephkamil/Desktop/Capstone/Oly_Data/raw/not_oly/v_BenchPress_g07_c01.avi,/Users/josephkamil/Desktop/Capstone/Oly_Data/raw/not_oly/v_BenchPress_g07_c01.avi,True
,bench_press,/Users/josephkamil/Desktop/Capstone/Oly_Data/raw/not_oly/v_BenchPress_g17_c01.avi,/Users/josephkamil/Desktop/Capstone/BenchPress/v_BenchPress_g17_c01.avi,True
,bench_press,/Users/josephkamil/Desktop/Capstone/Oly_Data/raw/not_oly/v_BenchPress_g17_c01.avi,/Users/josephkamil/Desktop/Capstone/Archived_Datasets/ucf50/UCF50/BenchPress/v_BenchPress_g17_c01.avi,True
YES,bench_press,/Users/josephkamil/Desktop/Capstone/Oly_Data/raw/not_oly/v_BenchPress_g17_c01.avi,/Users/josephkamil/Desktop/Capstone/Oly_Data/raw/not_oly/v_BenchPress_g17_c01.avi,True
,bench_press,/Users/josephkamil/Desktop/Capstone/Oly_Data/raw/not_oly/v_BenchPress_g21_c02.avi,/Users/josephkamil/Desktop/Capstone/BenchPress/v_BenchPress_g21_c02.avi,True
,bench_press,/Users/josephkamil/Desktop/Capstone/Oly_Data/raw/not_oly/v_BenchPress_g21_c02.avi,/Users/josephkamil/Desktop/Capstone/Archived_Datasets/ucf50/UCF50/BenchPress/v_BenchPress_g21_c02.avi,True
YES,bench_press,/Users/josephkamil/Desktop/Capstone/Oly_Data/raw/not_oly/v_BenchPress_g21_c02.avi,/Users/josephkamil/Desktop/Capstone/Oly_Data/raw/not_oly/v_BenchPress_g21_c02.avi,True
,bench_press,/Users/josephkamil/Desktop/Capstone/Oly_Data/raw/not_oly/v_BenchPress_g06_c05.avi,/Users/josephkamil/Desktop/Capstone/BenchPress/v_BenchPress_g06_c05.avi,True
,bench_press,/Users/josephkamil/Desktop/Capstone/Oly_Data/raw/not_oly/v_BenchPress_g06_c05.avi,/Users/josephkamil/Desktop/Capstone/Archived_Datasets/ucf50/UCF50/BenchPress/v_BenchPress_g06_c05.avi,True
YES,bench_press,/Users/josephkamil/Desktop/Capstone/Oly_Data/raw/not_oly/v_BenchPress_g06_c05.avi,/Users/josephkamil/Desktop/Capstone/Oly_Data/raw/not_oly/v_BenchPress_g06_c05.avi,True
,bench_press,/Users/josephkamil/Desktop/Capstone/Oly_Data/raw/not_oly/v_BenchPress_g16_c05.avi,/Users/josephkamil/Desktop/Capstone/BenchPress/v_BenchPress_g16_c05.avi,True
,bench_press,/Users/josephkamil/Desktop/Capstone/Oly_Data/raw/not_oly/v_BenchPress_g16_c05.avi,/Users/josephkamil/Desktop/Capstone/Archived_Datasets/ucf50/UCF50/BenchPress/v_BenchPress_g16_c05.avi,True
YES,bench_press,/Users/josephkamil/Desktop/Capstone/Oly_Data/raw/not_oly/v_BenchPress_g16_c05.avi,/Users/josephkamil/Desktop/Capstone/Oly_Data/raw/not_oly/v_BenchPress_g16_c05.avi,True
,bench_press,/Users/josephkamil/Desktop/Capstone/Oly_Data/raw/not_oly/v_BenchPress_g20_c07.avi,/Users/josephkamil/Desktop/Capstone/BenchPress/v_BenchPress_g20_c07.avi,True
,bench_press,/Users/josephkamil/Desktop/Capstone/Oly_Data/raw/not_oly/v_BenchPress_g20_c07.avi,/Users/josephkamil/Desktop/Capstone/Archived_Datasets/ucf50/UCF50/BenchPress/v_BenchPress_g20_c07.avi,True
YES,bench_press,/Users/josephkamil/Desktop/Capstone/Oly_Data/raw/not_oly/v_BenchPress_g20_c07.avi,/Users/josephkamil/Desktop/Capstone/Oly_Data/raw/not_oly/v_BenchPress_g20_c07.avi,True
,bench_press,/Users/josephkamil/Desktop/Capstone/Oly_Data/raw/not_oly/v_BenchPress_g16_c01.avi,/Users/josephkamil/Desktop/Capstone/BenchPress/v_BenchPress_g16_c01.avi,True
,bench_press,/Users/josephkamil/Desktop/Capstone/Oly_Data/raw/not_oly/v_BenchPress_g16_c01.avi,/Users/josephkamil/Desktop/Capstone/Archived_Datasets/ucf50/UCF50/BenchPress/v_BenchPress_g16_c01.avi,True
YES,bench_press,/Users/josephkamil/Desktop/Capstone/Oly_Data/raw/not_oly/v_BenchPress_g16_c01.avi,/Users/josephkamil/Desktop/Capstone/Oly_Data/raw/not_oly/v_BenchPress_g16_c01.avi,True
,bench_press,/Users/josephkamil/Desktop/Capstone/Oly_Data/raw/not_oly/v_BenchPress_g06_c01.avi,/Users/josephkamil/Desktop/Capstone/BenchPress/v_BenchPress_g06_c01.avi,True
,bench_press,/Users/josephkamil/Desktop/Capstone/Oly_Data/raw/not_oly/v_BenchPress_g06_c01.avi,/Users/josephkamil/Desktop/Capstone/Archived_Datasets/ucf50/UCF50/BenchPress/v_BenchPress_g06_c01.avi,True
YES,bench_press,/Users/josephkamil/Desktop/Capstone/Oly_Data/raw/not_oly/v_BenchPress_g06_c01.avi,/Users/josephkamil/Desktop/Capstone/Oly_Data/raw/not_oly/v_BenchPress_g06_c01.avi,True
,bench_press,/Users/josephkamil/Desktop/Capstone/Oly_Data/raw/not_oly/v_BenchPress_g20_c03.avi,/Users/josephkamil/Desktop/Capstone/BenchPress/v_BenchPress_g20_c03.avi,True
,bench_press,/Users/josephkamil/Desktop/Capstone/Oly_Data/raw/not_oly/v_BenchPress_g20_c03.avi,/Users/josephkamil/Desktop/Capstone/Archived_Datasets/ucf50/UCF50/BenchPress/v_BenchPress_g20_c03.avi,True
YES,bench_press,/Users/josephkamil/Desktop/Capstone/Oly_Data/raw/not_oly/v_BenchPress_g20_c03.avi,/Users/josephkamil/Desktop/Capstone/Oly_Data/raw/not_oly/v_BenchPress_g20_c03.avi,True
,bench_press,/Users/josephkamil/Desktop/Capstone/Oly_Data/raw/not_oly/v_BenchPress_g07_c04.avi,/Users/josephkamil/Desktop/Capstone/BenchPress/v_BenchPress_g07_c04.avi,True
,bench_press,/Users/josephkamil/Desktop/Capstone/Oly_Data/raw/not_oly/v_BenchPress_g07_c04.avi,/Users/josephkamil/Desktop/Capstone/Archived_Datasets/ucf50/UCF50/BenchPress/v_BenchPress_g07_c04.avi,True
YES,bench_press,/Users/josephkamil/Desktop/Capstone/Oly_Data/raw/not_oly/v_BenchPress_g07_c04.avi,/Users/josephkamil/Desktop/Capstone/Oly_Data/raw/not_oly/v_BenchPress_g07_c04.avi,True
,bench_press,/Users/josephkamil/Desktop/Capstone/Oly_Data/raw/not_oly/v_BenchPress_g17_c04.avi,/Users/josephkamil/Desktop/Capstone/BenchPress/v_BenchPress_g17_c04.avi,True
,bench_press,/Users/josephkamil/Desktop/Capstone/Oly_Data/raw/not_oly/v_BenchPress_g17_c04.avi,/Users/josephkamil/Desktop/Capstone/Archived_Datasets/ucf50/UCF50/BenchPress/v_BenchPress_g17_c04.avi,True
YES,bench_press,/Users/josephkamil/Desktop/Capstone/Oly_Data/raw/not_oly/v_BenchPress_g17_c04.avi,/Users/josephkamil/Desktop/Capstone/Oly_Data/raw/not_oly/v_BenchPress_g17_c04.avi,True
,bench_press,/Users/josephkamil/Desktop/Capstone/Oly_Data/raw/not_oly/v_BenchPress_g17_c05.avi,/Users/josephkamil/Desktop/Capstone/BenchPress/v_BenchPress_g17_c05.avi,True
,bench_press,/Users/josephkamil/Desktop/Capstone/Oly_Data/raw/not_oly/v_BenchPress_g17_c05.avi,/Users/josephkamil/Desktop/Capstone/Archived_Datasets/ucf50/UCF50/BenchPress/v_BenchPress_g17_c05.avi,True
YES,bench_press,/Users/josephkamil/Desktop/Capstone/Oly_Data/raw/not_oly/v_BenchPress_g17_c05.avi,/Users/josephkamil/Desktop/Capstone/Oly_Data/raw/not_oly/v_BenchPress_g17_c05.avi,True
,bench_press,/Users/josephkamil/Desktop/Capstone/Oly_Data/raw/not_oly/v_BenchPress_g07_c05.avi,/Users/josephkamil/Desktop/Capstone/BenchPress/v_BenchPress_g07_c05.avi,True
,bench_press,/Users/josephkamil/Desktop/Capstone/Oly_Data/raw/not_oly/v_BenchPress_g07_c05.avi,/Users/josephkamil/Desktop/Capstone/Archived_Datasets/ucf50/UCF50/BenchPress/v_BenchPress_g07_c05.avi,True
YES,bench_press,/Users/josephkamil/Desktop/Capstone/Oly_Data/raw/not_oly/v_BenchPress_g07_c05.avi,/Users/josephkamil/Desktop/Capstone/Oly_Data/raw/not_oly/v_BenchPress_g07_c05.avi,True
,bench_press,/Users/josephkamil/Desktop/Capstone/Oly_Data/raw/not_oly/v_BenchPress_g20_c02.avi,/Users/josephkamil/Desktop/Capstone/BenchPress/v_BenchPress_g20_c02.avi,True
,bench_press,/Users/josephkamil/Desktop/Capstone/Oly_Data/raw/not_oly/v_BenchPress_g20_c02.avi,/Users/josephkamil/Desktop/Capstone/Archived_Datasets/ucf50/UCF50/BenchPress/v_BenchPress_g20_c02.avi,True
YES,bench_press,/Users/josephkamil/Desktop/Capstone/Oly_Data/raw/not_oly/v_BenchPress_g20_c02.avi,/Users/josephkamil/Desktop/Capstone/Oly_Data/raw/not_oly/v_BenchPress_g20_c02.avi,True
,bench_press,/Users/josephkamil/Desktop/Capstone/Oly_Data/raw/not_oly/v_BenchPress_g06_c02.avi,/Users/josephkamil/Desktop/Capstone/BenchPress/v_BenchPress_g06_c02.avi,True
,bench_press,/Users/josephkamil/Desktop/Capstone/Oly_Data/raw/not_oly/v_BenchPress_g06_c02.avi,/Users/josephkamil/Desktop/Capstone/Archived_Datasets/ucf50/UCF50/BenchPress/v_BenchPress_g06_c02.avi,True
YES,bench_press,/Users/josephkamil/Desktop/Capstone/Oly_Data/raw/not_oly/v_BenchPress_g06_c02.avi,/Users/josephkamil/Desktop/Capstone/Oly_Data/raw/not_oly/v_BenchPress_g06_c02.avi,True
,bench_press,/Users/josephkamil/Desktop/Capstone/Oly_Data/raw/not_oly/v_BenchPress_g16_c02.avi,/Users/josephkamil/Desktop/Capstone/BenchPress/v_BenchPress_g16_c02.avi,True
,bench_press,/Users/josephkamil/Desktop/Capstone/Oly_Data/raw/not_oly/v_BenchPress_g16_c02.avi,/Users/josephkamil/Desktop/Capstone/Archived_Datasets/ucf50/UCF50/BenchPress/v_BenchPress_g16_c02.avi,True
YES,bench_press,/Users/josephkamil/Desktop/Capstone/Oly_Data/raw/not_oly/v_BenchPress_g16_c02.avi,/Users/josephkamil/Desktop/Capstone/Oly_Data/raw/not_oly/v_BenchPress_g16_c02.avi,True
,bench_press,/Users/josephkamil/Desktop/Capstone/Oly_Data/raw/not_oly/v_BenchPress_g17_c07.avi,/Users/josephkamil/Desktop/Capstone/BenchPress/v_BenchPress_g17_c07.avi,True
,bench_press,/Users/josephkamil/Desktop/Capstone/Oly_Data/raw/not_oly/v_BenchPress_g17_c07.avi,/Users/josephkamil/Desktop/Capstone/Archived_Datasets/ucf50/UCF50/BenchPress/v_BenchPress_g17_c07.avi,True
YES,bench_press,/Users/josephkamil/Desktop/Capstone/Oly_Data/raw/not_oly/v_BenchPress_g17_c07.avi,/Users/josephkamil/Desktop/Capstone/Oly_Data/raw/not_oly/v_BenchPress_g17_c07.avi,True
,bench_press,/Users/josephkamil/Desktop/Capstone/Oly_Data/raw/not_oly/v_BenchPress_g07_c07.avi,/Users/josephkamil/Desktop/Capstone/BenchPress/v_BenchPress_g07_c07.avi,True
,bench_press,/Users/josephkamil/Desktop/Capstone/Oly_Data/raw/not_oly/v_BenchPress_g07_c07.avi,/Users/josephkamil/Desktop/Capstone/Archived_Datasets/ucf50/UCF50/BenchPress/v_BenchPress_g07_c07.avi,True
YES,bench_press,/Users/josephkamil/Desktop/Capstone/Oly_Data/raw/not_oly/v_BenchPress_g07_c07.avi,/Users/josephkamil/Desktop/Capstone/Oly_Data/raw/not_oly/v_BenchPress_g07_c07.avi,True
,bench_press,/Users/josephkamil/Desktop/Capstone/Oly_Data/raw/not_oly/v_BenchPress_g21_c04.avi,/Users/josephkamil/Desktop/Capstone/BenchPress/v_BenchPress_g21_c04.avi,True
,bench_press,/Users/josephkamil/Desktop/Capstone/Oly_Data/raw/not_oly/v_BenchPress_g21_c04.avi,/Users/josephkamil/Desktop/Capstone/Archived_Datasets/ucf50/UCF50/BenchPress/v_BenchPress_g21_c04.avi,True
YES,bench_press,/Users/josephkamil/Desktop/Capstone/Oly_Data/raw/not_oly/v_BenchPress_g21_c04.avi,/Users/josephkamil/Desktop/Capstone/Oly_Data/raw/not_oly/v_BenchPress_g21_c04.avi,True
,bench_press,/Users/josephkamil/Desktop/Capstone/Oly_Data/raw/not_oly/v_BenchPress_g07_c06.avi,/Users/josephkamil/Desktop/Capstone/BenchPress/v_BenchPress_g07_c06.avi,True
,bench_press,/Users/josephkamil/Desktop/Capstone/Oly_Data/raw/not_oly/v_BenchPress_g07_c06.avi,/Users/josephkamil/Desktop/Capstone/Archived_Datasets/ucf50/UCF50/BenchPress/v_BenchPress_g07_c06.avi,True
YES,bench_press,/Users/josephkamil/Desktop/Capstone/Oly_Data/raw/not_oly/v_BenchPress_g07_c06.avi,/Users/josephkamil/Desktop/Capstone/Oly_Data/raw/not_oly/v_BenchPress_g07_c06.avi,True
,bench_press,/Users/josephkamil/Desktop/Capstone/Oly_Data/raw/not_oly/v_BenchPress_g17_c06.avi,/Users/josephkamil/Desktop/Capstone/BenchPress/v_BenchPress_g17_c06.avi,True
,bench_press,/Users/josephkamil/Desktop/Capstone/Oly_Data/raw/not_oly/v_BenchPress_g17_c06.avi,/Users/josephkamil/Desktop/Capstone/Archived_Datasets/ucf50/UCF50/BenchPress/v_BenchPress_g17_c06.avi,True
YES,bench_press,/Users/josephkamil/Desktop/Capstone/Oly_Data/raw/not_oly/v_BenchPress_g17_c06.avi,/Users/josephkamil/Desktop/Capstone/Oly_Data/raw/not_oly/v_BenchPress_g17_c06.avi,True
,bench_press,/Users/josephkamil/Desktop/Capstone/Oly_Data/raw/not_oly/v_BenchPress_g20_c01.avi,/Users/josephkamil/Desktop/Capstone/BenchPress/v_BenchPress_g20_c01.avi,True
,bench_press,/Users/josephkamil/Desktop/Capstone/Oly_Data/raw/not_oly/v_BenchPress_g20_c01.avi,/Users/josephkamil/Desktop/Capstone/Archived_Datasets/ucf50/UCF50/BenchPress/v_BenchPress_g20_c01.avi,True
YES,bench_press,/Users/josephkamil/Desktop/Capstone/Oly_Data/raw/not_oly/v_BenchPress_g20_c01.avi,/Users/josephkamil/Desktop/Capstone/Oly_Data/raw/not_oly/v_BenchPress_g20_c01.avi,True
,bench_press,/Users/josephkamil/Desktop/Capstone/Oly_Data/raw/not_oly/v_BenchPress_g16_c03.avi,/Users/josephkamil/Desktop/Capstone/BenchPress/v_BenchPress_g16_c03.avi,True
,bench_press,/Users/josephkamil/Desktop/Capstone/Oly_Data/raw/not_oly/v_BenchPress_g16_c03.avi,/Users/josephkamil/Desktop/Capstone/Archived_Datasets/ucf50/UCF50/BenchPress/v_BenchPress_g16_c03.avi,True
YES,bench_press,/Users/josephkamil/Desktop/Capstone/Oly_Data/raw/not_oly/v_BenchPress_g16_c03.avi,/Users/josephkamil/Desktop/Capstone/Oly_Data/raw/not_oly/v_BenchPress_g16_c03.avi,True
,bench_press,/Users/josephkamil/Desktop/Capstone/Oly_Data/raw/not_oly/v_BenchPress_g06_c03.avi,/Users/josephkamil/Desktop/Capstone/BenchPress/v_BenchPress_g06_c03.avi,True
,bench_press,/Users/josephkamil/Desktop/Capstone/Oly_Data/raw/not_oly/v_BenchPress_g06_c03.avi,/Users/josephkamil/Desktop/Capstone/Archived_Datasets/ucf50/UCF50/BenchPress/v_BenchPress_g06_c03.avi,True
YES,bench_press,/Users/josephkamil/Desktop/Capstone/Oly_Data/raw/not_oly/v_BenchPress_g06_c03.avi,/Users/josephkamil/Desktop/Capstone/Oly_Data/raw/not_oly/v_BenchPress_g06_c03.avi,True
YES,push_press,/Users/josephkamil/Desktop/Capstone/data/dataset_v2/raw/push_press/shoulder press_9.mp4,/Users/josephkamil/Desktop/Capstone/data/dataset_v2/raw/push_press/shoulder press_9.mp4,True
,strict_press,/Users/josephkamil/Desktop/Capstone/data/dataset_v2/raw/push_press/shoulder press_9.mp4,/Users/josephkamil/Desktop/Capstone/data/dataset_v2/raw/strict_press/shoulder press_9.mp4,True
YES,push_press,/Users/josephkamil/Desktop/Capstone/data/dataset_v2/raw/push_press/shoulder press_8.mp4,/Users/josephkamil/Desktop/Capstone/data/dataset_v2/raw/push_press/shoulder press_8.mp4,True
,strict_press,/Users/josephkamil/Desktop/Capstone/data/dataset_v2/raw/push_press/shoulder press_8.mp4,/Users/josephkamil/Desktop/Capstone/data/dataset_v2/raw/strict_press/shoulder press_8.mp4,True
YES,push_press,/Users/josephkamil/Desktop/Capstone/data/dataset_v2/raw/push_press/17496a37-c1f7-4105-9c07-e7cfbca06106.mp4,/Users/josephkamil/Desktop/Capstone/data/dataset_v2/raw/push_press/17496a37-c1f7-4105-9c07-e7cfbca06106.mp4,True
,strict_press,/Users/josephkamil/Desktop/Capstone/data/dataset_v2/raw/push_press/17496a37-c1f7-4105-9c07-e7cfbca06106.mp4,/Users/josephkamil/Desktop/Capstone/data/dataset_v2/raw/strict_press/17496a37-c1f7-4105-9c07-e7cfbca06106.mp4,True
YES,push_press,/Users/josephkamil/Desktop/Capstone/data/dataset_v2/raw/push_press/shoulder press_23.mp4,/Users/josephkamil/Desktop/Capstone/data/dataset_v2/raw/push_press/shoulder press_23.mp4,True
,strict_press,/Users/josephkamil/Desktop/Capstone/data/dataset_v2/raw/push_press/shoulder press_23.mp4,/Users/josephkamil/Desktop/Capstone/data/dataset_v2/raw/strict_press/shoulder press_23.mp4,True
YES,push_press,/Users/josephkamil/Desktop/Capstone/data/dataset_v2/raw/push_press/shoulder press_22.mp4,/Users/josephkamil/Desktop/Capstone/data/dataset_v2/raw/push_press/shoulder press_22.mp4,True
,strict_press,/Users/josephkamil/Desktop/Capstone/data/dataset_v2/raw/push_press/shoulder press_22.mp4,/Users/josephkamil/Desktop/Capstone/data/dataset_v2/raw/strict_press/shoulder press_22.mp4,True
YES,push_press,/Users/josephkamil/Desktop/Capstone/data/dataset_v2/raw/push_press/b066cbc1-931a-4af5-b668-36e98e7091b6.mp4,/Users/josephkamil/Desktop/Capstone/data/dataset_v2/raw/push_press/b066cbc1-931a-4af5-b668-36e98e7091b6.mp4,True
,strict_press,/Users/josephkamil/Desktop/Capstone/data/dataset_v2/raw/push_press/b066cbc1-931a-4af5-b668-36e98e7091b6.mp4,/Users/josephkamil/Desktop/Capstone/data/dataset_v2/raw/strict_press/b066cbc1-931a-4af5-b668-36e98e7091b6.mp4,True
YES,push_press,/Users/josephkamil/Desktop/Capstone/data/dataset_v2/raw/push_press/b8a72e6b-f7ad-406a-9aa5-a3df903ec40e.mp4,/Users/josephkamil/Desktop/Capstone/data/dataset_v2/raw/push_press/b8a72e6b-f7ad-406a-9aa5-a3df903ec40e.mp4,True
,strict_press,/Users/josephkamil/Desktop/Capstone/data/dataset_v2/raw/push_press/b8a72e6b-f7ad-406a-9aa5-a3df903ec40e.mp4,/Users/josephkamil/Desktop/Capstone/data/dataset_v2/raw/strict_press/b8a72e6b-f7ad-406a-9aa5-a3df903ec40e.mp4,True
YES,push_press,/Users/josephkamil/Desktop/Capstone/data/dataset_v2/raw/push_press/555859e7-8a16-4494-8dca-dff27cbdd9c8.mp4,/Users/josephkamil/Desktop/Capstone/data/dataset_v2/raw/push_press/555859e7-8a16-4494-8dca-dff27cbdd9c8.mp4,True
,strict_press,/Users/josephkamil/Desktop/Capstone/data/dataset_v2/raw/push_press/555859e7-8a16-4494-8dca-dff27cbdd9c8.mp4,/Users/josephkamil/Desktop/Capstone/data/dataset_v2/raw/strict_press/555859e7-8a16-4494-8dca-dff27cbdd9c8.mp4,True
YES,push_press,/Users/josephkamil/Desktop/Capstone/data/dataset_v2/raw/push_press/shoulder press_25.mp4,/Users/josephkamil/Desktop/Capstone/data/dataset_v2/raw/push_press/shoulder press_25.mp4,True
,strict_press,/Users/josephkamil/Desktop/Capstone/data/dataset_v2/raw/push_press/shoulder press_25.mp4,/Users/josephkamil/Desktop/Capstone/data/dataset_v2/raw/strict_press/shoulder press_25.mp4,True
YES,push_press,/Users/josephkamil/Desktop/Capstone/data/dataset_v2/raw/push_press/shoulder press_18.mp4,/Users/josephkamil/Desktop/Capstone/data/dataset_v2/raw/push_press/shoulder press_18.mp4,True
,strict_press,/Users/josephkamil/Desktop/Capstone/data/dataset_v2/raw/push_press/shoulder press_18.mp4,/Users/josephkamil/Desktop/Capstone/data/dataset_v2/raw/strict_press/shoulder press_18.mp4,True
YES,push_press,/Users/josephkamil/Desktop/Capstone/data/dataset_v2/raw/push_press/shoulder press_24.mp4,/Users/josephkamil/Desktop/Capstone/data/dataset_v2/raw/push_press/shoulder press_24.mp4,True
,strict_press,/Users/josephkamil/Desktop/Capstone/data/dataset_v2/raw/push_press/shoulder press_24.mp4,/Users/josephkamil/Desktop/Capstone/data/dataset_v2/raw/strict_press/shoulder press_24.mp4,True
YES,push_press,/Users/josephkamil/Desktop/Capstone/data/dataset_v2/raw/push_press/shoulder press_20.MOV,/Users/josephkamil/Desktop/Capstone/data/dataset_v2/raw/push_press/shoulder press_20.MOV,True
,strict_press,/Users/josephkamil/Desktop/Capstone/data/dataset_v2/raw/push_press/shoulder press_20.MOV,/Users/josephkamil/Desktop/Capstone/data/dataset_v2/raw/strict_press/shoulder press_20.MOV,True
YES,push_press,/Users/josephkamil/Desktop/Capstone/data/dataset_v2/raw/push_press/fc319e88-4be0-467e-9dfd-cb7b3512f3ed.mp4,/Users/josephkamil/Desktop/Capstone/data/dataset_v2/raw/push_press/fc319e88-4be0-467e-9dfd-cb7b3512f3ed.mp4,True
,strict_press,/Users/josephkamil/Desktop/Capstone/data/dataset_v2/raw/push_press/fc319e88-4be0-467e-9dfd-cb7b3512f3ed.mp4,/Users/josephkamil/Desktop/Capstone/data/dataset_v2/raw/strict_press/fc319e88-4be0-467e-9dfd-cb7b3512f3ed.mp4,True
YES,push_press,/Users/josephkamil/Desktop/Capstone/data/dataset_v2/raw/push_press/shoulder press_21.mov,/Users/josephkamil/Desktop/Capstone/data/dataset_v2/raw/push_press/shoulder press_21.mov,True
,strict_press,/Users/josephkamil/Desktop/Capstone/data/dataset_v2/raw/push_press/shoulder press_21.mov,/Users/josephkamil/Desktop/Capstone/data/dataset_v2/raw/strict_press/shoulder press_21.mov,True
YES,push_press,/Users/josephkamil/Desktop/Capstone/data/dataset_v2/raw/push_press/shoulder press_19.MOV,/Users/josephkamil/Desktop/Capstone/data/dataset_v2/raw/push_press/shoulder press_19.MOV,True
,strict_press,/Users/josephkamil/Desktop/Capstone/data/dataset_v2/raw/push_press/shoulder press_19.MOV,/Users/josephkamil/Desktop/Capstone/data/dataset_v2/raw/strict_press/shoulder press_19.MOV,True
YES,push_press,/Users/josephkamil/Desktop/Capstone/data/dataset_v2/raw/push_press/6397dc79-5ba3-4244-a426-c24d6e7cfeb0.mp4,/Users/josephkamil/Desktop/Capstone/data/dataset_v2/raw/push_press/6397dc79-5ba3-4244-a426-c24d6e7cfeb0.mp4,True
,strict_press,/Users/josephkamil/Desktop/Capstone/data/dataset_v2/raw/push_press/6397dc79-5ba3-4244-a426-c24d6e7cfeb0.mp4,/Users/josephkamil/Desktop/Capstone/data/dataset_v2/raw/strict_press/6397dc79-5ba3-4244-a426-c24d6e7cfeb0.mp4,True
YES,push_press,/Users/josephkamil/Desktop/Capstone/data/dataset_v2/raw/push_press/51f72e68-ec28-4272-b15c-45586c244398.mp4,/Users/josephkamil/Desktop/Capstone/data/dataset_v2/raw/push_press/51f72e68-ec28-4272-b15c-45586c244398.mp4,True
,strict_press,/Users/josephkamil/Desktop/Capstone/data/dataset_v2/raw/push_press/51f72e68-ec28-4272-b15c-45586c244398.mp4,/Users/josephkamil/Desktop/Capstone/data/dataset_v2/raw/strict_press/51f72e68-ec28-4272-b15c-45586c244398.mp4,True
YES,push_press,/Users/josephkamil/Desktop/Capstone/data/dataset_v2/raw/push_press/shoulder press_3.MOV,/Users/josephkamil/Desktop/Capstone/data/dataset_v2/raw/push_press/shoulder press_3.MOV,True
,strict_press,/Users/josephkamil/Desktop/Capstone/data/dataset_v2/raw/push_press/shoulder press_3.MOV,/Users/josephkamil/Desktop/Capstone/data/dataset_v2/raw/strict_press/shoulder press_3.MOV,True
YES,push_press,/Users/josephkamil/Desktop/Capstone/data/dataset_v2/raw/push_press/30fe126e-0985-48af-813f-65c30d49913d.mp4,/Users/josephkamil/Desktop/Capstone/data/dataset_v2/raw/push_press/30fe126e-0985-48af-813f-65c30d49913d.mp4,True
,strict_press,/Users/josephkamil/Desktop/Capstone/data/dataset_v2/raw/push_press/30fe126e-0985-48af-813f-65c30d49913d.mp4,/Users/josephkamil/Desktop/Capstone/data/dataset_v2/raw/strict_press/30fe126e-0985-48af-813f-65c30d49913d.mp4,True
YES,push_press,/Users/josephkamil/Desktop/Capstone/data/dataset_v2/raw/push_press/f44ec93a-ce42-46a4-97f4-015bea952a00.mp4,/Users/josephkamil/Desktop/Capstone/data/dataset_v2/raw/push_press/f44ec93a-ce42-46a4-97f4-015bea952a00.mp4,True
,strict_press,/Users/josephkamil/Desktop/Capstone/data/dataset_v2/raw/push_press/f44ec93a-ce42-46a4-97f4-015bea952a00.mp4,/Users/josephkamil/Desktop/Capstone/data/dataset_v2/raw/strict_press/f44ec93a-ce42-46a4-97f4-015bea952a00.mp4,True
YES,push_press,/Users/josephkamil/Desktop/Capstone/data/dataset_v2/raw/push_press/shoulder press_4.MOV,/Users/josephkamil/Desktop/Capstone/data/dataset_v2/raw/push_press/shoulder press_4.MOV,True
,strict_press,/Users/josephkamil/Desktop/Capstone/data/dataset_v2/raw/push_press/shoulder press_4.MOV,/Users/josephkamil/Desktop/Capstone/data/dataset_v2/raw/strict_press/shoulder press_4.MOV,True
YES,push_press,/Users/josephkamil/Desktop/Capstone/data/dataset_v2/raw/push_press/shoulder press_15.mp4,/Users/josephkamil/Desktop/Capstone/data/dataset_v2/raw/push_press/shoulder press_15.mp4,True
,strict_press,/Users/josephkamil/Desktop/Capstone/data/dataset_v2/raw/push_press/shoulder press_15.mp4,/Users/josephkamil/Desktop/Capstone/data/dataset_v2/raw/strict_press/shoulder press_15.mp4,True
YES,push_press,/Users/josephkamil/Desktop/Capstone/data/dataset_v2/raw/push_press/shoulder press_14.mp4,/Users/josephkamil/Desktop/Capstone/data/dataset_v2/raw/push_press/shoulder press_14.mp4,True
,strict_press,/Users/josephkamil/Desktop/Capstone/data/dataset_v2/raw/push_press/shoulder press_14.mp4,/Users/josephkamil/Desktop/Capstone/data/dataset_v2/raw/strict_press/shoulder press_14.mp4,True
YES,push_press,/Users/josephkamil/Desktop/Capstone/data/dataset_v2/raw/push_press/shoulder press_1.mp4,/Users/josephkamil/Desktop/Capstone/data/dataset_v2/raw/push_press/shoulder press_1.mp4,True
,strict_press,/Users/josephkamil/Desktop/Capstone/data/dataset_v2/raw/push_press/shoulder press_1.mp4,/Users/josephkamil/Desktop/Capstone/data/dataset_v2/raw/strict_press/shoulder press_1.mp4,True
YES,push_press,/Users/josephkamil/Desktop/Capstone/data/dataset_v2/raw/push_press/shoulder press_3.mp4,/Users/josephkamil/Desktop/Capstone/data/dataset_v2/raw/push_press/shoulder press_3.mp4,True
,strict_press,/Users/josephkamil/Desktop/Capstone/data/dataset_v2/raw/push_press/shoulder press_3.mp4,/Users/josephkamil/Desktop/Capstone/data/dataset_v2/raw/strict_press/shoulder press_3.mp4,True
YES,push_press,/Users/josephkamil/Desktop/Capstone/data/dataset_v2/raw/push_press/shoulder press_16.mp4,/Users/josephkamil/Desktop/Capstone/data/dataset_v2/raw/push_press/shoulder press_16.mp4,True
,strict_press,/Users/josephkamil/Desktop/Capstone/data/dataset_v2/raw/push_press/shoulder press_16.mp4,/Users/josephkamil/Desktop/Capstone/data/dataset_v2/raw/strict_press/shoulder press_16.mp4,True
YES,push_press,/Users/josephkamil/Desktop/Capstone/data/dataset_v2/raw/push_press/shoulder press_17.mp4,/Users/josephkamil/Desktop/Capstone/data/dataset_v2/raw/push_press/shoulder press_17.mp4,True
,strict_press,/Users/josephkamil/Desktop/Capstone/data/dataset_v2/raw/push_press/shoulder press_17.mp4,/Users/josephkamil/Desktop/Capstone/data/dataset_v2/raw/strict_press/shoulder press_17.mp4,True
YES,push_press,/Users/josephkamil/Desktop/Capstone/data/dataset_v2/raw/push_press/shoulder press_2.mp4,/Users/josephkamil/Desktop/Capstone/data/dataset_v2/raw/push_press/shoulder press_2.mp4,True
,strict_press,/Users/josephkamil/Desktop/Capstone/data/dataset_v2/raw/push_press/shoulder press_2.mp4,/Users/josephkamil/Desktop/Capstone/data/dataset_v2/raw/strict_press/shoulder press_2.mp4,True
YES,push_press,/Users/josephkamil/Desktop/Capstone/data/dataset_v2/raw/push_press/shoulder press_13.mp4,/Users/josephkamil/Desktop/Capstone/data/dataset_v2/raw/push_press/shoulder press_13.mp4,True
,strict_press,/Users/josephkamil/Desktop/Capstone/data/dataset_v2/raw/push_press/shoulder press_13.mp4,/Users/josephkamil/Desktop/Capstone/data/dataset_v2/raw/strict_press/shoulder press_13.mp4,True
YES,push_press,/Users/josephkamil/Desktop/Capstone/data/dataset_v2/raw/push_press/shoulder press_6.mp4,/Users/josephkamil/Desktop/Capstone/data/dataset_v2/raw/push_press/shoulder press_6.mp4,True
,strict_press,/Users/josephkamil/Desktop/Capstone/data/dataset_v2/raw/push_press/shoulder press_6.mp4,/Users/josephkamil/Desktop/Capstone/data/dataset_v2/raw/strict_press/shoulder press_6.mp4,True
YES,push_press,/Users/josephkamil/Desktop/Capstone/data/dataset_v2/raw/push_press/shoulder press_7.mp4,/Users/josephkamil/Desktop/Capstone/data/dataset_v2/raw/push_press/shoulder press_7.mp4,True
,strict_press,/Users/josephkamil/Desktop/Capstone/data/dataset_v2/raw/push_press/shoulder press_7.mp4,/Users/josephkamil/Desktop/Capstone/data/dataset_v2/raw/strict_press/shoulder press_7.mp4,True
YES,push_press,/Users/josephkamil/Desktop/Capstone/data/dataset_v2/raw/push_press/shoulder press_12.mp4,/Users/josephkamil/Desktop/Capstone/data/dataset_v2/raw/push_press/shoulder press_12.mp4,True
,strict_press,/Users/josephkamil/Desktop/Capstone/data/dataset_v2/raw/push_press/shoulder press_12.mp4,/Users/josephkamil/Desktop/Capstone/data/dataset_v2/raw/strict_press/shoulder press_12.mp4,True
YES,push_press,/Users/josephkamil/Desktop/Capstone/data/dataset_v2/raw/push_press/shoulder press_10.mp4,/Users/josephkamil/Desktop/Capstone/data/dataset_v2/raw/push_press/shoulder press_10.mp4,True
,strict_press,/Users/josephkamil/Desktop/Capstone/data/dataset_v2/raw/push_press/shoulder press_10.mp4,/Users/josephkamil/Desktop/Capstone/data/dataset_v2/raw/strict_press/shoulder press_10.mp4,True
YES,push_press,/Users/josephkamil/Desktop/Capstone/data/dataset_v2/raw/push_press/shoulder press_5.mp4,/Users/josephkamil/Desktop/Capstone/data/dataset_v2/raw/push_press/shoulder press_5.mp4,True
,strict_press,/Users/josephkamil/Desktop/Capstone/data/dataset_v2/raw/push_press/shoulder press_5.mp4,/Users/josephkamil/Desktop/Capstone/data/dataset_v2/raw/strict_press/shoulder press_5.mp4,True
YES,push_press,/Users/josephkamil/Desktop/Capstone/data/dataset_v2/raw/push_press/shoulder press_4.mp4,/Users/josephkamil/Desktop/Capstone/data/dataset_v2/raw/push_press/shoulder press_4.mp4,True
,strict_press,/Users/josephkamil/Desktop/Capstone/data/dataset_v2/raw/push_press/shoulder press_4.mp4,/Users/josephkamil/Desktop/Capstone/data/dataset_v2/raw/strict_press/shoulder press_4.mp4,True
YES,push_press,/Users/josephkamil/Desktop/Capstone/data/dataset_v2/raw/push_press/shoulder press_11.mp4,/Users/josephkamil/Desktop/Capstone/data/dataset_v2/raw/push_press/shoulder press_11.mp4,True
,strict_press,/Users/josephkamil/Desktop/Capstone/data/dataset_v2/raw/push_press/shoulder press_11.mp4,/Users/josephkamil/Desktop/Capstone/data/dataset_v2/raw/strict_press/shoulder press_11.mp4,True
YES,snatch,/Users/josephkamil/Desktop/Capstone/Oly_Data/raw/real_snatch/snatch_correct_320x240.mp4,/Users/josephkamil/Desktop/Capstone/Oly_Data/raw/real_snatch/snatch_correct_320x240.mp4,True
,snatch,/Users/josephkamil/Desktop/Capstone/Oly_Data/raw/real_snatch/snatch_correct_320x240.mp4,/Users/josephkamil/Desktop/Capstone/Oly_Data/raw/real_router/snatch/snatch_correct_320x240.mp4,True
YES,clean,/Users/josephkamil/Desktop/Capstone/Oly_Data/raw/real_clean/clean_correct_320x240.mp4,/Users/josephkamil/Desktop/Capstone/Oly_Data/raw/real_clean/clean_correct_320x240.mp4,True
,clean_and_jerk,/Users/josephkamil/Desktop/Capstone/Oly_Data/raw/real_clean/clean_correct_320x240.mp4,/Users/josephkamil/Desktop/Capstone/Oly_Data/raw/real_router/clean_and_jerk/clean_correct_320x240.mp4,True
