true_label,predicted_label,confidence,analysis_mode,error,valid_extraction,video,rep_count,raw_label,bio_label,squat_label,olympic_pred,bodyweight_router_label,bodyweight_router_conf,protected_reason,routing_trace
handstand_push_up,handstand_push_up,0.86,biomechanics_override,,True,/Users/josephkamil/Desktop/Capstone/HandstandPushups/v_HandStandPushups_g01_c01.avi,1,squat,squat,squat_back,snatch,handstand_push_up,0.985,handstand_push_up_bodyweight_pattern,"[{""stage"": ""raw_model"", ""label"": ""squat"", ""conf"": 0.817, ""reason"": """"}, {""stage"": ""bio_model"", ""label"": ""squat"", ""conf"": 0.817, ""reason"": ""model_prediction""}, {""stage"": ""squat_router"", ""label"": ""squat_back"", ""conf"": 0.97, ""reason"": """"}, {""stage"": ""olympic_router"", ""label"": ""snatch"", ""conf"": 0.558, ""reason"": """"}, {""stage"": ""bodyweight_router"", ""label"": ""handstand_push_up"", ""conf"": 0.985, ""reason"": """"}, {""stage"": ""final"", ""label"": ""handstand_push_up"", ""conf"": 0.86, ""reason"": ""biomechanics_override""}]"
handstand_push_up,handstand_push_up,0.86,biomechanics_override,,True,/Users/josephkamil/Desktop/Capstone/HandstandPushups/v_HandStandPushups_g01_c02.avi,1,squat,squat,squat_back,snatch,handstand_push_up,0.951,handstand_push_up_bodyweight_pattern,"[{""stage"": ""raw_model"", ""label"": ""squat"", ""conf"": 0.577, ""reason"": """"}, {""stage"": ""bio_model"", ""label"": ""squat"", ""conf"": 0.75, ""reason"": ""squat_pattern_detected""}, {""stage"": ""squat_router"", ""label"": ""squat_back"", ""conf"": 0.97, ""reason"": """"}, {""stage"": ""olympic_router"", ""label"": ""snatch"", ""conf"": 0.57, ""reason"": """"}, {""stage"": ""bodyweight_router"", ""label"": ""handstand_push_up"", ""conf"": 0.951, ""reason"": """"}, {""stage"": ""final"", ""label"": ""handstand_push_up"", ""conf"": 0.86, ""reason"": ""biomechanics_override""}]"
handstand_push_up,handstand_push_up,0.86,biomechanics_override,,True,/Users/josephkamil/Desktop/Capstone/HandstandPushups/v_HandStandPushups_g01_c03.avi,1,squat_front,squat_front,squat_back,snatch,handstand_push_up,0.933,handstand_push_up_bodyweight_pattern,"[{""stage"": ""raw_model"", ""label"": ""squat_front"", ""conf"": 0.582, ""reason"": """"}, {""stage"": ""bio_model"", ""label"": ""squat_front"", ""conf"": 0.582, ""reason"": ""model_prediction""}, {""stage"": ""squat_router"", ""label"": ""squat_back"", ""conf"": 0.97, ""reason"": """"}, {""stage"": ""olympic_router"", ""label"": ""snatch"", ""conf"": 0.636, ""reason"": """"}, {""stage"": ""bodyweight_router"", ""label"": ""handstand_push_up"", ""conf"": 0.933, ""reason"": """"}, {""stage"": ""final"", ""label"": ""handstand_push_up"", ""conf"": 0.86, ""reason"": ""biomechanics_override""}]"
handstand_push_up,handstand_push_up,0.86,biomechanics_override,,True,/Users/josephkamil/Desktop/Capstone/HandstandPushups/v_HandStandPushups_g01_c04.avi,1,squat_front,squat_front,squat_back,snatch,handstand_push_up,0.989,handstand_push_up_bodyweight_pattern,"[{""stage"": ""raw_model"", ""label"": ""squat_front"", ""conf"": 0.931, ""reason"": """"}, {""stage"": ""bio_model"", ""label"": ""squat_front"", ""conf"": 0.931, ""reason"": ""model_prediction""}, {""stage"": ""squat_router"", ""label"": ""squat_back"", ""conf"": 0.97, ""reason"": """"}, {""stage"": ""olympic_router"", ""label"": ""snatch"", ""conf"": 0.592, ""reason"": """"}, {""stage"": ""bodyweight_router"", ""label"": ""handstand_push_up"", ""conf"": 0.989, ""reason"": """"}, {""stage"": ""final"", ""label"": ""handstand_push_up"", ""conf"": 0.86, ""reason"": ""biomechanics_override""}]"
handstand_push_up,handstand_push_up,0.86,biomechanics_override,,True,/Users/josephkamil/Desktop/Capstone/HandstandPushups/v_HandStandPushups_g02_c01.avi,1,squat,squat,squat_back,clean_and_jerk,handstand_push_up,0.783,handstand_push_up_bodyweight_pattern,"[{""stage"": ""raw_model"", ""label"": ""squat"", ""conf"": 0.932, ""reason"": """"}, {""stage"": ""bio_model"", ""label"": ""squat"", ""conf"": 0.932, ""reason"": ""squat_pattern_detected""}, {""stage"": ""squat_router"", ""label"": ""squat_back"", ""conf"": 0.97, ""reason"": """"}, {""stage"": ""olympic_router"", ""label"": ""clean_and_jerk"", ""conf"": 0.64, ""reason"": """"}, {""stage"": ""bodyweight_router"", ""label"": ""handstand_push_up"", ""conf"": 0.783, ""reason"": """"}, {""stage"": ""final"", ""label"": ""handstand_push_up"", ""conf"": 0.86, ""reason"": ""biomechanics_override""}]"
handstand_push_up,push_up,0.86,biomechanics_override,,True,/Users/josephkamil/Desktop/Capstone/HandstandPushups/v_HandStandPushups_g02_c02.avi,1,deadlift,squat,squat_back,snatch,handstand_push_up,0.713,push_up_bodyweight_pattern,"[{""stage"": ""raw_model"", ""label"": ""deadlift"", ""conf"": 0.946, ""reason"": """"}, {""stage"": ""bio_model"", ""label"": ""squat"", ""conf"": 0.946, ""reason"": ""squat_pattern_detected""}, {""stage"": ""squat_router"", ""label"": ""squat_back"", ""conf"": 0.97, ""reason"": """"}, {""stage"": ""olympic_router"", ""label"": ""snatch"", ""conf"": 0.538, ""reason"": """"}, {""stage"": ""bodyweight_router"", ""label"": ""handstand_push_up"", ""conf"": 0.713, ""reason"": """"}, {""stage"": ""final"", ""label"": ""push_up"", ""conf"": 0.86, ""reason"": ""biomechanics_override""}]"
handstand_push_up,handstand_push_up,0.86,biomechanics_override,,True,/Users/josephkamil/Desktop/Capstone/HandstandPushups/v_HandStandPushups_g02_c03.avi,1,squat,squat,squat_back,clean_and_jerk,handstand_push_up,0.873,handstand_push_up_bodyweight_pattern,"[{""stage"": ""raw_model"", ""label"": ""squat"", ""conf"": 0.724, ""reason"": """"}, {""stage"": ""bio_model"", ""label"": ""squat"", ""conf"": 0.75, ""reason"": ""squat_pattern_detected""}, {""stage"": ""squat_router"", ""label"": ""squat_back"", ""conf"": 0.97, ""reason"": """"}, {""stage"": ""olympic_router"", ""label"": ""clean_and_jerk"", ""conf"": 0.568, ""reason"": """"}, {""stage"": ""bodyweight_router"", ""label"": ""handstand_push_up"", ""conf"": 0.873, ""reason"": """"}, {""stage"": ""final"", ""label"": ""handstand_push_up"", ""conf"": 0.86, ""reason"": ""biomechanics_override""}]"
handstand_push_up,push_up,0.86,biomechanics_override,,True,/Users/josephkamil/Desktop/Capstone/HandstandPushups/v_HandStandPushups_g02_c04.avi,1,deadlift,squat,squat_back,snatch,handstand_push_up,0.531,push_up_bodyweight_pattern,"[{""stage"": ""raw_model"", ""label"": ""deadlift"", ""conf"": 0.998, ""reason"": """"}, {""stage"": ""bio_model"", ""label"": ""squat"", ""conf"": 0.998, ""reason"": ""squat_pattern_detected""}, {""stage"": ""squat_router"", ""label"": ""squat_back"", ""conf"": 0.97, ""reason"": """"}, {""stage"": ""olympic_router"", ""label"": ""snatch"", ""conf"": 0.622, ""reason"": """"}, {""stage"": ""bodyweight_router"", ""label"": ""handstand_push_up"", ""conf"": 0.531, ""reason"": """"}, {""stage"": ""final"", ""label"": ""push_up"", ""conf"": 0.86, ""reason"": ""biomechanics_override""}]"
handstand_push_up,handstand_push_up,0.86,biomechanics_override,,True,/Users/josephkamil/Desktop/Capstone/HandstandPushups/v_HandStandPushups_g03_c01.avi,1,squat,bench_press,squat_back,,handstand_push_up,0.998,handstand_push_up_bodyweight_pattern,"[{""stage"": ""raw_model"", ""label"": ""squat"", ""conf"": 0.814, ""reason"": """"}, {""stage"": ""bio_model"", ""label"": ""bench_press"", ""conf"": 0.814, ""reason"": ""bench_pattern_detected""}, {""stage"": ""squat_router"", ""label"": ""squat_back"", ""conf"": 0.97, ""reason"": """"}, {""stage"": ""olympic_router"", ""label"": """", ""conf"": 0.0, ""reason"": """"}, {""stage"": ""bodyweight_router"", ""label"": ""handstand_push_up"", ""conf"": 0.998, ""reason"": """"}, {""stage"": ""final"", ""label"": ""handstand_push_up"", ""conf"": 0.86, ""reason"": ""biomechanics_override""}]"
handstand_push_up,handstand_push_up,0.86,biomechanics_override,,True,/Users/josephkamil/Desktop/Capstone/HandstandPushups/v_HandStandPushups_g03_c02.avi,1,squat,bench_press,squat_back,,handstand_push_up,1.0,handstand_push_up_bodyweight_pattern,"[{""stage"": ""raw_model"", ""label"": ""squat"", ""conf"": 0.649, ""reason"": """"}, {""stage"": ""bio_model"", ""label"": ""bench_press"", ""conf"": 0.8, ""reason"": ""bench_pattern_detected""}, {""stage"": ""squat_router"", ""label"": ""squat_back"", ""conf"": 0.97, ""reason"": """"}, {""stage"": ""olympic_router"", ""label"": """", ""conf"": 0.0, ""reason"": """"}, {""stage"": ""bodyweight_router"", ""label"": ""handstand_push_up"", ""conf"": 1.0, ""reason"": """"}, {""stage"": ""final"", ""label"": ""handstand_push_up"", ""conf"": 0.86, ""reason"": ""biomechanics_override""}]"
handstand_push_up,handstand_push_up,0.86,biomechanics_override,,True,/Users/josephkamil/Desktop/Capstone/HandstandPushups/v_HandStandPushups_g03_c03.avi,1,squat,bench_press,squat_back,,handstand_push_up,1.0,handstand_push_up_bodyweight_pattern,"[{""stage"": ""raw_model"", ""label"": ""squat"", ""conf"": 0.815, ""reason"": """"}, {""stage"": ""bio_model"", ""label"": ""bench_press"", ""conf"": 0.815, ""reason"": ""bench_pattern_detected""}, {""stage"": ""squat_router"", ""label"": ""squat_back"", ""conf"": 0.97, ""reason"": """"}, {""stage"": ""olympic_router"", ""label"": """", ""conf"": 0.0, ""reason"": """"}, {""stage"": ""bodyweight_router"", ""label"": ""handstand_push_up"", ""conf"": 1.0, ""reason"": """"}, {""stage"": ""final"", ""label"": ""handstand_push_up"", ""conf"": 0.86, ""reason"": ""biomechanics_override""}]"
handstand_push_up,handstand_push_up,0.86,biomechanics_override,,True,/Users/josephkamil/Desktop/Capstone/HandstandPushups/v_HandStandPushups_g03_c04.avi,1,squat,bench_press,squat_back,,handstand_push_up,1.0,handstand_push_up_bodyweight_pattern,"[{""stage"": ""raw_model"", ""label"": ""squat"", ""conf"": 0.844, ""reason"": """"}, {""stage"": ""bio_model"", ""label"": ""bench_press"", ""conf"": 0.844, ""reason"": ""bench_pattern_detected""}, {""stage"": ""squat_router"", ""label"": ""squat_back"", ""conf"": 0.97, ""reason"": """"}, {""stage"": ""olympic_router"", ""label"": """", ""conf"": 0.0, ""reason"": """"}, {""stage"": ""bodyweight_router"", ""label"": ""handstand_push_up"", ""conf"": 1.0, ""reason"": """"}, {""stage"": ""final"", ""label"": ""handstand_push_up"", ""conf"": 0.86, ""reason"": ""biomechanics_override""}]"
handstand_push_up,handstand_push_up,0.86,biomechanics_override,,True,/Users/josephkamil/Desktop/Capstone/HandstandPushups/v_HandStandPushups_g04_c01.avi,1,squat,bench_press,squat_back,,handstand_push_up,0.966,handstand_push_up_bodyweight_pattern,"[{""stage"": ""raw_model"", ""label"": ""squat"", ""conf"": 0.9, ""reason"": """"}, {""stage"": ""bio_model"", ""label"": ""bench_press"", ""conf"": 0.9, ""reason"": ""bench_pattern_detected""}, {""stage"": ""squat_router"", ""label"": ""squat_back"", ""conf"": 0.75, ""reason"": """"}, {""stage"": ""olympic_router"", ""label"": """", ""conf"": 0.0, ""reason"": """"}, {""stage"": ""bodyweight_router"", ""label"": ""handstand_push_up"", ""conf"": 0.966, ""reason"": """"}, {""stage"": ""final"", ""label"": ""handstand_push_up"", ""conf"": 0.86, ""reason"": ""biomechanics_override""}]"
handstand_push_up,handstand_push_up,0.86,biomechanics_override,,True,/Users/josephkamil/Desktop/Capstone/HandstandPushups/v_HandStandPushups_g04_c02.avi,1,squat,bench_press,squat_back,,handstand_push_up,1.0,handstand_push_up_bodyweight_pattern,"[{""stage"": ""raw_model"", ""label"": ""squat"", ""conf"": 0.905, ""reason"": """"}, {""stage"": ""bio_model"", ""label"": ""bench_press"", ""conf"": 0.905, ""reason"": ""bench_pattern_detected""}, {""stage"": ""squat_router"", ""label"": ""squat_back"", ""conf"": 0.97, ""reason"": """"}, {""stage"": ""olympic_router"", ""label"": """", ""conf"": 0.0, ""reason"": """"}, {""stage"": ""bodyweight_router"", ""label"": ""handstand_push_up"", ""conf"": 1.0, ""reason"": """"}, {""stage"": ""final"", ""label"": ""handstand_push_up"", ""conf"": 0.86, ""reason"": ""biomechanics_override""}]"
handstand_push_up,handstand_push_up,0.86,biomechanics_override,,True,/Users/josephkamil/Desktop/Capstone/HandstandPushups/v_HandStandPushups_g04_c03.avi,1,squat,bench_press,squat_front,,handstand_push_up,0.965,handstand_push_up_bodyweight_pattern,"[{""stage"": ""raw_model"", ""label"": ""squat"", ""conf"": 0.904, ""reason"": """"}, {""stage"": ""bio_model"", ""label"": ""bench_press"", ""conf"": 0.904, ""reason"": ""bench_pattern_detected""}, {""stage"": ""squat_router"", ""label"": ""squat_front"", ""conf"": 0.9, ""reason"": """"}, {""stage"": ""olympic_router"", ""label"": """", ""conf"": 0.0, ""reason"": """"}, {""stage"": ""bodyweight_router"", ""label"": ""handstand_push_up"", ""conf"": 0.965, ""reason"": """"}, {""stage"": ""final"", ""label"": ""handstand_push_up"", ""conf"": 0.86, ""reason"": ""biomechanics_override""}]"
handstand_push_up,handstand_push_up,0.86,biomechanics_override,,True,/Users/josephkamil/Desktop/Capstone/HandstandPushups/v_HandStandPushups_g04_c04.avi,1,squat,bench_press,squat_back,,handstand_push_up,0.989,handstand_push_up_bodyweight_pattern,"[{""stage"": ""raw_model"", ""label"": ""squat"", ""conf"": 0.993, ""reason"": """"}, {""stage"": ""bio_model"", ""label"": ""bench_press"", ""conf"": 0.993, ""reason"": ""bench_pattern_detected""}, {""stage"": ""squat_router"", ""label"": ""squat_back"", ""conf"": 0.97, ""reason"": """"}, {""stage"": ""olympic_router"", ""label"": """", ""conf"": 0.0, ""reason"": """"}, {""stage"": ""bodyweight_router"", ""label"": ""handstand_push_up"", ""conf"": 0.989, ""reason"": """"}, {""stage"": ""final"", ""label"": ""handstand_push_up"", ""conf"": 0.86, ""reason"": ""biomechanics_override""}]"
handstand_push_up,handstand_push_up,0.86,biomechanics_override,,True,/Users/josephkamil/Desktop/Capstone/HandstandPushups/v_HandStandPushups_g05_c01.avi,1,squat,bench_press,squat_back,,handstand_push_up,1.0,handstand_push_up_bodyweight_pattern,"[{""stage"": ""raw_model"", ""label"": ""squat"", ""conf"": 0.918, ""reason"": """"}, {""stage"": ""bio_model"", ""label"": ""bench_press"", ""conf"": 0.918, ""reason"": ""bench_pattern_detected""}, {""stage"": ""squat_router"", ""label"": ""squat_back"", ""conf"": 0.97, ""reason"": """"}, {""stage"": ""olympic_router"", ""label"": """", ""conf"": 0.0, ""reason"": """"}, {""stage"": ""bodyweight_router"", ""label"": ""handstand_push_up"", ""conf"": 1.0, ""reason"": """"}, {""stage"": ""final"", ""label"": ""handstand_push_up"", ""conf"": 0.86, ""reason"": ""biomechanics_override""}]"
handstand_push_up,handstand_push_up,0.86,biomechanics_override,,True,/Users/josephkamil/Desktop/Capstone/HandstandPushups/v_HandStandPushups_g05_c02.avi,1,squat,bench_press,squat_back,,handstand_push_up,1.0,handstand_push_up_bodyweight_pattern,"[{""stage"": ""raw_model"", ""label"": ""squat"", ""conf"": 0.868, ""reason"": """"}, {""stage"": ""bio_model"", ""label"": ""bench_press"", ""conf"": 0.868, ""reason"": ""bench_pattern_detected""}, {""stage"": ""squat_router"", ""label"": ""squat_back"", ""conf"": 0.97, ""reason"": """"}, {""stage"": ""olympic_router"", ""label"": """", ""conf"": 0.0, ""reason"": """"}, {""stage"": ""bodyweight_router"", ""label"": ""handstand_push_up"", ""conf"": 1.0, ""reason"": """"}, {""stage"": ""final"", ""label"": ""handstand_push_up"", ""conf"": 0.86, ""reason"": ""biomechanics_override""}]"
handstand_push_up,handstand_push_up,0.86,biomechanics_override,,True,/Users/josephkamil/Desktop/Capstone/HandstandPushups/v_HandStandPushups_g05_c03.avi,1,squat,bench_press,squat_back,,handstand_push_up,1.0,handstand_push_up_bodyweight_pattern,"[{""stage"": ""raw_model"", ""label"": ""squat"", ""conf"": 0.703, ""reason"": """"}, {""stage"": ""bio_model"", ""label"": ""bench_press"", ""conf"": 0.8, ""reason"": ""bench_pattern_detected""}, {""stage"": ""squat_router"", ""label"": ""squat_back"", ""conf"": 0.97, ""reason"": """"}, {""stage"": ""olympic_router"", ""label"": """", ""conf"": 0.0, ""reason"": """"}, {""stage"": ""bodyweight_router"", ""label"": ""handstand_push_up"", ""conf"": 1.0, ""reason"": """"}, {""stage"": ""final"", ""label"": ""handstand_push_up"", ""conf"": 0.86, ""reason"": ""biomechanics_override""}]"
handstand_push_up,handstand_push_up,0.86,biomechanics_override,,True,/Users/josephkamil/Desktop/Capstone/HandstandPushups/v_HandStandPushups_g05_c04.avi,1,squat,bench_press,squat_back,,handstand_push_up,0.997,handstand_push_up_bodyweight_pattern,"[{""stage"": ""raw_model"", ""label"": ""squat"", ""conf"": 0.808, ""reason"": """"}, {""stage"": ""bio_model"", ""label"": ""bench_press"", ""conf"": 0.808, ""reason"": ""bench_pattern_detected""}, {""stage"": ""squat_router"", ""label"": ""squat_back"", ""conf"": 0.97, ""reason"": """"}, {""stage"": ""olympic_router"", ""label"": """", ""conf"": 0.0, ""reason"": """"}, {""stage"": ""bodyweight_router"", ""label"": ""handstand_push_up"", ""conf"": 0.997, ""reason"": """"}, {""stage"": ""final"", ""label"": ""handstand_push_up"", ""conf"": 0.86, ""reason"": ""biomechanics_override""}]"
handstand_push_up,handstand_push_up,0.86,biomechanics_override,,True,/Users/josephkamil/Desktop/Capstone/HandstandPushups/v_HandStandPushups_g06_c01.avi,1,squat,bench_press,squat_back,clean_and_jerk,handstand_push_up,0.99,handstand_push_up_bodyweight_pattern,"[{""stage"": ""raw_model"", ""label"": ""squat"", ""conf"": 0.922, ""reason"": """"}, {""stage"": ""bio_model"", ""label"": ""bench_press"", ""conf"": 0.922, ""reason"": ""bench_pattern_detected""}, {""stage"": ""squat_router"", ""label"": ""squat_back"", ""conf"": 0.97, ""reason"": """"}, {""stage"": ""olympic_router"", ""label"": ""clean_and_jerk"", ""conf"": 0.774, ""reason"": """"}, {""stage"": ""bodyweight_router"", ""label"": ""handstand_push_up"", ""conf"": 0.99, ""reason"": """"}, {""stage"": ""final"", ""label"": ""handstand_push_up"", ""conf"": 0.86, ""reason"": ""biomechanics_override""}]"
handstand_push_up,handstand_push_up,0.86,biomechanics_override,,True,/Users/josephkamil/Desktop/Capstone/HandstandPushups/v_HandStandPushups_g06_c02.avi,1,squat,squat,squat_back,clean_and_jerk,handstand_push_up,0.986,handstand_push_up_bodyweight_pattern,"[{""stage"": ""raw_model"", ""label"": ""squat"", ""conf"": 0.906, ""reason"": """"}, {""stage"": ""bio_model"", ""label"": ""squat"", ""conf"": 0.906, ""reason"": ""model_prediction""}, {""stage"": ""squat_router"", ""label"": ""squat_back"", ""conf"": 0.97, ""reason"": """"}, {""stage"": ""olympic_router"", ""label"": ""clean_and_jerk"", ""conf"": 0.558, ""reason"": """"}, {""stage"": ""bodyweight_router"", ""label"": ""handstand_push_up"", ""conf"": 0.986, ""reason"": """"}, {""stage"": ""final"", ""label"": ""handstand_push_up"", ""conf"": 0.86, ""reason"": ""biomechanics_override""}]"
handstand_push_up,handstand_push_up,0.86,biomechanics_override,,True,/Users/josephkamil/Desktop/Capstone/HandstandPushups/v_HandStandPushups_g06_c03.avi,1,squat,bench_press,squat_back,,handstand_push_up,0.986,handstand_push_up_bodyweight_pattern,"[{""stage"": ""raw_model"", ""label"": ""squat"", ""conf"": 0.919, ""reason"": """"}, {""stage"": ""bio_model"", ""label"": ""bench_press"", ""conf"": 0.919, ""reason"": ""bench_pattern_detected""}, {""stage"": ""squat_router"", ""label"": ""squat_back"", ""conf"": 0.97, ""reason"": """"}, {""stage"": ""olympic_router"", ""label"": """", ""conf"": 0.0, ""reason"": """"}, {""stage"": ""bodyweight_router"", ""label"": ""handstand_push_up"", ""conf"": 0.986, ""reason"": """"}, {""stage"": ""final"", ""label"": ""handstand_push_up"", ""conf"": 0.86, ""reason"": ""biomechanics_override""}]"
handstand_push_up,handstand_push_up,0.86,biomechanics_override,,True,/Users/josephkamil/Desktop/Capstone/HandstandPushups/v_HandStandPushups_g06_c04.avi,1,squat,bench_press,squat_back,,handstand_push_up,0.979,handstand_push_up_bodyweight_pattern,"[{""stage"": ""raw_model"", ""label"": ""squat"", ""conf"": 0.911, ""reason"": """"}, {""stage"": ""bio_model"", ""label"": ""bench_press"", ""conf"": 0.911, ""reason"": ""bench_pattern_detected""}, {""stage"": ""squat_router"", ""label"": ""squat_back"", ""conf"": 0.857, ""reason"": """"}, {""stage"": ""olympic_router"", ""label"": """", ""conf"": 0.0, ""reason"": """"}, {""stage"": ""bodyweight_router"", ""label"": ""handstand_push_up"", ""conf"": 0.979, ""reason"": """"}, {""stage"": ""final"", ""label"": ""handstand_push_up"", ""conf"": 0.86, ""reason"": ""biomechanics_override""}]"
handstand_push_up,handstand_push_up,0.86,biomechanics_override,,True,/Users/josephkamil/Desktop/Capstone/HandstandPushups/v_HandStandPushups_g07_c01.avi,1,bench_press,bench_press,squat_back,snatch,handstand_push_up,0.967,handstand_push_up_bodyweight_pattern,"[{""stage"": ""raw_model"", ""label"": ""bench_press"", ""conf"": 0.958, ""reason"": """"}, {""stage"": ""bio_model"", ""label"": ""bench_press"", ""conf"": 0.958, ""reason"": ""trusted_model_bench_press""}, {""stage"": ""squat_router"", ""label"": ""squat_back"", ""conf"": 0.879, ""reason"": """"}, {""stage"": ""olympic_router"", ""label"": ""snatch"", ""conf"": 0.554, ""reason"": """"}, {""stage"": ""bodyweight_router"", ""label"": ""handstand_push_up"", ""conf"": 0.967, ""reason"": """"}, {""stage"": ""final"", ""label"": ""handstand_push_up"", ""conf"": 0.86, ""reason"": ""biomechanics_override""}]"
handstand_push_up,handstand_push_up,0.86,biomechanics_override,,True,/Users/josephkamil/Desktop/Capstone/HandstandPushups/v_HandStandPushups_g07_c02.avi,1,bench_press,bench_press,squat_back,snatch,handstand_push_up,0.957,handstand_push_up_bodyweight_pattern,"[{""stage"": ""raw_model"", ""label"": ""bench_press"", ""conf"": 0.904, ""reason"": """"}, {""stage"": ""bio_model"", ""label"": ""bench_press"", ""conf"": 0.904, ""reason"": ""trusted_model_bench_press""}, {""stage"": ""squat_router"", ""label"": ""squat_back"", ""conf"": 0.879, ""reason"": """"}, {""stage"": ""olympic_router"", ""label"": ""snatch"", ""conf"": 0.562, ""reason"": """"}, {""stage"": ""bodyweight_router"", ""label"": ""handstand_push_up"", ""conf"": 0.957, ""reason"": """"}, {""stage"": ""final"", ""label"": ""handstand_push_up"", ""conf"": 0.86, ""reason"": ""biomechanics_override""}]"
handstand_push_up,handstand_push_up,0.86,biomechanics_override,,True,/Users/josephkamil/Desktop/Capstone/HandstandPushups/v_HandStandPushups_g07_c03.avi,1,bench_press,bench_press,squat_back,snatch,handstand_push_up,0.975,handstand_push_up_bodyweight_pattern,"[{""stage"": ""raw_model"", ""label"": ""bench_press"", ""conf"": 0.943, ""reason"": """"}, {""stage"": ""bio_model"", ""label"": ""bench_press"", ""conf"": 0.943, ""reason"": ""trusted_model_bench_press""}, {""stage"": ""squat_router"", ""label"": ""squat_back"", ""conf"": 0.97, ""reason"": """"}, {""stage"": ""olympic_router"", ""label"": ""snatch"", ""conf"": 0.546, ""reason"": """"}, {""stage"": ""bodyweight_router"", ""label"": ""handstand_push_up"", ""conf"": 0.975, ""reason"": """"}, {""stage"": ""final"", ""label"": ""handstand_push_up"", ""conf"": 0.86, ""reason"": ""biomechanics_override""}]"
handstand_push_up,handstand_push_up,0.86,biomechanics_override,,True,/Users/josephkamil/Desktop/Capstone/HandstandPushups/v_HandStandPushups_g07_c04.avi,1,bench_press,bench_press,squat_back,snatch,handstand_push_up,0.781,handstand_push_up_bodyweight_pattern,"[{""stage"": ""raw_model"", ""label"": ""bench_press"", ""conf"": 0.981, ""reason"": """"}, {""stage"": ""bio_model"", ""label"": ""bench_press"", ""conf"": 0.981, ""reason"": ""trusted_model_bench_press""}, {""stage"": ""squat_router"", ""label"": ""squat_back"", ""conf"": 0.75, ""reason"": """"}, {""stage"": ""olympic_router"", ""label"": ""snatch"", ""conf"": 0.678, ""reason"": """"}, {""stage"": ""bodyweight_router"", ""label"": ""handstand_push_up"", ""conf"": 0.781, ""reason"": """"}, {""stage"": ""final"", ""label"": ""handstand_push_up"", ""conf"": 0.86, ""reason"": ""biomechanics_override""}]"
handstand_push_up,handstand_push_up,0.86,biomechanics_override,,True,/Users/josephkamil/Desktop/Capstone/HandstandPushups/v_HandStandPushups_g08_c01.avi,1,squat,bench_press,squat_back,,handstand_push_up,0.936,handstand_push_up_bodyweight_pattern,"[{""stage"": ""raw_model"", ""label"": ""squat"", ""conf"": 0.863, ""reason"": """"}, {""stage"": ""bio_model"", ""label"": ""bench_press"", ""conf"": 0.863, ""reason"": ""bench_pattern_detected""}, {""stage"": ""squat_router"", ""label"": ""squat_back"", ""conf"": 0.97, ""reason"": """"}, {""stage"": ""olympic_router"", ""label"": """", ""conf"": 0.0, ""reason"": """"}, {""stage"": ""bodyweight_router"", ""label"": ""handstand_push_up"", ""conf"": 0.936, ""reason"": """"}, {""stage"": ""final"", ""label"": ""handstand_push_up"", ""conf"": 0.86, ""reason"": ""biomechanics_override""}]"
handstand_push_up,handstand_push_up,0.86,biomechanics_override,,True,/Users/josephkamil/Desktop/Capstone/HandstandPushups/v_HandStandPushups_g08_c02.avi,1,squat,bench_press,squat_back,,handstand_push_up,0.95,handstand_push_up_bodyweight_pattern,"[{""stage"": ""raw_model"", ""label"": ""squat"", ""conf"": 0.781, ""reason"": """"}, {""stage"": ""bio_model"", ""label"": ""bench_press"", ""conf"": 0.8, ""reason"": ""bench_pattern_detected""}, {""stage"": ""squat_router"", ""label"": ""squat_back"", ""conf"": 0.97, ""reason"": """"}, {""stage"": ""olympic_router"", ""label"": """", ""conf"": 0.0, ""reason"": """"}, {""stage"": ""bodyweight_router"", ""label"": ""handstand_push_up"", ""conf"": 0.95, ""reason"": """"}, {""stage"": ""final"", ""label"": ""handstand_push_up"", ""conf"": 0.86, ""reason"": ""biomechanics_override""}]"
handstand_push_up,push_up,0.86,biomechanics_override,,True,/Users/josephkamil/Desktop/Capstone/HandstandPushups/v_HandStandPushups_g08_c03.avi,1,squat,squat,squat_back,,handstand_push_up,0.782,push_up_bodyweight_pattern,"[{""stage"": ""raw_model"", ""label"": ""squat"", ""conf"": 0.886, ""reason"": """"}, {""stage"": ""bio_model"", ""label"": ""squat"", ""conf"": 0.886, ""reason"": ""model_prediction""}, {""stage"": ""squat_router"", ""label"": ""squat_back"", ""conf"": 0.97, ""reason"": """"}, {""stage"": ""olympic_router"", ""label"": """", ""conf"": 0.0, ""reason"": """"}, {""stage"": ""bodyweight_router"", ""label"": ""handstand_push_up"", ""conf"": 0.782, ""reason"": """"}, {""stage"": ""final"", ""label"": ""push_up"", ""conf"": 0.86, ""reason"": ""biomechanics_override""}]"
handstand_push_up,handstand_push_up,0.86,biomechanics_override,,True,/Users/josephkamil/Desktop/Capstone/HandstandPushups/v_HandStandPushups_g08_c04.avi,1,squat,squat,squat_back,,handstand_push_up,0.894,handstand_push_up_bodyweight_pattern,"[{""stage"": ""raw_model"", ""label"": ""squat"", ""conf"": 0.875, ""reason"": """"}, {""stage"": ""bio_model"", ""label"": ""squat"", ""conf"": 0.875, ""reason"": ""model_prediction""}, {""stage"": ""squat_router"", ""label"": ""squat_back"", ""conf"": 0.97, ""reason"": """"}, {""stage"": ""olympic_router"", ""label"": """", ""conf"": 0.0, ""reason"": """"}, {""stage"": ""bodyweight_router"", ""label"": ""handstand_push_up"", ""conf"": 0.894, ""reason"": """"}, {""stage"": ""final"", ""label"": ""handstand_push_up"", ""conf"": 0.86, ""reason"": ""biomechanics_override""}]"
handstand_push_up,handstand_push_up,0.86,biomechanics_override,,True,/Users/josephkamil/Desktop/Capstone/HandstandPushups/v_HandStandPushups_g08_c05.avi,1,squat,bench_press,squat_back,,handstand_push_up,0.974,handstand_push_up_bodyweight_pattern,"[{""stage"": ""raw_model"", ""label"": ""squat"", ""conf"": 0.8, ""reason"": """"}, {""stage"": ""bio_model"", ""label"": ""bench_press"", ""conf"": 0.8, ""reason"": ""bench_pattern_detected""}, {""stage"": ""squat_router"", ""label"": ""squat_back"", ""conf"": 0.97, ""reason"": """"}, {""stage"": ""olympic_router"", ""label"": """", ""conf"": 0.0, ""reason"": """"}, {""stage"": ""bodyweight_router"", ""label"": ""handstand_push_up"", ""conf"": 0.974, ""reason"": """"}, {""stage"": ""final"", ""label"": ""handstand_push_up"", ""conf"": 0.86, ""reason"": ""biomechanics_override""}]"
handstand_push_up,handstand_push_up,0.86,biomechanics_override,,True,/Users/josephkamil/Desktop/Capstone/HandstandPushups/v_HandStandPushups_g09_c01.avi,1,squat,bench_press,squat_front,,handstand_push_up,0.988,handstand_push_up_bodyweight_pattern,"[{""stage"": ""raw_model"", ""label"": ""squat"", ""conf"": 0.845, ""reason"": """"}, {""stage"": ""bio_model"", ""label"": ""bench_press"", ""conf"": 0.845, ""reason"": ""bench_pattern_detected""}, {""stage"": ""squat_router"", ""label"": ""squat_front"", ""conf"": 0.97, ""reason"": """"}, {""stage"": ""olympic_router"", ""label"": """", ""conf"": 0.0, ""reason"": """"}, {""stage"": ""bodyweight_router"", ""label"": ""handstand_push_up"", ""conf"": 0.988, ""reason"": """"}, {""stage"": ""final"", ""label"": ""handstand_push_up"", ""conf"": 0.86, ""reason"": ""biomechanics_override""}]"
handstand_push_up,handstand_push_up,0.86,biomechanics_override,,True,/Users/josephkamil/Desktop/Capstone/HandstandPushups/v_HandStandPushups_g09_c02.avi,1,squat,squat,squat_back,clean_and_jerk,handstand_push_up,0.99,handstand_push_up_bodyweight_pattern,"[{""stage"": ""raw_model"", ""label"": ""squat"", ""conf"": 0.837, ""reason"": """"}, {""stage"": ""bio_model"", ""label"": ""squat"", ""conf"": 0.837, ""reason"": ""model_prediction""}, {""stage"": ""squat_router"", ""label"": ""squat_back"", ""conf"": 0.97, ""reason"": """"}, {""stage"": ""olympic_router"", ""label"": ""clean_and_jerk"", ""conf"": 0.698, ""reason"": """"}, {""stage"": ""bodyweight_router"", ""label"": ""handstand_push_up"", ""conf"": 0.99, ""reason"": """"}, {""stage"": ""final"", ""label"": ""handstand_push_up"", ""conf"": 0.86, ""reason"": ""biomechanics_override""}]"
handstand_push_up,handstand_push_up,0.86,biomechanics_override,,True,/Users/josephkamil/Desktop/Capstone/HandstandPushups/v_HandStandPushups_g09_c03.avi,1,squat,squat,squat_back,clean_and_jerk,handstand_push_up,0.995,handstand_push_up_bodyweight_pattern,"[{""stage"": ""raw_model"", ""label"": ""squat"", ""conf"": 0.784, ""reason"": """"}, {""stage"": ""bio_model"", ""label"": ""squat"", ""conf"": 0.784, ""reason"": ""model_prediction""}, {""stage"": ""squat_router"", ""label"": ""squat_back"", ""conf"": 0.97, ""reason"": """"}, {""stage"": ""olympic_router"", ""label"": ""clean_and_jerk"", ""conf"": 0.632, ""reason"": """"}, {""stage"": ""bodyweight_router"", ""label"": ""handstand_push_up"", ""conf"": 0.995, ""reason"": """"}, {""stage"": ""final"", ""label"": ""handstand_push_up"", ""conf"": 0.86, ""reason"": ""biomechanics_override""}]"
handstand_push_up,handstand_push_up,0.86,biomechanics_override,,True,/Users/josephkamil/Desktop/Capstone/HandstandPushups/v_HandStandPushups_g09_c04.avi,1,squat,squat,squat_back,clean_and_jerk,handstand_push_up,0.985,handstand_push_up_bodyweight_pattern,"[{""stage"": ""raw_model"", ""label"": ""squat"", ""conf"": 0.751, ""reason"": """"}, {""stage"": ""bio_model"", ""label"": ""squat"", ""conf"": 0.751, ""reason"": ""model_prediction""}, {""stage"": ""squat_router"", ""label"": ""squat_back"", ""conf"": 0.97, ""reason"": """"}, {""stage"": ""olympic_router"", ""label"": ""clean_and_jerk"", ""conf"": 0.532, ""reason"": """"}, {""stage"": ""bodyweight_router"", ""label"": ""handstand_push_up"", ""conf"": 0.985, ""reason"": """"}, {""stage"": ""final"", ""label"": ""handstand_push_up"", ""conf"": 0.86, ""reason"": ""biomechanics_override""}]"
handstand_push_up,handstand_push_up,0.86,biomechanics_override,,True,/Users/josephkamil/Desktop/Capstone/HandstandPushups/v_HandStandPushups_g10_c01.avi,1,squat,bench_press,squat_front,,handstand_push_up,1.0,handstand_push_up_bodyweight_pattern,"[{""stage"": ""raw_model"", ""label"": ""squat"", ""conf"": 0.859, ""reason"": """"}, {""stage"": ""bio_model"", ""label"": ""bench_press"", ""conf"": 0.859, ""reason"": ""bench_pattern_detected""}, {""stage"": ""squat_router"", ""label"": ""squat_front"", ""conf"": 0.97, ""reason"": """"}, {""stage"": ""olympic_router"", ""label"": """", ""conf"": 0.0, ""reason"": """"}, {""stage"": ""bodyweight_router"", ""label"": ""handstand_push_up"", ""conf"": 1.0, ""reason"": """"}, {""stage"": ""final"", ""label"": ""handstand_push_up"", ""conf"": 0.86, ""reason"": ""biomechanics_override""}]"
handstand_push_up,,,error,curl_failed_28,False,/Users/josephkamil/Desktop/Capstone/HandstandPushups/v_HandStandPushups_g10_c02.avi,0,,,,,,,,[]
handstand_push_up,handstand_push_up,0.86,biomechanics_override,,True,/Users/josephkamil/Desktop/Capstone/HandstandPushups/v_HandStandPushups_g10_c03.avi,1,squat,bench_press,squat_front,,handstand_push_up,1.0,handstand_push_up_bodyweight_pattern,"[{""stage"": ""raw_model"", ""label"": ""squat"", ""conf"": 0.857, ""reason"": """"}, {""stage"": ""bio_model"", ""label"": ""bench_press"", ""conf"": 0.857, ""reason"": ""bench_pattern_detected""}, {""stage"": ""squat_router"", ""label"": ""squat_front"", ""conf"": 0.97, ""reason"": """"}, {""stage"": ""olympic_router"", ""label"": """", ""conf"": 0.0, ""reason"": """"}, {""stage"": ""bodyweight_router"", ""label"": ""handstand_push_up"", ""conf"": 1.0, ""reason"": """"}, {""stage"": ""final"", ""label"": ""handstand_push_up"", ""conf"": 0.86, ""reason"": ""biomechanics_override""}]"
handstand_push_up,handstand_push_up,0.86,biomechanics_override,,True,/Users/josephkamil/Desktop/Capstone/HandstandPushups/v_HandStandPushups_g10_c04.avi,1,squat,bench_press,squat_front,,handstand_push_up,1.0,handstand_push_up_bodyweight_pattern,"[{""stage"": ""raw_model"", ""label"": ""squat"", ""conf"": 0.861, ""reason"": """"}, {""stage"": ""bio_model"", ""label"": ""bench_press"", ""conf"": 0.861, ""reason"": ""bench_pattern_detected""}, {""stage"": ""squat_router"", ""label"": ""squat_front"", ""conf"": 0.97, ""reason"": """"}, {""stage"": ""olympic_router"", ""label"": """", ""conf"": 0.0, ""reason"": """"}, {""stage"": ""bodyweight_router"", ""label"": ""handstand_push_up"", ""conf"": 1.0, ""reason"": """"}, {""stage"": ""final"", ""label"": ""handstand_push_up"", ""conf"": 0.86, ""reason"": ""biomechanics_override""}]"
handstand_push_up,handstand_push_up,0.86,biomechanics_override,,True,/Users/josephkamil/Desktop/Capstone/HandstandPushups/v_HandStandPushups_g11_c01.avi,1,squat,bench_press,squat_back,,handstand_push_up,0.998,handstand_push_up_bodyweight_pattern,"[{""stage"": ""raw_model"", ""label"": ""squat"", ""conf"": 0.902, ""reason"": """"}, {""stage"": ""bio_model"", ""label"": ""bench_press"", ""conf"": 0.902, ""reason"": ""bench_pattern_detected""}, {""stage"": ""squat_router"", ""label"": ""squat_back"", ""conf"": 0.97, ""reason"": """"}, {""stage"": ""olympic_router"", ""label"": """", ""conf"": 0.0, ""reason"": """"}, {""stage"": ""bodyweight_router"", ""label"": ""handstand_push_up"", ""conf"": 0.998, ""reason"": """"}, {""stage"": ""final"", ""label"": ""handstand_push_up"", ""conf"": 0.86, ""reason"": ""biomechanics_override""}]"
handstand_push_up,handstand_push_up,0.86,biomechanics_override,,True,/Users/josephkamil/Desktop/Capstone/HandstandPushups/v_HandStandPushups_g11_c02.avi,1,squat,bench_press,squat_back,,handstand_push_up,1.0,handstand_push_up_bodyweight_pattern,"[{""stage"": ""raw_model"", ""label"": ""squat"", ""conf"": 0.913, ""reason"": """"}, {""stage"": ""bio_model"", ""label"": ""bench_press"", ""conf"": 0.913, ""reason"": ""bench_pattern_detected""}, {""stage"": ""squat_router"", ""label"": ""squat_back"", ""conf"": 0.97, ""reason"": """"}, {""stage"": ""olympic_router"", ""label"": """", ""conf"": 0.0, ""reason"": """"}, {""stage"": ""bodyweight_router"", ""label"": ""handstand_push_up"", ""conf"": 1.0, ""reason"": """"}, {""stage"": ""final"", ""label"": ""handstand_push_up"", ""conf"": 0.86, ""reason"": ""biomechanics_override""}]"
handstand_push_up,handstand_push_up,0.86,biomechanics_override,,True,/Users/josephkamil/Desktop/Capstone/HandstandPushups/v_HandStandPushups_g11_c03.avi,1,squat,bench_press,squat_back,,handstand_push_up,1.0,handstand_push_up_bodyweight_pattern,"[{""stage"": ""raw_model"", ""label"": ""squat"", ""conf"": 0.883, ""reason"": """"}, {""stage"": ""bio_model"", ""label"": ""bench_press"", ""conf"": 0.883, ""reason"": ""bench_pattern_detected""}, {""stage"": ""squat_router"", ""label"": ""squat_back"", ""conf"": 0.97, ""reason"": """"}, {""stage"": ""olympic_router"", ""label"": """", ""conf"": 0.0, ""reason"": """"}, {""stage"": ""bodyweight_router"", ""label"": ""handstand_push_up"", ""conf"": 1.0, ""reason"": """"}, {""stage"": ""final"", ""label"": ""handstand_push_up"", ""conf"": 0.86, ""reason"": ""biomechanics_override""}]"
handstand_push_up,handstand_push_up,0.86,biomechanics_override,,True,/Users/josephkamil/Desktop/Capstone/HandstandPushups/v_HandStandPushups_g11_c04.avi,1,squat,bench_press,squat_back,,handstand_push_up,0.996,handstand_push_up_bodyweight_pattern,"[{""stage"": ""raw_model"", ""label"": ""squat"", ""conf"": 0.884, ""reason"": """"}, {""stage"": ""bio_model"", ""label"": ""bench_press"", ""conf"": 0.884, ""reason"": ""bench_pattern_detected""}, {""stage"": ""squat_router"", ""label"": ""squat_back"", ""conf"": 0.97, ""reason"": """"}, {""stage"": ""olympic_router"", ""label"": """", ""conf"": 0.0, ""reason"": """"}, {""stage"": ""bodyweight_router"", ""label"": ""handstand_push_up"", ""conf"": 0.996, ""reason"": """"}, {""stage"": ""final"", ""label"": ""handstand_push_up"", ""conf"": 0.86, ""reason"": ""biomechanics_override""}]"
handstand_push_up,handstand_push_up,0.86,biomechanics_override,,True,/Users/josephkamil/Desktop/Capstone/HandstandPushups/v_HandStandPushups_g11_c05.avi,1,squat,bench_press,squat_back,,handstand_push_up,1.0,handstand_push_up_bodyweight_pattern,"[{""stage"": ""raw_model"", ""label"": ""squat"", ""conf"": 0.894, ""reason"": """"}, {""stage"": ""bio_model"", ""label"": ""bench_press"", ""conf"": 0.894, ""reason"": ""bench_pattern_detected""}, {""stage"": ""squat_router"", ""label"": ""squat_back"", ""conf"": 0.97, ""reason"": """"}, {""stage"": ""olympic_router"", ""label"": """", ""conf"": 0.0, ""reason"": """"}, {""stage"": ""bodyweight_router"", ""label"": ""handstand_push_up"", ""conf"": 1.0, ""reason"": """"}, {""stage"": ""final"", ""label"": ""handstand_push_up"", ""conf"": 0.86, ""reason"": ""biomechanics_override""}]"
handstand_push_up,handstand_push_up,0.86,biomechanics_override,,True,/Users/josephkamil/Desktop/Capstone/HandstandPushups/v_HandStandPushups_g11_c06.avi,1,squat,bench_press,squat_back,,handstand_push_up,0.997,handstand_push_up_bodyweight_pattern,"[{""stage"": ""raw_model"", ""label"": ""squat"", ""conf"": 0.861, ""reason"": """"}, {""stage"": ""bio_model"", ""label"": ""bench_press"", ""conf"": 0.861, ""reason"": ""bench_pattern_detected""}, {""stage"": ""squat_router"", ""label"": ""squat_back"", ""conf"": 0.97, ""reason"": """"}, {""stage"": ""olympic_router"", ""label"": """", ""conf"": 0.0, ""reason"": """"}, {""stage"": ""bodyweight_router"", ""label"": ""handstand_push_up"", ""conf"": 0.997, ""reason"": """"}, {""stage"": ""final"", ""label"": ""handstand_push_up"", ""conf"": 0.86, ""reason"": ""biomechanics_override""}]"
handstand_push_up,handstand_push_up,0.86,biomechanics_override,,True,/Users/josephkamil/Desktop/Capstone/HandstandPushups/v_HandStandPushups_g12_c01.avi,1,squat,bench_press,squat_front,clean_and_jerk,handstand_push_up,1.0,handstand_push_up_bodyweight_pattern,"[{""stage"": ""raw_model"", ""label"": ""squat"", ""conf"": 0.913, ""reason"": """"}, {""stage"": ""bio_model"", ""label"": ""bench_press"", ""conf"": 0.913, ""reason"": ""bench_pattern_detected""}, {""stage"": ""squat_router"", ""label"": ""squat_front"", ""conf"": 0.9, ""reason"": """"}, {""stage"": ""olympic_router"", ""label"": ""clean_and_jerk"", ""conf"": 0.806, ""reason"": """"}, {""stage"": ""bodyweight_router"", ""label"": ""handstand_push_up"", ""conf"": 1.0, ""reason"": """"}, {""stage"": ""final"", ""label"": ""handstand_push_up"", ""conf"": 0.86, ""reason"": ""biomechanics_override""}]"
handstand_push_up,handstand_push_up,0.86,biomechanics_override,,True,/Users/josephkamil/Desktop/Capstone/HandstandPushups/v_HandStandPushups_g12_c02.avi,1,squat,bench_press,squat_front,clean_and_jerk,handstand_push_up,1.0,handstand_push_up_bodyweight_pattern,"[{""stage"": ""raw_model"", ""label"": ""squat"", ""conf"": 0.948, ""reason"": """"}, {""stage"": ""bio_model"", ""label"": ""bench_press"", ""conf"": 0.948, ""reason"": ""bench_pattern_detected""}, {""stage"": ""squat_router"", ""label"": ""squat_front"", ""conf"": 0.848, ""reason"": """"}, {""stage"": ""olympic_router"", ""label"": ""clean_and_jerk"", ""conf"": 0.848, ""reason"": """"}, {""stage"": ""bodyweight_router"", ""label"": ""handstand_push_up"", ""conf"": 1.0, ""reason"": """"}, {""stage"": ""final"", ""label"": ""handstand_push_up"", ""conf"": 0.86, ""reason"": ""biomechanics_override""}]"
handstand_push_up,handstand_push_up,0.86,biomechanics_override,,True,/Users/josephkamil/Desktop/Capstone/HandstandPushups/v_HandStandPushups_g12_c03.avi,1,squat,squat,squat_front,clean_and_jerk,handstand_push_up,0.993,handstand_push_up_bodyweight_pattern,"[{""stage"": ""raw_model"", ""label"": ""squat"", ""conf"": 0.907, ""reason"": """"}, {""stage"": ""bio_model"", ""label"": ""squat"", ""conf"": 0.907, ""reason"": ""model_prediction""}, {""stage"": ""squat_router"", ""label"": ""squat_front"", ""conf"": 0.919, ""reason"": """"}, {""stage"": ""olympic_router"", ""label"": ""clean_and_jerk"", ""conf"": 0.858, ""reason"": """"}, {""stage"": ""bodyweight_router"", ""label"": ""handstand_push_up"", ""conf"": 0.993, ""reason"": """"}, {""stage"": ""final"", ""label"": ""handstand_push_up"", ""conf"": 0.86, ""reason"": ""biomechanics_override""}]"
handstand_push_up,handstand_push_up,0.86,biomechanics_override,,True,/Users/josephkamil/Desktop/Capstone/HandstandPushups/v_HandStandPushups_g12_c04.avi,1,squat,bench_press,squat_front,clean_and_jerk,handstand_push_up,1.0,handstand_push_up_bodyweight_pattern,"[{""stage"": ""raw_model"", ""label"": ""squat"", ""conf"": 0.921, ""reason"": """"}, {""stage"": ""bio_model"", ""label"": ""bench_press"", ""conf"": 0.921, ""reason"": ""bench_pattern_detected""}, {""stage"": ""squat_router"", ""label"": ""squat_front"", ""conf"": 0.928, ""reason"": """"}, {""stage"": ""olympic_router"", ""label"": ""clean_and_jerk"", ""conf"": 0.842, ""reason"": """"}, {""stage"": ""bodyweight_router"", ""label"": ""handstand_push_up"", ""conf"": 1.0, ""reason"": """"}, {""stage"": ""final"", ""label"": ""handstand_push_up"", ""conf"": 0.86, ""reason"": ""biomechanics_override""}]"
handstand_push_up,handstand_push_up,0.86,biomechanics_override,,True,/Users/josephkamil/Desktop/Capstone/HandstandPushups/v_HandStandPushups_g12_c05.avi,1,squat,bench_press,squat_back,clean_and_jerk,handstand_push_up,0.992,handstand_push_up_bodyweight_pattern,"[{""stage"": ""raw_model"", ""label"": ""squat"", ""conf"": 0.929, ""reason"": """"}, {""stage"": ""bio_model"", ""label"": ""bench_press"", ""conf"": 0.929, ""reason"": ""bench_pattern_detected""}, {""stage"": ""squat_router"", ""label"": ""squat_back"", ""conf"": 0.97, ""reason"": """"}, {""stage"": ""olympic_router"", ""label"": ""clean_and_jerk"", ""conf"": 0.86, ""reason"": """"}, {""stage"": ""bodyweight_router"", ""label"": ""handstand_push_up"", ""conf"": 0.992, ""reason"": """"}, {""stage"": ""final"", ""label"": ""handstand_push_up"", ""conf"": 0.86, ""reason"": ""biomechanics_override""}]"
handstand_push_up,handstand_push_up,0.86,biomechanics_override,,True,/Users/josephkamil/Desktop/Capstone/HandstandPushups/v_HandStandPushups_g12_c06.avi,1,squat,bench_press,squat_front,clean_and_jerk,handstand_push_up,1.0,handstand_push_up_bodyweight_pattern,"[{""stage"": ""raw_model"", ""label"": ""squat"", ""conf"": 0.844, ""reason"": """"}, {""stage"": ""bio_model"", ""label"": ""bench_press"", ""conf"": 0.844, ""reason"": ""bench_pattern_detected""}, {""stage"": ""squat_router"", ""label"": ""squat_front"", ""conf"": 0.936, ""reason"": """"}, {""stage"": ""olympic_router"", ""label"": ""clean_and_jerk"", ""conf"": 0.824, ""reason"": """"}, {""stage"": ""bodyweight_router"", ""label"": ""handstand_push_up"", ""conf"": 1.0, ""reason"": """"}, {""stage"": ""final"", ""label"": ""handstand_push_up"", ""conf"": 0.86, ""reason"": ""biomechanics_override""}]"
handstand_push_up,handstand_push_up,0.86,biomechanics_override,,True,/Users/josephkamil/Desktop/Capstone/HandstandPushups/v_HandStandPushups_g12_c07.avi,1,squat,bench_press,squat_front,clean_and_jerk,handstand_push_up,1.0,handstand_push_up_bodyweight_pattern,"[{""stage"": ""raw_model"", ""label"": ""squat"", ""conf"": 0.881, ""reason"": """"}, {""stage"": ""bio_model"", ""label"": ""bench_press"", ""conf"": 0.881, ""reason"": ""bench_pattern_detected""}, {""stage"": ""squat_router"", ""label"": ""squat_front"", ""conf"": 0.722, ""reason"": """"}, {""stage"": ""olympic_router"", ""label"": ""clean_and_jerk"", ""conf"": 0.84, ""reason"": """"}, {""stage"": ""bodyweight_router"", ""label"": ""handstand_push_up"", ""conf"": 1.0, ""reason"": """"}, {""stage"": ""final"", ""label"": ""handstand_push_up"", ""conf"": 0.86, ""reason"": ""biomechanics_override""}]"
handstand_push_up,handstand_push_up,0.86,biomechanics_override,,True,/Users/josephkamil/Desktop/Capstone/HandstandPushups/v_HandStandPushups_g13_c01.avi,1,squat,bench_press,squat_front,clean_and_jerk,handstand_push_up,0.99,handstand_push_up_bodyweight_pattern,"[{""stage"": ""raw_model"", ""label"": ""squat"", ""conf"": 0.902, ""reason"": """"}, {""stage"": ""bio_model"", ""label"": ""bench_press"", ""conf"": 0.902, ""reason"": ""bench_pattern_detected""}, {""stage"": ""squat_router"", ""label"": ""squat_front"", ""conf"": 0.97, ""reason"": """"}, {""stage"": ""olympic_router"", ""label"": ""clean_and_jerk"", ""conf"": 0.782, ""reason"": """"}, {""stage"": ""bodyweight_router"", ""label"": ""handstand_push_up"", ""conf"": 0.99, ""reason"": """"}, {""stage"": ""final"", ""label"": ""handstand_push_up"", ""conf"": 0.86, ""reason"": ""biomechanics_override""}]"
handstand_push_up,handstand_push_up,0.86,biomechanics_override,,True,/Users/josephkamil/Desktop/Capstone/HandstandPushups/v_HandStandPushups_g13_c02.avi,1,squat,squat,squat_back,clean_and_jerk,handstand_push_up,0.992,handstand_push_up_bodyweight_pattern,"[{""stage"": ""raw_model"", ""label"": ""squat"", ""conf"": 0.874, ""reason"": """"}, {""stage"": ""bio_model"", ""label"": ""squat"", ""conf"": 0.874, ""reason"": ""model_prediction""}, {""stage"": ""squat_router"", ""label"": ""squat_back"", ""conf"": 0.97, ""reason"": """"}, {""stage"": ""olympic_router"", ""label"": ""clean_and_jerk"", ""conf"": 0.794, ""reason"": """"}, {""stage"": ""bodyweight_router"", ""label"": ""handstand_push_up"", ""conf"": 0.992, ""reason"": """"}, {""stage"": ""final"", ""label"": ""handstand_push_up"", ""conf"": 0.86, ""reason"": ""biomechanics_override""}]"
handstand_push_up,handstand_push_up,0.86,biomechanics_override,,True,/Users/josephkamil/Desktop/Capstone/HandstandPushups/v_HandStandPushups_g13_c03.avi,1,squat,squat,squat_back,clean_and_jerk,handstand_push_up,1.0,handstand_push_up_bodyweight_pattern,"[{""stage"": ""raw_model"", ""label"": ""squat"", ""conf"": 0.88, ""reason"": """"}, {""stage"": ""bio_model"", ""label"": ""squat"", ""conf"": 0.88, ""reason"": ""squat_pattern_detected""}, {""stage"": ""squat_router"", ""label"": ""squat_back"", ""conf"": 0.97, ""reason"": """"}, {""stage"": ""olympic_router"", ""label"": ""clean_and_jerk"", ""conf"": 0.642, ""reason"": """"}, {""stage"": ""bodyweight_router"", ""label"": ""handstand_push_up"", ""conf"": 1.0, ""reason"": """"}, {""stage"": ""final"", ""label"": ""handstand_push_up"", ""conf"": 0.86, ""reason"": ""biomechanics_override""}]"
handstand_push_up,handstand_push_up,0.86,biomechanics_override,,True,/Users/josephkamil/Desktop/Capstone/HandstandPushups/v_HandStandPushups_g13_c04.avi,1,squat,squat,squat_back,clean_and_jerk,handstand_push_up,1.0,handstand_push_up_bodyweight_pattern,"[{""stage"": ""raw_model"", ""label"": ""squat"", ""conf"": 0.9, ""reason"": """"}, {""stage"": ""bio_model"", ""label"": ""squat"", ""conf"": 0.9, ""reason"": ""squat_pattern_detected""}, {""stage"": ""squat_router"", ""label"": ""squat_back"", ""conf"": 0.97, ""reason"": """"}, {""stage"": ""olympic_router"", ""label"": ""clean_and_jerk"", ""conf"": 0.556, ""reason"": """"}, {""stage"": ""bodyweight_router"", ""label"": ""handstand_push_up"", ""conf"": 1.0, ""reason"": """"}, {""stage"": ""final"", ""label"": ""handstand_push_up"", ""conf"": 0.86, ""reason"": ""biomechanics_override""}]"
handstand_push_up,handstand_push_up,0.86,biomechanics_override,,True,/Users/josephkamil/Desktop/Capstone/HandstandPushups/v_HandStandPushups_g13_c05.avi,1,squat,squat,squat_back,clean_and_jerk,handstand_push_up,1.0,handstand_push_up_bodyweight_pattern,"[{""stage"": ""raw_model"", ""label"": ""squat"", ""conf"": 0.901, ""reason"": """"}, {""stage"": ""bio_model"", ""label"": ""squat"", ""conf"": 0.901, ""reason"": ""squat_pattern_detected""}, {""stage"": ""squat_router"", ""label"": ""squat_back"", ""conf"": 0.966, ""reason"": """"}, {""stage"": ""olympic_router"", ""label"": ""clean_and_jerk"", ""conf"": 0.614, ""reason"": """"}, {""stage"": ""bodyweight_router"", ""label"": ""handstand_push_up"", ""conf"": 1.0, ""reason"": """"}, {""stage"": ""final"", ""label"": ""handstand_push_up"", ""conf"": 0.86, ""reason"": ""biomechanics_override""}]"
handstand_push_up,handstand_push_up,0.86,biomechanics_override,,True,/Users/josephkamil/Desktop/Capstone/HandstandPushups/v_HandStandPushups_g13_c06.avi,1,squat,squat,squat_front,clean_and_jerk,handstand_push_up,1.0,handstand_push_up_bodyweight_pattern,"[{""stage"": ""raw_model"", ""label"": ""squat"", ""conf"": 0.901, ""reason"": """"}, {""stage"": ""bio_model"", ""label"": ""squat"", ""conf"": 0.901, ""reason"": ""model_prediction""}, {""stage"": ""squat_router"", ""label"": ""squat_front"", ""conf"": 0.722, ""reason"": """"}, {""stage"": ""olympic_router"", ""label"": ""clean_and_jerk"", ""conf"": 0.624, ""reason"": """"}, {""stage"": ""bodyweight_router"", ""label"": ""handstand_push_up"", ""conf"": 1.0, ""reason"": """"}, {""stage"": ""final"", ""label"": ""handstand_push_up"", ""conf"": 0.86, ""reason"": ""biomechanics_override""}]"
handstand_push_up,handstand_push_up,0.86,biomechanics_override,,True,/Users/josephkamil/Desktop/Capstone/HandstandPushups/v_HandStandPushups_g13_c07.avi,1,squat,squat,squat_back,clean_and_jerk,handstand_push_up,0.997,handstand_push_up_bodyweight_pattern,"[{""stage"": ""raw_model"", ""label"": ""squat"", ""conf"": 0.916, ""reason"": """"}, {""stage"": ""bio_model"", ""label"": ""squat"", ""conf"": 0.916, ""reason"": ""model_prediction""}, {""stage"": ""squat_router"", ""label"": ""squat_back"", ""conf"": 0.976, ""reason"": """"}, {""stage"": ""olympic_router"", ""label"": ""clean_and_jerk"", ""conf"": 0.606, ""reason"": """"}, {""stage"": ""bodyweight_router"", ""label"": ""handstand_push_up"", ""conf"": 0.997, ""reason"": """"}, {""stage"": ""final"", ""label"": ""handstand_push_up"", ""conf"": 0.86, ""reason"": ""biomechanics_override""}]"
handstand_push_up,handstand_push_up,0.86,biomechanics_override,,True,/Users/josephkamil/Desktop/Capstone/HandstandPushups/v_HandStandPushups_g14_c01.avi,1,deadlift,squat,squat_front,clean_and_jerk,handstand_push_up,0.949,handstand_push_up_bodyweight_pattern,"[{""stage"": ""raw_model"", ""label"": ""deadlift"", ""conf"": 0.877, ""reason"": """"}, {""stage"": ""bio_model"", ""label"": ""squat"", ""conf"": 0.877, ""reason"": ""squat_pattern_detected""}, {""stage"": ""squat_router"", ""label"": ""squat_front"", ""conf"": 0.97, ""reason"": """"}, {""stage"": ""olympic_router"", ""label"": ""clean_and_jerk"", ""conf"": 0.54, ""reason"": """"}, {""stage"": ""bodyweight_router"", ""label"": ""handstand_push_up"", ""conf"": 0.949, ""reason"": """"}, {""stage"": ""final"", ""label"": ""handstand_push_up"", ""conf"": 0.86, ""reason"": ""biomechanics_override""}]"
handstand_push_up,handstand_push_up,0.86,biomechanics_override,,True,/Users/josephkamil/Desktop/Capstone/HandstandPushups/v_HandStandPushups_g14_c02.avi,1,deadlift,squat,squat_front,clean_and_jerk,handstand_push_up,0.982,handstand_push_up_bodyweight_pattern,"[{""stage"": ""raw_model"", ""label"": ""deadlift"", ""conf"": 0.898, ""reason"": """"}, {""stage"": ""bio_model"", ""label"": ""squat"", ""conf"": 0.898, ""reason"": ""squat_pattern_detected""}, {""stage"": ""squat_router"", ""label"": ""squat_front"", ""conf"": 0.97, ""reason"": """"}, {""stage"": ""olympic_router"", ""label"": ""clean_and_jerk"", ""conf"": 0.54, ""reason"": """"}, {""stage"": ""bodyweight_router"", ""label"": ""handstand_push_up"", ""conf"": 0.982, ""reason"": """"}, {""stage"": ""final"", ""label"": ""handstand_push_up"", ""conf"": 0.86, ""reason"": ""biomechanics_override""}]"
handstand_push_up,handstand_push_up,0.86,biomechanics_override,,True,/Users/josephkamil/Desktop/Capstone/HandstandPushups/v_HandStandPushups_g14_c03.avi,1,deadlift,squat,squat_front,clean_and_jerk,handstand_push_up,0.942,handstand_push_up_bodyweight_pattern,"[{""stage"": ""raw_model"", ""label"": ""deadlift"", ""conf"": 0.796, ""reason"": """"}, {""stage"": ""bio_model"", ""label"": ""squat"", ""conf"": 0.796, ""reason"": ""squat_pattern_detected""}, {""stage"": ""squat_router"", ""label"": ""squat_front"", ""conf"": 0.97, ""reason"": """"}, {""stage"": ""olympic_router"", ""label"": ""clean_and_jerk"", ""conf"": 0.526, ""reason"": """"}, {""stage"": ""bodyweight_router"", ""label"": ""handstand_push_up"", ""conf"": 0.942, ""reason"": """"}, {""stage"": ""final"", ""label"": ""handstand_push_up"", ""conf"": 0.86, ""reason"": ""biomechanics_override""}]"
handstand_push_up,Unknown,0.0,insufficient_data,,False,/Users/josephkamil/Desktop/Capstone/HandstandPushups/v_HandStandPushups_g14_c04.avi,0,,,,,,,,[]
handstand_push_up,handstand_push_up,0.86,biomechanics_override,,True,/Users/josephkamil/Desktop/Capstone/HandstandPushups/v_HandStandPushups_g15_c01.avi,1,squat,bench_press,squat_front,,handstand_push_up,1.0,handstand_push_up_bodyweight_pattern,"[{""stage"": ""raw_model"", ""label"": ""squat"", ""conf"": 0.905, ""reason"": """"}, {""stage"": ""bio_model"", ""label"": ""bench_press"", ""conf"": 0.905, ""reason"": ""bench_pattern_detected""}, {""stage"": ""squat_router"", ""label"": ""squat_front"", ""conf"": 0.593, ""reason"": """"}, {""stage"": ""olympic_router"", ""label"": """", ""conf"": 0.0, ""reason"": """"}, {""stage"": ""bodyweight_router"", ""label"": ""handstand_push_up"", ""conf"": 1.0, ""reason"": """"}, {""stage"": ""final"", ""label"": ""handstand_push_up"", ""conf"": 0.86, ""reason"": ""biomechanics_override""}]"
handstand_push_up,handstand_push_up,0.86,biomechanics_override,,True,/Users/josephkamil/Desktop/Capstone/HandstandPushups/v_HandStandPushups_g15_c02.avi,1,squat,bench_press,squat_front,,handstand_push_up,1.0,handstand_push_up_bodyweight_pattern,"[{""stage"": ""raw_model"", ""label"": ""squat"", ""conf"": 0.896, ""reason"": """"}, {""stage"": ""bio_model"", ""label"": ""bench_press"", ""conf"": 0.896, ""reason"": ""bench_pattern_detected""}, {""stage"": ""squat_router"", ""label"": ""squat_front"", ""conf"": 0.97, ""reason"": """"}, {""stage"": ""olympic_router"", ""label"": """", ""conf"": 0.0, ""reason"": """"}, {""stage"": ""bodyweight_router"", ""label"": ""handstand_push_up"", ""conf"": 1.0, ""reason"": """"}, {""stage"": ""final"", ""label"": ""handstand_push_up"", ""conf"": 0.86, ""reason"": ""biomechanics_override""}]"
handstand_push_up,handstand_push_up,0.86,biomechanics_override,,True,/Users/josephkamil/Desktop/Capstone/HandstandPushups/v_HandStandPushups_g15_c03.avi,1,squat,bench_press,squat_front,,handstand_push_up,1.0,handstand_push_up_bodyweight_pattern,"[{""stage"": ""raw_model"", ""label"": ""squat"", ""conf"": 0.895, ""reason"": """"}, {""stage"": ""bio_model"", ""label"": ""bench_press"", ""conf"": 0.895, ""reason"": ""bench_pattern_detected""}, {""stage"": ""squat_router"", ""label"": ""squat_front"", ""conf"": 0.97, ""reason"": """"}, {""stage"": ""olympic_router"", ""label"": """", ""conf"": 0.0, ""reason"": """"}, {""stage"": ""bodyweight_router"", ""label"": ""handstand_push_up"", ""conf"": 1.0, ""reason"": """"}, {""stage"": ""final"", ""label"": ""handstand_push_up"", ""conf"": 0.86, ""reason"": ""biomechanics_override""}]"
handstand_push_up,handstand_push_up,0.86,biomechanics_override,,True,/Users/josephkamil/Desktop/Capstone/HandstandPushups/v_HandStandPushups_g15_c04.avi,1,squat,bench_press,squat_front,,handstand_push_up,1.0,handstand_push_up_bodyweight_pattern,"[{""stage"": ""raw_model"", ""label"": ""squat"", ""conf"": 0.898, ""reason"": """"}, {""stage"": ""bio_model"", ""label"": ""bench_press"", ""conf"": 0.898, ""reason"": ""bench_pattern_detected""}, {""stage"": ""squat_router"", ""label"": ""squat_front"", ""conf"": 0.9, ""reason"": """"}, {""stage"": ""olympic_router"", ""label"": """", ""conf"": 0.0, ""reason"": """"}, {""stage"": ""bodyweight_router"", ""label"": ""handstand_push_up"", ""conf"": 1.0, ""reason"": """"}, {""stage"": ""final"", ""label"": ""handstand_push_up"", ""conf"": 0.86, ""reason"": ""biomechanics_override""}]"
handstand_push_up,handstand_push_up,0.86,biomechanics_override,,True,/Users/josephkamil/Desktop/Capstone/HandstandPushups/v_HandStandPushups_g15_c05.avi,1,squat,bench_press,squat_front,,handstand_push_up,1.0,handstand_push_up_bodyweight_pattern,"[{""stage"": ""raw_model"", ""label"": ""squat"", ""conf"": 0.887, ""reason"": """"}, {""stage"": ""bio_model"", ""label"": ""bench_press"", ""conf"": 0.887, ""reason"": ""bench_pattern_detected""}, {""stage"": ""squat_router"", ""label"": ""squat_front"", ""conf"": 0.97, ""reason"": """"}, {""stage"": ""olympic_router"", ""label"": """", ""conf"": 0.0, ""reason"": """"}, {""stage"": ""bodyweight_router"", ""label"": ""handstand_push_up"", ""conf"": 1.0, ""reason"": """"}, {""stage"": ""final"", ""label"": ""handstand_push_up"", ""conf"": 0.86, ""reason"": ""biomechanics_override""}]"
handstand_push_up,handstand_push_up,0.86,biomechanics_override,,True,/Users/josephkamil/Desktop/Capstone/HandstandPushups/v_HandStandPushups_g15_c06.avi,1,squat,bench_press,squat_back,,handstand_push_up,1.0,handstand_push_up_bodyweight_pattern,"[{""stage"": ""raw_model"", ""label"": ""squat"", ""conf"": 0.885, ""reason"": """"}, {""stage"": ""bio_model"", ""label"": ""bench_press"", ""conf"": 0.885, ""reason"": ""bench_pattern_detected""}, {""stage"": ""squat_router"", ""label"": ""squat_back"", ""conf"": 0.97, ""reason"": """"}, {""stage"": ""olympic_router"", ""label"": """", ""conf"": 0.0, ""reason"": """"}, {""stage"": ""bodyweight_router"", ""label"": ""handstand_push_up"", ""conf"": 1.0, ""reason"": """"}, {""stage"": ""final"", ""label"": ""handstand_push_up"", ""conf"": 0.86, ""reason"": ""biomechanics_override""}]"
handstand_push_up,push_up,0.86,biomechanics_override,,True,/Users/josephkamil/Desktop/Capstone/HandstandPushups/v_HandStandPushups_g16_c01.avi,1,squat,bench_press,squat_front,,handstand_push_up,0.954,push_up_bodyweight_pattern,"[{""stage"": ""raw_model"", ""label"": ""squat"", ""conf"": 0.978, ""reason"": """"}, {""stage"": ""bio_model"", ""label"": ""bench_press"", ""conf"": 0.978, ""reason"": ""bench_pattern_detected""}, {""stage"": ""squat_router"", ""label"": ""squat_front"", ""conf"": 0.97, ""reason"": """"}, {""stage"": ""olympic_router"", ""label"": """", ""conf"": 0.0, ""reason"": """"}, {""stage"": ""bodyweight_router"", ""label"": ""handstand_push_up"", ""conf"": 0.954, ""reason"": """"}, {""stage"": ""final"", ""label"": ""push_up"", ""conf"": 0.86, ""reason"": ""biomechanics_override""}]"
handstand_push_up,push_up,0.86,biomechanics_override,,True,/Users/josephkamil/Desktop/Capstone/HandstandPushups/v_HandStandPushups_g16_c02.avi,1,squat,bench_press,squat_back,,handstand_push_up,0.993,push_up_bodyweight_pattern,"[{""stage"": ""raw_model"", ""label"": ""squat"", ""conf"": 0.977, ""reason"": """"}, {""stage"": ""bio_model"", ""label"": ""bench_press"", ""conf"": 0.977, ""reason"": ""bench_pattern_detected""}, {""stage"": ""squat_router"", ""label"": ""squat_back"", ""conf"": 0.97, ""reason"": """"}, {""stage"": ""olympic_router"", ""label"": """", ""conf"": 0.0, ""reason"": """"}, {""stage"": ""bodyweight_router"", ""label"": ""handstand_push_up"", ""conf"": 0.993, ""reason"": """"}, {""stage"": ""final"", ""label"": ""push_up"", ""conf"": 0.86, ""reason"": ""biomechanics_override""}]"
handstand_push_up,push_up,0.86,biomechanics_override,,True,/Users/josephkamil/Desktop/Capstone/HandstandPushups/v_HandStandPushups_g16_c03.avi,1,squat,bench_press,squat_back,,handstand_push_up,0.994,push_up_bodyweight_pattern,"[{""stage"": ""raw_model"", ""label"": ""squat"", ""conf"": 0.906, ""reason"": """"}, {""stage"": ""bio_model"", ""label"": ""bench_press"", ""conf"": 0.906, ""reason"": ""bench_pattern_detected""}, {""stage"": ""squat_router"", ""label"": ""squat_back"", ""conf"": 0.97, ""reason"": """"}, {""stage"": ""olympic_router"", ""label"": """", ""conf"": 0.0, ""reason"": """"}, {""stage"": ""bodyweight_router"", ""label"": ""handstand_push_up"", ""conf"": 0.994, ""reason"": """"}, {""stage"": ""final"", ""label"": ""push_up"", ""conf"": 0.86, ""reason"": ""biomechanics_override""}]"
handstand_push_up,push_up,0.86,biomechanics_override,,True,/Users/josephkamil/Desktop/Capstone/HandstandPushups/v_HandStandPushups_g16_c04.avi,1,squat,bench_press,squat_front,,handstand_push_up,0.979,push_up_bodyweight_pattern,"[{""stage"": ""raw_model"", ""label"": ""squat"", ""conf"": 0.641, ""reason"": """"}, {""stage"": ""bio_model"", ""label"": ""bench_press"", ""conf"": 0.8, ""reason"": ""bench_pattern_detected""}, {""stage"": ""squat_router"", ""label"": ""squat_front"", ""conf"": 0.97, ""reason"": """"}, {""stage"": ""olympic_router"", ""label"": """", ""conf"": 0.0, ""reason"": """"}, {""stage"": ""bodyweight_router"", ""label"": ""handstand_push_up"", ""conf"": 0.979, ""reason"": """"}, {""stage"": ""final"", ""label"": ""push_up"", ""conf"": 0.86, ""reason"": ""biomechanics_override""}]"
handstand_push_up,handstand_push_up,0.86,biomechanics_override,,True,/Users/josephkamil/Desktop/Capstone/HandstandPushups/v_HandStandPushups_g16_c05.avi,1,squat_front,bench_press,squat_back,,handstand_push_up,0.981,handstand_push_up_bodyweight_pattern,"[{""stage"": ""raw_model"", ""label"": ""squat_front"", ""conf"": 0.743, ""reason"": """"}, {""stage"": ""bio_model"", ""label"": ""bench_press"", ""conf"": 0.8, ""reason"": ""bench_pattern_detected""}, {""stage"": ""squat_router"", ""label"": ""squat_back"", ""conf"": 0.97, ""reason"": """"}, {""stage"": ""olympic_router"", ""label"": """", ""conf"": 0.0, ""reason"": """"}, {""stage"": ""bodyweight_router"", ""label"": ""handstand_push_up"", ""conf"": 0.981, ""reason"": """"}, {""stage"": ""final"", ""label"": ""handstand_push_up"", ""conf"": 0.86, ""reason"": ""biomechanics_override""}]"
handstand_push_up,handstand_push_up,0.86,biomechanics_override,,True,/Users/josephkamil/Desktop/Capstone/HandstandPushups/v_HandStandPushups_g16_c06.avi,1,squat_front,bench_press,squat_back,,handstand_push_up,0.991,handstand_push_up_bodyweight_pattern,"[{""stage"": ""raw_model"", ""label"": ""squat_front"", ""conf"": 0.98, ""reason"": """"}, {""stage"": ""bio_model"", ""label"": ""bench_press"", ""conf"": 0.98, ""reason"": ""bench_pattern_detected""}, {""stage"": ""squat_router"", ""label"": ""squat_back"", ""conf"": 0.97, ""reason"": """"}, {""stage"": ""olympic_router"", ""label"": """", ""conf"": 0.0, ""reason"": """"}, {""stage"": ""bodyweight_router"", ""label"": ""handstand_push_up"", ""conf"": 0.991, ""reason"": """"}, {""stage"": ""final"", ""label"": ""handstand_push_up"", ""conf"": 0.86, ""reason"": ""biomechanics_override""}]"
handstand_push_up,handstand_push_up,0.86,biomechanics_override,,True,/Users/josephkamil/Desktop/Capstone/HandstandPushups/v_HandStandPushups_g16_c07.avi,1,squat,bench_press,squat_back,,handstand_push_up,0.985,handstand_push_up_bodyweight_pattern,"[{""stage"": ""raw_model"", ""label"": ""squat"", ""conf"": 0.58, ""reason"": """"}, {""stage"": ""bio_model"", ""label"": ""bench_press"", ""conf"": 0.8, ""reason"": ""bench_pattern_detected""}, {""stage"": ""squat_router"", ""label"": ""squat_back"", ""conf"": 0.97, ""reason"": """"}, {""stage"": ""olympic_router"", ""label"": """", ""conf"": 0.0, ""reason"": """"}, {""stage"": ""bodyweight_router"", ""label"": ""handstand_push_up"", ""conf"": 0.985, ""reason"": """"}, {""stage"": ""final"", ""label"": ""handstand_push_up"", ""conf"": 0.86, ""reason"": ""biomechanics_override""}]"
handstand_push_up,handstand_push_up,0.86,biomechanics_override,,True,/Users/josephkamil/Desktop/Capstone/HandstandPushups/v_HandStandPushups_g17_c01.avi,1,bench_press,bench_press,squat_back,,handstand_push_up,1.0,handstand_push_up_bodyweight_pattern,"[{""stage"": ""raw_model"", ""label"": ""bench_press"", ""conf"": 0.911, ""reason"": """"}, {""stage"": ""bio_model"", ""label"": ""bench_press"", ""conf"": 0.911, ""reason"": ""trusted_model_bench_press""}, {""stage"": ""squat_router"", ""label"": ""squat_back"", ""conf"": 0.97, ""reason"": """"}, {""stage"": ""olympic_router"", ""label"": """", ""conf"": 0.0, ""reason"": """"}, {""stage"": ""bodyweight_router"", ""label"": ""handstand_push_up"", ""conf"": 1.0, ""reason"": """"}, {""stage"": ""final"", ""label"": ""handstand_push_up"", ""conf"": 0.86, ""reason"": ""biomechanics_override""}]"
handstand_push_up,handstand_push_up,0.86,biomechanics_override,,True,/Users/josephkamil/Desktop/Capstone/HandstandPushups/v_HandStandPushups_g17_c02.avi,1,bench_press,bench_press,squat_back,,handstand_push_up,0.997,handstand_push_up_bodyweight_pattern,"[{""stage"": ""raw_model"", ""label"": ""bench_press"", ""conf"": 0.772, ""reason"": """"}, {""stage"": ""bio_model"", ""label"": ""bench_press"", ""conf"": 0.8, ""reason"": ""trusted_model_bench_press""}, {""stage"": ""squat_router"", ""label"": ""squat_back"", ""conf"": 0.97, ""reason"": """"}, {""stage"": ""olympic_router"", ""label"": """", ""conf"": 0.0, ""reason"": """"}, {""stage"": ""bodyweight_router"", ""label"": ""handstand_push_up"", ""conf"": 0.997, ""reason"": """"}, {""stage"": ""final"", ""label"": ""handstand_push_up"", ""conf"": 0.86, ""reason"": ""biomechanics_override""}]"
handstand_push_up,handstand_push_up,0.86,biomechanics_override,,True,/Users/josephkamil/Desktop/Capstone/HandstandPushups/v_HandStandPushups_g17_c03.avi,1,bench_press,bench_press,squat_back,,handstand_push_up,0.984,handstand_push_up_bodyweight_pattern,"[{""stage"": ""raw_model"", ""label"": ""bench_press"", ""conf"": 0.885, ""reason"": """"}, {""stage"": ""bio_model"", ""label"": ""bench_press"", ""conf"": 0.885, ""reason"": ""trusted_model_bench_press""}, {""stage"": ""squat_router"", ""label"": ""squat_back"", ""conf"": 0.97, ""reason"": """"}, {""stage"": ""olympic_router"", ""label"": """", ""conf"": 0.0, ""reason"": """"}, {""stage"": ""bodyweight_router"", ""label"": ""handstand_push_up"", ""conf"": 0.984, ""reason"": """"}, {""stage"": ""final"", ""label"": ""handstand_push_up"", ""conf"": 0.86, ""reason"": ""biomechanics_override""}]"
handstand_push_up,handstand_push_up,0.86,biomechanics_override,,True,/Users/josephkamil/Desktop/Capstone/HandstandPushups/v_HandStandPushups_g17_c04.avi,1,bench_press,bench_press,squat_back,,handstand_push_up,0.997,handstand_push_up_bodyweight_pattern,"[{""stage"": ""raw_model"", ""label"": ""bench_press"", ""conf"": 0.813, ""reason"": """"}, {""stage"": ""bio_model"", ""label"": ""bench_press"", ""conf"": 0.813, ""reason"": ""trusted_model_bench_press""}, {""stage"": ""squat_router"", ""label"": ""squat_back"", ""conf"": 0.97, ""reason"": """"}, {""stage"": ""olympic_router"", ""label"": """", ""conf"": 0.0, ""reason"": """"}, {""stage"": ""bodyweight_router"", ""label"": ""handstand_push_up"", ""conf"": 0.997, ""reason"": """"}, {""stage"": ""final"", ""label"": ""handstand_push_up"", ""conf"": 0.86, ""reason"": ""biomechanics_override""}]"
handstand_push_up,handstand_push_up,0.86,biomechanics_override,,True,/Users/josephkamil/Desktop/Capstone/HandstandPushups/v_HandStandPushups_g17_c05.avi,1,bench_press,bench_press,squat_back,,handstand_push_up,0.994,handstand_push_up_bodyweight_pattern,"[{""stage"": ""raw_model"", ""label"": ""bench_press"", ""conf"": 0.726, ""reason"": """"}, {""stage"": ""bio_model"", ""label"": ""bench_press"", ""conf"": 0.8, ""reason"": ""trusted_model_bench_press""}, {""stage"": ""squat_router"", ""label"": ""squat_back"", ""conf"": 0.97, ""reason"": """"}, {""stage"": ""olympic_router"", ""label"": """", ""conf"": 0.0, ""reason"": """"}, {""stage"": ""bodyweight_router"", ""label"": ""handstand_push_up"", ""conf"": 0.994, ""reason"": """"}, {""stage"": ""final"", ""label"": ""handstand_push_up"", ""conf"": 0.86, ""reason"": ""biomechanics_override""}]"
handstand_push_up,handstand_push_up,0.86,biomechanics_override,,True,/Users/josephkamil/Desktop/Capstone/HandstandPushups/v_HandStandPushups_g18_c01.avi,1,squat,bench_press,squat_back,clean_and_jerk,handstand_push_up,1.0,handstand_push_up_bodyweight_pattern,"[{""stage"": ""raw_model"", ""label"": ""squat"", ""conf"": 0.857, ""reason"": """"}, {""stage"": ""bio_model"", ""label"": ""bench_press"", ""conf"": 0.857, ""reason"": ""bench_pattern_detected""}, {""stage"": ""squat_router"", ""label"": ""squat_back"", ""conf"": 0.97, ""reason"": """"}, {""stage"": ""olympic_router"", ""label"": ""clean_and_jerk"", ""conf"": 0.726, ""reason"": """"}, {""stage"": ""bodyweight_router"", ""label"": ""handstand_push_up"", ""conf"": 1.0, ""reason"": """"}, {""stage"": ""final"", ""label"": ""handstand_push_up"", ""conf"": 0.86, ""reason"": ""biomechanics_override""}]"
handstand_push_up,handstand_push_up,0.86,biomechanics_override,,True,/Users/josephkamil/Desktop/Capstone/HandstandPushups/v_HandStandPushups_g18_c02.avi,1,squat,bench_press,squat_back,,handstand_push_up,1.0,handstand_push_up_bodyweight_pattern,"[{""stage"": ""raw_model"", ""label"": ""squat"", ""conf"": 0.781, ""reason"": """"}, {""stage"": ""bio_model"", ""label"": ""bench_press"", ""conf"": 0.8, ""reason"": ""bench_pattern_detected""}, {""stage"": ""squat_router"", ""label"": ""squat_back"", ""conf"": 0.97, ""reason"": """"}, {""stage"": ""olympic_router"", ""label"": """", ""conf"": 0.0, ""reason"": """"}, {""stage"": ""bodyweight_router"", ""label"": ""handstand_push_up"", ""conf"": 1.0, ""reason"": """"}, {""stage"": ""final"", ""label"": ""handstand_push_up"", ""conf"": 0.86, ""reason"": ""biomechanics_override""}]"
handstand_push_up,handstand_push_up,0.86,biomechanics_override,,True,/Users/josephkamil/Desktop/Capstone/HandstandPushups/v_HandStandPushups_g18_c03.avi,1,squat,bench_press,squat_back,,handstand_push_up,1.0,handstand_push_up_bodyweight_pattern,"[{""stage"": ""raw_model"", ""label"": ""squat"", ""conf"": 0.855, ""reason"": """"}, {""stage"": ""bio_model"", ""label"": ""bench_press"", ""conf"": 0.855, ""reason"": ""bench_pattern_detected""}, {""stage"": ""squat_router"", ""label"": ""squat_back"", ""conf"": 0.97, ""reason"": """"}, {""stage"": ""olympic_router"", ""label"": """", ""conf"": 0.0, ""reason"": """"}, {""stage"": ""bodyweight_router"", ""label"": ""handstand_push_up"", ""conf"": 1.0, ""reason"": """"}, {""stage"": ""final"", ""label"": ""handstand_push_up"", ""conf"": 0.86, ""reason"": ""biomechanics_override""}]"
handstand_push_up,handstand_push_up,0.86,biomechanics_override,,True,/Users/josephkamil/Desktop/Capstone/HandstandPushups/v_HandStandPushups_g18_c04.avi,1,squat,bench_press,squat_back,,handstand_push_up,1.0,handstand_push_up_bodyweight_pattern,"[{""stage"": ""raw_model"", ""label"": ""squat"", ""conf"": 0.905, ""reason"": """"}, {""stage"": ""bio_model"", ""label"": ""bench_press"", ""conf"": 0.905, ""reason"": ""bench_pattern_detected""}, {""stage"": ""squat_router"", ""label"": ""squat_back"", ""conf"": 0.97, ""reason"": """"}, {""stage"": ""olympic_router"", ""label"": """", ""conf"": 0.0, ""reason"": """"}, {""stage"": ""bodyweight_router"", ""label"": ""handstand_push_up"", ""conf"": 1.0, ""reason"": """"}, {""stage"": ""final"", ""label"": ""handstand_push_up"", ""conf"": 0.86, ""reason"": ""biomechanics_override""}]"
handstand_push_up,handstand_push_up,0.86,biomechanics_override,,True,/Users/josephkamil/Desktop/Capstone/HandstandPushups/v_HandStandPushups_g18_c05.avi,1,squat,bench_press,squat_back,,handstand_push_up,1.0,handstand_push_up_bodyweight_pattern,"[{""stage"": ""raw_model"", ""label"": ""squat"", ""conf"": 0.867, ""reason"": """"}, {""stage"": ""bio_model"", ""label"": ""bench_press"", ""conf"": 0.867, ""reason"": ""bench_pattern_detected""}, {""stage"": ""squat_router"", ""label"": ""squat_back"", ""conf"": 0.97, ""reason"": """"}, {""stage"": ""olympic_router"", ""label"": """", ""conf"": 0.0, ""reason"": """"}, {""stage"": ""bodyweight_router"", ""label"": ""handstand_push_up"", ""conf"": 1.0, ""reason"": """"}, {""stage"": ""final"", ""label"": ""handstand_push_up"", ""conf"": 0.86, ""reason"": ""biomechanics_override""}]"
handstand_push_up,handstand_push_up,0.86,biomechanics_override,,True,/Users/josephkamil/Desktop/Capstone/HandstandPushups/v_HandStandPushups_g18_c06.avi,1,squat,bench_press,squat_back,,handstand_push_up,1.0,handstand_push_up_bodyweight_pattern,"[{""stage"": ""raw_model"", ""label"": ""squat"", ""conf"": 0.915, ""reason"": """"}, {""stage"": ""bio_model"", ""label"": ""bench_press"", ""conf"": 0.915, ""reason"": ""bench_pattern_detected""}, {""stage"": ""squat_router"", ""label"": ""squat_back"", ""conf"": 0.97, ""reason"": """"}, {""stage"": ""olympic_router"", ""label"": """", ""conf"": 0.0, ""reason"": """"}, {""stage"": ""bodyweight_router"", ""label"": ""handstand_push_up"", ""conf"": 1.0, ""reason"": """"}, {""stage"": ""final"", ""label"": ""handstand_push_up"", ""conf"": 0.86, ""reason"": ""biomechanics_override""}]"
handstand_push_up,handstand_push_up,0.86,biomechanics_override,,True,/Users/josephkamil/Desktop/Capstone/HandstandPushups/v_HandStandPushups_g18_c07.avi,1,squat,bench_press,squat_back,,handstand_push_up,0.999,handstand_push_up_bodyweight_pattern,"[{""stage"": ""raw_model"", ""label"": ""squat"", ""conf"": 0.939, ""reason"": """"}, {""stage"": ""bio_model"", ""label"": ""bench_press"", ""conf"": 0.939, ""reason"": ""bench_pattern_detected""}, {""stage"": ""squat_router"", ""label"": ""squat_back"", ""conf"": 0.97, ""reason"": """"}, {""stage"": ""olympic_router"", ""label"": """", ""conf"": 0.0, ""reason"": """"}, {""stage"": ""bodyweight_router"", ""label"": ""handstand_push_up"", ""conf"": 0.999, ""reason"": """"}, {""stage"": ""final"", ""label"": ""handstand_push_up"", ""conf"": 0.86, ""reason"": ""biomechanics_override""}]"
handstand_push_up,handstand_push_up,0.86,biomechanics_override,,True,/Users/josephkamil/Desktop/Capstone/HandstandPushups/v_HandStandPushups_g19_c01.avi,1,bench_press,bench_press,squat_back,snatch,handstand_push_up,0.984,handstand_push_up_bodyweight_pattern,"[{""stage"": ""raw_model"", ""label"": ""bench_press"", ""conf"": 0.643, ""reason"": """"}, {""stage"": ""bio_model"", ""label"": ""bench_press"", ""conf"": 0.8, ""reason"": ""trusted_model_bench_press""}, {""stage"": ""squat_router"", ""label"": ""squat_back"", ""conf"": 0.97, ""reason"": """"}, {""stage"": ""olympic_router"", ""label"": ""snatch"", ""conf"": 0.712, ""reason"": """"}, {""stage"": ""bodyweight_router"", ""label"": ""handstand_push_up"", ""conf"": 0.984, ""reason"": """"}, {""stage"": ""final"", ""label"": ""handstand_push_up"", ""conf"": 0.86, ""reason"": ""biomechanics_override""}]"
handstand_push_up,push_up,0.86,biomechanics_override,,True,/Users/josephkamil/Desktop/Capstone/HandstandPushups/v_HandStandPushups_g19_c02.avi,1,squat_front,squat,squat_back,snatch,handstand_push_up,0.785,push_up_bodyweight_pattern,"[{""stage"": ""raw_model"", ""label"": ""squat_front"", ""conf"": 0.952, ""reason"": """"}, {""stage"": ""bio_model"", ""label"": ""squat"", ""conf"": 0.952, ""reason"": ""squat_pattern_detected""}, {""stage"": ""squat_router"", ""label"": ""squat_back"", ""conf"": 0.97, ""reason"": """"}, {""stage"": ""olympic_router"", ""label"": ""snatch"", ""conf"": 0.74, ""reason"": """"}, {""stage"": ""bodyweight_router"", ""label"": ""handstand_push_up"", ""conf"": 0.785, ""reason"": """"}, {""stage"": ""final"", ""label"": ""push_up"", ""conf"": 0.86, ""reason"": ""biomechanics_override""}]"
handstand_push_up,push_up,0.86,biomechanics_override,,True,/Users/josephkamil/Desktop/Capstone/HandstandPushups/v_HandStandPushups_g19_c03.avi,1,squat_front,squat,squat_back,snatch,handstand_push_up,0.736,push_up_bodyweight_pattern,"[{""stage"": ""raw_model"", ""label"": ""squat_front"", ""conf"": 0.886, ""reason"": """"}, {""stage"": ""bio_model"", ""label"": ""squat"", ""conf"": 0.886, ""reason"": ""squat_pattern_detected""}, {""stage"": ""squat_router"", ""label"": ""squat_back"", ""conf"": 0.97, ""reason"": """"}, {""stage"": ""olympic_router"", ""label"": ""snatch"", ""conf"": 0.718, ""reason"": """"}, {""stage"": ""bodyweight_router"", ""label"": ""handstand_push_up"", ""conf"": 0.736, ""reason"": """"}, {""stage"": ""final"", ""label"": ""push_up"", ""conf"": 0.86, ""reason"": ""biomechanics_override""}]"
handstand_push_up,snatch,0.72,router_v5,,True,/Users/josephkamil/Desktop/Capstone/HandstandPushups/v_HandStandPushups_g19_c04.avi,1,squat_front,squat,squat_back,snatch,handstand_push_up,0.85,,"[{""stage"": ""raw_model"", ""label"": ""squat_front"", ""conf"": 0.899, ""reason"": """"}, {""stage"": ""bio_model"", ""label"": ""squat"", ""conf"": 0.899, ""reason"": ""squat_pattern_detected""}, {""stage"": ""squat_router"", ""label"": ""squat_back"", ""conf"": 0.97, ""reason"": """"}, {""stage"": ""olympic_router"", ""label"": ""snatch"", ""conf"": 0.722, ""reason"": """"}, {""stage"": ""bodyweight_router"", ""label"": ""handstand_push_up"", ""conf"": 0.85, ""reason"": """"}, {""stage"": ""final"", ""label"": ""snatch"", ""conf"": 0.722, ""reason"": ""router_v5""}]"
handstand_push_up,handstand_push_up,0.86,biomechanics_override,,True,/Users/josephkamil/Desktop/Capstone/HandstandPushups/v_HandStandPushups_g20_c01.avi,1,squat,squat,squat_back,snatch,handstand_push_up,0.898,handstand_push_up_bodyweight_pattern,"[{""stage"": ""raw_model"", ""label"": ""squat"", ""conf"": 0.719, ""reason"": """"}, {""stage"": ""bio_model"", ""label"": ""squat"", ""conf"": 0.75, ""reason"": ""squat_pattern_detected""}, {""stage"": ""squat_router"", ""label"": ""squat_back"", ""conf"": 0.97, ""reason"": """"}, {""stage"": ""olympic_router"", ""label"": ""snatch"", ""conf"": 0.618, ""reason"": """"}, {""stage"": ""bodyweight_router"", ""label"": ""handstand_push_up"", ""conf"": 0.898, ""reason"": """"}, {""stage"": ""final"", ""label"": ""handstand_push_up"", ""conf"": 0.86, ""reason"": ""biomechanics_override""}]"
handstand_push_up,handstand_push_up,0.86,biomechanics_override,,True,/Users/josephkamil/Desktop/Capstone/HandstandPushups/v_HandStandPushups_g20_c02.avi,1,squat,squat,squat_front,clean_and_jerk,handstand_push_up,0.993,handstand_push_up_bodyweight_pattern,"[{""stage"": ""raw_model"", ""label"": ""squat"", ""conf"": 0.397, ""reason"": """"}, {""stage"": ""bio_model"", ""label"": ""squat"", ""conf"": 0.75, ""reason"": ""squat_pattern_detected""}, {""stage"": ""squat_router"", ""label"": ""squat_front"", ""conf"": 0.88, ""reason"": """"}, {""stage"": ""olympic_router"", ""label"": ""clean_and_jerk"", ""conf"": 0.512, ""reason"": """"}, {""stage"": ""bodyweight_router"", ""label"": ""handstand_push_up"", ""conf"": 0.993, ""reason"": """"}, {""stage"": ""final"", ""label"": ""handstand_push_up"", ""conf"": 0.86, ""reason"": ""biomechanics_override""}]"
handstand_push_up,handstand_push_up,0.86,biomechanics_override,,True,/Users/josephkamil/Desktop/Capstone/HandstandPushups/v_HandStandPushups_g20_c03.avi,1,squat,squat,squat_back,clean_and_jerk,handstand_push_up,0.972,handstand_push_up_bodyweight_pattern,"[{""stage"": ""raw_model"", ""label"": ""squat"", ""conf"": 0.378, ""reason"": """"}, {""stage"": ""bio_model"", ""label"": ""squat"", ""conf"": 0.75, ""reason"": ""squat_pattern_detected""}, {""stage"": ""squat_router"", ""label"": ""squat_back"", ""conf"": 0.97, ""reason"": """"}, {""stage"": ""olympic_router"", ""label"": ""clean_and_jerk"", ""conf"": 0.586, ""reason"": """"}, {""stage"": ""bodyweight_router"", ""label"": ""handstand_push_up"", ""conf"": 0.972, ""reason"": """"}, {""stage"": ""final"", ""label"": ""handstand_push_up"", ""conf"": 0.86, ""reason"": ""biomechanics_override""}]"
handstand_push_up,handstand_push_up,0.86,biomechanics_override,,True,/Users/josephkamil/Desktop/Capstone/HandstandPushups/v_HandStandPushups_g20_c04.avi,1,squat,squat,squat_back,clean_and_jerk,handstand_push_up,0.99,handstand_push_up_bodyweight_pattern,"[{""stage"": ""raw_model"", ""label"": ""squat"", ""conf"": 0.583, ""reason"": """"}, {""stage"": ""bio_model"", ""label"": ""squat"", ""conf"": 0.75, ""reason"": ""squat_pattern_detected""}, {""stage"": ""squat_router"", ""label"": ""squat_back"", ""conf"": 0.97, ""reason"": """"}, {""stage"": ""olympic_router"", ""label"": ""clean_and_jerk"", ""conf"": 0.67, ""reason"": """"}, {""stage"": ""bodyweight_router"", ""label"": ""handstand_push_up"", ""conf"": 0.99, ""reason"": """"}, {""stage"": ""final"", ""label"": ""handstand_push_up"", ""conf"": 0.86, ""reason"": ""biomechanics_override""}]"
handstand_push_up,handstand_push_up,0.86,biomechanics_override,,True,/Users/josephkamil/Desktop/Capstone/HandstandPushups/v_HandStandPushups_g20_c05.avi,1,squat,squat,squat_back,clean_and_jerk,handstand_push_up,0.993,handstand_push_up_bodyweight_pattern,"[{""stage"": ""raw_model"", ""label"": ""squat"", ""conf"": 0.436, ""reason"": """"}, {""stage"": ""bio_model"", ""label"": ""squat"", ""conf"": 0.75, ""reason"": ""squat_pattern_detected""}, {""stage"": ""squat_router"", ""label"": ""squat_back"", ""conf"": 0.97, ""reason"": """"}, {""stage"": ""olympic_router"", ""label"": ""clean_and_jerk"", ""conf"": 0.632, ""reason"": """"}, {""stage"": ""bodyweight_router"", ""label"": ""handstand_push_up"", ""conf"": 0.993, ""reason"": """"}, {""stage"": ""final"", ""label"": ""handstand_push_up"", ""conf"": 0.86, ""reason"": ""biomechanics_override""}]"
handstand_push_up,handstand_push_up,0.86,biomechanics_override,,True,/Users/josephkamil/Desktop/Capstone/HandstandPushups/v_HandStandPushups_g20_c06.avi,1,squat,squat,squat_back,clean_and_jerk,handstand_push_up,0.992,handstand_push_up_bodyweight_pattern,"[{""stage"": ""raw_model"", ""label"": ""squat"", ""conf"": 0.562, ""reason"": """"}, {""stage"": ""bio_model"", ""label"": ""squat"", ""conf"": 0.75, ""reason"": ""squat_pattern_detected""}, {""stage"": ""squat_router"", ""label"": ""squat_back"", ""conf"": 0.97, ""reason"": """"}, {""stage"": ""olympic_router"", ""label"": ""clean_and_jerk"", ""conf"": 0.556, ""reason"": """"}, {""stage"": ""bodyweight_router"", ""label"": ""handstand_push_up"", ""conf"": 0.992, ""reason"": """"}, {""stage"": ""final"", ""label"": ""handstand_push_up"", ""conf"": 0.86, ""reason"": ""biomechanics_override""}]"
handstand_push_up,handstand_push_up,0.86,biomechanics_override,,True,/Users/josephkamil/Desktop/Capstone/HandstandPushups/v_HandStandPushups_g20_c07.avi,1,squat,squat,squat_front,clean_and_jerk,handstand_push_up,0.991,handstand_push_up_bodyweight_pattern,"[{""stage"": ""raw_model"", ""label"": ""squat"", ""conf"": 0.71, ""reason"": """"}, {""stage"": ""bio_model"", ""label"": ""squat"", ""conf"": 0.75, ""reason"": ""squat_pattern_detected""}, {""stage"": ""squat_router"", ""label"": ""squat_front"", ""conf"": 0.9, ""reason"": """"}, {""stage"": ""olympic_router"", ""label"": ""clean_and_jerk"", ""conf"": 0.584, ""reason"": """"}, {""stage"": ""bodyweight_router"", ""label"": ""handstand_push_up"", ""conf"": 0.991, ""reason"": """"}, {""stage"": ""final"", ""label"": ""handstand_push_up"", ""conf"": 0.86, ""reason"": ""biomechanics_override""}]"
handstand_push_up,handstand_push_up,0.86,biomechanics_override,,True,/Users/josephkamil/Desktop/Capstone/HandstandPushups/v_HandStandPushups_g21_c01.avi,1,squat,bench_press,squat_back,,handstand_push_up,0.981,handstand_push_up_bodyweight_pattern,"[{""stage"": ""raw_model"", ""label"": ""squat"", ""conf"": 0.565, ""reason"": """"}, {""stage"": ""bio_model"", ""label"": ""bench_press"", ""conf"": 0.8, ""reason"": ""bench_pattern_detected""}, {""stage"": ""squat_router"", ""label"": ""squat_back"", ""conf"": 0.937, ""reason"": """"}, {""stage"": ""olympic_router"", ""label"": """", ""conf"": 0.0, ""reason"": """"}, {""stage"": ""bodyweight_router"", ""label"": ""handstand_push_up"", ""conf"": 0.981, ""reason"": """"}, {""stage"": ""final"", ""label"": ""handstand_push_up"", ""conf"": 0.86, ""reason"": ""biomechanics_override""}]"
handstand_push_up,handstand_push_up,0.86,biomechanics_override,,True,/Users/josephkamil/Desktop/Capstone/HandstandPushups/v_HandStandPushups_g21_c02.avi,1,squat,bench_press,squat_back,,handstand_push_up,0.992,handstand_push_up_bodyweight_pattern,"[{""stage"": ""raw_model"", ""label"": ""squat"", ""conf"": 0.68, ""reason"": """"}, {""stage"": ""bio_model"", ""label"": ""bench_press"", ""conf"": 0.8, ""reason"": ""bench_pattern_detected""}, {""stage"": ""squat_router"", ""label"": ""squat_back"", ""conf"": 0.97, ""reason"": """"}, {""stage"": ""olympic_router"", ""label"": """", ""conf"": 0.0, ""reason"": """"}, {""stage"": ""bodyweight_router"", ""label"": ""handstand_push_up"", ""conf"": 0.992, ""reason"": """"}, {""stage"": ""final"", ""label"": ""handstand_push_up"", ""conf"": 0.86, ""reason"": ""biomechanics_override""}]"
handstand_push_up,handstand_push_up,0.86,biomechanics_override,,True,/Users/josephkamil/Desktop/Capstone/HandstandPushups/v_HandStandPushups_g21_c03.avi,1,squat,bench_press,squat_back,,handstand_push_up,0.982,handstand_push_up_bodyweight_pattern,"[{""stage"": ""raw_model"", ""label"": ""squat"", ""conf"": 0.629, ""reason"": """"}, {""stage"": ""bio_model"", ""label"": ""bench_press"", ""conf"": 0.8, ""reason"": ""bench_pattern_detected""}, {""stage"": ""squat_router"", ""label"": ""squat_back"", ""conf"": 0.97, ""reason"": """"}, {""stage"": ""olympic_router"", ""label"": """", ""conf"": 0.0, ""reason"": """"}, {""stage"": ""bodyweight_router"", ""label"": ""handstand_push_up"", ""conf"": 0.982, ""reason"": """"}, {""stage"": ""final"", ""label"": ""handstand_push_up"", ""conf"": 0.86, ""reason"": ""biomechanics_override""}]"
handstand_push_up,handstand_push_up,0.86,biomechanics_override,,True,/Users/josephkamil/Desktop/Capstone/HandstandPushups/v_HandStandPushups_g21_c04.avi,1,squat,bench_press,squat_back,,handstand_push_up,0.988,handstand_push_up_bodyweight_pattern,"[{""stage"": ""raw_model"", ""label"": ""squat"", ""conf"": 0.813, ""reason"": """"}, {""stage"": ""bio_model"", ""label"": ""bench_press"", ""conf"": 0.813, ""reason"": ""bench_pattern_detected""}, {""stage"": ""squat_router"", ""label"": ""squat_back"", ""conf"": 0.97, ""reason"": """"}, {""stage"": ""olympic_router"", ""label"": """", ""conf"": 0.0, ""reason"": """"}, {""stage"": ""bodyweight_router"", ""label"": ""handstand_push_up"", ""conf"": 0.988, ""reason"": """"}, {""stage"": ""final"", ""label"": ""handstand_push_up"", ""conf"": 0.86, ""reason"": ""biomechanics_override""}]"
handstand_push_up,handstand_push_up,0.86,biomechanics_override,,True,/Users/josephkamil/Desktop/Capstone/HandstandPushups/v_HandStandPushups_g21_c05.avi,1,deadlift,bench_press,squat_back,,handstand_push_up,0.993,handstand_push_up_bodyweight_pattern,"[{""stage"": ""raw_model"", ""label"": ""deadlift"", ""conf"": 0.605, ""reason"": """"}, {""stage"": ""bio_model"", ""label"": ""bench_press"", ""conf"": 0.8, ""reason"": ""bench_pattern_detected""}, {""stage"": ""squat_router"", ""label"": ""squat_back"", ""conf"": 0.97, ""reason"": """"}, {""stage"": ""olympic_router"", ""label"": """", ""conf"": 0.0, ""reason"": """"}, {""stage"": ""bodyweight_router"", ""label"": ""handstand_push_up"", ""conf"": 0.993, ""reason"": """"}, {""stage"": ""final"", ""label"": ""handstand_push_up"", ""conf"": 0.86, ""reason"": ""biomechanics_override""}]"
handstand_push_up,handstand_push_up,0.86,biomechanics_override,,True,/Users/josephkamil/Desktop/Capstone/HandstandPushups/v_HandStandPushups_g21_c06.avi,1,deadlift,bench_press,squat_back,,handstand_push_up,0.954,handstand_push_up_bodyweight_pattern,"[{""stage"": ""raw_model"", ""label"": ""deadlift"", ""conf"": 0.677, ""reason"": """"}, {""stage"": ""bio_model"", ""label"": ""bench_press"", ""conf"": 0.8, ""reason"": ""bench_pattern_detected""}, {""stage"": ""squat_router"", ""label"": ""squat_back"", ""conf"": 0.97, ""reason"": """"}, {""stage"": ""olympic_router"", ""label"": """", ""conf"": 0.0, ""reason"": """"}, {""stage"": ""bodyweight_router"", ""label"": ""handstand_push_up"", ""conf"": 0.954, ""reason"": """"}, {""stage"": ""final"", ""label"": ""handstand_push_up"", ""conf"": 0.86, ""reason"": ""biomechanics_override""}]"
handstand_push_up,handstand_push_up,0.86,biomechanics_override,,True,/Users/josephkamil/Desktop/Capstone/HandstandPushups/v_HandStandPushups_g22_c01.avi,1,squat,squat,squat_front,snatch,handstand_push_up,0.876,handstand_push_up_bodyweight_pattern,"[{""stage"": ""raw_model"", ""label"": ""squat"", ""conf"": 0.599, ""reason"": """"}, {""stage"": ""bio_model"", ""label"": ""squat"", ""conf"": 0.75, ""reason"": ""squat_pattern_detected""}, {""stage"": ""squat_router"", ""label"": ""squat_front"", ""conf"": 0.97, ""reason"": """"}, {""stage"": ""olympic_router"", ""label"": ""snatch"", ""conf"": 0.566, ""reason"": """"}, {""stage"": ""bodyweight_router"", ""label"": ""handstand_push_up"", ""conf"": 0.876, ""reason"": """"}, {""stage"": ""final"", ""label"": ""handstand_push_up"", ""conf"": 0.86, ""reason"": ""biomechanics_override""}]"
handstand_push_up,handstand_push_up,0.86,biomechanics_override,,True,/Users/josephkamil/Desktop/Capstone/HandstandPushups/v_HandStandPushups_g22_c02.avi,1,deadlift,squat,squat_front,clean_and_jerk,handstand_push_up,0.961,handstand_push_up_bodyweight_pattern,"[{""stage"": ""raw_model"", ""label"": ""deadlift"", ""conf"": 0.748, ""reason"": """"}, {""stage"": ""bio_model"", ""label"": ""squat"", ""conf"": 0.75, ""reason"": ""squat_pattern_detected""}, {""stage"": ""squat_router"", ""label"": ""squat_front"", ""conf"": 0.97, ""reason"": """"}, {""stage"": ""olympic_router"", ""label"": ""clean_and_jerk"", ""conf"": 0.566, ""reason"": """"}, {""stage"": ""bodyweight_router"", ""label"": ""handstand_push_up"", ""conf"": 0.961, ""reason"": """"}, {""stage"": ""final"", ""label"": ""handstand_push_up"", ""conf"": 0.86, ""reason"": ""biomechanics_override""}]"
handstand_push_up,handstand_push_up,0.86,biomechanics_override,,True,/Users/josephkamil/Desktop/Capstone/HandstandPushups/v_HandStandPushups_g22_c03.avi,1,squat,squat,squat_front,clean_and_jerk,handstand_push_up,0.941,handstand_push_up_bodyweight_pattern,"[{""stage"": ""raw_model"", ""label"": ""squat"", ""conf"": 0.732, ""reason"": """"}, {""stage"": ""bio_model"", ""label"": ""squat"", ""conf"": 0.75, ""reason"": ""squat_pattern_detected""}, {""stage"": ""squat_router"", ""label"": ""squat_front"", ""conf"": 0.97, ""reason"": """"}, {""stage"": ""olympic_router"", ""label"": ""clean_and_jerk"", ""conf"": 0.674, ""reason"": """"}, {""stage"": ""bodyweight_router"", ""label"": ""handstand_push_up"", ""conf"": 0.941, ""reason"": """"}, {""stage"": ""final"", ""label"": ""handstand_push_up"", ""conf"": 0.86, ""reason"": ""biomechanics_override""}]"
handstand_push_up,handstand_push_up,0.86,biomechanics_override,,True,/Users/josephkamil/Desktop/Capstone/HandstandPushups/v_HandStandPushups_g22_c04.avi,1,deadlift,squat,squat_front,clean_and_jerk,handstand_push_up,0.895,handstand_push_up_bodyweight_pattern,"[{""stage"": ""raw_model"", ""label"": ""deadlift"", ""conf"": 0.622, ""reason"": """"}, {""stage"": ""bio_model"", ""label"": ""squat"", ""conf"": 0.75, ""reason"": ""squat_pattern_detected""}, {""stage"": ""squat_router"", ""label"": ""squat_front"", ""conf"": 0.97, ""reason"": """"}, {""stage"": ""olympic_router"", ""label"": ""clean_and_jerk"", ""conf"": 0.528, ""reason"": """"}, {""stage"": ""bodyweight_router"", ""label"": ""handstand_push_up"", ""conf"": 0.895, ""reason"": """"}, {""stage"": ""final"", ""label"": ""handstand_push_up"", ""conf"": 0.86, ""reason"": ""biomechanics_override""}]"
handstand_push_up,handstand_push_up,0.86,biomechanics_override,,True,/Users/josephkamil/Desktop/Capstone/HandstandPushups/v_HandStandPushups_g22_c05.avi,1,deadlift,squat,squat_front,snatch,handstand_push_up,0.915,handstand_push_up_bodyweight_pattern,"[{""stage"": ""raw_model"", ""label"": ""deadlift"", ""conf"": 0.965, ""reason"": """"}, {""stage"": ""bio_model"", ""label"": ""squat"", ""conf"": 0.965, ""reason"": ""squat_pattern_detected""}, {""stage"": ""squat_router"", ""label"": ""squat_front"", ""conf"": 0.97, ""reason"": """"}, {""stage"": ""olympic_router"", ""label"": ""snatch"", ""conf"": 0.536, ""reason"": """"}, {""stage"": ""bodyweight_router"", ""label"": ""handstand_push_up"", ""conf"": 0.915, ""reason"": """"}, {""stage"": ""final"", ""label"": ""handstand_push_up"", ""conf"": 0.86, ""reason"": ""biomechanics_override""}]"
handstand_push_up,deadlift,0.82,biomechanics_override,,True,/Users/josephkamil/Desktop/Capstone/HandstandPushups/v_HandStandPushups_g23_c01.avi,3,squat,bench_press,squat_back,,handstand_push_up,0.985,deadlift_setup_rescue,"[{""stage"": ""raw_model"", ""label"": ""squat"", ""conf"": 0.531, ""reason"": """"}, {""stage"": ""bio_model"", ""label"": ""bench_press"", ""conf"": 0.8, ""reason"": ""bench_pattern_detected""}, {""stage"": ""squat_router"", ""label"": ""squat_back"", ""conf"": 0.97, ""reason"": """"}, {""stage"": ""olympic_router"", ""label"": """", ""conf"": 0.0, ""reason"": """"}, {""stage"": ""bodyweight_router"", ""label"": ""handstand_push_up"", ""conf"": 0.985, ""reason"": """"}, {""stage"": ""final"", ""label"": ""deadlift"", ""conf"": 0.82, ""reason"": ""biomechanics_override""}]"
handstand_push_up,handstand_push_up,0.86,biomechanics_override,,True,/Users/josephkamil/Desktop/Capstone/HandstandPushups/v_HandStandPushups_g23_c02.avi,1,squat,bench_press,squat_back,,handstand_push_up,0.997,handstand_push_up_bodyweight_pattern,"[{""stage"": ""raw_model"", ""label"": ""squat"", ""conf"": 0.609, ""reason"": """"}, {""stage"": ""bio_model"", ""label"": ""bench_press"", ""conf"": 0.8, ""reason"": ""bench_pattern_detected""}, {""stage"": ""squat_router"", ""label"": ""squat_back"", ""conf"": 0.97, ""reason"": """"}, {""stage"": ""olympic_router"", ""label"": """", ""conf"": 0.0, ""reason"": """"}, {""stage"": ""bodyweight_router"", ""label"": ""handstand_push_up"", ""conf"": 0.997, ""reason"": """"}, {""stage"": ""final"", ""label"": ""handstand_push_up"", ""conf"": 0.86, ""reason"": ""biomechanics_override""}]"
handstand_push_up,handstand_push_up,0.86,biomechanics_override,,True,/Users/josephkamil/Desktop/Capstone/HandstandPushups/v_HandStandPushups_g23_c03.avi,1,squat,bench_press,squat_back,,handstand_push_up,0.997,handstand_push_up_bodyweight_pattern,"[{""stage"": ""raw_model"", ""label"": ""squat"", ""conf"": 0.64, ""reason"": """"}, {""stage"": ""bio_model"", ""label"": ""bench_press"", ""conf"": 0.8, ""reason"": ""bench_pattern_detected""}, {""stage"": ""squat_router"", ""label"": ""squat_back"", ""conf"": 0.97, ""reason"": """"}, {""stage"": ""olympic_router"", ""label"": """", ""conf"": 0.0, ""reason"": """"}, {""stage"": ""bodyweight_router"", ""label"": ""handstand_push_up"", ""conf"": 0.997, ""reason"": """"}, {""stage"": ""final"", ""label"": ""handstand_push_up"", ""conf"": 0.86, ""reason"": ""biomechanics_override""}]"
handstand_push_up,handstand_push_up,0.86,biomechanics_override,,True,/Users/josephkamil/Desktop/Capstone/HandstandPushups/v_HandStandPushups_g23_c04.avi,1,deadlift,bench_press,squat_back,,handstand_push_up,1.0,handstand_push_up_bodyweight_pattern,"[{""stage"": ""raw_model"", ""label"": ""deadlift"", ""conf"": 0.512, ""reason"": """"}, {""stage"": ""bio_model"", ""label"": ""bench_press"", ""conf"": 0.8, ""reason"": ""bench_pattern_detected""}, {""stage"": ""squat_router"", ""label"": ""squat_back"", ""conf"": 0.97, ""reason"": """"}, {""stage"": ""olympic_router"", ""label"": """", ""conf"": 0.0, ""reason"": """"}, {""stage"": ""bodyweight_router"", ""label"": ""handstand_push_up"", ""conf"": 1.0, ""reason"": """"}, {""stage"": ""final"", ""label"": ""handstand_push_up"", ""conf"": 0.86, ""reason"": ""biomechanics_override""}]"
handstand_push_up,handstand_push_up,0.86,biomechanics_override,,True,/Users/josephkamil/Desktop/Capstone/HandstandPushups/v_HandStandPushups_g23_c05.avi,1,deadlift,bench_press,squat_back,,handstand_push_up,1.0,handstand_push_up_bodyweight_pattern,"[{""stage"": ""raw_model"", ""label"": ""deadlift"", ""conf"": 0.533, ""reason"": """"}, {""stage"": ""bio_model"", ""label"": ""bench_press"", ""conf"": 0.8, ""reason"": ""bench_pattern_detected""}, {""stage"": ""squat_router"", ""label"": ""squat_back"", ""conf"": 0.97, ""reason"": """"}, {""stage"": ""olympic_router"", ""label"": """", ""conf"": 0.0, ""reason"": """"}, {""stage"": ""bodyweight_router"", ""label"": ""handstand_push_up"", ""conf"": 1.0, ""reason"": """"}, {""stage"": ""final"", ""label"": ""handstand_push_up"", ""conf"": 0.86, ""reason"": ""biomechanics_override""}]"
handstand_push_up,handstand_push_up,0.86,biomechanics_override,,True,/Users/josephkamil/Desktop/Capstone/HandstandPushups/v_HandStandPushups_g24_c01.avi,1,bench_press,bench_press,squat_back,snatch,handstand_push_up,0.964,handstand_push_up_bodyweight_pattern,"[{""stage"": ""raw_model"", ""label"": ""bench_press"", ""conf"": 0.823, ""reason"": """"}, {""stage"": ""bio_model"", ""label"": ""bench_press"", ""conf"": 0.823, ""reason"": ""trusted_model_bench_press""}, {""stage"": ""squat_router"", ""label"": ""squat_back"", ""conf"": 0.97, ""reason"": """"}, {""stage"": ""olympic_router"", ""label"": ""snatch"", ""conf"": 0.64, ""reason"": """"}, {""stage"": ""bodyweight_router"", ""label"": ""handstand_push_up"", ""conf"": 0.964, ""reason"": """"}, {""stage"": ""final"", ""label"": ""handstand_push_up"", ""conf"": 0.86, ""reason"": ""biomechanics_override""}]"
handstand_push_up,handstand_push_up,0.86,biomechanics_override,,True,/Users/josephkamil/Desktop/Capstone/HandstandPushups/v_HandStandPushups_g24_c02.avi,1,bench_press,bench_press,squat_back,clean_and_jerk,handstand_push_up,0.96,handstand_push_up_bodyweight_pattern,"[{""stage"": ""raw_model"", ""label"": ""bench_press"", ""conf"": 0.89, ""reason"": """"}, {""stage"": ""bio_model"", ""label"": ""bench_press"", ""conf"": 0.89, ""reason"": ""trusted_model_bench_press""}, {""stage"": ""squat_router"", ""label"": ""squat_back"", ""conf"": 0.97, ""reason"": """"}, {""stage"": ""olympic_router"", ""label"": ""clean_and_jerk"", ""conf"": 0.504, ""reason"": """"}, {""stage"": ""bodyweight_router"", ""label"": ""handstand_push_up"", ""conf"": 0.96, ""reason"": """"}, {""stage"": ""final"", ""label"": ""handstand_push_up"", ""conf"": 0.86, ""reason"": ""biomechanics_override""}]"
handstand_push_up,handstand_push_up,0.86,biomechanics_override,,True,/Users/josephkamil/Desktop/Capstone/HandstandPushups/v_HandStandPushups_g24_c03.avi,1,bench_press,bench_press,squat_back,clean_and_jerk,handstand_push_up,0.979,handstand_push_up_bodyweight_pattern,"[{""stage"": ""raw_model"", ""label"": ""bench_press"", ""conf"": 0.566, ""reason"": """"}, {""stage"": ""bio_model"", ""label"": ""bench_press"", ""conf"": 0.8, ""reason"": ""trusted_model_bench_press""}, {""stage"": ""squat_router"", ""label"": ""squat_back"", ""conf"": 0.675, ""reason"": """"}, {""stage"": ""olympic_router"", ""label"": ""clean_and_jerk"", ""conf"": 0.746, ""reason"": """"}, {""stage"": ""bodyweight_router"", ""label"": ""handstand_push_up"", ""conf"": 0.979, ""reason"": """"}, {""stage"": ""final"", ""label"": ""handstand_push_up"", ""conf"": 0.86, ""reason"": ""biomechanics_override""}]"
handstand_push_up,handstand_push_up,0.86,biomechanics_override,,True,/Users/josephkamil/Desktop/Capstone/HandstandPushups/v_HandStandPushups_g24_c04.avi,1,bench_press,bench_press,squat_back,clean_and_jerk,handstand_push_up,0.972,handstand_push_up_bodyweight_pattern,"[{""stage"": ""raw_model"", ""label"": ""bench_press"", ""conf"": 0.819, ""reason"": """"}, {""stage"": ""bio_model"", ""label"": ""bench_press"", ""conf"": 0.819, ""reason"": ""trusted_model_bench_press""}, {""stage"": ""squat_router"", ""label"": ""squat_back"", ""conf"": 0.97, ""reason"": """"}, {""stage"": ""olympic_router"", ""label"": ""clean_and_jerk"", ""conf"": 0.702, ""reason"": """"}, {""stage"": ""bodyweight_router"", ""label"": ""handstand_push_up"", ""conf"": 0.972, ""reason"": """"}, {""stage"": ""final"", ""label"": ""handstand_push_up"", ""conf"": 0.86, ""reason"": ""biomechanics_override""}]"
handstand_push_up,handstand_push_up,0.86,biomechanics_override,,True,/Users/josephkamil/Desktop/Capstone/HandstandPushups/v_HandStandPushups_g25_c01.avi,1,squat,squat,squat_front,clean_and_jerk,handstand_push_up,1.0,handstand_push_up_bodyweight_pattern,"[{""stage"": ""raw_model"", ""label"": ""squat"", ""conf"": 0.959, ""reason"": """"}, {""stage"": ""bio_model"", ""label"": ""squat"", ""conf"": 0.959, ""reason"": ""squat_pattern_detected""}, {""stage"": ""squat_router"", ""label"": ""squat_front"", ""conf"": 0.97, ""reason"": """"}, {""stage"": ""olympic_router"", ""label"": ""clean_and_jerk"", ""conf"": 0.596, ""reason"": """"}, {""stage"": ""bodyweight_router"", ""label"": ""handstand_push_up"", ""conf"": 1.0, ""reason"": """"}, {""stage"": ""final"", ""label"": ""handstand_push_up"", ""conf"": 0.86, ""reason"": ""biomechanics_override""}]"
handstand_push_up,handstand_push_up,0.86,biomechanics_override,,True,/Users/josephkamil/Desktop/Capstone/HandstandPushups/v_HandStandPushups_g25_c02.avi,1,squat,squat,squat_front,clean_and_jerk,handstand_push_up,1.0,handstand_push_up_bodyweight_pattern,"[{""stage"": ""raw_model"", ""label"": ""squat"", ""conf"": 0.721, ""reason"": """"}, {""stage"": ""bio_model"", ""label"": ""squat"", ""conf"": 0.721, ""reason"": ""model_prediction""}, {""stage"": ""squat_router"", ""label"": ""squat_front"", ""conf"": 0.97, ""reason"": """"}, {""stage"": ""olympic_router"", ""label"": ""clean_and_jerk"", ""conf"": 0.616, ""reason"": """"}, {""stage"": ""bodyweight_router"", ""label"": ""handstand_push_up"", ""conf"": 1.0, ""reason"": """"}, {""stage"": ""final"", ""label"": ""handstand_push_up"", ""conf"": 0.86, ""reason"": ""biomechanics_override""}]"
handstand_push_up,handstand_push_up,0.86,biomechanics_override,,True,/Users/josephkamil/Desktop/Capstone/HandstandPushups/v_HandStandPushups_g25_c03.avi,1,squat,squat,squat_front,clean_and_jerk,handstand_push_up,1.0,handstand_push_up_bodyweight_pattern,"[{""stage"": ""raw_model"", ""label"": ""squat"", ""conf"": 0.956, ""reason"": """"}, {""stage"": ""bio_model"", ""label"": ""squat"", ""conf"": 0.956, ""reason"": ""model_prediction""}, {""stage"": ""squat_router"", ""label"": ""squat_front"", ""conf"": 0.97, ""reason"": """"}, {""stage"": ""olympic_router"", ""label"": ""clean_and_jerk"", ""conf"": 0.632, ""reason"": """"}, {""stage"": ""bodyweight_router"", ""label"": ""handstand_push_up"", ""conf"": 1.0, ""reason"": """"}, {""stage"": ""final"", ""label"": ""handstand_push_up"", ""conf"": 0.86, ""reason"": ""biomechanics_override""}]"
handstand_push_up,handstand_push_up,0.86,biomechanics_override,,True,/Users/josephkamil/Desktop/Capstone/HandstandPushups/v_HandStandPushups_g25_c04.avi,1,squat,squat,squat_front,clean_and_jerk,handstand_push_up,1.0,handstand_push_up_bodyweight_pattern,"[{""stage"": ""raw_model"", ""label"": ""squat"", ""conf"": 0.934, ""reason"": """"}, {""stage"": ""bio_model"", ""label"": ""squat"", ""conf"": 0.934, ""reason"": ""model_prediction""}, {""stage"": ""squat_router"", ""label"": ""squat_front"", ""conf"": 0.97, ""reason"": """"}, {""stage"": ""olympic_router"", ""label"": ""clean_and_jerk"", ""conf"": 0.628, ""reason"": """"}, {""stage"": ""bodyweight_router"", ""label"": ""handstand_push_up"", ""conf"": 1.0, ""reason"": """"}, {""stage"": ""final"", ""label"": ""handstand_push_up"", ""conf"": 0.86, ""reason"": ""biomechanics_override""}]"
handstand_push_up,handstand_push_up,0.86,biomechanics_override,,True,/Users/josephkamil/Desktop/Capstone/HandstandPushups/v_HandStandPushups_g25_c05.avi,1,squat,squat,squat_front,clean_and_jerk,handstand_push_up,1.0,handstand_push_up_bodyweight_pattern,"[{""stage"": ""raw_model"", ""label"": ""squat"", ""conf"": 0.946, ""reason"": """"}, {""stage"": ""bio_model"", ""label"": ""squat"", ""conf"": 0.946, ""reason"": ""model_prediction""}, {""stage"": ""squat_router"", ""label"": ""squat_front"", ""conf"": 0.97, ""reason"": """"}, {""stage"": ""olympic_router"", ""label"": ""clean_and_jerk"", ""conf"": 0.606, ""reason"": """"}, {""stage"": ""bodyweight_router"", ""label"": ""handstand_push_up"", ""conf"": 1.0, ""reason"": """"}, {""stage"": ""final"", ""label"": ""handstand_push_up"", ""conf"": 0.86, ""reason"": ""biomechanics_override""}]"
handstand_push_up,handstand_push_up,0.86,biomechanics_override,,True,/Users/josephkamil/Desktop/Capstone/HandstandPushups/v_HandStandPushups_g25_c06.avi,1,squat,squat,squat_front,clean_and_jerk,handstand_push_up,0.992,handstand_push_up_bodyweight_pattern,"[{""stage"": ""raw_model"", ""label"": ""squat"", ""conf"": 0.963, ""reason"": """"}, {""stage"": ""bio_model"", ""label"": ""squat"", ""conf"": 0.963, ""reason"": ""model_prediction""}, {""stage"": ""squat_router"", ""label"": ""squat_front"", ""conf"": 0.97, ""reason"": """"}, {""stage"": ""olympic_router"", ""label"": ""clean_and_jerk"", ""conf"": 0.628, ""reason"": """"}, {""stage"": ""bodyweight_router"", ""label"": ""handstand_push_up"", ""conf"": 0.992, ""reason"": """"}, {""stage"": ""final"", ""label"": ""handstand_push_up"", ""conf"": 0.86, ""reason"": ""biomechanics_override""}]"
handstand_push_up,handstand_push_up,0.86,biomechanics_override,,True,/Users/josephkamil/Desktop/Capstone/HandstandPushups/v_HandStandPushups_g25_c07.avi,1,squat,squat,squat_front,clean_and_jerk,handstand_push_up,0.998,handstand_push_up_bodyweight_pattern,"[{""stage"": ""raw_model"", ""label"": ""squat"", ""conf"": 0.876, ""reason"": """"}, {""stage"": ""bio_model"", ""label"": ""squat"", ""conf"": 0.876, ""reason"": ""model_prediction""}, {""stage"": ""squat_router"", ""label"": ""squat_front"", ""conf"": 0.97, ""reason"": """"}, {""stage"": ""olympic_router"", ""label"": ""clean_and_jerk"", ""conf"": 0.668, ""reason"": """"}, {""stage"": ""bodyweight_router"", ""label"": ""handstand_push_up"", ""conf"": 0.998, ""reason"": """"}, {""stage"": ""final"", ""label"": ""handstand_push_up"", ""conf"": 0.86, ""reason"": ""biomechanics_override""}]"
pull_up,Unknown,0.0,insufficient_data,,False,/Users/josephkamil/Desktop/Capstone/PullUps/v_PullUps_g01_c01.avi,0,,,,,,,,[]
pull_up,Unknown,0.0,insufficient_data,,False,/Users/josephkamil/Desktop/Capstone/PullUps/v_PullUps_g01_c02.avi,0,,,,,,,,[]
pull_up,Unknown,0.0,insufficient_data,,False,/Users/josephkamil/Desktop/Capstone/PullUps/v_PullUps_g01_c03.avi,0,,,,,,,,[]
pull_up,pull_up,0.86,biomechanics_override,,True,/Users/josephkamil/Desktop/Capstone/PullUps/v_PullUps_g01_c04.avi,1,squat,push_press,overhead_squat,clean_and_jerk,pull_up,0.937,pull_up_bodyweight_pattern,"[{""stage"": ""raw_model"", ""label"": ""squat"", ""conf"": 0.941, ""reason"": """"}, {""stage"": ""bio_model"", ""label"": ""push_press"", ""conf"": 0.941, ""reason"": ""overhead_press_detected""}, {""stage"": ""squat_router"", ""label"": ""overhead_squat"", ""conf"": 0.923, ""reason"": """"}, {""stage"": ""olympic_router"", ""label"": ""clean_and_jerk"", ""conf"": 0.502, ""reason"": """"}, {""stage"": ""bodyweight_router"", ""label"": ""pull_up"", ""conf"": 0.937, ""reason"": """"}, {""stage"": ""final"", ""label"": ""pull_up"", ""conf"": 0.86, ""reason"": ""biomechanics_override""}]"
pull_up,pull_up,0.86,biomechanics_override,,True,/Users/josephkamil/Desktop/Capstone/PullUps/v_PullUps_g02_c01.avi,1,push_press,push_press,overhead_squat,clean_and_jerk,pull_up,1.0,pull_up_bodyweight_pattern,"[{""stage"": ""raw_model"", ""label"": ""push_press"", ""conf"": 0.844, ""reason"": """"}, {""stage"": ""bio_model"", ""label"": ""push_press"", ""conf"": 0.844, ""reason"": ""overhead_press_detected""}, {""stage"": ""squat_router"", ""label"": ""overhead_squat"", ""conf"": 0.811, ""reason"": """"}, {""stage"": ""olympic_router"", ""label"": ""clean_and_jerk"", ""conf"": 0.778, ""reason"": """"}, {""stage"": ""bodyweight_router"", ""label"": ""pull_up"", ""conf"": 1.0, ""reason"": """"}, {""stage"": ""final"", ""label"": ""pull_up"", ""conf"": 0.86, ""reason"": ""biomechanics_override""}]"
pull_up,pull_up,0.86,biomechanics_override,,True,/Users/josephkamil/Desktop/Capstone/PullUps/v_PullUps_g02_c02.avi,1,push_press,push_press,overhead_squat,clean_and_jerk,pull_up,1.0,pull_up_bodyweight_pattern,"[{""stage"": ""raw_model"", ""label"": ""push_press"", ""conf"": 0.965, ""reason"": """"}, {""stage"": ""bio_model"", ""label"": ""push_press"", ""conf"": 0.965, ""reason"": ""overhead_press_detected""}, {""stage"": ""squat_router"", ""label"": ""overhead_squat"", ""conf"": 0.811, ""reason"": """"}, {""stage"": ""olympic_router"", ""label"": ""clean_and_jerk"", ""conf"": 0.668, ""reason"": """"}, {""stage"": ""bodyweight_router"", ""label"": ""pull_up"", ""conf"": 1.0, ""reason"": """"}, {""stage"": ""final"", ""label"": ""pull_up"", ""conf"": 0.86, ""reason"": ""biomechanics_override""}]"
pull_up,pull_up,1.0,bodyweight_router,,True,/Users/josephkamil/Desktop/Capstone/PullUps/v_PullUps_g02_c03.avi,1,push_press,push_press,overhead_squat,clean_and_jerk,pull_up,0.996,bodyweight_router_pull_up_high_conf,"[{""stage"": ""raw_model"", ""label"": ""push_press"", ""conf"": 0.999, ""reason"": """"}, {""stage"": ""bio_model"", ""label"": ""push_press"", ""conf"": 0.999, ""reason"": ""overhead_press_detected""}, {""stage"": ""squat_router"", ""label"": ""overhead_squat"", ""conf"": 0.937, ""reason"": """"}, {""stage"": ""olympic_router"", ""label"": ""clean_and_jerk"", ""conf"": 0.714, ""reason"": """"}, {""stage"": ""bodyweight_router"", ""label"": ""pull_up"", ""conf"": 0.996, ""reason"": """"}, {""stage"": ""final"", ""label"": ""pull_up"", ""conf"": 0.996, ""reason"": ""bodyweight_router""}]"
pull_up,pull_up,1.0,bodyweight_router,,True,/Users/josephkamil/Desktop/Capstone/PullUps/v_PullUps_g02_c04.avi,1,push_press,push_press,overhead_squat,clean_and_jerk,pull_up,0.996,bodyweight_router_pull_up_high_conf,"[{""stage"": ""raw_model"", ""label"": ""push_press"", ""conf"": 1.0, ""reason"": """"}, {""stage"": ""bio_model"", ""label"": ""push_press"", ""conf"": 1.0, ""reason"": ""overhead_press_detected""}, {""stage"": ""squat_router"", ""label"": ""overhead_squat"", ""conf"": 0.937, ""reason"": """"}, {""stage"": ""olympic_router"", ""label"": ""clean_and_jerk"", ""conf"": 0.624, ""reason"": """"}, {""stage"": ""bodyweight_router"", ""label"": ""pull_up"", ""conf"": 0.996, ""reason"": """"}, {""stage"": ""final"", ""label"": ""pull_up"", ""conf"": 0.996, ""reason"": ""bodyweight_router""}]"
pull_up,pull_up,0.86,biomechanics_override,,True,/Users/josephkamil/Desktop/Capstone/PullUps/v_PullUps_g03_c01.avi,1,push_press,push_press,overhead_squat,clean_and_jerk,pull_up,1.0,pull_up_bodyweight_pattern,"[{""stage"": ""raw_model"", ""label"": ""push_press"", ""conf"": 0.83, ""reason"": """"}, {""stage"": ""bio_model"", ""label"": ""push_press"", ""conf"": 0.83, ""reason"": ""overhead_press_detected""}, {""stage"": ""squat_router"", ""label"": ""overhead_squat"", ""conf"": 0.811, ""reason"": """"}, {""stage"": ""olympic_router"", ""label"": ""clean_and_jerk"", ""conf"": 0.852, ""reason"": """"}, {""stage"": ""bodyweight_router"", ""label"": ""pull_up"", ""conf"": 1.0, ""reason"": """"}, {""stage"": ""final"", ""label"": ""pull_up"", ""conf"": 0.86, ""reason"": ""biomechanics_override""}]"
pull_up,pull_up,0.86,biomechanics_override,,True,/Users/josephkamil/Desktop/Capstone/PullUps/v_PullUps_g03_c02.avi,1,bench_press,bench_press,overhead_squat,clean_and_jerk,pull_up,1.0,pull_up_bodyweight_pattern,"[{""stage"": ""raw_model"", ""label"": ""bench_press"", ""conf"": 0.462, ""reason"": """"}, {""stage"": ""bio_model"", ""label"": ""bench_press"", ""conf"": 0.8, ""reason"": ""trusted_model_bench_press""}, {""stage"": ""squat_router"", ""label"": ""overhead_squat"", ""conf"": 0.811, ""reason"": """"}, {""stage"": ""olympic_router"", ""label"": ""clean_and_jerk"", ""conf"": 0.846, ""reason"": """"}, {""stage"": ""bodyweight_router"", ""label"": ""pull_up"", ""conf"": 1.0, ""reason"": """"}, {""stage"": ""final"", ""label"": ""pull_up"", ""conf"": 0.86, ""reason"": ""biomechanics_override""}]"
pull_up,pull_up,0.86,biomechanics_override,,True,/Users/josephkamil/Desktop/Capstone/PullUps/v_PullUps_g03_c03.avi,1,push_press,push_press,overhead_squat,clean_and_jerk,pull_up,1.0,pull_up_bodyweight_pattern,"[{""stage"": ""raw_model"", ""label"": ""push_press"", ""conf"": 1.0, ""reason"": """"}, {""stage"": ""bio_model"", ""label"": ""push_press"", ""conf"": 1.0, ""reason"": ""overhead_press_detected""}, {""stage"": ""squat_router"", ""label"": ""overhead_squat"", ""conf"": 0.937, ""reason"": """"}, {""stage"": ""olympic_router"", ""label"": ""clean_and_jerk"", ""conf"": 0.722, ""reason"": """"}, {""stage"": ""bodyweight_router"", ""label"": ""pull_up"", ""conf"": 1.0, ""reason"": """"}, {""stage"": ""final"", ""label"": ""pull_up"", ""conf"": 0.86, ""reason"": ""biomechanics_override""}]"
pull_up,pull_up,0.86,biomechanics_override,,True,/Users/josephkamil/Desktop/Capstone/PullUps/v_PullUps_g03_c04.avi,1,push_press,push_press,overhead_squat,clean_and_jerk,pull_up,1.0,pull_up_bodyweight_pattern,"[{""stage"": ""raw_model"", ""label"": ""push_press"", ""conf"": 0.987, ""reason"": """"}, {""stage"": ""bio_model"", ""label"": ""push_press"", ""conf"": 0.987, ""reason"": ""overhead_press_detected""}, {""stage"": ""squat_router"", ""label"": ""overhead_squat"", ""conf"": 0.811, ""reason"": """"}, {""stage"": ""olympic_router"", ""label"": ""clean_and_jerk"", ""conf"": 0.816, ""reason"": """"}, {""stage"": ""bodyweight_router"", ""label"": ""pull_up"", ""conf"": 1.0, ""reason"": """"}, {""stage"": ""final"", ""label"": ""pull_up"", ""conf"": 0.86, ""reason"": ""biomechanics_override""}]"
pull_up,pull_up,0.86,biomechanics_override,,True,/Users/josephkamil/Desktop/Capstone/PullUps/v_PullUps_g04_c01.avi,1,squat,squat,overhead_squat,clean_and_jerk,pull_up,0.998,pull_up_bodyweight_pattern,"[{""stage"": ""raw_model"", ""label"": ""squat"", ""conf"": 0.557, ""reason"": """"}, {""stage"": ""bio_model"", ""label"": ""squat"", ""conf"": 0.557, ""reason"": ""model_prediction""}, {""stage"": ""squat_router"", ""label"": ""overhead_squat"", ""conf"": 0.811, ""reason"": """"}, {""stage"": ""olympic_router"", ""label"": ""clean_and_jerk"", ""conf"": 0.88, ""reason"": """"}, {""stage"": ""bodyweight_router"", ""label"": ""pull_up"", ""conf"": 0.998, ""reason"": """"}, {""stage"": ""final"", ""label"": ""pull_up"", ""conf"": 0.86, ""reason"": ""biomechanics_override""}]"
pull_up,strict_press,0.78,biomechanics_override,,True,/Users/josephkamil/Desktop/Capstone/PullUps/v_PullUps_g04_c02.avi,1,push_press,bench_press,squat_front,clean_and_jerk,pull_up,0.998,strict_press_pattern_detected,"[{""stage"": ""raw_model"", ""label"": ""push_press"", ""conf"": 0.543, ""reason"": """"}, {""stage"": ""bio_model"", ""label"": ""bench_press"", ""conf"": 0.8, ""reason"": ""bench_pattern_detected""}, {""stage"": ""squat_router"", ""label"": ""squat_front"", ""conf"": 0.546, ""reason"": """"}, {""stage"": ""olympic_router"", ""label"": ""clean_and_jerk"", ""conf"": 0.884, ""reason"": """"}, {""stage"": ""bodyweight_router"", ""label"": ""pull_up"", ""conf"": 0.998, ""reason"": """"}, {""stage"": ""final"", ""label"": ""strict_press"", ""conf"": 0.78, ""reason"": ""biomechanics_override""}]"
pull_up,clean_and_jerk,0.91,router_v5,,True,/Users/josephkamil/Desktop/Capstone/PullUps/v_PullUps_g04_c03.avi,1,push_press,bench_press,squat_front,clean_and_jerk,pull_up,1.0,bench_blocked_by_olympic_router,"[{""stage"": ""raw_model"", ""label"": ""push_press"", ""conf"": 0.826, ""reason"": """"}, {""stage"": ""bio_model"", ""label"": ""bench_press"", ""conf"": 0.826, ""reason"": ""bench_pattern_detected""}, {""stage"": ""squat_router"", ""label"": ""squat_front"", ""conf"": 0.518, ""reason"": """"}, {""stage"": ""olympic_router"", ""label"": ""clean_and_jerk"", ""conf"": 0.908, ""reason"": """"}, {""stage"": ""bodyweight_router"", ""label"": ""pull_up"", ""conf"": 1.0, ""reason"": """"}, {""stage"": ""final"", ""label"": ""clean_and_jerk"", ""conf"": 0.908, ""reason"": ""router_v5""}]"
pull_up,pull_up,0.86,biomechanics_override,,True,/Users/josephkamil/Desktop/Capstone/PullUps/v_PullUps_g04_c04.avi,1,squat,bench_press,squat_front,clean_and_jerk,pull_up,0.997,pull_up_bodyweight_pattern,"[{""stage"": ""raw_model"", ""label"": ""squat"", ""conf"": 0.897, ""reason"": """"}, {""stage"": ""bio_model"", ""label"": ""bench_press"", ""conf"": 0.897, ""reason"": ""bench_pattern_detected""}, {""stage"": ""squat_router"", ""label"": ""squat_front"", ""conf"": 0.714, ""reason"": """"}, {""stage"": ""olympic_router"", ""label"": ""clean_and_jerk"", ""conf"": 0.9, ""reason"": """"}, {""stage"": ""bodyweight_router"", ""label"": ""pull_up"", ""conf"": 0.997, ""reason"": """"}, {""stage"": ""final"", ""label"": ""pull_up"", ""conf"": 0.86, ""reason"": ""biomechanics_override""}]"
pull_up,pull_up,0.86,biomechanics_override,,True,/Users/josephkamil/Desktop/Capstone/PullUps/v_PullUps_g05_c01.avi,1,push_press,push_press,overhead_squat,clean_and_jerk,pull_up,0.999,pull_up_bodyweight_pattern,"[{""stage"": ""raw_model"", ""label"": ""push_press"", ""conf"": 0.999, ""reason"": """"}, {""stage"": ""bio_model"", ""label"": ""push_press"", ""conf"": 0.999, ""reason"": ""overhead_press_detected""}, {""stage"": ""squat_router"", ""label"": ""overhead_squat"", ""conf"": 0.811, ""reason"": """"}, {""stage"": ""olympic_router"", ""label"": ""clean_and_jerk"", ""conf"": 0.79, ""reason"": """"}, {""stage"": ""bodyweight_router"", ""label"": ""pull_up"", ""conf"": 0.999, ""reason"": """"}, {""stage"": ""final"", ""label"": ""pull_up"", ""conf"": 0.86, ""reason"": ""biomechanics_override""}]"
pull_up,pull_up,0.86,biomechanics_override,,True,/Users/josephkamil/Desktop/Capstone/PullUps/v_PullUps_g05_c02.avi,1,push_press,push_press,overhead_squat,clean_and_jerk,pull_up,1.0,pull_up_bodyweight_pattern,"[{""stage"": ""raw_model"", ""label"": ""push_press"", ""conf"": 1.0, ""reason"": """"}, {""stage"": ""bio_model"", ""label"": ""push_press"", ""conf"": 1.0, ""reason"": ""overhead_press_detected""}, {""stage"": ""squat_router"", ""label"": ""overhead_squat"", ""conf"": 0.811, ""reason"": """"}, {""stage"": ""olympic_router"", ""label"": ""clean_and_jerk"", ""conf"": 0.672, ""reason"": """"}, {""stage"": ""bodyweight_router"", ""label"": ""pull_up"", ""conf"": 1.0, ""reason"": """"}, {""stage"": ""final"", ""label"": ""pull_up"", ""conf"": 0.86, ""reason"": ""biomechanics_override""}]"
pull_up,overhead_squat,0.77,detailed_rep_analysis,,True,/Users/josephkamil/Desktop/Capstone/PullUps/v_PullUps_g05_c03.avi,0,push_press,push_press,overhead_squat,clean_and_jerk,pull_up,1.0,,"[{""stage"": ""raw_model"", ""label"": ""push_press"", ""conf"": 0.978, ""reason"": """"}, {""stage"": ""bio_model"", ""label"": ""push_press"", ""conf"": 0.978, ""reason"": ""overhead_press_detected""}, {""stage"": ""squat_router"", ""label"": ""overhead_squat"", ""conf"": 0.769, ""reason"": """"}, {""stage"": ""olympic_router"", ""label"": ""clean_and_jerk"", ""conf"": 0.604, ""reason"": """"}, {""stage"": ""bodyweight_router"", ""label"": ""pull_up"", ""conf"": 1.0, ""reason"": """"}, {""stage"": ""final"", ""label"": ""overhead_squat"", ""conf"": 0.769, ""reason"": ""detailed_rep_analysis""}]"
pull_up,overhead_squat,0.86,detailed_rep_analysis,,True,/Users/josephkamil/Desktop/Capstone/PullUps/v_PullUps_g05_c04.avi,1,push_press,push_press,overhead_squat,clean_and_jerk,pull_up,1.0,,"[{""stage"": ""raw_model"", ""label"": ""push_press"", ""conf"": 0.963, ""reason"": """"}, {""stage"": ""bio_model"", ""label"": ""push_press"", ""conf"": 0.963, ""reason"": ""overhead_press_detected""}, {""stage"": ""squat_router"", ""label"": ""overhead_squat"", ""conf"": 0.857, ""reason"": """"}, {""stage"": ""olympic_router"", ""label"": ""clean_and_jerk"", ""conf"": 0.712, ""reason"": """"}, {""stage"": ""bodyweight_router"", ""label"": ""pull_up"", ""conf"": 1.0, ""reason"": """"}, {""stage"": ""final"", ""label"": ""overhead_squat"", ""conf"": 0.857, ""reason"": ""detailed_rep_analysis""}]"
pull_up,pull_up,0.86,biomechanics_override,,True,/Users/josephkamil/Desktop/Capstone/PullUps/v_PullUps_g06_c01.avi,1,bench_press,bench_press,overhead_squat,clean_and_jerk,pull_up,0.997,pull_up_bodyweight_pattern,"[{""stage"": ""raw_model"", ""label"": ""bench_press"", ""conf"": 0.765, ""reason"": """"}, {""stage"": ""bio_model"", ""label"": ""bench_press"", ""conf"": 0.8, ""reason"": ""trusted_model_bench_press""}, {""stage"": ""squat_router"", ""label"": ""overhead_squat"", ""conf"": 0.909, ""reason"": """"}, {""stage"": ""olympic_router"", ""label"": ""clean_and_jerk"", ""conf"": 0.742, ""reason"": """"}, {""stage"": ""bodyweight_router"", ""label"": ""pull_up"", ""conf"": 0.997, ""reason"": """"}, {""stage"": ""final"", ""label"": ""pull_up"", ""conf"": 0.86, ""reason"": ""biomechanics_override""}]"
pull_up,overhead_squat,0.81,detailed_rep_analysis,,True,/Users/josephkamil/Desktop/Capstone/PullUps/v_PullUps_g06_c02.avi,2,push_press,push_press,overhead_squat,clean_and_jerk,pull_up,0.995,,"[{""stage"": ""raw_model"", ""label"": ""push_press"", ""conf"": 0.902, ""reason"": """"}, {""stage"": ""bio_model"", ""label"": ""push_press"", ""conf"": 0.902, ""reason"": ""overhead_press_detected""}, {""stage"": ""squat_router"", ""label"": ""overhead_squat"", ""conf"": 0.811, ""reason"": """"}, {""stage"": ""olympic_router"", ""label"": ""clean_and_jerk"", ""conf"": 0.566, ""reason"": """"}, {""stage"": ""bodyweight_router"", ""label"": ""pull_up"", ""conf"": 0.995, ""reason"": """"}, {""stage"": ""final"", ""label"": ""overhead_squat"", ""conf"": 0.811, ""reason"": ""detailed_rep_analysis""}]"
pull_up,overhead_squat,0.77,detailed_rep_analysis,,True,/Users/josephkamil/Desktop/Capstone/PullUps/v_PullUps_g06_c03.avi,0,push_press,push_press,overhead_squat,clean_and_jerk,pull_up,1.0,,"[{""stage"": ""raw_model"", ""label"": ""push_press"", ""conf"": 0.965, ""reason"": """"}, {""stage"": ""bio_model"", ""label"": ""push_press"", ""conf"": 0.965, ""reason"": ""overhead_press_detected""}, {""stage"": ""squat_router"", ""label"": ""overhead_squat"", ""conf"": 0.769, ""reason"": """"}, {""stage"": ""olympic_router"", ""label"": ""clean_and_jerk"", ""conf"": 0.692, ""reason"": """"}, {""stage"": ""bodyweight_router"", ""label"": ""pull_up"", ""conf"": 1.0, ""reason"": """"}, {""stage"": ""final"", ""label"": ""overhead_squat"", ""conf"": 0.769, ""reason"": ""detailed_rep_analysis""}]"
pull_up,pull_up,1.0,bodyweight_router,,True,/Users/josephkamil/Desktop/Capstone/PullUps/v_PullUps_g06_c04.avi,1,push_press,push_press,overhead_squat,clean_and_jerk,pull_up,1.0,bodyweight_router_pull_up_high_conf,"[{""stage"": ""raw_model"", ""label"": ""push_press"", ""conf"": 0.994, ""reason"": """"}, {""stage"": ""bio_model"", ""label"": ""push_press"", ""conf"": 0.994, ""reason"": ""overhead_press_detected""}, {""stage"": ""squat_router"", ""label"": ""overhead_squat"", ""conf"": 0.937, ""reason"": """"}, {""stage"": ""olympic_router"", ""label"": ""clean_and_jerk"", ""conf"": 0.56, ""reason"": """"}, {""stage"": ""bodyweight_router"", ""label"": ""pull_up"", ""conf"": 1.0, ""reason"": """"}, {""stage"": ""final"", ""label"": ""pull_up"", ""conf"": 1.0, ""reason"": ""bodyweight_router""}]"
pull_up,pull_up,0.86,biomechanics_override,,True,/Users/josephkamil/Desktop/Capstone/PullUps/v_PullUps_g07_c01.avi,1,push_press,push_press,overhead_squat,clean_and_jerk,pull_up,0.991,pull_up_bodyweight_pattern,"[{""stage"": ""raw_model"", ""label"": ""push_press"", ""conf"": 0.728, ""reason"": """"}, {""stage"": ""bio_model"", ""label"": ""push_press"", ""conf"": 0.728, ""reason"": ""model_prediction""}, {""stage"": ""squat_router"", ""label"": ""overhead_squat"", ""conf"": 0.811, ""reason"": """"}, {""stage"": ""olympic_router"", ""label"": ""clean_and_jerk"", ""conf"": 0.782, ""reason"": """"}, {""stage"": ""bodyweight_router"", ""label"": ""pull_up"", ""conf"": 0.991, ""reason"": """"}, {""stage"": ""final"", ""label"": ""pull_up"", ""conf"": 0.86, ""reason"": ""biomechanics_override""}]"
pull_up,pull_up,0.86,biomechanics_override,,True,/Users/josephkamil/Desktop/Capstone/PullUps/v_PullUps_g07_c02.avi,1,squat,squat,overhead_squat,clean_and_jerk,pull_up,0.999,pull_up_bodyweight_pattern,"[{""stage"": ""raw_model"", ""label"": ""squat"", ""conf"": 0.665, ""reason"": """"}, {""stage"": ""bio_model"", ""label"": ""squat"", ""conf"": 0.665, ""reason"": ""model_prediction""}, {""stage"": ""squat_router"", ""label"": ""overhead_squat"", ""conf"": 0.811, ""reason"": """"}, {""stage"": ""olympic_router"", ""label"": ""clean_and_jerk"", ""conf"": 0.756, ""reason"": """"}, {""stage"": ""bodyweight_router"", ""label"": ""pull_up"", ""conf"": 0.999, ""reason"": """"}, {""stage"": ""final"", ""label"": ""pull_up"", ""conf"": 0.86, ""reason"": ""biomechanics_override""}]"
pull_up,pull_up,0.86,biomechanics_override,,True,/Users/josephkamil/Desktop/Capstone/PullUps/v_PullUps_g07_c03.avi,1,squat,squat,overhead_squat,clean_and_jerk,pull_up,0.993,pull_up_bodyweight_pattern,"[{""stage"": ""raw_model"", ""label"": ""squat"", ""conf"": 0.557, ""reason"": """"}, {""stage"": ""bio_model"", ""label"": ""squat"", ""conf"": 0.557, ""reason"": ""model_prediction""}, {""stage"": ""squat_router"", ""label"": ""overhead_squat"", ""conf"": 0.811, ""reason"": """"}, {""stage"": ""olympic_router"", ""label"": ""clean_and_jerk"", ""conf"": 0.816, ""reason"": """"}, {""stage"": ""bodyweight_router"", ""label"": ""pull_up"", ""conf"": 0.993, ""reason"": """"}, {""stage"": ""final"", ""label"": ""pull_up"", ""conf"": 0.86, ""reason"": ""biomechanics_override""}]"
pull_up,pull_up,0.86,biomechanics_override,,True,/Users/josephkamil/Desktop/Capstone/PullUps/v_PullUps_g07_c04.avi,1,push_press,push_press,overhead_squat,clean_and_jerk,pull_up,0.995,pull_up_bodyweight_pattern,"[{""stage"": ""raw_model"", ""label"": ""push_press"", ""conf"": 0.845, ""reason"": """"}, {""stage"": ""bio_model"", ""label"": ""push_press"", ""conf"": 0.845, ""reason"": ""model_prediction""}, {""stage"": ""squat_router"", ""label"": ""overhead_squat"", ""conf"": 0.811, ""reason"": """"}, {""stage"": ""olympic_router"", ""label"": ""clean_and_jerk"", ""conf"": 0.748, ""reason"": """"}, {""stage"": ""bodyweight_router"", ""label"": ""pull_up"", ""conf"": 0.995, ""reason"": """"}, {""stage"": ""final"", ""label"": ""pull_up"", ""conf"": 0.86, ""reason"": ""biomechanics_override""}]"
pull_up,clean_and_jerk,0.7,router_v5,,True,/Users/josephkamil/Desktop/Capstone/PullUps/v_PullUps_g08_c01.avi,1,push_press,push_press,overhead_squat,clean_and_jerk,pull_up,0.997,,"[{""stage"": ""raw_model"", ""label"": ""push_press"", ""conf"": 1.0, ""reason"": """"}, {""stage"": ""bio_model"", ""label"": ""push_press"", ""conf"": 1.0, ""reason"": ""overhead_press_detected""}, {""stage"": ""squat_router"", ""label"": ""overhead_squat"", ""conf"": 0.727, ""reason"": """"}, {""stage"": ""olympic_router"", ""label"": ""clean_and_jerk"", ""conf"": 0.704, ""reason"": """"}, {""stage"": ""bodyweight_router"", ""label"": ""pull_up"", ""conf"": 0.997, ""reason"": """"}, {""stage"": ""final"", ""label"": ""clean_and_jerk"", ""conf"": 0.704, ""reason"": ""router_v5""}]"
pull_up,pull_up,0.86,biomechanics_override,,True,/Users/josephkamil/Desktop/Capstone/PullUps/v_PullUps_g08_c02.avi,1,push_press,push_press,overhead_squat,clean_and_jerk,pull_up,1.0,pull_up_bodyweight_pattern,"[{""stage"": ""raw_model"", ""label"": ""push_press"", ""conf"": 1.0, ""reason"": """"}, {""stage"": ""bio_model"", ""label"": ""push_press"", ""conf"": 1.0, ""reason"": ""overhead_press_detected""}, {""stage"": ""squat_router"", ""label"": ""overhead_squat"", ""conf"": 0.774, ""reason"": """"}, {""stage"": ""olympic_router"", ""label"": ""clean_and_jerk"", ""conf"": 0.832, ""reason"": """"}, {""stage"": ""bodyweight_router"", ""label"": ""pull_up"", ""conf"": 1.0, ""reason"": """"}, {""stage"": ""final"", ""label"": ""pull_up"", ""conf"": 0.86, ""reason"": ""biomechanics_override""}]"
pull_up,pull_up,0.86,biomechanics_override,,True,/Users/josephkamil/Desktop/Capstone/PullUps/v_PullUps_g08_c03.avi,1,push_press,push_press,overhead_squat,clean_and_jerk,pull_up,0.998,pull_up_bodyweight_pattern,"[{""stage"": ""raw_model"", ""label"": ""push_press"", ""conf"": 1.0, ""reason"": """"}, {""stage"": ""bio_model"", ""label"": ""push_press"", ""conf"": 1.0, ""reason"": ""overhead_press_detected""}, {""stage"": ""squat_router"", ""label"": ""overhead_squat"", ""conf"": 0.828, ""reason"": """"}, {""stage"": ""olympic_router"", ""label"": ""clean_and_jerk"", ""conf"": 0.786, ""reason"": """"}, {""stage"": ""bodyweight_router"", ""label"": ""pull_up"", ""conf"": 0.998, ""reason"": """"}, {""stage"": ""final"", ""label"": ""pull_up"", ""conf"": 0.86, ""reason"": ""biomechanics_override""}]"
pull_up,pull_up,0.86,biomechanics_override,,True,/Users/josephkamil/Desktop/Capstone/PullUps/v_PullUps_g08_c04.avi,1,push_press,push_press,overhead_squat,clean_and_jerk,pull_up,1.0,pull_up_bodyweight_pattern,"[{""stage"": ""raw_model"", ""label"": ""push_press"", ""conf"": 1.0, ""reason"": """"}, {""stage"": ""bio_model"", ""label"": ""push_press"", ""conf"": 1.0, ""reason"": ""overhead_press_detected""}, {""stage"": ""squat_router"", ""label"": ""overhead_squat"", ""conf"": 0.828, ""reason"": """"}, {""stage"": ""olympic_router"", ""label"": ""clean_and_jerk"", ""conf"": 0.812, ""reason"": """"}, {""stage"": ""bodyweight_router"", ""label"": ""pull_up"", ""conf"": 1.0, ""reason"": """"}, {""stage"": ""final"", ""label"": ""pull_up"", ""conf"": 0.86, ""reason"": ""biomechanics_override""}]"
pull_up,overhead_squat,0.86,detailed_rep_analysis,,True,/Users/josephkamil/Desktop/Capstone/PullUps/v_PullUps_g09_c01.avi,1,push_press,push_press,overhead_squat,clean_and_jerk,pull_up,1.0,,"[{""stage"": ""raw_model"", ""label"": ""push_press"", ""conf"": 0.839, ""reason"": """"}, {""stage"": ""bio_model"", ""label"": ""push_press"", ""conf"": 0.839, ""reason"": ""overhead_press_detected""}, {""stage"": ""squat_router"", ""label"": ""overhead_squat"", ""conf"": 0.857, ""reason"": """"}, {""stage"": ""olympic_router"", ""label"": ""clean_and_jerk"", ""conf"": 0.566, ""reason"": """"}, {""stage"": ""bodyweight_router"", ""label"": ""pull_up"", ""conf"": 1.0, ""reason"": """"}, {""stage"": ""final"", ""label"": ""overhead_squat"", ""conf"": 0.857, ""reason"": ""detailed_rep_analysis""}]"
pull_up,overhead_squat,0.88,detailed_rep_analysis,,True,/Users/josephkamil/Desktop/Capstone/PullUps/v_PullUps_g09_c02.avi,1,push_press,push_press,overhead_squat,clean_and_jerk,pull_up,1.0,,"[{""stage"": ""raw_model"", ""label"": ""push_press"", ""conf"": 0.6, ""reason"": """"}, {""stage"": ""bio_model"", ""label"": ""push_press"", ""conf"": 0.78, ""reason"": ""overhead_press_detected""}, {""stage"": ""squat_router"", ""label"": ""overhead_squat"", ""conf"": 0.882, ""reason"": """"}, {""stage"": ""olympic_router"", ""label"": ""clean_and_jerk"", ""conf"": 0.522, ""reason"": """"}, {""stage"": ""bodyweight_router"", ""label"": ""pull_up"", ""conf"": 1.0, ""reason"": """"}, {""stage"": ""final"", ""label"": ""overhead_squat"", ""conf"": 0.882, ""reason"": ""detailed_rep_analysis""}]"
pull_up,pull_up,0.86,biomechanics_override,,True,/Users/josephkamil/Desktop/Capstone/PullUps/v_PullUps_g09_c03.avi,1,bench_press,bench_press,overhead_squat,clean_and_jerk,pull_up,1.0,pull_up_bodyweight_pattern,"[{""stage"": ""raw_model"", ""label"": ""bench_press"", ""conf"": 0.512, ""reason"": """"}, {""stage"": ""bio_model"", ""label"": ""bench_press"", ""conf"": 0.8, ""reason"": ""trusted_model_bench_press""}, {""stage"": ""squat_router"", ""label"": ""overhead_squat"", ""conf"": 0.882, ""reason"": """"}, {""stage"": ""olympic_router"", ""label"": ""clean_and_jerk"", ""conf"": 0.514, ""reason"": """"}, {""stage"": ""bodyweight_router"", ""label"": ""pull_up"", ""conf"": 1.0, ""reason"": """"}, {""stage"": ""final"", ""label"": ""pull_up"", ""conf"": 0.86, ""reason"": ""biomechanics_override""}]"
pull_up,overhead_squat,0.77,detailed_rep_analysis,,True,/Users/josephkamil/Desktop/Capstone/PullUps/v_PullUps_g09_c04.avi,1,push_press,push_press,overhead_squat,snatch,pull_up,1.0,,"[{""stage"": ""raw_model"", ""label"": ""push_press"", ""conf"": 0.869, ""reason"": """"}, {""stage"": ""bio_model"", ""label"": ""push_press"", ""conf"": 0.869, ""reason"": ""overhead_press_detected""}, {""stage"": ""squat_router"", ""label"": ""overhead_squat"", ""conf"": 0.769, ""reason"": """"}, {""stage"": ""olympic_router"", ""label"": ""snatch"", ""conf"": 0.51, ""reason"": """"}, {""stage"": ""bodyweight_router"", ""label"": ""pull_up"", ""conf"": 1.0, ""reason"": """"}, {""stage"": ""final"", ""label"": ""overhead_squat"", ""conf"": 0.769, ""reason"": ""detailed_rep_analysis""}]"
pull_up,overhead_squat,0.77,detailed_rep_analysis,,True,/Users/josephkamil/Desktop/Capstone/PullUps/v_PullUps_g10_c01.avi,2,push_press,push_press,overhead_squat,clean_and_jerk,pull_up,1.0,,"[{""stage"": ""raw_model"", ""label"": ""push_press"", ""conf"": 1.0, ""reason"": """"}, {""stage"": ""bio_model"", ""label"": ""push_press"", ""conf"": 1.0, ""reason"": ""overhead_press_detected""}, {""stage"": ""squat_router"", ""label"": ""overhead_squat"", ""conf"": 0.774, ""reason"": """"}, {""stage"": ""olympic_router"", ""label"": ""clean_and_jerk"", ""conf"": 0.816, ""reason"": """"}, {""stage"": ""bodyweight_router"", ""label"": ""pull_up"", ""conf"": 1.0, ""reason"": """"}, {""stage"": ""final"", ""label"": ""overhead_squat"", ""conf"": 0.774, ""reason"": ""detailed_rep_analysis""}]"
pull_up,pull_up,0.86,biomechanics_override,,True,/Users/josephkamil/Desktop/Capstone/PullUps/v_PullUps_g10_c02.avi,1,push_press,push_press,overhead_squat,clean_and_jerk,pull_up,1.0,vertical_pullup_signature,"[{""stage"": ""raw_model"", ""label"": ""push_press"", ""conf"": 1.0, ""reason"": """"}, {""stage"": ""bio_model"", ""label"": ""push_press"", ""conf"": 1.0, ""reason"": ""overhead_press_detected""}, {""stage"": ""squat_router"", ""label"": ""overhead_squat"", ""conf"": 0.774, ""reason"": """"}, {""stage"": ""olympic_router"", ""label"": ""clean_and_jerk"", ""conf"": 0.762, ""reason"": """"}, {""stage"": ""bodyweight_router"", ""label"": ""pull_up"", ""conf"": 1.0, ""reason"": """"}, {""stage"": ""final"", ""label"": ""pull_up"", ""conf"": 0.86, ""reason"": ""biomechanics_override""}]"
pull_up,overhead_squat,0.77,detailed_rep_analysis,,True,/Users/josephkamil/Desktop/Capstone/PullUps/v_PullUps_g10_c03.avi,2,push_press,push_press,overhead_squat,clean_and_jerk,pull_up,1.0,,"[{""stage"": ""raw_model"", ""label"": ""push_press"", ""conf"": 1.0, ""reason"": """"}, {""stage"": ""bio_model"", ""label"": ""push_press"", ""conf"": 1.0, ""reason"": ""overhead_press_detected""}, {""stage"": ""squat_router"", ""label"": ""overhead_squat"", ""conf"": 0.774, ""reason"": """"}, {""stage"": ""olympic_router"", ""label"": ""clean_and_jerk"", ""conf"": 0.712, ""reason"": """"}, {""stage"": ""bodyweight_router"", ""label"": ""pull_up"", ""conf"": 1.0, ""reason"": """"}, {""stage"": ""final"", ""label"": ""overhead_squat"", ""conf"": 0.774, ""reason"": ""detailed_rep_analysis""}]"
pull_up,pull_up,0.86,biomechanics_override,,True,/Users/josephkamil/Desktop/Capstone/PullUps/v_PullUps_g10_c04.avi,1,push_press,push_press,overhead_squat,clean_and_jerk,pull_up,1.0,vertical_pullup_signature,"[{""stage"": ""raw_model"", ""label"": ""push_press"", ""conf"": 0.998, ""reason"": """"}, {""stage"": ""bio_model"", ""label"": ""push_press"", ""conf"": 0.998, ""reason"": ""overhead_press_detected""}, {""stage"": ""squat_router"", ""label"": ""overhead_squat"", ""conf"": 0.774, ""reason"": """"}, {""stage"": ""olympic_router"", ""label"": ""clean_and_jerk"", ""conf"": 0.728, ""reason"": """"}, {""stage"": ""bodyweight_router"", ""label"": ""pull_up"", ""conf"": 1.0, ""reason"": """"}, {""stage"": ""final"", ""label"": ""pull_up"", ""conf"": 0.86, ""reason"": ""biomechanics_override""}]"
pull_up,pull_up,0.86,biomechanics_override,,True,/Users/josephkamil/Desktop/Capstone/PullUps/v_PullUps_g11_c01.avi,1,push_press,push_press,overhead_squat,clean_and_jerk,pull_up,1.0,vertical_pullup_signature,"[{""stage"": ""raw_model"", ""label"": ""push_press"", ""conf"": 0.939, ""reason"": """"}, {""stage"": ""bio_model"", ""label"": ""push_press"", ""conf"": 0.939, ""reason"": ""overhead_press_detected""}, {""stage"": ""squat_router"", ""label"": ""overhead_squat"", ""conf"": 0.909, ""reason"": """"}, {""stage"": ""olympic_router"", ""label"": ""clean_and_jerk"", ""conf"": 0.79, ""reason"": """"}, {""stage"": ""bodyweight_router"", ""label"": ""pull_up"", ""conf"": 1.0, ""reason"": """"}, {""stage"": ""final"", ""label"": ""pull_up"", ""conf"": 0.86, ""reason"": ""biomechanics_override""}]"
pull_up,pull_up,0.86,biomechanics_override,,True,/Users/josephkamil/Desktop/Capstone/PullUps/v_PullUps_g11_c02.avi,1,push_press,push_press,overhead_squat,clean_and_jerk,pull_up,1.0,pull_up_bodyweight_pattern,"[{""stage"": ""raw_model"", ""label"": ""push_press"", ""conf"": 1.0, ""reason"": """"}, {""stage"": ""bio_model"", ""label"": ""push_press"", ""conf"": 1.0, ""reason"": ""overhead_press_detected""}, {""stage"": ""squat_router"", ""label"": ""overhead_squat"", ""conf"": 0.909, ""reason"": """"}, {""stage"": ""olympic_router"", ""label"": ""clean_and_jerk"", ""conf"": 0.804, ""reason"": """"}, {""stage"": ""bodyweight_router"", ""label"": ""pull_up"", ""conf"": 1.0, ""reason"": """"}, {""stage"": ""final"", ""label"": ""pull_up"", ""conf"": 0.86, ""reason"": ""biomechanics_override""}]"
pull_up,pull_up,0.86,biomechanics_override,,True,/Users/josephkamil/Desktop/Capstone/PullUps/v_PullUps_g11_c03.avi,1,push_press,push_press,overhead_squat,clean_and_jerk,pull_up,1.0,vertical_pullup_signature,"[{""stage"": ""raw_model"", ""label"": ""push_press"", ""conf"": 0.772, ""reason"": """"}, {""stage"": ""bio_model"", ""label"": ""push_press"", ""conf"": 0.78, ""reason"": ""overhead_press_detected""}, {""stage"": ""squat_router"", ""label"": ""overhead_squat"", ""conf"": 0.909, ""reason"": """"}, {""stage"": ""olympic_router"", ""label"": ""clean_and_jerk"", ""conf"": 0.894, ""reason"": """"}, {""stage"": ""bodyweight_router"", ""label"": ""pull_up"", ""conf"": 1.0, ""reason"": """"}, {""stage"": ""final"", ""label"": ""pull_up"", ""conf"": 0.86, ""reason"": ""biomechanics_override""}]"
pull_up,pull_up,0.86,biomechanics_override,,True,/Users/josephkamil/Desktop/Capstone/PullUps/v_PullUps_g11_c04.avi,1,push_press,push_press,overhead_squat,clean_and_jerk,pull_up,1.0,vertical_pullup_signature,"[{""stage"": ""raw_model"", ""label"": ""push_press"", ""conf"": 0.755, ""reason"": """"}, {""stage"": ""bio_model"", ""label"": ""push_press"", ""conf"": 0.78, ""reason"": ""overhead_press_detected""}, {""stage"": ""squat_router"", ""label"": ""overhead_squat"", ""conf"": 0.937, ""reason"": """"}, {""stage"": ""olympic_router"", ""label"": ""clean_and_jerk"", ""conf"": 0.888, ""reason"": """"}, {""stage"": ""bodyweight_router"", ""label"": ""pull_up"", ""conf"": 1.0, ""reason"": """"}, {""stage"": ""final"", ""label"": ""pull_up"", ""conf"": 0.86, ""reason"": ""biomechanics_override""}]"
pull_up,pull_up,0.86,biomechanics_override,,True,/Users/josephkamil/Desktop/Capstone/PullUps/v_PullUps_g12_c01.avi,1,push_press,push_press,overhead_squat,clean_and_jerk,pull_up,1.0,pull_up_bodyweight_pattern,"[{""stage"": ""raw_model"", ""label"": ""push_press"", ""conf"": 0.996, ""reason"": """"}, {""stage"": ""bio_model"", ""label"": ""push_press"", ""conf"": 0.996, ""reason"": ""overhead_press_detected""}, {""stage"": ""squat_router"", ""label"": ""overhead_squat"", ""conf"": 0.811, ""reason"": """"}, {""stage"": ""olympic_router"", ""label"": ""clean_and_jerk"", ""conf"": 0.742, ""reason"": """"}, {""stage"": ""bodyweight_router"", ""label"": ""pull_up"", ""conf"": 1.0, ""reason"": """"}, {""stage"": ""final"", ""label"": ""pull_up"", ""conf"": 0.86, ""reason"": ""biomechanics_override""}]"
pull_up,pull_up,0.86,biomechanics_override,,True,/Users/josephkamil/Desktop/Capstone/PullUps/v_PullUps_g12_c02.avi,1,push_press,push_press,squat_back,clean_and_jerk,pull_up,1.0,pull_up_bodyweight_pattern,"[{""stage"": ""raw_model"", ""label"": ""push_press"", ""conf"": 0.996, ""reason"": """"}, {""stage"": ""bio_model"", ""label"": ""push_press"", ""conf"": 0.996, ""reason"": ""overhead_press_detected""}, {""stage"": ""squat_router"", ""label"": ""squat_back"", ""conf"": 0.556, ""reason"": """"}, {""stage"": ""olympic_router"", ""label"": ""clean_and_jerk"", ""conf"": 0.79, ""reason"": """"}, {""stage"": ""bodyweight_router"", ""label"": ""pull_up"", ""conf"": 1.0, ""reason"": """"}, {""stage"": ""final"", ""label"": ""pull_up"", ""conf"": 0.86, ""reason"": ""biomechanics_override""}]"
pull_up,pull_up,0.86,biomechanics_override,,True,/Users/josephkamil/Desktop/Capstone/PullUps/v_PullUps_g12_c03.avi,1,push_press,push_press,overhead_squat,clean_and_jerk,pull_up,0.997,pull_up_bodyweight_pattern,"[{""stage"": ""raw_model"", ""label"": ""push_press"", ""conf"": 0.991, ""reason"": """"}, {""stage"": ""bio_model"", ""label"": ""push_press"", ""conf"": 0.991, ""reason"": ""overhead_press_detected""}, {""stage"": ""squat_router"", ""label"": ""overhead_squat"", ""conf"": 0.811, ""reason"": """"}, {""stage"": ""olympic_router"", ""label"": ""clean_and_jerk"", ""conf"": 0.752, ""reason"": """"}, {""stage"": ""bodyweight_router"", ""label"": ""pull_up"", ""conf"": 0.997, ""reason"": """"}, {""stage"": ""final"", ""label"": ""pull_up"", ""conf"": 0.86, ""reason"": ""biomechanics_override""}]"
pull_up,pull_up,0.86,biomechanics_override,,True,/Users/josephkamil/Desktop/Capstone/PullUps/v_PullUps_g12_c04.avi,1,push_press,push_press,overhead_squat,clean_and_jerk,pull_up,1.0,pull_up_bodyweight_pattern,"[{""stage"": ""raw_model"", ""label"": ""push_press"", ""conf"": 0.987, ""reason"": """"}, {""stage"": ""bio_model"", ""label"": ""push_press"", ""conf"": 0.987, ""reason"": ""overhead_press_detected""}, {""stage"": ""squat_router"", ""label"": ""overhead_squat"", ""conf"": 0.937, ""reason"": """"}, {""stage"": ""olympic_router"", ""label"": ""clean_and_jerk"", ""conf"": 0.822, ""reason"": """"}, {""stage"": ""bodyweight_router"", ""label"": ""pull_up"", ""conf"": 1.0, ""reason"": """"}, {""stage"": ""final"", ""label"": ""pull_up"", ""conf"": 0.86, ""reason"": ""biomechanics_override""}]"
pull_up,pull_up,0.86,biomechanics_override,,True,/Users/josephkamil/Desktop/Capstone/PullUps/v_PullUps_g13_c01.avi,1,push_press,push_press,overhead_squat,clean_and_jerk,pull_up,1.0,pull_up_bodyweight_pattern,"[{""stage"": ""raw_model"", ""label"": ""push_press"", ""conf"": 1.0, ""reason"": """"}, {""stage"": ""bio_model"", ""label"": ""push_press"", ""conf"": 1.0, ""reason"": ""overhead_press_detected""}, {""stage"": ""squat_router"", ""label"": ""overhead_squat"", ""conf"": 0.811, ""reason"": """"}, {""stage"": ""olympic_router"", ""label"": ""clean_and_jerk"", ""conf"": 0.91, ""reason"": """"}, {""stage"": ""bodyweight_router"", ""label"": ""pull_up"", ""conf"": 1.0, ""reason"": """"}, {""stage"": ""final"", ""label"": ""pull_up"", ""conf"": 0.86, ""reason"": ""biomechanics_override""}]"
pull_up,pull_up,0.86,biomechanics_override,,True,/Users/josephkamil/Desktop/Capstone/PullUps/v_PullUps_g13_c02.avi,1,push_press,push_press,overhead_squat,clean_and_jerk,pull_up,1.0,pull_up_bodyweight_pattern,"[{""stage"": ""raw_model"", ""label"": ""push_press"", ""conf"": 1.0, ""reason"": """"}, {""stage"": ""bio_model"", ""label"": ""push_press"", ""conf"": 1.0, ""reason"": ""overhead_press_detected""}, {""stage"": ""squat_router"", ""label"": ""overhead_squat"", ""conf"": 0.774, ""reason"": """"}, {""stage"": ""olympic_router"", ""label"": ""clean_and_jerk"", ""conf"": 0.838, ""reason"": """"}, {""stage"": ""bodyweight_router"", ""label"": ""pull_up"", ""conf"": 1.0, ""reason"": """"}, {""stage"": ""final"", ""label"": ""pull_up"", ""conf"": 0.86, ""reason"": ""biomechanics_override""}]"
pull_up,pull_up,0.86,biomechanics_override,,True,/Users/josephkamil/Desktop/Capstone/PullUps/v_PullUps_g13_c03.avi,1,push_press,push_press,overhead_squat,clean_and_jerk,pull_up,1.0,pull_up_bodyweight_pattern,"[{""stage"": ""raw_model"", ""label"": ""push_press"", ""conf"": 1.0, ""reason"": """"}, {""stage"": ""bio_model"", ""label"": ""push_press"", ""conf"": 1.0, ""reason"": ""overhead_press_detected""}, {""stage"": ""squat_router"", ""label"": ""overhead_squat"", ""conf"": 0.774, ""reason"": """"}, {""stage"": ""olympic_router"", ""label"": ""clean_and_jerk"", ""conf"": 0.836, ""reason"": """"}, {""stage"": ""bodyweight_router"", ""label"": ""pull_up"", ""conf"": 1.0, ""reason"": """"}, {""stage"": ""final"", ""label"": ""pull_up"", ""conf"": 0.86, ""reason"": ""biomechanics_override""}]"
pull_up,pull_up,0.86,biomechanics_override,,True,/Users/josephkamil/Desktop/Capstone/PullUps/v_PullUps_g13_c04.avi,1,push_press,push_press,overhead_squat,clean_and_jerk,pull_up,1.0,pull_up_bodyweight_pattern,"[{""stage"": ""raw_model"", ""label"": ""push_press"", ""conf"": 1.0, ""reason"": """"}, {""stage"": ""bio_model"", ""label"": ""push_press"", ""conf"": 1.0, ""reason"": ""overhead_press_detected""}, {""stage"": ""squat_router"", ""label"": ""overhead_squat"", ""conf"": 0.774, ""reason"": """"}, {""stage"": ""olympic_router"", ""label"": ""clean_and_jerk"", ""conf"": 0.82, ""reason"": """"}, {""stage"": ""bodyweight_router"", ""label"": ""pull_up"", ""conf"": 1.0, ""reason"": """"}, {""stage"": ""final"", ""label"": ""pull_up"", ""conf"": 0.86, ""reason"": ""biomechanics_override""}]"
pull_up,push_press,1.0,biomechanics_override,,True,/Users/josephkamil/Desktop/Capstone/PullUps/v_PullUps_g14_c01.avi,1,push_press,push_press,squat_back,,pull_up,0.875,push_press_pattern_detected,"[{""stage"": ""raw_model"", ""label"": ""push_press"", ""conf"": 1.0, ""reason"": """"}, {""stage"": ""bio_model"", ""label"": ""push_press"", ""conf"": 1.0, ""reason"": ""model_prediction""}, {""stage"": ""squat_router"", ""label"": ""squat_back"", ""conf"": 0.879, ""reason"": """"}, {""stage"": ""olympic_router"", ""label"": """", ""conf"": 0.0, ""reason"": """"}, {""stage"": ""bodyweight_router"", ""label"": ""pull_up"", ""conf"": 0.875, ""reason"": """"}, {""stage"": ""final"", ""label"": ""push_press"", ""conf"": 1.0, ""reason"": ""biomechanics_override""}]"
pull_up,pull_up,0.86,biomechanics_override,,True,/Users/josephkamil/Desktop/Capstone/PullUps/v_PullUps_g14_c02.avi,1,push_press,bench_press,squat_back,,pull_up,0.851,pull_up_bodyweight_pattern,"[{""stage"": ""raw_model"", ""label"": ""push_press"", ""conf"": 1.0, ""reason"": """"}, {""stage"": ""bio_model"", ""label"": ""bench_press"", ""conf"": 1.0, ""reason"": ""bench_pattern_detected""}, {""stage"": ""squat_router"", ""label"": ""squat_back"", ""conf"": 0.879, ""reason"": """"}, {""stage"": ""olympic_router"", ""label"": """", ""conf"": 0.0, ""reason"": """"}, {""stage"": ""bodyweight_router"", ""label"": ""pull_up"", ""conf"": 0.851, ""reason"": """"}, {""stage"": ""final"", ""label"": ""pull_up"", ""conf"": 0.86, ""reason"": ""biomechanics_override""}]"
pull_up,push_press,1.0,biomechanics_override,,True,/Users/josephkamil/Desktop/Capstone/PullUps/v_PullUps_g14_c03.avi,1,push_press,push_press,squat_back,,pull_up,0.903,push_press_pattern_detected,"[{""stage"": ""raw_model"", ""label"": ""push_press"", ""conf"": 1.0, ""reason"": """"}, {""stage"": ""bio_model"", ""label"": ""push_press"", ""conf"": 1.0, ""reason"": ""model_prediction""}, {""stage"": ""squat_router"", ""label"": ""squat_back"", ""conf"": 0.879, ""reason"": """"}, {""stage"": ""olympic_router"", ""label"": """", ""conf"": 0.0, ""reason"": """"}, {""stage"": ""bodyweight_router"", ""label"": ""pull_up"", ""conf"": 0.903, ""reason"": """"}, {""stage"": ""final"", ""label"": ""push_press"", ""conf"": 1.0, ""reason"": ""biomechanics_override""}]"
pull_up,push_press,1.0,biomechanics_override,,True,/Users/josephkamil/Desktop/Capstone/PullUps/v_PullUps_g14_c04.avi,2,push_press,push_press,squat_back,,pull_up,0.876,push_press_pattern_detected,"[{""stage"": ""raw_model"", ""label"": ""push_press"", ""conf"": 1.0, ""reason"": """"}, {""stage"": ""bio_model"", ""label"": ""push_press"", ""conf"": 1.0, ""reason"": ""model_prediction""}, {""stage"": ""squat_router"", ""label"": ""squat_back"", ""conf"": 0.879, ""reason"": """"}, {""stage"": ""olympic_router"", ""label"": """", ""conf"": 0.0, ""reason"": """"}, {""stage"": ""bodyweight_router"", ""label"": ""pull_up"", ""conf"": 0.876, ""reason"": """"}, {""stage"": ""final"", ""label"": ""push_press"", ""conf"": 1.0, ""reason"": ""biomechanics_override""}]"
pull_up,pull_up,0.86,biomechanics_override,,True,/Users/josephkamil/Desktop/Capstone/PullUps/v_PullUps_g15_c01.avi,1,bench_press,bench_press,overhead_squat,clean_and_jerk,pull_up,0.992,pull_up_bodyweight_pattern,"[{""stage"": ""raw_model"", ""label"": ""bench_press"", ""conf"": 0.932, ""reason"": """"}, {""stage"": ""bio_model"", ""label"": ""bench_press"", ""conf"": 0.932, ""reason"": ""trusted_model_bench_press""}, {""stage"": ""squat_router"", ""label"": ""overhead_squat"", ""conf"": 0.828, ""reason"": """"}, {""stage"": ""olympic_router"", ""label"": ""clean_and_jerk"", ""conf"": 0.678, ""reason"": """"}, {""stage"": ""bodyweight_router"", ""label"": ""pull_up"", ""conf"": 0.992, ""reason"": """"}, {""stage"": ""final"", ""label"": ""pull_up"", ""conf"": 0.86, ""reason"": ""biomechanics_override""}]"
pull_up,pull_up,0.86,biomechanics_override,,True,/Users/josephkamil/Desktop/Capstone/PullUps/v_PullUps_g15_c02.avi,1,squat,push_press,squat_back,snatch,pull_up,0.994,pull_up_bodyweight_pattern,"[{""stage"": ""raw_model"", ""label"": ""squat"", ""conf"": 0.768, ""reason"": """"}, {""stage"": ""bio_model"", ""label"": ""push_press"", ""conf"": 0.78, ""reason"": ""overhead_press_detected""}, {""stage"": ""squat_router"", ""label"": ""squat_back"", ""conf"": 0.818, ""reason"": """"}, {""stage"": ""olympic_router"", ""label"": ""snatch"", ""conf"": 0.564, ""reason"": """"}, {""stage"": ""bodyweight_router"", ""label"": ""pull_up"", ""conf"": 0.994, ""reason"": """"}, {""stage"": ""final"", ""label"": ""pull_up"", ""conf"": 0.86, ""reason"": ""biomechanics_override""}]"
pull_up,,,error,curl_failed_28,False,/Users/josephkamil/Desktop/Capstone/PullUps/v_PullUps_g15_c03.avi,0,,,,,,,,[]
pull_up,,,error,curl_failed_28,False,/Users/josephkamil/Desktop/Capstone/PullUps/v_PullUps_g15_c04.avi,0,,,,,,,,[]
pull_up,,,error,curl_failed_28,False,/Users/josephkamil/Desktop/Capstone/PullUps/v_PullUps_g16_c01.avi,0,,,,,,,,[]
pull_up,pull_up,0.86,biomechanics_override,,True,/Users/josephkamil/Desktop/Capstone/PullUps/v_PullUps_g16_c02.avi,1,push_press,push_press,overhead_squat,clean_and_jerk,pull_up,1.0,vertical_pullup_signature,"[{""stage"": ""raw_model"", ""label"": ""push_press"", ""conf"": 0.978, ""reason"": """"}, {""stage"": ""bio_model"", ""label"": ""push_press"", ""conf"": 0.978, ""reason"": ""overhead_press_detected""}, {""stage"": ""squat_router"", ""label"": ""overhead_squat"", ""conf"": 0.811, ""reason"": """"}, {""stage"": ""olympic_router"", ""label"": ""clean_and_jerk"", ""conf"": 0.896, ""reason"": """"}, {""stage"": ""bodyweight_router"", ""label"": ""pull_up"", ""conf"": 1.0, ""reason"": """"}, {""stage"": ""final"", ""label"": ""pull_up"", ""conf"": 0.86, ""reason"": ""biomechanics_override""}]"
pull_up,,,error,curl_failed_28,False,/Users/josephkamil/Desktop/Capstone/PullUps/v_PullUps_g16_c03.avi,0,,,,,,,,[]
pull_up,pull_up,0.86,biomechanics_override,,True,/Users/josephkamil/Desktop/Capstone/PullUps/v_PullUps_g16_c04.avi,1,push_press,push_press,overhead_squat,clean_and_jerk,pull_up,1.0,pull_up_bodyweight_pattern,"[{""stage"": ""raw_model"", ""label"": ""push_press"", ""conf"": 0.892, ""reason"": """"}, {""stage"": ""bio_model"", ""label"": ""push_press"", ""conf"": 0.892, ""reason"": ""overhead_press_detected""}, {""stage"": ""squat_router"", ""label"": ""overhead_squat"", ""conf"": 0.811, ""reason"": """"}, {""stage"": ""olympic_router"", ""label"": ""clean_and_jerk"", ""conf"": 0.86, ""reason"": """"}, {""stage"": ""bodyweight_router"", ""label"": ""pull_up"", ""conf"": 1.0, ""reason"": """"}, {""stage"": ""final"", ""label"": ""pull_up"", ""conf"": 0.86, ""reason"": ""biomechanics_override""}]"
pull_up,pull_up,0.86,biomechanics_override,,True,/Users/josephkamil/Desktop/Capstone/PullUps/v_PullUps_g17_c01.avi,1,push_press,push_press,overhead_squat,clean_and_jerk,pull_up,1.0,pull_up_bodyweight_pattern,"[{""stage"": ""raw_model"", ""label"": ""push_press"", ""conf"": 0.63, ""reason"": """"}, {""stage"": ""bio_model"", ""label"": ""push_press"", ""conf"": 0.63, ""reason"": ""model_prediction""}, {""stage"": ""squat_router"", ""label"": ""overhead_squat"", ""conf"": 0.937, ""reason"": """"}, {""stage"": ""olympic_router"", ""label"": ""clean_and_jerk"", ""conf"": 0.866, ""reason"": """"}, {""stage"": ""bodyweight_router"", ""label"": ""pull_up"", ""conf"": 1.0, ""reason"": """"}, {""stage"": ""final"", ""label"": ""pull_up"", ""conf"": 0.86, ""reason"": ""biomechanics_override""}]"
pull_up,,,error,curl_failed_28,False,/Users/josephkamil/Desktop/Capstone/PullUps/v_PullUps_g17_c02.avi,0,,,,,,,,[]
pull_up,pull_up,0.86,biomechanics_override,,True,/Users/josephkamil/Desktop/Capstone/PullUps/v_PullUps_g17_c03.avi,1,push_press,push_press,squat_front,clean_and_jerk,pull_up,1.0,pull_up_bodyweight_pattern,"[{""stage"": ""raw_model"", ""label"": ""push_press"", ""conf"": 0.64, ""reason"": """"}, {""stage"": ""bio_model"", ""label"": ""push_press"", ""conf"": 0.64, ""reason"": ""model_prediction""}, {""stage"": ""squat_router"", ""label"": ""squat_front"", ""conf"": 0.658, ""reason"": """"}, {""stage"": ""olympic_router"", ""label"": ""clean_and_jerk"", ""conf"": 0.86, ""reason"": """"}, {""stage"": ""bodyweight_router"", ""label"": ""pull_up"", ""conf"": 1.0, ""reason"": """"}, {""stage"": ""final"", ""label"": ""pull_up"", ""conf"": 0.86, ""reason"": ""biomechanics_override""}]"
pull_up,,,error,curl_failed_28,False,/Users/josephkamil/Desktop/Capstone/PullUps/v_PullUps_g17_c04.avi,0,,,,,,,,[]
pull_up,pull_up,0.86,biomechanics_override,,True,/Users/josephkamil/Desktop/Capstone/PullUps/v_PullUps_g18_c01.avi,1,push_press,push_press,overhead_squat,clean_and_jerk,pull_up,1.0,pull_up_bodyweight_pattern,"[{""stage"": ""raw_model"", ""label"": ""push_press"", ""conf"": 0.999, ""reason"": """"}, {""stage"": ""bio_model"", ""label"": ""push_press"", ""conf"": 0.999, ""reason"": ""overhead_press_detected""}, {""stage"": ""squat_router"", ""label"": ""overhead_squat"", ""conf"": 0.811, ""reason"": """"}, {""stage"": ""olympic_router"", ""label"": ""clean_and_jerk"", ""conf"": 0.794, ""reason"": """"}, {""stage"": ""bodyweight_router"", ""label"": ""pull_up"", ""conf"": 1.0, ""reason"": """"}, {""stage"": ""final"", ""label"": ""pull_up"", ""conf"": 0.86, ""reason"": ""biomechanics_override""}]"
pull_up,pull_up,0.86,biomechanics_override,,True,/Users/josephkamil/Desktop/Capstone/PullUps/v_PullUps_g18_c02.avi,1,push_press,push_press,overhead_squat,clean_and_jerk,pull_up,1.0,pull_up_bodyweight_pattern,"[{""stage"": ""raw_model"", ""label"": ""push_press"", ""conf"": 1.0, ""reason"": """"}, {""stage"": ""bio_model"", ""label"": ""push_press"", ""conf"": 1.0, ""reason"": ""overhead_press_detected""}, {""stage"": ""squat_router"", ""label"": ""overhead_squat"", ""conf"": 0.811, ""reason"": """"}, {""stage"": ""olympic_router"", ""label"": ""clean_and_jerk"", ""conf"": 0.788, ""reason"": """"}, {""stage"": ""bodyweight_router"", ""label"": ""pull_up"", ""conf"": 1.0, ""reason"": """"}, {""stage"": ""final"", ""label"": ""pull_up"", ""conf"": 0.86, ""reason"": ""biomechanics_override""}]"
pull_up,pull_up,0.86,biomechanics_override,,True,/Users/josephkamil/Desktop/Capstone/PullUps/v_PullUps_g18_c03.avi,1,push_press,push_press,squat_back,clean_and_jerk,pull_up,1.0,pull_up_bodyweight_pattern,"[{""stage"": ""raw_model"", ""label"": ""push_press"", ""conf"": 1.0, ""reason"": """"}, {""stage"": ""bio_model"", ""label"": ""push_press"", ""conf"": 1.0, ""reason"": ""overhead_press_detected""}, {""stage"": ""squat_router"", ""label"": ""squat_back"", ""conf"": 0.862, ""reason"": """"}, {""stage"": ""olympic_router"", ""label"": ""clean_and_jerk"", ""conf"": 0.796, ""reason"": """"}, {""stage"": ""bodyweight_router"", ""label"": ""pull_up"", ""conf"": 1.0, ""reason"": """"}, {""stage"": ""final"", ""label"": ""pull_up"", ""conf"": 0.86, ""reason"": ""biomechanics_override""}]"
pull_up,pull_up,0.86,biomechanics_override,,True,/Users/josephkamil/Desktop/Capstone/PullUps/v_PullUps_g18_c04.avi,1,push_press,push_press,squat_back,clean_and_jerk,pull_up,1.0,pull_up_bodyweight_pattern,"[{""stage"": ""raw_model"", ""label"": ""push_press"", ""conf"": 1.0, ""reason"": """"}, {""stage"": ""bio_model"", ""label"": ""push_press"", ""conf"": 1.0, ""reason"": ""overhead_press_detected""}, {""stage"": ""squat_router"", ""label"": ""squat_back"", ""conf"": 0.874, ""reason"": """"}, {""stage"": ""olympic_router"", ""label"": ""clean_and_jerk"", ""conf"": 0.864, ""reason"": """"}, {""stage"": ""bodyweight_router"", ""label"": ""pull_up"", ""conf"": 1.0, ""reason"": """"}, {""stage"": ""final"", ""label"": ""pull_up"", ""conf"": 0.86, ""reason"": ""biomechanics_override""}]"
pull_up,overhead_squat,0.81,detailed_rep_analysis,,True,/Users/josephkamil/Desktop/Capstone/PullUps/v_PullUps_g19_c01.avi,0,push_press,push_press,overhead_squat,clean_and_jerk,pull_up,1.0,,"[{""stage"": ""raw_model"", ""label"": ""push_press"", ""conf"": 0.999, ""reason"": """"}, {""stage"": ""bio_model"", ""label"": ""push_press"", ""conf"": 0.999, ""reason"": ""overhead_press_detected""}, {""stage"": ""squat_router"", ""label"": ""overhead_squat"", ""conf"": 0.811, ""reason"": """"}, {""stage"": ""olympic_router"", ""label"": ""clean_and_jerk"", ""conf"": 0.614, ""reason"": """"}, {""stage"": ""bodyweight_router"", ""label"": ""pull_up"", ""conf"": 1.0, ""reason"": """"}, {""stage"": ""final"", ""label"": ""overhead_squat"", ""conf"": 0.811, ""reason"": ""detailed_rep_analysis""}]"
pull_up,overhead_squat,0.81,detailed_rep_analysis,,True,/Users/josephkamil/Desktop/Capstone/PullUps/v_PullUps_g19_c02.avi,2,push_press,push_press,overhead_squat,clean_and_jerk,pull_up,1.0,,"[{""stage"": ""raw_model"", ""label"": ""push_press"", ""conf"": 0.999, ""reason"": """"}, {""stage"": ""bio_model"", ""label"": ""push_press"", ""conf"": 0.999, ""reason"": ""overhead_press_detected""}, {""stage"": ""squat_router"", ""label"": ""overhead_squat"", ""conf"": 0.811, ""reason"": """"}, {""stage"": ""olympic_router"", ""label"": ""clean_and_jerk"", ""conf"": 0.702, ""reason"": """"}, {""stage"": ""bodyweight_router"", ""label"": ""pull_up"", ""conf"": 1.0, ""reason"": """"}, {""stage"": ""final"", ""label"": ""overhead_squat"", ""conf"": 0.811, ""reason"": ""detailed_rep_analysis""}]"
pull_up,overhead_squat,0.81,detailed_rep_analysis,,True,/Users/josephkamil/Desktop/Capstone/PullUps/v_PullUps_g19_c03.avi,2,push_press,push_press,overhead_squat,clean_and_jerk,pull_up,1.0,,"[{""stage"": ""raw_model"", ""label"": ""push_press"", ""conf"": 0.999, ""reason"": """"}, {""stage"": ""bio_model"", ""label"": ""push_press"", ""conf"": 0.999, ""reason"": ""overhead_press_detected""}, {""stage"": ""squat_router"", ""label"": ""overhead_squat"", ""conf"": 0.811, ""reason"": """"}, {""stage"": ""olympic_router"", ""label"": ""clean_and_jerk"", ""conf"": 0.718, ""reason"": """"}, {""stage"": ""bodyweight_router"", ""label"": ""pull_up"", ""conf"": 1.0, ""reason"": """"}, {""stage"": ""final"", ""label"": ""overhead_squat"", ""conf"": 0.811, ""reason"": ""detailed_rep_analysis""}]"
pull_up,overhead_squat,0.81,detailed_rep_analysis,,True,/Users/josephkamil/Desktop/Capstone/PullUps/v_PullUps_g19_c04.avi,0,push_press,push_press,overhead_squat,clean_and_jerk,pull_up,1.0,,"[{""stage"": ""raw_model"", ""label"": ""push_press"", ""conf"": 0.999, ""reason"": """"}, {""stage"": ""bio_model"", ""label"": ""push_press"", ""conf"": 0.999, ""reason"": ""overhead_press_detected""}, {""stage"": ""squat_router"", ""label"": ""overhead_squat"", ""conf"": 0.811, ""reason"": """"}, {""stage"": ""olympic_router"", ""label"": ""clean_and_jerk"", ""conf"": 0.732, ""reason"": """"}, {""stage"": ""bodyweight_router"", ""label"": ""pull_up"", ""conf"": 1.0, ""reason"": """"}, {""stage"": ""final"", ""label"": ""overhead_squat"", ""conf"": 0.811, ""reason"": ""detailed_rep_analysis""}]"
pull_up,snatch,0.6,router_v5,,True,/Users/josephkamil/Desktop/Capstone/PullUps/v_PullUps_g20_c01.avi,1,squat,push_press,squat_back,snatch,pull_up,0.973,,"[{""stage"": ""raw_model"", ""label"": ""squat"", ""conf"": 0.994, ""reason"": """"}, {""stage"": ""bio_model"", ""label"": ""push_press"", ""conf"": 0.994, ""reason"": ""overhead_press_detected""}, {""stage"": ""squat_router"", ""label"": ""squat_back"", ""conf"": 0.944, ""reason"": """"}, {""stage"": ""olympic_router"", ""label"": ""snatch"", ""conf"": 0.562, ""reason"": """"}, {""stage"": ""bodyweight_router"", ""label"": ""pull_up"", ""conf"": 0.973, ""reason"": """"}, {""stage"": ""final"", ""label"": ""snatch"", ""conf"": 0.6, ""reason"": ""router_v5""}]"
pull_up,pull_up,0.86,biomechanics_override,,True,/Users/josephkamil/Desktop/Capstone/PullUps/v_PullUps_g20_c02.avi,1,squat,push_press,squat_back,snatch,pull_up,0.986,pull_up_bodyweight_pattern,"[{""stage"": ""raw_model"", ""label"": ""squat"", ""conf"": 0.996, ""reason"": """"}, {""stage"": ""bio_model"", ""label"": ""push_press"", ""conf"": 0.996, ""reason"": ""overhead_press_detected""}, {""stage"": ""squat_router"", ""label"": ""squat_back"", ""conf"": 0.97, ""reason"": """"}, {""stage"": ""olympic_router"", ""label"": ""snatch"", ""conf"": 0.624, ""reason"": """"}, {""stage"": ""bodyweight_router"", ""label"": ""pull_up"", ""conf"": 0.986, ""reason"": """"}, {""stage"": ""final"", ""label"": ""pull_up"", ""conf"": 0.86, ""reason"": ""biomechanics_override""}]"
pull_up,pull_up,0.86,biomechanics_override,,True,/Users/josephkamil/Desktop/Capstone/PullUps/v_PullUps_g20_c03.avi,1,squat,push_press,overhead_squat,snatch,pull_up,0.995,pull_up_bodyweight_pattern,"[{""stage"": ""raw_model"", ""label"": ""squat"", ""conf"": 0.994, ""reason"": """"}, {""stage"": ""bio_model"", ""label"": ""push_press"", ""conf"": 0.994, ""reason"": ""overhead_press_detected""}, {""stage"": ""squat_router"", ""label"": ""overhead_squat"", ""conf"": 0.811, ""reason"": """"}, {""stage"": ""olympic_router"", ""label"": ""snatch"", ""conf"": 0.514, ""reason"": """"}, {""stage"": ""bodyweight_router"", ""label"": ""pull_up"", ""conf"": 0.995, ""reason"": """"}, {""stage"": ""final"", ""label"": ""pull_up"", ""conf"": 0.86, ""reason"": ""biomechanics_override""}]"
pull_up,overhead_squat,0.86,detailed_rep_analysis,,True,/Users/josephkamil/Desktop/Capstone/PullUps/v_PullUps_g20_c04.avi,2,push_press,push_press,overhead_squat,snatch,pull_up,0.964,,"[{""stage"": ""raw_model"", ""label"": ""push_press"", ""conf"": 0.768, ""reason"": """"}, {""stage"": ""bio_model"", ""label"": ""push_press"", ""conf"": 0.78, ""reason"": ""overhead_press_detected""}, {""stage"": ""squat_router"", ""label"": ""overhead_squat"", ""conf"": 0.857, ""reason"": """"}, {""stage"": ""olympic_router"", ""label"": ""snatch"", ""conf"": 0.566, ""reason"": """"}, {""stage"": ""bodyweight_router"", ""label"": ""pull_up"", ""conf"": 0.964, ""reason"": """"}, {""stage"": ""final"", ""label"": ""overhead_squat"", ""conf"": 0.857, ""reason"": ""detailed_rep_analysis""}]"
pull_up,pull_up,0.86,biomechanics_override,,True,/Users/josephkamil/Desktop/Capstone/PullUps/v_PullUps_g21_c01.avi,1,bench_press,bench_press,overhead_squat,clean_and_jerk,pull_up,0.986,pull_up_bodyweight_pattern,"[{""stage"": ""raw_model"", ""label"": ""bench_press"", ""conf"": 0.779, ""reason"": """"}, {""stage"": ""bio_model"", ""label"": ""bench_press"", ""conf"": 0.8, ""reason"": ""trusted_model_bench_press""}, {""stage"": ""squat_router"", ""label"": ""overhead_squat"", ""conf"": 0.937, ""reason"": """"}, {""stage"": ""olympic_router"", ""label"": ""clean_and_jerk"", ""conf"": 0.73, ""reason"": """"}, {""stage"": ""bodyweight_router"", ""label"": ""pull_up"", ""conf"": 0.986, ""reason"": """"}, {""stage"": ""final"", ""label"": ""pull_up"", ""conf"": 0.86, ""reason"": ""biomechanics_override""}]"
pull_up,pull_up,0.86,biomechanics_override,,True,/Users/josephkamil/Desktop/Capstone/PullUps/v_PullUps_g21_c02.avi,1,bench_press,bench_press,overhead_squat,clean_and_jerk,pull_up,0.99,pull_up_bodyweight_pattern,"[{""stage"": ""raw_model"", ""label"": ""bench_press"", ""conf"": 0.531, ""reason"": """"}, {""stage"": ""bio_model"", ""label"": ""bench_press"", ""conf"": 0.8, ""reason"": ""trusted_model_bench_press""}, {""stage"": ""squat_router"", ""label"": ""overhead_squat"", ""conf"": 0.811, ""reason"": """"}, {""stage"": ""olympic_router"", ""label"": ""clean_and_jerk"", ""conf"": 0.5, ""reason"": """"}, {""stage"": ""bodyweight_router"", ""label"": ""pull_up"", ""conf"": 0.99, ""reason"": """"}, {""stage"": ""final"", ""label"": ""pull_up"", ""conf"": 0.86, ""reason"": ""biomechanics_override""}]"
pull_up,pull_up,0.86,biomechanics_override,,True,/Users/josephkamil/Desktop/Capstone/PullUps/v_PullUps_g21_c03.avi,1,bench_press,bench_press,overhead_squat,clean_and_jerk,pull_up,0.754,pull_up_bodyweight_pattern,"[{""stage"": ""raw_model"", ""label"": ""bench_press"", ""conf"": 0.934, ""reason"": """"}, {""stage"": ""bio_model"", ""label"": ""bench_press"", ""conf"": 0.934, ""reason"": ""trusted_model_bench_press""}, {""stage"": ""squat_router"", ""label"": ""overhead_squat"", ""conf"": 0.811, ""reason"": """"}, {""stage"": ""olympic_router"", ""label"": ""clean_and_jerk"", ""conf"": 0.73, ""reason"": """"}, {""stage"": ""bodyweight_router"", ""label"": ""pull_up"", ""conf"": 0.754, ""reason"": """"}, {""stage"": ""final"", ""label"": ""pull_up"", ""conf"": 0.86, ""reason"": ""biomechanics_override""}]"
pull_up,pull_up,0.86,biomechanics_override,,True,/Users/josephkamil/Desktop/Capstone/PullUps/v_PullUps_g21_c04.avi,1,squat,squat,squat_back,clean_and_jerk,pull_up,0.976,pull_up_bodyweight_pattern,"[{""stage"": ""raw_model"", ""label"": ""squat"", ""conf"": 0.667, ""reason"": """"}, {""stage"": ""bio_model"", ""label"": ""squat"", ""conf"": 0.667, ""reason"": ""model_prediction""}, {""stage"": ""squat_router"", ""label"": ""squat_back"", ""conf"": 0.818, ""reason"": """"}, {""stage"": ""olympic_router"", ""label"": ""clean_and_jerk"", ""conf"": 0.698, ""reason"": """"}, {""stage"": ""bodyweight_router"", ""label"": ""pull_up"", ""conf"": 0.976, ""reason"": """"}, {""stage"": ""final"", ""label"": ""pull_up"", ""conf"": 0.86, ""reason"": ""biomechanics_override""}]"
pull_up,pull_up,0.86,biomechanics_override,,True,/Users/josephkamil/Desktop/Capstone/PullUps/v_PullUps_g22_c01.avi,1,squat_front,push_press,overhead_squat,clean_and_jerk,pull_up,0.986,pull_up_bodyweight_pattern,"[{""stage"": ""raw_model"", ""label"": ""squat_front"", ""conf"": 0.913, ""reason"": """"}, {""stage"": ""bio_model"", ""label"": ""push_press"", ""conf"": 0.913, ""reason"": ""overhead_press_detected""}, {""stage"": ""squat_router"", ""label"": ""overhead_squat"", ""conf"": 0.811, ""reason"": """"}, {""stage"": ""olympic_router"", ""label"": ""clean_and_jerk"", ""conf"": 0.758, ""reason"": """"}, {""stage"": ""bodyweight_router"", ""label"": ""pull_up"", ""conf"": 0.986, ""reason"": """"}, {""stage"": ""final"", ""label"": ""pull_up"", ""conf"": 0.86, ""reason"": ""biomechanics_override""}]"
pull_up,pull_up,0.86,biomechanics_override,,True,/Users/josephkamil/Desktop/Capstone/PullUps/v_PullUps_g22_c02.avi,1,squat_front,push_press,overhead_squat,clean_and_jerk,pull_up,1.0,pull_up_bodyweight_pattern,"[{""stage"": ""raw_model"", ""label"": ""squat_front"", ""conf"": 0.986, ""reason"": """"}, {""stage"": ""bio_model"", ""label"": ""push_press"", ""conf"": 0.986, ""reason"": ""overhead_press_detected""}, {""stage"": ""squat_router"", ""label"": ""overhead_squat"", ""conf"": 0.811, ""reason"": """"}, {""stage"": ""olympic_router"", ""label"": ""clean_and_jerk"", ""conf"": 0.814, ""reason"": """"}, {""stage"": ""bodyweight_router"", ""label"": ""pull_up"", ""conf"": 1.0, ""reason"": """"}, {""stage"": ""final"", ""label"": ""pull_up"", ""conf"": 0.86, ""reason"": ""biomechanics_override""}]"
pull_up,pull_up,0.86,biomechanics_override,,True,/Users/josephkamil/Desktop/Capstone/PullUps/v_PullUps_g22_c03.avi,1,squat_front,push_press,overhead_squat,clean_and_jerk,pull_up,1.0,pull_up_bodyweight_pattern,"[{""stage"": ""raw_model"", ""label"": ""squat_front"", ""conf"": 0.607, ""reason"": """"}, {""stage"": ""bio_model"", ""label"": ""push_press"", ""conf"": 0.78, ""reason"": ""overhead_press_detected""}, {""stage"": ""squat_router"", ""label"": ""overhead_squat"", ""conf"": 0.811, ""reason"": """"}, {""stage"": ""olympic_router"", ""label"": ""clean_and_jerk"", ""conf"": 0.746, ""reason"": """"}, {""stage"": ""bodyweight_router"", ""label"": ""pull_up"", ""conf"": 1.0, ""reason"": """"}, {""stage"": ""final"", ""label"": ""pull_up"", ""conf"": 0.86, ""reason"": ""biomechanics_override""}]"
pull_up,pull_up,0.86,biomechanics_override,,True,/Users/josephkamil/Desktop/Capstone/PullUps/v_PullUps_g22_c04.avi,1,push_press,push_press,overhead_squat,clean_and_jerk,pull_up,0.994,pull_up_bodyweight_pattern,"[{""stage"": ""raw_model"", ""label"": ""push_press"", ""conf"": 0.875, ""reason"": """"}, {""stage"": ""bio_model"", ""label"": ""push_press"", ""conf"": 0.875, ""reason"": ""overhead_press_detected""}, {""stage"": ""squat_router"", ""label"": ""overhead_squat"", ""conf"": 0.811, ""reason"": """"}, {""stage"": ""olympic_router"", ""label"": ""clean_and_jerk"", ""conf"": 0.744, ""reason"": """"}, {""stage"": ""bodyweight_router"", ""label"": ""pull_up"", ""conf"": 0.994, ""reason"": """"}, {""stage"": ""final"", ""label"": ""pull_up"", ""conf"": 0.86, ""reason"": ""biomechanics_override""}]"
pull_up,pull_up,0.86,biomechanics_override,,True,/Users/josephkamil/Desktop/Capstone/PullUps/v_PullUps_g23_c01.avi,1,squat,push_press,overhead_squat,clean_and_jerk,pull_up,0.998,pull_up_bodyweight_pattern,"[{""stage"": ""raw_model"", ""label"": ""squat"", ""conf"": 0.537, ""reason"": """"}, {""stage"": ""bio_model"", ""label"": ""push_press"", ""conf"": 0.78, ""reason"": ""overhead_press_detected""}, {""stage"": ""squat_router"", ""label"": ""overhead_squat"", ""conf"": 0.97, ""reason"": """"}, {""stage"": ""olympic_router"", ""label"": ""clean_and_jerk"", ""conf"": 0.686, ""reason"": """"}, {""stage"": ""bodyweight_router"", ""label"": ""pull_up"", ""conf"": 0.998, ""reason"": """"}, {""stage"": ""final"", ""label"": ""pull_up"", ""conf"": 0.86, ""reason"": ""biomechanics_override""}]"
pull_up,pull_up,0.86,biomechanics_override,,True,/Users/josephkamil/Desktop/Capstone/PullUps/v_PullUps_g23_c02.avi,1,push_press,push_press,overhead_squat,clean_and_jerk,pull_up,0.998,pull_up_bodyweight_pattern,"[{""stage"": ""raw_model"", ""label"": ""push_press"", ""conf"": 0.493, ""reason"": """"}, {""stage"": ""bio_model"", ""label"": ""push_press"", ""conf"": 0.78, ""reason"": ""overhead_press_detected""}, {""stage"": ""squat_router"", ""label"": ""overhead_squat"", ""conf"": 0.828, ""reason"": """"}, {""stage"": ""olympic_router"", ""label"": ""clean_and_jerk"", ""conf"": 0.688, ""reason"": """"}, {""stage"": ""bodyweight_router"", ""label"": ""pull_up"", ""conf"": 0.998, ""reason"": """"}, {""stage"": ""final"", ""label"": ""pull_up"", ""conf"": 0.86, ""reason"": ""biomechanics_override""}]"
pull_up,pull_up,0.86,biomechanics_override,,True,/Users/josephkamil/Desktop/Capstone/PullUps/v_PullUps_g23_c03.avi,1,squat,push_press,squat_front,clean_and_jerk,pull_up,0.998,pull_up_bodyweight_pattern,"[{""stage"": ""raw_model"", ""label"": ""squat"", ""conf"": 0.505, ""reason"": """"}, {""stage"": ""bio_model"", ""label"": ""push_press"", ""conf"": 0.78, ""reason"": ""overhead_press_detected""}, {""stage"": ""squat_router"", ""label"": ""squat_front"", ""conf"": 0.715, ""reason"": """"}, {""stage"": ""olympic_router"", ""label"": ""clean_and_jerk"", ""conf"": 0.764, ""reason"": """"}, {""stage"": ""bodyweight_router"", ""label"": ""pull_up"", ""conf"": 0.998, ""reason"": """"}, {""stage"": ""final"", ""label"": ""pull_up"", ""conf"": 0.86, ""reason"": ""biomechanics_override""}]"
pull_up,pull_up,0.86,biomechanics_override,,True,/Users/josephkamil/Desktop/Capstone/PullUps/v_PullUps_g23_c04.avi,1,squat,push_press,overhead_squat,clean_and_jerk,pull_up,0.998,pull_up_bodyweight_pattern,"[{""stage"": ""raw_model"", ""label"": ""squat"", ""conf"": 0.554, ""reason"": """"}, {""stage"": ""bio_model"", ""label"": ""push_press"", ""conf"": 0.78, ""reason"": ""overhead_press_detected""}, {""stage"": ""squat_router"", ""label"": ""overhead_squat"", ""conf"": 0.811, ""reason"": """"}, {""stage"": ""olympic_router"", ""label"": ""clean_and_jerk"", ""conf"": 0.72, ""reason"": """"}, {""stage"": ""bodyweight_router"", ""label"": ""pull_up"", ""conf"": 0.998, ""reason"": """"}, {""stage"": ""final"", ""label"": ""pull_up"", ""conf"": 0.86, ""reason"": ""biomechanics_override""}]"
pull_up,pull_up,0.86,biomechanics_override,,True,/Users/josephkamil/Desktop/Capstone/PullUps/v_PullUps_g24_c01.avi,1,squat,push_press,overhead_squat,clean_and_jerk,pull_up,0.994,pull_up_bodyweight_pattern,"[{""stage"": ""raw_model"", ""label"": ""squat"", ""conf"": 0.636, ""reason"": """"}, {""stage"": ""bio_model"", ""label"": ""push_press"", ""conf"": 0.78, ""reason"": ""overhead_press_detected""}, {""stage"": ""squat_router"", ""label"": ""overhead_squat"", ""conf"": 0.677, ""reason"": """"}, {""stage"": ""olympic_router"", ""label"": ""clean_and_jerk"", ""conf"": 0.858, ""reason"": """"}, {""stage"": ""bodyweight_router"", ""label"": ""pull_up"", ""conf"": 0.994, ""reason"": """"}, {""stage"": ""final"", ""label"": ""pull_up"", ""conf"": 0.86, ""reason"": ""biomechanics_override""}]"
pull_up,pull_up,0.86,biomechanics_override,,True,/Users/josephkamil/Desktop/Capstone/PullUps/v_PullUps_g24_c02.avi,1,squat,push_press,overhead_squat,clean_and_jerk,pull_up,0.994,pull_up_bodyweight_pattern,"[{""stage"": ""raw_model"", ""label"": ""squat"", ""conf"": 0.671, ""reason"": """"}, {""stage"": ""bio_model"", ""label"": ""push_press"", ""conf"": 0.78, ""reason"": ""overhead_press_detected""}, {""stage"": ""squat_router"", ""label"": ""overhead_squat"", ""conf"": 0.677, ""reason"": """"}, {""stage"": ""olympic_router"", ""label"": ""clean_and_jerk"", ""conf"": 0.846, ""reason"": """"}, {""stage"": ""bodyweight_router"", ""label"": ""pull_up"", ""conf"": 0.994, ""reason"": """"}, {""stage"": ""final"", ""label"": ""pull_up"", ""conf"": 0.86, ""reason"": ""biomechanics_override""}]"
pull_up,pull_up,0.86,biomechanics_override,,True,/Users/josephkamil/Desktop/Capstone/PullUps/v_PullUps_g24_c03.avi,1,squat,push_press,overhead_squat,clean_and_jerk,pull_up,0.994,pull_up_bodyweight_pattern,"[{""stage"": ""raw_model"", ""label"": ""squat"", ""conf"": 0.641, ""reason"": """"}, {""stage"": ""bio_model"", ""label"": ""push_press"", ""conf"": 0.78, ""reason"": ""overhead_press_detected""}, {""stage"": ""squat_router"", ""label"": ""overhead_squat"", ""conf"": 0.677, ""reason"": """"}, {""stage"": ""olympic_router"", ""label"": ""clean_and_jerk"", ""conf"": 0.828, ""reason"": """"}, {""stage"": ""bodyweight_router"", ""label"": ""pull_up"", ""conf"": 0.994, ""reason"": """"}, {""stage"": ""final"", ""label"": ""pull_up"", ""conf"": 0.86, ""reason"": ""biomechanics_override""}]"
pull_up,pull_up,0.86,biomechanics_override,,True,/Users/josephkamil/Desktop/Capstone/PullUps/v_PullUps_g24_c04.avi,1,squat,push_press,squat_front,clean_and_jerk,pull_up,0.994,pull_up_bodyweight_pattern,"[{""stage"": ""raw_model"", ""label"": ""squat"", ""conf"": 0.604, ""reason"": """"}, {""stage"": ""bio_model"", ""label"": ""push_press"", ""conf"": 0.78, ""reason"": ""overhead_press_detected""}, {""stage"": ""squat_router"", ""label"": ""squat_front"", ""conf"": 0.571, ""reason"": """"}, {""stage"": ""olympic_router"", ""label"": ""clean_and_jerk"", ""conf"": 0.864, ""reason"": """"}, {""stage"": ""bodyweight_router"", ""label"": ""pull_up"", ""conf"": 0.994, ""reason"": """"}, {""stage"": ""final"", ""label"": ""pull_up"", ""conf"": 0.86, ""reason"": ""biomechanics_override""}]"
pull_up,pull_up,0.99,bodyweight_router,,True,/Users/josephkamil/Desktop/Capstone/PullUps/v_PullUps_g25_c01.avi,1,push_press,push_press,overhead_squat,clean_and_jerk,pull_up,0.994,bodyweight_router_pull_up_high_conf,"[{""stage"": ""raw_model"", ""label"": ""push_press"", ""conf"": 0.994, ""reason"": """"}, {""stage"": ""bio_model"", ""label"": ""push_press"", ""conf"": 0.994, ""reason"": ""overhead_press_detected""}, {""stage"": ""squat_router"", ""label"": ""overhead_squat"", ""conf"": 0.97, ""reason"": """"}, {""stage"": ""olympic_router"", ""label"": ""clean_and_jerk"", ""conf"": 0.816, ""reason"": """"}, {""stage"": ""bodyweight_router"", ""label"": ""pull_up"", ""conf"": 0.994, ""reason"": """"}, {""stage"": ""final"", ""label"": ""pull_up"", ""conf"": 0.994, ""reason"": ""bodyweight_router""}]"
pull_up,pull_up,1.0,bodyweight_router,,True,/Users/josephkamil/Desktop/Capstone/PullUps/v_PullUps_g25_c02.avi,1,push_press,push_press,overhead_squat,clean_and_jerk,pull_up,1.0,bodyweight_router_pull_up_high_conf,"[{""stage"": ""raw_model"", ""label"": ""push_press"", ""conf"": 0.988, ""reason"": """"}, {""stage"": ""bio_model"", ""label"": ""push_press"", ""conf"": 0.988, ""reason"": ""overhead_press_detected""}, {""stage"": ""squat_router"", ""label"": ""overhead_squat"", ""conf"": 0.889, ""reason"": """"}, {""stage"": ""olympic_router"", ""label"": ""clean_and_jerk"", ""conf"": 0.844, ""reason"": """"}, {""stage"": ""bodyweight_router"", ""label"": ""pull_up"", ""conf"": 1.0, ""reason"": """"}, {""stage"": ""final"", ""label"": ""pull_up"", ""conf"": 1.0, ""reason"": ""bodyweight_router""}]"
pull_up,split_jerk,0.8,router_v5,,True,/Users/josephkamil/Desktop/Capstone/PullUps/v_PullUps_g25_c03.avi,1,push_press,push_press,overhead_squat,clean_and_jerk,pull_up,0.963,,"[{""stage"": ""raw_model"", ""label"": ""push_press"", ""conf"": 0.911, ""reason"": """"}, {""stage"": ""bio_model"", ""label"": ""push_press"", ""conf"": 0.911, ""reason"": ""overhead_press_detected""}, {""stage"": ""squat_router"", ""label"": ""overhead_squat"", ""conf"": 0.727, ""reason"": """"}, {""stage"": ""olympic_router"", ""label"": ""clean_and_jerk"", ""conf"": 0.554, ""reason"": """"}, {""stage"": ""bodyweight_router"", ""label"": ""pull_up"", ""conf"": 0.963, ""reason"": """"}, {""stage"": ""final"", ""label"": ""split_jerk"", ""conf"": 0.8, ""reason"": ""router_v5""}]"
pull_up,push_press,0.78,biomechanics_override,,True,/Users/josephkamil/Desktop/Capstone/PullUps/v_PullUps_g25_c04.avi,2,push_press,push_press,overhead_squat,clean_and_jerk,pull_up,0.998,push_press_pattern_detected,"[{""stage"": ""raw_model"", ""label"": ""push_press"", ""conf"": 0.652, ""reason"": """"}, {""stage"": ""bio_model"", ""label"": ""push_press"", ""conf"": 0.78, ""reason"": ""overhead_press_detected""}, {""stage"": ""squat_router"", ""label"": ""overhead_squat"", ""conf"": 0.677, ""reason"": """"}, {""stage"": ""olympic_router"", ""label"": ""clean_and_jerk"", ""conf"": 0.85, ""reason"": """"}, {""stage"": ""bodyweight_router"", ""label"": ""pull_up"", ""conf"": 0.998, ""reason"": """"}, {""stage"": ""final"", ""label"": ""push_press"", ""conf"": 0.78, ""reason"": ""biomechanics_override""}]"
pull_up,pull_up,0.86,biomechanics_override,,True,/Users/josephkamil/Desktop/Capstone/pull Up/pull up_1.mp4,1,push_press,push_press,overhead_squat,clean_and_jerk,pull_up,1.0,pull_up_bodyweight_pattern,"[{""stage"": ""raw_model"", ""label"": ""push_press"", ""conf"": 0.999, ""reason"": """"}, {""stage"": ""bio_model"", ""label"": ""push_press"", ""conf"": 0.999, ""reason"": ""model_prediction""}, {""stage"": ""squat_router"", ""label"": ""overhead_squat"", ""conf"": 0.811, ""reason"": """"}, {""stage"": ""olympic_router"", ""label"": ""clean_and_jerk"", ""conf"": 0.884, ""reason"": """"}, {""stage"": ""bodyweight_router"", ""label"": ""pull_up"", ""conf"": 1.0, ""reason"": """"}, {""stage"": ""final"", ""label"": ""pull_up"", ""conf"": 0.86, ""reason"": ""biomechanics_override""}]"
pull_up,pull_up,0.86,biomechanics_override,,True,/Users/josephkamil/Desktop/Capstone/pull Up/pull up_10.mp4,1,push_press,push_press,overhead_squat,clean_and_jerk,pull_up,1.0,pull_up_bodyweight_pattern,"[{""stage"": ""raw_model"", ""label"": ""push_press"", ""conf"": 0.997, ""reason"": """"}, {""stage"": ""bio_model"", ""label"": ""push_press"", ""conf"": 0.997, ""reason"": ""overhead_press_detected""}, {""stage"": ""squat_router"", ""label"": ""overhead_squat"", ""conf"": 0.811, ""reason"": """"}, {""stage"": ""olympic_router"", ""label"": ""clean_and_jerk"", ""conf"": 0.708, ""reason"": """"}, {""stage"": ""bodyweight_router"", ""label"": ""pull_up"", ""conf"": 1.0, ""reason"": """"}, {""stage"": ""final"", ""label"": ""pull_up"", ""conf"": 0.86, ""reason"": ""biomechanics_override""}]"
pull_up,pull_up,0.86,biomechanics_override,,True,/Users/josephkamil/Desktop/Capstone/pull Up/pull up_11.mp4,1,push_press,push_press,overhead_squat,clean_and_jerk,pull_up,1.0,pull_up_bodyweight_pattern,"[{""stage"": ""raw_model"", ""label"": ""push_press"", ""conf"": 1.0, ""reason"": """"}, {""stage"": ""bio_model"", ""label"": ""push_press"", ""conf"": 1.0, ""reason"": ""model_prediction""}, {""stage"": ""squat_router"", ""label"": ""overhead_squat"", ""conf"": 0.811, ""reason"": """"}, {""stage"": ""olympic_router"", ""label"": ""clean_and_jerk"", ""conf"": 0.858, ""reason"": """"}, {""stage"": ""bodyweight_router"", ""label"": ""pull_up"", ""conf"": 1.0, ""reason"": """"}, {""stage"": ""final"", ""label"": ""pull_up"", ""conf"": 0.86, ""reason"": ""biomechanics_override""}]"
pull_up,pull_up,0.86,biomechanics_override,,True,/Users/josephkamil/Desktop/Capstone/pull Up/pull up_12.mp4,1,push_press,push_press,overhead_squat,clean_and_jerk,pull_up,0.973,pull_up_bodyweight_pattern,"[{""stage"": ""raw_model"", ""label"": ""push_press"", ""conf"": 1.0, ""reason"": """"}, {""stage"": ""bio_model"", ""label"": ""push_press"", ""conf"": 1.0, ""reason"": ""overhead_press_detected""}, {""stage"": ""squat_router"", ""label"": ""overhead_squat"", ""conf"": 0.811, ""reason"": """"}, {""stage"": ""olympic_router"", ""label"": ""clean_and_jerk"", ""conf"": 0.738, ""reason"": """"}, {""stage"": ""bodyweight_router"", ""label"": ""pull_up"", ""conf"": 0.973, ""reason"": """"}, {""stage"": ""final"", ""label"": ""pull_up"", ""conf"": 0.86, ""reason"": ""biomechanics_override""}]"
pull_up,overhead_squat,0.81,detailed_rep_analysis,,True,/Users/josephkamil/Desktop/Capstone/pull Up/pull up_13.mp4,1,push_press,push_press,overhead_squat,clean_and_jerk,pull_up,0.964,,"[{""stage"": ""raw_model"", ""label"": ""push_press"", ""conf"": 0.996, ""reason"": """"}, {""stage"": ""bio_model"", ""label"": ""push_press"", ""conf"": 0.996, ""reason"": ""overhead_press_detected""}, {""stage"": ""squat_router"", ""label"": ""overhead_squat"", ""conf"": 0.811, ""reason"": """"}, {""stage"": ""olympic_router"", ""label"": ""clean_and_jerk"", ""conf"": 0.586, ""reason"": """"}, {""stage"": ""bodyweight_router"", ""label"": ""pull_up"", ""conf"": 0.964, ""reason"": """"}, {""stage"": ""final"", ""label"": ""overhead_squat"", ""conf"": 0.811, ""reason"": ""detailed_rep_analysis""}]"
pull_up,push_press,1.0,biomechanics_override,,True,/Users/josephkamil/Desktop/Capstone/pull Up/pull up_14.mp4,1,push_press,push_press,overhead_squat,clean_and_jerk,pull_up,0.999,push_press_pattern_detected,"[{""stage"": ""raw_model"", ""label"": ""push_press"", ""conf"": 1.0, ""reason"": """"}, {""stage"": ""bio_model"", ""label"": ""push_press"", ""conf"": 1.0, ""reason"": ""overhead_press_detected""}, {""stage"": ""squat_router"", ""label"": ""overhead_squat"", ""conf"": 0.774, ""reason"": """"}, {""stage"": ""olympic_router"", ""label"": ""clean_and_jerk"", ""conf"": 0.81, ""reason"": """"}, {""stage"": ""bodyweight_router"", ""label"": ""pull_up"", ""conf"": 0.999, ""reason"": """"}, {""stage"": ""final"", ""label"": ""push_press"", ""conf"": 1.0, ""reason"": ""biomechanics_override""}]"
pull_up,pull_up,0.86,biomechanics_override,,True,/Users/josephkamil/Desktop/Capstone/pull Up/pull up_15.mp4,1,bench_press,bench_press,squat_front,clean_and_jerk,pull_up,0.945,pull_up_bodyweight_pattern,"[{""stage"": ""raw_model"", ""label"": ""bench_press"", ""conf"": 0.997, ""reason"": """"}, {""stage"": ""bio_model"", ""label"": ""bench_press"", ""conf"": 0.997, ""reason"": ""trusted_model_bench_press""}, {""stage"": ""squat_router"", ""label"": ""squat_front"", ""conf"": 0.97, ""reason"": """"}, {""stage"": ""olympic_router"", ""label"": ""clean_and_jerk"", ""conf"": 0.592, ""reason"": """"}, {""stage"": ""bodyweight_router"", ""label"": ""pull_up"", ""conf"": 0.945, ""reason"": """"}, {""stage"": ""final"", ""label"": ""pull_up"", ""conf"": 0.86, ""reason"": ""biomechanics_override""}]"
pull_up,bench_press,0.81,router_v5,,True,/Users/josephkamil/Desktop/Capstone/pull Up/pull up_16.mp4,1,squat,push_press,squat_back,clean_and_jerk,pull_up,0.952,,"[{""stage"": ""raw_model"", ""label"": ""squat"", ""conf"": 0.81, ""reason"": """"}, {""stage"": ""bio_model"", ""label"": ""push_press"", ""conf"": 0.81, ""reason"": ""overhead_press_detected""}, {""stage"": ""squat_router"", ""label"": ""squat_back"", ""conf"": 0.984, ""reason"": """"}, {""stage"": ""olympic_router"", ""label"": ""clean_and_jerk"", ""conf"": 0.628, ""reason"": """"}, {""stage"": ""bodyweight_router"", ""label"": ""pull_up"", ""conf"": 0.952, ""reason"": """"}, {""stage"": ""final"", ""label"": ""bench_press"", ""conf"": 0.81, ""reason"": ""router_v5""}]"
pull_up,bench_press,1.0,biomechanics_override,,True,/Users/josephkamil/Desktop/Capstone/pull Up/pull up_17.mp4,1,bench_press,bench_press,squat_back,clean_and_jerk,pull_up,0.949,trusted_base_bench_press,"[{""stage"": ""raw_model"", ""label"": ""bench_press"", ""conf"": 1.0, ""reason"": """"}, {""stage"": ""bio_model"", ""label"": ""bench_press"", ""conf"": 1.0, ""reason"": ""trusted_model_bench_press""}, {""stage"": ""squat_router"", ""label"": ""squat_back"", ""conf"": 0.869, ""reason"": """"}, {""stage"": ""olympic_router"", ""label"": ""clean_and_jerk"", ""conf"": 0.806, ""reason"": """"}, {""stage"": ""bodyweight_router"", ""label"": ""pull_up"", ""conf"": 0.949, ""reason"": """"}, {""stage"": ""final"", ""label"": ""bench_press"", ""conf"": 1.0, ""reason"": ""biomechanics_override""}]"
pull_up,overhead_squat,0.81,detailed_rep_analysis,,True,/Users/josephkamil/Desktop/Capstone/pull Up/pull up_18.mp4,0,push_press,push_press,overhead_squat,clean_and_jerk,pull_up,1.0,,"[{""stage"": ""raw_model"", ""label"": ""push_press"", ""conf"": 1.0, ""reason"": """"}, {""stage"": ""bio_model"", ""label"": ""push_press"", ""conf"": 1.0, ""reason"": ""overhead_press_detected""}, {""stage"": ""squat_router"", ""label"": ""overhead_squat"", ""conf"": 0.811, ""reason"": """"}, {""stage"": ""olympic_router"", ""label"": ""clean_and_jerk"", ""conf"": 0.698, ""reason"": """"}, {""stage"": ""bodyweight_router"", ""label"": ""pull_up"", ""conf"": 1.0, ""reason"": """"}, {""stage"": ""final"", ""label"": ""overhead_squat"", ""conf"": 0.811, ""reason"": ""detailed_rep_analysis""}]"
pull_up,thruster,1.0,biomechanics_override,,True,/Users/josephkamil/Desktop/Capstone/pull Up/pull up_19.mp4,1,bench_press,bench_press,squat_front,snatch,pull_up,0.474,thruster_pattern_detected,"[{""stage"": ""raw_model"", ""label"": ""bench_press"", ""conf"": 1.0, ""reason"": """"}, {""stage"": ""bio_model"", ""label"": ""bench_press"", ""conf"": 1.0, ""reason"": ""trusted_model_bench_press""}, {""stage"": ""squat_router"", ""label"": ""squat_front"", ""conf"": 0.857, ""reason"": """"}, {""stage"": ""olympic_router"", ""label"": ""snatch"", ""conf"": 0.552, ""reason"": """"}, {""stage"": ""bodyweight_router"", ""label"": ""pull_up"", ""conf"": 0.474, ""reason"": """"}, {""stage"": ""final"", ""label"": ""thruster"", ""conf"": 1.0, ""reason"": ""biomechanics_override""}]"
pull_up,pull_up,0.86,biomechanics_override,,True,/Users/josephkamil/Desktop/Capstone/pull Up/pull up_2.mp4,1,push_press,push_press,overhead_squat,clean_and_jerk,pull_up,1.0,pull_up_bodyweight_pattern,"[{""stage"": ""raw_model"", ""label"": ""push_press"", ""conf"": 1.0, ""reason"": """"}, {""stage"": ""bio_model"", ""label"": ""push_press"", ""conf"": 1.0, ""reason"": ""overhead_press_detected""}, {""stage"": ""squat_router"", ""label"": ""overhead_squat"", ""conf"": 0.909, ""reason"": """"}, {""stage"": ""olympic_router"", ""label"": ""clean_and_jerk"", ""conf"": 0.754, ""reason"": """"}, {""stage"": ""bodyweight_router"", ""label"": ""pull_up"", ""conf"": 1.0, ""reason"": """"}, {""stage"": ""final"", ""label"": ""pull_up"", ""conf"": 0.86, ""reason"": ""biomechanics_override""}]"
pull_up,bench_press,0.81,biomechanics_override,,True,/Users/josephkamil/Desktop/Capstone/pull Up/pull up_20.mp4,1,bench_press,bench_press,overhead_squat,clean_and_jerk,pull_up,1.0,trusted_base_bench_press,"[{""stage"": ""raw_model"", ""label"": ""bench_press"", ""conf"": 0.814, ""reason"": """"}, {""stage"": ""bio_model"", ""label"": ""bench_press"", ""conf"": 0.814, ""reason"": ""trusted_model_bench_press""}, {""stage"": ""squat_router"", ""label"": ""overhead_squat"", ""conf"": 0.811, ""reason"": """"}, {""stage"": ""olympic_router"", ""label"": ""clean_and_jerk"", ""conf"": 0.88, ""reason"": """"}, {""stage"": ""bodyweight_router"", ""label"": ""pull_up"", ""conf"": 1.0, ""reason"": """"}, {""stage"": ""final"", ""label"": ""bench_press"", ""conf"": 0.814, ""reason"": ""biomechanics_override""}]"
pull_up,overhead_squat,0.81,detailed_rep_analysis,,True,/Users/josephkamil/Desktop/Capstone/pull Up/pull up_21.mp4,0,push_press,push_press,overhead_squat,clean_and_jerk,pull_up,1.0,,"[{""stage"": ""raw_model"", ""label"": ""push_press"", ""conf"": 0.845, ""reason"": """"}, {""stage"": ""bio_model"", ""label"": ""push_press"", ""conf"": 0.845, ""reason"": ""overhead_press_detected""}, {""stage"": ""squat_router"", ""label"": ""overhead_squat"", ""conf"": 0.811, ""reason"": """"}, {""stage"": ""olympic_router"", ""label"": ""clean_and_jerk"", ""conf"": 0.834, ""reason"": """"}, {""stage"": ""bodyweight_router"", ""label"": ""pull_up"", ""conf"": 1.0, ""reason"": """"}, {""stage"": ""final"", ""label"": ""overhead_squat"", ""conf"": 0.811, ""reason"": ""detailed_rep_analysis""}]"
pull_up,push_press,1.0,biomechanics_override,,True,/Users/josephkamil/Desktop/Capstone/pull Up/pull up_22.mp4,2,push_press,push_press,overhead_squat,clean_and_jerk,pull_up,0.984,push_press_pattern_detected,"[{""stage"": ""raw_model"", ""label"": ""push_press"", ""conf"": 0.999, ""reason"": """"}, {""stage"": ""bio_model"", ""label"": ""push_press"", ""conf"": 0.999, ""reason"": ""overhead_press_detected""}, {""stage"": ""squat_router"", ""label"": ""overhead_squat"", ""conf"": 0.811, ""reason"": """"}, {""stage"": ""olympic_router"", ""label"": ""clean_and_jerk"", ""conf"": 0.814, ""reason"": """"}, {""stage"": ""bodyweight_router"", ""label"": ""pull_up"", ""conf"": 0.984, ""reason"": """"}, {""stage"": ""final"", ""label"": ""push_press"", ""conf"": 0.999, ""reason"": ""biomechanics_override""}]"
pull_up,pull_up,0.86,biomechanics_override,,True,/Users/josephkamil/Desktop/Capstone/pull Up/pull up_23.mp4,1,push_press,push_press,overhead_squat,clean_and_jerk,pull_up,1.0,pull_up_bodyweight_pattern,"[{""stage"": ""raw_model"", ""label"": ""push_press"", ""conf"": 1.0, ""reason"": """"}, {""stage"": ""bio_model"", ""label"": ""push_press"", ""conf"": 1.0, ""reason"": ""overhead_press_detected""}, {""stage"": ""squat_router"", ""label"": ""overhead_squat"", ""conf"": 0.937, ""reason"": """"}, {""stage"": ""olympic_router"", ""label"": ""clean_and_jerk"", ""conf"": 0.616, ""reason"": """"}, {""stage"": ""bodyweight_router"", ""label"": ""pull_up"", ""conf"": 1.0, ""reason"": """"}, {""stage"": ""final"", ""label"": ""pull_up"", ""conf"": 0.86, ""reason"": ""biomechanics_override""}]"
pull_up,split_jerk,0.8,router_v5,,True,/Users/josephkamil/Desktop/Capstone/pull Up/pull up_24.mp4,1,push_press,push_press,squat_front,clean_and_jerk,pull_up,0.979,,"[{""stage"": ""raw_model"", ""label"": ""push_press"", ""conf"": 0.986, ""reason"": """"}, {""stage"": ""bio_model"", ""label"": ""push_press"", ""conf"": 0.986, ""reason"": ""overhead_press_detected""}, {""stage"": ""squat_router"", ""label"": ""squat_front"", ""conf"": 0.543, ""reason"": """"}, {""stage"": ""olympic_router"", ""label"": ""clean_and_jerk"", ""conf"": 0.684, ""reason"": """"}, {""stage"": ""bodyweight_router"", ""label"": ""pull_up"", ""conf"": 0.979, ""reason"": """"}, {""stage"": ""final"", ""label"": ""split_jerk"", ""conf"": 0.8, ""reason"": ""router_v5""}]"
pull_up,pull_up,0.86,biomechanics_override,,True,/Users/josephkamil/Desktop/Capstone/pull Up/pull up_25.mp4,1,squat,push_press,squat_front,clean_and_jerk,pull_up,0.934,pull_up_bodyweight_pattern,"[{""stage"": ""raw_model"", ""label"": ""squat"", ""conf"": 0.785, ""reason"": """"}, {""stage"": ""bio_model"", ""label"": ""push_press"", ""conf"": 0.785, ""reason"": ""overhead_press_detected""}, {""stage"": ""squat_router"", ""label"": ""squat_front"", ""conf"": 0.72, ""reason"": """"}, {""stage"": ""olympic_router"", ""label"": ""clean_and_jerk"", ""conf"": 0.606, ""reason"": """"}, {""stage"": ""bodyweight_router"", ""label"": ""pull_up"", ""conf"": 0.934, ""reason"": """"}, {""stage"": ""final"", ""label"": ""pull_up"", ""conf"": 0.86, ""reason"": ""biomechanics_override""}]"
pull_up,bench_press,0.96,biomechanics_override,,True,/Users/josephkamil/Desktop/Capstone/pull Up/pull up_26.mp4,1,squat,push_press,overhead_squat,snatch,pull_up,0.948,bench_press_short_overhead_rescue,"[{""stage"": ""raw_model"", ""label"": ""squat"", ""conf"": 0.961, ""reason"": """"}, {""stage"": ""bio_model"", ""label"": ""push_press"", ""conf"": 0.961, ""reason"": ""overhead_press_detected""}, {""stage"": ""squat_router"", ""label"": ""overhead_squat"", ""conf"": 0.811, ""reason"": """"}, {""stage"": ""olympic_router"", ""label"": ""snatch"", ""conf"": 0.528, ""reason"": """"}, {""stage"": ""bodyweight_router"", ""label"": ""pull_up"", ""conf"": 0.948, ""reason"": """"}, {""stage"": ""final"", ""label"": ""bench_press"", ""conf"": 0.961, ""reason"": ""biomechanics_override""}]"
pull_up,pull_up,0.86,biomechanics_override,,True,/Users/josephkamil/Desktop/Capstone/pull Up/pull up_3.mp4,1,push_press,push_press,overhead_squat,clean_and_jerk,pull_up,1.0,pull_up_bodyweight_pattern,"[{""stage"": ""raw_model"", ""label"": ""push_press"", ""conf"": 1.0, ""reason"": """"}, {""stage"": ""bio_model"", ""label"": ""push_press"", ""conf"": 1.0, ""reason"": ""overhead_press_detected""}, {""stage"": ""squat_router"", ""label"": ""overhead_squat"", ""conf"": 0.811, ""reason"": """"}, {""stage"": ""olympic_router"", ""label"": ""clean_and_jerk"", ""conf"": 0.84, ""reason"": """"}, {""stage"": ""bodyweight_router"", ""label"": ""pull_up"", ""conf"": 1.0, ""reason"": """"}, {""stage"": ""final"", ""label"": ""pull_up"", ""conf"": 0.86, ""reason"": ""biomechanics_override""}]"
pull_up,pull_up,0.86,biomechanics_override,,True,/Users/josephkamil/Desktop/Capstone/pull Up/pull up_4.mp4,1,push_press,push_press,overhead_squat,clean_and_jerk,pull_up,0.989,pull_up_bodyweight_pattern,"[{""stage"": ""raw_model"", ""label"": ""push_press"", ""conf"": 0.994, ""reason"": """"}, {""stage"": ""bio_model"", ""label"": ""push_press"", ""conf"": 0.994, ""reason"": ""overhead_press_detected""}, {""stage"": ""squat_router"", ""label"": ""overhead_squat"", ""conf"": 0.811, ""reason"": """"}, {""stage"": ""olympic_router"", ""label"": ""clean_and_jerk"", ""conf"": 0.62, ""reason"": """"}, {""stage"": ""bodyweight_router"", ""label"": ""pull_up"", ""conf"": 0.989, ""reason"": """"}, {""stage"": ""final"", ""label"": ""pull_up"", ""conf"": 0.86, ""reason"": ""biomechanics_override""}]"
pull_up,bench_press,0.98,biomechanics_override,,True,/Users/josephkamil/Desktop/Capstone/pull Up/pull up_5.mp4,1,bench_press,bench_press,squat_back,clean_and_jerk,pull_up,0.945,trusted_base_bench_press,"[{""stage"": ""raw_model"", ""label"": ""bench_press"", ""conf"": 0.979, ""reason"": """"}, {""stage"": ""bio_model"", ""label"": ""bench_press"", ""conf"": 0.979, ""reason"": ""trusted_model_bench_press""}, {""stage"": ""squat_router"", ""label"": ""squat_back"", ""conf"": 0.423, ""reason"": """"}, {""stage"": ""olympic_router"", ""label"": ""clean_and_jerk"", ""conf"": 0.668, ""reason"": """"}, {""stage"": ""bodyweight_router"", ""label"": ""pull_up"", ""conf"": 0.945, ""reason"": """"}, {""stage"": ""final"", ""label"": ""bench_press"", ""conf"": 0.979, ""reason"": ""biomechanics_override""}]"
pull_up,pull_up,0.86,biomechanics_override,,True,/Users/josephkamil/Desktop/Capstone/pull Up/pull up_6.mp4,1,deadlift,push_press,overhead_squat,clean_and_jerk,pull_up,0.919,pull_up_bodyweight_pattern,"[{""stage"": ""raw_model"", ""label"": ""deadlift"", ""conf"": 0.485, ""reason"": """"}, {""stage"": ""bio_model"", ""label"": ""push_press"", ""conf"": 0.78, ""reason"": ""overhead_press_detected""}, {""stage"": ""squat_router"", ""label"": ""overhead_squat"", ""conf"": 0.774, ""reason"": """"}, {""stage"": ""olympic_router"", ""label"": ""clean_and_jerk"", ""conf"": 0.58, ""reason"": """"}, {""stage"": ""bodyweight_router"", ""label"": ""pull_up"", ""conf"": 0.919, ""reason"": """"}, {""stage"": ""final"", ""label"": ""pull_up"", ""conf"": 0.86, ""reason"": ""biomechanics_override""}]"
pull_up,pull_up,0.96,bodyweight_router,,True,/Users/josephkamil/Desktop/Capstone/pull Up/pull up_7.mp4,1,push_press,push_press,overhead_squat,clean_and_jerk,pull_up,0.961,bodyweight_router_pull_up_high_conf,"[{""stage"": ""raw_model"", ""label"": ""push_press"", ""conf"": 0.999, ""reason"": """"}, {""stage"": ""bio_model"", ""label"": ""push_press"", ""conf"": 0.999, ""reason"": ""overhead_press_detected""}, {""stage"": ""squat_router"", ""label"": ""overhead_squat"", ""conf"": 0.909, ""reason"": """"}, {""stage"": ""olympic_router"", ""label"": ""clean_and_jerk"", ""conf"": 0.626, ""reason"": """"}, {""stage"": ""bodyweight_router"", ""label"": ""pull_up"", ""conf"": 0.961, ""reason"": """"}, {""stage"": ""final"", ""label"": ""pull_up"", ""conf"": 0.961, ""reason"": ""bodyweight_router""}]"
pull_up,pull_up,0.86,biomechanics_override,,True,/Users/josephkamil/Desktop/Capstone/pull Up/pull up_8.mp4,1,squat_front,squat_front,overhead_squat,clean_and_jerk,pull_up,0.998,pull_up_bodyweight_pattern,"[{""stage"": ""raw_model"", ""label"": ""squat_front"", ""conf"": 0.976, ""reason"": """"}, {""stage"": ""bio_model"", ""label"": ""squat_front"", ""conf"": 0.976, ""reason"": ""model_prediction""}, {""stage"": ""squat_router"", ""label"": ""overhead_squat"", ""conf"": 0.811, ""reason"": """"}, {""stage"": ""olympic_router"", ""label"": ""clean_and_jerk"", ""conf"": 0.908, ""reason"": """"}, {""stage"": ""bodyweight_router"", ""label"": ""pull_up"", ""conf"": 0.998, ""reason"": """"}, {""stage"": ""final"", ""label"": ""pull_up"", ""conf"": 0.86, ""reason"": ""biomechanics_override""}]"
pull_up,pull_up,0.86,biomechanics_override,,True,/Users/josephkamil/Desktop/Capstone/pull Up/pull up_9.mp4,1,push_press,push_press,overhead_squat,clean_and_jerk,pull_up,1.0,pull_up_bodyweight_pattern,"[{""stage"": ""raw_model"", ""label"": ""push_press"", ""conf"": 1.0, ""reason"": """"}, {""stage"": ""bio_model"", ""label"": ""push_press"", ""conf"": 1.0, ""reason"": ""model_prediction""}, {""stage"": ""squat_router"", ""label"": ""overhead_squat"", ""conf"": 0.811, ""reason"": """"}, {""stage"": ""olympic_router"", ""label"": ""clean_and_jerk"", ""conf"": 0.838, ""reason"": """"}, {""stage"": ""bodyweight_router"", ""label"": ""pull_up"", ""conf"": 1.0, ""reason"": """"}, {""stage"": ""final"", ""label"": ""pull_up"", ""conf"": 0.86, ""reason"": ""biomechanics_override""}]"
push_up,push_up,0.86,biomechanics_override,,True,/Users/josephkamil/Desktop/Capstone/PushUps/v_PushUps_g01_c01.avi,1,squat,bench_press,squat_front,,push_up,1.0,push_up_bodyweight_pattern,"[{""stage"": ""raw_model"", ""label"": ""squat"", ""conf"": 1.0, ""reason"": """"}, {""stage"": ""bio_model"", ""label"": ""bench_press"", ""conf"": 1.0, ""reason"": ""bench_pattern_detected""}, {""stage"": ""squat_router"", ""label"": ""squat_front"", ""conf"": 0.9, ""reason"": """"}, {""stage"": ""olympic_router"", ""label"": """", ""conf"": 0.0, ""reason"": """"}, {""stage"": ""bodyweight_router"", ""label"": ""push_up"", ""conf"": 1.0, ""reason"": """"}, {""stage"": ""final"", ""label"": ""push_up"", ""conf"": 0.86, ""reason"": ""biomechanics_override""}]"
push_up,push_up,0.86,biomechanics_override,,True,/Users/josephkamil/Desktop/Capstone/PushUps/v_PushUps_g01_c02.avi,1,squat,bench_press,overhead_squat,,push_up,0.991,push_up_bodyweight_pattern,"[{""stage"": ""raw_model"", ""label"": ""squat"", ""conf"": 1.0, ""reason"": """"}, {""stage"": ""bio_model"", ""label"": ""bench_press"", ""conf"": 1.0, ""reason"": ""bench_pattern_detected""}, {""stage"": ""squat_router"", ""label"": ""overhead_squat"", ""conf"": 0.989, ""reason"": """"}, {""stage"": ""olympic_router"", ""label"": """", ""conf"": 0.0, ""reason"": """"}, {""stage"": ""bodyweight_router"", ""label"": ""push_up"", ""conf"": 0.991, ""reason"": """"}, {""stage"": ""final"", ""label"": ""push_up"", ""conf"": 0.86, ""reason"": ""biomechanics_override""}]"
push_up,push_up,0.86,biomechanics_override,,True,/Users/josephkamil/Desktop/Capstone/PushUps/v_PushUps_g01_c03.avi,1,squat,bench_press,overhead_squat,,push_up,0.997,push_up_bodyweight_pattern,"[{""stage"": ""raw_model"", ""label"": ""squat"", ""conf"": 1.0, ""reason"": """"}, {""stage"": ""bio_model"", ""label"": ""bench_press"", ""conf"": 1.0, ""reason"": ""bench_pattern_detected""}, {""stage"": ""squat_router"", ""label"": ""overhead_squat"", ""conf"": 0.99, ""reason"": """"}, {""stage"": ""olympic_router"", ""label"": """", ""conf"": 0.0, ""reason"": """"}, {""stage"": ""bodyweight_router"", ""label"": ""push_up"", ""conf"": 0.997, ""reason"": """"}, {""stage"": ""final"", ""label"": ""push_up"", ""conf"": 0.86, ""reason"": ""biomechanics_override""}]"
push_up,thruster,0.86,biomechanics_override,,True,/Users/josephkamil/Desktop/Capstone/PushUps/v_PushUps_g01_c04.avi,2,bench_press,bench_press,squat_back,clean_and_jerk,push_up,0.974,thruster_pattern_detected,"[{""stage"": ""raw_model"", ""label"": ""bench_press"", ""conf"": 0.865, ""reason"": """"}, {""stage"": ""bio_model"", ""label"": ""bench_press"", ""conf"": 0.865, ""reason"": ""trusted_model_bench_press""}, {""stage"": ""squat_router"", ""label"": ""squat_back"", ""conf"": 0.886, ""reason"": """"}, {""stage"": ""olympic_router"", ""label"": ""clean_and_jerk"", ""conf"": 0.542, ""reason"": """"}, {""stage"": ""bodyweight_router"", ""label"": ""push_up"", ""conf"": 0.974, ""reason"": """"}, {""stage"": ""final"", ""label"": ""thruster"", ""conf"": 0.865, ""reason"": ""biomechanics_override""}]"
push_up,push_up,0.86,biomechanics_override,,True,/Users/josephkamil/Desktop/Capstone/PushUps/v_PushUps_g01_c05.avi,1,squat,bench_press,squat_back,,push_up,0.983,push_up_bodyweight_pattern,"[{""stage"": ""raw_model"", ""label"": ""squat"", ""conf"": 1.0, ""reason"": """"}, {""stage"": ""bio_model"", ""label"": ""bench_press"", ""conf"": 1.0, ""reason"": ""bench_pattern_detected""}, {""stage"": ""squat_router"", ""label"": ""squat_back"", ""conf"": 0.97, ""reason"": """"}, {""stage"": ""olympic_router"", ""label"": """", ""conf"": 0.0, ""reason"": """"}, {""stage"": ""bodyweight_router"", ""label"": ""push_up"", ""conf"": 0.983, ""reason"": """"}, {""stage"": ""final"", ""label"": ""push_up"", ""conf"": 0.86, ""reason"": ""biomechanics_override""}]"
push_up,push_up,0.86,biomechanics_override,,True,/Users/josephkamil/Desktop/Capstone/PushUps/v_PushUps_g02_c01.avi,1,deadlift,deadlift,squat_back,clean_and_jerk,push_up,0.977,push_up_bodyweight_pattern,"[{""stage"": ""raw_model"", ""label"": ""deadlift"", ""conf"": 1.0, ""reason"": """"}, {""stage"": ""bio_model"", ""label"": ""deadlift"", ""conf"": 1.0, ""reason"": ""deadlift_hinge_pattern_detected""}, {""stage"": ""squat_router"", ""label"": ""squat_back"", ""conf"": 0.928, ""reason"": """"}, {""stage"": ""olympic_router"", ""label"": ""clean_and_jerk"", ""conf"": 0.584, ""reason"": """"}, {""stage"": ""bodyweight_router"", ""label"": ""push_up"", ""conf"": 0.977, ""reason"": """"}, {""stage"": ""final"", ""label"": ""push_up"", ""conf"": 0.86, ""reason"": ""biomechanics_override""}]"
push_up,push_up,0.86,biomechanics_override,,True,/Users/josephkamil/Desktop/Capstone/PushUps/v_PushUps_g02_c02.avi,1,deadlift,deadlift,squat_back,clean_and_jerk,push_up,0.942,push_up_bodyweight_pattern,"[{""stage"": ""raw_model"", ""label"": ""deadlift"", ""conf"": 1.0, ""reason"": """"}, {""stage"": ""bio_model"", ""label"": ""deadlift"", ""conf"": 1.0, ""reason"": ""deadlift_hinge_pattern_detected""}, {""stage"": ""squat_router"", ""label"": ""squat_back"", ""conf"": 0.97, ""reason"": """"}, {""stage"": ""olympic_router"", ""label"": ""clean_and_jerk"", ""conf"": 0.616, ""reason"": """"}, {""stage"": ""bodyweight_router"", ""label"": ""push_up"", ""conf"": 0.942, ""reason"": """"}, {""stage"": ""final"", ""label"": ""push_up"", ""conf"": 0.86, ""reason"": ""biomechanics_override""}]"
push_up,push_up,0.86,biomechanics_override,,True,/Users/josephkamil/Desktop/Capstone/PushUps/v_PushUps_g02_c03.avi,1,deadlift,deadlift,squat_back,clean_and_jerk,push_up,0.978,push_up_bodyweight_pattern,"[{""stage"": ""raw_model"", ""label"": ""deadlift"", ""conf"": 1.0, ""reason"": """"}, {""stage"": ""bio_model"", ""label"": ""deadlift"", ""conf"": 1.0, ""reason"": ""deadlift_hinge_pattern_detected""}, {""stage"": ""squat_router"", ""label"": ""squat_back"", ""conf"": 0.97, ""reason"": """"}, {""stage"": ""olympic_router"", ""label"": ""clean_and_jerk"", ""conf"": 0.516, ""reason"": """"}, {""stage"": ""bodyweight_router"", ""label"": ""push_up"", ""conf"": 0.978, ""reason"": """"}, {""stage"": ""final"", ""label"": ""push_up"", ""conf"": 0.86, ""reason"": ""biomechanics_override""}]"
push_up,push_up,0.86,biomechanics_override,,True,/Users/josephkamil/Desktop/Capstone/PushUps/v_PushUps_g02_c04.avi,1,deadlift,deadlift,squat_back,clean_and_jerk,push_up,0.98,push_up_bodyweight_pattern,"[{""stage"": ""raw_model"", ""label"": ""deadlift"", ""conf"": 0.999, ""reason"": """"}, {""stage"": ""bio_model"", ""label"": ""deadlift"", ""conf"": 0.999, ""reason"": ""deadlift_hinge_pattern_detected""}, {""stage"": ""squat_router"", ""label"": ""squat_back"", ""conf"": 0.97, ""reason"": """"}, {""stage"": ""olympic_router"", ""label"": ""clean_and_jerk"", ""conf"": 0.516, ""reason"": """"}, {""stage"": ""bodyweight_router"", ""label"": ""push_up"", ""conf"": 0.98, ""reason"": """"}, {""stage"": ""final"", ""label"": ""push_up"", ""conf"": 0.86, ""reason"": ""biomechanics_override""}]"
push_up,push_up,0.86,biomechanics_override,,True,/Users/josephkamil/Desktop/Capstone/PushUps/v_PushUps_g03_c01.avi,1,bench_press,bench_press,squat_front,,push_up,0.973,push_up_bodyweight_pattern,"[{""stage"": ""raw_model"", ""label"": ""bench_press"", ""conf"": 0.365, ""reason"": """"}, {""stage"": ""bio_model"", ""label"": ""bench_press"", ""conf"": 0.8, ""reason"": ""trusted_model_bench_press""}, {""stage"": ""squat_router"", ""label"": ""squat_front"", ""conf"": 0.97, ""reason"": """"}, {""stage"": ""olympic_router"", ""label"": """", ""conf"": 0.0, ""reason"": """"}, {""stage"": ""bodyweight_router"", ""label"": ""push_up"", ""conf"": 0.973, ""reason"": """"}, {""stage"": ""final"", ""label"": ""push_up"", ""conf"": 0.86, ""reason"": ""biomechanics_override""}]"
push_up,push_up,0.86,biomechanics_override,,True,/Users/josephkamil/Desktop/Capstone/PushUps/v_PushUps_g03_c02.avi,1,squat_front,bench_press,squat_front,,push_up,0.976,push_up_bodyweight_pattern,"[{""stage"": ""raw_model"", ""label"": ""squat_front"", ""conf"": 0.392, ""reason"": """"}, {""stage"": ""bio_model"", ""label"": ""bench_press"", ""conf"": 0.8, ""reason"": ""bench_pattern_detected""}, {""stage"": ""squat_router"", ""label"": ""squat_front"", ""conf"": 0.97, ""reason"": """"}, {""stage"": ""olympic_router"", ""label"": """", ""conf"": 0.0, ""reason"": """"}, {""stage"": ""bodyweight_router"", ""label"": ""push_up"", ""conf"": 0.976, ""reason"": """"}, {""stage"": ""final"", ""label"": ""push_up"", ""conf"": 0.86, ""reason"": ""biomechanics_override""}]"
push_up,push_up,0.86,biomechanics_override,,True,/Users/josephkamil/Desktop/Capstone/PushUps/v_PushUps_g03_c03.avi,1,squat_front,bench_press,squat_back,,push_up,0.968,push_up_bodyweight_pattern,"[{""stage"": ""raw_model"", ""label"": ""squat_front"", ""conf"": 0.688, ""reason"": """"}, {""stage"": ""bio_model"", ""label"": ""bench_press"", ""conf"": 0.8, ""reason"": ""bench_pattern_detected""}, {""stage"": ""squat_router"", ""label"": ""squat_back"", ""conf"": 0.97, ""reason"": """"}, {""stage"": ""olympic_router"", ""label"": """", ""conf"": 0.0, ""reason"": """"}, {""stage"": ""bodyweight_router"", ""label"": ""push_up"", ""conf"": 0.968, ""reason"": """"}, {""stage"": ""final"", ""label"": ""push_up"", ""conf"": 0.86, ""reason"": ""biomechanics_override""}]"
push_up,push_up,0.86,biomechanics_override,,True,/Users/josephkamil/Desktop/Capstone/PushUps/v_PushUps_g03_c04.avi,1,bench_press,bench_press,squat_front,,push_up,0.997,push_up_bodyweight_pattern,"[{""stage"": ""raw_model"", ""label"": ""bench_press"", ""conf"": 0.576, ""reason"": """"}, {""stage"": ""bio_model"", ""label"": ""bench_press"", ""conf"": 0.8, ""reason"": ""trusted_model_bench_press""}, {""stage"": ""squat_router"", ""label"": ""squat_front"", ""conf"": 0.9, ""reason"": """"}, {""stage"": ""olympic_router"", ""label"": """", ""conf"": 0.0, ""reason"": """"}, {""stage"": ""bodyweight_router"", ""label"": ""push_up"", ""conf"": 0.997, ""reason"": """"}, {""stage"": ""final"", ""label"": ""push_up"", ""conf"": 0.86, ""reason"": ""biomechanics_override""}]"
push_up,push_up,0.86,biomechanics_override,,True,/Users/josephkamil/Desktop/Capstone/PushUps/v_PushUps_g04_c01.avi,1,squat,squat,squat_front,,push_up,0.998,push_up_bodyweight_pattern,"[{""stage"": ""raw_model"", ""label"": ""squat"", ""conf"": 0.997, ""reason"": """"}, {""stage"": ""bio_model"", ""label"": ""squat"", ""conf"": 0.997, ""reason"": ""model_prediction""}, {""stage"": ""squat_router"", ""label"": ""squat_front"", ""conf"": 0.97, ""reason"": """"}, {""stage"": ""olympic_router"", ""label"": """", ""conf"": 0.0, ""reason"": """"}, {""stage"": ""bodyweight_router"", ""label"": ""push_up"", ""conf"": 0.998, ""reason"": """"}, {""stage"": ""final"", ""label"": ""push_up"", ""conf"": 0.86, ""reason"": ""biomechanics_override""}]"
push_up,push_up,0.86,biomechanics_override,,True,/Users/josephkamil/Desktop/Capstone/PushUps/v_PushUps_g04_c02.avi,1,squat,squat,squat_front,,push_up,1.0,push_up_bodyweight_pattern,"[{""stage"": ""raw_model"", ""label"": ""squat"", ""conf"": 0.997, ""reason"": """"}, {""stage"": ""bio_model"", ""label"": ""squat"", ""conf"": 0.997, ""reason"": ""model_prediction""}, {""stage"": ""squat_router"", ""label"": ""squat_front"", ""conf"": 0.84, ""reason"": """"}, {""stage"": ""olympic_router"", ""label"": """", ""conf"": 0.0, ""reason"": """"}, {""stage"": ""bodyweight_router"", ""label"": ""push_up"", ""conf"": 1.0, ""reason"": """"}, {""stage"": ""final"", ""label"": ""push_up"", ""conf"": 0.86, ""reason"": ""biomechanics_override""}]"
push_up,push_up,0.86,biomechanics_override,,True,/Users/josephkamil/Desktop/Capstone/PushUps/v_PushUps_g04_c03.avi,1,squat,squat,squat_front,clean_and_jerk,push_up,0.998,push_up_bodyweight_pattern,"[{""stage"": ""raw_model"", ""label"": ""squat"", ""conf"": 0.998, ""reason"": """"}, {""stage"": ""bio_model"", ""label"": ""squat"", ""conf"": 0.998, ""reason"": ""model_prediction""}, {""stage"": ""squat_router"", ""label"": ""squat_front"", ""conf"": 0.97, ""reason"": """"}, {""stage"": ""olympic_router"", ""label"": ""clean_and_jerk"", ""conf"": 0.728, ""reason"": """"}, {""stage"": ""bodyweight_router"", ""label"": ""push_up"", ""conf"": 0.998, ""reason"": """"}, {""stage"": ""final"", ""label"": ""push_up"", ""conf"": 0.86, ""reason"": ""biomechanics_override""}]"
push_up,push_up,0.86,biomechanics_override,,True,/Users/josephkamil/Desktop/Capstone/PushUps/v_PushUps_g04_c04.avi,1,squat,bench_press,squat_front,,push_up,0.996,push_up_bodyweight_pattern,"[{""stage"": ""raw_model"", ""label"": ""squat"", ""conf"": 0.995, ""reason"": """"}, {""stage"": ""bio_model"", ""label"": ""bench_press"", ""conf"": 0.995, ""reason"": ""bench_pattern_detected""}, {""stage"": ""squat_router"", ""label"": ""squat_front"", ""conf"": 0.84, ""reason"": """"}, {""stage"": ""olympic_router"", ""label"": """", ""conf"": 0.0, ""reason"": """"}, {""stage"": ""bodyweight_router"", ""label"": ""push_up"", ""conf"": 0.996, ""reason"": """"}, {""stage"": ""final"", ""label"": ""push_up"", ""conf"": 0.86, ""reason"": ""biomechanics_override""}]"
push_up,push_up,0.86,biomechanics_override,,True,/Users/josephkamil/Desktop/Capstone/PushUps/v_PushUps_g04_c05.avi,1,squat,bench_press,squat_front,,push_up,1.0,push_up_bodyweight_pattern,"[{""stage"": ""raw_model"", ""label"": ""squat"", ""conf"": 0.996, ""reason"": """"}, {""stage"": ""bio_model"", ""label"": ""bench_press"", ""conf"": 0.996, ""reason"": ""bench_pattern_detected""}, {""stage"": ""squat_router"", ""label"": ""squat_front"", ""conf"": 0.84, ""reason"": """"}, {""stage"": ""olympic_router"", ""label"": """", ""conf"": 0.0, ""reason"": """"}, {""stage"": ""bodyweight_router"", ""label"": ""push_up"", ""conf"": 1.0, ""reason"": """"}, {""stage"": ""final"", ""label"": ""push_up"", ""conf"": 0.86, ""reason"": ""biomechanics_override""}]"
push_up,push_up,0.86,biomechanics_override,,True,/Users/josephkamil/Desktop/Capstone/PushUps/v_PushUps_g05_c01.avi,1,squat,squat,squat_back,clean_and_jerk,push_up,0.981,push_up_bodyweight_pattern,"[{""stage"": ""raw_model"", ""label"": ""squat"", ""conf"": 0.844, ""reason"": """"}, {""stage"": ""bio_model"", ""label"": ""squat"", ""conf"": 0.844, ""reason"": ""model_prediction""}, {""stage"": ""squat_router"", ""label"": ""squat_back"", ""conf"": 0.937, ""reason"": """"}, {""stage"": ""olympic_router"", ""label"": ""clean_and_jerk"", ""conf"": 0.646, ""reason"": """"}, {""stage"": ""bodyweight_router"", ""label"": ""push_up"", ""conf"": 0.981, ""reason"": """"}, {""stage"": ""final"", ""label"": ""push_up"", ""conf"": 0.86, ""reason"": ""biomechanics_override""}]"
push_up,push_up,0.86,biomechanics_override,,True,/Users/josephkamil/Desktop/Capstone/PushUps/v_PushUps_g05_c02.avi,1,squat,bench_press,squat_back,clean_and_jerk,push_up,0.997,push_up_bodyweight_pattern,"[{""stage"": ""raw_model"", ""label"": ""squat"", ""conf"": 0.797, ""reason"": """"}, {""stage"": ""bio_model"", ""label"": ""bench_press"", ""conf"": 0.8, ""reason"": ""bench_pattern_detected""}, {""stage"": ""squat_router"", ""label"": ""squat_back"", ""conf"": 0.937, ""reason"": """"}, {""stage"": ""olympic_router"", ""label"": ""clean_and_jerk"", ""conf"": 0.68, ""reason"": """"}, {""stage"": ""bodyweight_router"", ""label"": ""push_up"", ""conf"": 0.997, ""reason"": """"}, {""stage"": ""final"", ""label"": ""push_up"", ""conf"": 0.86, ""reason"": ""biomechanics_override""}]"
push_up,push_up,0.86,biomechanics_override,,True,/Users/josephkamil/Desktop/Capstone/PushUps/v_PushUps_g05_c03.avi,1,squat,deadlift,squat_back,clean_and_jerk,push_up,0.997,push_up_bodyweight_pattern,"[{""stage"": ""raw_model"", ""label"": ""squat"", ""conf"": 0.904, ""reason"": """"}, {""stage"": ""bio_model"", ""label"": ""deadlift"", ""conf"": 0.904, ""reason"": ""deadlift_hinge_pattern_detected""}, {""stage"": ""squat_router"", ""label"": ""squat_back"", ""conf"": 0.937, ""reason"": """"}, {""stage"": ""olympic_router"", ""label"": ""clean_and_jerk"", ""conf"": 0.656, ""reason"": """"}, {""stage"": ""bodyweight_router"", ""label"": ""push_up"", ""conf"": 0.997, ""reason"": """"}, {""stage"": ""final"", ""label"": ""push_up"", ""conf"": 0.86, ""reason"": ""biomechanics_override""}]"
push_up,push_up,0.86,biomechanics_override,,True,/Users/josephkamil/Desktop/Capstone/PushUps/v_PushUps_g05_c04.avi,1,squat,squat,squat_back,clean_and_jerk,push_up,0.99,push_up_bodyweight_pattern,"[{""stage"": ""raw_model"", ""label"": ""squat"", ""conf"": 0.675, ""reason"": """"}, {""stage"": ""bio_model"", ""label"": ""squat"", ""conf"": 0.675, ""reason"": ""model_prediction""}, {""stage"": ""squat_router"", ""label"": ""squat_back"", ""conf"": 0.937, ""reason"": """"}, {""stage"": ""olympic_router"", ""label"": ""clean_and_jerk"", ""conf"": 0.68, ""reason"": """"}, {""stage"": ""bodyweight_router"", ""label"": ""push_up"", ""conf"": 0.99, ""reason"": """"}, {""stage"": ""final"", ""label"": ""push_up"", ""conf"": 0.86, ""reason"": ""biomechanics_override""}]"
push_up,push_up,0.86,biomechanics_override,,True,/Users/josephkamil/Desktop/Capstone/PushUps/v_PushUps_g06_c01.avi,1,deadlift,squat,squat_back,clean_and_jerk,push_up,0.819,push_up_bodyweight_pattern,"[{""stage"": ""raw_model"", ""label"": ""deadlift"", ""conf"": 0.983, ""reason"": """"}, {""stage"": ""bio_model"", ""label"": ""squat"", ""conf"": 0.983, ""reason"": ""squat_pattern_detected""}, {""stage"": ""squat_router"", ""label"": ""squat_back"", ""conf"": 0.97, ""reason"": """"}, {""stage"": ""olympic_router"", ""label"": ""clean_and_jerk"", ""conf"": 0.558, ""reason"": """"}, {""stage"": ""bodyweight_router"", ""label"": ""push_up"", ""conf"": 0.819, ""reason"": """"}, {""stage"": ""final"", ""label"": ""push_up"", ""conf"": 0.86, ""reason"": ""biomechanics_override""}]"
push_up,Unknown,0.0,insufficient_data,,False,/Users/josephkamil/Desktop/Capstone/PushUps/v_PushUps_g06_c02.avi,0,,,,,,,,[]
push_up,Unknown,0.0,insufficient_data,,False,/Users/josephkamil/Desktop/Capstone/PushUps/v_PushUps_g06_c03.avi,0,,,,,,,,[]
push_up,Unknown,0.0,insufficient_data,,False,/Users/josephkamil/Desktop/Capstone/PushUps/v_PushUps_g06_c04.avi,0,,,,,,,,[]
push_up,push_up,0.86,biomechanics_override,,True,/Users/josephkamil/Desktop/Capstone/PushUps/v_PushUps_g07_c01.avi,1,deadlift,bench_press,squat_back,clean_and_jerk,push_up,1.0,push_up_bodyweight_pattern,"[{""stage"": ""raw_model"", ""label"": ""deadlift"", ""conf"": 0.62, ""reason"": """"}, {""stage"": ""bio_model"", ""label"": ""bench_press"", ""conf"": 0.8, ""reason"": ""bench_pattern_detected""}, {""stage"": ""squat_router"", ""label"": ""squat_back"", ""conf"": 0.97, ""reason"": """"}, {""stage"": ""olympic_router"", ""label"": ""clean_and_jerk"", ""conf"": 0.722, ""reason"": """"}, {""stage"": ""bodyweight_router"", ""label"": ""push_up"", ""conf"": 1.0, ""reason"": """"}, {""stage"": ""final"", ""label"": ""push_up"", ""conf"": 0.86, ""reason"": ""biomechanics_override""}]"
push_up,push_up,0.86,biomechanics_override,,True,/Users/josephkamil/Desktop/Capstone/PushUps/v_PushUps_g07_c02.avi,1,deadlift,bench_press,squat_back,,push_up,1.0,push_up_bodyweight_pattern,"[{""stage"": ""raw_model"", ""label"": ""deadlift"", ""conf"": 0.926, ""reason"": """"}, {""stage"": ""bio_model"", ""label"": ""bench_press"", ""conf"": 0.926, ""reason"": ""bench_pattern_detected""}, {""stage"": ""squat_router"", ""label"": ""squat_back"", ""conf"": 0.97, ""reason"": """"}, {""stage"": ""olympic_router"", ""label"": """", ""conf"": 0.0, ""reason"": """"}, {""stage"": ""bodyweight_router"", ""label"": ""push_up"", ""conf"": 1.0, ""reason"": """"}, {""stage"": ""final"", ""label"": ""push_up"", ""conf"": 0.86, ""reason"": ""biomechanics_override""}]"
push_up,deadlift,0.86,biomechanics_override,,True,/Users/josephkamil/Desktop/Capstone/PushUps/v_PushUps_g07_c03.avi,2,deadlift,bench_press,squat_back,clean_and_jerk,push_up,1.0,deadlift_setup_rescue,"[{""stage"": ""raw_model"", ""label"": ""deadlift"", ""conf"": 0.862, ""reason"": """"}, {""stage"": ""bio_model"", ""label"": ""bench_press"", ""conf"": 0.862, ""reason"": ""bench_pattern_detected""}, {""stage"": ""squat_router"", ""label"": ""squat_back"", ""conf"": 0.97, ""reason"": """"}, {""stage"": ""olympic_router"", ""label"": ""clean_and_jerk"", ""conf"": 0.708, ""reason"": """"}, {""stage"": ""bodyweight_router"", ""label"": ""push_up"", ""conf"": 1.0, ""reason"": """"}, {""stage"": ""final"", ""label"": ""deadlift"", ""conf"": 0.862, ""reason"": ""biomechanics_override""}]"
push_up,push_up,0.86,biomechanics_override,,True,/Users/josephkamil/Desktop/Capstone/PushUps/v_PushUps_g07_c04.avi,1,deadlift,squat,squat_back,snatch,push_up,0.998,push_up_bodyweight_pattern,"[{""stage"": ""raw_model"", ""label"": ""deadlift"", ""conf"": 0.989, ""reason"": """"}, {""stage"": ""bio_model"", ""label"": ""squat"", ""conf"": 0.989, ""reason"": ""squat_pattern_detected""}, {""stage"": ""squat_router"", ""label"": ""squat_back"", ""conf"": 0.97, ""reason"": """"}, {""stage"": ""olympic_router"", ""label"": ""snatch"", ""conf"": 0.698, ""reason"": """"}, {""stage"": ""bodyweight_router"", ""label"": ""push_up"", ""conf"": 0.998, ""reason"": """"}, {""stage"": ""final"", ""label"": ""push_up"", ""conf"": 0.86, ""reason"": ""biomechanics_override""}]"
push_up,push_up,0.86,biomechanics_override,,True,/Users/josephkamil/Desktop/Capstone/PushUps/v_PushUps_g08_c01.avi,1,squat,squat,squat_front,clean_and_jerk,push_up,0.908,push_up_bodyweight_pattern,"[{""stage"": ""raw_model"", ""label"": ""squat"", ""conf"": 0.924, ""reason"": """"}, {""stage"": ""bio_model"", ""label"": ""squat"", ""conf"": 0.924, ""reason"": ""squat_pattern_detected""}, {""stage"": ""squat_router"", ""label"": ""squat_front"", ""conf"": 0.97, ""reason"": """"}, {""stage"": ""olympic_router"", ""label"": ""clean_and_jerk"", ""conf"": 0.662, ""reason"": """"}, {""stage"": ""bodyweight_router"", ""label"": ""push_up"", ""conf"": 0.908, ""reason"": """"}, {""stage"": ""final"", ""label"": ""push_up"", ""conf"": 0.86, ""reason"": ""biomechanics_override""}]"
push_up,push_up,0.86,biomechanics_override,,True,/Users/josephkamil/Desktop/Capstone/PushUps/v_PushUps_g08_c02.avi,1,squat,squat,squat_front,clean_and_jerk,push_up,0.998,push_up_bodyweight_pattern,"[{""stage"": ""raw_model"", ""label"": ""squat"", ""conf"": 0.927, ""reason"": """"}, {""stage"": ""bio_model"", ""label"": ""squat"", ""conf"": 0.927, ""reason"": ""squat_pattern_detected""}, {""stage"": ""squat_router"", ""label"": ""squat_front"", ""conf"": 0.97, ""reason"": """"}, {""stage"": ""olympic_router"", ""label"": ""clean_and_jerk"", ""conf"": 0.64, ""reason"": """"}, {""stage"": ""bodyweight_router"", ""label"": ""push_up"", ""conf"": 0.998, ""reason"": """"}, {""stage"": ""final"", ""label"": ""push_up"", ""conf"": 0.86, ""reason"": ""biomechanics_override""}]"
push_up,push_up,0.86,biomechanics_override,,True,/Users/josephkamil/Desktop/Capstone/PushUps/v_PushUps_g08_c03.avi,1,squat,squat,squat_front,clean_and_jerk,push_up,0.992,push_up_bodyweight_pattern,"[{""stage"": ""raw_model"", ""label"": ""squat"", ""conf"": 0.917, ""reason"": """"}, {""stage"": ""bio_model"", ""label"": ""squat"", ""conf"": 0.917, ""reason"": ""squat_pattern_detected""}, {""stage"": ""squat_router"", ""label"": ""squat_front"", ""conf"": 0.97, ""reason"": """"}, {""stage"": ""olympic_router"", ""label"": ""clean_and_jerk"", ""conf"": 0.506, ""reason"": """"}, {""stage"": ""bodyweight_router"", ""label"": ""push_up"", ""conf"": 0.992, ""reason"": """"}, {""stage"": ""final"", ""label"": ""push_up"", ""conf"": 0.86, ""reason"": ""biomechanics_override""}]"
push_up,push_up,0.86,biomechanics_override,,True,/Users/josephkamil/Desktop/Capstone/PushUps/v_PushUps_g08_c04.avi,1,squat,deadlift,squat_back,clean_and_jerk,push_up,0.93,push_up_bodyweight_pattern,"[{""stage"": ""raw_model"", ""label"": ""squat"", ""conf"": 0.972, ""reason"": """"}, {""stage"": ""bio_model"", ""label"": ""deadlift"", ""conf"": 0.972, ""reason"": ""deadlift_hinge_pattern_detected""}, {""stage"": ""squat_router"", ""label"": ""squat_back"", ""conf"": 0.97, ""reason"": """"}, {""stage"": ""olympic_router"", ""label"": ""clean_and_jerk"", ""conf"": 0.728, ""reason"": """"}, {""stage"": ""bodyweight_router"", ""label"": ""push_up"", ""conf"": 0.93, ""reason"": """"}, {""stage"": ""final"", ""label"": ""push_up"", ""conf"": 0.86, ""reason"": ""biomechanics_override""}]"
push_up,push_up,1.0,biomechanics_override,,True,/Users/josephkamil/Desktop/Capstone/PushUps/v_PushUps_g09_c01.avi,1,bench_press,push_up,squat_back,snatch,push_up,0.98,,"[{""stage"": ""raw_model"", ""label"": ""bench_press"", ""conf"": 0.996, ""reason"": """"}, {""stage"": ""bio_model"", ""label"": ""push_up"", ""conf"": 0.996, ""reason"": ""push_up_bodyweight_pattern""}, {""stage"": ""squat_router"", ""label"": ""squat_back"", ""conf"": 0.937, ""reason"": """"}, {""stage"": ""olympic_router"", ""label"": ""snatch"", ""conf"": 0.524, ""reason"": """"}, {""stage"": ""bodyweight_router"", ""label"": ""push_up"", ""conf"": 0.98, ""reason"": """"}, {""stage"": ""final"", ""label"": ""push_up"", ""conf"": 0.996, ""reason"": ""biomechanics_override""}]"
push_up,bench_press,1.0,biomechanics_override,,True,/Users/josephkamil/Desktop/Capstone/PushUps/v_PushUps_g09_c02.avi,1,bench_press,bench_press,squat_back,snatch,push_up,0.983,trusted_model_bench_press,"[{""stage"": ""raw_model"", ""label"": ""bench_press"", ""conf"": 0.998, ""reason"": """"}, {""stage"": ""bio_model"", ""label"": ""bench_press"", ""conf"": 0.998, ""reason"": ""trusted_model_bench_press""}, {""stage"": ""squat_router"", ""label"": ""squat_back"", ""conf"": 0.97, ""reason"": """"}, {""stage"": ""olympic_router"", ""label"": ""snatch"", ""conf"": 0.588, ""reason"": """"}, {""stage"": ""bodyweight_router"", ""label"": ""push_up"", ""conf"": 0.983, ""reason"": """"}, {""stage"": ""final"", ""label"": ""bench_press"", ""conf"": 0.998, ""reason"": ""biomechanics_override""}]"
push_up,push_up,0.86,biomechanics_override,,True,/Users/josephkamil/Desktop/Capstone/PushUps/v_PushUps_g09_c03.avi,1,bench_press,bench_press,squat_back,clean_and_jerk,push_up,0.99,push_up_bodyweight_pattern,"[{""stage"": ""raw_model"", ""label"": ""bench_press"", ""conf"": 0.711, ""reason"": """"}, {""stage"": ""bio_model"", ""label"": ""bench_press"", ""conf"": 0.8, ""reason"": ""trusted_model_bench_press""}, {""stage"": ""squat_router"", ""label"": ""squat_back"", ""conf"": 0.97, ""reason"": """"}, {""stage"": ""olympic_router"", ""label"": ""clean_and_jerk"", ""conf"": 0.662, ""reason"": """"}, {""stage"": ""bodyweight_router"", ""label"": ""push_up"", ""conf"": 0.99, ""reason"": """"}, {""stage"": ""final"", ""label"": ""push_up"", ""conf"": 0.86, ""reason"": ""biomechanics_override""}]"
push_up,bench_press,0.99,biomechanics_override,,True,/Users/josephkamil/Desktop/Capstone/PushUps/v_PushUps_g09_c04.avi,1,bench_press,bench_press,squat_back,clean_and_jerk,push_up,0.871,trusted_base_bench_press,"[{""stage"": ""raw_model"", ""label"": ""bench_press"", ""conf"": 0.992, ""reason"": """"}, {""stage"": ""bio_model"", ""label"": ""bench_press"", ""conf"": 0.992, ""reason"": ""trusted_model_bench_press""}, {""stage"": ""squat_router"", ""label"": ""squat_back"", ""conf"": 0.97, ""reason"": """"}, {""stage"": ""olympic_router"", ""label"": ""clean_and_jerk"", ""conf"": 0.56, ""reason"": """"}, {""stage"": ""bodyweight_router"", ""label"": ""push_up"", ""conf"": 0.871, ""reason"": """"}, {""stage"": ""final"", ""label"": ""bench_press"", ""conf"": 0.992, ""reason"": ""biomechanics_override""}]"
push_up,push_up,0.86,biomechanics_override,,True,/Users/josephkamil/Desktop/Capstone/PushUps/v_PushUps_g10_c01.avi,1,squat,deadlift,squat_back,clean_and_jerk,push_up,0.945,push_up_bodyweight_pattern,"[{""stage"": ""raw_model"", ""label"": ""squat"", ""conf"": 0.811, ""reason"": """"}, {""stage"": ""bio_model"", ""label"": ""deadlift"", ""conf"": 0.85, ""reason"": ""deadlift_hinge_pattern_detected""}, {""stage"": ""squat_router"", ""label"": ""squat_back"", ""conf"": 0.879, ""reason"": """"}, {""stage"": ""olympic_router"", ""label"": ""clean_and_jerk"", ""conf"": 0.65, ""reason"": """"}, {""stage"": ""bodyweight_router"", ""label"": ""push_up"", ""conf"": 0.945, ""reason"": """"}, {""stage"": ""final"", ""label"": ""push_up"", ""conf"": 0.86, ""reason"": ""biomechanics_override""}]"
push_up,push_up,0.86,biomechanics_override,,True,/Users/josephkamil/Desktop/Capstone/PushUps/v_PushUps_g10_c02.avi,1,squat,squat,squat_front,snatch,push_up,0.94,push_up_bodyweight_pattern,"[{""stage"": ""raw_model"", ""label"": ""squat"", ""conf"": 0.57, ""reason"": """"}, {""stage"": ""bio_model"", ""label"": ""squat"", ""conf"": 0.75, ""reason"": ""squat_pattern_detected""}, {""stage"": ""squat_router"", ""label"": ""squat_front"", ""conf"": 0.677, ""reason"": """"}, {""stage"": ""olympic_router"", ""label"": ""snatch"", ""conf"": 0.636, ""reason"": """"}, {""stage"": ""bodyweight_router"", ""label"": ""push_up"", ""conf"": 0.94, ""reason"": """"}, {""stage"": ""final"", ""label"": ""push_up"", ""conf"": 0.86, ""reason"": ""biomechanics_override""}]"
push_up,push_up,0.86,biomechanics_override,,True,/Users/josephkamil/Desktop/Capstone/PushUps/v_PushUps_g10_c03.avi,1,squat,deadlift,squat_front,clean_and_jerk,push_up,0.982,push_up_bodyweight_pattern,"[{""stage"": ""raw_model"", ""label"": ""squat"", ""conf"": 0.99, ""reason"": """"}, {""stage"": ""bio_model"", ""label"": ""deadlift"", ""conf"": 0.99, ""reason"": ""deadlift_hinge_pattern_detected""}, {""stage"": ""squat_router"", ""label"": ""squat_front"", ""conf"": 0.931, ""reason"": """"}, {""stage"": ""olympic_router"", ""label"": ""clean_and_jerk"", ""conf"": 0.828, ""reason"": """"}, {""stage"": ""bodyweight_router"", ""label"": ""push_up"", ""conf"": 0.982, ""reason"": """"}, {""stage"": ""final"", ""label"": ""push_up"", ""conf"": 0.86, ""reason"": ""biomechanics_override""}]"
push_up,push_up,0.86,biomechanics_override,,True,/Users/josephkamil/Desktop/Capstone/PushUps/v_PushUps_g10_c04.avi,1,squat,deadlift,squat_back,clean_and_jerk,push_up,0.94,push_up_bodyweight_pattern,"[{""stage"": ""raw_model"", ""label"": ""squat"", ""conf"": 0.939, ""reason"": """"}, {""stage"": ""bio_model"", ""label"": ""deadlift"", ""conf"": 0.939, ""reason"": ""deadlift_hinge_pattern_detected""}, {""stage"": ""squat_router"", ""label"": ""squat_back"", ""conf"": 0.879, ""reason"": """"}, {""stage"": ""olympic_router"", ""label"": ""clean_and_jerk"", ""conf"": 0.64, ""reason"": """"}, {""stage"": ""bodyweight_router"", ""label"": ""push_up"", ""conf"": 0.94, ""reason"": """"}, {""stage"": ""final"", ""label"": ""push_up"", ""conf"": 0.86, ""reason"": ""biomechanics_override""}]"
push_up,push_up,0.86,biomechanics_override,,True,/Users/josephkamil/Desktop/Capstone/PushUps/v_PushUps_g11_c01.avi,1,squat,squat,squat_front,snatch,push_up,0.797,push_up_bodyweight_pattern,"[{""stage"": ""raw_model"", ""label"": ""squat"", ""conf"": 0.95, ""reason"": """"}, {""stage"": ""bio_model"", ""label"": ""squat"", ""conf"": 0.95, ""reason"": ""model_prediction""}, {""stage"": ""squat_router"", ""label"": ""squat_front"", ""conf"": 0.97, ""reason"": """"}, {""stage"": ""olympic_router"", ""label"": ""snatch"", ""conf"": 0.518, ""reason"": """"}, {""stage"": ""bodyweight_router"", ""label"": ""push_up"", ""conf"": 0.797, ""reason"": """"}, {""stage"": ""final"", ""label"": ""push_up"", ""conf"": 0.86, ""reason"": ""biomechanics_override""}]"
push_up,push_up,0.86,biomechanics_override,,True,/Users/josephkamil/Desktop/Capstone/PushUps/v_PushUps_g11_c02.avi,1,bench_press,bench_press,squat_back,clean_and_jerk,push_up,0.941,push_up_bodyweight_pattern,"[{""stage"": ""raw_model"", ""label"": ""bench_press"", ""conf"": 0.675, ""reason"": """"}, {""stage"": ""bio_model"", ""label"": ""bench_press"", ""conf"": 0.8, ""reason"": ""trusted_model_bench_press""}, {""stage"": ""squat_router"", ""label"": ""squat_back"", ""conf"": 0.902, ""reason"": """"}, {""stage"": ""olympic_router"", ""label"": ""clean_and_jerk"", ""conf"": 0.536, ""reason"": """"}, {""stage"": ""bodyweight_router"", ""label"": ""push_up"", ""conf"": 0.941, ""reason"": """"}, {""stage"": ""final"", ""label"": ""push_up"", ""conf"": 0.86, ""reason"": ""biomechanics_override""}]"
push_up,bench_press,0.98,biomechanics_override,,True,/Users/josephkamil/Desktop/Capstone/PushUps/v_PushUps_g11_c03.avi,1,bench_press,bench_press,squat_back,clean_and_jerk,push_up,0.716,trusted_base_bench_press,"[{""stage"": ""raw_model"", ""label"": ""bench_press"", ""conf"": 0.976, ""reason"": """"}, {""stage"": ""bio_model"", ""label"": ""bench_press"", ""conf"": 0.976, ""reason"": ""trusted_model_bench_press""}, {""stage"": ""squat_router"", ""label"": ""squat_back"", ""conf"": 0.97, ""reason"": """"}, {""stage"": ""olympic_router"", ""label"": ""clean_and_jerk"", ""conf"": 0.654, ""reason"": """"}, {""stage"": ""bodyweight_router"", ""label"": ""push_up"", ""conf"": 0.716, ""reason"": """"}, {""stage"": ""final"", ""label"": ""bench_press"", ""conf"": 0.976, ""reason"": ""biomechanics_override""}]"
push_up,push_up,0.86,biomechanics_override,,True,/Users/josephkamil/Desktop/Capstone/PushUps/v_PushUps_g11_c04.avi,1,bench_press,bench_press,squat_front,snatch,push_up,0.813,push_up_bodyweight_pattern,"[{""stage"": ""raw_model"", ""label"": ""bench_press"", ""conf"": 0.68, ""reason"": """"}, {""stage"": ""bio_model"", ""label"": ""bench_press"", ""conf"": 0.8, ""reason"": ""trusted_model_bench_press""}, {""stage"": ""squat_router"", ""label"": ""squat_front"", ""conf"": 0.97, ""reason"": """"}, {""stage"": ""olympic_router"", ""label"": ""snatch"", ""conf"": 0.51, ""reason"": """"}, {""stage"": ""bodyweight_router"", ""label"": ""push_up"", ""conf"": 0.813, ""reason"": """"}, {""stage"": ""final"", ""label"": ""push_up"", ""conf"": 0.86, ""reason"": ""biomechanics_override""}]"
push_up,push_up,0.86,biomechanics_override,,True,/Users/josephkamil/Desktop/Capstone/PushUps/v_PushUps_g12_c01.avi,1,deadlift,deadlift,squat_back,clean_and_jerk,push_up,1.0,push_up_bodyweight_pattern,"[{""stage"": ""raw_model"", ""label"": ""deadlift"", ""conf"": 0.89, ""reason"": """"}, {""stage"": ""bio_model"", ""label"": ""deadlift"", ""conf"": 0.89, ""reason"": ""deadlift_hinge_pattern_detected""}, {""stage"": ""squat_router"", ""label"": ""squat_back"", ""conf"": 0.97, ""reason"": """"}, {""stage"": ""olympic_router"", ""label"": ""clean_and_jerk"", ""conf"": 0.736, ""reason"": """"}, {""stage"": ""bodyweight_router"", ""label"": ""push_up"", ""conf"": 1.0, ""reason"": """"}, {""stage"": ""final"", ""label"": ""push_up"", ""conf"": 0.86, ""reason"": ""biomechanics_override""}]"
push_up,push_up,0.86,biomechanics_override,,True,/Users/josephkamil/Desktop/Capstone/PushUps/v_PushUps_g12_c02.avi,1,deadlift,deadlift,squat_back,clean_and_jerk,push_up,0.998,push_up_bodyweight_pattern,"[{""stage"": ""raw_model"", ""label"": ""deadlift"", ""conf"": 0.99, ""reason"": """"}, {""stage"": ""bio_model"", ""label"": ""deadlift"", ""conf"": 0.99, ""reason"": ""model_prediction""}, {""stage"": ""squat_router"", ""label"": ""squat_back"", ""conf"": 0.97, ""reason"": """"}, {""stage"": ""olympic_router"", ""label"": ""clean_and_jerk"", ""conf"": 0.548, ""reason"": """"}, {""stage"": ""bodyweight_router"", ""label"": ""push_up"", ""conf"": 0.998, ""reason"": """"}, {""stage"": ""final"", ""label"": ""push_up"", ""conf"": 0.86, ""reason"": ""biomechanics_override""}]"
push_up,push_up,0.86,biomechanics_override,,True,/Users/josephkamil/Desktop/Capstone/PushUps/v_PushUps_g12_c03.avi,1,deadlift,squat,squat_back,clean_and_jerk,push_up,0.992,push_up_bodyweight_pattern,"[{""stage"": ""raw_model"", ""label"": ""deadlift"", ""conf"": 0.955, ""reason"": """"}, {""stage"": ""bio_model"", ""label"": ""squat"", ""conf"": 0.955, ""reason"": ""squat_pattern_detected""}, {""stage"": ""squat_router"", ""label"": ""squat_back"", ""conf"": 0.97, ""reason"": """"}, {""stage"": ""olympic_router"", ""label"": ""clean_and_jerk"", ""conf"": 0.548, ""reason"": """"}, {""stage"": ""bodyweight_router"", ""label"": ""push_up"", ""conf"": 0.992, ""reason"": """"}, {""stage"": ""final"", ""label"": ""push_up"", ""conf"": 0.86, ""reason"": ""biomechanics_override""}]"
push_up,push_up,0.86,biomechanics_override,,True,/Users/josephkamil/Desktop/Capstone/PushUps/v_PushUps_g12_c04.avi,1,deadlift,deadlift,squat_back,clean_and_jerk,push_up,1.0,push_up_bodyweight_pattern,"[{""stage"": ""raw_model"", ""label"": ""deadlift"", ""conf"": 0.967, ""reason"": """"}, {""stage"": ""bio_model"", ""label"": ""deadlift"", ""conf"": 0.967, ""reason"": ""model_prediction""}, {""stage"": ""squat_router"", ""label"": ""squat_back"", ""conf"": 0.97, ""reason"": """"}, {""stage"": ""olympic_router"", ""label"": ""clean_and_jerk"", ""conf"": 0.664, ""reason"": """"}, {""stage"": ""bodyweight_router"", ""label"": ""push_up"", ""conf"": 1.0, ""reason"": """"}, {""stage"": ""final"", ""label"": ""push_up"", ""conf"": 0.86, ""reason"": ""biomechanics_override""}]"
push_up,push_up,0.86,biomechanics_override,,True,/Users/josephkamil/Desktop/Capstone/PushUps/v_PushUps_g13_c01.avi,1,deadlift,deadlift,squat_front,clean_and_jerk,push_up,1.0,push_up_bodyweight_pattern,"[{""stage"": ""raw_model"", ""label"": ""deadlift"", ""conf"": 0.999, ""reason"": """"}, {""stage"": ""bio_model"", ""label"": ""deadlift"", ""conf"": 0.999, ""reason"": ""deadlift_hinge_pattern_detected""}, {""stage"": ""squat_router"", ""label"": ""squat_front"", ""conf"": 0.75, ""reason"": """"}, {""stage"": ""olympic_router"", ""label"": ""clean_and_jerk"", ""conf"": 0.558, ""reason"": """"}, {""stage"": ""bodyweight_router"", ""label"": ""push_up"", ""conf"": 1.0, ""reason"": """"}, {""stage"": ""final"", ""label"": ""push_up"", ""conf"": 0.86, ""reason"": ""biomechanics_override""}]"
push_up,push_up,0.86,biomechanics_override,,True,/Users/josephkamil/Desktop/Capstone/PushUps/v_PushUps_g13_c02.avi,1,deadlift,deadlift,squat_front,clean_and_jerk,push_up,0.997,push_up_bodyweight_pattern,"[{""stage"": ""raw_model"", ""label"": ""deadlift"", ""conf"": 0.999, ""reason"": """"}, {""stage"": ""bio_model"", ""label"": ""deadlift"", ""conf"": 0.999, ""reason"": ""deadlift_hinge_pattern_detected""}, {""stage"": ""squat_router"", ""label"": ""squat_front"", ""conf"": 0.844, ""reason"": """"}, {""stage"": ""olympic_router"", ""label"": ""clean_and_jerk"", ""conf"": 0.774, ""reason"": """"}, {""stage"": ""bodyweight_router"", ""label"": ""push_up"", ""conf"": 0.997, ""reason"": """"}, {""stage"": ""final"", ""label"": ""push_up"", ""conf"": 0.86, ""reason"": ""biomechanics_override""}]"
push_up,push_up,0.86,biomechanics_override,,True,/Users/josephkamil/Desktop/Capstone/PushUps/v_PushUps_g13_c03.avi,1,bench_press,bench_press,squat_back,snatch,push_up,0.989,push_up_bodyweight_pattern,"[{""stage"": ""raw_model"", ""label"": ""bench_press"", ""conf"": 0.447, ""reason"": """"}, {""stage"": ""bio_model"", ""label"": ""bench_press"", ""conf"": 0.8, ""reason"": ""trusted_model_bench_press""}, {""stage"": ""squat_router"", ""label"": ""squat_back"", ""conf"": 0.937, ""reason"": """"}, {""stage"": ""olympic_router"", ""label"": ""snatch"", ""conf"": 0.588, ""reason"": """"}, {""stage"": ""bodyweight_router"", ""label"": ""push_up"", ""conf"": 0.989, ""reason"": """"}, {""stage"": ""final"", ""label"": ""push_up"", ""conf"": 0.86, ""reason"": ""biomechanics_override""}]"
push_up,push_up,0.86,biomechanics_override,,True,/Users/josephkamil/Desktop/Capstone/PushUps/v_PushUps_g13_c04.avi,1,bench_press,bench_press,squat_back,snatch,push_up,0.954,push_up_bodyweight_pattern,"[{""stage"": ""raw_model"", ""label"": ""bench_press"", ""conf"": 0.443, ""reason"": """"}, {""stage"": ""bio_model"", ""label"": ""bench_press"", ""conf"": 0.8, ""reason"": ""trusted_model_bench_press""}, {""stage"": ""squat_router"", ""label"": ""squat_back"", ""conf"": 0.97, ""reason"": """"}, {""stage"": ""olympic_router"", ""label"": ""snatch"", ""conf"": 0.732, ""reason"": """"}, {""stage"": ""bodyweight_router"", ""label"": ""push_up"", ""conf"": 0.954, ""reason"": """"}, {""stage"": ""final"", ""label"": ""push_up"", ""conf"": 0.86, ""reason"": ""biomechanics_override""}]"
push_up,squat_front,0.97,detailed_rep_analysis,,True,/Users/josephkamil/Desktop/Capstone/PushUps/v_PushUps_g14_c01.avi,2,squat,squat,squat_front,clean_and_jerk,push_up,0.981,,"[{""stage"": ""raw_model"", ""label"": ""squat"", ""conf"": 0.999, ""reason"": """"}, {""stage"": ""bio_model"", ""label"": ""squat"", ""conf"": 0.999, ""reason"": ""squat_pattern_detected""}, {""stage"": ""squat_router"", ""label"": ""squat_front"", ""conf"": 0.97, ""reason"": """"}, {""stage"": ""olympic_router"", ""label"": ""clean_and_jerk"", ""conf"": 0.644, ""reason"": """"}, {""stage"": ""bodyweight_router"", ""label"": ""push_up"", ""conf"": 0.981, ""reason"": """"}, {""stage"": ""final"", ""label"": ""squat_front"", ""conf"": 0.97, ""reason"": ""detailed_rep_analysis""}]"
push_up,push_up,0.86,biomechanics_override,,True,/Users/josephkamil/Desktop/Capstone/PushUps/v_PushUps_g14_c02.avi,1,squat,squat,squat_front,clean_and_jerk,push_up,0.764,push_up_bodyweight_pattern,"[{""stage"": ""raw_model"", ""label"": ""squat"", ""conf"": 0.508, ""reason"": """"}, {""stage"": ""bio_model"", ""label"": ""squat"", ""conf"": 0.75, ""reason"": ""squat_pattern_detected""}, {""stage"": ""squat_router"", ""label"": ""squat_front"", ""conf"": 0.97, ""reason"": """"}, {""stage"": ""olympic_router"", ""label"": ""clean_and_jerk"", ""conf"": 0.638, ""reason"": """"}, {""stage"": ""bodyweight_router"", ""label"": ""push_up"", ""conf"": 0.764, ""reason"": """"}, {""stage"": ""final"", ""label"": ""push_up"", ""conf"": 0.86, ""reason"": ""biomechanics_override""}]"
push_up,squat_front,0.97,detailed_rep_analysis,,True,/Users/josephkamil/Desktop/Capstone/PushUps/v_PushUps_g14_c03.avi,2,squat,squat,squat_front,clean_and_jerk,push_up,0.738,,"[{""stage"": ""raw_model"", ""label"": ""squat"", ""conf"": 0.84, ""reason"": """"}, {""stage"": ""bio_model"", ""label"": ""squat"", ""conf"": 0.84, ""reason"": ""squat_pattern_detected""}, {""stage"": ""squat_router"", ""label"": ""squat_front"", ""conf"": 0.97, ""reason"": """"}, {""stage"": ""olympic_router"", ""label"": ""clean_and_jerk"", ""conf"": 0.65, ""reason"": """"}, {""stage"": ""bodyweight_router"", ""label"": ""push_up"", ""conf"": 0.738, ""reason"": """"}, {""stage"": ""final"", ""label"": ""squat_front"", ""conf"": 0.97, ""reason"": ""detailed_rep_analysis""}]"
push_up,bench_press,0.8,biomechanics_override,,True,/Users/josephkamil/Desktop/Capstone/PushUps/v_PushUps_g14_c04.avi,1,squat,squat,squat_front,clean_and_jerk,push_up,0.77,bench_press_fast_press_rescue,"[{""stage"": ""raw_model"", ""label"": ""squat"", ""conf"": 0.655, ""reason"": """"}, {""stage"": ""bio_model"", ""label"": ""squat"", ""conf"": 0.75, ""reason"": ""squat_pattern_detected""}, {""stage"": ""squat_router"", ""label"": ""squat_front"", ""conf"": 0.97, ""reason"": """"}, {""stage"": ""olympic_router"", ""label"": ""clean_and_jerk"", ""conf"": 0.65, ""reason"": """"}, {""stage"": ""bodyweight_router"", ""label"": ""push_up"", ""conf"": 0.77, ""reason"": """"}, {""stage"": ""final"", ""label"": ""bench_press"", ""conf"": 0.8, ""reason"": ""biomechanics_override""}]"
push_up,push_up,0.86,biomechanics_override,,True,/Users/josephkamil/Desktop/Capstone/PushUps/v_PushUps_g15_c01.avi,1,deadlift,squat,squat_back,clean_and_jerk,push_up,0.985,push_up_bodyweight_pattern,"[{""stage"": ""raw_model"", ""label"": ""deadlift"", ""conf"": 0.995, ""reason"": """"}, {""stage"": ""bio_model"", ""label"": ""squat"", ""conf"": 0.995, ""reason"": ""squat_pattern_detected""}, {""stage"": ""squat_router"", ""label"": ""squat_back"", ""conf"": 0.97, ""reason"": """"}, {""stage"": ""olympic_router"", ""label"": ""clean_and_jerk"", ""conf"": 0.508, ""reason"": """"}, {""stage"": ""bodyweight_router"", ""label"": ""push_up"", ""conf"": 0.985, ""reason"": """"}, {""stage"": ""final"", ""label"": ""push_up"", ""conf"": 0.86, ""reason"": ""biomechanics_override""}]"
push_up,push_up,0.86,biomechanics_override,,True,/Users/josephkamil/Desktop/Capstone/PushUps/v_PushUps_g15_c02.avi,1,bench_press,bench_press,squat_front,snatch,push_up,0.981,push_up_bodyweight_pattern,"[{""stage"": ""raw_model"", ""label"": ""bench_press"", ""conf"": 1.0, ""reason"": """"}, {""stage"": ""bio_model"", ""label"": ""bench_press"", ""conf"": 1.0, ""reason"": ""trusted_model_bench_press""}, {""stage"": ""squat_router"", ""label"": ""squat_front"", ""conf"": 0.722, ""reason"": """"}, {""stage"": ""olympic_router"", ""label"": ""snatch"", ""conf"": 0.522, ""reason"": """"}, {""stage"": ""bodyweight_router"", ""label"": ""push_up"", ""conf"": 0.981, ""reason"": """"}, {""stage"": ""final"", ""label"": ""push_up"", ""conf"": 0.86, ""reason"": ""biomechanics_override""}]"
push_up,push_up,0.86,biomechanics_override,,True,/Users/josephkamil/Desktop/Capstone/PushUps/v_PushUps_g15_c03.avi,1,bench_press,bench_press,squat_front,snatch,push_up,0.995,push_up_bodyweight_pattern,"[{""stage"": ""raw_model"", ""label"": ""bench_press"", ""conf"": 0.999, ""reason"": """"}, {""stage"": ""bio_model"", ""label"": ""bench_press"", ""conf"": 0.999, ""reason"": ""trusted_model_bench_press""}, {""stage"": ""squat_router"", ""label"": ""squat_front"", ""conf"": 0.97, ""reason"": """"}, {""stage"": ""olympic_router"", ""label"": ""snatch"", ""conf"": 0.508, ""reason"": """"}, {""stage"": ""bodyweight_router"", ""label"": ""push_up"", ""conf"": 0.995, ""reason"": """"}, {""stage"": ""final"", ""label"": ""push_up"", ""conf"": 0.86, ""reason"": ""biomechanics_override""}]"
push_up,push_up,0.86,biomechanics_override,,True,/Users/josephkamil/Desktop/Capstone/PushUps/v_PushUps_g15_c04.avi,1,deadlift,squat,squat_back,clean_and_jerk,push_up,0.984,push_up_bodyweight_pattern,"[{""stage"": ""raw_model"", ""label"": ""deadlift"", ""conf"": 0.992, ""reason"": """"}, {""stage"": ""bio_model"", ""label"": ""squat"", ""conf"": 0.992, ""reason"": ""squat_pattern_detected""}, {""stage"": ""squat_router"", ""label"": ""squat_back"", ""conf"": 0.97, ""reason"": """"}, {""stage"": ""olympic_router"", ""label"": ""clean_and_jerk"", ""conf"": 0.502, ""reason"": """"}, {""stage"": ""bodyweight_router"", ""label"": ""push_up"", ""conf"": 0.984, ""reason"": """"}, {""stage"": ""final"", ""label"": ""push_up"", ""conf"": 0.86, ""reason"": ""biomechanics_override""}]"
push_up,push_up,0.86,biomechanics_override,,True,/Users/josephkamil/Desktop/Capstone/PushUps/v_PushUps_g16_c01.avi,1,bench_press,bench_press,squat_back,snatch,push_up,0.873,push_up_bodyweight_pattern,"[{""stage"": ""raw_model"", ""label"": ""bench_press"", ""conf"": 0.776, ""reason"": """"}, {""stage"": ""bio_model"", ""label"": ""bench_press"", ""conf"": 0.8, ""reason"": ""trusted_model_bench_press""}, {""stage"": ""squat_router"", ""label"": ""squat_back"", ""conf"": 0.874, ""reason"": """"}, {""stage"": ""olympic_router"", ""label"": ""snatch"", ""conf"": 0.704, ""reason"": """"}, {""stage"": ""bodyweight_router"", ""label"": ""push_up"", ""conf"": 0.873, ""reason"": """"}, {""stage"": ""final"", ""label"": ""push_up"", ""conf"": 0.86, ""reason"": ""biomechanics_override""}]"
push_up,push_up,0.86,biomechanics_override,,True,/Users/josephkamil/Desktop/Capstone/PushUps/v_PushUps_g16_c02.avi,1,squat,squat,squat_front,snatch,push_up,0.784,push_up_bodyweight_pattern,"[{""stage"": ""raw_model"", ""label"": ""squat"", ""conf"": 0.974, ""reason"": """"}, {""stage"": ""bio_model"", ""label"": ""squat"", ""conf"": 0.974, ""reason"": ""squat_pattern_detected""}, {""stage"": ""squat_router"", ""label"": ""squat_front"", ""conf"": 0.97, ""reason"": """"}, {""stage"": ""olympic_router"", ""label"": ""snatch"", ""conf"": 0.598, ""reason"": """"}, {""stage"": ""bodyweight_router"", ""label"": ""push_up"", ""conf"": 0.784, ""reason"": """"}, {""stage"": ""final"", ""label"": ""push_up"", ""conf"": 0.86, ""reason"": ""biomechanics_override""}]"
push_up,push_up,0.86,biomechanics_override,,True,/Users/josephkamil/Desktop/Capstone/PushUps/v_PushUps_g16_c03.avi,1,squat,squat,squat_front,clean_and_jerk,push_up,0.752,push_up_bodyweight_pattern,"[{""stage"": ""raw_model"", ""label"": ""squat"", ""conf"": 0.371, ""reason"": """"}, {""stage"": ""bio_model"", ""label"": ""squat"", ""conf"": 0.75, ""reason"": ""squat_pattern_detected""}, {""stage"": ""squat_router"", ""label"": ""squat_front"", ""conf"": 0.9, ""reason"": """"}, {""stage"": ""olympic_router"", ""label"": ""clean_and_jerk"", ""conf"": 0.502, ""reason"": """"}, {""stage"": ""bodyweight_router"", ""label"": ""push_up"", ""conf"": 0.752, ""reason"": """"}, {""stage"": ""final"", ""label"": ""push_up"", ""conf"": 0.86, ""reason"": ""biomechanics_override""}]"
push_up,push_up,0.86,biomechanics_override,,True,/Users/josephkamil/Desktop/Capstone/PushUps/v_PushUps_g16_c04.avi,1,squat,squat,squat_front,snatch,push_up,0.743,push_up_bodyweight_pattern,"[{""stage"": ""raw_model"", ""label"": ""squat"", ""conf"": 0.522, ""reason"": """"}, {""stage"": ""bio_model"", ""label"": ""squat"", ""conf"": 0.75, ""reason"": ""squat_pattern_detected""}, {""stage"": ""squat_router"", ""label"": ""squat_front"", ""conf"": 0.97, ""reason"": """"}, {""stage"": ""olympic_router"", ""label"": ""snatch"", ""conf"": 0.616, ""reason"": """"}, {""stage"": ""bodyweight_router"", ""label"": ""push_up"", ""conf"": 0.743, ""reason"": """"}, {""stage"": ""final"", ""label"": ""push_up"", ""conf"": 0.86, ""reason"": ""biomechanics_override""}]"
push_up,push_up,0.86,biomechanics_override,,True,/Users/josephkamil/Desktop/Capstone/PushUps/v_PushUps_g17_c01.avi,1,deadlift,bench_press,squat_back,,push_up,1.0,push_up_bodyweight_pattern,"[{""stage"": ""raw_model"", ""label"": ""deadlift"", ""conf"": 0.996, ""reason"": """"}, {""stage"": ""bio_model"", ""label"": ""bench_press"", ""conf"": 0.996, ""reason"": ""bench_pattern_detected""}, {""stage"": ""squat_router"", ""label"": ""squat_back"", ""conf"": 0.97, ""reason"": """"}, {""stage"": ""olympic_router"", ""label"": """", ""conf"": 0.0, ""reason"": """"}, {""stage"": ""bodyweight_router"", ""label"": ""push_up"", ""conf"": 1.0, ""reason"": """"}, {""stage"": ""final"", ""label"": ""push_up"", ""conf"": 0.86, ""reason"": ""biomechanics_override""}]"
push_up,push_up,0.86,biomechanics_override,,True,/Users/josephkamil/Desktop/Capstone/PushUps/v_PushUps_g17_c02.avi,1,deadlift,bench_press,squat_back,,push_up,1.0,push_up_bodyweight_pattern,"[{""stage"": ""raw_model"", ""label"": ""deadlift"", ""conf"": 0.997, ""reason"": """"}, {""stage"": ""bio_model"", ""label"": ""bench_press"", ""conf"": 0.997, ""reason"": ""bench_pattern_detected""}, {""stage"": ""squat_router"", ""label"": ""squat_back"", ""conf"": 0.979, ""reason"": """"}, {""stage"": ""olympic_router"", ""label"": """", ""conf"": 0.0, ""reason"": """"}, {""stage"": ""bodyweight_router"", ""label"": ""push_up"", ""conf"": 1.0, ""reason"": """"}, {""stage"": ""final"", ""label"": ""push_up"", ""conf"": 0.86, ""reason"": ""biomechanics_override""}]"
push_up,,,error,curl_failed_28,False,/Users/josephkamil/Desktop/Capstone/PushUps/v_PushUps_g17_c03.avi,0,,,,,,,,[]
push_up,push_up,0.86,biomechanics_override,,True,/Users/josephkamil/Desktop/Capstone/PushUps/v_PushUps_g17_c04.avi,1,deadlift,bench_press,squat_front,,push_up,1.0,push_up_bodyweight_pattern,"[{""stage"": ""raw_model"", ""label"": ""deadlift"", ""conf"": 0.975, ""reason"": """"}, {""stage"": ""bio_model"", ""label"": ""bench_press"", ""conf"": 0.975, ""reason"": ""bench_pattern_detected""}, {""stage"": ""squat_router"", ""label"": ""squat_front"", ""conf"": 0.97, ""reason"": """"}, {""stage"": ""olympic_router"", ""label"": """", ""conf"": 0.0, ""reason"": """"}, {""stage"": ""bodyweight_router"", ""label"": ""push_up"", ""conf"": 1.0, ""reason"": """"}, {""stage"": ""final"", ""label"": ""push_up"", ""conf"": 0.86, ""reason"": ""biomechanics_override""}]"
push_up,,,error,curl_failed_28,False,/Users/josephkamil/Desktop/Capstone/PushUps/v_PushUps_g18_c01.avi,0,,,,,,,,[]
push_up,bench_press,0.8,biomechanics_override,,True,/Users/josephkamil/Desktop/Capstone/PushUps/v_PushUps_g18_c02.avi,1,bench_press,bench_press,squat_back,snatch,push_up,0.939,trusted_base_bench_press,"[{""stage"": ""raw_model"", ""label"": ""bench_press"", ""conf"": 0.405, ""reason"": """"}, {""stage"": ""bio_model"", ""label"": ""bench_press"", ""conf"": 0.8, ""reason"": ""trusted_model_bench_press""}, {""stage"": ""squat_router"", ""label"": ""squat_back"", ""conf"": 0.97, ""reason"": """"}, {""stage"": ""olympic_router"", ""label"": ""snatch"", ""conf"": 0.51, ""reason"": """"}, {""stage"": ""bodyweight_router"", ""label"": ""push_up"", ""conf"": 0.939, ""reason"": """"}, {""stage"": ""final"", ""label"": ""bench_press"", ""conf"": 0.8, ""reason"": ""biomechanics_override""}]"
push_up,,,error,curl_failed_28,False,/Users/josephkamil/Desktop/Capstone/PushUps/v_PushUps_g18_c03.avi,0,,,,,,,,[]
push_up,bench_press,0.8,biomechanics_override,,True,/Users/josephkamil/Desktop/Capstone/PushUps/v_PushUps_g18_c04.avi,1,bench_press,bench_press,squat_back,snatch,push_up,0.919,trusted_base_bench_press,"[{""stage"": ""raw_model"", ""label"": ""bench_press"", ""conf"": 0.475, ""reason"": """"}, {""stage"": ""bio_model"", ""label"": ""bench_press"", ""conf"": 0.8, ""reason"": ""trusted_model_bench_press""}, {""stage"": ""squat_router"", ""label"": ""squat_back"", ""conf"": 0.97, ""reason"": """"}, {""stage"": ""olympic_router"", ""label"": ""snatch"", ""conf"": 0.53, ""reason"": """"}, {""stage"": ""bodyweight_router"", ""label"": ""push_up"", ""conf"": 0.919, ""reason"": """"}, {""stage"": ""final"", ""label"": ""bench_press"", ""conf"": 0.8, ""reason"": ""biomechanics_override""}]"
push_up,push_up,0.86,biomechanics_override,,True,/Users/josephkamil/Desktop/Capstone/PushUps/v_PushUps_g19_c01.avi,1,squat,bench_press,squat_back,,push_up,1.0,push_up_bodyweight_pattern,"[{""stage"": ""raw_model"", ""label"": ""squat"", ""conf"": 1.0, ""reason"": """"}, {""stage"": ""bio_model"", ""label"": ""bench_press"", ""conf"": 1.0, ""reason"": ""bench_pattern_detected""}, {""stage"": ""squat_router"", ""label"": ""squat_back"", ""conf"": 0.97, ""reason"": """"}, {""stage"": ""olympic_router"", ""label"": """", ""conf"": 0.0, ""reason"": """"}, {""stage"": ""bodyweight_router"", ""label"": ""push_up"", ""conf"": 1.0, ""reason"": """"}, {""stage"": ""final"", ""label"": ""push_up"", ""conf"": 0.86, ""reason"": ""biomechanics_override""}]"
push_up,push_up,0.86,biomechanics_override,,True,/Users/josephkamil/Desktop/Capstone/PushUps/v_PushUps_g19_c02.avi,1,squat,bench_press,squat_back,clean_and_jerk,push_up,1.0,push_up_bodyweight_pattern,"[{""stage"": ""raw_model"", ""label"": ""squat"", ""conf"": 1.0, ""reason"": """"}, {""stage"": ""bio_model"", ""label"": ""bench_press"", ""conf"": 1.0, ""reason"": ""bench_pattern_detected""}, {""stage"": ""squat_router"", ""label"": ""squat_back"", ""conf"": 0.97, ""reason"": """"}, {""stage"": ""olympic_router"", ""label"": ""clean_and_jerk"", ""conf"": 0.82, ""reason"": """"}, {""stage"": ""bodyweight_router"", ""label"": ""push_up"", ""conf"": 1.0, ""reason"": """"}, {""stage"": ""final"", ""label"": ""push_up"", ""conf"": 0.86, ""reason"": ""biomechanics_override""}]"
push_up,push_up,0.86,biomechanics_override,,True,/Users/josephkamil/Desktop/Capstone/PushUps/v_PushUps_g19_c03.avi,1,squat,squat,squat_back,clean_and_jerk,push_up,1.0,push_up_bodyweight_pattern,"[{""stage"": ""raw_model"", ""label"": ""squat"", ""conf"": 1.0, ""reason"": """"}, {""stage"": ""bio_model"", ""label"": ""squat"", ""conf"": 1.0, ""reason"": ""model_prediction""}, {""stage"": ""squat_router"", ""label"": ""squat_back"", ""conf"": 0.97, ""reason"": """"}, {""stage"": ""olympic_router"", ""label"": ""clean_and_jerk"", ""conf"": 0.794, ""reason"": """"}, {""stage"": ""bodyweight_router"", ""label"": ""push_up"", ""conf"": 1.0, ""reason"": """"}, {""stage"": ""final"", ""label"": ""push_up"", ""conf"": 0.86, ""reason"": ""biomechanics_override""}]"
push_up,push_up,0.86,biomechanics_override,,True,/Users/josephkamil/Desktop/Capstone/PushUps/v_PushUps_g19_c04.avi,1,squat,bench_press,squat_back,,push_up,1.0,push_up_bodyweight_pattern,"[{""stage"": ""raw_model"", ""label"": ""squat"", ""conf"": 1.0, ""reason"": """"}, {""stage"": ""bio_model"", ""label"": ""bench_press"", ""conf"": 1.0, ""reason"": ""bench_pattern_detected""}, {""stage"": ""squat_router"", ""label"": ""squat_back"", ""conf"": 0.97, ""reason"": """"}, {""stage"": ""olympic_router"", ""label"": """", ""conf"": 0.0, ""reason"": """"}, {""stage"": ""bodyweight_router"", ""label"": ""push_up"", ""conf"": 1.0, ""reason"": """"}, {""stage"": ""final"", ""label"": ""push_up"", ""conf"": 0.86, ""reason"": ""biomechanics_override""}]"
push_up,push_up,0.86,biomechanics_override,,True,/Users/josephkamil/Desktop/Capstone/PushUps/v_PushUps_g20_c01.avi,1,squat,squat,squat_back,snatch,push_up,0.92,push_up_bodyweight_pattern,"[{""stage"": ""raw_model"", ""label"": ""squat"", ""conf"": 0.602, ""reason"": """"}, {""stage"": ""bio_model"", ""label"": ""squat"", ""conf"": 0.75, ""reason"": ""squat_pattern_detected""}, {""stage"": ""squat_router"", ""label"": ""squat_back"", ""conf"": 0.97, ""reason"": """"}, {""stage"": ""olympic_router"", ""label"": ""snatch"", ""conf"": 0.644, ""reason"": """"}, {""stage"": ""bodyweight_router"", ""label"": ""push_up"", ""conf"": 0.92, ""reason"": """"}, {""stage"": ""final"", ""label"": ""push_up"", ""conf"": 0.86, ""reason"": ""biomechanics_override""}]"
push_up,push_up,0.86,biomechanics_override,,True,/Users/josephkamil/Desktop/Capstone/PushUps/v_PushUps_g20_c02.avi,1,deadlift,deadlift,squat_front,clean_and_jerk,push_up,0.882,push_up_bodyweight_pattern,"[{""stage"": ""raw_model"", ""label"": ""deadlift"", ""conf"": 0.933, ""reason"": """"}, {""stage"": ""bio_model"", ""label"": ""deadlift"", ""conf"": 0.933, ""reason"": ""model_prediction""}, {""stage"": ""squat_router"", ""label"": ""squat_front"", ""conf"": 0.97, ""reason"": """"}, {""stage"": ""olympic_router"", ""label"": ""clean_and_jerk"", ""conf"": 0.564, ""reason"": """"}, {""stage"": ""bodyweight_router"", ""label"": ""push_up"", ""conf"": 0.882, ""reason"": """"}, {""stage"": ""final"", ""label"": ""push_up"", ""conf"": 0.86, ""reason"": ""biomechanics_override""}]"
push_up,,,error,curl_failed_28,False,/Users/josephkamil/Desktop/Capstone/PushUps/v_PushUps_g20_c03.avi,0,,,,,,,,[]
push_up,push_up,0.86,biomechanics_override,,True,/Users/josephkamil/Desktop/Capstone/PushUps/v_PushUps_g20_c04.avi,1,deadlift,deadlift,squat_back,clean_and_jerk,push_up,0.872,push_up_bodyweight_pattern,"[{""stage"": ""raw_model"", ""label"": ""deadlift"", ""conf"": 0.98, ""reason"": """"}, {""stage"": ""bio_model"", ""label"": ""deadlift"", ""conf"": 0.98, ""reason"": ""model_prediction""}, {""stage"": ""squat_router"", ""label"": ""squat_back"", ""conf"": 0.958, ""reason"": """"}, {""stage"": ""olympic_router"", ""label"": ""clean_and_jerk"", ""conf"": 0.664, ""reason"": """"}, {""stage"": ""bodyweight_router"", ""label"": ""push_up"", ""conf"": 0.872, ""reason"": """"}, {""stage"": ""final"", ""label"": ""push_up"", ""conf"": 0.86, ""reason"": ""biomechanics_override""}]"
push_up,squat_back,0.97,detailed_rep_analysis,,True,/Users/josephkamil/Desktop/Capstone/PushUps/v_PushUps_g21_c01.avi,1,squat_front,squat_front,squat_back,,push_up,0.791,,"[{""stage"": ""raw_model"", ""label"": ""squat_front"", ""conf"": 0.664, ""reason"": """"}, {""stage"": ""bio_model"", ""label"": ""squat_front"", ""conf"": 0.664, ""reason"": ""model_prediction""}, {""stage"": ""squat_router"", ""label"": ""squat_back"", ""conf"": 0.97, ""reason"": """"}, {""stage"": ""olympic_router"", ""label"": """", ""conf"": 0.0, ""reason"": """"}, {""stage"": ""bodyweight_router"", ""label"": ""push_up"", ""conf"": 0.791, ""reason"": """"}, {""stage"": ""final"", ""label"": ""squat_back"", ""conf"": 0.97, ""reason"": ""detailed_rep_analysis""}]"
push_up,push_up,0.86,biomechanics_override,,True,/Users/josephkamil/Desktop/Capstone/PushUps/v_PushUps_g21_c02.avi,1,squat_front,squat_front,squat_back,,push_up,0.986,push_up_bodyweight_pattern,"[{""stage"": ""raw_model"", ""label"": ""squat_front"", ""conf"": 0.652, ""reason"": """"}, {""stage"": ""bio_model"", ""label"": ""squat_front"", ""conf"": 0.652, ""reason"": ""model_prediction""}, {""stage"": ""squat_router"", ""label"": ""squat_back"", ""conf"": 0.97, ""reason"": """"}, {""stage"": ""olympic_router"", ""label"": """", ""conf"": 0.0, ""reason"": """"}, {""stage"": ""bodyweight_router"", ""label"": ""push_up"", ""conf"": 0.986, ""reason"": """"}, {""stage"": ""final"", ""label"": ""push_up"", ""conf"": 0.86, ""reason"": ""biomechanics_override""}]"
push_up,push_up,0.86,biomechanics_override,,True,/Users/josephkamil/Desktop/Capstone/PushUps/v_PushUps_g21_c03.avi,1,bench_press,bench_press,squat_back,,push_up,0.951,push_up_bodyweight_pattern,"[{""stage"": ""raw_model"", ""label"": ""bench_press"", ""conf"": 0.723, ""reason"": """"}, {""stage"": ""bio_model"", ""label"": ""bench_press"", ""conf"": 0.8, ""reason"": ""trusted_model_bench_press""}, {""stage"": ""squat_router"", ""label"": ""squat_back"", ""conf"": 0.97, ""reason"": """"}, {""stage"": ""olympic_router"", ""label"": """", ""conf"": 0.0, ""reason"": """"}, {""stage"": ""bodyweight_router"", ""label"": ""push_up"", ""conf"": 0.951, ""reason"": """"}, {""stage"": ""final"", ""label"": ""push_up"", ""conf"": 0.86, ""reason"": ""biomechanics_override""}]"
push_up,push_up,0.86,biomechanics_override,,True,/Users/josephkamil/Desktop/Capstone/PushUps/v_PushUps_g21_c04.avi,1,deadlift,deadlift,squat_back,,push_up,0.886,push_up_bodyweight_pattern,"[{""stage"": ""raw_model"", ""label"": ""deadlift"", ""conf"": 0.971, ""reason"": """"}, {""stage"": ""bio_model"", ""label"": ""deadlift"", ""conf"": 0.971, ""reason"": ""model_prediction""}, {""stage"": ""squat_router"", ""label"": ""squat_back"", ""conf"": 0.97, ""reason"": """"}, {""stage"": ""olympic_router"", ""label"": """", ""conf"": 0.0, ""reason"": """"}, {""stage"": ""bodyweight_router"", ""label"": ""push_up"", ""conf"": 0.886, ""reason"": """"}, {""stage"": ""final"", ""label"": ""push_up"", ""conf"": 0.86, ""reason"": ""biomechanics_override""}]"
push_up,push_up,0.86,biomechanics_override,,True,/Users/josephkamil/Desktop/Capstone/PushUps/v_PushUps_g22_c01.avi,1,deadlift,bench_press,squat_back,,push_up,0.975,push_up_bodyweight_pattern,"[{""stage"": ""raw_model"", ""label"": ""deadlift"", ""conf"": 0.985, ""reason"": """"}, {""stage"": ""bio_model"", ""label"": ""bench_press"", ""conf"": 0.985, ""reason"": ""bench_pattern_detected""}, {""stage"": ""squat_router"", ""label"": ""squat_back"", ""conf"": 0.97, ""reason"": """"}, {""stage"": ""olympic_router"", ""label"": """", ""conf"": 0.0, ""reason"": """"}, {""stage"": ""bodyweight_router"", ""label"": ""push_up"", ""conf"": 0.975, ""reason"": """"}, {""stage"": ""final"", ""label"": ""push_up"", ""conf"": 0.86, ""reason"": ""biomechanics_override""}]"
push_up,clean_and_jerk,0.74,router_v5,,True,/Users/josephkamil/Desktop/Capstone/PushUps/v_PushUps_g22_c02.avi,1,deadlift,deadlift,squat_back,clean_and_jerk,push_up,0.971,,"[{""stage"": ""raw_model"", ""label"": ""deadlift"", ""conf"": 0.997, ""reason"": """"}, {""stage"": ""bio_model"", ""label"": ""deadlift"", ""conf"": 0.997, ""reason"": ""model_prediction""}, {""stage"": ""squat_router"", ""label"": ""squat_back"", ""conf"": 0.97, ""reason"": """"}, {""stage"": ""olympic_router"", ""label"": ""clean_and_jerk"", ""conf"": 0.74, ""reason"": """"}, {""stage"": ""bodyweight_router"", ""label"": ""push_up"", ""conf"": 0.971, ""reason"": """"}, {""stage"": ""final"", ""label"": ""clean_and_jerk"", ""conf"": 0.74, ""reason"": ""router_v5""}]"
push_up,bench_press,0.8,biomechanics_override,,True,/Users/josephkamil/Desktop/Capstone/PushUps/v_PushUps_g22_c03.avi,1,deadlift,squat,squat_front,clean_and_jerk,push_up,0.789,bench_press_fast_press_rescue,"[{""stage"": ""raw_model"", ""label"": ""deadlift"", ""conf"": 0.79, ""reason"": """"}, {""stage"": ""bio_model"", ""label"": ""squat"", ""conf"": 0.79, ""reason"": ""squat_pattern_detected""}, {""stage"": ""squat_router"", ""label"": ""squat_front"", ""conf"": 0.97, ""reason"": """"}, {""stage"": ""olympic_router"", ""label"": ""clean_and_jerk"", ""conf"": 0.512, ""reason"": """"}, {""stage"": ""bodyweight_router"", ""label"": ""push_up"", ""conf"": 0.789, ""reason"": """"}, {""stage"": ""final"", ""label"": ""bench_press"", ""conf"": 0.8, ""reason"": ""biomechanics_override""}]"
push_up,snatch,0.71,router_v5,,True,/Users/josephkamil/Desktop/Capstone/PushUps/v_PushUps_g22_c04.avi,1,deadlift,squat,squat_back,snatch,push_up,0.95,,"[{""stage"": ""raw_model"", ""label"": ""deadlift"", ""conf"": 0.736, ""reason"": """"}, {""stage"": ""bio_model"", ""label"": ""squat"", ""conf"": 0.75, ""reason"": ""squat_pattern_detected""}, {""stage"": ""squat_router"", ""label"": ""squat_back"", ""conf"": 0.97, ""reason"": """"}, {""stage"": ""olympic_router"", ""label"": ""snatch"", ""conf"": 0.714, ""reason"": """"}, {""stage"": ""bodyweight_router"", ""label"": ""push_up"", ""conf"": 0.95, ""reason"": """"}, {""stage"": ""final"", ""label"": ""snatch"", ""conf"": 0.714, ""reason"": ""router_v5""}]"
push_up,push_up,0.86,biomechanics_override,,True,/Users/josephkamil/Desktop/Capstone/PushUps/v_PushUps_g23_c01.avi,1,squat,deadlift,squat_back,clean_and_jerk,push_up,0.992,push_up_bodyweight_pattern,"[{""stage"": ""raw_model"", ""label"": ""squat"", ""conf"": 0.995, ""reason"": """"}, {""stage"": ""bio_model"", ""label"": ""deadlift"", ""conf"": 0.995, ""reason"": ""deadlift_hinge_pattern_detected""}, {""stage"": ""squat_router"", ""label"": ""squat_back"", ""conf"": 0.97, ""reason"": """"}, {""stage"": ""olympic_router"", ""label"": ""clean_and_jerk"", ""conf"": 0.698, ""reason"": """"}, {""stage"": ""bodyweight_router"", ""label"": ""push_up"", ""conf"": 0.992, ""reason"": """"}, {""stage"": ""final"", ""label"": ""push_up"", ""conf"": 0.86, ""reason"": ""biomechanics_override""}]"
push_up,push_up,0.86,biomechanics_override,,True,/Users/josephkamil/Desktop/Capstone/PushUps/v_PushUps_g23_c02.avi,1,squat,squat,squat_back,clean_and_jerk,push_up,0.99,push_up_bodyweight_pattern,"[{""stage"": ""raw_model"", ""label"": ""squat"", ""conf"": 0.982, ""reason"": """"}, {""stage"": ""bio_model"", ""label"": ""squat"", ""conf"": 0.982, ""reason"": ""squat_pattern_detected""}, {""stage"": ""squat_router"", ""label"": ""squat_back"", ""conf"": 0.75, ""reason"": """"}, {""stage"": ""olympic_router"", ""label"": ""clean_and_jerk"", ""conf"": 0.578, ""reason"": """"}, {""stage"": ""bodyweight_router"", ""label"": ""push_up"", ""conf"": 0.99, ""reason"": """"}, {""stage"": ""final"", ""label"": ""push_up"", ""conf"": 0.86, ""reason"": ""biomechanics_override""}]"
push_up,push_up,0.86,biomechanics_override,,True,/Users/josephkamil/Desktop/Capstone/PushUps/v_PushUps_g23_c03.avi,1,squat,deadlift,squat_back,clean_and_jerk,push_up,0.987,push_up_bodyweight_pattern,"[{""stage"": ""raw_model"", ""label"": ""squat"", ""conf"": 0.988, ""reason"": """"}, {""stage"": ""bio_model"", ""label"": ""deadlift"", ""conf"": 0.988, ""reason"": ""deadlift_hinge_pattern_detected""}, {""stage"": ""squat_router"", ""label"": ""squat_back"", ""conf"": 0.97, ""reason"": """"}, {""stage"": ""olympic_router"", ""label"": ""clean_and_jerk"", ""conf"": 0.608, ""reason"": """"}, {""stage"": ""bodyweight_router"", ""label"": ""push_up"", ""conf"": 0.987, ""reason"": """"}, {""stage"": ""final"", ""label"": ""push_up"", ""conf"": 0.86, ""reason"": ""biomechanics_override""}]"
push_up,push_up,0.86,biomechanics_override,,True,/Users/josephkamil/Desktop/Capstone/PushUps/v_PushUps_g23_c04.avi,1,squat,deadlift,squat_back,clean_and_jerk,push_up,0.997,push_up_bodyweight_pattern,"[{""stage"": ""raw_model"", ""label"": ""squat"", ""conf"": 0.996, ""reason"": """"}, {""stage"": ""bio_model"", ""label"": ""deadlift"", ""conf"": 0.996, ""reason"": ""deadlift_hinge_pattern_detected""}, {""stage"": ""squat_router"", ""label"": ""squat_back"", ""conf"": 0.97, ""reason"": """"}, {""stage"": ""olympic_router"", ""label"": ""clean_and_jerk"", ""conf"": 0.732, ""reason"": """"}, {""stage"": ""bodyweight_router"", ""label"": ""push_up"", ""conf"": 0.997, ""reason"": """"}, {""stage"": ""final"", ""label"": ""push_up"", ""conf"": 0.86, ""reason"": ""biomechanics_override""}]"
push_up,push_up,0.86,biomechanics_override,,True,/Users/josephkamil/Desktop/Capstone/PushUps/v_PushUps_g24_c01.avi,1,squat,bench_press,squat_front,,push_up,0.998,push_up_bodyweight_pattern,"[{""stage"": ""raw_model"", ""label"": ""squat"", ""conf"": 1.0, ""reason"": """"}, {""stage"": ""bio_model"", ""label"": ""bench_press"", ""conf"": 1.0, ""reason"": ""bench_pattern_detected""}, {""stage"": ""squat_router"", ""label"": ""squat_front"", ""conf"": 0.9, ""reason"": """"}, {""stage"": ""olympic_router"", ""label"": """", ""conf"": 0.0, ""reason"": """"}, {""stage"": ""bodyweight_router"", ""label"": ""push_up"", ""conf"": 0.998, ""reason"": """"}, {""stage"": ""final"", ""label"": ""push_up"", ""conf"": 0.86, ""reason"": ""biomechanics_override""}]"
push_up,push_up,0.86,biomechanics_override,,True,/Users/josephkamil/Desktop/Capstone/PushUps/v_PushUps_g24_c02.avi,1,squat,bench_press,squat_back,,push_up,0.996,push_up_bodyweight_pattern,"[{""stage"": ""raw_model"", ""label"": ""squat"", ""conf"": 1.0, ""reason"": """"}, {""stage"": ""bio_model"", ""label"": ""bench_press"", ""conf"": 1.0, ""reason"": ""bench_pattern_detected""}, {""stage"": ""squat_router"", ""label"": ""squat_back"", ""conf"": 0.97, ""reason"": """"}, {""stage"": ""olympic_router"", ""label"": """", ""conf"": 0.0, ""reason"": """"}, {""stage"": ""bodyweight_router"", ""label"": ""push_up"", ""conf"": 0.996, ""reason"": """"}, {""stage"": ""final"", ""label"": ""push_up"", ""conf"": 0.86, ""reason"": ""biomechanics_override""}]"
push_up,push_up,0.86,biomechanics_override,,True,/Users/josephkamil/Desktop/Capstone/PushUps/v_PushUps_g24_c03.avi,1,squat,bench_press,squat_back,,push_up,0.998,push_up_bodyweight_pattern,"[{""stage"": ""raw_model"", ""label"": ""squat"", ""conf"": 1.0, ""reason"": """"}, {""stage"": ""bio_model"", ""label"": ""bench_press"", ""conf"": 1.0, ""reason"": ""bench_pattern_detected""}, {""stage"": ""squat_router"", ""label"": ""squat_back"", ""conf"": 0.97, ""reason"": """"}, {""stage"": ""olympic_router"", ""label"": """", ""conf"": 0.0, ""reason"": """"}, {""stage"": ""bodyweight_router"", ""label"": ""push_up"", ""conf"": 0.998, ""reason"": """"}, {""stage"": ""final"", ""label"": ""push_up"", ""conf"": 0.86, ""reason"": ""biomechanics_override""}]"
push_up,push_up,0.86,biomechanics_override,,True,/Users/josephkamil/Desktop/Capstone/PushUps/v_PushUps_g24_c04.avi,1,squat,bench_press,squat_front,,push_up,1.0,push_up_bodyweight_pattern,"[{""stage"": ""raw_model"", ""label"": ""squat"", ""conf"": 1.0, ""reason"": """"}, {""stage"": ""bio_model"", ""label"": ""bench_press"", ""conf"": 1.0, ""reason"": ""bench_pattern_detected""}, {""stage"": ""squat_router"", ""label"": ""squat_front"", ""conf"": 0.9, ""reason"": """"}, {""stage"": ""olympic_router"", ""label"": """", ""conf"": 0.0, ""reason"": """"}, {""stage"": ""bodyweight_router"", ""label"": ""push_up"", ""conf"": 1.0, ""reason"": """"}, {""stage"": ""final"", ""label"": ""push_up"", ""conf"": 0.86, ""reason"": ""biomechanics_override""}]"
push_up,push_up,0.86,biomechanics_override,,True,/Users/josephkamil/Desktop/Capstone/PushUps/v_PushUps_g25_c01.avi,1,squat,bench_press,squat_front,,push_up,0.934,push_up_bodyweight_pattern,"[{""stage"": ""raw_model"", ""label"": ""squat"", ""conf"": 1.0, ""reason"": """"}, {""stage"": ""bio_model"", ""label"": ""bench_press"", ""conf"": 1.0, ""reason"": ""bench_pattern_detected""}, {""stage"": ""squat_router"", ""label"": ""squat_front"", ""conf"": 0.97, ""reason"": """"}, {""stage"": ""olympic_router"", ""label"": """", ""conf"": 0.0, ""reason"": """"}, {""stage"": ""bodyweight_router"", ""label"": ""push_up"", ""conf"": 0.934, ""reason"": """"}, {""stage"": ""final"", ""label"": ""push_up"", ""conf"": 0.86, ""reason"": ""biomechanics_override""}]"
push_up,push_up,0.86,biomechanics_override,,True,/Users/josephkamil/Desktop/Capstone/PushUps/v_PushUps_g25_c02.avi,1,squat,bench_press,squat_front,,push_up,0.991,push_up_bodyweight_pattern,"[{""stage"": ""raw_model"", ""label"": ""squat"", ""conf"": 1.0, ""reason"": """"}, {""stage"": ""bio_model"", ""label"": ""bench_press"", ""conf"": 1.0, ""reason"": ""bench_pattern_detected""}, {""stage"": ""squat_router"", ""label"": ""squat_front"", ""conf"": 0.97, ""reason"": """"}, {""stage"": ""olympic_router"", ""label"": """", ""conf"": 0.0, ""reason"": """"}, {""stage"": ""bodyweight_router"", ""label"": ""push_up"", ""conf"": 0.991, ""reason"": """"}, {""stage"": ""final"", ""label"": ""push_up"", ""conf"": 0.86, ""reason"": ""biomechanics_override""}]"
push_up,push_up,0.86,biomechanics_override,,True,/Users/josephkamil/Desktop/Capstone/PushUps/v_PushUps_g25_c03.avi,1,squat,bench_press,squat_front,,push_up,0.956,push_up_bodyweight_pattern,"[{""stage"": ""raw_model"", ""label"": ""squat"", ""conf"": 1.0, ""reason"": """"}, {""stage"": ""bio_model"", ""label"": ""bench_press"", ""conf"": 1.0, ""reason"": ""bench_pattern_detected""}, {""stage"": ""squat_router"", ""label"": ""squat_front"", ""conf"": 0.97, ""reason"": """"}, {""stage"": ""olympic_router"", ""label"": """", ""conf"": 0.0, ""reason"": """"}, {""stage"": ""bodyweight_router"", ""label"": ""push_up"", ""conf"": 0.956, ""reason"": """"}, {""stage"": ""final"", ""label"": ""push_up"", ""conf"": 0.86, ""reason"": ""biomechanics_override""}]"
push_up,push_up,0.86,biomechanics_override,,True,/Users/josephkamil/Desktop/Capstone/PushUps/v_PushUps_g25_c04.avi,1,squat,bench_press,squat_front,clean_and_jerk,push_up,0.975,push_up_bodyweight_pattern,"[{""stage"": ""raw_model"", ""label"": ""squat"", ""conf"": 1.0, ""reason"": """"}, {""stage"": ""bio_model"", ""label"": ""bench_press"", ""conf"": 1.0, ""reason"": ""bench_pattern_detected""}, {""stage"": ""squat_router"", ""label"": ""squat_front"", ""conf"": 0.97, ""reason"": """"}, {""stage"": ""olympic_router"", ""label"": ""clean_and_jerk"", ""conf"": 0.844, ""reason"": """"}, {""stage"": ""bodyweight_router"", ""label"": ""push_up"", ""conf"": 0.975, ""reason"": """"}, {""stage"": ""final"", ""label"": ""push_up"", ""conf"": 0.86, ""reason"": ""biomechanics_override""}]"
push_up,push_up,0.86,biomechanics_override,,True,/Users/josephkamil/Desktop/Capstone/push-up/push-up_1.mp4,1,deadlift,deadlift,squat_back,,push_up,0.998,push_up_bodyweight_pattern,"[{""stage"": ""raw_model"", ""label"": ""deadlift"", ""conf"": 0.998, ""reason"": """"}, {""stage"": ""bio_model"", ""label"": ""deadlift"", ""conf"": 0.998, ""reason"": ""deadlift_hinge_pattern_detected""}, {""stage"": ""squat_router"", ""label"": ""squat_back"", ""conf"": 0.97, ""reason"": """"}, {""stage"": ""olympic_router"", ""label"": """", ""conf"": 0.0, ""reason"": """"}, {""stage"": ""bodyweight_router"", ""label"": ""push_up"", ""conf"": 0.998, ""reason"": """"}, {""stage"": ""final"", ""label"": ""push_up"", ""conf"": 0.86, ""reason"": ""biomechanics_override""}]"
push_up,push_up,0.86,biomechanics_override,,True,/Users/josephkamil/Desktop/Capstone/push-up/push-up_10.mp4,1,deadlift,squat,squat_back,snatch,push_up,0.862,push_up_bodyweight_pattern,"[{""stage"": ""raw_model"", ""label"": ""deadlift"", ""conf"": 0.996, ""reason"": """"}, {""stage"": ""bio_model"", ""label"": ""squat"", ""conf"": 0.996, ""reason"": ""squat_pattern_detected""}, {""stage"": ""squat_router"", ""label"": ""squat_back"", ""conf"": 0.97, ""reason"": """"}, {""stage"": ""olympic_router"", ""label"": ""snatch"", ""conf"": 0.578, ""reason"": """"}, {""stage"": ""bodyweight_router"", ""label"": ""push_up"", ""conf"": 0.862, ""reason"": """"}, {""stage"": ""final"", ""label"": ""push_up"", ""conf"": 0.86, ""reason"": ""biomechanics_override""}]"
push_up,push_up,0.86,biomechanics_override,,True,/Users/josephkamil/Desktop/Capstone/push-up/push-up_11.mp4,1,deadlift,squat,squat_back,snatch,push_up,0.882,push_up_bodyweight_pattern,"[{""stage"": ""raw_model"", ""label"": ""deadlift"", ""conf"": 0.996, ""reason"": """"}, {""stage"": ""bio_model"", ""label"": ""squat"", ""conf"": 0.996, ""reason"": ""squat_pattern_detected""}, {""stage"": ""squat_router"", ""label"": ""squat_back"", ""conf"": 0.97, ""reason"": """"}, {""stage"": ""olympic_router"", ""label"": ""snatch"", ""conf"": 0.56, ""reason"": """"}, {""stage"": ""bodyweight_router"", ""label"": ""push_up"", ""conf"": 0.882, ""reason"": """"}, {""stage"": ""final"", ""label"": ""push_up"", ""conf"": 0.86, ""reason"": ""biomechanics_override""}]"
push_up,push_up,0.86,biomechanics_override,,True,/Users/josephkamil/Desktop/Capstone/push-up/push-up_12.mp4,1,deadlift,squat,squat_back,snatch,push_up,0.834,push_up_bodyweight_pattern,"[{""stage"": ""raw_model"", ""label"": ""deadlift"", ""conf"": 0.997, ""reason"": """"}, {""stage"": ""bio_model"", ""label"": ""squat"", ""conf"": 0.997, ""reason"": ""squat_pattern_detected""}, {""stage"": ""squat_router"", ""label"": ""squat_back"", ""conf"": 0.97, ""reason"": """"}, {""stage"": ""olympic_router"", ""label"": ""snatch"", ""conf"": 0.576, ""reason"": """"}, {""stage"": ""bodyweight_router"", ""label"": ""push_up"", ""conf"": 0.834, ""reason"": """"}, {""stage"": ""final"", ""label"": ""push_up"", ""conf"": 0.86, ""reason"": ""biomechanics_override""}]"
push_up,push_up,0.86,biomechanics_override,,True,/Users/josephkamil/Desktop/Capstone/push-up/push-up_13.mp4,1,deadlift,squat,squat_back,snatch,push_up,0.829,push_up_bodyweight_pattern,"[{""stage"": ""raw_model"", ""label"": ""deadlift"", ""conf"": 0.992, ""reason"": """"}, {""stage"": ""bio_model"", ""label"": ""squat"", ""conf"": 0.992, ""reason"": ""squat_pattern_detected""}, {""stage"": ""squat_router"", ""label"": ""squat_back"", ""conf"": 0.97, ""reason"": """"}, {""stage"": ""olympic_router"", ""label"": ""snatch"", ""conf"": 0.632, ""reason"": """"}, {""stage"": ""bodyweight_router"", ""label"": ""push_up"", ""conf"": 0.829, ""reason"": """"}, {""stage"": ""final"", ""label"": ""push_up"", ""conf"": 0.86, ""reason"": ""biomechanics_override""}]"
push_up,push_up,0.86,biomechanics_override,,True,/Users/josephkamil/Desktop/Capstone/push-up/push-up_14.mp4,1,deadlift,squat,squat_back,snatch,push_up,0.874,push_up_bodyweight_pattern,"[{""stage"": ""raw_model"", ""label"": ""deadlift"", ""conf"": 0.913, ""reason"": """"}, {""stage"": ""bio_model"", ""label"": ""squat"", ""conf"": 0.913, ""reason"": ""squat_pattern_detected""}, {""stage"": ""squat_router"", ""label"": ""squat_back"", ""conf"": 0.97, ""reason"": """"}, {""stage"": ""olympic_router"", ""label"": ""snatch"", ""conf"": 0.596, ""reason"": """"}, {""stage"": ""bodyweight_router"", ""label"": ""push_up"", ""conf"": 0.874, ""reason"": """"}, {""stage"": ""final"", ""label"": ""push_up"", ""conf"": 0.86, ""reason"": ""biomechanics_override""}]"
push_up,push_up,0.86,biomechanics_override,,True,/Users/josephkamil/Desktop/Capstone/push-up/push-up_15.mp4,1,squat,bench_press,squat_front,,push_up,0.996,push_up_bodyweight_pattern,"[{""stage"": ""raw_model"", ""label"": ""squat"", ""conf"": 1.0, ""reason"": """"}, {""stage"": ""bio_model"", ""label"": ""bench_press"", ""conf"": 1.0, ""reason"": ""bench_pattern_detected""}, {""stage"": ""squat_router"", ""label"": ""squat_front"", ""conf"": 0.97, ""reason"": """"}, {""stage"": ""olympic_router"", ""label"": """", ""conf"": 0.0, ""reason"": """"}, {""stage"": ""bodyweight_router"", ""label"": ""push_up"", ""conf"": 0.996, ""reason"": """"}, {""stage"": ""final"", ""label"": ""push_up"", ""conf"": 0.86, ""reason"": ""biomechanics_override""}]"
push_up,push_up,0.86,biomechanics_override,,True,/Users/josephkamil/Desktop/Capstone/push-up/push-up_16.mp4,1,squat,bench_press,squat_front,,push_up,1.0,push_up_bodyweight_pattern,"[{""stage"": ""raw_model"", ""label"": ""squat"", ""conf"": 1.0, ""reason"": """"}, {""stage"": ""bio_model"", ""label"": ""bench_press"", ""conf"": 1.0, ""reason"": ""bench_pattern_detected""}, {""stage"": ""squat_router"", ""label"": ""squat_front"", ""conf"": 0.722, ""reason"": """"}, {""stage"": ""olympic_router"", ""label"": """", ""conf"": 0.0, ""reason"": """"}, {""stage"": ""bodyweight_router"", ""label"": ""push_up"", ""conf"": 1.0, ""reason"": """"}, {""stage"": ""final"", ""label"": ""push_up"", ""conf"": 0.86, ""reason"": ""biomechanics_override""}]"
push_up,push_up,0.86,biomechanics_override,,True,/Users/josephkamil/Desktop/Capstone/push-up/push-up_17.mp4,1,deadlift,squat,squat_back,snatch,push_up,0.973,push_up_bodyweight_pattern,"[{""stage"": ""raw_model"", ""label"": ""deadlift"", ""conf"": 0.984, ""reason"": """"}, {""stage"": ""bio_model"", ""label"": ""squat"", ""conf"": 0.984, ""reason"": ""squat_pattern_detected""}, {""stage"": ""squat_router"", ""label"": ""squat_back"", ""conf"": 0.9, ""reason"": """"}, {""stage"": ""olympic_router"", ""label"": ""snatch"", ""conf"": 0.61, ""reason"": """"}, {""stage"": ""bodyweight_router"", ""label"": ""push_up"", ""conf"": 0.973, ""reason"": """"}, {""stage"": ""final"", ""label"": ""push_up"", ""conf"": 0.86, ""reason"": ""biomechanics_override""}]"
push_up,squat_front,0.97,detailed_rep_analysis,,True,/Users/josephkamil/Desktop/Capstone/push-up/push-up_18.mp4,2,deadlift,deadlift,squat_front,clean_and_jerk,push_up,0.622,,"[{""stage"": ""raw_model"", ""label"": ""deadlift"", ""conf"": 0.979, ""reason"": """"}, {""stage"": ""bio_model"", ""label"": ""deadlift"", ""conf"": 0.979, ""reason"": ""model_prediction""}, {""stage"": ""squat_router"", ""label"": ""squat_front"", ""conf"": 0.97, ""reason"": """"}, {""stage"": ""olympic_router"", ""label"": ""clean_and_jerk"", ""conf"": 0.508, ""reason"": """"}, {""stage"": ""bodyweight_router"", ""label"": ""push_up"", ""conf"": 0.622, ""reason"": """"}, {""stage"": ""final"", ""label"": ""squat_front"", ""conf"": 0.97, ""reason"": ""detailed_rep_analysis""}]"
push_up,push_up,0.86,biomechanics_override,,True,/Users/josephkamil/Desktop/Capstone/push-up/push-up_19.mp4,1,squat,bench_press,squat_back,clean_and_jerk,push_up,0.994,push_up_bodyweight_pattern,"[{""stage"": ""raw_model"", ""label"": ""squat"", ""conf"": 0.998, ""reason"": """"}, {""stage"": ""bio_model"", ""label"": ""bench_press"", ""conf"": 0.998, ""reason"": ""bench_pattern_detected""}, {""stage"": ""squat_router"", ""label"": ""squat_back"", ""conf"": 0.97, ""reason"": """"}, {""stage"": ""olympic_router"", ""label"": ""clean_and_jerk"", ""conf"": 0.794, ""reason"": """"}, {""stage"": ""bodyweight_router"", ""label"": ""push_up"", ""conf"": 0.994, ""reason"": """"}, {""stage"": ""final"", ""label"": ""push_up"", ""conf"": 0.86, ""reason"": ""biomechanics_override""}]"
push_up,push_up,0.86,biomechanics_override,,True,/Users/josephkamil/Desktop/Capstone/push-up/push-up_2.mp4,1,deadlift,bench_press,squat_back,,push_up,1.0,push_up_bodyweight_pattern,"[{""stage"": ""raw_model"", ""label"": ""deadlift"", ""conf"": 0.998, ""reason"": """"}, {""stage"": ""bio_model"", ""label"": ""bench_press"", ""conf"": 0.998, ""reason"": ""bench_pattern_detected""}, {""stage"": ""squat_router"", ""label"": ""squat_back"", ""conf"": 0.97, ""reason"": """"}, {""stage"": ""olympic_router"", ""label"": """", ""conf"": 0.0, ""reason"": """"}, {""stage"": ""bodyweight_router"", ""label"": ""push_up"", ""conf"": 1.0, ""reason"": """"}, {""stage"": ""final"", ""label"": ""push_up"", ""conf"": 0.86, ""reason"": ""biomechanics_override""}]"
push_up,push_up,0.86,biomechanics_override,,True,/Users/josephkamil/Desktop/Capstone/push-up/push-up_20.mp4,1,deadlift,squat,squat_front,snatch,push_up,0.808,push_up_bodyweight_pattern,"[{""stage"": ""raw_model"", ""label"": ""deadlift"", ""conf"": 0.94, ""reason"": """"}, {""stage"": ""bio_model"", ""label"": ""squat"", ""conf"": 0.94, ""reason"": ""squat_pattern_detected""}, {""stage"": ""squat_router"", ""label"": ""squat_front"", ""conf"": 0.97, ""reason"": """"}, {""stage"": ""olympic_router"", ""label"": ""snatch"", ""conf"": 0.562, ""reason"": """"}, {""stage"": ""bodyweight_router"", ""label"": ""push_up"", ""conf"": 0.808, ""reason"": """"}, {""stage"": ""final"", ""label"": ""push_up"", ""conf"": 0.86, ""reason"": ""biomechanics_override""}]"
push_up,push_up,0.86,biomechanics_override,,True,/Users/josephkamil/Desktop/Capstone/push-up/push-up_21.mp4,1,squat,squat,squat_front,clean_and_jerk,push_up,0.973,push_up_bodyweight_pattern,"[{""stage"": ""raw_model"", ""label"": ""squat"", ""conf"": 0.99, ""reason"": """"}, {""stage"": ""bio_model"", ""label"": ""squat"", ""conf"": 0.99, ""reason"": ""squat_pattern_detected""}, {""stage"": ""squat_router"", ""label"": ""squat_front"", ""conf"": 0.722, ""reason"": """"}, {""stage"": ""olympic_router"", ""label"": ""clean_and_jerk"", ""conf"": 0.606, ""reason"": """"}, {""stage"": ""bodyweight_router"", ""label"": ""push_up"", ""conf"": 0.973, ""reason"": """"}, {""stage"": ""final"", ""label"": ""push_up"", ""conf"": 0.86, ""reason"": ""biomechanics_override""}]"
push_up,push_up,0.86,biomechanics_override,,True,/Users/josephkamil/Desktop/Capstone/push-up/push-up_22.mp4,1,squat,bench_press,squat_front,,push_up,1.0,push_up_bodyweight_pattern,"[{""stage"": ""raw_model"", ""label"": ""squat"", ""conf"": 1.0, ""reason"": """"}, {""stage"": ""bio_model"", ""label"": ""bench_press"", ""conf"": 1.0, ""reason"": ""bench_pattern_detected""}, {""stage"": ""squat_router"", ""label"": ""squat_front"", ""conf"": 0.97, ""reason"": """"}, {""stage"": ""olympic_router"", ""label"": """", ""conf"": 0.0, ""reason"": """"}, {""stage"": ""bodyweight_router"", ""label"": ""push_up"", ""conf"": 1.0, ""reason"": """"}, {""stage"": ""final"", ""label"": ""push_up"", ""conf"": 0.86, ""reason"": ""biomechanics_override""}]"
push_up,push_up,0.86,biomechanics_override,,True,/Users/josephkamil/Desktop/Capstone/push-up/push-up_23.mp4,1,deadlift,squat,squat_back,clean_and_jerk,push_up,0.993,push_up_bodyweight_pattern,"[{""stage"": ""raw_model"", ""label"": ""deadlift"", ""conf"": 0.998, ""reason"": """"}, {""stage"": ""bio_model"", ""label"": ""squat"", ""conf"": 0.998, ""reason"": ""squat_pattern_detected""}, {""stage"": ""squat_router"", ""label"": ""squat_back"", ""conf"": 0.937, ""reason"": """"}, {""stage"": ""olympic_router"", ""label"": ""clean_and_jerk"", ""conf"": 0.58, ""reason"": """"}, {""stage"": ""bodyweight_router"", ""label"": ""push_up"", ""conf"": 0.993, ""reason"": """"}, {""stage"": ""final"", ""label"": ""push_up"", ""conf"": 0.86, ""reason"": ""biomechanics_override""}]"
push_up,push_up,0.86,biomechanics_override,,True,/Users/josephkamil/Desktop/Capstone/push-up/push-up_24.mp4,1,squat,bench_press,squat_back,,push_up,1.0,push_up_bodyweight_pattern,"[{""stage"": ""raw_model"", ""label"": ""squat"", ""conf"": 1.0, ""reason"": """"}, {""stage"": ""bio_model"", ""label"": ""bench_press"", ""conf"": 1.0, ""reason"": ""bench_pattern_detected""}, {""stage"": ""squat_router"", ""label"": ""squat_back"", ""conf"": 0.97, ""reason"": """"}, {""stage"": ""olympic_router"", ""label"": """", ""conf"": 0.0, ""reason"": """"}, {""stage"": ""bodyweight_router"", ""label"": ""push_up"", ""conf"": 1.0, ""reason"": """"}, {""stage"": ""final"", ""label"": ""push_up"", ""conf"": 0.86, ""reason"": ""biomechanics_override""}]"
push_up,push_up,0.86,biomechanics_override,,True,/Users/josephkamil/Desktop/Capstone/push-up/push-up_25.mp4,1,deadlift,squat,squat_back,snatch,push_up,0.971,push_up_bodyweight_pattern,"[{""stage"": ""raw_model"", ""label"": ""deadlift"", ""conf"": 0.978, ""reason"": """"}, {""stage"": ""bio_model"", ""label"": ""squat"", ""conf"": 0.978, ""reason"": ""squat_pattern_detected""}, {""stage"": ""squat_router"", ""label"": ""squat_back"", ""conf"": 0.75, ""reason"": """"}, {""stage"": ""olympic_router"", ""label"": ""snatch"", ""conf"": 0.612, ""reason"": """"}, {""stage"": ""bodyweight_router"", ""label"": ""push_up"", ""conf"": 0.971, ""reason"": """"}, {""stage"": ""final"", ""label"": ""push_up"", ""conf"": 0.86, ""reason"": ""biomechanics_override""}]"
push_up,push_up,0.86,biomechanics_override,,True,/Users/josephkamil/Desktop/Capstone/push-up/push-up_26.mp4,1,squat,bench_press,squat_back,,push_up,0.995,push_up_bodyweight_pattern,"[{""stage"": ""raw_model"", ""label"": ""squat"", ""conf"": 0.999, ""reason"": """"}, {""stage"": ""bio_model"", ""label"": ""bench_press"", ""conf"": 0.999, ""reason"": ""bench_pattern_detected""}, {""stage"": ""squat_router"", ""label"": ""squat_back"", ""conf"": 0.879, ""reason"": """"}, {""stage"": ""olympic_router"", ""label"": """", ""conf"": 0.0, ""reason"": """"}, {""stage"": ""bodyweight_router"", ""label"": ""push_up"", ""conf"": 0.995, ""reason"": """"}, {""stage"": ""final"", ""label"": ""push_up"", ""conf"": 0.86, ""reason"": ""biomechanics_override""}]"
push_up,push_up,0.86,biomechanics_override,,True,/Users/josephkamil/Desktop/Capstone/push-up/push-up_27.mp4,1,squat,deadlift,squat_back,,push_up,0.995,push_up_bodyweight_pattern,"[{""stage"": ""raw_model"", ""label"": ""squat"", ""conf"": 0.995, ""reason"": """"}, {""stage"": ""bio_model"", ""label"": ""deadlift"", ""conf"": 0.995, ""reason"": ""deadlift_hinge_pattern_detected""}, {""stage"": ""squat_router"", ""label"": ""squat_back"", ""conf"": 0.97, ""reason"": """"}, {""stage"": ""olympic_router"", ""label"": """", ""conf"": 0.0, ""reason"": """"}, {""stage"": ""bodyweight_router"", ""label"": ""push_up"", ""conf"": 0.995, ""reason"": """"}, {""stage"": ""final"", ""label"": ""push_up"", ""conf"": 0.86, ""reason"": ""biomechanics_override""}]"
push_up,bench_press,0.8,biomechanics_override,,True,/Users/josephkamil/Desktop/Capstone/push-up/push-up_28.mp4,1,bench_press,bench_press,squat_back,snatch,push_up,0.92,trusted_base_bench_press,"[{""stage"": ""raw_model"", ""label"": ""bench_press"", ""conf"": 0.332, ""reason"": """"}, {""stage"": ""bio_model"", ""label"": ""bench_press"", ""conf"": 0.8, ""reason"": ""trusted_model_bench_press""}, {""stage"": ""squat_router"", ""label"": ""squat_back"", ""conf"": 0.97, ""reason"": """"}, {""stage"": ""olympic_router"", ""label"": ""snatch"", ""conf"": 0.572, ""reason"": """"}, {""stage"": ""bodyweight_router"", ""label"": ""push_up"", ""conf"": 0.92, ""reason"": """"}, {""stage"": ""final"", ""label"": ""bench_press"", ""conf"": 0.8, ""reason"": ""biomechanics_override""}]"
push_up,push_up,0.86,biomechanics_override,,True,/Users/josephkamil/Desktop/Capstone/push-up/push-up_29.mp4,1,deadlift,squat,squat_back,snatch,push_up,0.951,push_up_bodyweight_pattern,"[{""stage"": ""raw_model"", ""label"": ""deadlift"", ""conf"": 0.515, ""reason"": """"}, {""stage"": ""bio_model"", ""label"": ""squat"", ""conf"": 0.75, ""reason"": ""squat_pattern_detected""}, {""stage"": ""squat_router"", ""label"": ""squat_back"", ""conf"": 0.97, ""reason"": """"}, {""stage"": ""olympic_router"", ""label"": ""snatch"", ""conf"": 0.552, ""reason"": """"}, {""stage"": ""bodyweight_router"", ""label"": ""push_up"", ""conf"": 0.951, ""reason"": """"}, {""stage"": ""final"", ""label"": ""push_up"", ""conf"": 0.86, ""reason"": ""biomechanics_override""}]"
push_up,push_up,0.86,biomechanics_override,,True,/Users/josephkamil/Desktop/Capstone/push-up/push-up_3.mp4,1,deadlift,bench_press,squat_back,,push_up,0.99,push_up_bodyweight_pattern,"[{""stage"": ""raw_model"", ""label"": ""deadlift"", ""conf"": 0.994, ""reason"": """"}, {""stage"": ""bio_model"", ""label"": ""bench_press"", ""conf"": 0.994, ""reason"": ""bench_pattern_detected""}, {""stage"": ""squat_router"", ""label"": ""squat_back"", ""conf"": 0.97, ""reason"": """"}, {""stage"": ""olympic_router"", ""label"": """", ""conf"": 0.0, ""reason"": """"}, {""stage"": ""bodyweight_router"", ""label"": ""push_up"", ""conf"": 0.99, ""reason"": """"}, {""stage"": ""final"", ""label"": ""push_up"", ""conf"": 0.86, ""reason"": ""biomechanics_override""}]"
push_up,snatch,0.71,router_v5,,True,/Users/josephkamil/Desktop/Capstone/push-up/push-up_30.mp4,1,push_press,squat,squat_back,snatch,push_up,0.869,,"[{""stage"": ""raw_model"", ""label"": ""push_press"", ""conf"": 0.727, ""reason"": """"}, {""stage"": ""bio_model"", ""label"": ""squat"", ""conf"": 0.75, ""reason"": ""squat_pattern_detected""}, {""stage"": ""squat_router"", ""label"": ""squat_back"", ""conf"": 0.97, ""reason"": """"}, {""stage"": ""olympic_router"", ""label"": ""snatch"", ""conf"": 0.712, ""reason"": """"}, {""stage"": ""bodyweight_router"", ""label"": ""push_up"", ""conf"": 0.869, ""reason"": """"}, {""stage"": ""final"", ""label"": ""snatch"", ""conf"": 0.712, ""reason"": ""router_v5""}]"
push_up,bench_press,0.8,biomechanics_override,,True,/Users/josephkamil/Desktop/Capstone/push-up/push-up_31.mp4,1,bench_press,bench_press,squat_back,snatch,push_up,0.956,trusted_base_bench_press,"[{""stage"": ""raw_model"", ""label"": ""bench_press"", ""conf"": 0.392, ""reason"": """"}, {""stage"": ""bio_model"", ""label"": ""bench_press"", ""conf"": 0.8, ""reason"": ""trusted_model_bench_press""}, {""stage"": ""squat_router"", ""label"": ""squat_back"", ""conf"": 0.97, ""reason"": """"}, {""stage"": ""olympic_router"", ""label"": ""snatch"", ""conf"": 0.656, ""reason"": """"}, {""stage"": ""bodyweight_router"", ""label"": ""push_up"", ""conf"": 0.956, ""reason"": """"}, {""stage"": ""final"", ""label"": ""bench_press"", ""conf"": 0.8, ""reason"": ""biomechanics_override""}]"
push_up,squat_back,0.88,detailed_rep_analysis,,True,/Users/josephkamil/Desktop/Capstone/push-up/push-up_32.mp4,4,squat,squat,squat_back,snatch,push_up,0.987,,"[{""stage"": ""raw_model"", ""label"": ""squat"", ""conf"": 0.978, ""reason"": """"}, {""stage"": ""bio_model"", ""label"": ""squat"", ""conf"": 0.978, ""reason"": ""squat_pattern_detected""}, {""stage"": ""squat_router"", ""label"": ""squat_back"", ""conf"": 0.879, ""reason"": """"}, {""stage"": ""olympic_router"", ""label"": ""snatch"", ""conf"": 0.572, ""reason"": """"}, {""stage"": ""bodyweight_router"", ""label"": ""push_up"", ""conf"": 0.987, ""reason"": """"}, {""stage"": ""final"", ""label"": ""squat_back"", ""conf"": 0.879, ""reason"": ""detailed_rep_analysis""}]"
push_up,push_up,0.86,biomechanics_override,,True,/Users/josephkamil/Desktop/Capstone/push-up/push-up_33.mp4,1,squat,squat,squat_back,snatch,push_up,0.998,push_up_bodyweight_pattern,"[{""stage"": ""raw_model"", ""label"": ""squat"", ""conf"": 0.999, ""reason"": """"}, {""stage"": ""bio_model"", ""label"": ""squat"", ""conf"": 0.999, ""reason"": ""squat_pattern_detected""}, {""stage"": ""squat_router"", ""label"": ""squat_back"", ""conf"": 0.97, ""reason"": """"}, {""stage"": ""olympic_router"", ""label"": ""snatch"", ""conf"": 0.558, ""reason"": """"}, {""stage"": ""bodyweight_router"", ""label"": ""push_up"", ""conf"": 0.998, ""reason"": """"}, {""stage"": ""final"", ""label"": ""push_up"", ""conf"": 0.86, ""reason"": ""biomechanics_override""}]"
push_up,snatch,0.7,router_v5,,True,/Users/josephkamil/Desktop/Capstone/push-up/push-up_34.mp4,1,deadlift,squat,squat_back,snatch,push_up,0.885,,"[{""stage"": ""raw_model"", ""label"": ""deadlift"", ""conf"": 0.913, ""reason"": """"}, {""stage"": ""bio_model"", ""label"": ""squat"", ""conf"": 0.913, ""reason"": ""squat_pattern_detected""}, {""stage"": ""squat_router"", ""label"": ""squat_back"", ""conf"": 0.97, ""reason"": """"}, {""stage"": ""olympic_router"", ""label"": ""snatch"", ""conf"": 0.704, ""reason"": """"}, {""stage"": ""bodyweight_router"", ""label"": ""push_up"", ""conf"": 0.885, ""reason"": """"}, {""stage"": ""final"", ""label"": ""snatch"", ""conf"": 0.704, ""reason"": ""router_v5""}]"
push_up,squat_back,0.97,detailed_rep_analysis,,True,/Users/josephkamil/Desktop/Capstone/push-up/push-up_35.mp4,3,squat,squat,squat_back,snatch,push_up,0.83,,"[{""stage"": ""raw_model"", ""label"": ""squat"", ""conf"": 0.985, ""reason"": """"}, {""stage"": ""bio_model"", ""label"": ""squat"", ""conf"": 0.985, ""reason"": ""squat_pattern_detected""}, {""stage"": ""squat_router"", ""label"": ""squat_back"", ""conf"": 0.97, ""reason"": """"}, {""stage"": ""olympic_router"", ""label"": ""snatch"", ""conf"": 0.51, ""reason"": """"}, {""stage"": ""bodyweight_router"", ""label"": ""push_up"", ""conf"": 0.83, ""reason"": """"}, {""stage"": ""final"", ""label"": ""squat_back"", ""conf"": 0.97, ""reason"": ""detailed_rep_analysis""}]"
push_up,push_up,0.86,biomechanics_override,,True,/Users/josephkamil/Desktop/Capstone/push-up/push-up_36.mp4,1,deadlift,deadlift,squat_front,,push_up,0.968,push_up_bodyweight_pattern,"[{""stage"": ""raw_model"", ""label"": ""deadlift"", ""conf"": 1.0, ""reason"": """"}, {""stage"": ""bio_model"", ""label"": ""deadlift"", ""conf"": 1.0, ""reason"": ""model_prediction""}, {""stage"": ""squat_router"", ""label"": ""squat_front"", ""conf"": 0.844, ""reason"": """"}, {""stage"": ""olympic_router"", ""label"": """", ""conf"": 0.0, ""reason"": """"}, {""stage"": ""bodyweight_router"", ""label"": ""push_up"", ""conf"": 0.968, ""reason"": """"}, {""stage"": ""final"", ""label"": ""push_up"", ""conf"": 0.86, ""reason"": ""biomechanics_override""}]"
push_up,push_up,0.86,biomechanics_override,,True,/Users/josephkamil/Desktop/Capstone/push-up/push-up_37.mp4,1,deadlift,squat,squat_front,clean_and_jerk,push_up,0.909,push_up_bodyweight_pattern,"[{""stage"": ""raw_model"", ""label"": ""deadlift"", ""conf"": 0.986, ""reason"": """"}, {""stage"": ""bio_model"", ""label"": ""squat"", ""conf"": 0.986, ""reason"": ""squat_pattern_detected""}, {""stage"": ""squat_router"", ""label"": ""squat_front"", ""conf"": 0.722, ""reason"": """"}, {""stage"": ""olympic_router"", ""label"": ""clean_and_jerk"", ""conf"": 0.518, ""reason"": """"}, {""stage"": ""bodyweight_router"", ""label"": ""push_up"", ""conf"": 0.909, ""reason"": """"}, {""stage"": ""final"", ""label"": ""push_up"", ""conf"": 0.86, ""reason"": ""biomechanics_override""}]"
push_up,push_up,0.86,biomechanics_override,,True,/Users/josephkamil/Desktop/Capstone/push-up/push-up_38.mp4,1,deadlift,deadlift,squat_back,,push_up,0.969,push_up_bodyweight_pattern,"[{""stage"": ""raw_model"", ""label"": ""deadlift"", ""conf"": 1.0, ""reason"": """"}, {""stage"": ""bio_model"", ""label"": ""deadlift"", ""conf"": 1.0, ""reason"": ""model_prediction""}, {""stage"": ""squat_router"", ""label"": ""squat_back"", ""conf"": 0.97, ""reason"": """"}, {""stage"": ""olympic_router"", ""label"": """", ""conf"": 0.0, ""reason"": """"}, {""stage"": ""bodyweight_router"", ""label"": ""push_up"", ""conf"": 0.969, ""reason"": """"}, {""stage"": ""final"", ""label"": ""push_up"", ""conf"": 0.86, ""reason"": ""biomechanics_override""}]"
push_up,clean_and_jerk,0.75,router_v5,,True,/Users/josephkamil/Desktop/Capstone/push-up/push-up_39.mp4,1,deadlift,squat,squat_back,clean_and_jerk,push_up,0.546,,"[{""stage"": ""raw_model"", ""label"": ""deadlift"", ""conf"": 0.756, ""reason"": """"}, {""stage"": ""bio_model"", ""label"": ""squat"", ""conf"": 0.756, ""reason"": ""squat_pattern_detected""}, {""stage"": ""squat_router"", ""label"": ""squat_back"", ""conf"": 0.97, ""reason"": """"}, {""stage"": ""olympic_router"", ""label"": ""clean_and_jerk"", ""conf"": 0.75, ""reason"": """"}, {""stage"": ""bodyweight_router"", ""label"": ""push_up"", ""conf"": 0.546, ""reason"": """"}, {""stage"": ""final"", ""label"": ""clean_and_jerk"", ""conf"": 0.75, ""reason"": ""router_v5""}]"
push_up,push_up,0.86,biomechanics_override,,True,/Users/josephkamil/Desktop/Capstone/push-up/push-up_4.mp4,1,deadlift,deadlift,squat_back,,push_up,1.0,push_up_bodyweight_pattern,"[{""stage"": ""raw_model"", ""label"": ""deadlift"", ""conf"": 0.994, ""reason"": """"}, {""stage"": ""bio_model"", ""label"": ""deadlift"", ""conf"": 0.994, ""reason"": ""model_prediction""}, {""stage"": ""squat_router"", ""label"": ""squat_back"", ""conf"": 0.97, ""reason"": """"}, {""stage"": ""olympic_router"", ""label"": """", ""conf"": 0.0, ""reason"": """"}, {""stage"": ""bodyweight_router"", ""label"": ""push_up"", ""conf"": 1.0, ""reason"": """"}, {""stage"": ""final"", ""label"": ""push_up"", ""conf"": 0.86, ""reason"": ""biomechanics_override""}]"
push_up,push_up,0.86,biomechanics_override,,True,/Users/josephkamil/Desktop/Capstone/push-up/push-up_40.mp4,1,deadlift,squat,squat_back,clean_and_jerk,push_up,0.982,push_up_bodyweight_pattern,"[{""stage"": ""raw_model"", ""label"": ""deadlift"", ""conf"": 0.986, ""reason"": """"}, {""stage"": ""bio_model"", ""label"": ""squat"", ""conf"": 0.986, ""reason"": ""squat_pattern_detected""}, {""stage"": ""squat_router"", ""label"": ""squat_back"", ""conf"": 0.97, ""reason"": """"}, {""stage"": ""olympic_router"", ""label"": ""clean_and_jerk"", ""conf"": 0.532, ""reason"": """"}, {""stage"": ""bodyweight_router"", ""label"": ""push_up"", ""conf"": 0.982, ""reason"": """"}, {""stage"": ""final"", ""label"": ""push_up"", ""conf"": 0.86, ""reason"": ""biomechanics_override""}]"
push_up,push_up,0.86,biomechanics_override,,True,/Users/josephkamil/Desktop/Capstone/push-up/push-up_41.mp4,1,deadlift,deadlift,squat_front,clean_and_jerk,push_up,0.997,push_up_bodyweight_pattern,"[{""stage"": ""raw_model"", ""label"": ""deadlift"", ""conf"": 0.998, ""reason"": """"}, {""stage"": ""bio_model"", ""label"": ""deadlift"", ""conf"": 0.998, ""reason"": ""model_prediction""}, {""stage"": ""squat_router"", ""label"": ""squat_front"", ""conf"": 0.97, ""reason"": """"}, {""stage"": ""olympic_router"", ""label"": ""clean_and_jerk"", ""conf"": 0.79, ""reason"": """"}, {""stage"": ""bodyweight_router"", ""label"": ""push_up"", ""conf"": 0.997, ""reason"": """"}, {""stage"": ""final"", ""label"": ""push_up"", ""conf"": 0.86, ""reason"": ""biomechanics_override""}]"
push_up,push_up,0.86,biomechanics_override,,True,/Users/josephkamil/Desktop/Capstone/push-up/push-up_42.mp4,1,deadlift,bench_press,squat_front,,push_up,1.0,push_up_bodyweight_pattern,"[{""stage"": ""raw_model"", ""label"": ""deadlift"", ""conf"": 0.996, ""reason"": """"}, {""stage"": ""bio_model"", ""label"": ""bench_press"", ""conf"": 0.996, ""reason"": ""bench_pattern_detected""}, {""stage"": ""squat_router"", ""label"": ""squat_front"", ""conf"": 0.97, ""reason"": """"}, {""stage"": ""olympic_router"", ""label"": """", ""conf"": 0.0, ""reason"": """"}, {""stage"": ""bodyweight_router"", ""label"": ""push_up"", ""conf"": 1.0, ""reason"": """"}, {""stage"": ""final"", ""label"": ""push_up"", ""conf"": 0.86, ""reason"": ""biomechanics_override""}]"
push_up,push_up,0.86,biomechanics_override,,True,/Users/josephkamil/Desktop/Capstone/push-up/push-up_43.mp4,1,deadlift,squat,squat_back,snatch,push_up,0.919,push_up_bodyweight_pattern,"[{""stage"": ""raw_model"", ""label"": ""deadlift"", ""conf"": 0.981, ""reason"": """"}, {""stage"": ""bio_model"", ""label"": ""squat"", ""conf"": 0.981, ""reason"": ""squat_pattern_detected""}, {""stage"": ""squat_router"", ""label"": ""squat_back"", ""conf"": 0.97, ""reason"": """"}, {""stage"": ""olympic_router"", ""label"": ""snatch"", ""conf"": 0.564, ""reason"": """"}, {""stage"": ""bodyweight_router"", ""label"": ""push_up"", ""conf"": 0.919, ""reason"": """"}, {""stage"": ""final"", ""label"": ""push_up"", ""conf"": 0.86, ""reason"": ""biomechanics_override""}]"
push_up,push_up,0.86,biomechanics_override,,True,/Users/josephkamil/Desktop/Capstone/push-up/push-up_44.mp4,1,deadlift,bench_press,squat_front,,push_up,1.0,push_up_bodyweight_pattern,"[{""stage"": ""raw_model"", ""label"": ""deadlift"", ""conf"": 0.995, ""reason"": """"}, {""stage"": ""bio_model"", ""label"": ""bench_press"", ""conf"": 0.995, ""reason"": ""bench_pattern_detected""}, {""stage"": ""squat_router"", ""label"": ""squat_front"", ""conf"": 0.97, ""reason"": """"}, {""stage"": ""olympic_router"", ""label"": """", ""conf"": 0.0, ""reason"": """"}, {""stage"": ""bodyweight_router"", ""label"": ""push_up"", ""conf"": 1.0, ""reason"": """"}, {""stage"": ""final"", ""label"": ""push_up"", ""conf"": 0.86, ""reason"": ""biomechanics_override""}]"
push_up,push_up,0.86,biomechanics_override,,True,/Users/josephkamil/Desktop/Capstone/push-up/push-up_45.mp4,1,deadlift,deadlift,squat_front,,push_up,1.0,push_up_bodyweight_pattern,"[{""stage"": ""raw_model"", ""label"": ""deadlift"", ""conf"": 0.996, ""reason"": """"}, {""stage"": ""bio_model"", ""label"": ""deadlift"", ""conf"": 0.996, ""reason"": ""model_prediction""}, {""stage"": ""squat_router"", ""label"": ""squat_front"", ""conf"": 0.964, ""reason"": """"}, {""stage"": ""olympic_router"", ""label"": """", ""conf"": 0.0, ""reason"": """"}, {""stage"": ""bodyweight_router"", ""label"": ""push_up"", ""conf"": 1.0, ""reason"": """"}, {""stage"": ""final"", ""label"": ""push_up"", ""conf"": 0.86, ""reason"": ""biomechanics_override""}]"
push_up,push_up,0.86,biomechanics_override,,True,/Users/josephkamil/Desktop/Capstone/push-up/push-up_46.mp4,1,deadlift,deadlift,squat_back,,push_up,1.0,push_up_bodyweight_pattern,"[{""stage"": ""raw_model"", ""label"": ""deadlift"", ""conf"": 0.999, ""reason"": """"}, {""stage"": ""bio_model"", ""label"": ""deadlift"", ""conf"": 0.999, ""reason"": ""model_prediction""}, {""stage"": ""squat_router"", ""label"": ""squat_back"", ""conf"": 0.937, ""reason"": """"}, {""stage"": ""olympic_router"", ""label"": """", ""conf"": 0.0, ""reason"": """"}, {""stage"": ""bodyweight_router"", ""label"": ""push_up"", ""conf"": 1.0, ""reason"": """"}, {""stage"": ""final"", ""label"": ""push_up"", ""conf"": 0.86, ""reason"": ""biomechanics_override""}]"
push_up,push_up,0.86,biomechanics_override,,True,/Users/josephkamil/Desktop/Capstone/push-up/push-up_47.mp4,1,deadlift,bench_press,squat_back,clean_and_jerk,push_up,0.997,push_up_bodyweight_pattern,"[{""stage"": ""raw_model"", ""label"": ""deadlift"", ""conf"": 1.0, ""reason"": """"}, {""stage"": ""bio_model"", ""label"": ""bench_press"", ""conf"": 1.0, ""reason"": ""bench_pattern_detected""}, {""stage"": ""squat_router"", ""label"": ""squat_back"", ""conf"": 0.937, ""reason"": """"}, {""stage"": ""olympic_router"", ""label"": ""clean_and_jerk"", ""conf"": 0.796, ""reason"": """"}, {""stage"": ""bodyweight_router"", ""label"": ""push_up"", ""conf"": 0.997, ""reason"": """"}, {""stage"": ""final"", ""label"": ""push_up"", ""conf"": 0.86, ""reason"": ""biomechanics_override""}]"
push_up,push_up,0.86,biomechanics_override,,True,/Users/josephkamil/Desktop/Capstone/push-up/push-up_48.mp4,1,deadlift,deadlift,squat_front,clean_and_jerk,push_up,0.985,push_up_bodyweight_pattern,"[{""stage"": ""raw_model"", ""label"": ""deadlift"", ""conf"": 0.997, ""reason"": """"}, {""stage"": ""bio_model"", ""label"": ""deadlift"", ""conf"": 0.997, ""reason"": ""deadlift_hinge_pattern_detected""}, {""stage"": ""squat_router"", ""label"": ""squat_front"", ""conf"": 0.84, ""reason"": """"}, {""stage"": ""olympic_router"", ""label"": ""clean_and_jerk"", ""conf"": 0.758, ""reason"": """"}, {""stage"": ""bodyweight_router"", ""label"": ""push_up"", ""conf"": 0.985, ""reason"": """"}, {""stage"": ""final"", ""label"": ""push_up"", ""conf"": 0.86, ""reason"": ""biomechanics_override""}]"
push_up,push_up,0.86,biomechanics_override,,True,/Users/josephkamil/Desktop/Capstone/push-up/push-up_49.mp4,1,squat,squat,squat_back,snatch,push_up,0.996,push_up_bodyweight_pattern,"[{""stage"": ""raw_model"", ""label"": ""squat"", ""conf"": 0.972, ""reason"": """"}, {""stage"": ""bio_model"", ""label"": ""squat"", ""conf"": 0.972, ""reason"": ""squat_pattern_detected""}, {""stage"": ""squat_router"", ""label"": ""squat_back"", ""conf"": 0.949, ""reason"": """"}, {""stage"": ""olympic_router"", ""label"": ""snatch"", ""conf"": 0.522, ""reason"": """"}, {""stage"": ""bodyweight_router"", ""label"": ""push_up"", ""conf"": 0.996, ""reason"": """"}, {""stage"": ""final"", ""label"": ""push_up"", ""conf"": 0.86, ""reason"": ""biomechanics_override""}]"
push_up,push_up,0.86,biomechanics_override,,True,/Users/josephkamil/Desktop/Capstone/push-up/push-up_5.mp4,1,deadlift,deadlift,squat_front,,push_up,1.0,push_up_bodyweight_pattern,"[{""stage"": ""raw_model"", ""label"": ""deadlift"", ""conf"": 0.981, ""reason"": """"}, {""stage"": ""bio_model"", ""label"": ""deadlift"", ""conf"": 0.981, ""reason"": ""model_prediction""}, {""stage"": ""squat_router"", ""label"": ""squat_front"", ""conf"": 0.964, ""reason"": """"}, {""stage"": ""olympic_router"", ""label"": """", ""conf"": 0.0, ""reason"": """"}, {""stage"": ""bodyweight_router"", ""label"": ""push_up"", ""conf"": 1.0, ""reason"": """"}, {""stage"": ""final"", ""label"": ""push_up"", ""conf"": 0.86, ""reason"": ""biomechanics_override""}]"
push_up,push_up,0.86,biomechanics_override,,True,/Users/josephkamil/Desktop/Capstone/push-up/push-up_50.mp4,1,deadlift,bench_press,squat_front,,push_up,1.0,push_up_bodyweight_pattern,"[{""stage"": ""raw_model"", ""label"": ""deadlift"", ""conf"": 0.994, ""reason"": """"}, {""stage"": ""bio_model"", ""label"": ""bench_press"", ""conf"": 0.994, ""reason"": ""bench_pattern_detected""}, {""stage"": ""squat_router"", ""label"": ""squat_front"", ""conf"": 0.722, ""reason"": """"}, {""stage"": ""olympic_router"", ""label"": """", ""conf"": 0.0, ""reason"": """"}, {""stage"": ""bodyweight_router"", ""label"": ""push_up"", ""conf"": 1.0, ""reason"": """"}, {""stage"": ""final"", ""label"": ""push_up"", ""conf"": 0.86, ""reason"": ""biomechanics_override""}]"
push_up,bench_press,1.0,biomechanics_override,,True,/Users/josephkamil/Desktop/Capstone/push-up/push-up_51.mp4,1,squat,squat,squat_front,clean_and_jerk,push_up,0.996,bench_press_fast_press_rescue,"[{""stage"": ""raw_model"", ""label"": ""squat"", ""conf"": 1.0, ""reason"": """"}, {""stage"": ""bio_model"", ""label"": ""squat"", ""conf"": 1.0, ""reason"": ""squat_pattern_detected""}, {""stage"": ""squat_router"", ""label"": ""squat_front"", ""conf"": 0.84, ""reason"": """"}, {""stage"": ""olympic_router"", ""label"": ""clean_and_jerk"", ""conf"": 0.654, ""reason"": """"}, {""stage"": ""bodyweight_router"", ""label"": ""push_up"", ""conf"": 0.996, ""reason"": """"}, {""stage"": ""final"", ""label"": ""bench_press"", ""conf"": 1.0, ""reason"": ""biomechanics_override""}]"
push_up,snatch,0.75,router_v5,,True,/Users/josephkamil/Desktop/Capstone/push-up/push-up_52.mp4,1,deadlift,squat,squat_front,snatch,push_up,0.983,,"[{""stage"": ""raw_model"", ""label"": ""deadlift"", ""conf"": 0.996, ""reason"": """"}, {""stage"": ""bio_model"", ""label"": ""squat"", ""conf"": 0.996, ""reason"": ""squat_pattern_detected""}, {""stage"": ""squat_router"", ""label"": ""squat_front"", ""conf"": 0.97, ""reason"": """"}, {""stage"": ""olympic_router"", ""label"": ""snatch"", ""conf"": 0.752, ""reason"": """"}, {""stage"": ""bodyweight_router"", ""label"": ""push_up"", ""conf"": 0.983, ""reason"": """"}, {""stage"": ""final"", ""label"": ""snatch"", ""conf"": 0.752, ""reason"": ""router_v5""}]"
push_up,push_up,0.86,biomechanics_override,,True,/Users/josephkamil/Desktop/Capstone/push-up/push-up_53.mp4,1,deadlift,squat,squat_front,clean_and_jerk,push_up,0.966,push_up_bodyweight_pattern,"[{""stage"": ""raw_model"", ""label"": ""deadlift"", ""conf"": 1.0, ""reason"": """"}, {""stage"": ""bio_model"", ""label"": ""squat"", ""conf"": 1.0, ""reason"": ""squat_pattern_detected""}, {""stage"": ""squat_router"", ""label"": ""squat_front"", ""conf"": 0.931, ""reason"": """"}, {""stage"": ""olympic_router"", ""label"": ""clean_and_jerk"", ""conf"": 0.608, ""reason"": """"}, {""stage"": ""bodyweight_router"", ""label"": ""push_up"", ""conf"": 0.966, ""reason"": """"}, {""stage"": ""final"", ""label"": ""push_up"", ""conf"": 0.86, ""reason"": ""biomechanics_override""}]"
push_up,clean,0.75,router_v5,,True,/Users/josephkamil/Desktop/Capstone/push-up/push-up_54.mp4,3,squat,squat,squat_front,snatch,push_up,0.994,,"[{""stage"": ""raw_model"", ""label"": ""squat"", ""conf"": 0.658, ""reason"": """"}, {""stage"": ""bio_model"", ""label"": ""squat"", ""conf"": 0.75, ""reason"": ""squat_pattern_detected""}, {""stage"": ""squat_router"", ""label"": ""squat_front"", ""conf"": 0.722, ""reason"": """"}, {""stage"": ""olympic_router"", ""label"": ""snatch"", ""conf"": 0.644, ""reason"": """"}, {""stage"": ""bodyweight_router"", ""label"": ""push_up"", ""conf"": 0.994, ""reason"": """"}, {""stage"": ""final"", ""label"": ""clean"", ""conf"": 0.75, ""reason"": ""router_v5""}]"
push_up,push_up,0.86,biomechanics_override,,True,/Users/josephkamil/Desktop/Capstone/push-up/push-up_55.mp4,1,deadlift,squat,squat_front,snatch,push_up,0.998,push_up_bodyweight_pattern,"[{""stage"": ""raw_model"", ""label"": ""deadlift"", ""conf"": 0.995, ""reason"": """"}, {""stage"": ""bio_model"", ""label"": ""squat"", ""conf"": 0.995, ""reason"": ""squat_pattern_detected""}, {""stage"": ""squat_router"", ""label"": ""squat_front"", ""conf"": 0.97, ""reason"": """"}, {""stage"": ""olympic_router"", ""label"": ""snatch"", ""conf"": 0.552, ""reason"": """"}, {""stage"": ""bodyweight_router"", ""label"": ""push_up"", ""conf"": 0.998, ""reason"": """"}, {""stage"": ""final"", ""label"": ""push_up"", ""conf"": 0.86, ""reason"": ""biomechanics_override""}]"
push_up,snatch,0.7,router_v5,,True,/Users/josephkamil/Desktop/Capstone/push-up/push-up_56.mp4,1,deadlift,squat,squat_front,snatch,push_up,0.959,,"[{""stage"": ""raw_model"", ""label"": ""deadlift"", ""conf"": 0.994, ""reason"": """"}, {""stage"": ""bio_model"", ""label"": ""squat"", ""conf"": 0.994, ""reason"": ""squat_pattern_detected""}, {""stage"": ""squat_router"", ""label"": ""squat_front"", ""conf"": 0.848, ""reason"": """"}, {""stage"": ""olympic_router"", ""label"": ""snatch"", ""conf"": 0.7, ""reason"": """"}, {""stage"": ""bodyweight_router"", ""label"": ""push_up"", ""conf"": 0.959, ""reason"": """"}, {""stage"": ""final"", ""label"": ""snatch"", ""conf"": 0.7, ""reason"": ""router_v5""}]"
push_up,push_up,0.86,biomechanics_override,,True,/Users/josephkamil/Desktop/Capstone/push-up/push-up_6.mp4,1,deadlift,bench_press,squat_front,,push_up,1.0,push_up_bodyweight_pattern,"[{""stage"": ""raw_model"", ""label"": ""deadlift"", ""conf"": 0.997, ""reason"": """"}, {""stage"": ""bio_model"", ""label"": ""bench_press"", ""conf"": 0.997, ""reason"": ""bench_pattern_detected""}, {""stage"": ""squat_router"", ""label"": ""squat_front"", ""conf"": 0.97, ""reason"": """"}, {""stage"": ""olympic_router"", ""label"": """", ""conf"": 0.0, ""reason"": """"}, {""stage"": ""bodyweight_router"", ""label"": ""push_up"", ""conf"": 1.0, ""reason"": """"}, {""stage"": ""final"", ""label"": ""push_up"", ""conf"": 0.86, ""reason"": ""biomechanics_override""}]"
push_up,push_up,0.86,biomechanics_override,,True,/Users/josephkamil/Desktop/Capstone/push-up/push-up_7.mp4,1,deadlift,deadlift,squat_back,,push_up,1.0,push_up_bodyweight_pattern,"[{""stage"": ""raw_model"", ""label"": ""deadlift"", ""conf"": 0.994, ""reason"": """"}, {""stage"": ""bio_model"", ""label"": ""deadlift"", ""conf"": 0.994, ""reason"": ""deadlift_hinge_pattern_detected""}, {""stage"": ""squat_router"", ""label"": ""squat_back"", ""conf"": 0.97, ""reason"": """"}, {""stage"": ""olympic_router"", ""label"": """", ""conf"": 0.0, ""reason"": """"}, {""stage"": ""bodyweight_router"", ""label"": ""push_up"", ""conf"": 1.0, ""reason"": """"}, {""stage"": ""final"", ""label"": ""push_up"", ""conf"": 0.86, ""reason"": ""biomechanics_override""}]"
push_up,push_up,0.86,biomechanics_override,,True,/Users/josephkamil/Desktop/Capstone/push-up/push-up_8.mp4,1,deadlift,bench_press,squat_back,,push_up,0.998,push_up_bodyweight_pattern,"[{""stage"": ""raw_model"", ""label"": ""deadlift"", ""conf"": 0.971, ""reason"": """"}, {""stage"": ""bio_model"", ""label"": ""bench_press"", ""conf"": 0.971, ""reason"": ""bench_pattern_detected""}, {""stage"": ""squat_router"", ""label"": ""squat_back"", ""conf"": 0.833, ""reason"": """"}, {""stage"": ""olympic_router"", ""label"": """", ""conf"": 0.0, ""reason"": """"}, {""stage"": ""bodyweight_router"", ""label"": ""push_up"", ""conf"": 0.998, ""reason"": """"}, {""stage"": ""final"", ""label"": ""push_up"", ""conf"": 0.86, ""reason"": ""biomechanics_override""}]"
push_up,push_up,0.86,biomechanics_override,,True,/Users/josephkamil/Desktop/Capstone/push-up/push-up_9.mp4,1,deadlift,bench_press,squat_back,,push_up,0.997,push_up_bodyweight_pattern,"[{""stage"": ""raw_model"", ""label"": ""deadlift"", ""conf"": 0.993, ""reason"": """"}, {""stage"": ""bio_model"", ""label"": ""bench_press"", ""conf"": 0.993, ""reason"": ""bench_pattern_detected""}, {""stage"": ""squat_router"", ""label"": ""squat_back"", ""conf"": 0.97, ""reason"": """"}, {""stage"": ""olympic_router"", ""label"": """", ""conf"": 0.0, ""reason"": """"}, {""stage"": ""bodyweight_router"", ""label"": ""push_up"", ""conf"": 0.997, ""reason"": """"}, {""stage"": ""final"", ""label"": ""push_up"", ""conf"": 0.86, ""reason"": ""biomechanics_override""}]"
