path,folder,filename,size_mb,reviewed_label,angle,include,notes,olympic_gate_label,source_id,split,content_sha256,duplicate_count,canonical_content_sha256
/Users/josephkamil/Desktop/Capstone/Oly_Data/segmented/clean/clean_from_cj_0009.mp4,clean,clean_from_cj_0009.mp4,0.16,clean,,yes,,olympic,clean_sha_624c00d8eafd2d9e,train,624c00d8eafd2d9e4cf04417930b1100b4c796bd330c4a1b66375f5e22dbc713,2,624c00d8eafd2d9e4cf04417930b1100b4c796bd330c4a1b66375f5e22dbc713
/Users/josephkamil/Desktop/Capstone/Oly_Data/segmented/clean/clean_from_cj_0084.mp4,clean,clean_from_cj_0084.mp4,0.13,clean,,yes,,olympic,clean_sha_f79539f1f60fea5e,dev,f79539f1f60fea5ef73eb32bad2f4db4cbb5f3a2da07e5a0911c4162864aee81,1,f79539f1f60fea5ef73eb32bad2f4db4cbb5f3a2da07e5a0911c4162864aee81
/Users/josephkamil/Desktop/Capstone/Oly_Data/segmented/clean/clean_from_cj_0117.mp4,clean,clean_from_cj_0117.mp4,0.12,clean,,yes,,olympic,clean_sha_fa79cf8aa392e18d,train,fa79cf8aa392e18ddaef264e244b52a39b41917765b45c2a554cc906bfac5e12,1,fa79cf8aa392e18ddaef264e244b52a39b41917765b45c2a554cc906bfac5e12
/Users/josephkamil/Desktop/Capstone/Oly_Data/segmented/clean/clean_from_cj_0144.mp4,clean,clean_from_cj_0144.mp4,0.13,clean,,yes,,olympic,clean_sha_d2013fdd9120c7df,train,d2013fdd9120c7df320316adbcee519931556f8c3c49faf136af69f21b24930f,1,d2013fdd9120c7df320316adbcee519931556f8c3c49faf136af69f21b24930f
/Users/josephkamil/Desktop/Capstone/Oly_Data/segmented/clean/clean_from_cj_0220.mp4,clean,clean_from_cj_0220.mp4,0.16,clean,,yes,,olympic,clean_sha_9d430da8ae1e75d6,train,9d430da8ae1e75d6695cef9dfa635fe55fee373ea33c07b168ecb5636bd897ee,1,9d430da8ae1e75d6695cef9dfa635fe55fee373ea33c07b168ecb5636bd897ee
/Users/josephkamil/Desktop/Capstone/Oly_Data/segmented/clean/clean_from_cj_0113.mp4,clean,clean_from_cj_0113.mp4,0.04,clean,,yes,,olympic,clean_sha_ad05499c6bf60de5,train,ad05499c6bf60de55e4cae9ecad15b66c5f4e7ce8356e8f1fe1b95c2e78eb955,1,ad05499c6bf60de55e4cae9ecad15b66c5f4e7ce8356e8f1fe1b95c2e78eb955
/Users/josephkamil/Desktop/Capstone/Oly_Data/segmented/clean/clean_from_cj_0068.mp4,clean,clean_from_cj_0068.mp4,0.09,clean,,yes,,olympic,clean_sha_37fce67b65d5d955,dev,37fce67b65d5d9555c6aa0b86f0f14a60324abaecb2d645468d4b34915298590,1,37fce67b65d5d9555c6aa0b86f0f14a60324abaecb2d645468d4b34915298590
/Users/josephkamil/Desktop/Capstone/Oly_Data/segmented/clean/clean_from_cj_0104.mp4,clean,clean_from_cj_0104.mp4,0.12,clean,,yes,,olympic,clean_sha_bf2b633684004f85,test,bf2b633684004f85e308cd1e0e56fc4b9e3ec20e0327de4542a45c707aecbea7,1,bf2b633684004f85e308cd1e0e56fc4b9e3ec20e0327de4542a45c707aecbea7
/Users/josephkamil/Desktop/Capstone/Oly_Data/segmented/clean/clean_from_cj_0177.mp4,clean,clean_from_cj_0177.mp4,0.1,clean,,yes,,olympic,clean_sha_cc548845cd8296ed,dev,cc548845cd8296edeb19f8dcad8d485ddd85fd82a72a080c88901b4c2343bc9e,2,cc548845cd8296edeb19f8dcad8d485ddd85fd82a72a080c88901b4c2343bc9e
/Users/josephkamil/Desktop/Capstone/Oly_Data/segmented/clean/clean_from_cj_0185.mp4,clean,clean_from_cj_0185.mp4,0.17,clean,,yes,,olympic,clean_sha_cf763ab684c0b201,train,cf763ab684c0b20145ddfcb7b664cb519cba283e74b4cb9f2285df8eb1bafe98,1,cf763ab684c0b20145ddfcb7b664cb519cba283e74b4cb9f2285df8eb1bafe98
/Users/josephkamil/Desktop/Capstone/Oly_Data/segmented/clean/clean_from_cj_0055.mp4,clean,clean_from_cj_0055.mp4,0.11,clean,,yes,,olympic,clean_sha_b6979c9ace8e5ffb,dev,b6979c9ace8e5ffbf3c65f8e66792b9b55a435de3344a286db4cba0d68018e51,1,b6979c9ace8e5ffbf3c65f8e66792b9b55a435de3344a286db4cba0d68018e51
/Users/josephkamil/Desktop/Capstone/Oly_Data/segmented/clean/clean_from_cj_0015.mp4,clean,clean_from_cj_0015.mp4,0.09,clean,,yes,,olympic,clean_sha_1c6388efe03a691d,train,1c6388efe03a691debb4c8b37ee0bbbba99201158027a31460a70cf0bafa32e6,1,1c6388efe03a691debb4c8b37ee0bbbba99201158027a31460a70cf0bafa32e6
/Users/josephkamil/Desktop/Capstone/Oly_Data/segmented/clean/clean_from_cj_0198.mp4,clean,clean_from_cj_0198.mp4,0.08,clean,,yes,,olympic,clean_sha_105aae86cd00cbf3,train,105aae86cd00cbf3d31b90f7d85c0aacb2302ec7b71d61bf7c561e5c08670497,1,105aae86cd00cbf3d31b90f7d85c0aacb2302ec7b71d61bf7c561e5c08670497
/Users/josephkamil/Desktop/Capstone/Oly_Data/segmented/clean/clean_from_cj_0025.mp4,clean,clean_from_cj_0025.mp4,0.04,clean,,yes,,olympic,clean_sha_4dc95a5566db57e2,train,4dc95a5566db57e21fdd7b5d053523aed5a3876d26627e5c19eab698d2625f16,1,4dc95a5566db57e21fdd7b5d053523aed5a3876d26627e5c19eab698d2625f16
/Users/josephkamil/Desktop/Capstone/Oly_Data/segmented/clean/clean_from_cj_0030.mp4,clean,clean_from_cj_0030.mp4,0.11,clean,,yes,,olympic,clean_sha_e52b1cf0c9a40c16,train,e52b1cf0c9a40c167fd26344901569a3f5d2839e35dfab3ee0e8b99b1d405249,2,e52b1cf0c9a40c167fd26344901569a3f5d2839e35dfab3ee0e8b99b1d405249
/Users/josephkamil/Desktop/Capstone/Oly_Data/segmented/clean/clean_from_cj_0045.mp4,clean,clean_from_cj_0045.mp4,0.11,clean,,yes,,olympic,clean_sha_5d8ef34238172015,dev,5d8ef34238172015c6bab512989442c396a7f7227d206ba96138b4aa554e9543,2,5d8ef34238172015c6bab512989442c396a7f7227d206ba96138b4aa554e9543
/Users/josephkamil/Desktop/Capstone/Oly_Data/segmented/clean/clean_from_cj_0171.mp4,clean,clean_from_cj_0171.mp4,0.06,clean,,yes,,olympic,clean_sha_0e8973efc1a0dd69,test,0e8973efc1a0dd696708da197cf84a4dc16fe2038bbb132e00f3b29dcc3ddd4e,2,0e8973efc1a0dd696708da197cf84a4dc16fe2038bbb132e00f3b29dcc3ddd4e
/Users/josephkamil/Desktop/Capstone/Oly_Data/segmented/clean/clean_from_cj_0082.mp4,clean,clean_from_cj_0082.mp4,0.14,clean,,yes,,olympic,clean_sha_b1135c02352446f7,train,b1135c02352446f7eae54bc5d6494b9c21d3f63ceee746a641115d04de0ea7a6,1,b1135c02352446f7eae54bc5d6494b9c21d3f63ceee746a641115d04de0ea7a6
/Users/josephkamil/Desktop/Capstone/Oly_Data/segmented/clean/clean_from_cj_0207.mp4,clean,clean_from_cj_0207.mp4,0.18,clean,,yes,,olympic,clean_sha_be04f3d2aa0a1183,train,be04f3d2aa0a1183f9a7e27366328f28484567a42e871d752536ccffb190789a,2,be04f3d2aa0a1183f9a7e27366328f28484567a42e871d752536ccffb190789a
/Users/josephkamil/Desktop/Capstone/Oly_Data/segmented/clean/clean_from_cj_0097.mp4,clean,clean_from_cj_0097.mp4,0.09,clean,,yes,,olympic,clean_sha_80d4c82694ef42d5,dev,80d4c82694ef42d5ae5dfe711e330300865b013de8da609f56bdeffe6eb12974,1,80d4c82694ef42d5ae5dfe711e330300865b013de8da609f56bdeffe6eb12974
/Users/josephkamil/Desktop/Capstone/Oly_Data/segmented/clean/clean_from_cj_0093.mp4,clean,clean_from_cj_0093.mp4,0.1,clean,,yes,,olympic,clean_sha_94d831f002b53f0d,train,94d831f002b53f0d6faf94cbdb7d73a673920b73864e9ce81b33d78846246ea9,1,94d831f002b53f0d6faf94cbdb7d73a673920b73864e9ce81b33d78846246ea9
/Users/josephkamil/Desktop/Capstone/Oly_Data/segmented/clean/clean_from_cj_0018.mp4,clean,clean_from_cj_0018.mp4,0.04,clean,,yes,,olympic,clean_sha_771b761080f7db45,train,771b761080f7db45aa074f5dc26d8a9d07981773ab77cd5d7e70b5bf7981f292,1,771b761080f7db45aa074f5dc26d8a9d07981773ab77cd5d7e70b5bf7981f292
/Users/josephkamil/Desktop/Capstone/Oly_Data/segmented/clean/clean_from_cj_0079.mp4,clean,clean_from_cj_0079.mp4,0.18,clean,,yes,,olympic,clean_sha_74fce40d0da966d1,train,74fce40d0da966d175a1497ec9cacd04f9e51230277f4be1974db18335b30b4b,1,74fce40d0da966d175a1497ec9cacd04f9e51230277f4be1974db18335b30b4b
/Users/josephkamil/Desktop/Capstone/Oly_Data/segmented/clean/clean_from_cj_0147.mp4,clean,clean_from_cj_0147.mp4,0.14,clean,,yes,,olympic,clean_sha_312dda9f57b00792,train,312dda9f57b00792a6d8597390dd7b6f109468f720dd13fd3e2b4e63340bbb49,1,312dda9f57b00792a6d8597390dd7b6f109468f720dd13fd3e2b4e63340bbb49
/Users/josephkamil/Desktop/Capstone/Oly_Data/segmented/clean/clean_from_cj_0143.mp4,clean,clean_from_cj_0143.mp4,0.2,clean,,yes,,olympic,clean_sha_9c52fe76c0e991d1,dev,9c52fe76c0e991d135d69c5f7ca99980c3b26ad745de52176a53e7602e7af704,1,9c52fe76c0e991d135d69c5f7ca99980c3b26ad745de52176a53e7602e7af704
/Users/josephkamil/Desktop/Capstone/Oly_Data/segmented/clean/clean_from_cj_0196.mp4,clean,clean_from_cj_0196.mp4,0.12,clean,,yes,,olympic,clean_sha_c8a4665e34e2af1d,test,c8a4665e34e2af1db856ab3744b333affe0673f676f6992cb9c1d40932964d86,1,c8a4665e34e2af1db856ab3744b333affe0673f676f6992cb9c1d40932964d86
/Users/josephkamil/Desktop/Capstone/Oly_Data/segmented/clean/clean_from_cj_0067.mp4,clean,clean_from_cj_0067.mp4,0.08,clean,,yes,,olympic,clean_sha_7b9bf919112c7963,test,7b9bf919112c7963cca0b93246d1e2637804b0fa90e8be9774b599dd1dc95fe0,1,7b9bf919112c7963cca0b93246d1e2637804b0fa90e8be9774b599dd1dc95fe0
/Users/josephkamil/Desktop/Capstone/Oly_Data/segmented/clean/clean_from_cj_0101.mp4,clean,clean_from_cj_0101.mp4,0.13,clean,,yes,,olympic,clean_sha_cee7d2f96df947e1,train,cee7d2f96df947e1dddd0d40ecc7f21adacf93fbeb57177453f36899c9d74a9b,1,cee7d2f96df947e1dddd0d40ecc7f21adacf93fbeb57177453f36899c9d74a9b
/Users/josephkamil/Desktop/Capstone/Oly_Data/segmented/clean/clean_from_cj_0211.mp4,clean,clean_from_cj_0211.mp4,0.13,clean,,yes,,olympic,clean_sha_f2db1a0183349a33,train,f2db1a0183349a33620450c8058c72546e2f6e45c1ccb07d4743808c6a43063e,1,f2db1a0183349a33620450c8058c72546e2f6e45c1ccb07d4743808c6a43063e
/Users/josephkamil/Desktop/Capstone/Oly_Data/segmented/clean/clean_from_cj_0069.mp4,clean,clean_from_cj_0069.mp4,0.06,clean,,yes,,olympic,clean_sha_00f6f541496e8893,test,00f6f541496e88938713236812581904b136c57fd16d88c212d858063f6633fa,2,00f6f541496e88938713236812581904b136c57fd16d88c212d858063f6633fa
/Users/josephkamil/Desktop/Capstone/Oly_Data/segmented/clean/clean_from_cj_0016.mp4,clean,clean_from_cj_0016.mp4,0.12,clean,,yes,,olympic,clean_sha_6d28077db6fd270c,train,6d28077db6fd270c8bd8f0770bc314e9e5d772d052c2d7b66f76d33f761c9fd6,2,6d28077db6fd270c8bd8f0770bc314e9e5d772d052c2d7b66f76d33f761c9fd6
/Users/josephkamil/Desktop/Capstone/Oly_Data/segmented/clean/clean_from_cj_0189.mp4,clean,clean_from_cj_0189.mp4,0.08,clean,,yes,,olympic,clean_sha_3751dc71aa457382,test,3751dc71aa45738216e8a4aa1226689d39721cf93d161a87050ff793d591e177,1,3751dc71aa45738216e8a4aa1226689d39721cf93d161a87050ff793d591e177
/Users/josephkamil/Desktop/Capstone/Oly_Data/segmented/clean/clean_from_cj_0114.mp4,clean,clean_from_cj_0114.mp4,0.17,clean,,yes,,olympic,clean_sha_4bb45e89b7cdf1c1,train,4bb45e89b7cdf1c182de7d658de4d47cae73a1b0e7b302fc02a70e7c00ff50d0,1,4bb45e89b7cdf1c182de7d658de4d47cae73a1b0e7b302fc02a70e7c00ff50d0
/Users/josephkamil/Desktop/Capstone/Oly_Data/segmented/clean/clean_from_cj_0159.mp4,clean,clean_from_cj_0159.mp4,0.13,clean,,yes,,olympic,clean_clean_from_cj_0159,dev,87cfbe76c74dbbc00ba499b1d4cf66637aefe0e0328ab178be40e6a57a4b5eca,1,87cfbe76c74dbbc00ba499b1d4cf66637aefe0e0328ab178be40e6a57a4b5eca
/Users/josephkamil/Desktop/Capstone/Oly_Data/segmented/clean/clean_from_cj_0111.mp4,clean,clean_from_cj_0111.mp4,0.18,clean,,yes,,olympic,clean_sha_c264775670f2c865,train,c264775670f2c86577e52c2b9c4e84b99567b5850645afc400ddf929677b8278,1,c264775670f2c86577e52c2b9c4e84b99567b5850645afc400ddf929677b8278
/Users/josephkamil/Desktop/Capstone/Oly_Data/segmented/clean/clean_from_cj_0075.mp4,clean,clean_from_cj_0075.mp4,0.06,clean,,yes,,olympic,clean_sha_a47c333ab3d663fd,test,a47c333ab3d663fd70d0620f990cf7f1ab022c739f19f738b79444d3eba51f17,1,a47c333ab3d663fd70d0620f990cf7f1ab022c739f19f738b79444d3eba51f17
/Users/josephkamil/Desktop/Capstone/Oly_Data/segmented/clean/clean_from_cj_0140.mp4,clean,clean_from_cj_0140.mp4,0.05,clean,,yes,,olympic,clean_sha_488d7797cd80a9b1,train,488d7797cd80a9b1a0be37067f2cca2c5a558d8583e5008026b0e58fd2bf2031,1,488d7797cd80a9b1a0be37067f2cca2c5a558d8583e5008026b0e58fd2bf2031
/Users/josephkamil/Desktop/Capstone/Oly_Data/segmented/clean/clean_from_cj_0205.mp4,clean,clean_from_cj_0205.mp4,0.13,clean,,yes,,olympic,clean_sha_dc8c25fd9c68d12b,train,dc8c25fd9c68d12b3b2d4e51ac0c80a6cc5602373b27bd73a23a7cfca958b718,1,dc8c25fd9c68d12b3b2d4e51ac0c80a6cc5602373b27bd73a23a7cfca958b718
/Users/josephkamil/Desktop/Capstone/Oly_Data/segmented/clean/clean_from_cj_0183.mp4,clean,clean_from_cj_0183.mp4,0.09,clean,,yes,,olympic,clean_clean_from_cj_0183,test,702cd81b6591b2ecc9c63e4519c8d9a16b8db3ddf0e4a03d43cf7a5181884752,1,702cd81b6591b2ecc9c63e4519c8d9a16b8db3ddf0e4a03d43cf7a5181884752
/Users/josephkamil/Desktop/Capstone/Oly_Data/segmented/clean/clean_from_cj_0165.mp4,clean,clean_from_cj_0165.mp4,0.15,clean,,yes,,olympic,clean_sha_fa1e3258e924ee9e,train,fa1e3258e924ee9e2a25f3a97859f4f805cdabf85d5aa40dedf62608207cf1b6,1,fa1e3258e924ee9e2a25f3a97859f4f805cdabf85d5aa40dedf62608207cf1b6
/Users/josephkamil/Desktop/Capstone/Oly_Data/segmented/clean/clean_from_cj_0073.mp4,clean,clean_from_cj_0073.mp4,0.03,clean,,yes,,olympic,clean_sha_525f619f79d60715,test,525f619f79d60715ecd5a2521c187e93c2755792506138c708ec15df32535d24,1,525f619f79d60715ecd5a2521c187e93c2755792506138c708ec15df32535d24
/Users/josephkamil/Desktop/Capstone/Oly_Data/segmented/clean/clean_from_cj_0119.mp4,clean,clean_from_cj_0119.mp4,0.18,clean,,yes,,olympic,clean_sha_256cffb8bec04356,train,256cffb8bec04356b0bf7bd630ac465e446086ee9a1c174a74f7fa02f213d8d0,1,256cffb8bec04356b0bf7bd630ac465e446086ee9a1c174a74f7fa02f213d8d0
/Users/josephkamil/Desktop/Capstone/Oly_Data/segmented/split_jerk/split_jerk_from_cj_0107.mp4,split_jerk,split_jerk_from_cj_0107.mp4,0.21,split_jerk,,yes,,olympic,split_jerk_sha_7606ae27e1913541,dev,7606ae27e19135415963496c1804628eaae84376631005c88e1a49504f91f420,2,7606ae27e19135415963496c1804628eaae84376631005c88e1a49504f91f420
/Users/josephkamil/Desktop/Capstone/Oly_Data/segmented/split_jerk/split_jerk_from_cj_0110.mp4,split_jerk,split_jerk_from_cj_0110.mp4,0.11,split_jerk,,yes,,olympic,split_jerk_sha_3802ce6244b15b7c,train,3802ce6244b15b7c6b3c234300498fdffbf391df2832f63e2feb1a980cdb8747,1,3802ce6244b15b7c6b3c234300498fdffbf391df2832f63e2feb1a980cdb8747
/Users/josephkamil/Desktop/Capstone/Oly_Data/segmented/split_jerk/split_jerk_from_cj_0144.mp4,split_jerk,split_jerk_from_cj_0144.mp4,0.05,split_jerk,,yes,,olympic,split_jerk_sha_242df91dd96739af,test,242df91dd96739afe5b7dd713b83967f1ae062ffe8347bf9d0c70868526cf841,1,242df91dd96739afe5b7dd713b83967f1ae062ffe8347bf9d0c70868526cf841
/Users/josephkamil/Desktop/Capstone/Oly_Data/segmented/split_jerk/split_jerk_from_cj_0057.mp4,split_jerk,split_jerk_from_cj_0057.mp4,0.06,split_jerk,,yes,,olympic,split_jerk_sha_d8d3f92db94826db,test,d8d3f92db94826db7ab97eaa7651c3e5e72eb7eec4dcb710fc00dc5bb593a072,1,d8d3f92db94826db7ab97eaa7651c3e5e72eb7eec4dcb710fc00dc5bb593a072
/Users/josephkamil/Desktop/Capstone/Oly_Data/segmented/split_jerk/split_jerk_from_cj_0096.mp4,split_jerk,split_jerk_from_cj_0096.mp4,0.04,split_jerk,,yes,,olympic,split_jerk_sha_3c4f91e6b02d7253,train,3c4f91e6b02d72535c2e7c05e1c3fee68e8d9eec0e785f5ae20b02ee9427e151,1,3c4f91e6b02d72535c2e7c05e1c3fee68e8d9eec0e785f5ae20b02ee9427e151
/Users/josephkamil/Desktop/Capstone/Oly_Data/segmented/split_jerk/split_jerk_from_cj_0031.mp4,split_jerk,split_jerk_from_cj_0031.mp4,0.14,split_jerk,,yes,,olympic,split_jerk_sha_52ed85ba79fb4f9c,train,52ed85ba79fb4f9c56aababf13d823b5493079c7866d8c306a1fea6e2a2d8074,1,52ed85ba79fb4f9c56aababf13d823b5493079c7866d8c306a1fea6e2a2d8074
/Users/josephkamil/Desktop/Capstone/Oly_Data/segmented/split_jerk/split_jerk_from_cj_0103.mp4,split_jerk,split_jerk_from_cj_0103.mp4,0.12,split_jerk,,yes,,olympic,split_jerk_split_jerk_from_cj_0103,train,84be885fb3cc6cd8107eb051c50547691f0f96a02199f2a00a4c325825664c7d,1,84be885fb3cc6cd8107eb051c50547691f0f96a02199f2a00a4c325825664c7d
/Users/josephkamil/Desktop/Capstone/Oly_Data/segmented/split_jerk/split_jerk_from_cj_0053.mp4,split_jerk,split_jerk_from_cj_0053.mp4,0.07,split_jerk,,yes,,olympic,split_jerk_sha_4aace02838885ba7,test,4aace02838885ba740e0570113a430442b984f245f1d9938a52846af83d33349,2,4aace02838885ba740e0570113a430442b984f245f1d9938a52846af83d33349
/Users/josephkamil/Desktop/Capstone/Oly_Data/segmented/split_jerk/split_jerk_from_cj_0102.mp4,split_jerk,split_jerk_from_cj_0102.mp4,0.04,split_jerk,,yes,,olympic,split_jerk_sha_3121625924316671,train,31216259243166715740d48e88f922a55b1201cc4e26c24aaa85664705fcd698,2,31216259243166715740d48e88f922a55b1201cc4e26c24aaa85664705fcd698
/Users/josephkamil/Desktop/Capstone/Oly_Data/segmented/split_jerk/split_jerk_from_cj_0145.mp4,split_jerk,split_jerk_from_cj_0145.mp4,0.17,split_jerk,,yes,,olympic,split_jerk_sha_55873f9c1d3dbbd0,train,55873f9c1d3dbbd040aad4c0d46fd78e386fd2edb8987ac21018698df9c8b058,1,55873f9c1d3dbbd040aad4c0d46fd78e386fd2edb8987ac21018698df9c8b058
/Users/josephkamil/Desktop/Capstone/Oly_Data/segmented/split_jerk/split_jerk_from_cj_0086.mp4,split_jerk,split_jerk_from_cj_0086.mp4,0.12,split_jerk,,yes,,olympic,split_jerk_sha_756a8df909827a34,train,756a8df909827a342a11938272d4b61e87314b82efea3b3f0567ccb4dc0f65c3,1,756a8df909827a342a11938272d4b61e87314b82efea3b3f0567ccb4dc0f65c3
/Users/josephkamil/Desktop/Capstone/Oly_Data/segmented/split_jerk/split_jerk_from_cj_0017.mp4,split_jerk,split_jerk_from_cj_0017.mp4,0.04,split_jerk,,yes,,olympic,split_jerk_sha_fdf49ddfe3fa00b9,train,fdf49ddfe3fa00b993b440c9693f06a89b2b9e772424423cad52519bfa2db691,2,fdf49ddfe3fa00b993b440c9693f06a89b2b9e772424423cad52519bfa2db691
/Users/josephkamil/Desktop/Capstone/Oly_Data/segmented/split_jerk/split_jerk_from_cj_0068.mp4,split_jerk,split_jerk_from_cj_0068.mp4,0.12,split_jerk,,yes,,olympic,split_jerk_sha_648cf9e756b545f7,train,648cf9e756b545f76014a7f12cf8b403309ae22a2d83d3ea19d86ddcf2ccf21a,1,648cf9e756b545f76014a7f12cf8b403309ae22a2d83d3ea19d86ddcf2ccf21a
/Users/josephkamil/Desktop/Capstone/Oly_Data/segmented/split_jerk/split_jerk_from_cj_0032.mp4,split_jerk,split_jerk_from_cj_0032.mp4,0.13,split_jerk,,yes,,olympic,split_jerk_sha_2594a6ff1e77fbdf,dev,2594a6ff1e77fbdfa50291bbf9d0c940b364a18dfa4908e1424b4cf1a9064d75,1,2594a6ff1e77fbdfa50291bbf9d0c940b364a18dfa4908e1424b4cf1a9064d75
/Users/josephkamil/Desktop/Capstone/Oly_Data/segmented/split_jerk/split_jerk_from_cj_0130.mp4,split_jerk,split_jerk_from_cj_0130.mp4,0.06,split_jerk,,yes,,olympic,split_jerk_sha_2ad88f1dbe694c7c,test,2ad88f1dbe694c7c65279339ed6891ca71f4e15abd28a0db38bcc097df83e7b2,1,2ad88f1dbe694c7c65279339ed6891ca71f4e15abd28a0db38bcc097df83e7b2
/Users/josephkamil/Desktop/Capstone/Oly_Data/segmented/split_jerk/split_jerk_from_cj_0150.mp4,split_jerk,split_jerk_from_cj_0150.mp4,0.12,split_jerk,,yes,,olympic,split_jerk_sha_eef3f3da912aa3c5,train,eef3f3da912aa3c5f2ed39c9c65251764501017f60d7c654821ceda6e4d01424,2,eef3f3da912aa3c5f2ed39c9c65251764501017f60d7c654821ceda6e4d01424
/Users/josephkamil/Desktop/Capstone/Oly_Data/segmented/split_jerk/split_jerk_from_cj_0100.mp4,split_jerk,split_jerk_from_cj_0100.mp4,0.15,split_jerk,,yes,,olympic,split_jerk_sha_16d61609756a259a,train,16d61609756a259a39aa08077377dfc2eb957d9f5cba6a804089b8b047d8caef,1,16d61609756a259a39aa08077377dfc2eb957d9f5cba6a804089b8b047d8caef
/Users/josephkamil/Desktop/Capstone/Oly_Data/segmented/split_jerk/split_jerk_from_cj_0018.mp4,split_jerk,split_jerk_from_cj_0018.mp4,0.1,split_jerk,,yes,,olympic,split_jerk_sha_feed5a96310cc281,train,feed5a96310cc28146a613d5dc60b95b959de088fc1c734af787ebe38532b7cd,2,feed5a96310cc28146a613d5dc60b95b959de088fc1c734af787ebe38532b7cd
/Users/josephkamil/Desktop/Capstone/Oly_Data/segmented/split_jerk/split_jerk_from_cj_0077.mp4,split_jerk,split_jerk_from_cj_0077.mp4,0.15,split_jerk,,yes,,olympic,split_jerk_sha_66d4bd4d75aac374,train,66d4bd4d75aac374be6b96a96eefe541cf9d6b3503de52aff46a6115fe201901,1,66d4bd4d75aac374be6b96a96eefe541cf9d6b3503de52aff46a6115fe201901
/Users/josephkamil/Desktop/Capstone/Oly_Data/segmented/split_jerk/split_jerk_from_cj_0020.mp4,split_jerk,split_jerk_from_cj_0020.mp4,0.05,split_jerk,,yes,,olympic,split_jerk_sha_847e38c7952f8445,train,847e38c7952f84451d25c36622967800d1e1fcc9f1d4f8c704b5069bdaa242d0,1,847e38c7952f84451d25c36622967800d1e1fcc9f1d4f8c704b5069bdaa242d0
/Users/josephkamil/Desktop/Capstone/Oly_Data/segmented/split_jerk/split_jerk_from_cj_0014.mp4,split_jerk,split_jerk_from_cj_0014.mp4,0.13,split_jerk,,yes,,olympic,split_jerk_sha_9d8ea79894c41b53,train,9d8ea79894c41b53ad049e560705c3765be18bf11d958c6103b5e1dffa41843c,1,9d8ea79894c41b53ad049e560705c3765be18bf11d958c6103b5e1dffa41843c
/Users/josephkamil/Desktop/Capstone/Oly_Data/segmented/split_jerk/split_jerk_from_cj_0011.mp4,split_jerk,split_jerk_from_cj_0011.mp4,0.15,split_jerk,,yes,,olympic,split_jerk_sha_cd9d33ff0ef7d85e,train,cd9d33ff0ef7d85e9b8a3cc32001813c1454608a7b681e2ca2880b05c41ea72a,2,cd9d33ff0ef7d85e9b8a3cc32001813c1454608a7b681e2ca2880b05c41ea72a
/Users/josephkamil/Desktop/Capstone/Oly_Data/segmented/split_jerk/split_jerk_from_cj_0033.mp4,split_jerk,split_jerk_from_cj_0033.mp4,0.15,split_jerk,,yes,,olympic,split_jerk_sha_c35373432483f138,train,c35373432483f13884f7f58723983b086d9309f2dd2da0e5cf4c60542842bdee,1,c35373432483f13884f7f58723983b086d9309f2dd2da0e5cf4c60542842bdee
/Users/josephkamil/Desktop/Capstone/Oly_Data/segmented/split_jerk/split_jerk_from_cj_0154.mp4,split_jerk,split_jerk_from_cj_0154.mp4,0.1,split_jerk,,yes,,olympic,split_jerk_sha_f8054dcbf5c021f4,dev,f8054dcbf5c021f4ca6db496417543719b1fd6a873d4fe2eaad54d11ec2de8f5,1,f8054dcbf5c021f4ca6db496417543719b1fd6a873d4fe2eaad54d11ec2de8f5
/Users/josephkamil/Desktop/Capstone/Oly_Data/segmented/split_jerk/split_jerk_from_cj_0058.mp4,split_jerk,split_jerk_from_cj_0058.mp4,0.06,split_jerk,,yes,,olympic,split_jerk_sha_8d1e1ab6dacd7e71,test,8d1e1ab6dacd7e71eb028f91c7f42868463e9b02bfab1ebe25e8e8760aff1cf2,2,8d1e1ab6dacd7e71eb028f91c7f42868463e9b02bfab1ebe25e8e8760aff1cf2
/Users/josephkamil/Desktop/Capstone/Oly_Data/segmented/split_jerk/split_jerk_from_cj_0106.mp4,split_jerk,split_jerk_from_cj_0106.mp4,0.13,split_jerk,,yes,,olympic,split_jerk_sha_8256647a6185a3aa,train,8256647a6185a3aad863e8c85f4b53b3c3114a6740fb527bb86d9e70534a9446,1,8256647a6185a3aad863e8c85f4b53b3c3114a6740fb527bb86d9e70534a9446
/Users/josephkamil/Desktop/Capstone/Oly_Data/segmented/split_jerk/split_jerk_from_cj_0080.mp4,split_jerk,split_jerk_from_cj_0080.mp4,0.16,split_jerk,,yes,,olympic,split_jerk_sha_6638462a35eb5ebb,train,6638462a35eb5ebbe2b6b73c20a364885d2b64093cf9b53deaa2eace89c77d48,1,6638462a35eb5ebbe2b6b73c20a364885d2b64093cf9b53deaa2eace89c77d48
/Users/josephkamil/Desktop/Capstone/Oly_Data/segmented/split_jerk/split_jerk_from_cj_0062.mp4,split_jerk,split_jerk_from_cj_0062.mp4,0.06,split_jerk,,yes,,olympic,split_jerk_sha_7f1fe305b497b842,test,7f1fe305b497b842dbe36e3de1c979056f8be97fd8cd3e7080b73f62d0e2267a,1,7f1fe305b497b842dbe36e3de1c979056f8be97fd8cd3e7080b73f62d0e2267a
/Users/josephkamil/Desktop/Capstone/Oly_Data/segmented/split_jerk/split_jerk_from_cj_0117.mp4,split_jerk,split_jerk_from_cj_0117.mp4,0.18,split_jerk,,yes,,olympic,split_jerk_sha_c1c8988304f5e044,train,c1c8988304f5e044857f3da8497bd12ff98d73d91358ad9b38555880f1b697ed,1,c1c8988304f5e044857f3da8497bd12ff98d73d91358ad9b38555880f1b697ed
/Users/josephkamil/Desktop/Capstone/Oly_Data/segmented/split_jerk/split_jerk_from_cj_0004.mp4,split_jerk,split_jerk_from_cj_0004.mp4,0.12,split_jerk,,yes,,olympic,split_jerk_sha_fe6fbb48dfb89596,dev,fe6fbb48dfb895960defa6cdb73d188540de8200e8c4351a7b59e66623feffb6,1,fe6fbb48dfb895960defa6cdb73d188540de8200e8c4351a7b59e66623feffb6
/Users/josephkamil/Desktop/Capstone/Oly_Data/segmented/split_jerk/split_jerk_from_cj_0125.mp4,split_jerk,split_jerk_from_cj_0125.mp4,0.13,split_jerk,,yes,,olympic,split_jerk_sha_c18d079899463e8b,dev,c18d079899463e8bc69bd24e4a73307b4f25e63693906daf0733d0ef030ba07e,2,c18d079899463e8bc69bd24e4a73307b4f25e63693906daf0733d0ef030ba07e
/Users/josephkamil/Desktop/Capstone/Oly_Data/segmented/split_jerk/split_jerk_from_cj_0047.mp4,split_jerk,split_jerk_from_cj_0047.mp4,0.07,split_jerk,,yes,,olympic,split_jerk_sha_5b72e8ca86135b90,test,5b72e8ca86135b90286a9953697be104e187a5770ab245705538b0507326141a,1,5b72e8ca86135b90286a9953697be104e187a5770ab245705538b0507326141a
/Users/josephkamil/Desktop/Capstone/Oly_Data/segmented/split_jerk/split_jerk_from_cj_0071.mp4,split_jerk,split_jerk_from_cj_0071.mp4,0.12,split_jerk,,yes,,olympic,split_jerk_sha_9cf6ddca08d1ea8a,train,9cf6ddca08d1ea8abfe489ab9f861237f1ffa8470ceda99f6f487bef53b52792,1,9cf6ddca08d1ea8abfe489ab9f861237f1ffa8470ceda99f6f487bef53b52792
/Users/josephkamil/Desktop/Capstone/Oly_Data/segmented/split_jerk/split_jerk_from_cj_0028.mp4,split_jerk,split_jerk_from_cj_0028.mp4,0.13,split_jerk,,yes,,olympic,split_jerk_sha_ef998bd10ee9ae79,train,ef998bd10ee9ae79c20ddb952abb56f68df799ea61d70314a24d538b4c3f6f81,1,ef998bd10ee9ae79c20ddb952abb56f68df799ea61d70314a24d538b4c3f6f81
/Users/josephkamil/Desktop/Capstone/Oly_Data/segmented/split_jerk/split_jerk_from_cj_0141.mp4,split_jerk,split_jerk_from_cj_0141.mp4,0.06,split_jerk,,yes,,olympic,split_jerk_sha_bb16615e1636d24c,test,bb16615e1636d24c6399f1a1644b0fefe005d4f4dbf980596d44cb9a6c881ef0,1,bb16615e1636d24c6399f1a1644b0fefe005d4f4dbf980596d44cb9a6c881ef0
/Users/josephkamil/Desktop/Capstone/Oly_Data/segmented/split_jerk/split_jerk_from_cj_0084.mp4,split_jerk,split_jerk_from_cj_0084.mp4,0.04,split_jerk,,yes,,olympic,split_jerk_sha_6410249f15f69f15,train,6410249f15f69f15ea87ee0c726164e1f174e47d53bb945deb005cc1ed1f1aeb,1,6410249f15f69f15ea87ee0c726164e1f174e47d53bb945deb005cc1ed1f1aeb
/Users/josephkamil/Desktop/Capstone/Oly_Data/segmented/split_jerk/split_jerk_from_cj_0133.mp4,split_jerk,split_jerk_from_cj_0133.mp4,0.1,split_jerk,,yes,,olympic,split_jerk_sha_275227564b30eded,dev,275227564b30eded79d7769132035fad29d0222525e97c53c7ed8e7b5bc78b7b,1,275227564b30eded79d7769132035fad29d0222525e97c53c7ed8e7b5bc78b7b
/Users/josephkamil/Desktop/Capstone/Oly_Data/segmented/split_jerk/split_jerk_from_cj_0038.mp4,split_jerk,split_jerk_from_cj_0038.mp4,0.15,split_jerk,,yes,,olympic,split_jerk_split_jerk_from_cj_0038,dev,997c68259aef7922cd5d9d43275388551e9593772a495a902299262015bf4255,1,997c68259aef7922cd5d9d43275388551e9593772a495a902299262015bf4255
/Users/josephkamil/Desktop/Capstone/Oly_Data/segmented/split_jerk/split_jerk_from_cj_0083.mp4,split_jerk,split_jerk_from_cj_0083.mp4,0.23,split_jerk,,yes,,olympic,split_jerk_sha_5d7b8b35370dd16e,train,5d7b8b35370dd16ec26ef449b273fe8dd5d254c9f004cc705341404b8919955d,1,5d7b8b35370dd16ec26ef449b273fe8dd5d254c9f004cc705341404b8919955d
/Users/josephkamil/Desktop/Capstone/Oly_Data/segmented/split_jerk/split_jerk_from_cj_0024.mp4,split_jerk,split_jerk_from_cj_0024.mp4,0.06,split_jerk,,yes,,olympic,split_jerk_split_jerk_from_cj_0024,train,eb123313245e52eb09e4b875bbab2107d509e4a3583335fda73308296ad05d25,1,eb123313245e52eb09e4b875bbab2107d509e4a3583335fda73308296ad05d25
/Users/josephkamil/Desktop/Capstone/Oly_Data/segmented/split_jerk/split_jerk_from_cj_0146.mp4,split_jerk,split_jerk_from_cj_0146.mp4,0.15,split_jerk,,yes,,olympic,split_jerk_sha_58af8bdc6ef195c2,dev,58af8bdc6ef195c29058d47666cdc24005ca758456f0efe8fd3af4f9baffe3be,1,58af8bdc6ef195c29058d47666cdc24005ca758456f0efe8fd3af4f9baffe3be
/Users/josephkamil/Desktop/Capstone/Oly_Data/raw/clean_and_jerk/v_CleanAndJerk_g10_c01.avi,clean_and_jerk,v_CleanAndJerk_g10_c01.avi,0.52,clean_and_jerk,,yes,,olympic,clean_and_jerk_ucf_g10,dev,6327e6e5561a146f061bfcc438bbe6cb071853df087b75f0e1a0b3430b9ac59b,1,6327e6e5561a146f061bfcc438bbe6cb071853df087b75f0e1a0b3430b9ac59b
/Users/josephkamil/Desktop/Capstone/Oly_Data/raw/clean_and_jerk/v_CleanAndJerk_g15_c01.avi,clean_and_jerk,v_CleanAndJerk_g15_c01.avi,0.25,clean_and_jerk,,yes,,olympic,clean_and_jerk_ucf_g15,test,ff6d7c5dd3be208516e9796853ca1c4937f9921fd83a0727dba00ae529a76689,1,ff6d7c5dd3be208516e9796853ca1c4937f9921fd83a0727dba00ae529a76689
/Users/josephkamil/Desktop/Capstone/Oly_Data/raw/clean_and_jerk/v_CleanAndJerk_g02_c01.avi,clean_and_jerk,v_CleanAndJerk_g02_c01.avi,0.29,clean_and_jerk,,yes,,olympic,clean_and_jerk_ucf_g02,dev,78dff9a1b1eee5ec4cfe1d8a873dc9a9df39e33d002ebaa61898d2001455666b,1,78dff9a1b1eee5ec4cfe1d8a873dc9a9df39e33d002ebaa61898d2001455666b
/Users/josephkamil/Desktop/Capstone/Oly_Data/raw/clean_and_jerk/v_CleanAndJerk_g11_c04.avi,clean_and_jerk,v_CleanAndJerk_g11_c04.avi,0.53,clean_and_jerk,,yes,,olympic,clean_and_jerk_ucf_g11,train,d7ca4d0d7b2edf40c376d85a8674f6df5fea4ed1b75c9c7247905a3623dd21bd,1,d7ca4d0d7b2edf40c376d85a8674f6df5fea4ed1b75c9c7247905a3623dd21bd
/Users/josephkamil/Desktop/Capstone/Oly_Data/raw/clean_and_jerk/v_CleanAndJerk_g10_c03.avi,clean_and_jerk,v_CleanAndJerk_g10_c03.avi,0.56,clean_and_jerk,,yes,,olympic,clean_and_jerk_ucf_g10,dev,ad6f1652b30ce1f9f08ca04d1538963f00f40706cdc7e535256fded714c24a94,1,ad6f1652b30ce1f9f08ca04d1538963f00f40706cdc7e535256fded714c24a94
/Users/josephkamil/Desktop/Capstone/Oly_Data/raw/clean_and_jerk/v_CleanAndJerk_g16_c01.avi,clean_and_jerk,v_CleanAndJerk_g16_c01.avi,0.3,clean_and_jerk,,yes,,olympic,clean_and_jerk_ucf_g16,train,5bd4483342ddec5f5fbc708bc020251726a7342737b1a6af11174212c662fdb3,1,5bd4483342ddec5f5fbc708bc020251726a7342737b1a6af11174212c662fdb3
/Users/josephkamil/Desktop/Capstone/Oly_Data/raw/clean_and_jerk/v_CleanAndJerk_g06_c04.avi,clean_and_jerk,v_CleanAndJerk_g06_c04.avi,0.64,clean_and_jerk,,yes,,olympic,clean_and_jerk_ucf_g06,train,057a3e2ad826b4e86708c7be8c35245db88ce132e059a0d88caf87748927e417,1,057a3e2ad826b4e86708c7be8c35245db88ce132e059a0d88caf87748927e417
/Users/josephkamil/Desktop/Capstone/Oly_Data/raw/clean_and_jerk/v_CleanAndJerk_g03_c04.avi,clean_and_jerk,v_CleanAndJerk_g03_c04.avi,0.78,clean_and_jerk,,yes,,olympic,clean_and_jerk_ucf_g03,train,eb4064236c8d70eccb5b0c1be99528bb9b2a185c9c3267e0aad5e412d65600dc,1,eb4064236c8d70eccb5b0c1be99528bb9b2a185c9c3267e0aad5e412d65600dc
/Users/josephkamil/Desktop/Capstone/Oly_Data/raw/clean_and_jerk/v_CleanAndJerk_g03_c03.avi,clean_and_jerk,v_CleanAndJerk_g03_c03.avi,0.73,clean_and_jerk,,yes,,olympic,clean_and_jerk_ucf_g03,train,5f4806260efdde00a39638e544786bd8d14d17b805e191e89441599a3dbee45d,1,5f4806260efdde00a39638e544786bd8d14d17b805e191e89441599a3dbee45d
/Users/josephkamil/Desktop/Capstone/Oly_Data/raw/clean_and_jerk/v_CleanAndJerk_g11_c01.avi,clean_and_jerk,v_CleanAndJerk_g11_c01.avi,0.54,clean_and_jerk,,yes,,olympic,clean_and_jerk_ucf_g11,train,2ee1eaa097ca88b2d954ab8aecd292a94839067bac99fb38def9ec8ce52140e4,1,2ee1eaa097ca88b2d954ab8aecd292a94839067bac99fb38def9ec8ce52140e4
/Users/josephkamil/Desktop/Capstone/Oly_Data/raw/clean_and_jerk/v_CleanAndJerk_g17_c01.avi,clean_and_jerk,v_CleanAndJerk_g17_c01.avi,0.26,clean_and_jerk,,yes,,olympic,clean_and_jerk_ucf_g17,dev,8eab765a7be88f63c44c18f785c38b8ec465e066f4843659bbd3ca588bc524bc,1,8eab765a7be88f63c44c18f785c38b8ec465e066f4843659bbd3ca588bc524bc
/Users/josephkamil/Desktop/Capstone/Oly_Data/raw/clean_and_jerk/v_CleanAndJerk_g13_c01.avi,clean_and_jerk,v_CleanAndJerk_g13_c01.avi,0.22,clean_and_jerk,,yes,,olympic,clean_and_jerk_g13,train,bba70a9ed8bc1918ab91212833764eec557974b5e7ebbdfb4b622b84dc1a53f2,1,bba70a9ed8bc1918ab91212833764eec557974b5e7ebbdfb4b622b84dc1a53f2
/Users/josephkamil/Desktop/Capstone/Oly_Data/raw/clean_and_jerk/v_CleanAndJerk_g15_c04.avi,clean_and_jerk,v_CleanAndJerk_g15_c04.avi,0.29,clean_and_jerk,,yes,,olympic,clean_and_jerk_ucf_g15,test,b5ea08f7ed6afd814d541bb0ce84e6dd7cf26d2ba5b5295f2eeb5e0ee1c88da0,1,b5ea08f7ed6afd814d541bb0ce84e6dd7cf26d2ba5b5295f2eeb5e0ee1c88da0
/Users/josephkamil/Desktop/Capstone/Oly_Data/raw/clean_and_jerk/v_CleanAndJerk_g22_c04.avi,clean_and_jerk,v_CleanAndJerk_g22_c04.avi,0.64,clean_and_jerk,,yes,,olympic,clean_and_jerk_ucf_g22,train,6e787d3822b78613955254803d50a10a23fab340344031380e5ba3469334847b,1,6e787d3822b78613955254803d50a10a23fab340344031380e5ba3469334847b
/Users/josephkamil/Desktop/Capstone/Oly_Data/raw/clean_and_jerk/v_CleanAndJerk_g01_c01.avi,clean_and_jerk,v_CleanAndJerk_g01_c01.avi,0.3,clean_and_jerk,,yes,,olympic,clean_and_jerk_ucf_g01,train,03a3f82bb8c3dce94b17b25d14747b3378db9e762f6ddecf9212120d40f9806b,1,03a3f82bb8c3dce94b17b25d14747b3378db9e762f6ddecf9212120d40f9806b
/Users/josephkamil/Desktop/Capstone/Oly_Data/raw/clean_and_jerk/v_CleanAndJerk_g04_c05.avi,clean_and_jerk,v_CleanAndJerk_g04_c05.avi,0.6,clean_and_jerk,,yes,,olympic,clean_and_jerk_ucf_g04,test,8bb9bef348427fb8412e34d2543bf9c3ee65e5cd6c596b7669ee6f34f4498d2e,1,8bb9bef348427fb8412e34d2543bf9c3ee65e5cd6c596b7669ee6f34f4498d2e
/Users/josephkamil/Desktop/Capstone/Oly_Data/raw/clean_and_jerk/v_CleanAndJerk_g12_c06.avi,clean_and_jerk,v_CleanAndJerk_g12_c06.avi,0.38,clean_and_jerk,,yes,,olympic,clean_and_jerk_ucf_g12,train,00e2337a35e837a68fd00faaec6070e686c231718fadc01a03373cd8a143d840,1,00e2337a35e837a68fd00faaec6070e686c231718fadc01a03373cd8a143d840
/Users/josephkamil/Desktop/Capstone/Oly_Data/raw/clean_and_jerk/v_CleanAndJerk_g19_c01.avi,clean_and_jerk,v_CleanAndJerk_g19_c01.avi,0.76,clean_and_jerk,,yes,,olympic,clean_and_jerk_ucf_g19,dev,080ac19293d3f274343a391057c408f946910d5f10804449f4b9d2693e5ba6f1,1,080ac19293d3f274343a391057c408f946910d5f10804449f4b9d2693e5ba6f1
/Users/josephkamil/Desktop/Capstone/Oly_Data/raw/clean_and_jerk/v_CleanAndJerk_g24_c02.avi,clean_and_jerk,v_CleanAndJerk_g24_c02.avi,0.79,clean_and_jerk,,yes,,olympic,clean_and_jerk_ucf_g24,train,c936ce721793753ae8000c7b516a26e6f226be3c5b8d99d05774d2db78b164ca,1,c936ce721793753ae8000c7b516a26e6f226be3c5b8d99d05774d2db78b164ca
/Users/josephkamil/Desktop/Capstone/Oly_Data/raw/clean_and_jerk/v_CleanAndJerk_g21_c02.avi,clean_and_jerk,v_CleanAndJerk_g21_c02.avi,0.28,clean_and_jerk,,yes,,olympic,clean_and_jerk_ucf_g21,test,41bf7ddbea17aa565656ab1e7586b280f44c6fd536b5a128cbfe9f0dd8081d2f,1,41bf7ddbea17aa565656ab1e7586b280f44c6fd536b5a128cbfe9f0dd8081d2f
/Users/josephkamil/Desktop/Capstone/Oly_Data/raw/clean_and_jerk/v_CleanAndJerk_g09_c01.avi,clean_and_jerk,v_CleanAndJerk_g09_c01.avi,0.6,clean_and_jerk,,yes,,olympic,clean_and_jerk_ucf_g09,train,3ce3b958e642b3025f9cf7c43ff525086b70528d88c87093d706e64e470c246d,1,3ce3b958e642b3025f9cf7c43ff525086b70528d88c87093d706e64e470c246d
/Users/josephkamil/Desktop/Capstone/Oly_Data/raw/clean_and_jerk/v_CleanAndJerk_g03_c05.avi,clean_and_jerk,v_CleanAndJerk_g03_c05.avi,0.61,clean_and_jerk,,yes,,olympic,clean_and_jerk_ucf_g03,train,5721fb139b84c411f3b2b6da908cbfb0d7a9dcb11b19711d6c6b249d4beb3d77,1,5721fb139b84c411f3b2b6da908cbfb0d7a9dcb11b19711d6c6b249d4beb3d77
/Users/josephkamil/Desktop/Capstone/Oly_Data/raw/clean_and_jerk/v_CleanAndJerk_g07_c05.avi,clean_and_jerk,v_CleanAndJerk_g07_c05.avi,0.5,clean_and_jerk,,yes,,olympic,clean_and_jerk_ucf_g07,train,32053334a27d667bbc37e25726425bbedcb44d772b0abb6712a1226a9964fa3e,1,32053334a27d667bbc37e25726425bbedcb44d772b0abb6712a1226a9964fa3e
/Users/josephkamil/Desktop/Capstone/Oly_Data/raw/clean_and_jerk/v_CleanAndJerk_g15_c02.avi,clean_and_jerk,v_CleanAndJerk_g15_c02.avi,0.24,clean_and_jerk,,yes,,olympic,clean_and_jerk_ucf_g15,test,410697c96338ae13787cd05a4edf5dbc055a0e36da70c209267f820b7e3dbc15,1,410697c96338ae13787cd05a4edf5dbc055a0e36da70c209267f820b7e3dbc15
/Users/josephkamil/Desktop/Capstone/Oly_Data/raw/clean_and_jerk/v_CleanAndJerk_g21_c01.avi,clean_and_jerk,v_CleanAndJerk_g21_c01.avi,0.31,clean_and_jerk,,yes,,olympic,clean_and_jerk_ucf_g21,test,10b1394d31da81b89a00a642761a92260e71d529612e3e36d9170f4c36d513bc,1,10b1394d31da81b89a00a642761a92260e71d529612e3e36d9170f4c36d513bc
/Users/josephkamil/Desktop/Capstone/Oly_Data/raw/clean_and_jerk/v_CleanAndJerk_g14_c04.avi,clean_and_jerk,v_CleanAndJerk_g14_c04.avi,0.89,clean_and_jerk,,yes,,olympic,clean_and_jerk_ucf_g14,test,7c2bd4808a02317c4813a7fd05b12934f815af9160e9aaadd59d7d813dcd99e1,1,7c2bd4808a02317c4813a7fd05b12934f815af9160e9aaadd59d7d813dcd99e1
/Users/josephkamil/Desktop/Capstone/Oly_Data/raw/clean_and_jerk/v_CleanAndJerk_g05_c04.avi,clean_and_jerk,v_CleanAndJerk_g05_c04.avi,0.57,clean_and_jerk,,yes,,olympic,clean_and_jerk_ucf_g05,dev,cf3edd601d799766bad9026807a005aef19e8b5b0ef16c90376c78aa018b2ea1,1,cf3edd601d799766bad9026807a005aef19e8b5b0ef16c90376c78aa018b2ea1
/Users/josephkamil/Desktop/Capstone/Oly_Data/raw/clean_and_jerk/v_CleanAndJerk_g20_c02.avi,clean_and_jerk,v_CleanAndJerk_g20_c02.avi,0.74,clean_and_jerk,,yes,,olympic,clean_and_jerk_ucf_g20,train,0eddc0e1f03e03ac727c924e96a4ef292598fc54b985fc0b1a6a2f5b3b694160,1,0eddc0e1f03e03ac727c924e96a4ef292598fc54b985fc0b1a6a2f5b3b694160
/Users/josephkamil/Desktop/Capstone/Oly_Data/raw/clean_and_jerk/v_CleanAndJerk_g19_c02.avi,clean_and_jerk,v_CleanAndJerk_g19_c02.avi,0.59,clean_and_jerk,,yes,,olympic,clean_and_jerk_ucf_g19,dev,2e9d7ecd3e034ed34e442f2b5edf2f7a320db4ad1cd0eec5c630d7ecb8432db7,1,2e9d7ecd3e034ed34e442f2b5edf2f7a320db4ad1cd0eec5c630d7ecb8432db7
/Users/josephkamil/Desktop/Capstone/Oly_Data/raw/clean_and_jerk/v_CleanAndJerk_g18_c02.avi,clean_and_jerk,v_CleanAndJerk_g18_c02.avi,0.63,clean_and_jerk,,yes,,olympic,clean_and_jerk_ucf_g18,train,883a0aaab2e75e21e8effff8c1494d4c4165ff2d2b08c9eaf3c9466eb68cd063,1,883a0aaab2e75e21e8effff8c1494d4c4165ff2d2b08c9eaf3c9466eb68cd063
/Users/josephkamil/Desktop/Capstone/Oly_Data/raw/clean_and_jerk/v_CleanAndJerk_g04_c02.avi,clean_and_jerk,v_CleanAndJerk_g04_c02.avi,0.6,clean_and_jerk,,yes,,olympic,clean_and_jerk_ucf_g04,test,845b5cef0be850e1cb64a03dda5aa0816da2b0b165bfa964113a7bd85d6bc785,1,845b5cef0be850e1cb64a03dda5aa0816da2b0b165bfa964113a7bd85d6bc785
/Users/josephkamil/Desktop/Capstone/Oly_Data/raw/clean_and_jerk/v_CleanAndJerk_g07_c04.avi,clean_and_jerk,v_CleanAndJerk_g07_c04.avi,0.74,clean_and_jerk,,yes,,olympic,clean_and_jerk_ucf_g07,train,e7dd0843d07f78a2d02af4d89480147d014f4a27893df4b8aedbc126469a9795,1,e7dd0843d07f78a2d02af4d89480147d014f4a27893df4b8aedbc126469a9795
/Users/josephkamil/Desktop/Capstone/Oly_Data/raw/clean_and_jerk/v_CleanAndJerk_g11_c02.avi,clean_and_jerk,v_CleanAndJerk_g11_c02.avi,0.77,clean_and_jerk,,yes,,olympic,clean_and_jerk_ucf_g11,train,c598c39241163dd47a13c8224eac30db3291a90d967e7973d64387830b9c9338,1,c598c39241163dd47a13c8224eac30db3291a90d967e7973d64387830b9c9338
/Users/josephkamil/Desktop/Capstone/Oly_Data/raw/clean_and_jerk/v_CleanAndJerk_g03_c02.avi,clean_and_jerk,v_CleanAndJerk_g03_c02.avi,0.68,clean_and_jerk,,yes,,olympic,clean_and_jerk_ucf_g03,train,2bf98f18cce8a5838fc985d1219a6952da2fe79c5c6a8aa86c3adc44d55bd456,1,2bf98f18cce8a5838fc985d1219a6952da2fe79c5c6a8aa86c3adc44d55bd456
/Users/josephkamil/Desktop/Capstone/Oly_Data/raw/clean_and_jerk/v_CleanAndJerk_g08_c02.avi,clean_and_jerk,v_CleanAndJerk_g08_c02.avi,0.29,clean_and_jerk,,yes,,olympic,clean_and_jerk_ucf_g08,train,9700ae8bcb6f8a644935815d08f8162aa27ef24cb52e6811cfe126af317e2dc3,1,9700ae8bcb6f8a644935815d08f8162aa27ef24cb52e6811cfe126af317e2dc3
/Users/josephkamil/Desktop/Capstone/Oly_Data/raw/clean_and_jerk/v_CleanAndJerk_g13_c02.avi,clean_and_jerk,v_CleanAndJerk_g13_c02.avi,0.28,clean_and_jerk,,yes,,olympic,clean_and_jerk_ucf_g13,train,dabd3af43dbff593e8eeab9dc2da2b8c7d2729a9d691f120d8f6882640eb1d2a,1,dabd3af43dbff593e8eeab9dc2da2b8c7d2729a9d691f120d8f6882640eb1d2a
/Users/josephkamil/Desktop/Capstone/Oly_Data/raw/clean_and_jerk/v_CleanAndJerk_g14_c06.avi,clean_and_jerk,v_CleanAndJerk_g14_c06.avi,0.61,clean_and_jerk,,yes,,olympic,clean_and_jerk_ucf_g14,test,dfe71f79a13625422f66adee063de4087fd54cc9426624e37f2a7e161145e39d,1,dfe71f79a13625422f66adee063de4087fd54cc9426624e37f2a7e161145e39d
/Users/josephkamil/Desktop/Capstone/Oly_Data/raw/clean_and_jerk/v_CleanAndJerk_g07_c02.avi,clean_and_jerk,v_CleanAndJerk_g07_c02.avi,0.79,clean_and_jerk,,yes,,olympic,clean_and_jerk_ucf_g07,train,a62d93848e77d1d0562afb031fbb311d441784d8eaeb725f6c35c49d2170e683,1,a62d93848e77d1d0562afb031fbb311d441784d8eaeb725f6c35c49d2170e683
/Users/josephkamil/Desktop/Capstone/Oly_Data/raw/clean_and_jerk/v_CleanAndJerk_g18_c04.avi,clean_and_jerk,v_CleanAndJerk_g18_c04.avi,0.59,clean_and_jerk,,yes,,olympic,clean_and_jerk_ucf_g18,train,7ce3bebfe4bf0b40d64e279571a5484c66715bd562ad84a0324f839dabb3f2f7,1,7ce3bebfe4bf0b40d64e279571a5484c66715bd562ad84a0324f839dabb3f2f7
/Users/josephkamil/Desktop/Capstone/Oly_Data/raw/clean_and_jerk/v_CleanAndJerk_g02_c02.avi,clean_and_jerk,v_CleanAndJerk_g02_c02.avi,0.64,clean_and_jerk,,yes,,olympic,clean_and_jerk_ucf_g02,dev,18212e92700f1ab5def2eabbb47f861b2530bca2467e04dd4cc0582a3ee4fdd1,1,18212e92700f1ab5def2eabbb47f861b2530bca2467e04dd4cc0582a3ee4fdd1
/Users/josephkamil/Desktop/Capstone/Oly_Data/raw/clean_and_jerk/v_CleanAndJerk_g25_c02.avi,clean_and_jerk,v_CleanAndJerk_g25_c02.avi,0.47,clean_and_jerk,,yes,,olympic,clean_and_jerk_ucf_g25,train,e1c9ae7139b22718c7d45247044f4da97dd41d4cd3ba59fda243cd1d94e31d76,1,e1c9ae7139b22718c7d45247044f4da97dd41d4cd3ba59fda243cd1d94e31d76
/Users/josephkamil/Desktop/Capstone/Oly_Data/raw/clean_and_jerk/v_CleanAndJerk_g16_c02.avi,clean_and_jerk,v_CleanAndJerk_g16_c02.avi,0.3,clean_and_jerk,,yes,,olympic,clean_and_jerk_ucf_g16,train,110a5ff7800167cf3e26a1960e1b1a26c98a811edebffd756de58d6935ac348d,1,110a5ff7800167cf3e26a1960e1b1a26c98a811edebffd756de58d6935ac348d
/Users/josephkamil/Desktop/Capstone/Oly_Data/raw/clean_and_jerk/v_CleanAndJerk_g09_c04.avi,clean_and_jerk,v_CleanAndJerk_g09_c04.avi,0.57,clean_and_jerk,,yes,,olympic,clean_and_jerk_ucf_g09,train,b9b517517550b3d041b2ce51a0ef54ce06a44397157a91e5ebbe4744f707a9be,1,b9b517517550b3d041b2ce51a0ef54ce06a44397157a91e5ebbe4744f707a9be
/Users/josephkamil/Desktop/Capstone/Oly_Data/raw/clean_and_jerk/v_CleanAndJerk_g08_c04.avi,clean_and_jerk,v_CleanAndJerk_g08_c04.avi,0.75,clean_and_jerk,,yes,,olympic,clean_and_jerk_ucf_g08,train,d12d30c161f08f9feec0d41c480febc8c9d627fb45fa3e93f93a54282496cde9,1,d12d30c161f08f9feec0d41c480febc8c9d627fb45fa3e93f93a54282496cde9
/Users/josephkamil/Desktop/Capstone/Oly_Data/raw/clean_and_jerk/v_CleanAndJerk_g04_c03.avi,clean_and_jerk,v_CleanAndJerk_g04_c03.avi,0.4,clean_and_jerk,,yes,,olympic,clean_and_jerk_ucf_g04,test,df46248063eee5661dd1028b012b5ea19b824095a2ecd0ef00d2574f3212a6eb,1,df46248063eee5661dd1028b012b5ea19b824095a2ecd0ef00d2574f3212a6eb
/Users/josephkamil/Desktop/Capstone/Oly_Data/raw/clean_and_jerk/v_CleanAndJerk_g24_c04.avi,clean_and_jerk,v_CleanAndJerk_g24_c04.avi,0.44,clean_and_jerk,,yes,,olympic,clean_and_jerk_ucf_g24,train,525ed3107bcc20c3d183719bbc34fbeecc2a53e6fec618cc5d3fa61be83f4a1c,1,525ed3107bcc20c3d183719bbc34fbeecc2a53e6fec618cc5d3fa61be83f4a1c
/Users/josephkamil/Desktop/Capstone/Oly_Data/raw/clean_and_jerk/v_CleanAndJerk_g08_c03.avi,clean_and_jerk,v_CleanAndJerk_g08_c03.avi,0.31,clean_and_jerk,,yes,,olympic,clean_and_jerk_ucf_g08,train,17ccb8920a6b2e3f3bfd7e21edd2b28025a5d2e1c30c6061e4821348318ec961,1,17ccb8920a6b2e3f3bfd7e21edd2b28025a5d2e1c30c6061e4821348318ec961
/Users/josephkamil/Desktop/Capstone/Oly_Data/raw/real_router/clean_and_jerk/clean_correct_320x240.mp4,clean_and_jerk,clean_correct_320x240.mp4,0.2,clean,,yes,,olympic,clean_sha_d3c896bec613517f,dev,d3c896bec613517f7b219b262c876fc0a3a37217722c08536ce36cdc72973b0e,2,d3c896bec613517f7b219b262c876fc0a3a37217722c08536ce36cdc72973b0e
/Users/josephkamil/Desktop/Capstone/Oly_Data/raw/clean_and_jerk/v_CleanAndJerk_g02_c04.avi,clean_and_jerk,v_CleanAndJerk_g02_c04.avi,0.76,clean_and_jerk,,yes,,olympic,clean_and_jerk_ucf_g02,dev,54a0f0616cca6a705ecf01146310c16c065259e4c278d974ea3aff077f87a481,1,54a0f0616cca6a705ecf01146310c16c065259e4c278d974ea3aff077f87a481
/Users/josephkamil/Desktop/Capstone/Oly_Data/raw/clean_and_jerk/v_CleanAndJerk_g10_c04.avi,clean_and_jerk,v_CleanAndJerk_g10_c04.avi,0.73,clean_and_jerk,,yes,,olympic,clean_and_jerk_ucf_g10,dev,4c00d4719a11aa4ccb47ad7a5da37e7bc7d7c0ae25f0e85c47648da839d8b820,1,4c00d4719a11aa4ccb47ad7a5da37e7bc7d7c0ae25f0e85c47648da839d8b820
/Users/josephkamil/Desktop/Capstone/Oly_Data/raw/snatch_mp4/LBXdfklSpVg_03930_04260.mp4,snatch_mp4,LBXdfklSpVg_03930_04260.mp4,1.11,snatch,,yes,,olympic,snatch_youtube_lbxdfklspvg,test,88979bf15befce5301b4a11893d70f313d01c59751a19e6fc6e922463c5d4426,1,88979bf15befce5301b4a11893d70f313d01c59751a19e6fc6e922463c5d4426
/Users/josephkamil/Desktop/Capstone/Oly_Data/raw/snatch_mp4/iEByXfUcsMw_00071_00334.mp4,snatch_mp4,iEByXfUcsMw_00071_00334.mp4,0.55,snatch,,yes,,olympic,snatch_youtube_iebyxfucsmw,train,7e31ba490c08ba11c59caad4370c1e5e0d307d0b9b95d874d60e5f1c3a3706b4,1,7e31ba490c08ba11c59caad4370c1e5e0d307d0b9b95d874d60e5f1c3a3706b4
/Users/josephkamil/Desktop/Capstone/Oly_Data/raw/snatch_mp4/LBXdfklSpVg_03373_03870.mp4,snatch_mp4,LBXdfklSpVg_03373_03870.mp4,1.49,snatch,,yes,,olympic,snatch_youtube_lbxdfklspvg,test,49600646f3407aaad583e5c146170fa843af64f921a3e2948de41c24fec9bac3,1,49600646f3407aaad583e5c146170fa843af64f921a3e2948de41c24fec9bac3
/Users/josephkamil/Desktop/Capstone/Oly_Data/raw/snatch_mp4/iEByXfUcsMw_08951_09530.mp4,snatch_mp4,iEByXfUcsMw_08951_09530.mp4,1.18,snatch,,yes,,olympic,snatch_youtube_iebyxfucsmw,train,719c364d09dea3f5ca72d2835a240f26659af20e1d8d850695dd05b3c1ebd3ab,1,719c364d09dea3f5ca72d2835a240f26659af20e1d8d850695dd05b3c1ebd3ab
/Users/josephkamil/Desktop/Capstone/Oly_Data/raw/snatch_mp4/GLoKBmPQzDo_00196_00635.mp4,snatch_mp4,GLoKBmPQzDo_00196_00635.mp4,1.87,snatch,,yes,,olympic,snatch_youtube_glokbmpqzdo,train,b090b496fc74b75bc635d5c7d5b72c56ff16ab194648b55d06f44bc9a421639a,1,b090b496fc74b75bc635d5c7d5b72c56ff16ab194648b55d06f44bc9a421639a
/Users/josephkamil/Desktop/Capstone/Oly_Data/raw/snatch_mp4/aPfHtLdduD4_00599_00987.mp4,snatch_mp4,aPfHtLdduD4_00599_00987.mp4,1.09,snatch,,yes,,olympic,snatch_youtube_apfhtlddud4,train,4cd87993352d09ce4192ab0c62a7254ca59d26a24f519fddf1c85b9c1970b8e5,1,4cd87993352d09ce4192ab0c62a7254ca59d26a24f519fddf1c85b9c1970b8e5
/Users/josephkamil/Desktop/Capstone/Oly_Data/raw/snatch_mp4/1DX0IXizcHg_02338_02511.mp4,snatch_mp4,1DX0IXizcHg_02338_02511.mp4,0.76,snatch,,yes,,olympic,snatch_youtube_1dx0ixizchg,test,dd009c65311cfc5445abb9dd6eb9ee32c102f63c676ac37256b343e4ef972bad,1,dd009c65311cfc5445abb9dd6eb9ee32c102f63c676ac37256b343e4ef972bad
/Users/josephkamil/Desktop/Capstone/Oly_Data/raw/snatch_mp4/8fcBgQUr4ek_04882_05148.mp4,snatch_mp4,8fcBgQUr4ek_04882_05148.mp4,0.92,snatch,,yes,,olympic,snatch_youtube_8fcbgqur4ek,train,630e7bff04133739e7a18da72351340042ffb749a4adf1ade158c6edf8cf8180,1,630e7bff04133739e7a18da72351340042ffb749a4adf1ade158c6edf8cf8180
/Users/josephkamil/Desktop/Capstone/Oly_Data/raw/snatch_mp4/-tl9NgfDKus_09414_10021.mp4,snatch_mp4,-tl9NgfDKus_09414_10021.mp4,3.71,snatch,,yes,,olympic,snatch_youtube_-tl9ngfdkus,train,cb9e2e8e58f3e040043c9df54aa365c68c1294b977fea368d0edbc384689abec,1,cb9e2e8e58f3e040043c9df54aa365c68c1294b977fea368d0edbc384689abec
/Users/josephkamil/Desktop/Capstone/Oly_Data/raw/snatch_mp4/HKGVFaRRHPE_00127_00357.mp4,snatch_mp4,HKGVFaRRHPE_00127_00357.mp4,0.85,snatch,,yes,,olympic,snatch_youtube_hkgvfarrhpe,train,8b305665f588545fc3ef330b45c9db5a8f0a0a2b29af24296eda2035af6c79d3,1,8b305665f588545fc3ef330b45c9db5a8f0a0a2b29af24296eda2035af6c79d3
/Users/josephkamil/Desktop/Capstone/Oly_Data/raw/snatch_mp4/1DX0IXizcHg_01292_01617.mp4,snatch_mp4,1DX0IXizcHg_01292_01617.mp4,1.38,snatch,,yes,,olympic,snatch_youtube_1dx0ixizchg,test,2bec19b338694739c0cc7990bcc8dcba26a912e6c78bf3a3985b60f801da8e04,1,2bec19b338694739c0cc7990bcc8dcba26a912e6c78bf3a3985b60f801da8e04
/Users/josephkamil/Desktop/Capstone/Oly_Data/raw/snatch_mp4/-tl9NgfDKus_02564_02754.mp4,snatch_mp4,-tl9NgfDKus_02564_02754.mp4,1.43,snatch,,yes,,olympic,snatch_youtube_-tl9ngfdkus,train,2c02440524986b132dd0035e46728228706caa19ee4b45a94d451aca6c504569,1,2c02440524986b132dd0035e46728228706caa19ee4b45a94d451aca6c504569
/Users/josephkamil/Desktop/Capstone/Oly_Data/raw/snatch_mp4/1DX0IXizcHg_00270_00428.mp4,snatch_mp4,1DX0IXizcHg_00270_00428.mp4,0.75,snatch,,yes,,olympic,snatch_youtube_1dx0ixizchg,test,7677548fb6f8a27732283b8fafe94064b9a3c807f4812598b2a6fc2baf0528be,1,7677548fb6f8a27732283b8fafe94064b9a3c807f4812598b2a6fc2baf0528be
/Users/josephkamil/Desktop/Capstone/Oly_Data/raw/snatch_mp4/eVqGMfMXG24_00001_00224.mp4,snatch_mp4,eVqGMfMXG24_00001_00224.mp4,0.52,snatch,,yes,,olympic,snatch_youtube_evqgmfmxg24,train,1621a76c0188298a5e3a569b538046013fcdc37960c4543774dc9d240a6c12f8,1,1621a76c0188298a5e3a569b538046013fcdc37960c4543774dc9d240a6c12f8
/Users/josephkamil/Desktop/Capstone/Oly_Data/raw/snatch_mp4/QWN_unS5o8I_00130_00373.mp4,snatch_mp4,QWN_unS5o8I_00130_00373.mp4,0.48,snatch,,yes,,olympic,snatch_youtube_qwn_uns5o8i,dev,f3850a6e88365c681c4320f5c36fb9ab2caabd1187ece9238a83c6ce1abcb10c,1,f3850a6e88365c681c4320f5c36fb9ab2caabd1187ece9238a83c6ce1abcb10c
/Users/josephkamil/Desktop/Capstone/Oly_Data/raw/snatch_mp4/1DX0IXizcHg_02569_02687.mp4,snatch_mp4,1DX0IXizcHg_02569_02687.mp4,0.48,snatch,,yes,,olympic,snatch_youtube_1dx0ixizchg,test,a7c2a9884da8afc7fa664721825f49c4598382d1a279ce1b1191d64b0b2bfeab,1,a7c2a9884da8afc7fa664721825f49c4598382d1a279ce1b1191d64b0b2bfeab
/Users/josephkamil/Desktop/Capstone/Oly_Data/raw/snatch_mp4/6L4a8jKc-nM_00001_00299.mp4,snatch_mp4,6L4a8jKc-nM_00001_00299.mp4,0.54,snatch,,yes,,olympic,snatch_youtube_6l4a8jkc-nm,train,92f92d65ee8f8107e1219bee1058c70614960f1f245b9d7c6fa125c72dd7059d,1,92f92d65ee8f8107e1219bee1058c70614960f1f245b9d7c6fa125c72dd7059d
/Users/josephkamil/Desktop/Capstone/Oly_Data/raw/snatch_mp4/vYVUB81VKEk_00001_00569.mp4,snatch_mp4,vYVUB81VKEk_00001_00569.mp4,2.76,snatch,,yes,,olympic,snatch_youtube_vyvub81vkek,train,25fb6f50e2c6364d4ea595423c840b4da99cfefa794a57ba30fc9b551185e9ac,1,25fb6f50e2c6364d4ea595423c840b4da99cfefa794a57ba30fc9b551185e9ac
/Users/josephkamil/Desktop/Capstone/Oly_Data/raw/snatch_mp4/300i1qmyl-k_00721_01185.mp4,snatch_mp4,300i1qmyl-k_00721_01185.mp4,1.16,snatch,,yes,,olympic,snatch_youtube_300i1qmyl-k,train,cb7b9ab5b6af7d23bcc9e02079a62d076039644a55794fd3422deeca1dc0e23a,1,cb7b9ab5b6af7d23bcc9e02079a62d076039644a55794fd3422deeca1dc0e23a
/Users/josephkamil/Desktop/Capstone/Oly_Data/raw/snatch_mp4/1DX0IXizcHg_01620_01856.mp4,snatch_mp4,1DX0IXizcHg_01620_01856.mp4,1.36,snatch,,yes,,olympic,snatch_youtube_1dx0ixizchg,test,315bfd7d6e9b1c90317960f209088cb1b34aa371f2ffbc6f6dfd014dbbbdd238,1,315bfd7d6e9b1c90317960f209088cb1b34aa371f2ffbc6f6dfd014dbbbdd238
/Users/josephkamil/Desktop/Capstone/Oly_Data/raw/snatch_mp4/4_jMgAJ5Wu0_00574_00740.mp4,snatch_mp4,4_jMgAJ5Wu0_00574_00740.mp4,0.85,snatch,,yes,,olympic,snatch_youtube_4_jmgaj5wu0,test,d94c0d20eeed040a79f26f2f7e19a01e499527e9000317c98166d5cc43ee5298,1,d94c0d20eeed040a79f26f2f7e19a01e499527e9000317c98166d5cc43ee5298
/Users/josephkamil/Desktop/Capstone/Oly_Data/raw/snatch_mp4/N_RWv4k-O-I_00140_00501.mp4,snatch_mp4,N_RWv4k-O-I_00140_00501.mp4,1.07,snatch,,yes,,olympic,snatch_youtube_n_rwv4k-o-i,train,e328639da94a420eb38e68fb0cc987cd03241a9dfa37c6ba6a4ff405a0219799,1,e328639da94a420eb38e68fb0cc987cd03241a9dfa37c6ba6a4ff405a0219799
/Users/josephkamil/Desktop/Capstone/Oly_Data/raw/snatch_mp4/PWNoy3RLmEY_00459_00587.mp4,snatch_mp4,PWNoy3RLmEY_00459_00587.mp4,0.51,snatch,,yes,,olympic,snatch_youtube_pwnoy3rlmey,train,3e5232c526edfab77a1fc6866fb327d68ea8c65adc4b99bf882f7bee7096997e,1,3e5232c526edfab77a1fc6866fb327d68ea8c65adc4b99bf882f7bee7096997e
/Users/josephkamil/Desktop/Capstone/Oly_Data/raw/snatch_mp4/wYyhpNEQuLM_00700_01056.mp4,snatch_mp4,wYyhpNEQuLM_00700_01056.mp4,1.13,snatch,,yes,,olympic,snatch_youtube_wyyhpnequlm,test,b48282441c356eaa5cc52235ff0174bc22c21a900cb0bdf0a39eafa6227e4faf,1,b48282441c356eaa5cc52235ff0174bc22c21a900cb0bdf0a39eafa6227e4faf
/Users/josephkamil/Desktop/Capstone/Oly_Data/raw/snatch_mp4/-38xT-m3Fr4_01080_01414.mp4,snatch_mp4,-38xT-m3Fr4_01080_01414.mp4,1.06,snatch,,yes,,olympic,snatch_youtube_-38xt-m3fr4,train,d58ff7ff566d4315471eb282e7374218460502df95a115748de497f86e445494,1,d58ff7ff566d4315471eb282e7374218460502df95a115748de497f86e445494
/Users/josephkamil/Desktop/Capstone/Oly_Data/raw/snatch_mp4/Ne6x-EYnC1Q_00840_01096.mp4,snatch_mp4,Ne6x-EYnC1Q_00840_01096.mp4,0.82,snatch,,yes,,olympic,snatch_youtube_ne6x-eync1q,train,c20ce68563eef5cee2b4fe20e36fb3f0fdf7d352d93be0114fd66e7a01d12b7b,1,c20ce68563eef5cee2b4fe20e36fb3f0fdf7d352d93be0114fd66e7a01d12b7b
/Users/josephkamil/Desktop/Capstone/Oly_Data/raw/snatch_mp4/Ne6x-EYnC1Q_00239_00412.mp4,snatch_mp4,Ne6x-EYnC1Q_00239_00412.mp4,0.54,snatch,,yes,,olympic,snatch_youtube_ne6x-eync1q,train,b0aa33b35642d8fa3fd87735df40eea78d02096361eaeb04b2f116e41ed5890a,1,b0aa33b35642d8fa3fd87735df40eea78d02096361eaeb04b2f116e41ed5890a
/Users/josephkamil/Desktop/Capstone/Oly_Data/raw/snatch_mp4/0L-eq_vImgA_00001_00810.mp4,snatch_mp4,0L-eq_vImgA_00001_00810.mp4,1.84,snatch,,yes,,olympic,snatch_youtube_0l-eq_vimga,train,b588f0d9b9d83722e1072baa7b5918180b58f788a3b53cd69e50b2c12a8ce201,1,b588f0d9b9d83722e1072baa7b5918180b58f788a3b53cd69e50b2c12a8ce201
/Users/josephkamil/Desktop/Capstone/Oly_Data/raw/snatch_mp4/1DX0IXizcHg_02062_02337.mp4,snatch_mp4,1DX0IXizcHg_02062_02337.mp4,1.72,snatch,,yes,,olympic,snatch_youtube_1dx0ixizchg,test,ca17c29ae1b0369390b3d76e080b0d085b2acdeb4babbda0d5845a23113212f6,1,ca17c29ae1b0369390b3d76e080b0d085b2acdeb4babbda0d5845a23113212f6
/Users/josephkamil/Desktop/Capstone/Oly_Data/raw/snatch_mp4/Vl7SQWaLh-I_00240_00569.mp4,snatch_mp4,Vl7SQWaLh-I_00240_00569.mp4,0.7,snatch,,yes,,olympic,snatch_youtube_vl7sqwalh-i,train,df2550e3ce3ade6dda6bc6e52b1c302c4fb78696889b4495d8721fd9810c3dff,1,df2550e3ce3ade6dda6bc6e52b1c302c4fb78696889b4495d8721fd9810c3dff
/Users/josephkamil/Desktop/Capstone/Oly_Data/raw/snatch_mp4/-R8O1oRTmaw_01565_01796.mp4,snatch_mp4,-R8O1oRTmaw_01565_01796.mp4,1.01,snatch,,yes,,olympic,snatch_youtube_-r8o1ortmaw,train,053f82333957f00461143115d3637ec1a2e054e96003392167123ec5031ed699,1,053f82333957f00461143115d3637ec1a2e054e96003392167123ec5031ed699
/Users/josephkamil/Desktop/Capstone/Oly_Data/raw/snatch_mp4/qnkisPB3PPY_00154_00427.mp4,snatch_mp4,qnkisPB3PPY_00154_00427.mp4,0.4,snatch,,yes,,olympic,snatch_youtube_qnkispb3ppy,dev,6a3798b85399b27e0dd1f4989524d796d35b45dd0f4c75b383f610b6cd288c96,1,6a3798b85399b27e0dd1f4989524d796d35b45dd0f4c75b383f610b6cd288c96
/Users/josephkamil/Desktop/Capstone/Oly_Data/raw/snatch_mp4/DX9_nCDNVfk_00120_00450.mp4,snatch_mp4,DX9_nCDNVfk_00120_00450.mp4,0.76,snatch,,yes,,olympic,snatch_youtube_dx9_ncdnvfk,train,eec25e399b70e8cb2ef4c5055849508899368c627e06e12f3cf528e4762aaec1,1,eec25e399b70e8cb2ef4c5055849508899368c627e06e12f3cf528e4762aaec1
/Users/josephkamil/Desktop/Capstone/Oly_Data/raw/snatch_mp4/-tl9NgfDKus_02564_02720.mp4,snatch_mp4,-tl9NgfDKus_02564_02720.mp4,1.16,snatch,,yes,,olympic,snatch_youtube_-tl9ngfdkus,train,fdf43542e58bd62449ba58a5fdbe613d5a81ac001aae6407679b47150e661488,1,fdf43542e58bd62449ba58a5fdbe613d5a81ac001aae6407679b47150e661488
/Users/josephkamil/Desktop/Capstone/Oly_Data/raw/snatch_mp4/YInVzhc2KAo_00001_00298.mp4,snatch_mp4,YInVzhc2KAo_00001_00298.mp4,1.92,snatch,,yes,,olympic,snatch_youtube_yinvzhc2kao,train,e2e73916c3f488f8ad1e4a6eb4d3e6b5c5f706b1f658c5fde4bfa59f9ae3fb72,1,e2e73916c3f488f8ad1e4a6eb4d3e6b5c5f706b1f658c5fde4bfa59f9ae3fb72
/Users/josephkamil/Desktop/Capstone/Oly_Data/raw/snatch_mp4/Vl7SQWaLh-I_01040_01378.mp4,snatch_mp4,Vl7SQWaLh-I_01040_01378.mp4,0.84,snatch,,yes,,olympic,snatch_youtube_vl7sqwalh-i,train,8ebd97445a98b90346bad8430d220f174fd3d972844d529330abff01bdf16220,1,8ebd97445a98b90346bad8430d220f174fd3d972844d529330abff01bdf16220
/Users/josephkamil/Desktop/Capstone/Oly_Data/raw/snatch_mp4/E9sPllx4G8M_01430_01678.mp4,snatch_mp4,E9sPllx4G8M_01430_01678.mp4,0.87,snatch,,yes,,olympic,snatch_youtube_e9spllx4g8m,test,e17bcc6eb0013be881d9f4fd4b9c66388cd74c09df824a05ecf229884cf2bc5d,1,e17bcc6eb0013be881d9f4fd4b9c66388cd74c09df824a05ecf229884cf2bc5d
/Users/josephkamil/Desktop/Capstone/Oly_Data/raw/snatch_mp4/iEByXfUcsMw_00339_00684.mp4,snatch_mp4,iEByXfUcsMw_00339_00684.mp4,0.65,snatch,,yes,,olympic,snatch_youtube_iebyxfucsmw,train,e8dd73f6c960941e2173c65318e98ede54dddc6ee95225ae29a7a5212a007d1e,1,e8dd73f6c960941e2173c65318e98ede54dddc6ee95225ae29a7a5212a007d1e
/Users/josephkamil/Desktop/Capstone/Oly_Data/raw/snatch_mp4/1DX0IXizcHg_01872_02045.mp4,snatch_mp4,1DX0IXizcHg_01872_02045.mp4,1.13,snatch,,yes,,olympic,snatch_youtube_1dx0ixizchg,test,b87a27bf73c2f5f6c38fc3bdbaa24f1968f4068e107866c67d05d53b52ef7f4d,1,b87a27bf73c2f5f6c38fc3bdbaa24f1968f4068e107866c67d05d53b52ef7f4d
/Users/josephkamil/Desktop/Capstone/Oly_Data/raw/snatch_mp4/DzxjlFoyd8U_00240_00623.mp4,snatch_mp4,DzxjlFoyd8U_00240_00623.mp4,2.18,snatch,,yes,,olympic,snatch_youtube_dzxjlfoyd8u,train,5a443aa9c062bf00ef1dfad62353665184c03d1b019c1461507f1d4696ea14f7,1,5a443aa9c062bf00ef1dfad62353665184c03d1b019c1461507f1d4696ea14f7
/Users/josephkamil/Desktop/Capstone/Oly_Data/raw/snatch_mp4/8ayxz86QCng_00001_00552.mp4,snatch_mp4,8ayxz86QCng_00001_00552.mp4,1.8,snatch,,yes,,olympic,snatch_youtube_8ayxz86qcng,dev,5ad8a9a6031ad29edfa68241cbc22c35c93c80e0927d7d5115d385a5cf87c6ab,1,5ad8a9a6031ad29edfa68241cbc22c35c93c80e0927d7d5115d385a5cf87c6ab
/Users/josephkamil/Desktop/Capstone/Oly_Data/raw/snatch_mp4/xJGHLhnJVFs_01193_01411.mp4,snatch_mp4,xJGHLhnJVFs_01193_01411.mp4,0.67,snatch,,yes,,olympic,snatch_youtube_xjghlhnjvfs,train,2aee1ae284b37e4c6900d3c9842fe87b400cdec815ea02d53c45179819024028,1,2aee1ae284b37e4c6900d3c9842fe87b400cdec815ea02d53c45179819024028
/Users/josephkamil/Desktop/Capstone/Oly_Data/raw/snatch_mp4/9n9JfJKIUwU_00001_00177.mp4,snatch_mp4,9n9JfJKIUwU_00001_00177.mp4,0.9,snatch,,yes,,olympic,snatch_youtube_9n9jfjkiuwu,train,1391f40d4d9f41f8924050bdc70fbb3472adaacd1dbebe21a8f00b110fad18f1,1,1391f40d4d9f41f8924050bdc70fbb3472adaacd1dbebe21a8f00b110fad18f1
/Users/josephkamil/Desktop/Capstone/Oly_Data/raw/snatch_mp4/1DX0IXizcHg_01068_01291.mp4,snatch_mp4,1DX0IXizcHg_01068_01291.mp4,0.99,snatch,,yes,,olympic,snatch_youtube_1dx0ixizchg,test,18a1f71c3602b975dfb19123dfa7b18381aa518cb660ee35d19627e7cd96729f,1,18a1f71c3602b975dfb19123dfa7b18381aa518cb660ee35d19627e7cd96729f
/Users/josephkamil/Desktop/Capstone/Oly_Data/raw/snatch_mp4/iEByXfUcsMw_01636_01920.mp4,snatch_mp4,iEByXfUcsMw_01636_01920.mp4,0.61,snatch,,yes,,olympic,snatch_youtube_iebyxfucsmw,train,cd1fc7b9a061d8d72b0237dfa125340972ef92812d3b8ec70d18eee84991ecbc,1,cd1fc7b9a061d8d72b0237dfa125340972ef92812d3b8ec70d18eee84991ecbc
/Users/josephkamil/Desktop/Capstone/Oly_Data/raw/snatch_mp4/2Rms41zxbqI_00060_00434.mp4,snatch_mp4,2Rms41zxbqI_00060_00434.mp4,0.97,snatch,,yes,,olympic,snatch_youtube_2rms41zxbqi,train,f6c8b00404ab0e9c99c59d8a402c75194d0205594c8f0847efadcd8c6bfbd58b,1,f6c8b00404ab0e9c99c59d8a402c75194d0205594c8f0847efadcd8c6bfbd58b
/Users/josephkamil/Desktop/Capstone/Oly_Data/raw/snatch_mp4/LBXdfklSpVg_05368_05760.mp4,snatch_mp4,LBXdfklSpVg_05368_05760.mp4,1.13,snatch,,yes,,olympic,snatch_youtube_lbxdfklspvg,test,fe326e4e0d84764203ecd3ae6ef129ce1b867bd64403473bdae8e52cdb85cdeb,1,fe326e4e0d84764203ecd3ae6ef129ce1b867bd64403473bdae8e52cdb85cdeb
/Users/josephkamil/Desktop/Capstone/Oly_Data/raw/snatch_mp4/cSxxajrTO5w_00365_00710.mp4,snatch_mp4,cSxxajrTO5w_00365_00710.mp4,0.73,snatch,,yes,,olympic,snatch_youtube_csxxajrto5w,dev,e69a8be5499a3e85b331d1da7c508d8f586dbb848fd2bcff31325e04dc0e2962,1,e69a8be5499a3e85b331d1da7c508d8f586dbb848fd2bcff31325e04dc0e2962
/Users/josephkamil/Desktop/Capstone/Oly_Data/raw/real_snatch/snatch_correct_320x240.mp4,real_snatch,snatch_correct_320x240.mp4,0.28,snatch,,yes,,olympic,snatch_sha_71df866b99014d4d,dev,71df866b99014d4df4d698f7a58e24b98910db6f80a00116ef5c7fb91563375b,2,71df866b99014d4df4d698f7a58e24b98910db6f80a00116ef5c7fb91563375b
/Users/josephkamil/Desktop/Capstone/Oly_Data/raw/real_snatch/snatch- correct.mov,real_snatch,snatch- correct.mov,67.18,snatch,,yes,,olympic,snatch_sha_6ef0832af7d18fe5,train,6ef0832af7d18fe5ffd17d71afd67671f470e308a2d563f37b44fc5b445e6f64,1,6ef0832af7d18fe5ffd17d71afd67671f470e308a2d563f37b44fc5b445e6f64
/Users/josephkamil/Desktop/Capstone/Oly_Data/raw/real_clean/clean-correct.mov,real_clean,clean-correct.mov,42.11,clean,,yes,,olympic,clean_sha_b7912661a32fb269,train,b7912661a32fb269b1106f5db4c33fd204488f3be28c6dc63b95fd47de2d0bbf,1,b7912661a32fb269b1106f5db4c33fd204488f3be28c6dc63b95fd47de2d0bbf
/Users/josephkamil/Desktop/Capstone/Oly_Data/raw/jerk/splitjerk-correct.mov,jerk,splitjerk-correct.mov,198.33,split_jerk,,yes,,olympic,split_jerk_sha_4a4c4eb1674cee28,dev,4a4c4eb1674cee2810f4c5f7d6d903cf1d957a81f6dc431fb751ea1200d6eda0,1,4a4c4eb1674cee2810f4c5f7d6d903cf1d957a81f6dc431fb751ea1200d6eda0
/Users/josephkamil/Desktop/Capstone/Oly_Data/raw/not_oly/v_PushUps_g14_c03.avi,not_oly,v_PushUps_g14_c03.avi,0.21,non_olympic,,yes,,non_olympic,non_olympic_ucf_g14,dev,2ee76dda56d36b3d52dcffa84609901fa1914e51eebe3c5e20122f5e9336748d,1,2ee76dda56d36b3d52dcffa84609901fa1914e51eebe3c5e20122f5e9336748d
/Users/josephkamil/Desktop/Capstone/Oly_Data/raw/not_oly/v_PushUps_g07_c02.avi,not_oly,v_PushUps_g07_c02.avi,0.22,non_olympic,,yes,,non_olympic,non_olympic_ucf_g07,train,e4637d8a2dfc32509b07b7045d3d08f05122abf7579c07a03723d6afca10d0d6,1,e4637d8a2dfc32509b07b7045d3d08f05122abf7579c07a03723d6afca10d0d6
/Users/josephkamil/Desktop/Capstone/Oly_Data/raw/not_oly/v_BenchPress_g14_c06.avi,not_oly,v_BenchPress_g14_c06.avi,0.49,bench_press,,yes,,non_olympic,bench_press_ucf_g14,train,b27dd65e3f49d79e9fcd2d4dd9599d94a20e37fb7ee01a7d8eb6b15ff1f7ab00,2,b27dd65e3f49d79e9fcd2d4dd9599d94a20e37fb7ee01a7d8eb6b15ff1f7ab00
/Users/josephkamil/Desktop/Capstone/Oly_Data/raw/not_oly/v_Pullup_g27_c02.avi,not_oly,v_Pullup_g27_c02.avi,0.32,non_olympic,,yes,,non_olympic,non_olympic_ucf_g27,train,0e5652dcfa15f8225b3cdb1acca48f703d30124c48cfa4796d371849eda5a171,1,0e5652dcfa15f8225b3cdb1acca48f703d30124c48cfa4796d371849eda5a171
/Users/josephkamil/Desktop/Capstone/Oly_Data/raw/not_oly/v_BenchPress_g24_c05.avi,not_oly,v_BenchPress_g24_c05.avi,0.32,non_olympic,,yes,,non_olympic,non_olympic_ucf_g24,train,9f0c1a261f53860712f583af96d645e3c64d364d3e73578f217ce9eba80fcb71,1,9f0c1a261f53860712f583af96d645e3c64d364d3e73578f217ce9eba80fcb71
/Users/josephkamil/Desktop/Capstone/Oly_Data/raw/not_oly/v_PushUps_g04_c05.avi,not_oly,v_PushUps_g04_c05.avi,0.34,non_olympic,,yes,,non_olympic,non_olympic_ucf_g04,train,5aebec9b6027dfed5521b4f66aee8e2481c73890d004a92930151cca619b5f91,1,5aebec9b6027dfed5521b4f66aee8e2481c73890d004a92930151cca619b5f91
/Users/josephkamil/Desktop/Capstone/Oly_Data/raw/not_oly/v_BenchPress_g13_c01.avi,not_oly,v_BenchPress_g13_c01.avi,0.41,non_olympic,,yes,,non_olympic,non_olympic_ucf_g13,train,36bda06a2791e789fd034ef09958ab84f778651227de76fd75a4c686d48064ba,1,36bda06a2791e789fd034ef09958ab84f778651227de76fd75a4c686d48064ba
/Users/josephkamil/Desktop/Capstone/Oly_Data/raw/not_oly/v_BenchPress_g16_c04.avi,not_oly,v_BenchPress_g16_c04.avi,0.63,non_olympic,,yes,,non_olympic,non_olympic_ucf_g16,train,2bb3371468f591e81a614d9ce1d8e27d5a4a1ff7e069de99f40088623d6fa928,1,2bb3371468f591e81a614d9ce1d8e27d5a4a1ff7e069de99f40088623d6fa928
/Users/josephkamil/Desktop/Capstone/Oly_Data/raw/not_oly/v_PushUps_g08_c03.avi,not_oly,v_PushUps_g08_c03.avi,0.22,non_olympic,,yes,,non_olympic,non_olympic_ucf_g08,dev,541d1045a6b98f602158e27bca853f0762a7c3c6cc2c63f29a16f9d7e43c621d,1,541d1045a6b98f602158e27bca853f0762a7c3c6cc2c63f29a16f9d7e43c621d
/Users/josephkamil/Desktop/Capstone/Oly_Data/raw/not_oly/v_BenchPress_g05_c07.avi,not_oly,v_BenchPress_g05_c07.avi,0.21,non_olympic,,yes,,non_olympic,non_olympic_ucf_g05,train,4cb5ea3e3f7042ae361e40d61048ab4a2e07a796d0e65e8729ab3752c5c8d989,1,4cb5ea3e3f7042ae361e40d61048ab4a2e07a796d0e65e8729ab3752c5c8d989
/Users/josephkamil/Desktop/Capstone/Oly_Data/raw/not_oly/v_BenchPress_g12_c03.avi,not_oly,v_BenchPress_g12_c03.avi,0.56,non_olympic,,yes,,non_olympic,non_olympic_ucf_g12,test,4e5f7b808ce14a54faaaa3dc73affda37d3ff5b59fa54cb6dd5942145da3f7dd,1,4e5f7b808ce14a54faaaa3dc73affda37d3ff5b59fa54cb6dd5942145da3f7dd
/Users/josephkamil/Desktop/Capstone/Oly_Data/raw/not_oly/v_BenchPress_g13_c07.avi,not_oly,v_BenchPress_g13_c07.avi,0.31,bench_press,,yes,,non_olympic,bench_press_ucf_g13,test,b80e4a34d439cca30d43e5e5312f28a16ad1b13c8d50ac8fa7ddf38862e21b5a,2,b80e4a34d439cca30d43e5e5312f28a16ad1b13c8d50ac8fa7ddf38862e21b5a
/Users/josephkamil/Desktop/Capstone/Oly_Data/raw/not_oly/v_Pullup_g10_c01.avi,not_oly,v_Pullup_g10_c01.avi,0.32,non_olympic,,yes,,non_olympic,non_olympic_ucf_g10,train,d1ca34418ceeab6bc2502f7431fcfdc846fd6ce993bcd6fa1d48d39a46c7144f,1,d1ca34418ceeab6bc2502f7431fcfdc846fd6ce993bcd6fa1d48d39a46c7144f
/Users/josephkamil/Desktop/Capstone/Oly_Data/raw/not_oly/v_BenchPress_g07_c02.avi,not_oly,v_BenchPress_g07_c02.avi,0.22,bench_press,,yes,,non_olympic,bench_press_ucf_g07,dev,e1e3b69d8f662e720d3a404301420af6655079aafb373758228d41505537c1a3,2,e1e3b69d8f662e720d3a404301420af6655079aafb373758228d41505537c1a3
/Users/josephkamil/Desktop/Capstone/Oly_Data/raw/not_oly/v_BenchPress_g25_c01.avi,not_oly,v_BenchPress_g25_c01.avi,0.3,non_olympic,,yes,,non_olympic,non_olympic_ucf_g25,train,97d12353b1e5d33f4877097c76d7c7917fd00d76424c84367a40e4dc6548f8dc,1,97d12353b1e5d33f4877097c76d7c7917fd00d76424c84367a40e4dc6548f8dc
/Users/josephkamil/Desktop/Capstone/Oly_Data/raw/not_oly/v_PushUps_g01_c03.avi,not_oly,v_PushUps_g01_c03.avi,0.1,non_olympic,,yes,,non_olympic,non_olympic_ucf_g01,test,b51d2f1c0071e57cc679fb823437a273b2431b3905ba14d32fdbbaa9857de710,1,b51d2f1c0071e57cc679fb823437a273b2431b3905ba14d32fdbbaa9857de710
/Users/josephkamil/Desktop/Capstone/Oly_Data/raw/not_oly/v_Pullup_g15_c03.avi,not_oly,v_Pullup_g15_c03.avi,0.45,non_olympic,,yes,,non_olympic,non_olympic_ucf_g15,train,14f5a29243db80af96e313f9c232c619050d251549807383505185774ad96352,1,14f5a29243db80af96e313f9c232c619050d251549807383505185774ad96352
/Users/josephkamil/Desktop/Capstone/Oly_Data/raw/not_oly/v_BenchPress_g12_c02.avi,not_oly,v_BenchPress_g12_c02.avi,0.2,non_olympic,,yes,,non_olympic,non_olympic_ucf_g12,test,1179214055fad2acb6690549bf953992c8e0f056116da9fd2e4b558db646f56c,1,1179214055fad2acb6690549bf953992c8e0f056116da9fd2e4b558db646f56c
/Users/josephkamil/Desktop/Capstone/Oly_Data/raw/not_oly/v_PushUps_g14_c01.avi,not_oly,v_PushUps_g14_c01.avi,0.22,non_olympic,,yes,,non_olympic,non_olympic_ucf_g14,dev,0d0fe2ca50e0b23394496e81a7820041688dfa6bb74f0c29730c20d27a4d4835,1,0d0fe2ca50e0b23394496e81a7820041688dfa6bb74f0c29730c20d27a4d4835
/Users/josephkamil/Desktop/Capstone/Oly_Data/raw/not_oly/v_Pullup_g23_c03.avi,not_oly,v_Pullup_g23_c03.avi,0.45,pull_up,,yes,,non_olympic,pull_up_ucf_g23,train,f1c1f8445f681a81a35839e1928020cd497b16d112ae12e4ab4bbf7d91fde201,2,f1c1f8445f681a81a35839e1928020cd497b16d112ae12e4ab4bbf7d91fde201
/Users/josephkamil/Desktop/Capstone/data/dataset_v2/raw/squat_back/squat_19.mp4,squat_back,squat_19.mp4,2.34,squat_back,,yes,,non_olympic,squat_back_sha_e1788ea9284d4565,test,e1788ea9284d45656fc04dd771117522714dbbd59cea51d830d26a8b9f9f80fe,1,e1788ea9284d45656fc04dd771117522714dbbd59cea51d830d26a8b9f9f80fe
/Users/josephkamil/Desktop/Capstone/data/dataset_v2/raw/squat_back/squat_5.MOV,squat_back,squat_5.MOV,56.78,squat_back,,yes,,non_olympic,squat_back_sha_96aa295a1f87d255,train,96aa295a1f87d255bf96616a459a26568bca210d1713902d819bccf1dc0ac728,1,96aa295a1f87d255bf96616a459a26568bca210d1713902d819bccf1dc0ac728
/Users/josephkamil/Desktop/Capstone/data/dataset_v2/raw/squat_back/squat_18.mp4,squat_back,squat_18.mp4,1.52,squat_back,,yes,,non_olympic,squat_back_sha_662ea3e16246fcbb,train,662ea3e16246fcbba11e67b9424bdf1fb7cb65df2dd9542196aaed23e7cc2aa3,1,662ea3e16246fcbba11e67b9424bdf1fb7cb65df2dd9542196aaed23e7cc2aa3
/Users/josephkamil/Desktop/Capstone/data/dataset_v2/raw/squat_back/squat_8.mp4,squat_back,squat_8.mp4,1.46,squat_back,,yes,,non_olympic,squat_back_sha_62c49aa6c19eaf30,test,62c49aa6c19eaf30b42795adbbd97ccaf393c9821e13cca7ce448cd85ed66773,1,62c49aa6c19eaf30b42795adbbd97ccaf393c9821e13cca7ce448cd85ed66773
/Users/josephkamil/Desktop/Capstone/data/dataset_v2/raw/squat_back/squat_16.mp4,squat_back,squat_16.mp4,1.4,squat_back,,yes,,non_olympic,squat_back_sha_06787667e242c7d0,train,06787667e242c7d0c22e6677ef300c209acdf771817c01cb023afeb41f6b508c,1,06787667e242c7d0c22e6677ef300c209acdf771817c01cb023afeb41f6b508c
/Users/josephkamil/Desktop/Capstone/data/dataset_v2/raw/squat_back/squat_3.mp4,squat_back,squat_3.mp4,10.37,squat_back,,yes,,non_olympic,squat_back_sha_3a22d2ea0721c419,test,3a22d2ea0721c419cecd96a0f38808d069adb23452599c3e772c779cf11db0b0,1,3a22d2ea0721c419cecd96a0f38808d069adb23452599c3e772c779cf11db0b0
/Users/josephkamil/Desktop/Capstone/data/dataset_v2/raw/squat_back/Back squats- heel rise.mov,squat_back,Back squats- heel rise.mov,45.48,squat_back,,yes,,non_olympic,squat_back_sha_90f8d6cabfefe8b0,train,90f8d6cabfefe8b056b10097f66dd30f03fb99c7f19513793771e15125d6a3a3,1,90f8d6cabfefe8b056b10097f66dd30f03fb99c7f19513793771e15125d6a3a3
/Users/josephkamil/Desktop/Capstone/data/dataset_v2/raw/squat_back/squat_11.mp4,squat_back,squat_11.mp4,3.98,squat_back,,yes,,non_olympic,squat_back_sha_8ba02cc8cfa2837e,train,8ba02cc8cfa2837ec5f7b20625d195f56c5dd0334cd3dcb8d396b2d31507a116,1,8ba02cc8cfa2837ec5f7b20625d195f56c5dd0334cd3dcb8d396b2d31507a116
/Users/josephkamil/Desktop/Capstone/data/dataset_v2/raw/squat_back/71ef5d06-bfea-449b-8ff3-b428ae7dbaa7.mp4,squat_back,71ef5d06-bfea-449b-8ff3-b428ae7dbaa7.mp4,0.72,squat_back,,yes,,non_olympic,squat_back_sha_f8e3166fe219bdc5,train,f8e3166fe219bdc588acbe6b7d43bc3b402ac15bf12b4f046c147c125c4a21e0,1,f8e3166fe219bdc588acbe6b7d43bc3b402ac15bf12b4f046c147c125c4a21e0
/Users/josephkamil/Desktop/Capstone/data/dataset_v2/raw/squat_back/squat_17.mp4,squat_back,squat_17.mp4,1.72,squat_back,,yes,,non_olympic,squat_back_sha_b9783cba71742468,dev,b9783cba7174246884865b903d78c2c2d279528a0b2be03d95a25a529b4c7b1d,1,b9783cba7174246884865b903d78c2c2d279528a0b2be03d95a25a529b4c7b1d
/Users/josephkamil/Desktop/Capstone/data/dataset_v2/raw/squat_back/Back Squats- Depth.mov,squat_back,Back Squats- Depth.mov,49.8,squat_back,,yes,,non_olympic,squat_back_sha_99897ce7b14be76b,train,99897ce7b14be76be69e6b265ed5a38c4f71477a7103db1d6393473f69b60628,1,99897ce7b14be76be69e6b265ed5a38c4f71477a7103db1d6393473f69b60628
/Users/josephkamil/Desktop/Capstone/data/dataset_v2/raw/squat_back/6dddd176-2460-48cf-bd01-3eaaa0dc754f.mp4,squat_back,6dddd176-2460-48cf-bd01-3eaaa0dc754f.mp4,1.93,squat_back,,yes,,non_olympic,squat_back_sha_30a49e729ef02da4,train,30a49e729ef02da47fe436f9d003da3e0be5eb57a60535be527401b536ae2167,1,30a49e729ef02da47fe436f9d003da3e0be5eb57a60535be527401b536ae2167
/Users/josephkamil/Desktop/Capstone/data/dataset_v2/raw/squat_back/897f5a21-f1a1-477e-aa8b-11b7ee9378d2.mp4,squat_back,897f5a21-f1a1-477e-aa8b-11b7ee9378d2.mp4,1.17,squat_back,,yes,,non_olympic,squat_back_sha_ea8be1b29dbeb4d7,train,ea8be1b29dbeb4d70f3e51d7afb38923b7153dd4b5219607f3e7bd27ef183135,1,ea8be1b29dbeb4d70f3e51d7afb38923b7153dd4b5219607f3e7bd27ef183135
/Users/josephkamil/Desktop/Capstone/data/dataset_v2/raw/squat_back/squat_4.mp4,squat_back,squat_4.mp4,19.73,squat_back,,yes,,non_olympic,squat_back_sha_828b0a5dd419f241,dev,828b0a5dd419f241db5c05375fb77cd234b73149df39a597ea19605499a5d5e3,1,828b0a5dd419f241db5c05375fb77cd234b73149df39a597ea19605499a5d5e3
/Users/josephkamil/Desktop/Capstone/data/dataset_v2/raw/squat_back/squat_23.mp4,squat_back,squat_23.mp4,8.77,squat_back,,yes,,non_olympic,squat_back_sha_bb3d2a0291c1d875,dev,bb3d2a0291c1d875ba32c5c76c04318f10c01123525a5c9e2699329b529fed59,1,bb3d2a0291c1d875ba32c5c76c04318f10c01123525a5c9e2699329b529fed59
/Users/josephkamil/Desktop/Capstone/data/dataset_v2/raw/squat_back/Back squats- hip depth.mov,squat_back,Back squats- hip depth.mov,36.64,squat_back,,yes,,non_olympic,squat_back_sha_fe53a5ef631b206b,train,fe53a5ef631b206b43485454a41b7e7f4425020c72364da1957a9b381d309147,1,fe53a5ef631b206b43485454a41b7e7f4425020c72364da1957a9b381d309147
/Users/josephkamil/Desktop/Capstone/data/dataset_v2/raw/squat_back/squat_1.mp4,squat_back,squat_1.mp4,20.41,squat_back,,yes,,non_olympic,squat_back_sha_9f62738a00501e99,train,9f62738a00501e99fd15e214130f4db60712178056f694b7adab9a02c0cc920a,1,9f62738a00501e99fd15e214130f4db60712178056f694b7adab9a02c0cc920a
/Users/josephkamil/Desktop/Capstone/data/dataset_v2/raw/squat_back/yt_001.mp4,squat_back,yt_001.mp4,112.16,squat_back,,yes,,non_olympic,squat_back_sha_576ab543986d4705,train,576ab543986d470578beb8efe4906fcf649a564e93d1999a4408dd7441a3b7ae,1,576ab543986d470578beb8efe4906fcf649a564e93d1999a4408dd7441a3b7ae
/Users/josephkamil/Desktop/Capstone/data/dataset_v2/raw/squat_back/Backsquat- correct.mov,squat_back,Backsquat- correct.mov,43.02,squat_back,,yes,,non_olympic,squat_back_sha_de5ddc1025d2314e,train,de5ddc1025d2314e35ea9915ce3471583dfc4cb43103b62ca938a95675eaaa37,1,de5ddc1025d2314e35ea9915ce3471583dfc4cb43103b62ca938a95675eaaa37
/Users/josephkamil/Desktop/Capstone/data/dataset_v2/raw/squat_back/Back squats- bar drift.mov,squat_back,Back squats- bar drift.mov,41.87,squat_back,,yes,,non_olympic,squat_back_sha_eaffb80eed14d80d,train,eaffb80eed14d80da5fdbd1086996f49b92d3a32010f095e083fd76cc440267e,1,eaffb80eed14d80da5fdbd1086996f49b92d3a32010f095e083fd76cc440267e
/Users/josephkamil/Desktop/Capstone/data/dataset_v2/raw/squat_front/yt_002.mp4,squat_front,yt_002.mp4,4.2,squat_front,,yes,,non_olympic,squat_front_sha_0a4e3823e25b761a,test,0a4e3823e25b761aad7a0d43b204195ddca6bcf9bdc96e1af0cc6a505aeb76c4,1,0a4e3823e25b761aad7a0d43b204195ddca6bcf9bdc96e1af0cc6a505aeb76c4
/Users/josephkamil/Desktop/Capstone/data/dataset_v2/raw/squat_front/yt_001.mp4,squat_front,yt_001.mp4,2.27,squat_front,,yes,,non_olympic,squat_front_sha_7370ac86e783157c,train,7370ac86e783157c76bcae5b368cf48db01046a834a148a6fd957ae40a1a2ba3,1,7370ac86e783157c76bcae5b368cf48db01046a834a148a6fd957ae40a1a2ba3
/Users/josephkamil/Desktop/Capstone/data/dataset_v2/raw/squat_front/Front Squat- Depth.mov,squat_front,Front Squat- Depth.mov,56.3,squat_front,,yes,,non_olympic,squat_front_sha_f85b5b766a9541e1,train,f85b5b766a9541e1a72f2ff478fc5e4a92aa03a99cd7d90addac68d7287f9d9a,1,f85b5b766a9541e1a72f2ff478fc5e4a92aa03a99cd7d90addac68d7287f9d9a
/Users/josephkamil/Desktop/Capstone/data/dataset_v2/raw/squat_front/Front squats- butt wink .mov,squat_front,Front squats- butt wink .mov,45.07,squat_front,,yes,,non_olympic,squat_front_sha_75257ee81d3d0722,test,75257ee81d3d072233e448120c70163c704d5a38c847d4dedef0558559b1c55b,1,75257ee81d3d072233e448120c70163c704d5a38c847d4dedef0558559b1c55b
/Users/josephkamil/Desktop/Capstone/data/dataset_v2/raw/squat_front/Front squat- heel rise.mov,squat_front,Front squat- heel rise.mov,39.16,squat_front,,yes,,non_olympic,squat_front_sha_cc8a6dd5b7179fd4,train,cc8a6dd5b7179fd470233cc7f0b513c056debc4ee32927d582811357178ce501,1,cc8a6dd5b7179fd470233cc7f0b513c056debc4ee32927d582811357178ce501
/Users/josephkamil/Desktop/Capstone/data/dataset_v2/raw/squat_front/Front squat- depth(1).mov,squat_front,Front squat- depth(1).mov,26.66,squat_front,,yes,,non_olympic,squat_front_sha_1350f556c0ec9ecf,train,1350f556c0ec9ecfedf3b315a20fc282ab48b8dcd1a3d859e7848cff76c1fabc,1,1350f556c0ec9ecfedf3b315a20fc282ab48b8dcd1a3d859e7848cff76c1fabc
/Users/josephkamil/Desktop/Capstone/data/dataset_v2/raw/squat_front/Front squat- correct.mov,squat_front,Front squat- correct.mov,41.11,squat_front,,yes,,non_olympic,squat_front_sha_9d16fdbff067a197,dev,9d16fdbff067a1973c9feb1fcdeb2e02029be7742a7a278194ba1464c06c2eca,1,9d16fdbff067a1973c9feb1fcdeb2e02029be7742a7a278194ba1464c06c2eca
/Users/josephkamil/Desktop/Capstone/data/dataset_v2/raw/squat_front/yt_003.mp4,squat_front,yt_003.mp4,37.48,squat_front,,yes,,non_olympic,squat_front_sha_d830364e7e9b564c,train,d830364e7e9b564cf35d95992e70eddf0ef005645257dbea59bd5838c10cdea0,1,d830364e7e9b564cf35d95992e70eddf0ef005645257dbea59bd5838c10cdea0
/Users/josephkamil/Desktop/Capstone/data/dataset_v2/raw/squat_front/Front squat- forward lean.mov,squat_front,Front squat- forward lean.mov,36.67,squat_front,,yes,,non_olympic,squat_front_sha_2f82882131728736,dev,2f8288213172873699e6ac74b50cad28467b897aa5d8dd30d94aa46df8e504ea,1,2f8288213172873699e6ac74b50cad28467b897aa5d8dd30d94aa46df8e504ea
/Users/josephkamil/Desktop/Capstone/data/dataset_v2/raw/squat_front/Front squats- bar drift.mov,squat_front,Front squats- bar drift.mov,46.81,squat_front,,yes,,non_olympic,squat_front_sha_b1569cf660f47692,train,b1569cf660f47692965cd2a6e22340d4dc0d262629a876f1acbc4225eb7b7d91,1,b1569cf660f47692965cd2a6e22340d4dc0d262629a876f1acbc4225eb7b7d91
/Users/josephkamil/Desktop/Capstone/data/dataset_v2/raw/squat_front/Front squat- elbow drop.mov,squat_front,Front squat- elbow drop.mov,53.8,squat_front,,yes,,non_olympic,squat_front_sha_388cd9a9a8616d9e,train,388cd9a9a8616d9e317d134e84f85ba9b3c4fb109482df696b663efb60aeeb4a,1,388cd9a9a8616d9e317d134e84f85ba9b3c4fb109482df696b663efb60aeeb4a
/Users/josephkamil/Desktop/Capstone/data/dataset_v2/raw/squat_front/Front squat- knee valgus.mov,squat_front,Front squat- knee valgus.mov,32.68,squat_front,,yes,,non_olympic,squat_front_sha_2febb302fcea8623,train,2febb302fcea8623830d0e747d78419a3f47bd6496a71735f50edaaa7e739663,1,2febb302fcea8623830d0e747d78419a3f47bd6496a71735f50edaaa7e739663
/Users/josephkamil/Desktop/Capstone/Oly_Data/raw/overhead_squat/OverHeadSquat2.mov,overhead_squat,OverHeadSquat2.mov,13.27,overhead_squat,,yes,,non_olympic,overhead_squat_sha_466e187238d12dc7,train,466e187238d12dc78d56d82032c880e62caffde6809a479fc1ea6478dbeee61d,1,466e187238d12dc78d56d82032c880e62caffde6809a479fc1ea6478dbeee61d
/Users/josephkamil/Desktop/Capstone/Oly_Data/raw/overhead_squat/overhead_squat_crossfit_01.mov,overhead_squat,overhead_squat_crossfit_01.mov,63.42,overhead_squat,,yes,,non_olympic,overhead_squat_sha_9ba43bfe41627c27,test,9ba43bfe41627c2715ca14c3525f74cccc43bebe85e195db1c15ea26773f5692,1,9ba43bfe41627c2715ca14c3525f74cccc43bebe85e195db1c15ea26773f5692
/Users/josephkamil/Desktop/Capstone/data/dataset_v2/raw/overhead_squat/overhead_squat_good_01.mov,overhead_squat,overhead_squat_good_01.mov,23.75,overhead_squat,,yes,,non_olympic,overhead_squat_sha_f2c109a8d90d297a,train,f2c109a8d90d297a5eada2d7a8ff00283c1f1c47d3cf961c3ca2882b3c892a36,1,f2c109a8d90d297a5eada2d7a8ff00283c1f1c47d3cf961c3ca2882b3c892a36
/Users/josephkamil/Desktop/Capstone/data/dataset_v2/raw/overhead_squat/OverheadSquat- correct4.mov,overhead_squat,OverheadSquat- correct4.mov,88.35,overhead_squat,,yes,,non_olympic,overhead_squat_sha_af12257e55589eb4,train,af12257e55589eb48f87e52dda701969a1b2cf502aa78fb08c186c04643ee791,1,af12257e55589eb48f87e52dda701969a1b2cf502aa78fb08c186c04643ee791
/Users/josephkamil/Desktop/Capstone/data/dataset_v2/raw/overhead_squat/OverheadSquats- correct3.mov,overhead_squat,OverheadSquats- correct3.mov,94.33,overhead_squat,,yes,,non_olympic,overhead_squat_sha_b143735771d0b7a3,train,b143735771d0b7a39609c227b3533374ae60ec10a5007962bedca4e5022e00e8,1,b143735771d0b7a39609c227b3533374ae60ec10a5007962bedca4e5022e00e8
/Users/josephkamil/Desktop/Capstone/data/dataset_v2/raw/overhead_squat/OverheadSquat- correct5.mov,overhead_squat,OverheadSquat- correct5.mov,95.69,overhead_squat,,yes,,non_olympic,overhead_squat_sha_dd29adb85f11f4b7,dev,dd29adb85f11f4b72597f53384934f4c1e045f5db4a1b40ea313be8babd61887,1,dd29adb85f11f4b72597f53384934f4c1e045f5db4a1b40ea313be8babd61887
/Users/josephkamil/Desktop/Capstone/data/dataset_v2/raw/push_press/shoulder press_18.mp4,push_press,shoulder press_18.mp4,0.69,push_press,,yes,,non_olympic,push_press_sha_5947a6534418a9dc,train,5947a6534418a9dc099b0eab3453289f1a7fca37bd129d93fc03366bc0a35e59,1,5947a6534418a9dc099b0eab3453289f1a7fca37bd129d93fc03366bc0a35e59
/Users/josephkamil/Desktop/Capstone/data/dataset_v2/raw/push_press/shoulder press_5.mp4,push_press,shoulder press_5.mp4,8.22,push_press,,yes,,non_olympic,push_press_sha_3678ac4a229a5b27,train,3678ac4a229a5b27ee71cc4604efbdaa6ac86822d049ef188691f5fa5f64f3a2,1,3678ac4a229a5b27ee71cc4604efbdaa6ac86822d049ef188691f5fa5f64f3a2
/Users/josephkamil/Desktop/Capstone/data/dataset_v2/raw/push_press/shoulder press_17.mp4,push_press,shoulder press_17.mp4,7.37,push_press,,yes,,non_olympic,push_press_sha_d90a89c0411b4b15,train,d90a89c0411b4b15849b4a89842fc181b4a0ea69faeda48a96fe733ca0363c79,1,d90a89c0411b4b15849b4a89842fc181b4a0ea69faeda48a96fe733ca0363c79
/Users/josephkamil/Desktop/Capstone/data/dataset_v2/raw/push_press/shoulder press_8.mp4,push_press,shoulder press_8.mp4,3.41,push_press,,yes,,non_olympic,push_press_sha_7eacdfa8e3f9d8b1,train,7eacdfa8e3f9d8b116cbcaa46a32dc15ad99f15c8df37f7ce4d170003c51a029,1,7eacdfa8e3f9d8b116cbcaa46a32dc15ad99f15c8df37f7ce4d170003c51a029
/Users/josephkamil/Desktop/Capstone/data/dataset_v2/raw/push_press/shoulder press_15.mp4,push_press,shoulder press_15.mp4,5.38,push_press,,yes,,non_olympic,push_press_sha_00e6ce2b9ae9863f,dev,00e6ce2b9ae9863ff1da9770d87fec1bbc7a527e4f1385fc003a94f902853a13,1,00e6ce2b9ae9863ff1da9770d87fec1bbc7a527e4f1385fc003a94f902853a13
/Users/josephkamil/Desktop/Capstone/data/dataset_v2/raw/push_press/shoulder press_3.mp4,push_press,shoulder press_3.mp4,18.36,push_press,,yes,,non_olympic,push_press_sha_721905af80f293a0,train,721905af80f293a0cfa147e7647e60da51173ad64c97201d4a390bed2dc00cf0,1,721905af80f293a0cfa147e7647e60da51173ad64c97201d4a390bed2dc00cf0
/Users/josephkamil/Desktop/Capstone/data/dataset_v2/raw/push_press/Push press- knee cave.mov,push_press,Push press- knee cave.mov,41.62,push_press,,yes,,non_olympic,push_press_sha_b0cd5f5fe7c2eb90,train,b0cd5f5fe7c2eb90a753d3b73299e5f4c594b6fa3d96c65b59719e6ed0d88d37,1,b0cd5f5fe7c2eb90a753d3b73299e5f4c594b6fa3d96c65b59719e6ed0d88d37
/Users/josephkamil/Desktop/Capstone/data/dataset_v2/raw/push_press/shoulder press_10.mp4,push_press,shoulder press_10.mp4,6.44,push_press,,yes,,non_olympic,push_press_sha_17b5e2db7c8c96bd,dev,17b5e2db7c8c96bd671373679519c224be1553f730a64a81a9f55148039682f0,1,17b5e2db7c8c96bd671373679519c224be1553f730a64a81a9f55148039682f0
/Users/josephkamil/Desktop/Capstone/data/dataset_v2/raw/push_press/555859e7-8a16-4494-8dca-dff27cbdd9c8.mp4,push_press,555859e7-8a16-4494-8dca-dff27cbdd9c8.mp4,2.15,push_press,,yes,,non_olympic,push_press_sha_76c5f2ddaf373e54,test,76c5f2ddaf373e54fee777541304387b6453dedc7421a24e5239317491b10cec,1,76c5f2ddaf373e54fee777541304387b6453dedc7421a24e5239317491b10cec
/Users/josephkamil/Desktop/Capstone/data/dataset_v2/raw/push_press/shoulder press_16.mp4,push_press,shoulder press_16.mp4,6.97,push_press,,yes,,non_olympic,push_press_sha_cdfb32fa3bbb058e,train,cdfb32fa3bbb058eb49c5e31e6c3e32beef8b9755df159cae6ef6a70057a5701,1,cdfb32fa3bbb058eb49c5e31e6c3e32beef8b9755df159cae6ef6a70057a5701
/Users/josephkamil/Desktop/Capstone/data/dataset_v2/raw/push_press/Push press- bar drift.mov,push_press,Push press- bar drift.mov,75.62,push_press,,yes,,non_olympic,push_press_sha_5e21bb2637de31c7,train,5e21bb2637de31c7e9e736fb18b1d214a8ca6c540ad630cdf30c3d9d6e43d249,1,5e21bb2637de31c7e9e736fb18b1d214a8ca6c540ad630cdf30c3d9d6e43d249
/Users/josephkamil/Desktop/Capstone/data/dataset_v2/raw/push_press/Push Press- Head Clearance .mov,push_press,Push Press- Head Clearance .mov,54.08,push_press,,yes,,non_olympic,push_press_sha_6226aae0de00ef24,test,6226aae0de00ef2426121165936d6965bb678bdf2141f89134667f2ef00c3387,1,6226aae0de00ef2426121165936d6965bb678bdf2141f89134667f2ef00c3387
/Users/josephkamil/Desktop/Capstone/data/dataset_v2/raw/push_press/Push press- diptiming.mov,push_press,Push press- diptiming.mov,42.55,push_press,,yes,,non_olympic,push_press_sha_ceb891410460883a,train,ceb891410460883a1d71e493e2784e00e37271e8739c920208f59ce81e73c74b,1,ceb891410460883a1d71e493e2784e00e37271e8739c920208f59ce81e73c74b
/Users/josephkamil/Desktop/Capstone/BenchPress/v_BenchPress_g02_c02.avi,BenchPress,v_BenchPress_g02_c02.avi,0.33,bench_press,,yes,,non_olympic,bench_press_ucf_g02,train,289953231de7a6844a7fb67e4f6bfab9fd025a9be2829757c937ac43ae523c0b,1,289953231de7a6844a7fb67e4f6bfab9fd025a9be2829757c937ac43ae523c0b
/Users/josephkamil/Desktop/Capstone/BenchPress/v_BenchPress_g11_c05.avi,BenchPress,v_BenchPress_g11_c05.avi,0.33,bench_press,,yes,,non_olympic,bench_press_ucf_g11,train,08522508b696a5121a3b065c750b07c81c991c2ee23a0a912d57899aee6ca1de,1,08522508b696a5121a3b065c750b07c81c991c2ee23a0a912d57899aee6ca1de
/Users/josephkamil/Desktop/Capstone/Archived_Datasets/ucf50/UCF50/BenchPress/v_BenchPress_g04_c06.avi,BenchPress,v_BenchPress_g04_c06.avi,0.5,bench_press,,yes,,non_olympic,bench_press_ucf_g04,train,2a461f46704de994cf43b70935a0a391af599d0ac93e054856ec0ecbf387d978,1,2a461f46704de994cf43b70935a0a391af599d0ac93e054856ec0ecbf387d978
/Users/josephkamil/Desktop/Capstone/Archived_Datasets/ucf50/UCF50/BenchPress/v_BenchPress_g10_c02.avi,BenchPress,v_BenchPress_g10_c02.avi,0.3,bench_press,,yes,,non_olympic,bench_press_ucf_g10,train,c12c5552d5e0e84c4c3d44b09bae9c96b02643f1c0e51fcba5640cb127665ab8,1,c12c5552d5e0e84c4c3d44b09bae9c96b02643f1c0e51fcba5640cb127665ab8
/Users/josephkamil/Desktop/Capstone/Archived_Datasets/ucf50/UCF50/BenchPress/v_BenchPress_g02_c04.avi,BenchPress,v_BenchPress_g02_c04.avi,0.32,bench_press,,yes,,non_olympic,bench_press_ucf_g02,train,d239df83644df98b21e1a09a8e8dde2f3bfa69a306b0e78ea54ecfc0d900ff7e,1,d239df83644df98b21e1a09a8e8dde2f3bfa69a306b0e78ea54ecfc0d900ff7e
/Users/josephkamil/Desktop/Capstone/Archived_Datasets/ucf50/UCF50/BenchPress/v_BenchPress_g18_c01.avi,BenchPress,v_BenchPress_g18_c01.avi,0.27,bench_press,,yes,,non_olympic,bench_press_ucf_g18,train,6f74860636e83550faf4672c16d86d4b4c7663f49a5131ea6dea8145949d3b30,1,6f74860636e83550faf4672c16d86d4b4c7663f49a5131ea6dea8145949d3b30
/Users/josephkamil/Desktop/Capstone/BenchPress/v_BenchPress_g04_c07.avi,BenchPress,v_BenchPress_g04_c07.avi,0.22,bench_press,,yes,,non_olympic,bench_press_ucf_g04,train,f0b0e5e84852de9d8ed8e72dfb699b8fce1d39b414cacd1db305c751c9c3fc52,1,f0b0e5e84852de9d8ed8e72dfb699b8fce1d39b414cacd1db305c751c9c3fc52
/Users/josephkamil/Desktop/Capstone/Archived_Datasets/ucf50/UCF50/BenchPress/v_BenchPress_g23_c03.avi,BenchPress,v_BenchPress_g23_c03.avi,0.49,bench_press,,yes,,non_olympic,bench_press_ucf_g23,train,99b608de623374477ece80d45a18cf40b7da3e9daad7aba65dc9dcf6975321d5,1,99b608de623374477ece80d45a18cf40b7da3e9daad7aba65dc9dcf6975321d5
/Users/josephkamil/Desktop/Capstone/BenchPress/v_BenchPress_g10_c03.avi,BenchPress,v_BenchPress_g10_c03.avi,0.65,bench_press,,yes,,non_olympic,bench_press_ucf_g10,train,becf5ea4fa3430cbf687c79902dc10de24f83ea77de8312dfe22d261c57faedc,1,becf5ea4fa3430cbf687c79902dc10de24f83ea77de8312dfe22d261c57faedc
/Users/josephkamil/Desktop/Capstone/Archived_Datasets/ucf50/UCF50/BenchPress/v_BenchPress_g12_c06.avi,BenchPress,v_BenchPress_g12_c06.avi,0.23,bench_press,,yes,,non_olympic,bench_press_ucf_g12,test,20f3ca4f4372a587dcfd23affb7f1be723391fa08fa3ab7dcc0577b0455b3893,1,20f3ca4f4372a587dcfd23affb7f1be723391fa08fa3ab7dcc0577b0455b3893
/Users/josephkamil/Desktop/Capstone/Archived_Datasets/ucf50/UCF50/BenchPress/v_BenchPress_g13_c05.avi,BenchPress,v_BenchPress_g13_c05.avi,0.41,bench_press,,yes,,non_olympic,bench_press_ucf_g13,test,b041da1e4dce614a12d96ff3b377c3883a0a1aaabbb04d1ac12bd5708e9d33e6,1,b041da1e4dce614a12d96ff3b377c3883a0a1aaabbb04d1ac12bd5708e9d33e6
/Users/josephkamil/Desktop/Capstone/BenchPress/v_BenchPress_g13_c03.avi,BenchPress,v_BenchPress_g13_c03.avi,0.57,bench_press,,yes,,non_olympic,bench_press_ucf_g13,test,2533dbab8e97dfc5f99affca365b8c451fbe099f6c7661a3dfa2753d0ae599ca,1,2533dbab8e97dfc5f99affca365b8c451fbe099f6c7661a3dfa2753d0ae599ca
/Users/josephkamil/Desktop/Capstone/BenchPress/v_BenchPress_g02_c07.avi,BenchPress,v_BenchPress_g02_c07.avi,0.27,bench_press,,yes,,non_olympic,bench_press_ucf_g02,train,f4e5b9bf0f2e76d102d8cecad2acc63606dd90861d8e2f79df641d60169a7930,1,f4e5b9bf0f2e76d102d8cecad2acc63606dd90861d8e2f79df641d60169a7930
/Users/josephkamil/Desktop/Capstone/Archived_Datasets/ucf50/UCF50/BenchPress/v_BenchPress_g19_c03.avi,BenchPress,v_BenchPress_g19_c03.avi,0.22,bench_press,,yes,,non_olympic,bench_press_ucf_g19,train,3ba36bf8f23ce630aa30d77864feba34f25755729757d9029c04387e8c638f23,1,3ba36bf8f23ce630aa30d77864feba34f25755729757d9029c04387e8c638f23
/Users/josephkamil/Desktop/Capstone/Archived_Datasets/ucf50/UCF50/BenchPress/v_BenchPress_g12_c07.avi,BenchPress,v_BenchPress_g12_c07.avi,0.22,bench_press,,yes,,non_olympic,bench_press_ucf_g12,test,fc47d7599d6e1eff2e28a9591849861d8f4bda35122a8f0ef32d6e59229e16ad,1,fc47d7599d6e1eff2e28a9591849861d8f4bda35122a8f0ef32d6e59229e16ad
/Users/josephkamil/Desktop/Capstone/Archived_Datasets/ucf50/UCF50/BenchPress/v_BenchPress_g09_c01.avi,BenchPress,v_BenchPress_g09_c01.avi,0.26,bench_press,,yes,,non_olympic,bench_press_ucf_g09,train,80519fce17dcc71233446d52929e812e6e36bce7053d1e16bae45655e63ebfbc,1,80519fce17dcc71233446d52929e812e6e36bce7053d1e16bae45655e63ebfbc
/Users/josephkamil/Desktop/Capstone/Archived_Datasets/ucf50/UCF50/BenchPress/v_BenchPress_g17_c02.avi,BenchPress,v_BenchPress_g17_c02.avi,0.18,bench_press,,yes,,non_olympic,bench_press_ucf_g17,dev,a9c3bcc199482fe203487ca993a6825ccb882d88e0090b7b6c0747a26ae905ec,1,a9c3bcc199482fe203487ca993a6825ccb882d88e0090b7b6c0747a26ae905ec
/Users/josephkamil/Desktop/Capstone/_Duplicate_Backups/UCF50/PullUps/v_Pullup_g09_c01.avi,PullUps,v_Pullup_g09_c01.avi,0.3,pull_up,,yes,,non_olympic,pull_up_ucf_g09,train,692b4372998a2aa7f856ee0031e8e976c36ce16e37a29428532195cbe4451577,1,692b4372998a2aa7f856ee0031e8e976c36ce16e37a29428532195cbe4451577
/Users/josephkamil/Desktop/Capstone/_Duplicate_Backups/UCF50/PullUps/v_Pullup_g13_c01.avi,PullUps,v_Pullup_g13_c01.avi,0.24,pull_up,,yes,,non_olympic,pull_up_ucf_g13,train,96590a4e2d70e33ec715abf9867d37d41bf71aed13535a2aa95708c391df4e55,1,96590a4e2d70e33ec715abf9867d37d41bf71aed13535a2aa95708c391df4e55
/Users/josephkamil/Desktop/Capstone/PullUps/v_PullUps_g24_c02.avi,PullUps,v_PullUps_g24_c02.avi,0.4,pull_up,,yes,,non_olympic,pull_up_ucf_g24,dev,48be6ef22a167276029ee33290a3b435677fd506f25cbe1a2dcbf172fb4e5617,1,48be6ef22a167276029ee33290a3b435677fd506f25cbe1a2dcbf172fb4e5617
/Users/josephkamil/Desktop/Capstone/_Duplicate_Backups/UCF50/PullUps/v_Pullup_g21_c01.avi,PullUps,v_Pullup_g21_c01.avi,0.42,pull_up,,yes,,non_olympic,pull_up_ucf_g21,train,d37d3564446ac13e776da2e63f0332028884d7c85ee66fdf1c90ae22df63f54c,1,d37d3564446ac13e776da2e63f0332028884d7c85ee66fdf1c90ae22df63f54c
/Users/josephkamil/Desktop/Capstone/PullUps/v_PullUps_g04_c04.avi,PullUps,v_PullUps_g04_c04.avi,0.33,pull_up,,yes,,non_olympic,pull_up_ucf_g04,test,ade81f66dbbf9214674534b3c76d7b04f7629fe96b07bb09eaa8827469698835,2,ade81f66dbbf9214674534b3c76d7b04f7629fe96b07bb09eaa8827469698835
/Users/josephkamil/Desktop/Capstone/_Duplicate_Backups/UCF50/PullUps/v_Pullup_g19_c01.avi,PullUps,v_Pullup_g19_c01.avi,0.2,pull_up,,yes,,non_olympic,pull_up_ucf_g19,train,595bb3b0ec4a8b144046c98942bd8721a9c556a8745d128322194d2139eb8600,1,595bb3b0ec4a8b144046c98942bd8721a9c556a8745d128322194d2139eb8600
/Users/josephkamil/Desktop/Capstone/_Duplicate_Backups/UCF50/PullUps/v_Pullup_g28_c02.avi,PullUps,v_Pullup_g28_c02.avi,0.53,pull_up,,yes,,non_olympic,pull_up_ucf_g28,train,145b622a0927e6357343b77bd0f21fb55d9d2583ea41338710fa5628ed56a965,1,145b622a0927e6357343b77bd0f21fb55d9d2583ea41338710fa5628ed56a965
/Users/josephkamil/Desktop/Capstone/PullUps/v_PullUps_g19_c04.avi,PullUps,v_PullUps_g19_c04.avi,0.18,pull_up,,yes,,non_olympic,pull_up_ucf_g19,train,7ecc4b9cfaa4fd368ee3384298c6806fe52ce107fde2f3f2775325fde040832e,2,7ecc4b9cfaa4fd368ee3384298c6806fe52ce107fde2f3f2775325fde040832e
/Users/josephkamil/Desktop/Capstone/_Duplicate_Backups/UCF50/PullUps/v_Pullup_g11_c03.avi,PullUps,v_Pullup_g11_c03.avi,0.21,pull_up,,yes,,non_olympic,pull_up_ucf_g11,train,d4729dc87ce0e01c09f0afeb697cbad966329cd906408c054204b9803a9e7ef8,1,d4729dc87ce0e01c09f0afeb697cbad966329cd906408c054204b9803a9e7ef8
/Users/josephkamil/Desktop/Capstone/_Duplicate_Backups/UCF50/PullUps/v_Pullup_g01_c01.avi,PullUps,v_Pullup_g01_c01.avi,0.34,pull_up,,yes,,non_olympic,pull_up_ucf_g01,test,af7fb388f12cb61126437661104e09083b55b6180bb7962dc37ba80846caf753,1,af7fb388f12cb61126437661104e09083b55b6180bb7962dc37ba80846caf753
/Users/josephkamil/Desktop/Capstone/PullUps/v_PullUps_g08_c03.avi,PullUps,v_PullUps_g08_c03.avi,0.26,pull_up,,yes,,non_olympic,pull_up_ucf_g08,train,05e1a01a5900017bc01fcba9eb240540f0597003872c8618c0bff3c9383999b2,1,05e1a01a5900017bc01fcba9eb240540f0597003872c8618c0bff3c9383999b2
/Users/josephkamil/Desktop/Capstone/PullUps/v_PullUps_g03_c02.avi,PullUps,v_PullUps_g03_c02.avi,0.54,pull_up,,yes,,non_olympic,pull_up_ucf_g03,train,569211d6bc9b5de40f0cd0d27c370d4f9b98cc4dbf1171e7456d36a96acdab51,1,569211d6bc9b5de40f0cd0d27c370d4f9b98cc4dbf1171e7456d36a96acdab51
/Users/josephkamil/Desktop/Capstone/PullUps/v_PullUps_g17_c04.avi,PullUps,v_PullUps_g17_c04.avi,0.44,pull_up,,yes,,non_olympic,pull_up_ucf_g17,train,cde615a278a6f9c27e9868c3d151dc41bbfa9d236d450e441278571fd0abd98c,1,cde615a278a6f9c27e9868c3d151dc41bbfa9d236d450e441278571fd0abd98c
/Users/josephkamil/Desktop/Capstone/_Duplicate_Backups/UCF50/PullUps/v_Pullup_g30_c03.avi,PullUps,v_Pullup_g30_c03.avi,0.25,pull_up,,yes,,non_olympic,pull_up_ucf_g30,train,f65495891699e580514cb022522b4240699978c7ee97da1cc450ef28704801d2,1,f65495891699e580514cb022522b4240699978c7ee97da1cc450ef28704801d2
/Users/josephkamil/Desktop/Capstone/PullUps/v_PullUps_g05_c03.avi,PullUps,v_PullUps_g05_c03.avi,0.27,pull_up,,yes,,non_olympic,pull_up_ucf_g05,train,c30965bfd75d6065fd14a718489823f968a0cb722bb9a165742f573cf566790c,1,c30965bfd75d6065fd14a718489823f968a0cb722bb9a165742f573cf566790c
/Users/josephkamil/Desktop/Capstone/_Duplicate_Backups/UCF50/PullUps/v_Pullup_g25_c02.avi,PullUps,v_Pullup_g25_c02.avi,0.09,pull_up,,yes,,non_olympic,pull_up_ucf_g25,dev,1682d1ca50e7f92b9e17efaee806a237004bdbc54bf3eb8c77164e9f7589110f,1,1682d1ca50e7f92b9e17efaee806a237004bdbc54bf3eb8c77164e9f7589110f
/Users/josephkamil/Desktop/Capstone/PullUps/v_PullUps_g17_c03.avi,PullUps,v_PullUps_g17_c03.avi,0.38,pull_up,,yes,,non_olympic,pull_up_ucf_g17,train,44080a2b597200b7d169799f87d99c6b22e47f63eb960e2511ebd8fa9b94871b,1,44080a2b597200b7d169799f87d99c6b22e47f63eb960e2511ebd8fa9b94871b
/Users/josephkamil/Desktop/Capstone/Oly_Data/segmented/clean/clean_from_cj_0044.mp4,clean,clean_from_cj_0044.mp4,0.115,clean,,yes,,olympic,clean_segmented_v_cleanandjerk_g01_c03,train,5ec8991fd473cb6824fbb2990fe4bd8482822a06a12659275a27627e6c7c0164,,5ec8991fd473cb6824fbb2990fe4bd8482822a06a12659275a27627e6c7c0164
/Users/josephkamil/Desktop/Capstone/Oly_Data/segmented/clean/clean_from_cj_0031.mp4,clean,clean_from_cj_0031.mp4,0.107,clean,,yes,,olympic,clean_segmented_v_cleanandjerk_g01_c01,train,5a23d2f87fa12643cb2e18dddb8fd7185c051e63142867b40917c5f66032f314,,5a23d2f87fa12643cb2e18dddb8fd7185c051e63142867b40917c5f66032f314
/Users/josephkamil/Desktop/Capstone/Oly_Data/segmented/clean/clean_from_cj_0027.mp4,clean,clean_from_cj_0027.mp4,0.193,clean,,yes,,olympic,clean_segmented_v_cleanandjerk_g03_c03,train,662d3537705a071d3948545460ca4914343487d235cdbbc596d0981aeae11d92,,662d3537705a071d3948545460ca4914343487d235cdbbc596d0981aeae11d92
/Users/josephkamil/Desktop/Capstone/Oly_Data/segmented/clean/clean_from_cj_0023.mp4,clean,clean_from_cj_0023.mp4,0.172,clean,,yes,,olympic,clean_segmented_v_cleanandjerk_g03_c02,train,92c192f7854d73d934f22581ed7d169a8b720270063581f2043ba65da90ca615,,92c192f7854d73d934f22581ed7d169a8b720270063581f2043ba65da90ca615
/Users/josephkamil/Desktop/Capstone/Oly_Data/segmented/clean/clean_from_cj_0089.mp4,clean,clean_from_cj_0089.mp4,0.107,clean,,yes,,olympic,clean_segmented_v_cleanandjerk_g06_c02,train,f0a5422532922b7baee8a01830aba963efab5193ca7b43bead4a9f826fd93f02,,f0a5422532922b7baee8a01830aba963efab5193ca7b43bead4a9f826fd93f02
/Users/josephkamil/Desktop/Capstone/Oly_Data/segmented/clean/clean_from_cj_0095.mp4,clean,clean_from_cj_0095.mp4,0.109,clean,,yes,,olympic,clean_segmented_v_cleanandjerk_g06_c01,train,3bb26423710250a5ed4599cd7a66000e1deaa404a9791a815b7721dfddd9fa71,,3bb26423710250a5ed4599cd7a66000e1deaa404a9791a815b7721dfddd9fa71
/Users/josephkamil/Desktop/Capstone/Oly_Data/segmented/clean/clean_from_cj_0106.mp4,clean,clean_from_cj_0106.mp4,0.163,clean,,yes,,olympic,clean_segmented_v_cleanandjerk_g07_c03,train,76ef84134625c06fc5c2f0529f510848f6e7fa4b830d28834749ec1ca42b5319,,76ef84134625c06fc5c2f0529f510848f6e7fa4b830d28834749ec1ca42b5319
/Users/josephkamil/Desktop/Capstone/Oly_Data/segmented/clean/clean_from_cj_0102.mp4,clean,clean_from_cj_0102.mp4,0.156,clean,,yes,,olympic,clean_segmented_v_cleanandjerk_g07_c01,train,a6866a88427ad3f3cc0b3ce7f011f46d8dac96b76365ffa7e20c7327548dd405,,a6866a88427ad3f3cc0b3ce7f011f46d8dac96b76365ffa7e20c7327548dd405
/Users/josephkamil/Desktop/Capstone/Oly_Data/segmented/clean/clean_from_cj_0046.mp4,clean,clean_from_cj_0046.mp4,0.191,clean,,yes,,olympic,clean_segmented_v_cleanandjerk_g08_c04,train,d9b89e1ab6f48bd69c0ba8dbf1b74397a0788347f3d661843573a44754c57269,,d9b89e1ab6f48bd69c0ba8dbf1b74397a0788347f3d661843573a44754c57269
/Users/josephkamil/Desktop/Capstone/Oly_Data/segmented/clean/clean_from_cj_0039.mp4,clean,clean_from_cj_0039.mp4,0.143,clean,,yes,,olympic,clean_segmented_v_cleanandjerk_g08_c01,train,e6f045fab7a7fe3b67f846e8b08598caae4fe3e6c492ee928fd1aa39899c1d01,,e6f045fab7a7fe3b67f846e8b08598caae4fe3e6c492ee928fd1aa39899c1d01
/Users/josephkamil/Desktop/Capstone/Oly_Data/segmented/clean/clean_from_cj_0049.mp4,clean,clean_from_cj_0049.mp4,0.129,clean,,yes,,olympic,clean_segmented_v_cleanandjerk_g09_c01,train,eb9f8ebfb750ef9a63e4b11bad424ad577d61123e5e3de10fe8340060c17e793,,eb9f8ebfb750ef9a63e4b11bad424ad577d61123e5e3de10fe8340060c17e793
/Users/josephkamil/Desktop/Capstone/Oly_Data/segmented/clean/clean_from_cj_0042.mp4,clean,clean_from_cj_0042.mp4,0.149,clean,,yes,,olympic,clean_segmented_v_cleanandjerk_g09_c04,train,9fe5d3dd54a0947d2707c4c6efe076d293af635b5099c5ac33dcb26e81983b7e,,9fe5d3dd54a0947d2707c4c6efe076d293af635b5099c5ac33dcb26e81983b7e
/Users/josephkamil/Desktop/Capstone/Oly_Data/segmented/clean/clean_from_cj_0038.mp4,clean,clean_from_cj_0038.mp4,0.17,clean,,yes,,olympic,clean_segmented_v_cleanandjerk_g11_c02,train,f180788a1f079ec6a52e883c57d812ace5b70299c0cca88679f3e869d75ef534,,f180788a1f079ec6a52e883c57d812ace5b70299c0cca88679f3e869d75ef534
/Users/josephkamil/Desktop/Capstone/Oly_Data/segmented/clean/clean_from_cj_0043.mp4,clean,clean_from_cj_0043.mp4,0.138,clean,,yes,,olympic,clean_segmented_v_cleanandjerk_g11_c03,train,d7b93b46dc60bc5741d3d9b3c8a52836867a136079d0be58420bf2a70fbb7a32,,d7b93b46dc60bc5741d3d9b3c8a52836867a136079d0be58420bf2a70fbb7a32
/Users/josephkamil/Desktop/Capstone/Oly_Data/segmented/clean/clean_from_cj_0010.mp4,clean,clean_from_cj_0010.mp4,0.034,clean,,yes,,olympic,clean_segmented_v_cleanandjerk_g12_c01,train,3b9a674aae1928587e1b5df20be05f3d21ab3d0f81984ebf1e8ff5fe8ac0e0ff,,3b9a674aae1928587e1b5df20be05f3d21ab3d0f81984ebf1e8ff5fe8ac0e0ff
/Users/josephkamil/Desktop/Capstone/Oly_Data/segmented/clean/clean_from_cj_0024.mp4,clean,clean_from_cj_0024.mp4,0.041,clean,,yes,,olympic,clean_segmented_v_cleanandjerk_g12_c07,train,3691dc24d62baab9080e5b2ccfeb4eb1d48fc32fddc39c6b53e5529810b9949f,,3691dc24d62baab9080e5b2ccfeb4eb1d48fc32fddc39c6b53e5529810b9949f
/Users/josephkamil/Desktop/Capstone/Oly_Data/segmented/clean/clean_from_cj_0017.mp4,clean,clean_from_cj_0017.mp4,0.087,clean,,yes,,olympic,clean_segmented_v_cleanandjerk_g13_c01,train,6305277dc216970978ca2d3f3242d81c77923a7351c254785477509776da2930,,6305277dc216970978ca2d3f3242d81c77923a7351c254785477509776da2930
/Users/josephkamil/Desktop/Capstone/Oly_Data/segmented/clean/clean_from_cj_0022.mp4,clean,clean_from_cj_0022.mp4,0.081,clean,,yes,,olympic,clean_segmented_v_cleanandjerk_g13_c02,train,12d2a9eaa22603fbea3b1da071522632c653937decebb7d2feb4ae1d7a3a8bfd,,12d2a9eaa22603fbea3b1da071522632c653937decebb7d2feb4ae1d7a3a8bfd
/Users/josephkamil/Desktop/Capstone/Oly_Data/segmented/clean/clean_from_cj_0090.mp4,clean,clean_from_cj_0090.mp4,0.127,clean,,yes,,olympic,clean_segmented_v_cleanandjerk_g16_c02,train,104350aded90c763f6dc2ed048abb6e3df4404b7695600e427e6f2f3a93eabe6,,104350aded90c763f6dc2ed048abb6e3df4404b7695600e427e6f2f3a93eabe6
/Users/josephkamil/Desktop/Capstone/Oly_Data/segmented/clean/clean_from_cj_0086.mp4,clean,clean_from_cj_0086.mp4,0.088,clean,,yes,,olympic,clean_segmented_v_cleanandjerk_g16_c03,train,55017318f6f9704f0a70ce55dd68013faf5e3b9e1a99e1cde0e6eacc8ce99326,,55017318f6f9704f0a70ce55dd68013faf5e3b9e1a99e1cde0e6eacc8ce99326
/Users/josephkamil/Desktop/Capstone/Oly_Data/segmented/clean/clean_from_cj_0040.mp4,clean,clean_from_cj_0040.mp4,0.133,clean,,yes,,olympic,clean_segmented_v_cleanandjerk_g18_c01,train,2fe979f3969f9a28028d589960f47cf5b386fb45315a97ab01219eb83ae9cea3,,2fe979f3969f9a28028d589960f47cf5b386fb45315a97ab01219eb83ae9cea3
/Users/josephkamil/Desktop/Capstone/Oly_Data/segmented/clean/clean_from_cj_0047.mp4,clean,clean_from_cj_0047.mp4,0.138,clean,,yes,,olympic,clean_segmented_v_cleanandjerk_g18_c04,train,439b42e5f3f90c4bc362a270f019ef3f0d9e7e4b39ef5459d250d0cf4f18afe2,,439b42e5f3f90c4bc362a270f019ef3f0d9e7e4b39ef5459d250d0cf4f18afe2
/Users/josephkamil/Desktop/Capstone/Oly_Data/segmented/clean/clean_from_cj_0108.mp4,clean,clean_from_cj_0108.mp4,0.123,clean,,yes,,olympic,clean_segmented_v_cleanandjerk_g20_c04,train,2a16d72d09d6b3f61afdd37a144b402a9b8bee6f74c953534af8ff29773d0c14,,2a16d72d09d6b3f61afdd37a144b402a9b8bee6f74c953534af8ff29773d0c14
/Users/josephkamil/Desktop/Capstone/Oly_Data/segmented/clean/clean_from_cj_0092.mp4,clean,clean_from_cj_0092.mp4,0.111,clean,,yes,,olympic,clean_segmented_v_cleanandjerk_g20_c02,train,ae46e9e3acc679cdae5f0b91c9b6c087ab02718d632480572177b0cd683626f0,,ae46e9e3acc679cdae5f0b91c9b6c087ab02718d632480572177b0cd683626f0
/Users/josephkamil/Desktop/Capstone/Oly_Data/segmented/clean/clean_from_cj_0070.mp4,clean,clean_from_cj_0070.mp4,0.144,clean,,yes,,olympic,clean_segmented_v_cleanandjerk_g22_c04,train,3b2724b2034643d11318adeec98444e9f901ea925703b86d6a4c49c826a25ccb,,3b2724b2034643d11318adeec98444e9f901ea925703b86d6a4c49c826a25ccb
/Users/josephkamil/Desktop/Capstone/Oly_Data/segmented/clean/clean_from_cj_0013.mp4,clean,clean_from_cj_0013.mp4,0.196,clean,,yes,,olympic,clean_segmented_v_cleanandjerk_g24_c02,train,0281adfd2eb0a14f86176fec1f7d6f82b2c6663aca179493c82855869bf9522a,,0281adfd2eb0a14f86176fec1f7d6f82b2c6663aca179493c82855869bf9522a
/Users/josephkamil/Desktop/Capstone/Oly_Data/segmented/clean/clean_from_cj_0012.mp4,clean,clean_from_cj_0012.mp4,0.115,clean,,yes,,olympic,clean_segmented_v_cleanandjerk_g24_c03,train,2ba368c22c6c7e33f4908875e03f4f1a8c61033a0ae83dcf41ed98b7dcf6ef9f,,2ba368c22c6c7e33f4908875e03f4f1a8c61033a0ae83dcf41ed98b7dcf6ef9f
/Users/josephkamil/Desktop/Capstone/Oly_Data/segmented/clean/clean_from_cj_0021.mp4,clean,clean_from_cj_0021.mp4,0.086,clean,,yes,,olympic,clean_segmented_v_cleanandjerk_g25_c02,train,c7f66913bf3c965fbe78a8eb9cb0c2f1d1246c4a69e9309669d1118627989133,,c7f66913bf3c965fbe78a8eb9cb0c2f1d1246c4a69e9309669d1118627989133
/Users/josephkamil/Desktop/Capstone/Oly_Data/segmented/split_jerk/split_jerk_from_cj_0006.mp4,split_jerk,split_jerk_from_cj_0006.mp4,0.188,split_jerk,,yes,,olympic,split_jerk_segmented_v_cleanandjerk_g03_c06,train,f25c883d6b1e15c133f98ff5fde27c2c6610da6eb51695daa973bba378c8a5c8,,f25c883d6b1e15c133f98ff5fde27c2c6610da6eb51695daa973bba378c8a5c8
/Users/josephkamil/Desktop/Capstone/Oly_Data/segmented/split_jerk/split_jerk_from_cj_0023.mp4,split_jerk,split_jerk_from_cj_0023.mp4,0.161,split_jerk,,yes,,olympic,split_jerk_segmented_v_cleanandjerk_g03_c03,train,6367e52af1da4c66b3408250dfaeed902b73c70e4f7a9870911563e9225028cb,,6367e52af1da4c66b3408250dfaeed902b73c70e4f7a9870911563e9225028cb
/Users/josephkamil/Desktop/Capstone/Oly_Data/segmented/split_jerk/split_jerk_from_cj_0074.mp4,split_jerk,split_jerk_from_cj_0074.mp4,0.13,split_jerk,,yes,,olympic,split_jerk_segmented_v_cleanandjerk_g06_c04,train,583d83db66eeded76f5fc5164677a0e0b078d557b1cca501662a8947046b343e,,583d83db66eeded76f5fc5164677a0e0b078d557b1cca501662a8947046b343e
/Users/josephkamil/Desktop/Capstone/Oly_Data/segmented/split_jerk/split_jerk_from_cj_0067.mp4,split_jerk,split_jerk_from_cj_0067.mp4,0.129,split_jerk,,yes,,olympic,split_jerk_segmented_v_cleanandjerk_g06_c02,train,bdd362ded8cf7b7d1ed3e167bfb0f23eb41bb922d0df4a0f054153fe7ed77dc4,,bdd362ded8cf7b7d1ed3e167bfb0f23eb41bb922d0df4a0f054153fe7ed77dc4
/Users/josephkamil/Desktop/Capstone/Oly_Data/segmented/split_jerk/split_jerk_from_cj_0076.mp4,split_jerk,split_jerk_from_cj_0076.mp4,0.16,split_jerk,,yes,,olympic,split_jerk_segmented_v_cleanandjerk_g07_c01,train,162ebabbc89d0eb3d19f5af2caefeb95a77248e54c77eae897e31b3fdfb22783,,162ebabbc89d0eb3d19f5af2caefeb95a77248e54c77eae897e31b3fdfb22783
/Users/josephkamil/Desktop/Capstone/Oly_Data/segmented/split_jerk/split_jerk_from_cj_0081.mp4,split_jerk,split_jerk_from_cj_0081.mp4,0.157,split_jerk,,yes,,olympic,split_jerk_segmented_v_cleanandjerk_g07_c02,train,0e5b0b4b13dd319fd77271da7addc1780583e4f6caddc8d8c7a4d84b823a6cc6,,0e5b0b4b13dd319fd77271da7addc1780583e4f6caddc8d8c7a4d84b823a6cc6
/Users/josephkamil/Desktop/Capstone/Oly_Data/segmented/split_jerk/split_jerk_from_cj_0030.mp4,split_jerk,split_jerk_from_cj_0030.mp4,0.168,split_jerk,,yes,,olympic,split_jerk_segmented_v_cleanandjerk_g08_c01,train,53009cf4d1711ec3041e7720a37b48700977dfd81df9487c88ac8ee2d7cd925e,,53009cf4d1711ec3041e7720a37b48700977dfd81df9487c88ac8ee2d7cd925e
/Users/josephkamil/Desktop/Capstone/Oly_Data/segmented/split_jerk/split_jerk_from_cj_0043.mp4,split_jerk,split_jerk_from_cj_0043.mp4,0.141,split_jerk,,yes,,olympic,split_jerk_segmented_v_cleanandjerk_g09_c02,train,cf24055aefee9a9bb970189266532914dee5e01deeb97aac32bd8ce9f787b55d,,cf24055aefee9a9bb970189266532914dee5e01deeb97aac32bd8ce9f787b55d
/Users/josephkamil/Desktop/Capstone/Oly_Data/segmented/split_jerk/split_jerk_from_cj_0039.mp4,split_jerk,split_jerk_from_cj_0039.mp4,0.132,split_jerk,,yes,,olympic,split_jerk_segmented_v_cleanandjerk_g09_c01,train,5ddc3680f3cc6e172e92900a61d18e4c806ce671bd5c93e03225b5756f12873d,,5ddc3680f3cc6e172e92900a61d18e4c806ce671bd5c93e03225b5756f12873d
/Users/josephkamil/Desktop/Capstone/Oly_Data/segmented/split_jerk/split_jerk_from_cj_0034.mp4,split_jerk,split_jerk_from_cj_0034.mp4,0.12,split_jerk,,yes,,olympic,split_jerk_segmented_v_cleanandjerk_g11_c03,train,b8698b6f5e145a2346db06b1e76f38b162400e0074db406af3e0191cc6e26e0f,,b8698b6f5e145a2346db06b1e76f38b162400e0074db406af3e0191cc6e26e0f
/Users/josephkamil/Desktop/Capstone/Oly_Data/segmented/split_jerk/split_jerk_from_cj_0041.mp4,split_jerk,split_jerk_from_cj_0041.mp4,0.119,split_jerk,,yes,,olympic,split_jerk_segmented_v_cleanandjerk_g11_c04,train,266c770ccb231ae0aaa6376b637d1b7ab28bc76fbcd97751cafd2202a30a8972,,266c770ccb231ae0aaa6376b637d1b7ab28bc76fbcd97751cafd2202a30a8972
/Users/josephkamil/Desktop/Capstone/Oly_Data/segmented/split_jerk/split_jerk_from_cj_0009.mp4,split_jerk,split_jerk_from_cj_0009.mp4,0.048,split_jerk,,yes,,olympic,split_jerk_segmented_v_cleanandjerk_g12_c01,train,3293b32ce3529fcfbd52d521a1f1bad3695baa730f70d0df681ce6860b684233,,3293b32ce3529fcfbd52d521a1f1bad3695baa730f70d0df681ce6860b684233
/Users/josephkamil/Desktop/Capstone/Oly_Data/segmented/split_jerk/split_jerk_from_cj_0008.mp4,split_jerk,split_jerk_from_cj_0008.mp4,0.134,split_jerk,,yes,,olympic,split_jerk_segmented_v_cleanandjerk_g13_c04,train,8922efb33157ee21f5dd2687e9d7174db40792c8a743f6a5673d162e19188960,,8922efb33157ee21f5dd2687e9d7174db40792c8a743f6a5673d162e19188960
/Users/josephkamil/Desktop/Capstone/Oly_Data/segmented/split_jerk/split_jerk_from_cj_0027.mp4,split_jerk,split_jerk_from_cj_0027.mp4,0.132,split_jerk,,yes,,olympic,split_jerk_segmented_v_cleanandjerk_g18_c02,train,09b4892d0a24aa99a0b4ef9cc1ed04db37bc2af9378c8ff4eaa33c0fb9452afe,,09b4892d0a24aa99a0b4ef9cc1ed04db37bc2af9378c8ff4eaa33c0fb9452afe
/Users/josephkamil/Desktop/Capstone/Oly_Data/segmented/split_jerk/split_jerk_from_cj_0037.mp4,split_jerk,split_jerk_from_cj_0037.mp4,0.135,split_jerk,,yes,,olympic,split_jerk_segmented_v_cleanandjerk_g18_c04,train,60a8e94dac2b5757d9b516083198cc8ab53c1cafbaba63dcde662f3223d18c3e,,60a8e94dac2b5757d9b516083198cc8ab53c1cafbaba63dcde662f3223d18c3e
/Users/josephkamil/Desktop/Capstone/Oly_Data/segmented/split_jerk/split_jerk_from_cj_0075.mp4,split_jerk,split_jerk_from_cj_0075.mp4,0.134,split_jerk,,yes,,olympic,split_jerk_segmented_v_cleanandjerk_g20_c06,train,63386271d3a2cc2dba81c5cb2d0ae0ece5e57f3626f0b307f20d4d453b5f8a33,,63386271d3a2cc2dba81c5cb2d0ae0ece5e57f3626f0b307f20d4d453b5f8a33
/Users/josephkamil/Desktop/Capstone/Oly_Data/segmented/split_jerk/split_jerk_from_cj_0079.mp4,split_jerk,split_jerk_from_cj_0079.mp4,0.113,split_jerk,,yes,,olympic,split_jerk_segmented_v_cleanandjerk_g20_c04,train,47610bbf4e98e3ea5858b4d12f7741e824c62e61fd07fc3e338b78256a5f0a1c,,47610bbf4e98e3ea5858b4d12f7741e824c62e61fd07fc3e338b78256a5f0a1c
/Users/josephkamil/Desktop/Capstone/Oly_Data/segmented/split_jerk/split_jerk_from_cj_0056.mp4,split_jerk,split_jerk_from_cj_0056.mp4,0.179,split_jerk,,yes,,olympic,split_jerk_segmented_v_cleanandjerk_g22_c01,train,edd6b8e693c4cf719f7b8b53f57c3785929930c0d8785f66e4ab7a44f35273c6,,edd6b8e693c4cf719f7b8b53f57c3785929930c0d8785f66e4ab7a44f35273c6
/Users/josephkamil/Desktop/Capstone/Oly_Data/segmented/split_jerk/split_jerk_from_cj_0061.mp4,split_jerk,split_jerk_from_cj_0061.mp4,0.169,split_jerk,,yes,,olympic,split_jerk_segmented_v_cleanandjerk_g22_c02,train,4b847e71bf8678337065ab7d9a3c345e8dea9b4b966415ece3891d63e20252ea,,4b847e71bf8678337065ab7d9a3c345e8dea9b4b966415ece3891d63e20252ea
/Users/josephkamil/Desktop/Capstone/Oly_Data/segmented/split_jerk/split_jerk_from_cj_0010.mp4,split_jerk,split_jerk_from_cj_0010.mp4,0.135,split_jerk,,yes,,olympic,split_jerk_segmented_v_cleanandjerk_g24_c03,train,5c9c619903d8b41ad576bb595326440e709e93bd17b0d3b7e3b8cae5a6175f47,,5c9c619903d8b41ad576bb595326440e709e93bd17b0d3b7e3b8cae5a6175f47
/Users/josephkamil/Desktop/Capstone/Oly_Data/segmented/split_jerk/split_jerk_from_cj_0013.mp4,split_jerk,split_jerk_from_cj_0013.mp4,0.115,split_jerk,,yes,,olympic,split_jerk_segmented_v_cleanandjerk_g25_c03,train,dceaaf2594975ce94f537ab93208b6c4267ac674a3ccd4d9357660fbfb85e57d,,dceaaf2594975ce94f537ab93208b6c4267ac674a3ccd4d9357660fbfb85e57d
