video,path,label,frames_processed,pose_frames,total_frames,knee_mean,knee_std,knee_min,knee_max,knee_delta,hip_mean,hip_std,hip_min,hip_max,hip_delta,elbow_mean,elbow_std,elbow_min,elbow_max,elbow_delta,shoulder_mean,shoulder_std,shoulder_min,shoulder_max,shoulder_delta,wrist_y_mean,wrist_y_std,wrist_y_min,wrist_y_max,wrist_y_delta,hip_y_mean,hip_y_std,hip_y_min,hip_y_max,hip_y_delta,wrist_shoulder_distance_mean,wrist_shoulder_distance_std,wrist_shoulder_distance_min,wrist_shoulder_distance_max,wrist_shoulder_distance_delta,overhead_ratio,has_overhead,first_overhead_pct,last_overhead_pct,overhead_span_pct,min_knee_angle,min_hip_angle,max_elbow_angle,max_shoulder_angle,min_knee_time_pct,min_hip_time_pct,max_wrist_motion,mean_wrist_motion,max_hip_motion,mean_hip_motion,overhead_near_bottom,late_overhead_flag,early_min_knee,late_min_knee,wrist_velocity_mean,wrist_velocity_peak,hip_velocity_mean,hip_velocity_peak,knee_velocity_mean,knee_velocity_peak,elbow_velocity_mean,elbow_velocity_peak,bottom_to_overhead_time,early_late_overhead_delta,wrist_path_length,hip_path_length,wrist_vertical_range,hip_vertical_range,overhead_jitter,late_wrist_y_std
v_CleanAndJerk_g01_c01.avi,/Users/josephkamil/Desktop/Capstone/Oly_Data/raw/clean_and_jerk/CleanAndJerk/v_CleanAndJerk_g01_c01.avi,clean_and_jerk,90,90,100,171.3289794921875,8.480748176574707,135.49652099609375,179.33885192871094,-43.71159362792969,163.02574157714844,9.593504905700684,117.20013427734375,175.14511108398438,-44.16075134277344,110.1270751953125,62.59691619873047,2.6154263019561768,178.91888427734375,6.409332275390625,0.0,0.0,0.0,0.0,0.0,0.3867051899433136,0.16120824217796326,0.16612644493579865,0.7895923852920532,0.2166440486907959,0.5421664118766785,0.049925532191991806,0.47577986121177673,0.702216625213623,0.18355363607406616,0.09339337795972824,0.06070291996002197,0.0037819701246917248,0.19017012417316437,-0.011623650789260864,0.42222222685813904,1.0,0.14444445073604584,0.6000000238418579,0.46666666865348816,135.49652099609375,117.20013427734375,178.91888427734375,0.0,0.9888888597488403,0.9888888597488403,0.15702593326568604,0.015796536579728127,0.03216737508773804,0.005196001380681992,0.0,0.0,156.6449737548828,135.49652099609375,0.015796536579728127,0.15702593326568604,0.005196001380681992,0.03216737508773804,2.0682413578033447,21.1207275390625,16.44148063659668,172.47315979003906,-0.8444444537162781,0.4555555582046509,1.4058917760849,0.46244412660598755,0.6234659552574158,0.2264367640018463,0.06087568402290344,0.13721191883087158
v_CleanAndJerk_g01_c02.avi,/Users/josephkamil/Desktop/Capstone/Oly_Data/raw/clean_and_jerk/CleanAndJerk/v_CleanAndJerk_g01_c02.avi,clean_and_jerk,112,112,113,169.2970733642578,11.358831405639648,132.71607971191406,179.28456115722656,-0.69976806640625,159.26686096191406,14.949658393859863,112.06551361083984,179.4288330078125,-18.2353515625,117.78834533691406,61.078712463378906,3.6730024814605713,176.59481811523438,-1.2298431396484375,0.0,0.0,0.0,0.0,0.0,0.48465874791145325,0.15744374692440033,0.24194660782814026,0.7671988010406494,-0.0016769170761108398,0.6141360402107239,0.0333486944437027,0.5514380931854248,0.7043408155441284,0.011246204376220703,0.10119316726922989,0.05933337286114693,0.007672888692468405,0.18097621202468872,-0.018223389983177185,0.3482142984867096,1.0,0.2410714328289032,0.6160714030265808,0.3839285671710968,132.71607971191406,112.06551361083984,176.59481811523438,0.0,0.0446428582072258,0.0446428582072258,0.09986644983291626,0.015483032912015915,0.030526697635650635,0.005187349393963814,0.0,0.0,132.71607971191406,140.8073272705078,0.015483032912015915,0.09986644983291626,0.005187349393963814,0.030526697635650635,2.3803117275238037,15.234970092773438,14.512833595275879,162.50921630859375,0.1964285671710968,0.375,1.7186166048049927,0.5757957696914673,0.5252522230148315,0.1529027223587036,0.06567510962486267,0.10616247355937958
v_CleanAndJerk_g01_c03.avi,/Users/josephkamil/Desktop/Capstone/Oly_Data/raw/clean_and_jerk/CleanAndJerk/v_CleanAndJerk_g01_c03.avi,clean_and_jerk,120,120,124,169.8408660888672,12.343123435974121,115.12126922607422,179.24853515625,16.018997192382812,155.4084014892578,23.090373992919922,96.2637710571289,176.00439453125,3.4906539916992188,114.95780944824219,63.39189529418945,5.052059173583984,179.0697479248047,1.428985595703125,0.0,0.0,0.0,0.0,0.0,0.4631827771663666,0.19143947958946228,0.16634900867938995,0.7830450534820557,0.01048058271408081,0.5485970973968506,0.048311617225408554,0.4749252200126648,0.6799513101577759,-0.09134107828140259,0.10986653715372086,0.05353698134422302,0.0032892145682126284,0.22571982443332672,0.06369806826114655,0.25,1.0,0.4749999940395355,0.7166666388511658,0.25,115.12126922607422,96.2637710571289,179.0697479248047,0.0,0.2083333283662796,0.11666666716337204,0.11695083975791931,0.017520898953080177,0.023653864860534668,0.004777358844876289,0.0,1.0,115.12126922607422,155.8402862548828,0.017520898953080177,0.11695083975791931,0.004777358844876289,0.023653864860534668,3.108942985534668,58.691017150878906,14.74977970123291,170.3441925048828,0.2666666805744171,0.24166665971279144,2.084986925125122,0.5685057044029236,0.6166960597038269,0.20502609014511108,0.05192841589450836,0.15262243151664734
v_CleanAndJerk_g01_c04.avi,/Users/josephkamil/Desktop/Capstone/Oly_Data/raw/clean_and_jerk/CleanAndJerk/v_CleanAndJerk_g01_c04.avi,clean_and_jerk,113,113,119,175.3385772705078,4.890239238739014,152.24327087402344,179.35015869140625,19.85089111328125,165.8397674560547,8.408244132995605,125.9570083618164,176.19534301757812,24.56237030029297,101.96688842773438,67.47903442382812,2.016714096069336,178.67799377441406,11.481887817382812,0.0,0.0,0.0,0.0,0.0,0.4290122091770172,0.13991418480873108,0.1945069134235382,0.7217966318130493,-0.001741170883178711,0.5592935085296631,0.01673698239028454,0.517342209815979,0.6120585203170776,-0.02721226215362549,0.09478780627250671,0.05990638583898544,0.0022488778922706842,0.17405420541763306,0.04715044051408768,0.3362831771373749,1.0,0.38053098320961,0.76106196641922,0.389380544424057,152.24327087402344,125.9570083618164,178.67799377441406,0.0,0.044247787445783615,0.0,0.08442628383636475,0.014567891135811806,0.039008498191833496,0.003973119892179966,0.0,0.0,152.24327087402344,171.91183471679688,0.014567891135811806,0.08442628383636475,0.003973119892179966,0.039008498191833496,2.229093551635742,21.597915649414062,12.118645668029785,105.30418395996094,0.3362831771373749,0.38053098320961,1.6316038370132446,0.4449894428253174,0.5272897481918335,0.09471631050109863,0.07072403281927109,0.11217101663351059
v_CleanAndJerk_g02_c01.avi,/Users/josephkamil/Desktop/Capstone/Oly_Data/raw/clean_and_jerk/CleanAndJerk/v_CleanAndJerk_g02_c01.avi,clean_and_jerk,103,103,103,134.97975158691406,46.67583084106445,42.76313400268555,179.3018035888672,131.69342041015625,131.47665405273438,46.5924186706543,32.902122497558594,179.40492248535156,137.3380889892578,172.18295288085938,5.313203811645508,139.10107421875,178.84365844726562,1.3095855712890625,0.0,0.0,0.0,0.0,0.0,0.39166224002838135,0.09228474646806717,0.28607553243637085,0.6315585374832153,-0.3155907392501831,0.5828714370727539,0.04826908931136131,0.4847521185874939,0.668166995048523,-0.05455660820007324,0.08933510631322861,0.01576794870197773,0.020244741812348366,0.1169356107711792,-0.022806957364082336,0.7766990065574646,1.0,0.223300963640213,0.9902912378311157,0.7766990065574646,42.76313400268555,32.902122497558594,178.84365844726562,0.0,0.009708737954497337,0.009708737954497337,0.02644619345664978,0.005140458233654499,0.031344473361968994,0.0054498594254255295,0.0,0.0,42.76313400268555,143.13551330566406,0.005140458233654499,0.02644619345664978,0.0054498594254255295,0.031344473361968994,4.669404983520508,41.691741943359375,2.7382521629333496,26.7545166015625,0.21359223127365112,0.7669903039932251,0.524326741695404,0.5558856725692749,0.3454830050468445,0.18341487646102905,0.050382066518068314,0.010749881155788898
v_CleanAndJerk_g02_c02.avi,/Users/josephkamil/Desktop/Capstone/Oly_Data/raw/clean_and_jerk/CleanAndJerk/v_CleanAndJerk_g02_c02.avi,clean_and_jerk,245,245,245,163.6311798095703,25.500503540039062,48.562705993652344,179.31996154785156,47.48701477050781,157.653564453125,23.573471069335938,51.594581604003906,178.66554260253906,50.77558135986328,85.89413452148438,66.33694458007812,2.0005743503570557,179.08316040039062,-1.800048828125,0.0,0.0,0.0,0.0,0.0,0.41224077343940735,0.09758298844099045,0.21390791237354279,0.7134078741073608,-0.48531025648117065,0.5822616219520569,0.047093715518713,0.491757869720459,0.6899253129959106,-0.10128450393676758,0.06294789910316467,0.06143174320459366,0.0010976104531437159,0.18591241538524628,-0.048256441950798035,0.3469387888908386,1.0,0.1387755125761032,0.9959183931350708,0.8612244725227356,48.562705993652344,51.594581604003906,179.08316040039062,0.0,0.15510204434394836,0.15510204434394836,0.050156354904174805,0.0054697603918612,0.03675585985183716,0.004100394900888205,0.625,0.0,48.562705993652344,151.42835998535156,0.0054697603918612,0.050156354904174805,0.004100394900888205,0.03675585985183716,2.52561616897583,45.107887268066406,6.778377532958984,135.130615234375,-0.016326529905200005,0.8571428656578064,1.334621548652649,1.0004963874816895,0.49949997663497925,0.19816744327545166,0.07108753174543381,0.08217716962099075
v_CleanAndJerk_g02_c03.avi,/Users/josephkamil/Desktop/Capstone/Oly_Data/raw/clean_and_jerk/CleanAndJerk/v_CleanAndJerk_g02_c03.avi,clean_and_jerk,211,211,211,160.44073486328125,32.50458908081055,44.200870513916016,179.36024475097656,109.61614990234375,152.01190185546875,28.89988136291504,44.52219772338867,177.21360778808594,91.57376098632812,62.32956314086914,59.3314323425293,2.6733052730560303,179.11041259765625,-26.479751586914062,0.0,0.0,0.0,0.0,0.0,0.474538654088974,0.09269631654024124,0.3277962803840637,0.7165216207504272,-0.3694693446159363,0.6077654957771301,0.043807096779346466,0.5351297855377197,0.7558556795120239,0.0005671381950378418,0.03788245469331741,0.05946783348917961,0.0006308613810688257,0.18708990514278412,-0.03608746826648712,0.25592416524887085,1.0,0.18009479343891144,0.9952606558799744,0.8199052214622498,44.200870513916016,44.52219772338867,179.11041259765625,0.0,0.22274881601333618,0.22274881601333618,0.03571319580078125,0.004173117224127054,0.05978667736053467,0.0033519428689032793,0.625,0.0,44.200870513916016,166.7843017578125,0.004173117224127054,0.03571319580078125,0.0033519428689032793,0.05978667736053467,2.576856851577759,31.887603759765625,7.744219779968262,171.71243286132812,-0.04265403002500534,0.8151658773422241,0.8763546347618103,0.7039080262184143,0.3887253403663635,0.2207258939743042,0.06614281982183456,0.022989891469478607
v_CleanAndJerk_g02_c04.avi,/Users/josephkamil/Desktop/Capstone/Oly_Data/raw/clean_and_jerk/CleanAndJerk/v_CleanAndJerk_g02_c04.avi,clean_and_jerk,291,291,293,166.42530822753906,22.49006462097168,60.13499450683594,179.3949432373047,53.35670471191406,161.5703582763672,20.30236053466797,55.43195724487305,179.45594787597656,57.85643005371094,71.36007690429688,72.9533920288086,1.5911390781402588,179.0013427734375,5.2787017822265625,0.0,0.0,0.0,0.0,0.0,0.4058031141757965,0.12175404280424118,0.19173261523246765,0.760017454624176,-0.5428972840309143,0.5819097757339478,0.05123111605644226,0.5269359946250916,0.7461836338043213,-0.12040817737579346,0.061203889548778534,0.0629647895693779,0.008004301227629185,0.19161733984947205,-0.026788994669914246,0.30927833914756775,1.0,0.1168384850025177,0.9965635538101196,0.8831614851951599,60.13499450683594,55.43195724487305,179.0013427734375,0.0,0.14089347422122955,0.14089347422122955,0.05734437704086304,0.005693432409316301,0.04256749153137207,0.004173575434833765,0.875,0.0,60.13499450683594,143.47572326660156,0.005693432409316301,0.05734437704086304,0.004173575434833765,0.04256749153137207,2.1899616718292236,39.24687957763672,9.068963050842285,162.58837890625,-0.024054983630776405,0.8797250986099243,1.6510953903198242,1.2103369235992432,0.5682848691940308,0.21924763917922974,0.13210460543632507,0.07819347083568573
v_CleanAndJerk_g03_c01.avi,/Users/josephkamil/Desktop/Capstone/Oly_Data/raw/clean_and_jerk/CleanAndJerk/v_CleanAndJerk_g03_c01.avi,clean_and_jerk,172,172,172,157.9945831298828,30.86628532409668,39.92365646362305,178.133056640625,30.06317138671875,152.31088256835938,27.523250579833984,46.15455627441406,169.48809814453125,33.77848815917969,88.88790130615234,59.01075744628906,32.61289978027344,179.25819396972656,0.2862548828125,0.0,0.0,0.0,0.0,0.0,0.28257668018341064,0.14511704444885254,0.07279475033283234,0.6429396867752075,-0.5262961983680725,0.5537828803062439,0.09075161069631577,0.39412039518356323,0.8410028219223022,0.05357658863067627,0.08572103083133698,0.09417810291051865,0.002978689270094037,0.2733688950538635,-0.07282660901546478,0.8837209343910217,1.0,0.11627907305955887,0.9941860437393188,0.8837209343910217,39.92365646362305,46.15455627441406,179.25819396972656,0.0,0.16860465705394745,0.18023255467414856,0.08342444896697998,0.009373441338539124,0.11391127109527588,0.007912853732705116,1.0,0.0,39.92365646362305,153.74961853027344,0.009373441338539124,0.08342444896697998,0.007912853732705116,0.11391127109527588,2.5402770042419434,47.23415756225586,3.1565394401550293,100.57452392578125,-0.05232558026909828,0.8779069781303406,1.602858543395996,1.353097915649414,0.5701449513435364,0.446882426738739,0.13033144176006317,0.08534325659275055
v_CleanAndJerk_g03_c02.avi,/Users/josephkamil/Desktop/Capstone/Oly_Data/raw/clean_and_jerk/CleanAndJerk/v_CleanAndJerk_g03_c02.avi,clean_and_jerk,254,254,254,155.4364471435547,34.2025260925293,37.23065185546875,179.40113830566406,81.16004943847656,149.05514526367188,29.913541793823242,47.75311279296875,170.31752014160156,80.37884521484375,66.15672302246094,58.179447174072266,23.502819061279297,171.60072326660156,27.743988037109375,0.0,0.0,0.0,0.0,0.0,0.31004777550697327,0.17066045105457306,0.11016915738582611,0.6983219385147095,-0.5878197550773621,0.543339192867279,0.08549044281244278,0.41927289962768555,0.8481374382972717,-0.08159875869750977,0.07388155907392502,0.09045647084712982,0.0015862071886658669,0.2609720826148987,0.013516262173652649,0.7244094610214233,1.0,0.18110236525535583,0.9960629940032959,0.8188976645469666,37.23065185546875,47.75311279296875,171.60072326660156,0.0,0.20866142213344574,0.20866142213344574,0.05017992854118347,0.006092160940170288,0.06428402662277222,0.005749796982854605,0.25,0.0,37.23065185546875,150.41294860839844,0.006092160940170288,0.05017992854118347,0.005749796982854605,0.06428402662277222,2.2310945987701416,43.68181228637695,1.978327989578247,91.6999282836914,-0.027559055015444756,0.8149606585502625,1.5413167476654053,1.4546986818313599,0.5881527662277222,0.4288645386695862,0.09005386382341385,0.05338766798377037
v_CleanAndJerk_g03_c03.avi,/Users/josephkamil/Desktop/Capstone/Oly_Data/raw/clean_and_jerk/CleanAndJerk/v_CleanAndJerk_g03_c03.avi,clean_and_jerk,276,276,276,164.09909057617188,28.87059783935547,41.47626495361328,179.5988311767578,90.8356704711914,154.697998046875,26.402339935302734,38.54799270629883,177.59596252441406,88.84716796875,71.28724670410156,59.52360153198242,18.127275466918945,177.0749969482422,12.061599731445312,0.0,0.0,0.0,0.0,0.0,0.2631494998931885,0.15159457921981812,0.1107296496629715,0.6760352849960327,-0.5653056502342224,0.5418239831924438,0.08460608869791031,0.4013388752937317,0.8212136030197144,-0.008840560913085938,0.08086396753787994,0.09347199648618698,0.0024232242722064257,0.2824242115020752,-0.03318554162979126,0.8514492511749268,1.0,0.12318840622901917,0.9963768124580383,0.8768116235733032,41.47626495361328,38.54799270629883,177.0749969482422,0.0,0.17028985917568207,0.17391304671764374,0.09223449230194092,0.005272493232041597,0.11818563938140869,0.0048719746991992,1.0,0.0,41.47626495361328,154.38107299804688,0.005272493232041597,0.09223449230194092,0.0048719746991992,0.11818563938140869,2.1708202362060547,36.49026870727539,2.457263946533203,97.09347534179688,-0.047101449221372604,0.8731883764266968,1.4499356746673584,1.339793086051941,0.5653056502342224,0.41987472772598267,0.09926652908325195,0.04337406903505325
v_CleanAndJerk_g03_c04.avi,/Users/josephkamil/Desktop/Capstone/Oly_Data/raw/clean_and_jerk/CleanAndJerk/v_CleanAndJerk_g03_c04.avi,clean_and_jerk,293,293,293,152.12545776367188,38.72639846801758,39.9172477722168,179.37355041503906,99.72105407714844,146.20025634765625,35.13877868652344,48.09698486328125,173.143798828125,99.79322052001953,69.85796356201172,58.08737564086914,22.024612426757812,173.1201934814453,12.549896240234375,0.0,0.0,0.0,0.0,0.0,0.32333818078041077,0.1852225363254547,0.10082623362541199,0.7072546482086182,-0.5879716873168945,0.557684600353241,0.08252936601638794,0.4500409960746765,0.8703789114952087,-0.04741424322128296,0.08373385667800903,0.09582862257957458,0.0018197199096903205,0.27395114302635193,0.027647972106933594,0.723549485206604,1.0,0.20136518776416779,0.9965870380401611,0.7986348271369934,39.9172477722168,48.09698486328125,173.1201934814453,0.0,0.23208190500736237,0.23208190500736237,0.11282354593276978,0.005663296673446894,0.06829655170440674,0.005115575157105923,0.625,0.0,39.9172477722168,151.60980224609375,0.005663296673446894,0.11282354593276978,0.005115575157105923,0.06829655170440674,2.012212038040161,28.464111328125,2.104130268096924,109.66378784179688,-0.030716722831130028,0.7952218651771545,1.6536825895309448,1.4937479496002197,0.6064283847808838,0.4203379154205322,0.09676578640937805,0.0619664303958416
v_CleanAndJerk_g03_c05.avi,/Users/josephkamil/Desktop/Capstone/Oly_Data/raw/clean_and_jerk/CleanAndJerk/v_CleanAndJerk_g03_c05.avi,clean_and_jerk,217,217,238,169.36016845703125,8.415392875671387,146.27288818359375,179.36029052734375,12.049697875976562,163.65228271484375,6.813504695892334,145.8714599609375,174.6836700439453,15.308837890625,99.58495330810547,63.091217041015625,31.20298957824707,179.21273803710938,8.169265747070312,0.0,0.0,0.0,0.0,0.0,0.21449080109596252,0.0941760465502739,0.09858126193284988,0.5014949440956116,-0.37881526350975037,0.5362616181373596,0.04890982806682587,0.3918367028236389,0.6774371266365051,0.17692643404006958,0.09809928387403488,0.09141072630882263,0.006236429326236248,0.2738327085971832,-0.05825868248939514,0.9447004795074463,1.0,0.0552995391190052,0.9953917264938354,0.9447004795074463,146.27288818359375,145.8714599609375,179.21273803710938,0.0,0.05069124326109886,0.0552995391190052,0.15970632433891296,0.005140718072652817,0.09665721654891968,0.004416285082697868,0.875,0.0,146.27288818359375,150.6534423828125,0.005140718072652817,0.15970632433891296,0.004416285082697868,0.09665721654891968,0.9182720184326172,17.324081420898438,2.0536723136901855,109.28111267089844,0.004608294926583767,0.940092146396637,1.110395073890686,0.9539176225662231,0.4029136896133423,0.2856004238128662,0.07798179239034653,0.02356237918138504
v_CleanAndJerk_g03_c06.avi,/Users/josephkamil/Desktop/Capstone/Oly_Data/raw/clean_and_jerk/CleanAndJerk/v_CleanAndJerk_g03_c06.avi,clean_and_jerk,229,229,246,157.73294067382812,22.160200119018555,74.0780258178711,178.5112762451172,-8.687057495117188,152.42807006835938,22.915008544921875,59.640602111816406,172.88128662109375,-12.907905578613281,111.14978790283203,72.91156005859375,2.5199105739593506,177.25791931152344,7.194122314453125,0.0,0.0,0.0,0.0,0.0,0.3007226586341858,0.2187695950269699,0.10544458031654358,0.8979043960571289,0.13189613819122314,0.5775964856147766,0.09309553354978561,0.39395201206207275,0.8380361795425415,0.1782219409942627,0.144020676612854,0.09689422696828842,0.008279411122202873,0.2752234637737274,-0.0658961683511734,0.6550218462944031,1.0,0.2620087265968323,0.9126637578010559,0.6550218462944031,74.0780258178711,59.640602111816406,177.25791931152344,0.0,0.9170305728912354,0.9170305728912354,0.18794578313827515,0.00974871963262558,0.15545427799224854,0.006997393909841776,0.0,0.0,112.23743438720703,74.0780258178711,0.00974871963262558,0.18794578313827515,0.006997393909841776,0.15545427799224854,3.6257848739624023,48.39897918701172,3.7050390243530273,142.47889709472656,-0.6550218462944031,0.6506550312042236,2.222707986831665,1.5954058170318604,0.7924598455429077,0.44408416748046875,0.06629199534654617,0.29285678267478943
v_CleanAndJerk_g04_c01.avi,/Users/josephkamil/Desktop/Capstone/Oly_Data/raw/clean_and_jerk/CleanAndJerk/v_CleanAndJerk_g04_c01.avi,clean_and_jerk,142,142,143,159.58877563476562,37.600502014160156,25.875234603881836,179.17018127441406,3.9746856689453125,159.22276306152344,33.48036193847656,33.82914352416992,179.4348907470703,-1.348846435546875,77.04163360595703,73.2798843383789,1.3982481956481934,178.7360382080078,-68.28311157226562,0.0,0.0,0.0,0.0,0.0,0.3938698470592499,0.13586528599262238,0.1900673508644104,0.6778911352157593,-0.44581806659698486,0.5517258048057556,0.05570218712091446,0.4878501892089844,0.6962078213691711,-0.11580473184585571,0.06095389276742935,0.05582233890891075,0.0009524743654765189,0.1672210544347763,-0.07284462451934814,0.47887325286865234,1.0,0.19718310236930847,0.9929577708244324,0.8028169274330139,25.875234603881836,33.82914352416992,178.7360382080078,0.0,0.246478870511055,0.246478870511055,0.08405154943466187,0.011201362125575542,0.04770582914352417,0.006070439238101244,0.5,0.0,25.875234603881836,163.55325317382812,0.011201362125575542,0.08405154943466187,0.006070439238101244,0.04770582914352417,3.8588149547576904,83.2948989868164,13.17447566986084,175.77735900878906,-0.04929577559232712,0.7957746386528015,1.5793920755386353,0.8559319376945496,0.4878237843513489,0.20835763216018677,0.12027914822101593,0.07739125937223434
v_CleanAndJerk_g04_c02.avi,/Users/josephkamil/Desktop/Capstone/Oly_Data/raw/clean_and_jerk/CleanAndJerk/v_CleanAndJerk_g04_c02.avi,clean_and_jerk,237,237,237,165.5695037841797,35.54251480102539,21.29029083251953,179.33717346191406,16.618270874023438,161.82113647460938,32.020530700683594,24.753849029541016,179.44712829589844,24.66180419921875,52.870880126953125,65.26019287109375,1.4353684186935425,178.6656036376953,-0.5825653076171875,0.0,0.0,0.0,0.0,0.0,0.38692644238471985,0.11592956632375717,0.16217556595802307,0.6921343803405762,-0.5038073062896729,0.5419575572013855,0.05138273537158966,0.4887799620628357,0.702995240688324,-0.0930027961730957,0.04085847735404968,0.05176244676113129,0.002386080101132393,0.16676601767539978,0.02154769003391266,0.594936728477478,1.0,0.1181434616446495,0.9957805871963501,0.8818565607070923,21.29029083251953,24.753849029541016,178.6656036376953,0.0,0.18565401434898376,0.18987341225147247,0.07034188508987427,0.007179356645792723,0.03201645612716675,0.0038026724942028522,0.5,0.0,21.29029083251953,167.82530212402344,0.007179356645792723,0.07034188508987427,0.0038026724942028522,0.03201645612716675,2.152010202407837,46.726470947265625,8.011014938354492,133.74911499023438,-0.06751054525375366,0.8776371479034424,1.6943281888961792,0.8974307179450989,0.5299588441848755,0.21421527862548828,0.08806692808866501,0.06827285885810852
v_CleanAndJerk_g04_c03.avi,/Users/josephkamil/Desktop/Capstone/Oly_Data/raw/clean_and_jerk/CleanAndJerk/v_CleanAndJerk_g04_c03.avi,clean_and_jerk,146,146,146,156.31130981445312,40.277828216552734,32.437835693359375,179.29229736328125,8.237823486328125,156.03504943847656,40.13460159301758,32.88599395751953,179.4378662109375,-0.6746826171875,72.32713317871094,72.6010971069336,1.0515000820159912,178.7337646484375,-70.77323913574219,0.0,0.0,0.0,0.0,0.0,0.39331379532814026,0.13304945826530457,0.18649934232234955,0.6898618936538696,-0.4459948241710663,0.5550326108932495,0.058321211487054825,0.4972277283668518,0.6929239630699158,-0.133558988571167,0.05630169063806534,0.05706486478447914,0.0010213281493633986,0.16845299303531647,-0.0945795327425003,0.45205479860305786,1.0,0.15753424167633057,0.9931507110595703,0.8424657583236694,32.437835693359375,32.88599395751953,178.7337646484375,0.0,0.30821916460990906,0.30821916460990906,0.04028809070587158,0.009595508687198162,0.03048783540725708,0.005203177686780691,0.25,0.0,32.437835693359375,164.38661193847656,0.009595508687198162,0.04028809070587158,0.005203177686780691,0.03048783540725708,3.2741401195526123,42.2747802734375,8.696537971496582,114.34053039550781,-0.15068493783473969,0.835616409778595,1.3913487195968628,0.7544607520103455,0.5033625364303589,0.19569623470306396,0.10512527078390121,0.08315054327249527
v_CleanAndJerk_g04_c04.avi,/Users/josephkamil/Desktop/Capstone/Oly_Data/raw/clean_and_jerk/CleanAndJerk/v_CleanAndJerk_g04_c04.avi,clean_and_jerk,143,143,152,159.2588348388672,40.71918869018555,29.16193389892578,179.28555297851562,1.56390380859375,154.46820068359375,36.84040451049805,37.53349304199219,177.51925659179688,-2.706451416015625,56.00351333618164,69.27462768554688,1.5247281789779663,178.70249938964844,6.248931884765625,0.0,0.0,0.0,0.0,0.0,0.38966843485832214,0.11623351275920868,0.15976811945438385,0.6836462020874023,-0.5166305303573608,0.5527665019035339,0.0576549768447876,0.4889339208602905,0.7038354873657227,-0.11487573385238647,0.0493762269616127,0.055932097136974335,0.0007321701268665493,0.17103414237499237,-0.017450392246246338,0.5244755148887634,1.0,0.13286712765693665,0.9930070042610168,0.867132842540741,29.16193389892578,37.53349304199219,178.70249938964844,0.0,0.251748263835907,0.251748263835907,0.0984373688697815,0.010233805514872074,0.04095417261123657,0.005904567893594503,1.0,0.0,29.16193389892578,172.44619750976562,0.010233805514872074,0.0984373688697815,0.005904567893594503,0.04095417261123657,2.774223566055298,52.072120666503906,8.701257705688477,81.76756286621094,-0.11888112127780914,0.8601398468017578,1.453200340270996,0.8384486436843872,0.5238780975341797,0.21490156650543213,0.12303496152162552,0.08116915822029114
v_CleanAndJerk_g04_c05.avi,/Users/josephkamil/Desktop/Capstone/Oly_Data/raw/clean_and_jerk/CleanAndJerk/v_CleanAndJerk_g04_c05.avi,clean_and_jerk,233,233,237,163.24537658691406,35.21895980834961,26.571178436279297,179.27259826660156,5.4956817626953125,158.3754425048828,39.19932556152344,8.559187889099121,179.42555236816406,164.85934448242188,53.0503044128418,62.329376220703125,1.5040305852890015,178.80276489257812,26.86920166015625,0.0,0.0,0.0,0.0,0.0,0.3674951195716858,0.10954488813877106,0.15283434092998505,0.7385015487670898,-0.5521407127380371,0.5407049059867859,0.04823041707277298,0.48805874586105347,0.696544885635376,-0.03825896978378296,0.04068166762590408,0.050441522151231766,0.001381043577566743,0.16007740795612335,0.04346088320016861,0.5064377784729004,1.0,0.09442060440778732,0.995708167552948,0.9055793881416321,26.571178436279297,8.559187889099121,178.80276489257812,0.0,0.17167381942272186,0.0,0.08817124366760254,0.007335633039474487,0.028219401836395264,0.00363948754966259,0.25,0.0,26.571178436279297,170.95249938964844,0.007335633039474487,0.08817124366760254,0.00363948754966259,0.028219401836395264,2.2110631465911865,42.267494201660156,8.25143814086914,98.6751708984375,-0.07725322246551514,0.9012875556945801,1.701866865158081,0.8443611264228821,0.5856671929359436,0.2084861397743225,0.09119602292776108,0.08830235153436661
v_CleanAndJerk_g05_c01.avi,/Users/josephkamil/Desktop/Capstone/Oly_Data/raw/clean_and_jerk/CleanAndJerk/v_CleanAndJerk_g05_c01.avi,clean_and_jerk,91,91,91,133.6460723876953,46.80474853515625,38.151458740234375,179.41546630859375,88.2896728515625,127.85155487060547,42.4941291809082,43.88218307495117,170.5812225341797,96.59314727783203,169.09933471679688,8.67984676361084,144.82696533203125,179.10606384277344,-10.142898559570312,0.0,0.0,0.0,0.0,0.0,0.4441685080528259,0.17822088301181793,0.2642551064491272,0.80274897813797,-0.5328643918037415,0.6758134365081787,0.07115170359611511,0.5768624544143677,0.8269757032394409,-0.08638906478881836,0.1421501487493515,0.025466755032539368,0.015909798443317413,0.16511236131191254,-0.0017095506191253662,0.7142857313156128,1.0,0.2857142984867096,0.9890109896659851,0.7142857313156128,38.151458740234375,43.88218307495117,179.10606384277344,0.0,0.3956044018268585,0.3956044018268585,0.036409616470336914,0.008003264665603638,0.05998784303665161,0.007240610662847757,1.0,0.0,38.151458740234375,115.68999481201172,0.008003264665603638,0.036409616470336914,0.007240610662847757,0.05998784303665161,4.95592737197876,26.947982788085938,2.3841989040374756,19.425994873046875,-0.10989011079072952,0.7032967209815979,0.7202938199043274,0.6516549587249756,0.5384938716888428,0.25011324882507324,0.0881996676325798,0.008036685176193714
v_CleanAndJerk_g05_c02.avi,/Users/josephkamil/Desktop/Capstone/Oly_Data/raw/clean_and_jerk/CleanAndJerk/v_CleanAndJerk_g05_c02.avi,clean_and_jerk,146,146,146,100.26944732666016,50.5739631652832,20.697431564331055,167.21104431152344,85.66000366210938,99.42715454101562,46.61751174926758,20.279457092285156,160.89923095703125,105.22615051269531,171.3523712158203,6.822531700134277,131.48158264160156,178.9665985107422,-0.59503173828125,0.0,0.0,0.0,0.0,0.0,0.44436702132225037,0.12495118379592896,0.2786836624145508,0.7776052951812744,-0.4973708987236023,0.6975052952766418,0.08291476964950562,0.5712958574295044,0.8097132444381714,-0.13328611850738525,0.11621289700269699,0.01755797490477562,0.021244604140520096,0.14806488156318665,-0.02699930965900421,0.8630136847496033,1.0,0.13698630034923553,0.9931507110595703,0.8630136847496033,20.697431564331055,20.279457092285156,178.9665985107422,0.0,0.2054794579744339,0.2054794579744339,0.03400218486785889,0.004998556803911924,0.05112558603286743,0.004908941686153412,1.0,0.0,20.697431564331055,48.95780563354492,0.004998556803911924,0.03400218486785889,0.004908941686153412,0.05112558603286743,3.2915289402008057,50.111595153808594,1.7104387283325195,17.9788818359375,-0.06849315017461777,0.8561643958091736,0.7247907519340515,0.7117965221405029,0.49892163276672363,0.238417387008667,0.09547089785337448,0.03785141929984093
v_CleanAndJerk_g05_c03.avi,/Users/josephkamil/Desktop/Capstone/Oly_Data/raw/clean_and_jerk/CleanAndJerk/v_CleanAndJerk_g05_c03.avi,clean_and_jerk,146,146,146,168.0501708984375,23.734451293945312,40.74163055419922,179.2635498046875,122.60245513916016,165.03021240234375,26.080448150634766,25.307262420654297,179.20346069335938,128.50155639648438,70.5502700805664,57.2320556640625,2.7844364643096924,173.9838409423828,-12.578140258789062,0.0,0.0,0.0,0.0,0.0,0.5111325979232788,0.1053881049156189,0.33225005865097046,0.8260826468467712,-0.4910927414894104,0.6522655487060547,0.02903871238231659,0.6240224242210388,0.7500808238983154,-0.11025106906890869,0.046699680387973785,0.05741658806800842,0.0002980635326821357,0.16798622906208038,-0.03397563099861145,0.5136986374855042,1.0,0.15753424167633057,0.9931507110595703,0.8424657583236694,40.74163055419922,25.307262420654297,173.9838409423828,0.0,0.02054794505238533,0.02054794505238533,0.055188119411468506,0.005610749591141939,0.04613232612609863,0.003919508308172226,0.0,0.0,40.74163055419922,159.6324005126953,0.005610749591141939,0.055188119411468506,0.003919508308172226,0.04613232612609863,3.3045237064361572,50.493064880371094,5.383842945098877,91.43763732910156,0.13698630034923553,0.835616409778595,0.8135586977005005,0.5683287382125854,0.4938325881958008,0.1260583996772766,0.07816286385059357,0.07728887349367142
v_CleanAndJerk_g05_c04.avi,/Users/josephkamil/Desktop/Capstone/Oly_Data/raw/clean_and_jerk/CleanAndJerk/v_CleanAndJerk_g05_c04.avi,clean_and_jerk,206,206,206,150.4576873779297,36.49102783203125,46.03086471557617,179.3441925048828,43.09162902832031,145.6851806640625,32.22737121582031,54.4254150390625,174.89630126953125,55.518775939941406,100.5213394165039,60.08009719848633,21.680801391601562,179.02346801757812,-3.0872802734375,0.0,0.0,0.0,0.0,0.0,0.5212224125862122,0.12663517892360687,0.311498761177063,0.8341377973556519,-0.5192279815673828,0.6904551386833191,0.0513058640062809,0.6114284992218018,0.8221390843391418,-0.08636540174484253,0.06795112043619156,0.058464474976062775,0.004068963695317507,0.18324927985668182,-0.008306369185447693,0.8058252334594727,1.0,0.16019417345523834,0.9951456189155579,0.8398058414459229,46.03086471557617,54.4254150390625,179.02346801757812,0.0,0.20388349890708923,0.24757280945777893,0.045850157737731934,0.006384494714438915,0.06596416234970093,0.005042955279350281,1.0,0.0,46.03086471557617,123.3408203125,0.006384494714438915,0.045850157737731934,0.005042955279350281,0.06596416234970093,3.480008125305176,38.077850341796875,14.263850212097168,123.66510009765625,-0.04368932172656059,0.8349514603614807,1.308821439743042,1.0338058471679688,0.5226390361785889,0.2107105851173401,0.087007537484169,0.06319068372249603
v_CleanAndJerk_g06_c01.avi,/Users/josephkamil/Desktop/Capstone/Oly_Data/raw/clean_and_jerk/CleanAndJerk/v_CleanAndJerk_g06_c01.avi,clean_and_jerk,190,190,190,160.23329162597656,27.369970321655273,73.867919921875,179.35972595214844,26.552841186523438,156.27069091796875,21.576040267944336,88.35088348388672,175.71136474609375,31.999710083007812,106.42908477783203,62.40266418457031,23.80874252319336,179.04611206054688,1.7324371337890625,0.0,0.0,0.0,0.0,0.0,0.40654394030570984,0.1707720309495926,0.19009587168693542,0.7857515811920166,-0.5932252407073975,0.6311642527580261,0.04501421004533768,0.5825881958007812,0.7657399773597717,-0.09416931867599487,0.09553244709968567,0.07050871849060059,0.004924951586872339,0.1814536452293396,0.007227599620819092,0.7894737124443054,1.0,0.17894737422466278,0.9947368502616882,0.821052610874176,73.867919921875,88.35088348388672,179.04611206054688,0.0,0.22631579637527466,0.22631579637527466,0.050327420234680176,0.006385644432157278,0.054162681102752686,0.004507345613092184,0.625,0.0,73.867919921875,158.4715576171875,0.006385644432157278,0.050327420234680176,0.004507345613092184,0.054162681102752686,2.725802421569824,23.30524444580078,3.403079032897949,68.31632995605469,-0.04736842215061188,0.8157894611358643,1.2068867683410645,0.8518883585929871,0.5956556797027588,0.18315178155899048,0.10477083921432495,0.048243198543787
v_CleanAndJerk_g06_c02.avi,/Users/josephkamil/Desktop/Capstone/Oly_Data/raw/clean_and_jerk/CleanAndJerk/v_CleanAndJerk_g06_c02.avi,clean_and_jerk,193,193,194,168.92901611328125,16.73541259765625,99.44278717041016,179.47242736816406,52.649452209472656,165.06007385253906,13.562524795532227,107.75588989257812,179.2213134765625,42.69001770019531,86.0813217163086,64.96781921386719,19.420696258544922,171.44888305664062,1.359466552734375,0.0,0.0,0.0,0.0,0.0,0.32179513573646545,0.16596665978431702,0.1050281822681427,0.7937504053115845,-0.6720010042190552,0.5765532851219177,0.046992216259241104,0.49651193618774414,0.7084841728210449,-0.13453465700149536,0.09162399172782898,0.08959849923849106,0.0015804001595824957,0.21991603076457977,0.0011182725429534912,0.7823834419250488,1.0,0.16580310463905334,0.9948186278343201,0.8341968655586243,99.44278717041016,107.75588989257812,171.44888305664062,0.0,0.015544041059911251,0.015544041059911251,0.07837915420532227,0.006804476957768202,0.05100595951080322,0.004669996909797192,0.0,0.0,99.44278717041016,150.68992614746094,0.006804476957768202,0.07837915420532227,0.004669996909797192,0.05100595951080322,1.9904378652572632,21.40599822998047,3.2562379837036133,73.60647583007812,0.15025906264781952,0.8290155529975891,1.3064595460891724,0.8966394066810608,0.6887222528457642,0.21197223663330078,0.08186227828264236,0.10891583561897278
v_CleanAndJerk_g06_c03.avi,/Users/josephkamil/Desktop/Capstone/Oly_Data/raw/clean_and_jerk/CleanAndJerk/v_CleanAndJerk_g06_c03.avi,clean_and_jerk,101,101,101,166.61676025390625,13.743287086486816,111.39110565185547,179.43106079101562,64.05133819580078,159.48526000976562,14.836019515991211,100.8726577758789,174.4891357421875,71.72821807861328,95.31464385986328,55.660789489746094,9.53213119506836,178.9995574951172,10.000808715820312,0.0,0.0,0.0,0.0,0.0,0.4004245698451996,0.1842552274465561,0.13645341992378235,0.8601269721984863,-0.7221028804779053,0.6095491051673889,0.03507622703909874,0.553905725479126,0.7369340658187866,-0.14837300777435303,0.08903923630714417,0.08326254040002823,0.00360645679756999,0.2310386747121811,-0.011571556329727173,0.7524752616882324,1.0,0.24752475321292877,0.9900990128517151,0.7524752616882324,111.39110565185547,100.8726577758789,178.9995574951172,0.0,0.0,0.0,0.0741429328918457,0.010236646980047226,0.03297454118728638,0.005036337301135063,0.0,0.0,111.39110565185547,157.13572692871094,0.010236646980047226,0.0741429328918457,0.005036337301135063,0.03297454118728638,2.058018684387207,11.993553161621094,5.259221076965332,100.64437866210938,0.24752475321292877,0.7425742745399475,1.0236647129058838,0.5036337375640869,0.7236735820770264,0.18302834033966064,0.09470637142658234,0.10356004536151886
v_CleanAndJerk_g06_c04.avi,/Users/josephkamil/Desktop/Capstone/Oly_Data/raw/clean_and_jerk/CleanAndJerk/v_CleanAndJerk_g06_c04.avi,clean_and_jerk,246,246,246,160.72744750976562,30.845272064208984,44.36370086669922,179.46971130371094,59.660888671875,158.17384338378906,27.271835327148438,57.102420806884766,179.19216918945312,68.89075469970703,82.98869323730469,63.770591735839844,21.217500686645508,173.5507049560547,5.293670654296875,0.0,0.0,0.0,0.0,0.0,0.372903436422348,0.17409929633140564,0.11049757897853851,0.8194657564163208,-0.6988437175750732,0.6157040596008301,0.05302298814058304,0.5534318685531616,0.7894725799560547,-0.10603690147399902,0.08474285155534744,0.0912623330950737,0.0031882277689874172,0.22744955122470856,0.00011886656284332275,0.792682945728302,1.0,0.1463414579629898,0.9959349632263184,0.8536585569381714,44.36370086669922,57.102420806884766,173.5507049560547,0.0,0.1991869956254959,0.1991869956254959,0.05969613790512085,0.00633176788687706,0.03830599784851074,0.004249614663422108,0.25,0.0,44.36370086669922,146.85606384277344,0.00633176788687706,0.05969613790512085,0.004249614663422108,0.03830599784851074,2.29435658454895,24.93950653076172,2.4080960750579834,69.28825378417969,-0.05284553021192551,0.8495935201644897,1.5512831211090088,1.0411555767059326,0.7089681625366211,0.23604071140289307,0.11295217275619507,0.09399542212486267
v_CleanAndJerk_g07_c01.avi,/Users/josephkamil/Desktop/Capstone/Oly_Data/raw/clean_and_jerk/CleanAndJerk/v_CleanAndJerk_g07_c01.avi,clean_and_jerk,228,228,228,158.84487915039062,28.577396392822266,51.481231689453125,179.49771118164062,56.64765930175781,151.6414794921875,26.284502029418945,53.5429573059082,171.46437072753906,60.89514923095703,94.08921813964844,65.70958709716797,10.44727611541748,179.23577880859375,18.15142822265625,0.0,0.0,0.0,0.0,0.0,0.2885828912258148,0.15295930206775665,0.1491917371749878,0.6534414291381836,-0.48537492752075195,0.5538904070854187,0.081563800573349,0.37847644090652466,0.8094485998153687,0.05634891986846924,0.109452985227108,0.0871908888220787,0.00044573936611413956,0.2576155662536621,-0.040275171399116516,0.8464912176132202,1.0,0.1535087674856186,0.9956140518188477,0.8464912176132202,51.481231689453125,53.5429573059082,179.23577880859375,0.0,0.19736842811107635,0.19736842811107635,0.06964457035064697,0.005980724468827248,0.08080404996871948,0.00573700200766325,1.0,0.0,51.481231689453125,142.9936981201172,0.005980724468827248,0.06964457035064697,0.00573700200766325,0.08080404996871948,2.421053886413574,33.88611602783203,3.2672479152679443,93.47001647949219,-0.04385964944958687,0.8421052694320679,1.3576244115829468,1.3022994995117188,0.5042496919631958,0.430972158908844,0.10809016972780228,0.03477749973535538
v_CleanAndJerk_g07_c02.avi,/Users/josephkamil/Desktop/Capstone/Oly_Data/raw/clean_and_jerk/CleanAndJerk/v_CleanAndJerk_g07_c02.avi,clean_and_jerk,286,286,304,164.44247436523438,18.06841278076172,78.989013671875,178.0223846435547,15.063034057617188,162.98802185058594,7.183674335479736,127.19502258300781,174.0210723876953,24.889175415039062,92.36344146728516,60.538875579833984,3.3270466327667236,178.86614990234375,8.896408081054688,0.0,0.0,0.0,0.0,0.0,0.2483053207397461,0.09768431633710861,0.11034062504768372,0.6026959419250488,-0.4889184832572937,0.5486964583396912,0.045441243797540665,0.4096488356590271,0.6840147972106934,0.10438090562820435,0.07860517501831055,0.0994851291179657,0.0004167183069512248,0.27013272047042847,-0.035043925046920776,0.7447552680969238,1.0,0.0839160829782486,0.996503472328186,0.9160839319229126,78.989013671875,127.19502258300781,178.86614990234375,0.0,0.7377622127532959,0.06293706595897675,0.06270891427993774,0.004580303095281124,0.10657498240470886,0.0036137045826762915,1.0,0.0,129.0819091796875,78.989013671875,0.004580303095281124,0.06270891427993774,0.0036137045826762915,0.10657498240470886,2.3340821266174316,39.27532958984375,6.846950531005859,91.3782730102539,-0.6538461446762085,0.9125874042510986,1.3053864240646362,1.0299057960510254,0.4923553168773651,0.27436596155166626,0.0692078098654747,0.06787187606096268
v_CleanAndJerk_g07_c03.avi,/Users/josephkamil/Desktop/Capstone/Oly_Data/raw/clean_and_jerk/CleanAndJerk/v_CleanAndJerk_g07_c03.avi,clean_and_jerk,210,210,228,161.30233764648438,27.21436309814453,39.60163879394531,179.36924743652344,37.09617614746094,153.27809143066406,26.50032615661621,36.49692916870117,172.632568359375,44.95390319824219,98.91545867919922,59.55913162231445,27.486082077026367,179.14312744140625,12.9140625,0.0,0.0,0.0,0.0,0.0,0.2928696870803833,0.16093775629997253,0.1280880868434906,0.6671964526176453,-0.5126907229423523,0.5394051671028137,0.0544392429292202,0.42887169122695923,0.7173104882240295,0.04953533411026001,0.09878814220428467,0.0928158238530159,0.0015386462910100818,0.2513153851032257,-0.04923272132873535,0.800000011920929,1.0,0.19523809850215912,0.9952380657196045,0.8047618865966797,39.60163879394531,36.49692916870117,179.14312744140625,0.0,0.02857142873108387,0.02857142873108387,0.10073727369308472,0.006397276185452938,0.07972913980484009,0.006066146772354841,0.0,0.0,39.60163879394531,155.28550720214844,0.006397276185452938,0.10073727369308472,0.006066146772354841,0.07972913980484009,2.5541722774505615,53.434837341308594,2.429147243499756,42.17838668823242,0.1666666716337204,0.800000011920929,1.3370307683944702,1.267824649810791,0.539108395576477,0.2884387969970703,0.07835090160369873,0.04743187874555588
v_CleanAndJerk_g07_c04.avi,/Users/josephkamil/Desktop/Capstone/Oly_Data/raw/clean_and_jerk/CleanAndJerk/v_CleanAndJerk_g07_c04.avi,clean_and_jerk,285,285,285,155.3005828857422,32.66327667236328,37.5063591003418,177.29144287109375,29.534683227539062,154.2712860107422,26.914772033691406,39.0693473815918,176.4501495361328,41.17634582519531,88.26683044433594,60.59966278076172,2.485250473022461,179.27220153808594,9.9423828125,0.0,0.0,0.0,0.0,0.0,0.2752760946750641,0.13473719358444214,0.09263280034065247,0.6669691205024719,-0.5720034241676331,0.55170077085495,0.07253808528184891,0.4363839030265808,0.8171356916427612,0.02412712574005127,0.07292812317609787,0.0981535017490387,0.0002269736141897738,0.2636217474937439,-0.041486382484436035,0.7929824590682983,1.0,0.09473684430122375,0.9964912533760071,0.9052631855010986,37.5063591003418,39.0693473815918,179.27220153808594,0.0,0.11929824203252792,0.13333334028720856,0.08202111721038818,0.0052951243706047535,0.11123991012573242,0.004556206986308098,0.5,0.0,37.5063591003418,82.20669555664062,0.0052951243706047535,0.08202111721038818,0.004556206986308098,0.11123991012573242,2.733954668045044,65.86817169189453,7.970208168029785,99.81465148925781,-0.024561403319239616,0.9017543792724609,1.5038152933120728,1.293962836265564,0.5743362903594971,0.3807517886161804,0.08169204741716385,0.07078738510608673
v_CleanAndJerk_g07_c05.avi,/Users/josephkamil/Desktop/Capstone/Oly_Data/raw/clean_and_jerk/CleanAndJerk/v_CleanAndJerk_g07_c05.avi,clean_and_jerk,190,190,190,158.54701232910156,27.33680534362793,58.0804328918457,179.36764526367188,14.975082397460938,153.5428009033203,25.408876419067383,67.28654479980469,178.8618927001953,51.44346618652344,87.59615325927734,64.59188079833984,22.991594314575195,179.11643981933594,-2.5168609619140625,0.0,0.0,0.0,0.0,0.0,0.3079039454460144,0.15136782824993134,0.1407071352005005,0.695529043674469,-0.5254685878753662,0.5545551776885986,0.08258742094039917,0.3962274491786957,0.819952666759491,0.05442047119140625,0.08537867665290833,0.09237927198410034,0.0011380069190636277,0.2454044669866562,-0.049441128969192505,0.7947368621826172,1.0,0.14210526645183563,0.9947368502616882,0.8578947186470032,58.0804328918457,67.28654479980469,179.11643981933594,0.0,0.18421052396297455,0.20000000298023224,0.07163205742835999,0.008358234539628029,0.12194067239761353,0.007294340059161186,1.0,0.0,58.0804328918457,140.3834228515625,0.008358234539628029,0.07163205742835999,0.007294340059161186,0.12194067239761353,2.9715576171875,35.7762451171875,4.105062007904053,79.42117309570312,-0.04210526496171951,0.8526315689086914,1.5797063112258911,1.37863028049469,0.5548219084739685,0.4237252175807953,0.10771416872739792,0.062240853905677795
v_CleanAndJerk_g08_c01.avi,/Users/josephkamil/Desktop/Capstone/Oly_Data/raw/clean_and_jerk/CleanAndJerk/v_CleanAndJerk_g08_c01.avi,clean_and_jerk,177,177,236,152.23309326171875,26.361345291137695,54.621917724609375,178.96533203125,42.683990478515625,143.6509246826172,42.48823547363281,25.962297439575195,179.19210815429688,45.22160339355469,89.69718933105469,56.530494689941406,2.4142420291900635,178.32252502441406,11.521034240722656,0.0,0.0,0.0,0.0,0.0,0.40347325801849365,0.06374084949493408,0.28577014803886414,0.5785938501358032,-0.18584781885147095,0.4834051728248596,0.06740626692771912,0.33540868759155273,0.5885697603225708,0.09388077259063721,0.05976331606507301,0.04912923648953438,0.006688212975859642,0.22171755135059357,-0.04585026949644089,0.6101694703102112,1.0,0.033898305147886276,0.994350254535675,0.9661017060279846,54.621917724609375,25.962297439575195,178.32252502441406,0.0,0.011299435049295425,0.06779661029577255,0.1430642008781433,0.015448266640305519,0.125524640083313,0.008075365796685219,0.125,0.0,54.621917724609375,141.28524780273438,0.015448266640305519,0.1430642008781433,0.008075365796685219,0.125524640083313,8.162327766418457,113.77793884277344,22.081052780151367,147.6334686279297,0.02259887009859085,0.9604519605636597,2.7188949584960938,1.421264410018921,0.2928237020969391,0.25316107273101807,0.026406610384583473,0.0325138084590435
v_CleanAndJerk_g08_c02.avi,/Users/josephkamil/Desktop/Capstone/Oly_Data/raw/clean_and_jerk/CleanAndJerk/v_CleanAndJerk_g08_c02.avi,clean_and_jerk,93,93,107,138.7359161376953,39.11190414428711,34.2755126953125,179.19189453125,3.57696533203125,137.81845092773438,39.66057205200195,45.66105270385742,179.4108123779297,41.77937316894531,114.67792510986328,59.33164978027344,2.8241429328918457,178.6374053955078,1.347991943359375,0.0,0.0,0.0,0.0,0.0,0.49764484167099,0.11454799026250839,0.34647589921951294,0.7550278902053833,-0.24026843905448914,0.6401958465576172,0.05948217585682869,0.5455775856971741,0.7746639251708984,-0.04708915948867798,0.06821853667497635,0.04174870252609253,0.0064766970463097095,0.14566940069198608,-0.052704110741615295,0.5698924660682678,1.0,0.25806450843811035,0.9784946441650391,0.7311828136444092,34.2755126953125,45.66105270385742,178.6374053955078,0.0,0.37634408473968506,0.09677419066429138,0.12042972445487976,0.01872190088033676,0.0643242597579956,0.010089055635035038,1.0,0.0,34.2755126953125,112.49713134765625,0.01872190088033676,0.12042972445487976,0.010089055635035038,0.0643242597579956,7.6359477043151855,49.664634704589844,22.713459014892578,162.16525268554688,-0.11827956885099411,0.7204301357269287,1.7224148511886597,0.9281931519508362,0.40855199098587036,0.22908633947372437,0.06076813489198685,0.02640935219824314
v_CleanAndJerk_g08_c03.avi,/Users/josephkamil/Desktop/Capstone/Oly_Data/raw/clean_and_jerk/CleanAndJerk/v_CleanAndJerk_g08_c03.avi,clean_and_jerk,90,90,110,129.88067626953125,44.86577606201172,41.778602600097656,179.08514404296875,96.31327056884766,133.30844116210938,43.17570877075195,34.8796501159668,175.98135375976562,122.48989868164062,130.95753479003906,44.95479202270508,4.471011638641357,177.27513122558594,-80.70408630371094,0.0,0.0,0.0,0.0,0.0,0.3991454541683197,0.09721904247999191,0.28369802236557007,0.6503133773803711,-0.2856946587562561,0.5292194485664368,0.04334615543484688,0.4632326364517212,0.6204341650009155,-0.053196072578430176,0.062378183007240295,0.026049576699733734,0.005386282689869404,0.11601780354976654,-0.06790976226329803,0.7222222089767456,1.0,0.24444444477558136,0.9888888597488403,0.7555555701255798,41.778602600097656,34.8796501159668,177.27513122558594,0.0,0.3222222328186035,0.0555555559694767,0.09039056301116943,0.013819199986755848,0.04967844486236572,0.006559192668646574,1.0,0.0,41.778602600097656,120.72012329101562,0.013819199986755848,0.09039056301116943,0.006559192668646574,0.04967844486236572,11.454508781433105,70.65902709960938,25.19911766052246,172.23373413085938,-0.07777778059244156,0.7444444298744202,1.22990882396698,0.5837681293487549,0.366615355014801,0.15720152854919434,0.04678872972726822,0.026845339685678482
v_CleanAndJerk_g08_c04.avi,/Users/josephkamil/Desktop/Capstone/Oly_Data/raw/clean_and_jerk/CleanAndJerk/v_CleanAndJerk_g08_c04.avi,clean_and_jerk,265,265,278,143.75318908691406,34.01219940185547,29.53445816040039,179.33001708984375,39.613311767578125,158.5757598876953,32.25979995727539,53.9185905456543,179.5825958251953,92.05755615234375,92.67545318603516,59.86383819580078,2.238213539123535,179.1248016357422,-30.794387817382812,0.0,0.0,0.0,0.0,0.0,0.31997060775756836,0.1343536674976349,0.17585588991641998,0.7037106156349182,-0.5113399624824524,0.5568864941596985,0.08940034359693527,0.40221911668777466,0.7311536073684692,0.12577486038208008,0.10284055024385452,0.08526211977005005,0.003547441912814975,0.23823688924312592,-0.0304182767868042,0.652830183506012,1.0,0.16603773832321167,0.99622642993927,0.8339622616767883,29.53445816040039,53.9185905456543,179.1248016357422,0.0,0.16981132328510284,0.16981132328510284,0.13956129550933838,0.012337530963122845,0.07643625140190125,0.0070089418441057205,0.125,0.0,29.53445816040039,43.095706939697266,0.012337530963122845,0.13956129550933838,0.0070089418441057205,0.07643625140190125,7.4107985496521,93.61436462402344,13.380583763122559,120.822998046875,-0.0037735849618911743,0.8301886916160583,3.257108211517334,1.850360631942749,0.5278547406196594,0.3289344906806946,0.06290771067142487,0.07141284644603729
v_CleanAndJerk_g09_c01.avi,/Users/josephkamil/Desktop/Capstone/Oly_Data/raw/clean_and_jerk/CleanAndJerk/v_CleanAndJerk_g09_c01.avi,clean_and_jerk,138,138,253,160.92343139648438,25.736238479614258,35.682926177978516,179.55410766601562,8.716415405273438,151.41744995117188,27.266883850097656,8.564456939697266,179.13858032226562,28.068527221679688,100.904052734375,75.40640258789062,2.2902369499206543,179.26698303222656,-10.912353515625,0.0,0.0,0.0,0.0,0.0,0.4193844497203827,0.21802164614200592,0.14920295774936676,0.8229254484176636,-0.646023154258728,0.6233283877372742,0.06309778243303299,0.5198696851730347,0.7940446734428406,-0.06750088930130005,0.125716432929039,0.10449782758951187,0.0031910561956465244,0.2775309681892395,-0.009823843836784363,0.52173912525177,1.0,0.28260868787765503,0.9927536249160767,0.717391312122345,35.682926177978516,8.564456939697266,179.26698303222656,0.0,0.7246376872062683,0.7246376872062683,0.10061275959014893,0.009389694780111313,0.2102394700050354,0.009510328993201256,1.0,0.0,79.41770935058594,35.682926177978516,0.009389694780111313,0.10061275959014893,0.009510328993201256,0.2102394700050354,4.958505153656006,138.16676330566406,5.272183418273926,153.77587890625,-0.4420289993286133,0.7101449370384216,1.2863881587982178,1.302915096282959,0.673722505569458,0.2741749882698059,0.10962072759866714,0.06259369105100632
v_CleanAndJerk_g09_c02.avi,/Users/josephkamil/Desktop/Capstone/Oly_Data/raw/clean_and_jerk/CleanAndJerk/v_CleanAndJerk_g09_c02.avi,clean_and_jerk,109,109,232,131.57972717285156,50.88098907470703,41.59263610839844,179.5613250732422,-7.8833770751953125,128.58462524414062,46.77146911621094,47.14293670654297,178.6518096923828,10.7305908203125,49.804039001464844,63.79132843017578,1.5683852434158325,178.9980010986328,0.6078948974609375,0.0,0.0,0.0,0.0,0.0,0.4112531244754791,0.12087134271860123,0.2142626941204071,0.629610002040863,-0.41470515727996826,0.6058581471443176,0.08713685721158981,0.4743289351463318,0.7458233833312988,0.10470902919769287,0.05790899693965912,0.08640202134847641,0.001252999878488481,0.2739124298095703,-0.07632489502429962,0.3669724762439728,1.0,0.14678898453712463,0.9908257126808167,0.853210985660553,41.59263610839844,47.14293670654297,178.9980010986328,0.0,0.2752293646335602,0.2844036817550659,0.1241159737110138,0.011277711018919945,0.12737679481506348,0.00855188723653555,0.0,0.0,41.59263610839844,144.19229125976562,0.011277711018919945,0.1241159737110138,0.00855188723653555,0.12737679481506348,4.3628106117248535,42.12372589111328,7.959222316741943,123.4063720703125,-0.12844036519527435,0.8440366983413696,1.2179927825927734,0.9236037731170654,0.41534730792045593,0.27149444818496704,0.08572126179933548,0.032909683883190155
v_CleanAndJerk_g09_c03.avi,/Users/josephkamil/Desktop/Capstone/Oly_Data/raw/clean_and_jerk/CleanAndJerk/v_CleanAndJerk_g09_c03.avi,clean_and_jerk,227,227,232,166.77359008789062,23.3518009185791,61.350624084472656,179.37367248535156,5.61431884765625,159.00201416015625,23.356412887573242,54.62638473510742,177.86314392089844,29.551361083984375,58.061927795410156,67.1352310180664,1.40703284740448,179.4180450439453,-7.881866455078125,0.0,0.0,0.0,0.0,0.0,0.32030773162841797,0.11010819673538208,0.16288551688194275,0.6573026180267334,-0.4808191657066345,0.5705333948135376,0.04911446198821068,0.5024247169494629,0.7397905588150024,0.09481704235076904,0.0658562183380127,0.09381210058927536,0.0010616615181788802,0.290896475315094,-0.07901613414287567,0.5638766288757324,1.0,0.09251101315021515,0.9955947399139404,0.907489001750946,61.350624084472656,54.62638473510742,179.4180450439453,0.0,0.12775330245494843,0.12775330245494843,0.04313915967941284,0.005949913989752531,0.1012691855430603,0.004438486881554127,0.125,0.0,61.350624084472656,159.1644744873047,0.005949913989752531,0.04313915967941284,0.004438486881554127,0.1012691855430603,1.8806146383285522,37.53431701660156,3.287801742553711,128.7478485107422,-0.035242289304733276,0.9030836820602417,1.3446805477142334,1.0030980110168457,0.49441710114479065,0.23736584186553955,0.0691632330417633,0.07440580427646637
v_CleanAndJerk_g09_c04.avi,/Users/josephkamil/Desktop/Capstone/Oly_Data/raw/clean_and_jerk/CleanAndJerk/v_CleanAndJerk_g09_c04.avi,clean_and_jerk,94,94,232,153.4989471435547,29.771047592163086,76.56673431396484,179.41134643554688,30.152786254882812,142.7579345703125,30.564062118530273,15.880797386169434,169.95347595214844,38.683074951171875,79.49855041503906,71.55419158935547,5.0795769691467285,179.1088409423828,-3.392547607421875,0.0,0.0,0.0,0.0,0.0,0.4243209660053253,0.15542922914028168,0.17943596839904785,0.7565818428993225,-0.555533766746521,0.5696907639503479,0.07848898321390152,0.4664151072502136,0.7830281257629395,-0.0043065547943115234,0.1077997237443924,0.1155577152967453,0.0017680278979241848,0.3032993972301483,-0.10165594518184662,0.1808510571718216,1.0,0.3191489279270172,0.9893617033958435,0.6808510422706604,76.56673431396484,15.880797386169434,179.1088409423828,0.0,0.42553192377090454,0.936170220375061,0.4814269542694092,0.02234000526368618,0.13397252559661865,0.012947112321853638,0.125,0.0,76.56673431396484,83.06664276123047,0.02234000526368618,0.4814269542694092,0.012947112321853638,0.13397252559661865,5.784376621246338,94.0527114868164,12.554362297058105,160.8904266357422,-0.10638298094272614,0.6702127456665039,2.077620506286621,1.204081416130066,0.5771458745002747,0.31661301851272583,0.09137620031833649,0.12115447223186493
v_CleanAndJerk_g10_c01.avi,/Users/josephkamil/Desktop/Capstone/Oly_Data/raw/clean_and_jerk/CleanAndJerk/v_CleanAndJerk_g10_c01.avi,clean_and_jerk,133,133,194,167.80177307128906,13.098396301269531,128.8217010498047,178.3011016845703,12.12371826171875,169.13531494140625,14.813742637634277,18.870054244995117,179.5800018310547,153.11842346191406,81.94402313232422,64.47834777832031,7.299548625946045,178.27822875976562,123.28619384765625,0.0,0.0,0.0,0.0,0.0,0.2919830083847046,0.06517942994832993,0.1410234123468399,0.46052223443984985,-0.27589738368988037,0.550402045249939,0.07839304953813553,0.337954580783844,0.6949071884155273,0.2373102307319641,0.09971406310796738,0.055059030652046204,0.029160767793655396,0.2181306779384613,0.12343722581863403,0.4436090290546417,1.0,0.42105263471603394,0.9924812316894531,0.5789473652839661,128.8217010498047,18.870054244995117,178.27822875976562,0.0,0.7142857313156128,0.0,0.29420003294944763,0.02008461207151413,0.04560905694961548,0.005510783288627863,1.0,0.0,155.62130737304688,128.8217010498047,0.02008461207151413,0.29420003294944763,0.005510783288627863,0.04560905694961548,1.7449965476989746,21.128555297851562,9.821154594421387,131.8472900390625,-0.29323309659957886,0.5714285969734192,2.6511688232421875,0.727423369884491,0.31949883699417114,0.35695260763168335,0.06070517748594284,0.05232670530676842
v_CleanAndJerk_g10_c02.avi,/Users/josephkamil/Desktop/Capstone/Oly_Data/raw/clean_and_jerk/CleanAndJerk/v_CleanAndJerk_g10_c02.avi,clean_and_jerk,90,90,184,155.90750122070312,21.053386688232422,25.11086082458496,176.01467895507812,5.8902435302734375,164.68954467773438,21.998281478881836,22.43537139892578,179.5983123779297,16.070037841796875,149.3695068359375,47.440643310546875,16.00616455078125,179.26931762695312,-3.2708587646484375,0.0,0.0,0.0,0.0,0.0,0.33126527070999146,0.07274209707975388,0.1949910968542099,0.5004945993423462,0.019089698791503906,0.5970932841300964,0.11048940569162369,0.2986212372779846,0.75870680809021,0.3014516234397888,0.11202908307313919,0.07010840624570847,0.0072995200753211975,0.22815383970737457,-0.18722672760486603,0.5333333611488342,1.0,0.20000000298023224,0.9888888597488403,0.800000011920929,25.11086082458496,22.43537139892578,179.26931762695312,0.0,0.18888889253139496,0.18888889253139496,0.24381934106349945,0.03461894392967224,0.08956336975097656,0.01123050320893526,0.5,0.0,25.11086082458496,146.260009765625,0.03461894392967224,0.24381934106349945,0.01123050320893526,0.08956336975097656,6.0056023597717285,150.90382385253906,18.354045867919922,149.54815673828125,0.011111111380159855,0.7888888716697693,3.0810859203338623,0.9995147585868835,0.3055034875869751,0.46008557081222534,0.049440477043390274,0.06309386342763901
v_CleanAndJerk_g10_c03.avi,/Users/josephkamil/Desktop/Capstone/Oly_Data/raw/clean_and_jerk/CleanAndJerk/v_CleanAndJerk_g10_c03.avi,clean_and_jerk,177,177,204,163.7902374267578,17.230342864990234,74.37501525878906,179.45620727539062,19.990554809570312,165.3341522216797,20.07402992248535,4.338565349578857,179.48129272460938,24.816482543945312,79.14462280273438,63.6898078918457,2.720865249633789,179.21583557128906,2.6282196044921875,0.0,0.0,0.0,0.0,0.0,0.37412500381469727,0.08077430725097656,0.2508779764175415,0.6385209560394287,-0.29629653692245483,0.6079757809638977,0.06950613111257553,0.4106195271015167,0.727735698223114,0.07437241077423096,0.07000349462032318,0.047609105706214905,0.006194705609232187,0.20260944962501526,-0.11796265840530396,0.8135592937469482,1.0,0.016949152573943138,0.994350254535675,0.9830508232116699,74.37501525878906,4.338565349578857,179.21583557128906,0.0,0.016949152573943138,0.005649717524647713,0.24180054664611816,0.026138337329030037,0.12934279441833496,0.00784029345959425,0.125,0.0,74.37501525878906,128.79098510742188,0.026138337329030037,0.24180054664611816,0.00784029345959425,0.12934279441833496,3.876331090927124,68.63618469238281,20.797338485717773,159.07432556152344,0.0,0.9774011373519897,4.600347518920898,1.3798916339874268,0.3876429796218872,0.3171161711215973,0.06211255490779877,0.07729586213827133
v_CleanAndJerk_g10_c04.avi,/Users/josephkamil/Desktop/Capstone/Oly_Data/raw/clean_and_jerk/CleanAndJerk/v_CleanAndJerk_g10_c04.avi,clean_and_jerk,255,255,261,171.58067321777344,11.052420616149902,59.35972213745117,179.52249145507812,0.121124267578125,170.65829467773438,8.615415573120117,63.01068878173828,179.55982971191406,3.75347900390625,97.32634735107422,65.64124298095703,1.380389928817749,179.2401885986328,-8.910903930664062,0.0,0.0,0.0,0.0,0.0,0.3425075113773346,0.09790968149900436,0.13832294940948486,0.5888886451721191,-0.42549148201942444,0.5588966608047485,0.0702066421508789,0.3457900285720825,0.7029426097869873,0.08265179395675659,0.0791156068444252,0.0646241307258606,0.007461112458258867,0.22331683337688446,-0.0012450814247131348,0.501960813999176,1.0,0.125490203499794,0.9960784316062927,0.8745098114013672,59.35972213745117,63.01068878173828,179.2401885986328,0.0,0.21176470816135406,0.21176470816135406,0.19522035121917725,0.016186334192752838,0.10793894529342651,0.005903548561036587,0.875,0.0,59.35972213745117,144.9061737060547,0.016186334192752838,0.19522035121917725,0.005903548561036587,0.10793894529342651,3.757080078125,94.71086120605469,15.993154525756836,153.71502685546875,-0.08627451211214066,0.8705882430076599,4.111329078674316,1.499501347541809,0.4505656957626343,0.3571525812149048,0.08850529789924622,0.08918372541666031
v_CleanAndJerk_g11_c01.avi,/Users/josephkamil/Desktop/Capstone/Oly_Data/raw/clean_and_jerk/CleanAndJerk/v_CleanAndJerk_g11_c01.avi,clean_and_jerk,207,207,207,155.21194458007812,28.559343338012695,53.35725784301758,179.51820373535156,36.37232971191406,149.2061767578125,26.219188690185547,59.687625885009766,171.18455505371094,40.065711975097656,112.40464782714844,65.62644958496094,19.084352493286133,179.2313232421875,18.458511352539062,0.0,0.0,0.0,0.0,0.0,0.3465562164783478,0.15433309972286224,0.1485135853290558,0.5927715301513672,-0.43201518058776855,0.558626115322113,0.08316884934902191,0.3685462474822998,0.767170786857605,0.08428961038589478,0.11925984174013138,0.09442906826734543,0.0031433305703103542,0.2382538616657257,-0.030964434146881104,0.6811594367027283,1.0,0.260869562625885,0.9951691031455994,0.739130437374115,53.35725784301758,59.687625885009766,179.2313232421875,0.0,0.30434781312942505,0.2946859896183014,0.05506414175033569,0.0056876856833696365,0.1112927496433258,0.005745755974203348,0.75,0.0,53.35725784301758,147.3419647216797,0.0056876856833696365,0.05506414175033569,0.005745755974203348,0.1112927496433258,2.4140243530273438,25.696929931640625,3.0364878177642822,55.82191467285156,-0.043478261679410934,0.7342995405197144,1.1716632843017578,1.1836256980895996,0.4442579448223114,0.3986245393753052,0.10020298510789871,0.054136745631694794
v_CleanAndJerk_g11_c02.avi,/Users/josephkamil/Desktop/Capstone/Oly_Data/raw/clean_and_jerk/CleanAndJerk/v_CleanAndJerk_g11_c02.avi,clean_and_jerk,302,302,302,156.3581085205078,37.15081787109375,20.15275001525879,179.3960418701172,63.64673614501953,152.61923217773438,32.465850830078125,30.737157821655273,179.51954650878906,40.993064880371094,72.26942443847656,58.60869216918945,21.580127716064453,179.30364990234375,19.997573852539062,0.0,0.0,0.0,0.0,0.0,0.31770041584968567,0.12944044172763824,0.1669088900089264,0.6024670600891113,-0.4183095693588257,0.5370759963989258,0.0794004276394844,0.3928297460079193,0.8102145791053772,0.05257865786552429,0.06331200897693634,0.08306808769702911,0.0009901633020490408,0.24515485763549805,-0.05591326951980591,0.8211920261383057,1.0,0.1589404046535492,0.996688723564148,0.8410596251487732,20.15275001525879,30.737157821655273,179.30364990234375,0.0,0.029801324009895325,0.026490066200494766,0.04676693677902222,0.004775861743837595,0.06372508406639099,0.005274771712720394,0.0,0.0,20.15275001525879,159.94964599609375,0.004775861743837595,0.04676693677902222,0.005274771712720394,0.06372508406639099,2.180943250656128,31.24481201171875,2.2823357582092285,101.7343978881836,0.12913906574249268,0.8377483487129211,1.4375343322753906,1.5877063274383545,0.43555817008018494,0.4173848330974579,0.09318532049655914,0.03884943574666977
v_CleanAndJerk_g11_c03.avi,/Users/josephkamil/Desktop/Capstone/Oly_Data/raw/clean_and_jerk/CleanAndJerk/v_CleanAndJerk_g11_c03.avi,clean_and_jerk,320,320,320,150.79611206054688,47.5284309387207,31.215919494628906,179.55091857910156,140.858642578125,144.3652801513672,42.2396125793457,38.11225891113281,174.26905822753906,128.10443115234375,93.61483001708984,67.19499206542969,20.380470275878906,179.19859313964844,-5.1348419189453125,0.0,0.0,0.0,0.0,0.0,0.33281409740448,0.14812791347503662,0.13655005395412445,0.58963942527771,-0.4072600305080414,0.5455116033554077,0.07089798152446747,0.3768908679485321,0.8168623447418213,-0.007494091987609863,0.09457610547542572,0.08746182918548584,0.0007981024100445211,0.22331014275550842,-0.03582632541656494,0.7437499761581421,1.0,0.24687500298023224,0.996874988079071,0.753125011920929,31.215919494628906,38.11225891113281,179.19859313964844,0.0,0.13437500596046448,0.13437500596046448,0.051029548048973083,0.0046139429323375225,0.06474107503890991,0.004663123749196529,0.0,0.0,31.215919494628906,155.76791381835938,0.0046139429323375225,0.051029548048973083,0.004663123749196529,0.06474107503890991,2.239758014678955,32.97181701660156,2.8044798374176025,80.57862854003906,0.11249999701976776,0.75,1.4718477725982666,1.4875365495681763,0.4530893564224243,0.4399714767932892,0.09258370101451874,0.05253148823976517
v_CleanAndJerk_g11_c04.avi,/Users/josephkamil/Desktop/Capstone/Oly_Data/raw/clean_and_jerk/CleanAndJerk/v_CleanAndJerk_g11_c04.avi,clean_and_jerk,207,207,207,163.01780700683594,29.795734405517578,35.20359420776367,179.5124053955078,14.398635864257812,157.26278686523438,28.379972457885742,41.71693801879883,179.1650848388672,45.566307067871094,105.11045837402344,62.22686767578125,30.484844207763672,179.29080200195312,-7.1805877685546875,0.0,0.0,0.0,0.0,0.0,0.3352360427379608,0.1298687756061554,0.17764738202095032,0.5795036554336548,-0.3935757875442505,0.543815553188324,0.09319891780614853,0.34960371255874634,0.7943849563598633,0.1611635982990265,0.09491752088069916,0.08693551272153854,0.0007213396020233631,0.22830446064472198,-0.0571298748254776,0.8019323945045471,1.0,0.19806763529777527,0.9951691031455994,0.8019323945045471,35.20359420776367,41.71693801879883,179.29080200195312,0.0,0.23671497404575348,0.23671497404575348,0.04757469892501831,0.0057921456173062325,0.07166904211044312,0.006571225356310606,1.0,0.0,35.20359420776367,155.63046264648438,0.0057921456173062325,0.04757469892501831,0.006571225356310606,0.07166904211044312,2.323606014251709,49.13227844238281,4.152519702911377,103.58733367919922,-0.03864734247326851,0.7971014380455017,1.1931819915771484,1.3536723852157593,0.40185627341270447,0.44478124380111694,0.10080865025520325,0.052806928753852844
v_CleanAndJerk_g12_c01.avi,/Users/josephkamil/Desktop/Capstone/Oly_Data/raw/clean_and_jerk/CleanAndJerk/v_CleanAndJerk_g12_c01.avi,clean_and_jerk,155,155,166,131.05459594726562,35.574684143066406,4.14735746383667,179.34564208984375,84.19927978515625,129.7648162841797,40.36704635620117,64.39093017578125,179.44244384765625,107.13424682617188,126.36923217773438,55.420631408691406,18.39603042602539,178.94017028808594,-23.243743896484375,0.0,0.0,0.0,0.0,0.0,0.4693939685821533,0.16575293242931366,0.16772346198558807,0.6643324494361877,-0.17170345783233643,0.5341038703918457,0.049670230597257614,0.43567460775375366,0.6525776386260986,-0.06029123067855835,0.10111355036497116,0.044729702174663544,0.027596330270171165,0.15695969760417938,0.0036890804767608643,0.31612902879714966,1.0,0.41290321946144104,0.948387086391449,0.5419355034828186,4.14735746383667,64.39093017578125,178.94017028808594,0.0,0.2774193584918976,0.0,0.1695760190486908,0.012902271002531052,0.04204434156417847,0.005296699237078428,0.0,0.0,4.14735746383667,99.00863647460938,0.012902271002531052,0.1695760190486908,0.005296699237078428,0.04204434156417847,7.9953107833862305,91.21499633789062,11.601310729980469,122.76094055175781,0.13548387587070465,0.5354838967323303,1.9869496822357178,0.8156916499137878,0.4966089725494385,0.21690303087234497,0.09542028605937958,0.10160461813211441
v_CleanAndJerk_g12_c02.avi,/Users/josephkamil/Desktop/Capstone/Oly_Data/raw/clean_and_jerk/CleanAndJerk/v_CleanAndJerk_g12_c02.avi,clean_and_jerk,95,95,100,131.9014892578125,30.067138671875,37.24079895019531,177.2855682373047,74.84685516357422,144.62123107910156,27.7514591217041,64.734375,179.36190795898438,59.82530212402344,114.89591979980469,56.59218215942383,3.307210683822632,178.48976135253906,0.032623291015625,0.0,0.0,0.0,0.0,0.0,0.44618549942970276,0.13443046808242798,0.16919204592704773,0.6507490873336792,-0.47161999344825745,0.5528918504714966,0.058784715831279755,0.43675726652145386,0.6680780053138733,-0.08148032426834106,0.08649684488773346,0.044269658625125885,0.020456558093428612,0.1603008657693863,0.008646771311759949,0.3052631616592407,1.0,0.4842105209827423,0.9894737005233765,0.5157894492149353,37.24079895019531,64.734375,178.48976135253906,0.0,0.05263157933950424,0.05263157933950424,0.15189579129219055,0.018503330647945404,0.05493342876434326,0.00878389272838831,0.0,1.0,37.24079895019531,120.72332000732422,0.018503330647945404,0.15189579129219055,0.00878389272838831,0.05493342876434326,11.653787612915039,140.04476928710938,15.306713104248047,160.35470581054688,0.43157893419265747,0.5052631497383118,1.739313006401062,0.8256859183311462,0.48155704140663147,0.23132073879241943,0.06942544877529144,0.09314999729394913
v_CleanAndJerk_g12_c03.avi,/Users/josephkamil/Desktop/Capstone/Oly_Data/raw/clean_and_jerk/CleanAndJerk/v_CleanAndJerk_g12_c03.avi,clean_and_jerk,111,111,125,142.89678955078125,30.132450103759766,66.19903564453125,179.31834411621094,69.99933624267578,147.1270294189453,35.03091049194336,66.40644073486328,179.44187927246094,85.35671997070312,105.74519348144531,61.917049407958984,10.460264205932617,178.88558959960938,-104.01275634765625,0.0,0.0,0.0,0.0,0.0,0.401279479265213,0.15488962829113007,0.1575661301612854,0.6785645484924316,-0.40322256088256836,0.5278964042663574,0.05093702673912048,0.43971389532089233,0.6640114784240723,-0.09190988540649414,0.08796270936727524,0.04806142300367355,0.02133035846054554,0.15232527256011963,-0.08687635511159897,0.4954954981803894,1.0,0.27927929162979126,0.9909909963607788,0.7207207083702087,66.19903564453125,66.40644073486328,178.88558959960938,0.0,0.3333333432674408,0.06306306272745132,0.17688462138175964,0.01708686351776123,0.05251264572143555,0.007705374155193567,0.0,0.0,66.19903564453125,116.97837829589844,0.01708686351776123,0.17688462138175964,0.007705374155193567,0.05251264572143555,7.835248947143555,72.0538330078125,15.801837921142578,148.47381591796875,-0.054054055362939835,0.7117117047309875,1.8795549869537354,0.8475911617279053,0.5209984183311462,0.22429758310317993,0.07878103107213974,0.10045545548200607
v_CleanAndJerk_g12_c04.avi,/Users/josephkamil/Desktop/Capstone/Oly_Data/raw/clean_and_jerk/CleanAndJerk/v_CleanAndJerk_g12_c04.avi,clean_and_jerk,122,122,136,129.66409301757812,35.945308685302734,40.76114273071289,179.09812927246094,82.37825775146484,130.22340393066406,42.17321014404297,58.69679641723633,179.46095275878906,114.95330810546875,106.60277557373047,60.99381637573242,18.879419326782227,178.47817993164062,-4.65966796875,0.0,0.0,0.0,0.0,0.0,0.4438415765762329,0.16096562147140503,0.15176716446876526,0.6935373544692993,-0.5287412405014038,0.5459844470024109,0.05972528085112572,0.44292837381362915,0.6856002807617188,-0.07630771398544312,0.09486623108386993,0.051459770649671555,0.028478527441620827,0.16577795147895813,-0.011108070611953735,0.4098360538482666,1.0,0.3196721374988556,0.9918032884597778,0.6803278923034668,40.76114273071289,58.69679641723633,178.47817993164062,0.0,0.41803279519081116,0.4098360538482666,0.1458262801170349,0.01709185726940632,0.06941774487495422,0.0070404470898211,0.5,0.0,40.76114273071289,117.12315368652344,0.01709185726940632,0.1458262801170349,0.0070404470898211,0.06941774487495422,4.747073650360107,21.84406280517578,16.871492385864258,152.2094268798828,-0.09836065769195557,0.6721311211585999,2.068114757537842,0.8518940806388855,0.5417702198028564,0.2426719069480896,0.12206210941076279,0.09371695667505264
v_CleanAndJerk_g12_c05.avi,/Users/josephkamil/Desktop/Capstone/Oly_Data/raw/clean_and_jerk/CleanAndJerk/v_CleanAndJerk_g12_c05.avi,clean_and_jerk,122,122,136,133.30772399902344,37.87397384643555,38.31370544433594,178.2886505126953,37.43183135986328,133.5876922607422,41.695068359375,56.161319732666016,179.43861389160156,105.45580291748047,93.22737121582031,64.01757049560547,14.207367897033691,175.78408813476562,6.1478118896484375,0.0,0.0,0.0,0.0,0.0,0.4431229829788208,0.1376427561044693,0.18042999505996704,0.6892902851104736,-0.48467063903808594,0.5443695783615112,0.05817929282784462,0.43674546480178833,0.6852454543113708,-0.04158949851989746,0.08009658008813858,0.0500766783952713,0.030513739213347435,0.17609606683254242,-0.00023937225341796875,0.5081967115402222,1.0,0.3360655605792999,0.9918032884597778,0.6639344096183777,38.31370544433594,56.161319732666016,175.78408813476562,0.0,0.37704917788505554,0.37704917788505554,0.130081444978714,0.015395351685583591,0.0993613600730896,0.006932184100151062,1.0,0.0,38.31370544433594,115.88265228271484,0.015395351685583591,0.130081444978714,0.006932184100151062,0.0993613600730896,5.7463297843933105,45.48401641845703,12.360777854919434,141.5825653076172,-0.04098360612988472,0.6557376980781555,1.862837553024292,0.8387942910194397,0.5088602900505066,0.24849998950958252,0.1082591563463211,0.08879182487726212
v_CleanAndJerk_g12_c06.avi,/Users/josephkamil/Desktop/Capstone/Oly_Data/raw/clean_and_jerk/CleanAndJerk/v_CleanAndJerk_g12_c06.avi,clean_and_jerk,146,146,151,138.0509490966797,47.78388214111328,8.515925407409668,179.3870849609375,10.798675537109375,152.40231323242188,34.689571380615234,52.73539733886719,179.47952270507812,67.4607925415039,90.21765899658203,65.15970611572266,9.079387664794922,178.52093505859375,161.96507263183594,0.0,0.0,0.0,0.0,0.0,0.37652766704559326,0.13349565863609314,0.14783868193626404,0.626349687576294,-0.4785110056400299,0.5387910604476929,0.05948016420006752,0.45287060737609863,0.686518132686615,-0.12111026048660278,0.0754527598619461,0.047536153346300125,0.014610379002988338,0.16779090464115143,0.10812260210514069,0.664383590221405,1.0,0.0,0.9931507110595703,1.0,8.515925407409668,52.73539733886719,178.52093505859375,0.0,0.054794520139694214,0.267123281955719,0.18627071380615234,0.015523549169301987,0.04115867614746094,0.005931590683758259,0.125,0.0,8.515925407409668,117.31990051269531,0.015523549169301987,0.18627071380615234,0.005931590683758259,0.04115867614746094,5.978207588195801,145.69583129882812,14.692209243774414,162.2243194580078,-0.054794520139694214,0.9931507110595703,2.2509145736694336,0.8600806593894958,0.4785110056400299,0.23364752531051636,0.1411336064338684,0.11456026881933212
v_CleanAndJerk_g12_c07.avi,/Users/josephkamil/Desktop/Capstone/Oly_Data/raw/clean_and_jerk/CleanAndJerk/v_CleanAndJerk_g12_c07.avi,clean_and_jerk,130,130,151,129.0489501953125,41.517333984375,43.385498046875,179.3828887939453,69.84178161621094,132.24740600585938,43.131038665771484,49.69327926635742,179.46348571777344,95.95836639404297,107.20360565185547,64.22369384765625,15.828248977661133,176.8231964111328,0.6319427490234375,0.0,0.0,0.0,0.0,0.0,0.4087701141834259,0.17711007595062256,0.14932940900325775,0.6969586610794067,-0.5254010558128357,0.550395131111145,0.06267596781253815,0.47002488374710083,0.6955466270446777,-0.08584237098693848,0.09759138524532318,0.053821805864572525,0.022394536063075066,0.16658149659633636,-0.007185995578765869,0.5384615659713745,1.0,0.4000000059604645,0.9923076629638672,0.6000000238418579,43.385498046875,49.69327926635742,176.8231964111328,0.0,0.1230769231915474,0.38461539149284363,0.17677581310272217,0.013743070885539055,0.07194232940673828,0.0071814293041825294,0.0,0.0,43.385498046875,125.37451171875,0.013743070885539055,0.17677581310272217,0.0071814293041825294,0.07194232940673828,7.716929912567139,89.92033386230469,9.219361305236816,137.53829956054688,0.2769230902194977,0.5923076868057251,1.7728561162948608,0.9264043569564819,0.5476292371749878,0.2255217432975769,0.11002948135137558,0.07775607705116272
v_CleanAndJerk_g13_c01.avi,/Users/josephkamil/Desktop/Capstone/Oly_Data/raw/clean_and_jerk/CleanAndJerk/v_CleanAndJerk_g13_c01.avi,clean_and_jerk,81,81,81,119.94103240966797,53.90460968017578,3.0875866413116455,179.1436309814453,71.25503540039062,113.70782470703125,57.305816650390625,9.708992004394531,177.54859924316406,126.25267028808594,166.5128936767578,14.707966804504395,91.53103637695312,178.8634796142578,2.82452392578125,0.0,0.0,0.0,0.0,0.0,0.5404360294342041,0.18450866639614105,0.2810729742050171,0.7944557666778564,-0.46613609790802,0.6836234331130981,0.05111629143357277,0.5919759273529053,0.7603271007537842,-0.10297894477844238,0.11460849642753601,0.03181685507297516,0.016438527032732964,0.1573765128850937,0.0077606067061424255,0.48148149251937866,1.0,0.395061731338501,0.9876543283462524,0.604938268661499,3.0875866413116455,9.708992004394531,178.8634796142578,0.0,0.12345679104328156,0.48148149251937866,0.2489490509033203,0.02643786370754242,0.03999274969100952,0.007698662579059601,0.0,0.0,3.0875866413116455,28.91806983947754,0.02643786370754242,0.2489490509033203,0.007698662579059601,0.03999274969100952,20.225353240966797,115.8018798828125,6.991513252258301,75.04786682128906,0.2716049253940582,0.5925925970077515,2.1150290966033936,0.6158930063247681,0.5133827924728394,0.1683511734008789,0.07945908606052399,0.06581304222345352
v_CleanAndJerk_g13_c02.avi,/Users/josephkamil/Desktop/Capstone/Oly_Data/raw/clean_and_jerk/CleanAndJerk/v_CleanAndJerk_g13_c02.avi,clean_and_jerk,103,103,103,154.7799530029297,28.794404983520508,33.98652648925781,179.42514038085938,34.301605224609375,136.6764373779297,46.708316802978516,8.917966842651367,178.54776000976562,47.17347717285156,168.72755432128906,22.385417938232422,10.503009796142578,179.01409912109375,-3.0645904541015625,0.0,0.0,0.0,0.0,0.0,0.4094722270965576,0.16914081573486328,0.17200545966625214,0.6543827056884766,-0.3792175054550171,0.5839418768882751,0.04395701363682747,0.4866589307785034,0.6592511534690857,0.046401381492614746,0.1254594773054123,0.028703860938549042,0.011180100031197071,0.16196393966674805,-0.01602742075920105,0.5631067752838135,1.0,0.3980582654476166,0.9902912378311157,0.6019417643547058,33.98652648925781,8.917966842651367,179.01409912109375,0.0,0.029126213863492012,0.48543688654899597,0.23263156414031982,0.013999972492456436,0.04206719994544983,0.007291009649634361,0.0,0.0,33.98652648925781,97.85350036621094,0.013999972492456436,0.23263156414031982,0.007291009649634361,0.04206719994544983,11.526861190795898,106.39466857910156,6.446697235107422,147.50221252441406,0.3689320385456085,0.5922330021858215,1.4279972314834595,0.7436829805374146,0.48237723112106323,0.17259222269058228,0.06401126086711884,0.02876298874616623
v_CleanAndJerk_g13_c03.avi,/Users/josephkamil/Desktop/Capstone/Oly_Data/raw/clean_and_jerk/CleanAndJerk/v_CleanAndJerk_g13_c03.avi,clean_and_jerk,114,114,114,145.8563232421875,37.77588653564453,42.59654998779297,179.04774475097656,42.61976623535156,141.1944580078125,37.868621826171875,42.842071533203125,177.3321533203125,53.68888854980469,155.5189971923828,37.04199981689453,21.270366668701172,178.47706604003906,106.60762023925781,0.0,0.0,0.0,0.0,0.0,0.3855990171432495,0.106864333152771,0.2557704448699951,0.5707170367240906,-0.25502437353134155,0.5171678066253662,0.026771195232868195,0.45228099822998047,0.5563076734542847,-0.013974964618682861,0.07296101003885269,0.020189456641674042,0.004688398912549019,0.0967239961028099,0.019032008945941925,0.6315789222717285,1.0,0.34210526943206787,0.9912280440330505,0.6578947305679321,42.59654998779297,42.842071533203125,178.47706604003906,0.0,0.41228070855140686,0.41228070855140686,0.09279382228851318,0.00881840381771326,0.035871028900146484,0.0037136003375053406,0.625,0.0,42.59654998779297,149.39215087890625,0.00881840381771326,0.09279382228851318,0.0037136003375053406,0.035871028900146484,6.731517791748047,40.344696044921875,12.94310188293457,141.9390411376953,-0.07017543911933899,0.6491228342056274,0.9964796304702759,0.4196368455886841,0.31494659185409546,0.1040266752243042,0.046759746968746185,0.011631974950432777
v_CleanAndJerk_g13_c04.avi,/Users/josephkamil/Desktop/Capstone/Oly_Data/raw/clean_and_jerk/CleanAndJerk/v_CleanAndJerk_g13_c04.avi,clean_and_jerk,242,242,287,148.46299743652344,40.61470031738281,5.464835166931152,178.97544860839844,172.24853515625,152.2952880859375,36.039207458496094,13.714347839355469,179.23358154296875,29.944381713867188,128.7583770751953,52.76937484741211,4.9697370529174805,178.33583068847656,-1.7609405517578125,0.0,0.0,0.0,0.0,0.0,0.47046637535095215,0.07339364290237427,0.32046008110046387,0.6292031407356262,-0.19908514618873596,0.5760435461997986,0.027059676125645638,0.511972188949585,0.6364960670471191,0.060130178928375244,0.047264084219932556,0.03311348706483841,0.0016116008628159761,0.1038145199418068,0.019303403794765472,0.5247933864593506,1.0,0.26033058762550354,0.9958677887916565,0.7396694421768188,5.464835166931152,13.714347839355469,178.33583068847656,0.0,0.0,0.25619834661483765,0.06779748201370239,0.008086107671260834,0.06568735837936401,0.0037562295328825712,0.0,0.0,5.464835166931152,27.706283569335938,0.008086107671260834,0.06779748201370239,0.0037562295328825712,0.06568735837936401,12.719558715820312,137.83761596679688,23.949552536010742,168.64700317382812,0.26033058762550354,0.7355371713638306,1.9487520456314087,0.9052513241767883,0.30874305963516235,0.12452387809753418,0.05469759926199913,0.04582362249493599
v_CleanAndJerk_g14_c01.avi,/Users/josephkamil/Desktop/Capstone/Oly_Data/raw/clean_and_jerk/CleanAndJerk/v_CleanAndJerk_g14_c01.avi,clean_and_jerk,138,138,190,159.47274780273438,26.685791015625,12.408251762390137,179.11961364746094,40.57328796386719,158.55247497558594,39.606544494628906,1.8581244945526123,179.17514038085938,95.7809829711914,137.93936157226562,28.45295524597168,49.40089797973633,177.74954223632812,-9.907669067382812,0.0,0.0,0.0,0.0,0.0,0.44288644194602966,0.08742476254701614,0.31800636649131775,0.7029894590377808,-0.2841970920562744,0.5690326690673828,0.021208448335528374,0.5204837322235107,0.6242022514343262,-0.028919577598571777,0.07015824317932129,0.027818795293569565,0.00504848500713706,0.12139231711626053,-0.09168772399425507,0.6739130616188049,1.0,0.07971014827489853,0.9927536249160767,0.9202898740768433,12.408251762390137,1.8581244945526123,177.74954223632812,0.0,0.08695652335882187,0.09420289844274521,0.1579703688621521,0.00971472728997469,0.0751105546951294,0.0038775831926614046,0.625,0.0,12.408251762390137,126.8860092163086,0.00971472728997469,0.1579703688621521,0.0038775831926614046,0.0751105546951294,6.934706211090088,92.11998748779297,12.68836784362793,100.52143859863281,-0.007246376946568489,0.9130434989929199,1.3309175968170166,0.5312288999557495,0.384983092546463,0.10371851921081543,0.05258593708276749,0.03558137267827988
v_CleanAndJerk_g14_c02.avi,/Users/josephkamil/Desktop/Capstone/Oly_Data/raw/clean_and_jerk/CleanAndJerk/v_CleanAndJerk_g14_c02.avi,clean_and_jerk,177,177,226,151.86680603027344,33.12610626220703,54.07391357421875,179.46060180664062,4.522064208984375,153.32089233398438,32.388153076171875,30.976587295532227,179.39004516601562,-7.3170318603515625,119.33531188964844,41.56059265136719,6.082376956939697,178.4639129638672,-32.722042083740234,0.0,0.0,0.0,0.0,0.0,0.436705082654953,0.07967880368232727,0.30435797572135925,0.705109715461731,-0.3090905249118805,0.5581628084182739,0.05174117162823677,0.4270654320716858,0.6879762411117554,0.060900211334228516,0.06652887910604477,0.02890866994857788,0.011950716376304626,0.19042807817459106,0.03248843550682068,0.2881355881690979,1.0,0.0,0.994350254535675,1.0,54.07391357421875,30.976587295532227,178.4639129638672,0.0,0.10734463483095169,0.03954802080988884,0.16811835765838623,0.0145877031609416,0.16142407059669495,0.00570149440318346,0.0,0.0,54.07391357421875,108.77037048339844,0.0145877031609416,0.16811835765838623,0.00570149440318346,0.16142407059669495,4.234216213226318,56.42449188232422,19.04535675048828,151.10894775390625,-0.10734463483095169,0.994350254535675,2.5674357414245605,1.0034630298614502,0.4007517397403717,0.2609108090400696,0.09629031270742416,0.04452485218644142
v_CleanAndJerk_g14_c03.avi,/Users/josephkamil/Desktop/Capstone/Oly_Data/raw/clean_and_jerk/CleanAndJerk/v_CleanAndJerk_g14_c03.avi,clean_and_jerk,149,149,202,149.82154846191406,42.783912658691406,14.040180206298828,179.183349609375,150.76905822753906,151.9840087890625,43.007484436035156,2.4497897624969482,179.07611083984375,171.9368133544922,105.84333801269531,46.10845184326172,10.975725173950195,178.34451293945312,124.67744445800781,0.0,0.0,0.0,0.0,0.0,0.43205901980400085,0.09504254907369614,0.30645450949668884,0.725633978843689,-0.4185541868209839,0.5788149237632751,0.04350589960813522,0.5463399887084961,0.7083497047424316,-0.013615965843200684,0.055177509784698486,0.03220600634813309,0.014542663469910622,0.11552037298679352,0.05019363388419151,0.7516778707504272,1.0,0.17449665069580078,0.9932885766029358,0.8255033493041992,14.040180206298828,2.4497897624969482,178.34451293945312,0.0,0.00671140942722559,0.0,0.10462039709091187,0.008862519636750221,0.12186020612716675,0.0038790558464825153,0.0,0.0,14.040180206298828,126.38982391357422,0.008862519636750221,0.10462039709091187,0.0038790558464825153,0.12186020612716675,3.895841360092163,61.262447357177734,12.195538520812988,129.84075927734375,0.16778524219989777,0.818791925907135,1.3116528987884521,0.5741002559661865,0.4191794693470001,0.16200971603393555,0.047579288482666016,0.04390574246644974
v_CleanAndJerk_g14_c04.avi,/Users/josephkamil/Desktop/Capstone/Oly_Data/raw/clean_and_jerk/CleanAndJerk/v_CleanAndJerk_g14_c04.avi,clean_and_jerk,323,323,345,155.01844787597656,29.35157585144043,39.388973236083984,178.71234130859375,83.98758697509766,151.0598907470703,25.509756088256836,57.195682525634766,179.181640625,68.02021026611328,75.33499145507812,59.97803497314453,1.971627116203308,178.92518615722656,8.835235595703125,0.0,0.0,0.0,0.0,0.0,0.42861953377723694,0.07450646907091141,0.2502298355102539,0.6502848267555237,-0.3946300745010376,0.5663787722587585,0.03985466808080673,0.5334078073501587,0.7161158323287964,-0.06240952014923096,0.04608998820185661,0.036323025822639465,0.0014072478516027331,0.15055160224437714,0.042864181101322174,0.5789473652839661,1.0,0.08668730407953262,0.9969040155410767,0.9133126735687256,39.388973236083984,57.195682525634766,178.92518615722656,0.0,0.06811145693063736,0.06811145693063736,0.1819981336593628,0.015206587500870228,0.11615443229675293,0.0028461285401135683,0.25,0.0,39.388973236083984,106.07035064697266,0.015206587500870228,0.1819981336593628,0.0028461285401135683,0.11615443229675293,2.6870741844177246,55.269859313964844,10.494566917419434,143.73036193847656,0.018575850874185562,0.9102166891098022,4.896521091461182,0.9164533615112305,0.4000549912452698,0.1827080249786377,0.05563385412096977,0.0784272700548172
v_CleanAndJerk_g14_c05.avi,/Users/josephkamil/Desktop/Capstone/Oly_Data/raw/clean_and_jerk/CleanAndJerk/v_CleanAndJerk_g14_c05.avi,clean_and_jerk,16,16,175,174.19052124023438,12.121284484863281,127.8515396118164,179.33990478515625,-6.0748748779296875,171.27532958984375,26.101879119873047,70.35101318359375,179.4293212890625,2.1235809326171875,123.5538558959961,34.04033279418945,64.4039535522461,178.2989501953125,-31.537986755371094,0.0,0.0,0.0,0.0,0.0,0.5754134058952332,0.04221465066075325,0.5193613171577454,0.6971656680107117,-0.05907922983169556,0.4349004626274109,0.060726348310709,0.29875826835632324,0.5492660999298096,-0.14108800888061523,0.07559831440448761,0.031001517549157143,0.03074391558766365,0.13187208771705627,-0.03271312266588211,0.875,1.0,0.0,0.875,0.9375,127.8515396118164,70.35101318359375,178.2989501953125,0.0,0.75,0.75,0.1778043508529663,0.029826335608959198,0.20892095565795898,0.028381288051605225,0.5,0.0,175.26199340820312,127.8515396118164,0.029826335608959198,0.1778043508529663,0.028381288051605225,0.20892095565795898,7.795458793640137,51.40850067138672,24.864044189453125,74.92827606201172,-0.75,0.875,0.4473950266838074,0.42571932077407837,0.1778043508529663,0.25050783157348633,0.02889304980635643,0.060108814388513565
v_CleanAndJerk_g14_c06.avi,/Users/josephkamil/Desktop/Capstone/Oly_Data/raw/clean_and_jerk/CleanAndJerk/v_CleanAndJerk_g14_c06.avi,clean_and_jerk,176,176,226,168.7985382080078,15.367609024047852,75.96650695800781,179.17349243164062,103.19206237792969,164.96109008789062,31.527725219726562,1.8755178451538086,178.84251403808594,160.647216796875,123.49922180175781,42.364845275878906,39.74769592285156,178.59780883789062,90.0966567993164,0.0,0.0,0.0,0.0,0.0,0.4034488797187805,0.07983691245317459,0.3003910183906555,0.7219945192337036,-0.3870854377746582,0.5639002323150635,0.023406052961945534,0.46169137954711914,0.6130298972129822,0.03861731290817261,0.06627296656370163,0.03899962455034256,0.013654397800564766,0.18586154282093048,0.03811953216791153,0.9090909361839294,1.0,0.039772726595401764,0.9943181872367859,0.9602272510528564,75.96650695800781,1.8755178451538086,178.59780883789062,0.0,0.0,0.034090910106897354,0.1441974639892578,0.0068767983466386795,0.09781134128570557,0.003403114154934883,0.125,0.0,75.96650695800781,128.9923858642578,0.0068767983466386795,0.1441974639892578,0.003403114154934883,0.09781134128570557,3.0272376537323,68.22972106933594,6.946528911590576,94.95063781738281,0.039772726595401764,0.9545454382896423,1.203439712524414,0.5955449938774109,0.4216035008430481,0.15133851766586304,0.05464448779821396,0.03359450399875641
v_CleanAndJerk_g15_c01.avi,/Users/josephkamil/Desktop/Capstone/Oly_Data/raw/clean_and_jerk/CleanAndJerk/v_CleanAndJerk_g15_c01.avi,clean_and_jerk,90,90,90,130.02432250976562,45.6703987121582,53.608612060546875,179.31402587890625,96.1269760131836,124.68038177490234,41.52651596069336,42.833553314208984,169.6070556640625,99.85913848876953,172.3508758544922,5.72275447845459,145.17384338378906,179.154541015625,14.822067260742188,0.0,0.0,0.0,0.0,0.0,0.36822155117988586,0.1977553814649582,0.1376565396785736,0.7723956108093262,-0.5744729042053223,0.6213681101799011,0.08001579344272614,0.48572391271591187,0.7394548058509827,-0.1501978635787964,0.13880935311317444,0.02679481729865074,0.02434869296848774,0.18421564996242523,-0.027336880564689636,0.7111111283302307,1.0,0.2888889014720917,0.9888888597488403,0.7111111283302307,53.608612060546875,42.833553314208984,179.154541015625,0.0,0.07777778059244156,0.07777778059244156,0.10759428143501282,0.013443482108414173,0.09210312366485596,0.0120641328394413,0.0,0.0,53.608612060546875,96.70293426513672,0.013443482108414173,0.10759428143501282,0.0120641328394413,0.09210312366485596,4.6879353523254395,29.682785034179688,2.5838608741760254,20.414260864257812,0.21111111342906952,0.699999988079071,1.1964699029922485,1.0737078189849854,0.6347390413284302,0.2537308931350708,0.10030802339315414,0.038665056228637695
v_CleanAndJerk_g15_c02.avi,/Users/josephkamil/Desktop/Capstone/Oly_Data/raw/clean_and_jerk/CleanAndJerk/v_CleanAndJerk_g15_c02.avi,clean_and_jerk,79,79,83,171.45516967773438,5.278624057769775,151.7545928955078,179.26278686523438,-7.936065673828125,172.75949096679688,3.072495698928833,165.46975708007812,179.26678466796875,9.015625,141.51072692871094,9.821043968200684,122.13123321533203,165.38491821289062,7.139678955078125,0.0,0.0,0.0,0.0,0.0,0.5616567730903625,0.010594273917376995,0.5230762958526611,0.5802744626998901,0.024945735931396484,0.5923157334327698,0.006934402044862509,0.5767064094543457,0.6060703992843628,0.0291290283203125,0.11713771522045135,0.004644667264074087,0.09044309705495834,0.1251622587442398,0.0031420066952705383,0.0,0.0,1.0,0.0,0.0,151.7545928955078,165.46975708007812,165.38491821289062,0.0,0.9367088675498962,0.5189873576164246,0.02295440435409546,0.0022071723360568285,0.003971576690673828,0.0008835349581204355,0.0,1.0,168.6715850830078,151.7545928955078,0.0022071723360568285,0.02295440435409546,0.0008835349581204355,0.003971576690673828,2.418083667755127,14.16619873046875,3.616387367248535,15.027236938476562,0.06329113990068436,-1.0,0.17215943336486816,0.0689157247543335,0.057198166847229004,0.02936398983001709,0.0,0.004441744182258844
v_CleanAndJerk_g15_c03.avi,/Users/josephkamil/Desktop/Capstone/Oly_Data/raw/clean_and_jerk/CleanAndJerk/v_CleanAndJerk_g15_c03.avi,clean_and_jerk,156,156,165,150.7761993408203,32.9946403503418,37.305423736572266,179.47076416015625,51.263099670410156,144.59584045410156,30.38357925415039,42.289554595947266,179.53004455566406,42.30290222167969,76.9316635131836,59.039306640625,11.668949127197266,179.26007080078125,-6.2698516845703125,0.0,0.0,0.0,0.0,0.0,0.41362258791923523,0.13440649211406708,0.19551610946655273,0.7837125062942505,-0.5881963968276978,0.5970752239227295,0.060126472264528275,0.5338218212127686,0.7781820297241211,-0.08968710899353027,0.057427313178777695,0.07602307945489883,0.0008938182727433741,0.2159377783536911,-0.03278198838233948,0.7051281929016113,1.0,0.16025641560554504,0.9935897588729858,0.8397436141967773,37.305423736572266,42.289554595947266,179.26007080078125,0.0,0.19230769574642181,0.19230769574642181,0.04254573583602905,0.007417712826281786,0.05887329578399658,0.006010665558278561,1.0,0.0,37.305423736572266,135.7633819580078,0.007417712826281786,0.04254573583602905,0.006010665558278561,0.05887329578399658,4.758177757263184,52.626895904541016,7.289331912994385,105.87799072265625,-0.03205128386616707,0.8333333134651184,1.1497454643249512,0.9316531419754028,0.5881963968276978,0.24436020851135254,0.09939301759004593,0.0695423111319542
v_CleanAndJerk_g15_c04.avi,/Users/josephkamil/Desktop/Capstone/Oly_Data/raw/clean_and_jerk/CleanAndJerk/v_CleanAndJerk_g15_c04.avi,clean_and_jerk,110,110,111,136.06341552734375,43.60966491699219,55.49774169921875,179.156005859375,72.54608917236328,128.25985717773438,39.26219940185547,56.09967803955078,166.3648223876953,66.02384185791016,165.685546875,7.1151041984558105,132.04330444335938,178.2887420654297,-14.094757080078125,0.0,0.0,0.0,0.0,0.0,0.3577544391155243,0.22096501290798187,0.1322377324104309,0.782365083694458,-0.6261870861053467,0.5871726870536804,0.09699898958206177,0.4787708520889282,0.7469354867935181,-0.18503111600875854,0.1293974369764328,0.027729274705052376,0.042324576526880264,0.20980507135391235,-0.06552158296108246,0.6909090876579285,1.0,0.30909091234207153,0.9909090995788574,0.6909090876579285,55.49774169921875,56.09967803955078,178.2887420654297,0.0,0.3909091055393219,0.10000000149011612,0.04235637187957764,0.007964786142110825,0.09980738162994385,0.0074675302021205425,1.0,0.0,55.49774169921875,133.4656219482422,0.007964786142110825,0.04235637187957764,0.0074675302021205425,0.09980738162994385,4.846611976623535,24.74475860595703,2.7353577613830566,20.420578002929688,-0.08181817829608917,0.6818181872367859,0.868161678314209,0.8139607906341553,0.6501273512840271,0.26816463470458984,0.11433198302984238,0.004640247207134962
v_CleanAndJerk_g16_c01.avi,/Users/josephkamil/Desktop/Capstone/Oly_Data/raw/clean_and_jerk/CleanAndJerk/v_CleanAndJerk_g16_c01.avi,clean_and_jerk,104,104,104,170.47525024414062,10.163274765014648,124.35029602050781,179.477294921875,4.2283477783203125,170.46417236328125,8.262712478637695,120.57887268066406,179.2682342529297,-1.13189697265625,100.83247375488281,75.02177429199219,0.8386744260787964,177.20425415039062,3.0220489501953125,0.0,0.0,0.0,0.0,0.0,0.2752436399459839,0.16212327778339386,0.07295594364404678,0.6771385669708252,-0.6041826009750366,0.5197976231575012,0.0573931522667408,0.4304829239845276,0.6430982351303101,-0.026591360569000244,0.12080589681863785,0.08705857396125793,0.003996643703430891,0.22664257884025574,0.009546831250190735,0.6634615659713745,1.0,0.19230769574642181,0.9903846383094788,0.807692289352417,124.35029602050781,120.57887268066406,177.20425415039062,0.0,0.2884615361690521,0.2884615361690521,0.14885738492012024,0.016893809661269188,0.0506516695022583,0.009035433642566204,0.25,0.0,124.35029602050781,145.46310424804688,0.016893809661269188,0.14885738492012024,0.009035433642566204,0.0506516695022583,3.8256711959838867,50.81105041503906,15.080322265625,162.9109649658203,-0.09615384787321091,0.7980769276618958,1.7400623559951782,0.9306496977806091,0.6041826009750366,0.21261531114578247,0.08808740973472595,0.05425560101866722
v_CleanAndJerk_g16_c02.avi,/Users/josephkamil/Desktop/Capstone/Oly_Data/raw/clean_and_jerk/CleanAndJerk/v_CleanAndJerk_g16_c02.avi,clean_and_jerk,102,102,102,169.0946044921875,17.022531509399414,77.83329772949219,179.4274139404297,3.0787506103515625,166.8166961669922,17.575698852539062,73.4013900756836,179.23898315429688,-2.9899139404296875,81.24146270751953,73.9680404663086,1.4589741230010986,175.62469482421875,16.172027587890625,0.0,0.0,0.0,0.0,0.0,0.38005125522613525,0.18706132471561432,0.09741146862506866,0.7959203720092773,-0.6985089182853699,0.6072692275047302,0.052837710827589035,0.5480016469955444,0.7643539905548096,-0.1407768726348877,0.11192603409290314,0.08006148040294647,0.01054452732205391,0.21882864832878113,0.011389404535293579,0.6470588445663452,1.0,0.2549019753932953,0.9901960492134094,0.7450980544090271,77.83329772949219,73.4013900756836,175.62469482421875,0.0,0.27450981736183167,0.27450981736183167,0.08778601884841919,0.011984511278569698,0.03590989112854004,0.008428405039012432,0.625,0.0,77.83329772949219,153.34564208984375,0.011984511278569698,0.08778601884841919,0.008428405039012432,0.03590989112854004,3.8257150650024414,47.88079833984375,7.112382411956787,59.731842041015625,-0.019607843831181526,0.7352941036224365,1.2104356288909912,0.8512688875198364,0.6985089182853699,0.21635234355926514,0.13044987618923187,0.08520586788654327
v_CleanAndJerk_g16_c03.avi,/Users/josephkamil/Desktop/Capstone/Oly_Data/raw/clean_and_jerk/CleanAndJerk/v_CleanAndJerk_g16_c03.avi,clean_and_jerk,73,73,96,146.69906616210938,26.204368591308594,53.52411651611328,174.63429260253906,57.49699401855469,150.0099334716797,25.785959243774414,68.0108642578125,178.98521423339844,94.97288513183594,126.7413330078125,50.88801574707031,4.476528167724609,179.09228515625,8.802444458007812,0.0,0.0,0.0,0.0,0.0,0.4223334491252899,0.1647094339132309,0.19524887204170227,0.8107143044471741,-0.5972962975502014,0.6281843185424805,0.04312790930271149,0.5413058996200562,0.7428306341171265,-0.030044257640838623,0.12550325691699982,0.06566250324249268,0.007940201088786125,0.27324000000953674,-0.10641486942768097,0.4794520437717438,1.0,0.31506848335266113,0.9863013625144958,0.6849315166473389,53.52411651611328,68.0108642578125,179.09228515625,0.0,0.21917808055877686,0.0,0.2146245241165161,0.03178621828556061,0.08440005779266357,0.01152718998491764,0.125,0.0,53.52411651611328,122.08335876464844,0.03178621828556061,0.2146245241165161,0.01152718998491764,0.08440005779266357,11.888757705688477,98.68719482421875,25.92632484436035,143.98104858398438,0.09589041024446487,0.6712328791618347,2.2886078357696533,0.8299576640129089,0.6154654026031494,0.2015247344970703,0.06060759723186493,0.05248533934354782
v_CleanAndJerk_g16_c04.avi,/Users/josephkamil/Desktop/Capstone/Oly_Data/raw/clean_and_jerk/CleanAndJerk/v_CleanAndJerk_g16_c04.avi,clean_and_jerk,79,79,106,137.0261688232422,42.2072639465332,29.75734519958496,178.85260009765625,89.20841217041016,142.0944061279297,37.00360107421875,51.13660430908203,178.80601501464844,120.29801177978516,146.05345153808594,37.76750564575195,3.0971503257751465,179.1437225341797,7.969696044921875,0.0,0.0,0.0,0.0,0.0,0.4981008470058441,0.20358939468860626,0.22164243459701538,0.8581584692001343,-0.6235767602920532,0.6734849214553833,0.056587573140859604,0.6084133386611938,0.8411166667938232,-0.07829248905181885,0.14542320370674133,0.05555042624473572,0.010444878600537777,0.2543622553348541,-0.08409556746482849,0.37974682450294495,1.0,0.4683544337749481,0.9873417615890503,0.5316455960273743,29.75734519958496,51.13660430908203,179.1437225341797,0.0,0.3544303774833679,0.0,0.1902693212032318,0.024633273482322693,0.058377861976623535,0.010112840682268143,0.0,1.0,29.75734519958496,141.26065063476562,0.024633273482322693,0.1902693212032318,0.010112840682268143,0.058377861976623535,10.738496780395508,67.63789367675781,14.62359619140625,112.66146850585938,0.1139240488409996,0.5189873576164246,1.9213953018188477,0.7888015508651733,0.6365160346031189,0.2327033281326294,0.04752010852098465,0.058099083602428436
v_CleanAndJerk_g17_c01.avi,/Users/josephkamil/Desktop/Capstone/Oly_Data/raw/clean_and_jerk/CleanAndJerk/v_CleanAndJerk_g17_c01.avi,clean_and_jerk,88,88,88,161.51466369628906,19.410743713378906,107.27616882324219,179.0391845703125,52.928565979003906,159.37371826171875,15.397177696228027,114.50025939941406,178.7826690673828,52.292076110839844,100.65782928466797,74.94757843017578,1.3100225925445557,171.41636657714844,-3.87420654296875,0.0,0.0,0.0,0.0,0.0,0.3184009790420532,0.16099058091640472,0.15709719061851501,0.6579816341400146,-0.4948090612888336,0.4974501430988312,0.06277067214250565,0.39200839400291443,0.6181458830833435,0.06660711765289307,0.11960520595312119,0.08119849115610123,0.015247613191604614,0.21107596158981323,-0.010177969932556152,0.4204545319080353,1.0,0.3295454680919647,0.9886363744735718,0.6704545617103577,107.27616882324219,114.50025939941406,171.41636657714844,0.0,0.034090910106897354,0.10227272659540176,0.0754174292087555,0.012128818780183792,0.02589195966720581,0.007142164744436741,0.0,0.0,107.27616882324219,143.55775451660156,0.012128818780183792,0.0754174292087555,0.007142164744436741,0.02589195966720581,3.594601631164551,41.088623046875,14.57323932647705,165.22650146484375,0.2954545319080353,0.6590909361839294,1.0552072525024414,0.6213683485984802,0.5008844137191772,0.22613748908042908,0.03469878435134888,0.03522209823131561
v_CleanAndJerk_g17_c02.avi,/Users/josephkamil/Desktop/Capstone/Oly_Data/raw/clean_and_jerk/CleanAndJerk/v_CleanAndJerk_g17_c02.avi,clean_and_jerk,75,75,117,165.50474548339844,11.158390998840332,117.60002899169922,179.13621520996094,5.37127685546875,169.86349487304688,6.753718852996826,147.6685791015625,179.2426300048828,22.182815551757812,69.24612426757812,75.31849670410156,1.5068340301513672,178.5869140625,117.93287658691406,0.0,0.0,0.0,0.0,0.0,0.3036959171295166,0.06501875072717667,0.22703512012958527,0.5479353666305542,-0.31899434328079224,0.4704926609992981,0.0494961142539978,0.38036268949508667,0.5218907594680786,0.0008147954940795898,0.05622529238462448,0.044318847358226776,0.012463771738111973,0.13690683245658875,0.07789018005132675,0.5333333611488342,1.0,0.013333333656191826,0.9866666793823242,0.9866666793823242,117.60002899169922,147.6685791015625,178.5869140625,0.0,0.013333333656191826,0.0,0.2232818305492401,0.01615472510457039,0.0969889760017395,0.005789956543594599,0.125,0.0,117.60002899169922,162.57135009765625,0.01615472510457039,0.2232818305492401,0.005789956543594599,0.0969889760017395,4.388553142547607,56.16490936279297,14.192082405090332,130.98719787597656,0.0,0.9733333587646484,1.1954495906829834,0.42845678329467773,0.3209002614021301,0.14152806997299194,0.05377953127026558,0.02369062229990959
v_CleanAndJerk_g17_c03.avi,/Users/josephkamil/Desktop/Capstone/Oly_Data/raw/clean_and_jerk/CleanAndJerk/v_CleanAndJerk_g17_c03.avi,clean_and_jerk,138,138,138,170.66603088378906,9.26333999633789,122.96172332763672,179.2840576171875,-5.7798309326171875,167.1524200439453,5.9108567237854,155.37156677246094,178.6224822998047,-16.099990844726562,89.69782257080078,74.54869842529297,1.0468428134918213,173.9657440185547,-2.5858154296875,0.0,0.0,0.0,0.0,0.0,0.4944291114807129,0.16019438207149506,0.23525959253311157,0.7584609985351562,-0.5199277997016907,0.5923734903335571,0.03413442149758339,0.544325590133667,0.6673588752746582,-0.09543794393539429,0.08407221734523773,0.06318651884794235,0.0026393989101052284,0.17483220994472504,-0.015435263514518738,0.21739129722118378,1.0,0.5797101259231567,0.9927536249160767,0.4202898442745209,122.96172332763672,155.37156677246094,173.9657440185547,0.0,0.05797101557254791,0.14492753148078918,0.08866548538208008,0.011746573261916637,0.02128690481185913,0.004462588112801313,0.0,1.0,122.96172332763672,151.4453125,0.011746573261916637,0.08866548538208008,0.004462588112801313,0.02128690481185913,4.946696758270264,28.186203002929688,18.470256805419922,171.9739227294922,0.52173912525177,0.41304346919059753,1.6092805862426758,0.61137455701828,0.5232014060020447,0.12303328514099121,0.05917087942361832,0.10016442090272903
v_CleanAndJerk_g17_c04.avi,/Users/josephkamil/Desktop/Capstone/Oly_Data/raw/clean_and_jerk/CleanAndJerk/v_CleanAndJerk_g17_c04.avi,clean_and_jerk,13,13,165,171.38369750976562,4.8351521492004395,163.67076110839844,178.7553253173828,-1.95086669921875,171.67628479003906,8.223747253417969,146.839111328125,178.05715942382812,26.517120361328125,157.07830810546875,36.469573974609375,57.46039581298828,177.30447387695312,-88.06595611572266,0.0,0.0,0.0,0.0,0.0,0.6032314896583557,0.09668181836605072,0.37645548582077026,0.6457037329673767,-0.2677992880344391,0.5069711804389954,0.02347743511199951,0.4534700810909271,0.5325759649276733,-0.06257173418998718,0.1355086714029312,0.03057069145143032,0.06263759732246399,0.15254242718219757,-0.0767073780298233,0.0,0.0,1.0,0.0,0.0,163.67076110839844,146.839111328125,177.30447387695312,0.0,0.23076923191547394,0.0,0.2683899998664856,0.02282770164310932,0.0752643346786499,0.011022952385246754,0.0,1.0,163.67076110839844,167.07591247558594,0.02282770164310932,0.2683899998664856,0.011022952385246754,0.0752643346786499,4.05944299697876,9.728546142578125,13.09307861328125,111.80342864990234,0.7692307829856873,-1.0,0.27393242716789246,0.13227543234825134,0.26924824714660645,0.07910588383674622,0.0,0.13152866065502167
v_CleanAndJerk_g18_c01.avi,/Users/josephkamil/Desktop/Capstone/Oly_Data/raw/clean_and_jerk/CleanAndJerk/v_CleanAndJerk_g18_c01.avi,clean_and_jerk,229,229,230,152.28114318847656,33.00878143310547,36.143333435058594,174.78021240234375,45.52079772949219,147.9800567626953,28.26953125,44.09115219116211,174.9964599609375,38.87947082519531,89.84135437011719,69.77779388427734,4.683600425720215,179.29747009277344,-2.5167694091796875,0.0,0.0,0.0,0.0,0.0,0.3413717746734619,0.1620246022939682,0.12549692392349243,0.6513748168945312,-0.5250511169433594,0.5746297240257263,0.08922876417636871,0.4184982180595398,0.8300552368164062,0.030453920364379883,0.09314029663801193,0.09294218569993973,0.001913445652462542,0.2486749291419983,-0.04311057925224304,0.8253275156021118,1.0,0.17030568420886993,0.9956331849098206,0.8296943306922913,36.143333435058594,44.09115219116211,179.29747009277344,0.0,0.2052401751279831,0.22707423567771912,0.04261338710784912,0.0054689133539795876,0.06344735622406006,0.005664907395839691,1.0,0.0,36.143333435058594,140.8173828125,0.0054689133539795876,0.04261338710784912,0.005664907395839691,0.06344735622406006,2.2326560020446777,15.990074157714844,2.9491777420043945,153.95252990722656,-0.034934498369693756,0.8253275156021118,1.2469122409820557,1.291598916053772,0.5258778929710388,0.41155701875686646,0.13440746068954468,0.07325828075408936
v_CleanAndJerk_g18_c02.avi,/Users/josephkamil/Desktop/Capstone/Oly_Data/raw/clean_and_jerk/CleanAndJerk/v_CleanAndJerk_g18_c02.avi,clean_and_jerk,245,245,245,157.085205078125,32.96413803100586,32.704627990722656,179.21531677246094,44.68310546875,152.2826690673828,31.12421989440918,40.40663146972656,177.85145568847656,50.78590393066406,80.07369232177734,71.2663803100586,11.955942153930664,178.2384033203125,-6.1843719482421875,0.0,0.0,0.0,0.0,0.0,0.3183218240737915,0.15896227955818176,0.1200922280550003,0.6491439342498779,-0.5287474989891052,0.5540065169334412,0.08569631725549698,0.43161994218826294,0.8271421194076538,0.010027587413787842,0.09595039486885071,0.09493259340524673,0.0009681496303528547,0.24491265416145325,-0.04085029661655426,0.8285714387893677,1.0,0.16326530277729034,0.9959183931350708,0.8367347121238708,32.704627990722656,40.40663146972656,178.2384033203125,0.0,0.18775510787963867,0.18775510787963867,0.053053826093673706,0.00523328734561801,0.11244258284568787,0.005388008430600166,1.0,0.0,32.704627990722656,147.3135528564453,0.00523328734561801,0.053053826093673706,0.005388008430600166,0.11244258284568787,2.2153196334838867,32.89759826660156,1.8863095045089722,145.75299072265625,-0.02448979578912258,0.8326530456542969,1.2769221067428589,1.3146740198135376,0.5290517210960388,0.39552217721939087,0.12399056553840637,0.0621856153011322
v_CleanAndJerk_g18_c03.avi,/Users/josephkamil/Desktop/Capstone/Oly_Data/raw/clean_and_jerk/CleanAndJerk/v_CleanAndJerk_g18_c03.avi,clean_and_jerk,227,227,227,161.04859924316406,28.537708282470703,63.59769821166992,179.12144470214844,82.72061157226562,154.11048889160156,25.006059646606445,58.63644790649414,173.28945922851562,88.50394439697266,89.31619262695312,60.17026138305664,26.151473999023438,175.3438720703125,1.625518798828125,0.0,0.0,0.0,0.0,0.0,0.27977797389030457,0.13556727766990662,0.14201697707176208,0.663771390914917,-0.4854288697242737,0.5272437334060669,0.06058908626437187,0.39680176973342896,0.712315559387207,-0.0244789719581604,0.08546049147844315,0.0832577645778656,0.0036595133133232594,0.25597867369651794,-0.07939176261425018,0.8325991034507751,1.0,0.15418502688407898,0.9955947399139404,0.8458150029182434,63.59769821166992,58.63644790649414,175.3438720703125,0.0,0.2070484608411789,0.013215859420597553,0.03882545232772827,0.005807710345834494,0.08129334449768066,0.005147684831172228,0.75,0.0,63.59769821166992,162.65460205078125,0.005807710345834494,0.03882545232772827,0.005147684831172228,0.08129334449768066,2.1412220001220703,34.10863494873047,4.301851749420166,64.46650695800781,-0.05286343768239021,0.8414096832275391,1.3125425577163696,1.163376808166504,0.5217543840408325,0.3155137896537781,0.07067907601594925,0.03451263904571533
v_CleanAndJerk_g18_c04.avi,/Users/josephkamil/Desktop/Capstone/Oly_Data/raw/clean_and_jerk/CleanAndJerk/v_CleanAndJerk_g18_c04.avi,clean_and_jerk,227,227,227,159.8629150390625,37.177005767822266,21.292736053466797,179.30450439453125,10.736068725585938,153.58590698242188,36.28912353515625,17.332866668701172,170.684814453125,21.611892700195312,70.86591339111328,67.45941162109375,10.407267570495605,175.7493133544922,-2.2823486328125,0.0,0.0,0.0,0.0,0.0,0.30192381143569946,0.1356530636548996,0.14280924201011658,0.6414080858230591,-0.46692973375320435,0.5513221025466919,0.08616643399000168,0.3906281590461731,0.814246416091919,0.06362682580947876,0.07921857386827469,0.08870584517717361,0.0010448246030136943,0.2633771598339081,-0.07365979254245758,0.8281938433647156,1.0,0.12334802001714706,0.9955947399139404,0.8766520023345947,21.292736053466797,17.332866668701172,175.7493133544922,0.0,0.15859030187129974,0.15859030187129974,0.04199773073196411,0.006048841867595911,0.06962794065475464,0.0056672184728085995,1.0,0.0,21.292736053466797,146.14736938476562,0.006048841867595911,0.04199773073196411,0.0056672184728085995,0.06962794065475464,2.233518600463867,42.33290100097656,1.8771746158599854,70.00682067871094,-0.035242289304733276,0.8722466826438904,1.3670382499694824,1.2807914018630981,0.4985988438129425,0.42361825704574585,0.10839942842721939,0.04471082612872124
v_CleanAndJerk_g19_c01.avi,/Users/josephkamil/Desktop/Capstone/Oly_Data/raw/clean_and_jerk/CleanAndJerk/v_CleanAndJerk_g19_c01.avi,clean_and_jerk,287,287,290,156.6313934326172,26.8985595703125,71.2718276977539,179.45867919921875,43.79768371582031,113.68885803222656,65.02931213378906,0.7824480533599854,179.52197265625,164.49342346191406,121.76589965820312,68.57765197753906,15.197327613830566,179.21307373046875,4.7080230712890625,0.0,0.0,0.0,0.0,0.0,0.5332764983177185,0.24895307421684265,0.18142855167388916,0.8554598093032837,-0.6614852547645569,0.6141746044158936,0.05905744805932045,0.5455440282821655,0.7993093729019165,0.030389606952667236,0.13059332966804504,0.08713578432798386,0.00138725561555475,0.22315770387649536,-0.011537209153175354,0.5679442286491394,1.0,0.4146341383457184,0.996515691280365,0.5853658318519592,71.2718276977539,0.7824480533599854,179.21307373046875,0.0,0.46341463923454285,0.12891985476016998,0.05323156714439392,0.005625689867883921,0.10790669918060303,0.004742251243442297,0.75,0.0,71.2718276977539,141.88937377929688,0.005625689867883921,0.05323156714439392,0.004742251243442297,0.10790669918060303,3.5512659549713135,89.52111053466797,2.8439459800720215,120.31930541992188,-0.04878048598766327,0.5818815231323242,1.6089472770690918,1.3562839031219482,0.6740312576293945,0.253765344619751,0.12818607687950134,0.0993957445025444
v_CleanAndJerk_g19_c02.avi,/Users/josephkamil/Desktop/Capstone/Oly_Data/raw/clean_and_jerk/CleanAndJerk/v_CleanAndJerk_g19_c02.avi,clean_and_jerk,229,229,229,154.8690948486328,30.943443298339844,53.43073654174805,179.31765747070312,59.03528594970703,147.0895538330078,26.71760368347168,67.15167236328125,170.0574188232422,56.371253967285156,103.8718032836914,65.63603210449219,4.896860122680664,179.05264282226562,10.363632202148438,0.0,0.0,0.0,0.0,0.0,0.4897705018520355,0.16620364785194397,0.26481127738952637,0.8294480443000793,-0.5535408854484558,0.6869251132011414,0.047239039093256,0.6064948439598083,0.8222606778144836,-0.06402182579040527,0.08768478035926819,0.07728873193264008,0.0004953955649398267,0.19850970804691315,-0.02061004936695099,0.7685589790344238,1.0,0.20960699021816254,0.9956331849098206,0.7903929948806763,53.43073654174805,67.15167236328125,179.05264282226562,0.0,0.24890829622745514,0.24890829622745514,0.041475534439086914,0.005421184469014406,0.04947161674499512,0.004631266929209232,1.0,0.0,53.43073654174805,149.94676208496094,0.005421184469014406,0.041475534439086914,0.004631266929209232,0.04947161674499512,3.148601770401001,24.07660675048828,4.976326942443848,82.85355377197266,-0.0393013097345829,0.7860261797904968,1.236030101776123,1.0559288263320923,0.564636766910553,0.2157658338546753,0.10110252350568771,0.07127852737903595
v_CleanAndJerk_g19_c03.avi,/Users/josephkamil/Desktop/Capstone/Oly_Data/raw/clean_and_jerk/CleanAndJerk/v_CleanAndJerk_g19_c03.avi,clean_and_jerk,240,240,240,164.07077026367188,9.194790840148926,116.6622543334961,177.61451721191406,15.027389526367188,157.34228515625,10.748376846313477,89.54278564453125,171.717041015625,8.474853515625,164.79408264160156,2.349576473236084,157.41184997558594,168.84768676757812,-2.0460052490234375,0.0,0.0,0.0,0.0,0.0,0.6597715616226196,0.020508069545030594,0.6188973188400269,0.6952222585678101,0.07062798738479614,0.6558465361595154,0.01928495056927204,0.6183216571807861,0.6944299936294556,0.056819021701812744,0.12593871355056763,0.0030889257322996855,0.11202646791934967,0.13190339505672455,0.0016564056277275085,0.0,0.0,1.0,0.0,0.0,116.6622543334961,89.54278564453125,168.84768676757812,0.0,0.34583333134651184,0.34583333134651184,0.011362850666046143,0.0008572686929255724,0.008934438228607178,0.0012031970545649529,0.0,1.0,116.6622543334961,136.79920959472656,0.0008572686929255724,0.011362850666046143,0.0012031970545649529,0.008934438228607178,3.645948886871338,39.950439453125,0.598587155342102,4.58538818359375,0.6541666388511658,-1.0,0.20488721132278442,0.28756409883499146,0.0763249397277832,0.07610833644866943,0.0,0.00844790693372488
v_CleanAndJerk_g19_c04.avi,/Users/josephkamil/Desktop/Capstone/Oly_Data/raw/clean_and_jerk/CleanAndJerk/v_CleanAndJerk_g19_c04.avi,clean_and_jerk,322,322,323,153.32395935058594,33.634986877441406,38.04908752441406,179.443115234375,38.326202392578125,147.5851287841797,32.703495025634766,64.14334869384766,178.97398376464844,60.13538360595703,98.54631805419922,69.86410522460938,16.487144470214844,179.0614471435547,0.566925048828125,0.0,0.0,0.0,0.0,0.0,0.5419493317604065,0.21028149127960205,0.2189258635044098,0.8850240707397461,-0.6272474527359009,0.70762038230896,0.04772360995411873,0.6039779782295227,0.8572109937667847,-0.03242063522338867,0.10739582031965256,0.09518792480230331,0.0032225162722170353,0.23131181299686432,0.007596611976623535,0.611801266670227,1.0,0.3229813575744629,0.9968944191932678,0.6770186424255371,38.04908752441406,64.14334869384766,179.0614471435547,0.0,0.35403725504875183,0.3695652186870575,0.06403332948684692,0.006094314157962799,0.06414985656738281,0.004779814276844263,0.75,0.0,38.04908752441406,139.47998046875,0.006094314157962799,0.06403332948684692,0.004779814276844263,0.06414985656738281,3.366925001144409,29.963455200195312,2.297938585281372,95.97966003417969,-0.03105590119957924,0.6739130616188049,1.9562748670578003,1.53432035446167,0.6660982370376587,0.25323301553726196,0.10991199314594269,0.092989481985569
v_CleanAndJerk_g20_c01.avi,/Users/josephkamil/Desktop/Capstone/Oly_Data/raw/clean_and_jerk/CleanAndJerk/v_CleanAndJerk_g20_c01.avi,clean_and_jerk,34,34,148,162.95120239257812,8.352636337280273,147.6089324951172,177.61349487304688,30.004562377929688,164.52102661132812,9.363441467285156,144.26438903808594,179.36648559570312,34.73664855957031,139.0474853515625,40.953590393066406,15.269033432006836,176.6638641357422,-13.767059326171875,0.0,0.0,0.0,0.0,0.0,0.4467081129550934,0.10047173500061035,0.310304194688797,0.6268272399902344,-0.307298481464386,0.5868278741836548,0.025915436446666718,0.5334720015525818,0.6239887475967407,-0.005358576774597168,0.08761308342218399,0.055486008524894714,0.012047448195517063,0.16522105038166046,-0.06593365222215652,0.5588235259056091,1.0,0.3529411852359772,0.970588207244873,0.6470588445663452,147.6089324951172,144.26438903808594,176.6638641357422,0.0,0.0,0.0,0.1272270679473877,0.020815402269363403,0.048326849937438965,0.007008617743849754,0.0,0.0,147.6089324951172,150.3135986328125,0.020815402269363403,0.1272270679473877,0.007008617743849754,0.048326849937438965,4.476078510284424,17.117889404296875,28.192581176757812,114.5748062133789,0.3529411852359772,0.6176470518112183,0.6869082450866699,0.23128437995910645,0.3165230453014374,0.09051674604415894,0.04401290416717529,0.05743582546710968
v_CleanAndJerk_g20_c02.avi,/Users/josephkamil/Desktop/Capstone/Oly_Data/raw/clean_and_jerk/CleanAndJerk/v_CleanAndJerk_g20_c02.avi,clean_and_jerk,96,96,282,164.66134643554688,10.10025691986084,122.54290771484375,178.83551025390625,27.116744995117188,162.2811737060547,9.126102447509766,130.76039123535156,177.22523498535156,32.21461486816406,120.16170501708984,57.00984573364258,1.5512194633483887,179.07861328125,-134.4176483154297,0.0,0.0,0.0,0.0,0.0,0.420048326253891,0.11994054168462753,0.2052595317363739,0.681390643119812,-0.29044681787490845,0.5555065274238586,0.022514689713716507,0.5107301473617554,0.6169750690460205,-0.033716678619384766,0.08595886081457138,0.054530300199985504,0.004865934140980244,0.19034916162490845,-0.13425268232822418,0.5625,1.0,0.2916666567325592,0.9895833134651184,0.7083333134651184,122.54290771484375,130.76039123535156,179.07861328125,0.0,0.0,0.0,0.18925124406814575,0.022912008687853813,0.01688516139984131,0.0035381969064474106,0.0,0.0,122.54290771484375,149.65965270996094,0.022912008687853813,0.18925124406814575,0.0035381969064474106,0.01688516139984131,3.133706569671631,21.6224365234375,30.9672794342041,161.24069213867188,0.2916666567325592,0.6979166865348816,2.176640748977661,0.33612871170043945,0.4761311113834381,0.10624492168426514,0.04336157441139221,0.04831352457404137
v_CleanAndJerk_g20_c03.avi,/Users/josephkamil/Desktop/Capstone/Oly_Data/raw/clean_and_jerk/CleanAndJerk/v_CleanAndJerk_g20_c03.avi,clean_and_jerk,49,49,163,155.83761596679688,20.570533752441406,106.42558288574219,179.22511291503906,40.58711242675781,156.3207550048828,16.995891571044922,113.58973693847656,179.5309600830078,28.894943237304688,80.98973846435547,63.40287780761719,2.54333233833313,178.88858032226562,66.17731475830078,0.0,0.0,0.0,0.0,0.0,0.3843310475349426,0.15107448399066925,0.21526238322257996,0.9186455011367798,-0.22875258326530457,0.5994559526443481,0.0465945340692997,0.5302180051803589,0.6818661689758301,-0.08766067028045654,0.08981645107269287,0.06377720087766647,0.003003374906256795,0.18020667135715485,0.13534264266490936,0.5714285969734192,1.0,0.0,0.9795918464660645,1.0,106.42558288574219,113.58973693847656,178.88858032226562,0.0,0.06122449040412903,0.040816325694322586,0.5619475841522217,0.045242708176374435,0.12583887577056885,0.01110087614506483,0.125,0.0,106.42558288574219,132.740478515625,0.045242708176374435,0.5619475841522217,0.01110087614506483,0.12583887577056885,6.9456963539123535,46.477630615234375,22.665170669555664,166.1479034423828,-0.06122449040412903,0.9795918464660645,2.171649932861328,0.5328420400619507,0.7033830881118774,0.1516481637954712,0.0717993751168251,0.036668650805950165
v_CleanAndJerk_g20_c04.avi,/Users/josephkamil/Desktop/Capstone/Oly_Data/raw/clean_and_jerk/CleanAndJerk/v_CleanAndJerk_g20_c04.avi,clean_and_jerk,24,24,332,152.82398986816406,12.849220275878906,134.5415802001953,173.2034912109375,-7.9866943359375,149.83360290527344,13.656278610229492,132.24444580078125,178.05490112304688,-0.8559722900390625,110.17647552490234,42.155548095703125,27.31827735900879,175.02005004882812,-31.0145263671875,0.0,0.0,0.0,0.0,0.0,0.3693636357784271,0.16371838748455048,0.2404174655675888,0.8823234438896179,-0.6315333247184753,0.660259485244751,0.04643537476658821,0.5462622046470642,0.6909475326538086,0.009227335453033447,0.13291014730930328,0.03969739377498627,0.0625937432050705,0.1840531975030899,-0.021394699811935425,0.9166666865348816,1.0,0.0833333358168602,0.9583333134651184,0.9166666865348816,134.5415802001953,132.24444580078125,175.02005004882812,0.0,0.2916666567325592,0.2916666567325592,0.5087064504623413,0.0397886224091053,0.12831181287765503,0.012604949064552784,1.0,0.0,134.5415802001953,153.0321044921875,0.0397886224091053,0.5087064504623413,0.012604949064552784,0.12831181287765503,4.792107582092285,30.814193725585938,28.192554473876953,99.08341979980469,-0.2083333283662796,0.875,0.915138304233551,0.2899138331413269,0.6419059634208679,0.14468532800674438,0.05894353240728378,0.01599048264324665
v_CleanAndJerk_g20_c06.avi,/Users/josephkamil/Desktop/Capstone/Oly_Data/raw/clean_and_jerk/CleanAndJerk/v_CleanAndJerk_g20_c06.avi,clean_and_jerk,69,69,371,69.74749755859375,35.613914489746094,13.621916770935059,167.41226196289062,21.151084899902344,44.59030532836914,44.41604232788086,2.3828563690185547,168.56541442871094,35.57236099243164,54.607215881347656,45.81972122192383,1.5223599672317505,167.21237182617188,-130.9400177001953,0.0,0.0,0.0,0.0,0.0,0.5322890281677246,0.0271331537514925,0.47413498163223267,0.6204830408096313,-0.08428794145584106,0.5783514380455017,0.038265470415353775,0.5064196586608887,0.660212516784668,0.02297872304916382,0.04708665609359741,0.019861191511154175,0.008428107015788555,0.0957498699426651,-0.06191939860582352,0.7246376872062683,1.0,0.014492753893136978,0.9855072498321533,0.9855072498321533,13.621916770935059,2.3828563690185547,167.21237182617188,0.0,0.8115941882133484,0.7101449370384216,0.05149424076080322,0.01114390604197979,0.09077966213226318,0.014352751895785332,0.875,0.0,40.282737731933594,13.621916770935059,0.01114390604197979,0.05149424076080322,0.014352751895785332,0.09077966213226318,20.08138656616211,118.75688934326172,24.264450073242188,129.82093811035156,-0.7971014380455017,0.9710144996643066,0.7577856183052063,0.9759871363639832,0.14634805917739868,0.1537928581237793,0.027982639148831367,0.017166895791888237
v_CleanAndJerk_g21_c01.avi,/Users/josephkamil/Desktop/Capstone/Oly_Data/raw/clean_and_jerk/CleanAndJerk/v_CleanAndJerk_g21_c01.avi,clean_and_jerk,73,73,101,110.3145523071289,55.08366394042969,12.395535469055176,175.74278259277344,145.60475158691406,108.65425872802734,50.459617614746094,17.102760314941406,173.90516662597656,152.2408447265625,148.74485778808594,44.269203186035156,6.204623222351074,179.10064697265625,83.6171646118164,0.0,0.0,0.0,0.0,0.0,0.5468630194664001,0.11232372373342514,0.28442639112472534,0.8190939426422119,-0.3984904885292053,0.6734140515327454,0.08014114201068878,0.5597296953201294,0.781457245349884,-0.10859096050262451,0.06817954778671265,0.050873078405857086,0.007648472208529711,0.2077847272157669,-0.014063678681850433,0.2876712381839752,1.0,0.10958904027938843,0.9589040875434875,0.8630136847496033,12.395535469055176,17.102760314941406,179.10064697265625,0.0,0.12328767031431198,0.0,0.21560931205749512,0.06135186180472374,0.15751081705093384,0.00967325922101736,0.125,0.0,12.395535469055176,109.35185241699219,0.06135186180472374,0.21560931205749512,0.00967325922101736,0.15751081705093384,12.31031322479248,138.46205139160156,32.649681091308594,167.14849853515625,-0.013698630034923553,0.8493150472640991,4.417334079742432,0.6964746713638306,0.5346675515174866,0.22172755002975464,0.09459308534860611,0.1048542708158493
v_CleanAndJerk_g21_c02.avi,/Users/josephkamil/Desktop/Capstone/Oly_Data/raw/clean_and_jerk/CleanAndJerk/v_CleanAndJerk_g21_c02.avi,clean_and_jerk,92,92,95,129.02572631835938,52.66225051879883,1.35060453414917,179.10870361328125,160.5394287109375,136.7064666748047,40.91341018676758,23.629804611206055,179.5038604736328,112.88880920410156,136.95826721191406,41.34449005126953,11.217071533203125,178.39517211914062,-118.21785736083984,0.0,0.0,0.0,0.0,0.0,0.47567155957221985,0.16401307284832,0.2730720639228821,0.8366870880126953,-0.32397764921188354,0.6748941540718079,0.071921706199646,0.5868375301361084,0.7910103797912598,-0.1630437970161438,0.10738857835531235,0.047845691442489624,0.006188362371176481,0.20909740030765533,-0.05715244263410568,0.70652174949646,1.0,0.29347825050354004,0.989130437374115,0.70652174949646,1.35060453414917,23.629804611206055,178.39517211914062,0.0,0.021739130839705467,0.010869565419852734,0.10518711805343628,0.016968201845884323,0.058248043060302734,0.007993756793439388,0.0,0.0,1.35060453414917,151.99859619140625,0.016968201845884323,0.10518711805343628,0.007993756793439388,0.058248043060302734,7.311422348022461,61.63392639160156,17.015247344970703,158.30259704589844,0.27173912525177,0.695652186870575,1.544106364250183,0.7274318337440491,0.5636150240898132,0.20417284965515137,0.07743225246667862,0.033983632922172546
v_CleanAndJerk_g21_c03.avi,/Users/josephkamil/Desktop/Capstone/Oly_Data/raw/clean_and_jerk/CleanAndJerk/v_CleanAndJerk_g21_c03.avi,clean_and_jerk,116,116,120,106.98057556152344,53.238094329833984,35.24808120727539,177.1326141357422,61.45374298095703,106.79505920410156,47.22620391845703,33.163734436035156,178.09011840820312,136.23541259765625,156.6309814453125,30.56887435913086,15.908617973327637,178.8837432861328,24.084976196289062,0.0,0.0,0.0,0.0,0.0,0.5829119682312012,0.12636232376098633,0.345541387796402,0.905987560749054,-0.42887479066848755,0.7213851809501648,0.08437337726354599,0.44011545181274414,0.8585317134857178,-0.02656424045562744,0.11436495184898376,0.05965588986873627,0.00843830406665802,0.25046637654304504,-0.08911988884210587,0.4568965435028076,1.0,0.24137930572032928,0.9482758641242981,0.7155172228813171,35.24808120727539,33.163734436035156,178.8837432861328,0.0,0.5086206793785095,0.0,0.31915944814682007,0.046545106917619705,0.21215605735778809,0.010921827517449856,1.0,0.0,35.24808120727539,39.39361572265625,0.046545106917619705,0.31915944814682007,0.010921827517449856,0.21215605735778809,8.769822120666504,89.0442886352539,16.61019515991211,139.4326629638672,-0.26724138855934143,0.7068965435028076,5.352687358856201,1.2560101747512817,0.5604461431503296,0.41841626167297363,0.06945275515317917,0.10809775441884995
v_CleanAndJerk_g21_c04.avi,/Users/josephkamil/Desktop/Capstone/Oly_Data/raw/clean_and_jerk/CleanAndJerk/v_CleanAndJerk_g21_c04.avi,clean_and_jerk,110,110,114,73.04360961914062,54.15958786010742,12.385339736938477,178.5687255859375,147.3272247314453,83.66329956054688,47.36864471435547,27.592422485351562,178.17544555664062,103.20025634765625,165.2356719970703,23.629579544067383,4.889016628265381,179.00607299804688,-9.380966186523438,0.0,0.0,0.0,0.0,0.0,0.46250447630882263,0.14158618450164795,0.2513444423675537,0.720021665096283,-0.4151569604873657,0.675754964351654,0.06182975694537163,0.5055729150772095,0.7478116750717163,-0.06473690271377563,0.12692177295684814,0.0380256250500679,0.04132111370563507,0.19860181212425232,-0.014393121004104614,0.6636363863945007,1.0,0.26363635063171387,0.9909090995788574,0.7363636493682861,12.385339736938477,27.592422485351562,179.00607299804688,0.0,0.09090909361839294,0.5181818008422852,0.14867013692855835,0.020329715684056282,0.066780686378479,0.007540007587522268,0.0,0.0,12.385339736938477,27.378358840942383,0.020329715684056282,0.14867013692855835,0.007540007587522268,0.066780686378479,7.985231399536133,80.37117004394531,9.625938415527344,135.36561584472656,0.17272727191448212,0.7272727489471436,2.2159390449523926,0.8218608498573303,0.46867722272872925,0.24223875999450684,0.08189963549375534,0.07575567066669464
v_CleanAndJerk_g22_c01.avi,/Users/josephkamil/Desktop/Capstone/Oly_Data/raw/clean_and_jerk/CleanAndJerk/v_CleanAndJerk_g22_c01.avi,clean_and_jerk,234,234,234,142.116455078125,38.807945251464844,35.62840270996094,179.34463500976562,68.06538391113281,141.80101013183594,37.55327606201172,34.61061096191406,179.4305419921875,66.87655639648438,131.01255798339844,45.12120056152344,17.867584228515625,178.95155334472656,2.7978363037109375,0.0,0.0,0.0,0.0,0.0,0.39891931414604187,0.11705470830202103,0.21331661939620972,0.6763997077941895,-0.41097110509872437,0.5719205141067505,0.051675356924533844,0.45144063234329224,0.7061556577682495,-0.021549701690673828,0.08270379155874252,0.05535956472158432,0.001327605452388525,0.18465128540992737,0.014602065086364746,0.7008547186851501,1.0,0.18803419172763824,0.995726466178894,0.811965823173523,35.62840270996094,34.61061096191406,178.95155334472656,0.0,0.21794871985912323,0.2606837749481201,0.060515403747558594,0.005842855665832758,0.04505270719528198,0.0045751105062663555,0.875,0.0,35.62840270996094,117.00739288330078,0.005842855665832758,0.060515403747558594,0.0045751105062663555,0.04505270719528198,4.271998882293701,46.176856994628906,16.77438735961914,143.6919403076172,-0.029914529994130135,0.807692289352417,1.3613853454589844,1.0660006999969482,0.46308308839797974,0.2547150254249573,0.06940563768148422,0.05927657335996628
v_CleanAndJerk_g22_c02.avi,/Users/josephkamil/Desktop/Capstone/Oly_Data/raw/clean_and_jerk/CleanAndJerk/v_CleanAndJerk_g22_c02.avi,clean_and_jerk,288,288,288,155.81141662597656,30.616609573364258,40.76430130004883,179.53912353515625,89.84437561035156,152.32489013671875,29.09330177307129,56.57573318481445,178.3488006591797,90.70845794677734,106.52767181396484,57.36492156982422,11.045981407165527,179.31114196777344,-3.4745025634765625,0.0,0.0,0.0,0.0,0.0,0.31137001514434814,0.15062524378299713,0.11230763792991638,0.776269793510437,-0.6478631496429443,0.6052001118659973,0.055781517177820206,0.5275264978408813,0.7881778478622437,-0.04210555553436279,0.1083780899643898,0.09670040011405945,0.00703644473105669,0.2474786937236786,-0.003935649991035461,0.8229166865348816,1.0,0.1076388880610466,0.9965277910232544,0.8923611044883728,40.76430130004883,56.57573318481445,179.31114196777344,0.0,0.1388888955116272,0.1388888955116272,0.0700978934764862,0.006004826631397009,0.09319394826889038,0.005383397918194532,0.0,0.0,40.76430130004883,131.545654296875,0.006004826631397009,0.0700978934764862,0.005383397918194532,0.09319394826889038,2.4394736289978027,25.760482788085938,9.23411750793457,98.11976623535156,-0.03125,0.8888888955116272,1.723385214805603,1.5450352430343628,0.6639621257781982,0.2606513500213623,0.09855984896421432,0.07575220614671707
v_CleanAndJerk_g22_c03.avi,/Users/josephkamil/Desktop/Capstone/Oly_Data/raw/clean_and_jerk/CleanAndJerk/v_CleanAndJerk_g22_c03.avi,clean_and_jerk,272,272,272,155.76861572265625,36.41963195800781,39.50284194946289,179.51324462890625,133.39242553710938,156.63597106933594,35.29126739501953,36.484493255615234,179.59130859375,130.7716827392578,74.05140686035156,55.26333999633789,21.01375961303711,179.2306671142578,-10.095611572265625,0.0,0.0,0.0,0.0,0.0,0.3788857161998749,0.1552320122718811,0.12026817351579666,0.8079562187194824,-0.6653045415878296,0.6250073313713074,0.05815531313419342,0.558983325958252,0.7591531276702881,-0.07620811462402344,0.07567038387060165,0.08153333514928818,0.013386090286076069,0.2457890510559082,0.01884336769580841,0.841911792755127,1.0,0.15808823704719543,0.9963235259056091,0.841911792755127,39.50284194946289,36.484493255615234,179.2306671142578,0.0,0.014705882407724857,0.007352941203862429,0.10994511842727661,0.006371255498379469,0.07431244850158691,0.004913268145173788,0.0,0.0,39.50284194946289,141.80908203125,0.006371255498379469,0.10994511842727661,0.004913268145173788,0.07431244850158691,2.292341709136963,34.03478240966797,4.048094272613525,111.10215759277344,0.14338235557079315,0.8382353186607361,1.7266101837158203,1.3314956426620483,0.6876880526542664,0.20016980171203613,0.0771084576845169,0.06619381159543991
v_CleanAndJerk_g22_c04.avi,/Users/josephkamil/Desktop/Capstone/Oly_Data/raw/clean_and_jerk/CleanAndJerk/v_CleanAndJerk_g22_c04.avi,clean_and_jerk,241,241,242,154.2040252685547,34.18021011352539,22.669797897338867,179.5152130126953,51.468048095703125,153.32423400878906,33.04864501953125,19.080286026000977,179.5941162109375,32.004913330078125,94.052490234375,65.04056549072266,6.50339937210083,179.20498657226562,3.98883056640625,0.0,0.0,0.0,0.0,0.0,0.3616615831851959,0.18930362164974213,0.1101207286119461,0.832973062992096,-0.7108688354492188,0.6156964898109436,0.0574546754360199,0.5373125076293945,0.7625850439071655,-0.1064571738243103,0.1014842763543129,0.09538377076387405,0.00728012016043067,0.2385353296995163,0.004341930150985718,0.817427396774292,1.0,0.16597510874271393,0.9958506226539612,0.8340249061584473,22.669797897338867,19.080286026000977,179.20498657226562,0.0,0.19917012751102448,0.19917012751102448,0.0497073233127594,0.006203636061400175,0.06419879198074341,0.005139721557497978,1.0,0.0,22.669797897338867,132.9692840576172,0.006203636061400175,0.0497073233127594,0.005139721557497978,0.06419879198074341,3.6688053607940674,29.535232543945312,4.794553756713867,146.88937377929688,-0.033195022493600845,0.8298755288124084,1.4888726472854614,1.2335331439971924,0.722852349281311,0.225272536277771,0.11804279685020447,0.085073322057724
v_CleanAndJerk_g24_c01.avi,/Users/josephkamil/Desktop/Capstone/Oly_Data/raw/clean_and_jerk/CleanAndJerk/v_CleanAndJerk_g24_c01.avi,clean_and_jerk,216,216,228,155.3308563232422,37.182289123535156,36.2584228515625,179.44842529296875,103.49857330322266,152.80078125,34.15581512451172,42.940250396728516,179.49911499023438,97.3144302368164,144.47164916992188,30.836814880371094,46.77842712402344,179.22549438476562,-6.1181488037109375,0.0,0.0,0.0,0.0,0.0,0.4446306526660919,0.14278264343738556,0.2574537396430969,0.8493477702140808,-0.5780280828475952,0.6404998302459717,0.05866818502545357,0.5844888687133789,0.8283319473266602,-0.15018141269683838,0.09513148665428162,0.05668972060084343,0.019566858187317848,0.21434251964092255,-0.06978766620159149,0.41203704476356506,1.0,0.1388888955116272,0.9953703880310059,0.8611111044883728,36.2584228515625,42.940250396728516,179.22549438476562,0.0,0.14351852238178253,0.16203702986240387,0.1540524959564209,0.011064786463975906,0.2147904634475708,0.005311001092195511,0.125,0.0,36.2584228515625,84.71829986572266,0.011064786463975906,0.1540524959564209,0.005311001092195511,0.2147904634475708,7.101797580718994,116.66635131835938,9.74315071105957,98.68373107910156,-0.004629629664123058,0.8564814925193787,2.3789291381835938,1.1418652534484863,0.5918940305709839,0.24384307861328125,0.08257736265659332,0.05907515808939934
v_CleanAndJerk_g24_c02.avi,/Users/josephkamil/Desktop/Capstone/Oly_Data/raw/clean_and_jerk/CleanAndJerk/v_CleanAndJerk_g24_c02.avi,clean_and_jerk,232,232,263,149.26820373535156,35.58181381225586,15.14443302154541,179.4694061279297,47.155517578125,142.7377471923828,35.17266082763672,45.70363235473633,177.79290771484375,83.4354019165039,112.0640640258789,58.5816650390625,12.261591911315918,179.14617919921875,3.8401641845703125,0.0,0.0,0.0,0.0,0.0,0.45879146456718445,0.1824670135974884,0.20119261741638184,0.8600896000862122,-0.6501197218894958,0.6581478714942932,0.060181885957717896,0.5982339382171631,0.8487877249717712,-0.1199040412902832,0.0979558676481247,0.07754901051521301,0.013297188095748425,0.20921486616134644,-0.00778535008430481,0.6034482717514038,1.0,0.18965516984462738,0.9956896305084229,0.8103448152542114,15.14443302154541,45.70363235473633,179.14617919921875,0.0,0.2284482717514038,0.2284482717514038,0.1595820188522339,0.007848651148378849,0.1540507674217224,0.005808497313410044,0.875,0.0,15.14443302154541,104.95980834960938,0.007848651148378849,0.1595820188522339,0.005808497313410044,0.1540507674217224,6.331239700317383,97.46125793457031,5.607652187347412,125.34576416015625,-0.03879310190677643,0.806034505367279,1.8130383491516113,1.341762900352478,0.6588969826698303,0.25055378675460815,0.10132314264774323,0.09382962435483932
v_CleanAndJerk_g24_c03.avi,/Users/josephkamil/Desktop/Capstone/Oly_Data/raw/clean_and_jerk/CleanAndJerk/v_CleanAndJerk_g24_c03.avi,clean_and_jerk,194,194,235,156.70266723632812,29.032209396362305,72.82131958007812,179.43373107910156,50.03736877441406,152.24131774902344,28.998472213745117,69.7513427734375,178.6635284423828,62.518394470214844,118.3783187866211,62.865970611572266,5.169925689697266,179.2130889892578,1.0689544677734375,0.0,0.0,0.0,0.0,0.0,0.4891207218170166,0.20051227509975433,0.24645671248435974,0.8788117170333862,-0.5960462093353271,0.64427649974823,0.05025102570652962,0.5190395712852478,0.8261451721191406,-0.10449063777923584,0.10167426615953445,0.07771249860525131,0.0009535535355098546,0.21875672042369843,-0.04673662781715393,0.6494845151901245,1.0,0.21134020388126373,0.9948453903198242,0.7886598110198975,72.82131958007812,69.7513427734375,179.2130889892578,0.0,0.0824742242693901,0.07216494530439377,0.4069761037826538,0.01161607913672924,0.20054727792739868,0.006637213286012411,0.0,0.0,72.82131958007812,102.60324096679688,0.01161607913672924,0.4069761037826538,0.006637213286012411,0.20054727792739868,5.2417216300964355,71.74452209472656,7.9928717613220215,167.0890655517578,0.12886597216129303,0.7835051417350769,2.241903305053711,1.2809821367263794,0.6323549747467041,0.3071056008338928,0.14564411342144012,0.18089473247528076
v_CleanAndJerk_g24_c04.avi,/Users/josephkamil/Desktop/Capstone/Oly_Data/raw/clean_and_jerk/CleanAndJerk/v_CleanAndJerk_g24_c04.avi,clean_and_jerk,130,130,131,120.24501037597656,44.43239212036133,41.16376495361328,178.82473754882812,119.99079895019531,103.75999450683594,37.0564079284668,40.85741424560547,178.7725067138672,126.28273010253906,169.1797332763672,11.757704734802246,103.1823501586914,179.01544189453125,-20.644393920898438,0.0,0.0,0.0,0.0,0.0,0.6968692541122437,0.188593327999115,0.2924879193305969,0.8847271800041199,-0.5900476574897766,0.7354280948638916,0.05505496263504028,0.620444655418396,0.8320295810699463,-0.18403804302215576,0.1409958004951477,0.027550535276532173,0.043197374790906906,0.18389387428760529,-0.03139609098434448,0.30000001192092896,1.0,0.699999988079071,0.9923076629638672,0.30000001192092896,41.16376495361328,40.85741424560547,179.01544189453125,0.0,0.7615384459495544,0.007692307699471712,0.1016576886177063,0.014189660549163818,0.06681174039840698,0.006912478245794773,1.0,1.0,51.294944763183594,41.16376495361328,0.014189660549163818,0.1016576886177063,0.006912478245794773,0.06681174039840698,10.654607772827148,92.62265014648438,5.740324974060059,69.41719818115234,-0.0615384615957737,0.29230770468711853,1.8304662704467773,0.8917096853256226,0.592239260673523,0.2115849256515503,0.08609303086996078,0.09727208316326141
v_CleanAndJerk_g25_c01.avi,/Users/josephkamil/Desktop/Capstone/Oly_Data/raw/clean_and_jerk/CleanAndJerk/v_CleanAndJerk_g25_c01.avi,clean_and_jerk,123,123,131,132.3964385986328,59.04195785522461,2.0158374309539795,179.12181091308594,-0.538818359375,113.8048324584961,70.29563903808594,0.7882106900215149,179.55401611328125,63.91529083251953,167.88162231445312,16.00429344177246,105.87482452392578,179.2462615966797,64.24755096435547,0.0,0.0,0.0,0.0,0.0,0.45799705386161804,0.2296878844499588,0.1025293618440628,0.7401523590087891,-0.44510090351104736,0.6010676622390747,0.09715548157691956,0.4616200029850006,0.8202081918716431,-0.03554737567901611,0.1647949367761612,0.03022616356611252,0.02548483945429325,0.19807763397693634,0.15500012040138245,0.5040650367736816,1.0,0.49593496322631836,0.9918699264526367,0.5040650367736816,2.0158374309539795,0.7882106900215149,179.2462615966797,0.0,0.3414634168148041,0.6178861856460571,0.11334025859832764,0.0108228400349617,0.08628451824188232,0.009401001036167145,0.0,1.0,2.0158374309539795,7.4567437171936035,0.0108228400349617,0.11334025859832764,0.009401001036167145,0.08628451824188232,10.384925842285156,96.04940795898438,4.769272327423096,46.42029571533203,0.15447154641151428,0.49593496322631836,1.320386528968811,1.1469221115112305,0.6376230120658875,0.35858818888664246,0.12093445658683777,0.0931646078824997
v_CleanAndJerk_g25_c02.avi,/Users/josephkamil/Desktop/Capstone/Oly_Data/raw/clean_and_jerk/CleanAndJerk/v_CleanAndJerk_g25_c02.avi,clean_and_jerk,192,192,193,153.6900634765625,42.03580093383789,1.2959345579147339,179.32151794433594,-2.420135498046875,154.02476501464844,38.44093704223633,3.0301566123962402,179.1264190673828,20.16461181640625,114.9347915649414,57.24729537963867,2.938605546951294,178.96893310546875,4.89361572265625,0.0,0.0,0.0,0.0,0.0,0.44745731353759766,0.11198423057794571,0.26973605155944824,0.6979541778564453,-0.4000687599182129,0.5988715887069702,0.04310541972517967,0.5030319094657898,0.7140495777130127,0.001217961311340332,0.06739721447229385,0.05931056663393974,0.0015799462562426925,0.16654053330421448,-0.034804001450538635,0.7552083134651184,1.0,0.2083333283662796,0.9947916865348816,0.7916666865348816,1.2959345579147339,3.0301566123962402,178.96893310546875,0.0,0.2604166567325592,0.25,0.04094672203063965,0.006397951859980822,0.040734052658081055,0.004775946028530598,0.75,0.0,1.2959345579147339,152.20867919921875,0.006397951859980822,0.04094672203063965,0.004775946028530598,0.040734052658081055,4.586310863494873,106.208740234375,15.249439239501953,166.1655731201172,-0.0520833320915699,0.7864583134651184,1.2220088243484497,0.912205696105957,0.42821812629699707,0.2110176682472229,0.07554920762777328,0.07167654484510422
v_CleanAndJerk_g25_c03.avi,/Users/josephkamil/Desktop/Capstone/Oly_Data/raw/clean_and_jerk/CleanAndJerk/v_CleanAndJerk_g25_c03.avi,clean_and_jerk,205,205,208,152.92288208007812,43.2768440246582,1.4988009929656982,179.3248748779297,27.66912841796875,156.17271423339844,38.65757751464844,2.0387208461761475,179.37655639648438,33.97758483886719,119.15406036376953,57.10173034667969,2.1566812992095947,178.93527221679688,8.21466064453125,0.0,0.0,0.0,0.0,0.0,0.380634069442749,0.1549382507801056,0.17330339550971985,0.7214056849479675,-0.4930730164051056,0.5380920171737671,0.06073233112692833,0.45490726828575134,0.7033886313438416,-0.08483010530471802,0.07470846176147461,0.06014176458120346,0.004301390610635281,0.1766682118177414,-0.02739262580871582,0.7609755992889404,1.0,0.21463415026664734,0.995121955871582,0.785365879535675,1.4988009929656982,2.0387208461761475,178.93527221679688,0.0,0.2536585330963135,0.06829268485307693,0.078052818775177,0.0075166355818510056,0.036087632179260254,0.004953872878104448,0.625,0.0,1.4988009929656982,140.41310119628906,0.0075166355818510056,0.078052818775177,0.004953872878104448,0.036087632179260254,5.314113616943359,168.28958129882812,13.381555557250977,165.45526123046875,-0.039024390280246735,0.7804877758026123,1.5333936214447021,1.0105900764465332,0.5481022596359253,0.2484813630580902,0.10083382576704025,0.059185463935136795
v_CleanAndJerk_g25_c04.avi,/Users/josephkamil/Desktop/Capstone/Oly_Data/raw/clean_and_jerk/CleanAndJerk/v_CleanAndJerk_g25_c04.avi,clean_and_jerk,254,254,256,153.5626983642578,39.82974624633789,2.907254695892334,179.4643096923828,38.92924499511719,153.60903930664062,37.804683685302734,4.597711563110352,179.56431579589844,52.41947937011719,121.19373321533203,55.99577713012695,1.7280901670455933,179.16912841796875,6.2704315185546875,0.0,0.0,0.0,0.0,0.0,0.3702869713306427,0.15532240271568298,0.10215531289577484,0.6607555150985718,-0.4498509466648102,0.5514467358589172,0.06458046287298203,0.4663296341896057,0.771929144859314,0.10680854320526123,0.0894642323255539,0.08129856735467911,0.012111702002584934,0.22079136967658997,-0.02420264482498169,0.7244094610214233,1.0,0.22440944612026215,0.9960629940032959,0.7755905389785767,2.907254695892334,4.597711563110352,179.16912841796875,0.0,0.27559053897857666,0.25196850299835205,0.04591834545135498,0.006281789857894182,0.07282757759094238,0.005771389231085777,0.625,0.0,2.907254695892334,141.88046264648438,0.006281789857894182,0.04591834545135498,0.005771389231085777,0.07282757759094238,4.13293981552124,138.58006286621094,10.327930450439453,130.0563507080078,-0.05118110403418541,0.7716535329818726,1.5892928838729858,1.4601614475250244,0.5586001873016357,0.30559951066970825,0.11042100191116333,0.07955972105264664
v_CleanAndJerk_g01_c01.avi,/Users/josephkamil/Desktop/Capstone/Oly_Data/raw/clean_and_jerk/v_CleanAndJerk_g01_c01.avi,clean_and_jerk,90,90,100,171.3289794921875,8.480748176574707,135.49652099609375,179.33885192871094,-43.71159362792969,163.02574157714844,9.593504905700684,117.20013427734375,175.14511108398438,-44.16075134277344,110.1270751953125,62.59691619873047,2.6154263019561768,178.91888427734375,6.409332275390625,0.0,0.0,0.0,0.0,0.0,0.3867051899433136,0.16120824217796326,0.16612644493579865,0.7895923852920532,0.2166440486907959,0.5421664118766785,0.049925532191991806,0.47577986121177673,0.702216625213623,0.18355363607406616,0.09339337795972824,0.06070291996002197,0.0037819701246917248,0.19017012417316437,-0.011623650789260864,0.42222222685813904,1.0,0.14444445073604584,0.6000000238418579,0.46666666865348816,135.49652099609375,117.20013427734375,178.91888427734375,0.0,0.9888888597488403,0.9888888597488403,0.15702593326568604,0.015796536579728127,0.03216737508773804,0.005196001380681992,0.0,0.0,156.6449737548828,135.49652099609375,0.015796536579728127,0.15702593326568604,0.005196001380681992,0.03216737508773804,2.0682413578033447,21.1207275390625,16.44148063659668,172.47315979003906,-0.8444444537162781,0.4555555582046509,1.4058917760849,0.46244412660598755,0.6234659552574158,0.2264367640018463,0.06087568402290344,0.13721191883087158
v_CleanAndJerk_g01_c02.avi,/Users/josephkamil/Desktop/Capstone/Oly_Data/raw/clean_and_jerk/v_CleanAndJerk_g01_c02.avi,clean_and_jerk,112,112,113,169.2970733642578,11.358831405639648,132.71607971191406,179.28456115722656,-0.69976806640625,159.26686096191406,14.949658393859863,112.06551361083984,179.4288330078125,-18.2353515625,117.78834533691406,61.078712463378906,3.6730024814605713,176.59481811523438,-1.2298431396484375,0.0,0.0,0.0,0.0,0.0,0.48465874791145325,0.15744374692440033,0.24194660782814026,0.7671988010406494,-0.0016769170761108398,0.6141360402107239,0.0333486944437027,0.5514380931854248,0.7043408155441284,0.011246204376220703,0.10119316726922989,0.05933337286114693,0.007672888692468405,0.18097621202468872,-0.018223389983177185,0.3482142984867096,1.0,0.2410714328289032,0.6160714030265808,0.3839285671710968,132.71607971191406,112.06551361083984,176.59481811523438,0.0,0.0446428582072258,0.0446428582072258,0.09986644983291626,0.015483032912015915,0.030526697635650635,0.005187349393963814,0.0,0.0,132.71607971191406,140.8073272705078,0.015483032912015915,0.09986644983291626,0.005187349393963814,0.030526697635650635,2.3803117275238037,15.234970092773438,14.512833595275879,162.50921630859375,0.1964285671710968,0.375,1.7186166048049927,0.5757957696914673,0.5252522230148315,0.1529027223587036,0.06567510962486267,0.10616247355937958
v_CleanAndJerk_g01_c03.avi,/Users/josephkamil/Desktop/Capstone/Oly_Data/raw/clean_and_jerk/v_CleanAndJerk_g01_c03.avi,clean_and_jerk,120,120,124,169.8408660888672,12.343123435974121,115.12126922607422,179.24853515625,16.018997192382812,155.4084014892578,23.090373992919922,96.2637710571289,176.00439453125,3.4906539916992188,114.95780944824219,63.39189529418945,5.052059173583984,179.0697479248047,1.428985595703125,0.0,0.0,0.0,0.0,0.0,0.4631827771663666,0.19143947958946228,0.16634900867938995,0.7830450534820557,0.01048058271408081,0.5485970973968506,0.048311617225408554,0.4749252200126648,0.6799513101577759,-0.09134107828140259,0.10986653715372086,0.05353698134422302,0.0032892145682126284,0.22571982443332672,0.06369806826114655,0.25,1.0,0.4749999940395355,0.7166666388511658,0.25,115.12126922607422,96.2637710571289,179.0697479248047,0.0,0.2083333283662796,0.11666666716337204,0.11695083975791931,0.017520898953080177,0.023653864860534668,0.004777358844876289,0.0,1.0,115.12126922607422,155.8402862548828,0.017520898953080177,0.11695083975791931,0.004777358844876289,0.023653864860534668,3.108942985534668,58.691017150878906,14.74977970123291,170.3441925048828,0.2666666805744171,0.24166665971279144,2.084986925125122,0.5685057044029236,0.6166960597038269,0.20502609014511108,0.05192841589450836,0.15262243151664734
v_CleanAndJerk_g01_c04.avi,/Users/josephkamil/Desktop/Capstone/Oly_Data/raw/clean_and_jerk/v_CleanAndJerk_g01_c04.avi,clean_and_jerk,113,113,119,175.3385772705078,4.890239238739014,152.24327087402344,179.35015869140625,19.85089111328125,165.8397674560547,8.408244132995605,125.9570083618164,176.19534301757812,24.56237030029297,101.96688842773438,67.47903442382812,2.016714096069336,178.67799377441406,11.481887817382812,0.0,0.0,0.0,0.0,0.0,0.4290122091770172,0.13991418480873108,0.1945069134235382,0.7217966318130493,-0.001741170883178711,0.5592935085296631,0.01673698239028454,0.517342209815979,0.6120585203170776,-0.02721226215362549,0.09478780627250671,0.05990638583898544,0.0022488778922706842,0.17405420541763306,0.04715044051408768,0.3362831771373749,1.0,0.38053098320961,0.76106196641922,0.389380544424057,152.24327087402344,125.9570083618164,178.67799377441406,0.0,0.044247787445783615,0.0,0.08442628383636475,0.014567891135811806,0.039008498191833496,0.003973119892179966,0.0,0.0,152.24327087402344,171.91183471679688,0.014567891135811806,0.08442628383636475,0.003973119892179966,0.039008498191833496,2.229093551635742,21.597915649414062,12.118645668029785,105.30418395996094,0.3362831771373749,0.38053098320961,1.6316038370132446,0.4449894428253174,0.5272897481918335,0.09471631050109863,0.07072403281927109,0.11217101663351059
v_CleanAndJerk_g02_c01.avi,/Users/josephkamil/Desktop/Capstone/Oly_Data/raw/clean_and_jerk/v_CleanAndJerk_g02_c01.avi,clean_and_jerk,103,103,103,134.97975158691406,46.67583084106445,42.76313400268555,179.3018035888672,131.69342041015625,131.47665405273438,46.5924186706543,32.902122497558594,179.40492248535156,137.3380889892578,172.18295288085938,5.313203811645508,139.10107421875,178.84365844726562,1.3095855712890625,0.0,0.0,0.0,0.0,0.0,0.39166224002838135,0.09228474646806717,0.28607553243637085,0.6315585374832153,-0.3155907392501831,0.5828714370727539,0.04826908931136131,0.4847521185874939,0.668166995048523,-0.05455660820007324,0.08933510631322861,0.01576794870197773,0.020244741812348366,0.1169356107711792,-0.022806957364082336,0.7766990065574646,1.0,0.223300963640213,0.9902912378311157,0.7766990065574646,42.76313400268555,32.902122497558594,178.84365844726562,0.0,0.009708737954497337,0.009708737954497337,0.02644619345664978,0.005140458233654499,0.031344473361968994,0.0054498594254255295,0.0,0.0,42.76313400268555,143.13551330566406,0.005140458233654499,0.02644619345664978,0.0054498594254255295,0.031344473361968994,4.669404983520508,41.691741943359375,2.7382521629333496,26.7545166015625,0.21359223127365112,0.7669903039932251,0.524326741695404,0.5558856725692749,0.3454830050468445,0.18341487646102905,0.050382066518068314,0.010749881155788898
v_CleanAndJerk_g02_c02.avi,/Users/josephkamil/Desktop/Capstone/Oly_Data/raw/clean_and_jerk/v_CleanAndJerk_g02_c02.avi,clean_and_jerk,245,245,245,163.6311798095703,25.500503540039062,48.562705993652344,179.31996154785156,47.48701477050781,157.653564453125,23.573471069335938,51.594581604003906,178.66554260253906,50.77558135986328,85.89413452148438,66.33694458007812,2.0005743503570557,179.08316040039062,-1.800048828125,0.0,0.0,0.0,0.0,0.0,0.41224077343940735,0.09758298844099045,0.21390791237354279,0.7134078741073608,-0.48531025648117065,0.5822616219520569,0.047093715518713,0.491757869720459,0.6899253129959106,-0.10128450393676758,0.06294789910316467,0.06143174320459366,0.0010976104531437159,0.18591241538524628,-0.048256441950798035,0.3469387888908386,1.0,0.1387755125761032,0.9959183931350708,0.8612244725227356,48.562705993652344,51.594581604003906,179.08316040039062,0.0,0.15510204434394836,0.15510204434394836,0.050156354904174805,0.0054697603918612,0.03675585985183716,0.004100394900888205,0.625,0.0,48.562705993652344,151.42835998535156,0.0054697603918612,0.050156354904174805,0.004100394900888205,0.03675585985183716,2.52561616897583,45.107887268066406,6.778377532958984,135.130615234375,-0.016326529905200005,0.8571428656578064,1.334621548652649,1.0004963874816895,0.49949997663497925,0.19816744327545166,0.07108753174543381,0.08217716962099075
v_CleanAndJerk_g02_c03.avi,/Users/josephkamil/Desktop/Capstone/Oly_Data/raw/clean_and_jerk/v_CleanAndJerk_g02_c03.avi,clean_and_jerk,211,211,211,160.44073486328125,32.50458908081055,44.200870513916016,179.36024475097656,109.61614990234375,152.01190185546875,28.89988136291504,44.52219772338867,177.21360778808594,91.57376098632812,62.32956314086914,59.3314323425293,2.6733052730560303,179.11041259765625,-26.479751586914062,0.0,0.0,0.0,0.0,0.0,0.474538654088974,0.09269631654024124,0.3277962803840637,0.7165216207504272,-0.3694693446159363,0.6077654957771301,0.043807096779346466,0.5351297855377197,0.7558556795120239,0.0005671381950378418,0.03788245469331741,0.05946783348917961,0.0006308613810688257,0.18708990514278412,-0.03608746826648712,0.25592416524887085,1.0,0.18009479343891144,0.9952606558799744,0.8199052214622498,44.200870513916016,44.52219772338867,179.11041259765625,0.0,0.22274881601333618,0.22274881601333618,0.03571319580078125,0.004173117224127054,0.05978667736053467,0.0033519428689032793,0.625,0.0,44.200870513916016,166.7843017578125,0.004173117224127054,0.03571319580078125,0.0033519428689032793,0.05978667736053467,2.576856851577759,31.887603759765625,7.744219779968262,171.71243286132812,-0.04265403002500534,0.8151658773422241,0.8763546347618103,0.7039080262184143,0.3887253403663635,0.2207258939743042,0.06614281982183456,0.022989891469478607
v_CleanAndJerk_g02_c04.avi,/Users/josephkamil/Desktop/Capstone/Oly_Data/raw/clean_and_jerk/v_CleanAndJerk_g02_c04.avi,clean_and_jerk,291,291,293,166.42530822753906,22.49006462097168,60.13499450683594,179.3949432373047,53.35670471191406,161.5703582763672,20.30236053466797,55.43195724487305,179.45594787597656,57.85643005371094,71.36007690429688,72.9533920288086,1.5911390781402588,179.0013427734375,5.2787017822265625,0.0,0.0,0.0,0.0,0.0,0.4058031141757965,0.12175404280424118,0.19173261523246765,0.760017454624176,-0.5428972840309143,0.5819097757339478,0.05123111605644226,0.5269359946250916,0.7461836338043213,-0.12040817737579346,0.061203889548778534,0.0629647895693779,0.008004301227629185,0.19161733984947205,-0.026788994669914246,0.30927833914756775,1.0,0.1168384850025177,0.9965635538101196,0.8831614851951599,60.13499450683594,55.43195724487305,179.0013427734375,0.0,0.14089347422122955,0.14089347422122955,0.05734437704086304,0.005693432409316301,0.04256749153137207,0.004173575434833765,0.875,0.0,60.13499450683594,143.47572326660156,0.005693432409316301,0.05734437704086304,0.004173575434833765,0.04256749153137207,2.1899616718292236,39.24687957763672,9.068963050842285,162.58837890625,-0.024054983630776405,0.8797250986099243,1.6510953903198242,1.2103369235992432,0.5682848691940308,0.21924763917922974,0.13210460543632507,0.07819347083568573
v_CleanAndJerk_g03_c01.avi,/Users/josephkamil/Desktop/Capstone/Oly_Data/raw/clean_and_jerk/v_CleanAndJerk_g03_c01.avi,clean_and_jerk,172,172,172,157.9945831298828,30.86628532409668,39.92365646362305,178.133056640625,30.06317138671875,152.31088256835938,27.523250579833984,46.15455627441406,169.48809814453125,33.77848815917969,88.88790130615234,59.01075744628906,32.61289978027344,179.25819396972656,0.2862548828125,0.0,0.0,0.0,0.0,0.0,0.28257668018341064,0.14511704444885254,0.07279475033283234,0.6429396867752075,-0.5262961983680725,0.5537828803062439,0.09075161069631577,0.39412039518356323,0.8410028219223022,0.05357658863067627,0.08572103083133698,0.09417810291051865,0.002978689270094037,0.2733688950538635,-0.07282660901546478,0.8837209343910217,1.0,0.11627907305955887,0.9941860437393188,0.8837209343910217,39.92365646362305,46.15455627441406,179.25819396972656,0.0,0.16860465705394745,0.18023255467414856,0.08342444896697998,0.009373441338539124,0.11391127109527588,0.007912853732705116,1.0,0.0,39.92365646362305,153.74961853027344,0.009373441338539124,0.08342444896697998,0.007912853732705116,0.11391127109527588,2.5402770042419434,47.23415756225586,3.1565394401550293,100.57452392578125,-0.05232558026909828,0.8779069781303406,1.602858543395996,1.353097915649414,0.5701449513435364,0.446882426738739,0.13033144176006317,0.08534325659275055
v_CleanAndJerk_g03_c02.avi,/Users/josephkamil/Desktop/Capstone/Oly_Data/raw/clean_and_jerk/v_CleanAndJerk_g03_c02.avi,clean_and_jerk,254,254,254,155.4364471435547,34.2025260925293,37.23065185546875,179.40113830566406,81.16004943847656,149.05514526367188,29.913541793823242,47.75311279296875,170.31752014160156,80.37884521484375,66.15672302246094,58.179447174072266,23.502819061279297,171.60072326660156,27.743988037109375,0.0,0.0,0.0,0.0,0.0,0.31004777550697327,0.17066045105457306,0.11016915738582611,0.6983219385147095,-0.5878197550773621,0.543339192867279,0.08549044281244278,0.41927289962768555,0.8481374382972717,-0.08159875869750977,0.07388155907392502,0.09045647084712982,0.0015862071886658669,0.2609720826148987,0.013516262173652649,0.7244094610214233,1.0,0.18110236525535583,0.9960629940032959,0.8188976645469666,37.23065185546875,47.75311279296875,171.60072326660156,0.0,0.20866142213344574,0.20866142213344574,0.05017992854118347,0.006092160940170288,0.06428402662277222,0.005749796982854605,0.25,0.0,37.23065185546875,150.41294860839844,0.006092160940170288,0.05017992854118347,0.005749796982854605,0.06428402662277222,2.2310945987701416,43.68181228637695,1.978327989578247,91.6999282836914,-0.027559055015444756,0.8149606585502625,1.5413167476654053,1.4546986818313599,0.5881527662277222,0.4288645386695862,0.09005386382341385,0.05338766798377037
v_CleanAndJerk_g03_c03.avi,/Users/josephkamil/Desktop/Capstone/Oly_Data/raw/clean_and_jerk/v_CleanAndJerk_g03_c03.avi,clean_and_jerk,276,276,276,164.09909057617188,28.87059783935547,41.47626495361328,179.5988311767578,90.8356704711914,154.697998046875,26.402339935302734,38.54799270629883,177.59596252441406,88.84716796875,71.28724670410156,59.52360153198242,18.127275466918945,177.0749969482422,12.061599731445312,0.0,0.0,0.0,0.0,0.0,0.2631494998931885,0.15159457921981812,0.1107296496629715,0.6760352849960327,-0.5653056502342224,0.5418239831924438,0.08460608869791031,0.4013388752937317,0.8212136030197144,-0.008840560913085938,0.08086396753787994,0.09347199648618698,0.0024232242722064257,0.2824242115020752,-0.03318554162979126,0.8514492511749268,1.0,0.12318840622901917,0.9963768124580383,0.8768116235733032,41.47626495361328,38.54799270629883,177.0749969482422,0.0,0.17028985917568207,0.17391304671764374,0.09223449230194092,0.005272493232041597,0.11818563938140869,0.0048719746991992,1.0,0.0,41.47626495361328,154.38107299804688,0.005272493232041597,0.09223449230194092,0.0048719746991992,0.11818563938140869,2.1708202362060547,36.49026870727539,2.457263946533203,97.09347534179688,-0.047101449221372604,0.8731883764266968,1.4499356746673584,1.339793086051941,0.5653056502342224,0.41987472772598267,0.09926652908325195,0.04337406903505325
v_CleanAndJerk_g03_c04.avi,/Users/josephkamil/Desktop/Capstone/Oly_Data/raw/clean_and_jerk/v_CleanAndJerk_g03_c04.avi,clean_and_jerk,293,293,293,152.12545776367188,38.72639846801758,39.9172477722168,179.37355041503906,99.72105407714844,146.20025634765625,35.13877868652344,48.09698486328125,173.143798828125,99.79322052001953,69.85796356201172,58.08737564086914,22.024612426757812,173.1201934814453,12.549896240234375,0.0,0.0,0.0,0.0,0.0,0.32333818078041077,0.1852225363254547,0.10082623362541199,0.7072546482086182,-0.5879716873168945,0.557684600353241,0.08252936601638794,0.4500409960746765,0.8703789114952087,-0.04741424322128296,0.08373385667800903,0.09582862257957458,0.0018197199096903205,0.27395114302635193,0.027647972106933594,0.723549485206604,1.0,0.20136518776416779,0.9965870380401611,0.7986348271369934,39.9172477722168,48.09698486328125,173.1201934814453,0.0,0.23208190500736237,0.23208190500736237,0.11282354593276978,0.005663296673446894,0.06829655170440674,0.005115575157105923,0.625,0.0,39.9172477722168,151.60980224609375,0.005663296673446894,0.11282354593276978,0.005115575157105923,0.06829655170440674,2.012212038040161,28.464111328125,2.104130268096924,109.66378784179688,-0.030716722831130028,0.7952218651771545,1.6536825895309448,1.4937479496002197,0.6064283847808838,0.4203379154205322,0.09676578640937805,0.0619664303958416
v_CleanAndJerk_g03_c05.avi,/Users/josephkamil/Desktop/Capstone/Oly_Data/raw/clean_and_jerk/v_CleanAndJerk_g03_c05.avi,clean_and_jerk,217,217,238,169.36016845703125,8.415392875671387,146.27288818359375,179.36029052734375,12.049697875976562,163.65228271484375,6.813504695892334,145.8714599609375,174.6836700439453,15.308837890625,99.58495330810547,63.091217041015625,31.20298957824707,179.21273803710938,8.169265747070312,0.0,0.0,0.0,0.0,0.0,0.21449080109596252,0.0941760465502739,0.09858126193284988,0.5014949440956116,-0.37881526350975037,0.5362616181373596,0.04890982806682587,0.3918367028236389,0.6774371266365051,0.17692643404006958,0.09809928387403488,0.09141072630882263,0.006236429326236248,0.2738327085971832,-0.05825868248939514,0.9447004795074463,1.0,0.0552995391190052,0.9953917264938354,0.9447004795074463,146.27288818359375,145.8714599609375,179.21273803710938,0.0,0.05069124326109886,0.0552995391190052,0.15970632433891296,0.005140718072652817,0.09665721654891968,0.004416285082697868,0.875,0.0,146.27288818359375,150.6534423828125,0.005140718072652817,0.15970632433891296,0.004416285082697868,0.09665721654891968,0.9182720184326172,17.324081420898438,2.0536723136901855,109.28111267089844,0.004608294926583767,0.940092146396637,1.110395073890686,0.9539176225662231,0.4029136896133423,0.2856004238128662,0.07798179239034653,0.02356237918138504
v_CleanAndJerk_g03_c06.avi,/Users/josephkamil/Desktop/Capstone/Oly_Data/raw/clean_and_jerk/v_CleanAndJerk_g03_c06.avi,clean_and_jerk,229,229,246,157.73294067382812,22.160200119018555,74.0780258178711,178.5112762451172,-8.687057495117188,152.42807006835938,22.915008544921875,59.640602111816406,172.88128662109375,-12.907905578613281,111.14978790283203,72.91156005859375,2.5199105739593506,177.25791931152344,7.194122314453125,0.0,0.0,0.0,0.0,0.0,0.3007226586341858,0.2187695950269699,0.10544458031654358,0.8979043960571289,0.13189613819122314,0.5775964856147766,0.09309553354978561,0.39395201206207275,0.8380361795425415,0.1782219409942627,0.144020676612854,0.09689422696828842,0.008279411122202873,0.2752234637737274,-0.0658961683511734,0.6550218462944031,1.0,0.2620087265968323,0.9126637578010559,0.6550218462944031,74.0780258178711,59.640602111816406,177.25791931152344,0.0,0.9170305728912354,0.9170305728912354,0.18794578313827515,0.00974871963262558,0.15545427799224854,0.006997393909841776,0.0,0.0,112.23743438720703,74.0780258178711,0.00974871963262558,0.18794578313827515,0.006997393909841776,0.15545427799224854,3.6257848739624023,48.39897918701172,3.7050390243530273,142.47889709472656,-0.6550218462944031,0.6506550312042236,2.222707986831665,1.5954058170318604,0.7924598455429077,0.44408416748046875,0.06629199534654617,0.29285678267478943
v_CleanAndJerk_g04_c01.avi,/Users/josephkamil/Desktop/Capstone/Oly_Data/raw/clean_and_jerk/v_CleanAndJerk_g04_c01.avi,clean_and_jerk,142,142,143,159.58877563476562,37.600502014160156,25.875234603881836,179.17018127441406,3.9746856689453125,159.22276306152344,33.48036193847656,33.82914352416992,179.4348907470703,-1.348846435546875,77.04163360595703,73.2798843383789,1.3982481956481934,178.7360382080078,-68.28311157226562,0.0,0.0,0.0,0.0,0.0,0.3938698470592499,0.13586528599262238,0.1900673508644104,0.6778911352157593,-0.44581806659698486,0.5517258048057556,0.05570218712091446,0.4878501892089844,0.6962078213691711,-0.11580473184585571,0.06095389276742935,0.05582233890891075,0.0009524743654765189,0.1672210544347763,-0.07284462451934814,0.47887325286865234,1.0,0.19718310236930847,0.9929577708244324,0.8028169274330139,25.875234603881836,33.82914352416992,178.7360382080078,0.0,0.246478870511055,0.246478870511055,0.08405154943466187,0.011201362125575542,0.04770582914352417,0.006070439238101244,0.5,0.0,25.875234603881836,163.55325317382812,0.011201362125575542,0.08405154943466187,0.006070439238101244,0.04770582914352417,3.8588149547576904,83.2948989868164,13.17447566986084,175.77735900878906,-0.04929577559232712,0.7957746386528015,1.5793920755386353,0.8559319376945496,0.4878237843513489,0.20835763216018677,0.12027914822101593,0.07739125937223434
v_CleanAndJerk_g04_c02.avi,/Users/josephkamil/Desktop/Capstone/Oly_Data/raw/clean_and_jerk/v_CleanAndJerk_g04_c02.avi,clean_and_jerk,237,237,237,165.5695037841797,35.54251480102539,21.29029083251953,179.33717346191406,16.618270874023438,161.82113647460938,32.020530700683594,24.753849029541016,179.44712829589844,24.66180419921875,52.870880126953125,65.26019287109375,1.4353684186935425,178.6656036376953,-0.5825653076171875,0.0,0.0,0.0,0.0,0.0,0.38692644238471985,0.11592956632375717,0.16217556595802307,0.6921343803405762,-0.5038073062896729,0.5419575572013855,0.05138273537158966,0.4887799620628357,0.702995240688324,-0.0930027961730957,0.04085847735404968,0.05176244676113129,0.002386080101132393,0.16676601767539978,0.02154769003391266,0.594936728477478,1.0,0.1181434616446495,0.9957805871963501,0.8818565607070923,21.29029083251953,24.753849029541016,178.6656036376953,0.0,0.18565401434898376,0.18987341225147247,0.07034188508987427,0.007179356645792723,0.03201645612716675,0.0038026724942028522,0.5,0.0,21.29029083251953,167.82530212402344,0.007179356645792723,0.07034188508987427,0.0038026724942028522,0.03201645612716675,2.152010202407837,46.726470947265625,8.011014938354492,133.74911499023438,-0.06751054525375366,0.8776371479034424,1.6943281888961792,0.8974307179450989,0.5299588441848755,0.21421527862548828,0.08806692808866501,0.06827285885810852
v_CleanAndJerk_g04_c03.avi,/Users/josephkamil/Desktop/Capstone/Oly_Data/raw/clean_and_jerk/v_CleanAndJerk_g04_c03.avi,clean_and_jerk,146,146,146,156.31130981445312,40.277828216552734,32.437835693359375,179.29229736328125,8.237823486328125,156.03504943847656,40.13460159301758,32.88599395751953,179.4378662109375,-0.6746826171875,72.32713317871094,72.6010971069336,1.0515000820159912,178.7337646484375,-70.77323913574219,0.0,0.0,0.0,0.0,0.0,0.39331379532814026,0.13304945826530457,0.18649934232234955,0.6898618936538696,-0.4459948241710663,0.5550326108932495,0.058321211487054825,0.4972277283668518,0.6929239630699158,-0.133558988571167,0.05630169063806534,0.05706486478447914,0.0010213281493633986,0.16845299303531647,-0.0945795327425003,0.45205479860305786,1.0,0.15753424167633057,0.9931507110595703,0.8424657583236694,32.437835693359375,32.88599395751953,178.7337646484375,0.0,0.30821916460990906,0.30821916460990906,0.04028809070587158,0.009595508687198162,0.03048783540725708,0.005203177686780691,0.25,0.0,32.437835693359375,164.38661193847656,0.009595508687198162,0.04028809070587158,0.005203177686780691,0.03048783540725708,3.2741401195526123,42.2747802734375,8.696537971496582,114.34053039550781,-0.15068493783473969,0.835616409778595,1.3913487195968628,0.7544607520103455,0.5033625364303589,0.19569623470306396,0.10512527078390121,0.08315054327249527
v_CleanAndJerk_g04_c04.avi,/Users/josephkamil/Desktop/Capstone/Oly_Data/raw/clean_and_jerk/v_CleanAndJerk_g04_c04.avi,clean_and_jerk,143,143,152,159.2588348388672,40.71918869018555,29.16193389892578,179.28555297851562,1.56390380859375,154.46820068359375,36.84040451049805,37.53349304199219,177.51925659179688,-2.706451416015625,56.00351333618164,69.27462768554688,1.5247281789779663,178.70249938964844,6.248931884765625,0.0,0.0,0.0,0.0,0.0,0.38966843485832214,0.11623351275920868,0.15976811945438385,0.6836462020874023,-0.5166305303573608,0.5527665019035339,0.0576549768447876,0.4889339208602905,0.7038354873657227,-0.11487573385238647,0.0493762269616127,0.055932097136974335,0.0007321701268665493,0.17103414237499237,-0.017450392246246338,0.5244755148887634,1.0,0.13286712765693665,0.9930070042610168,0.867132842540741,29.16193389892578,37.53349304199219,178.70249938964844,0.0,0.251748263835907,0.251748263835907,0.0984373688697815,0.010233805514872074,0.04095417261123657,0.005904567893594503,1.0,0.0,29.16193389892578,172.44619750976562,0.010233805514872074,0.0984373688697815,0.005904567893594503,0.04095417261123657,2.774223566055298,52.072120666503906,8.701257705688477,81.76756286621094,-0.11888112127780914,0.8601398468017578,1.453200340270996,0.8384486436843872,0.5238780975341797,0.21490156650543213,0.12303496152162552,0.08116915822029114
v_CleanAndJerk_g04_c05.avi,/Users/josephkamil/Desktop/Capstone/Oly_Data/raw/clean_and_jerk/v_CleanAndJerk_g04_c05.avi,clean_and_jerk,233,233,237,163.24537658691406,35.21895980834961,26.571178436279297,179.27259826660156,5.4956817626953125,158.3754425048828,39.19932556152344,8.559187889099121,179.42555236816406,164.85934448242188,53.0503044128418,62.329376220703125,1.5040305852890015,178.80276489257812,26.86920166015625,0.0,0.0,0.0,0.0,0.0,0.3674951195716858,0.10954488813877106,0.15283434092998505,0.7385015487670898,-0.5521407127380371,0.5407049059867859,0.04823041707277298,0.48805874586105347,0.696544885635376,-0.03825896978378296,0.04068166762590408,0.050441522151231766,0.001381043577566743,0.16007740795612335,0.04346088320016861,0.5064377784729004,1.0,0.09442060440778732,0.995708167552948,0.9055793881416321,26.571178436279297,8.559187889099121,178.80276489257812,0.0,0.17167381942272186,0.0,0.08817124366760254,0.007335633039474487,0.028219401836395264,0.00363948754966259,0.25,0.0,26.571178436279297,170.95249938964844,0.007335633039474487,0.08817124366760254,0.00363948754966259,0.028219401836395264,2.2110631465911865,42.267494201660156,8.25143814086914,98.6751708984375,-0.07725322246551514,0.9012875556945801,1.701866865158081,0.8443611264228821,0.5856671929359436,0.2084861397743225,0.09119602292776108,0.08830235153436661
v_CleanAndJerk_g05_c01.avi,/Users/josephkamil/Desktop/Capstone/Oly_Data/raw/clean_and_jerk/v_CleanAndJerk_g05_c01.avi,clean_and_jerk,91,91,91,133.6460723876953,46.80474853515625,38.151458740234375,179.41546630859375,88.2896728515625,127.85155487060547,42.4941291809082,43.88218307495117,170.5812225341797,96.59314727783203,169.09933471679688,8.67984676361084,144.82696533203125,179.10606384277344,-10.142898559570312,0.0,0.0,0.0,0.0,0.0,0.4441685080528259,0.17822088301181793,0.2642551064491272,0.80274897813797,-0.5328643918037415,0.6758134365081787,0.07115170359611511,0.5768624544143677,0.8269757032394409,-0.08638906478881836,0.1421501487493515,0.025466755032539368,0.015909798443317413,0.16511236131191254,-0.0017095506191253662,0.7142857313156128,1.0,0.2857142984867096,0.9890109896659851,0.7142857313156128,38.151458740234375,43.88218307495117,179.10606384277344,0.0,0.3956044018268585,0.3956044018268585,0.036409616470336914,0.008003264665603638,0.05998784303665161,0.007240610662847757,1.0,0.0,38.151458740234375,115.68999481201172,0.008003264665603638,0.036409616470336914,0.007240610662847757,0.05998784303665161,4.95592737197876,26.947982788085938,2.3841989040374756,19.425994873046875,-0.10989011079072952,0.7032967209815979,0.7202938199043274,0.6516549587249756,0.5384938716888428,0.25011324882507324,0.0881996676325798,0.008036685176193714
v_CleanAndJerk_g05_c02.avi,/Users/josephkamil/Desktop/Capstone/Oly_Data/raw/clean_and_jerk/v_CleanAndJerk_g05_c02.avi,clean_and_jerk,146,146,146,100.26944732666016,50.5739631652832,20.697431564331055,167.21104431152344,85.66000366210938,99.42715454101562,46.61751174926758,20.279457092285156,160.89923095703125,105.22615051269531,171.3523712158203,6.822531700134277,131.48158264160156,178.9665985107422,-0.59503173828125,0.0,0.0,0.0,0.0,0.0,0.44436702132225037,0.12495118379592896,0.2786836624145508,0.7776052951812744,-0.4973708987236023,0.6975052952766418,0.08291476964950562,0.5712958574295044,0.8097132444381714,-0.13328611850738525,0.11621289700269699,0.01755797490477562,0.021244604140520096,0.14806488156318665,-0.02699930965900421,0.8630136847496033,1.0,0.13698630034923553,0.9931507110595703,0.8630136847496033,20.697431564331055,20.279457092285156,178.9665985107422,0.0,0.2054794579744339,0.2054794579744339,0.03400218486785889,0.004998556803911924,0.05112558603286743,0.004908941686153412,1.0,0.0,20.697431564331055,48.95780563354492,0.004998556803911924,0.03400218486785889,0.004908941686153412,0.05112558603286743,3.2915289402008057,50.111595153808594,1.7104387283325195,17.9788818359375,-0.06849315017461777,0.8561643958091736,0.7247907519340515,0.7117965221405029,0.49892163276672363,0.238417387008667,0.09547089785337448,0.03785141929984093
v_CleanAndJerk_g05_c03.avi,/Users/josephkamil/Desktop/Capstone/Oly_Data/raw/clean_and_jerk/v_CleanAndJerk_g05_c03.avi,clean_and_jerk,146,146,146,168.0501708984375,23.734451293945312,40.74163055419922,179.2635498046875,122.60245513916016,165.03021240234375,26.080448150634766,25.307262420654297,179.20346069335938,128.50155639648438,70.5502700805664,57.2320556640625,2.7844364643096924,173.9838409423828,-12.578140258789062,0.0,0.0,0.0,0.0,0.0,0.5111325979232788,0.1053881049156189,0.33225005865097046,0.8260826468467712,-0.4910927414894104,0.6522655487060547,0.02903871238231659,0.6240224242210388,0.7500808238983154,-0.11025106906890869,0.046699680387973785,0.05741658806800842,0.0002980635326821357,0.16798622906208038,-0.03397563099861145,0.5136986374855042,1.0,0.15753424167633057,0.9931507110595703,0.8424657583236694,40.74163055419922,25.307262420654297,173.9838409423828,0.0,0.02054794505238533,0.02054794505238533,0.055188119411468506,0.005610749591141939,0.04613232612609863,0.003919508308172226,0.0,0.0,40.74163055419922,159.6324005126953,0.005610749591141939,0.055188119411468506,0.003919508308172226,0.04613232612609863,3.3045237064361572,50.493064880371094,5.383842945098877,91.43763732910156,0.13698630034923553,0.835616409778595,0.8135586977005005,0.5683287382125854,0.4938325881958008,0.1260583996772766,0.07816286385059357,0.07728887349367142
v_CleanAndJerk_g05_c04.avi,/Users/josephkamil/Desktop/Capstone/Oly_Data/raw/clean_and_jerk/v_CleanAndJerk_g05_c04.avi,clean_and_jerk,206,206,206,150.4576873779297,36.49102783203125,46.03086471557617,179.3441925048828,43.09162902832031,145.6851806640625,32.22737121582031,54.4254150390625,174.89630126953125,55.518775939941406,100.5213394165039,60.08009719848633,21.680801391601562,179.02346801757812,-3.0872802734375,0.0,0.0,0.0,0.0,0.0,0.5212224125862122,0.12663517892360687,0.311498761177063,0.8341377973556519,-0.5192279815673828,0.6904551386833191,0.0513058640062809,0.6114284992218018,0.8221390843391418,-0.08636540174484253,0.06795112043619156,0.058464474976062775,0.004068963695317507,0.18324927985668182,-0.008306369185447693,0.8058252334594727,1.0,0.16019417345523834,0.9951456189155579,0.8398058414459229,46.03086471557617,54.4254150390625,179.02346801757812,0.0,0.20388349890708923,0.24757280945777893,0.045850157737731934,0.006384494714438915,0.06596416234970093,0.005042955279350281,1.0,0.0,46.03086471557617,123.3408203125,0.006384494714438915,0.045850157737731934,0.005042955279350281,0.06596416234970093,3.480008125305176,38.077850341796875,14.263850212097168,123.66510009765625,-0.04368932172656059,0.8349514603614807,1.308821439743042,1.0338058471679688,0.5226390361785889,0.2107105851173401,0.087007537484169,0.06319068372249603
v_CleanAndJerk_g06_c01.avi,/Users/josephkamil/Desktop/Capstone/Oly_Data/raw/clean_and_jerk/v_CleanAndJerk_g06_c01.avi,clean_and_jerk,190,190,190,160.23329162597656,27.369970321655273,73.867919921875,179.35972595214844,26.552841186523438,156.27069091796875,21.576040267944336,88.35088348388672,175.71136474609375,31.999710083007812,106.42908477783203,62.40266418457031,23.80874252319336,179.04611206054688,1.7324371337890625,0.0,0.0,0.0,0.0,0.0,0.40654394030570984,0.1707720309495926,0.19009587168693542,0.7857515811920166,-0.5932252407073975,0.6311642527580261,0.04501421004533768,0.5825881958007812,0.7657399773597717,-0.09416931867599487,0.09553244709968567,0.07050871849060059,0.004924951586872339,0.1814536452293396,0.007227599620819092,0.7894737124443054,1.0,0.17894737422466278,0.9947368502616882,0.821052610874176,73.867919921875,88.35088348388672,179.04611206054688,0.0,0.22631579637527466,0.22631579637527466,0.050327420234680176,0.006385644432157278,0.054162681102752686,0.004507345613092184,0.625,0.0,73.867919921875,158.4715576171875,0.006385644432157278,0.050327420234680176,0.004507345613092184,0.054162681102752686,2.725802421569824,23.30524444580078,3.403079032897949,68.31632995605469,-0.04736842215061188,0.8157894611358643,1.2068867683410645,0.8518883585929871,0.5956556797027588,0.18315178155899048,0.10477083921432495,0.048243198543787
v_CleanAndJerk_g06_c02.avi,/Users/josephkamil/Desktop/Capstone/Oly_Data/raw/clean_and_jerk/v_CleanAndJerk_g06_c02.avi,clean_and_jerk,193,193,194,168.92901611328125,16.73541259765625,99.44278717041016,179.47242736816406,52.649452209472656,165.06007385253906,13.562524795532227,107.75588989257812,179.2213134765625,42.69001770019531,86.0813217163086,64.96781921386719,19.420696258544922,171.44888305664062,1.359466552734375,0.0,0.0,0.0,0.0,0.0,0.32179513573646545,0.16596665978431702,0.1050281822681427,0.7937504053115845,-0.6720010042190552,0.5765532851219177,0.046992216259241104,0.49651193618774414,0.7084841728210449,-0.13453465700149536,0.09162399172782898,0.08959849923849106,0.0015804001595824957,0.21991603076457977,0.0011182725429534912,0.7823834419250488,1.0,0.16580310463905334,0.9948186278343201,0.8341968655586243,99.44278717041016,107.75588989257812,171.44888305664062,0.0,0.015544041059911251,0.015544041059911251,0.07837915420532227,0.006804476957768202,0.05100595951080322,0.004669996909797192,0.0,0.0,99.44278717041016,150.68992614746094,0.006804476957768202,0.07837915420532227,0.004669996909797192,0.05100595951080322,1.9904378652572632,21.40599822998047,3.2562379837036133,73.60647583007812,0.15025906264781952,0.8290155529975891,1.3064595460891724,0.8966394066810608,0.6887222528457642,0.21197223663330078,0.08186227828264236,0.10891583561897278
v_CleanAndJerk_g06_c03.avi,/Users/josephkamil/Desktop/Capstone/Oly_Data/raw/clean_and_jerk/v_CleanAndJerk_g06_c03.avi,clean_and_jerk,101,101,101,166.61676025390625,13.743287086486816,111.39110565185547,179.43106079101562,64.05133819580078,159.48526000976562,14.836019515991211,100.8726577758789,174.4891357421875,71.72821807861328,95.31464385986328,55.660789489746094,9.53213119506836,178.9995574951172,10.000808715820312,0.0,0.0,0.0,0.0,0.0,0.4004245698451996,0.1842552274465561,0.13645341992378235,0.8601269721984863,-0.7221028804779053,0.6095491051673889,0.03507622703909874,0.553905725479126,0.7369340658187866,-0.14837300777435303,0.08903923630714417,0.08326254040002823,0.00360645679756999,0.2310386747121811,-0.011571556329727173,0.7524752616882324,1.0,0.24752475321292877,0.9900990128517151,0.7524752616882324,111.39110565185547,100.8726577758789,178.9995574951172,0.0,0.0,0.0,0.0741429328918457,0.010236646980047226,0.03297454118728638,0.005036337301135063,0.0,0.0,111.39110565185547,157.13572692871094,0.010236646980047226,0.0741429328918457,0.005036337301135063,0.03297454118728638,2.058018684387207,11.993553161621094,5.259221076965332,100.64437866210938,0.24752475321292877,0.7425742745399475,1.0236647129058838,0.5036337375640869,0.7236735820770264,0.18302834033966064,0.09470637142658234,0.10356004536151886
v_CleanAndJerk_g06_c04.avi,/Users/josephkamil/Desktop/Capstone/Oly_Data/raw/clean_and_jerk/v_CleanAndJerk_g06_c04.avi,clean_and_jerk,246,246,246,160.72744750976562,30.845272064208984,44.36370086669922,179.46971130371094,59.660888671875,158.17384338378906,27.271835327148438,57.102420806884766,179.19216918945312,68.89075469970703,82.98869323730469,63.770591735839844,21.217500686645508,173.5507049560547,5.293670654296875,0.0,0.0,0.0,0.0,0.0,0.372903436422348,0.17409929633140564,0.11049757897853851,0.8194657564163208,-0.6988437175750732,0.6157040596008301,0.05302298814058304,0.5534318685531616,0.7894725799560547,-0.10603690147399902,0.08474285155534744,0.0912623330950737,0.0031882277689874172,0.22744955122470856,0.00011886656284332275,0.792682945728302,1.0,0.1463414579629898,0.9959349632263184,0.8536585569381714,44.36370086669922,57.102420806884766,173.5507049560547,0.0,0.1991869956254959,0.1991869956254959,0.05969613790512085,0.00633176788687706,0.03830599784851074,0.004249614663422108,0.25,0.0,44.36370086669922,146.85606384277344,0.00633176788687706,0.05969613790512085,0.004249614663422108,0.03830599784851074,2.29435658454895,24.93950653076172,2.4080960750579834,69.28825378417969,-0.05284553021192551,0.8495935201644897,1.5512831211090088,1.0411555767059326,0.7089681625366211,0.23604071140289307,0.11295217275619507,0.09399542212486267
v_CleanAndJerk_g07_c01.avi,/Users/josephkamil/Desktop/Capstone/Oly_Data/raw/clean_and_jerk/v_CleanAndJerk_g07_c01.avi,clean_and_jerk,228,228,228,158.84487915039062,28.577396392822266,51.481231689453125,179.49771118164062,56.64765930175781,151.6414794921875,26.284502029418945,53.5429573059082,171.46437072753906,60.89514923095703,94.08921813964844,65.70958709716797,10.44727611541748,179.23577880859375,18.15142822265625,0.0,0.0,0.0,0.0,0.0,0.2885828912258148,0.15295930206775665,0.1491917371749878,0.6534414291381836,-0.48537492752075195,0.5538904070854187,0.081563800573349,0.37847644090652466,0.8094485998153687,0.05634891986846924,0.109452985227108,0.0871908888220787,0.00044573936611413956,0.2576155662536621,-0.040275171399116516,0.8464912176132202,1.0,0.1535087674856186,0.9956140518188477,0.8464912176132202,51.481231689453125,53.5429573059082,179.23577880859375,0.0,0.19736842811107635,0.19736842811107635,0.06964457035064697,0.005980724468827248,0.08080404996871948,0.00573700200766325,1.0,0.0,51.481231689453125,142.9936981201172,0.005980724468827248,0.06964457035064697,0.00573700200766325,0.08080404996871948,2.421053886413574,33.88611602783203,3.2672479152679443,93.47001647949219,-0.04385964944958687,0.8421052694320679,1.3576244115829468,1.3022994995117188,0.5042496919631958,0.430972158908844,0.10809016972780228,0.03477749973535538
v_CleanAndJerk_g07_c02.avi,/Users/josephkamil/Desktop/Capstone/Oly_Data/raw/clean_and_jerk/v_CleanAndJerk_g07_c02.avi,clean_and_jerk,286,286,304,164.44247436523438,18.06841278076172,78.989013671875,178.0223846435547,15.063034057617188,162.98802185058594,7.183674335479736,127.19502258300781,174.0210723876953,24.889175415039062,92.36344146728516,60.538875579833984,3.3270466327667236,178.86614990234375,8.896408081054688,0.0,0.0,0.0,0.0,0.0,0.2483053207397461,0.09768431633710861,0.11034062504768372,0.6026959419250488,-0.4889184832572937,0.5486964583396912,0.045441243797540665,0.4096488356590271,0.6840147972106934,0.10438090562820435,0.07860517501831055,0.0994851291179657,0.0004167183069512248,0.27013272047042847,-0.035043925046920776,0.7447552680969238,1.0,0.0839160829782486,0.996503472328186,0.9160839319229126,78.989013671875,127.19502258300781,178.86614990234375,0.0,0.7377622127532959,0.06293706595897675,0.06270891427993774,0.004580303095281124,0.10657498240470886,0.0036137045826762915,1.0,0.0,129.0819091796875,78.989013671875,0.004580303095281124,0.06270891427993774,0.0036137045826762915,0.10657498240470886,2.3340821266174316,39.27532958984375,6.846950531005859,91.3782730102539,-0.6538461446762085,0.9125874042510986,1.3053864240646362,1.0299057960510254,0.4923553168773651,0.27436596155166626,0.0692078098654747,0.06787187606096268
v_CleanAndJerk_g07_c03.avi,/Users/josephkamil/Desktop/Capstone/Oly_Data/raw/clean_and_jerk/v_CleanAndJerk_g07_c03.avi,clean_and_jerk,210,210,228,161.30233764648438,27.21436309814453,39.60163879394531,179.36924743652344,37.09617614746094,153.27809143066406,26.50032615661621,36.49692916870117,172.632568359375,44.95390319824219,98.91545867919922,59.55913162231445,27.486082077026367,179.14312744140625,12.9140625,0.0,0.0,0.0,0.0,0.0,0.2928696870803833,0.16093775629997253,0.1280880868434906,0.6671964526176453,-0.5126907229423523,0.5394051671028137,0.0544392429292202,0.42887169122695923,0.7173104882240295,0.04953533411026001,0.09878814220428467,0.0928158238530159,0.0015386462910100818,0.2513153851032257,-0.04923272132873535,0.800000011920929,1.0,0.19523809850215912,0.9952380657196045,0.8047618865966797,39.60163879394531,36.49692916870117,179.14312744140625,0.0,0.02857142873108387,0.02857142873108387,0.10073727369308472,0.006397276185452938,0.07972913980484009,0.006066146772354841,0.0,0.0,39.60163879394531,155.28550720214844,0.006397276185452938,0.10073727369308472,0.006066146772354841,0.07972913980484009,2.5541722774505615,53.434837341308594,2.429147243499756,42.17838668823242,0.1666666716337204,0.800000011920929,1.3370307683944702,1.267824649810791,0.539108395576477,0.2884387969970703,0.07835090160369873,0.04743187874555588
v_CleanAndJerk_g07_c04.avi,/Users/josephkamil/Desktop/Capstone/Oly_Data/raw/clean_and_jerk/v_CleanAndJerk_g07_c04.avi,clean_and_jerk,285,285,285,155.3005828857422,32.66327667236328,37.5063591003418,177.29144287109375,29.534683227539062,154.2712860107422,26.914772033691406,39.0693473815918,176.4501495361328,41.17634582519531,88.26683044433594,60.59966278076172,2.485250473022461,179.27220153808594,9.9423828125,0.0,0.0,0.0,0.0,0.0,0.2752760946750641,0.13473719358444214,0.09263280034065247,0.6669691205024719,-0.5720034241676331,0.55170077085495,0.07253808528184891,0.4363839030265808,0.8171356916427612,0.02412712574005127,0.07292812317609787,0.0981535017490387,0.0002269736141897738,0.2636217474937439,-0.041486382484436035,0.7929824590682983,1.0,0.09473684430122375,0.9964912533760071,0.9052631855010986,37.5063591003418,39.0693473815918,179.27220153808594,0.0,0.11929824203252792,0.13333334028720856,0.08202111721038818,0.0052951243706047535,0.11123991012573242,0.004556206986308098,0.5,0.0,37.5063591003418,82.20669555664062,0.0052951243706047535,0.08202111721038818,0.004556206986308098,0.11123991012573242,2.733954668045044,65.86817169189453,7.970208168029785,99.81465148925781,-0.024561403319239616,0.9017543792724609,1.5038152933120728,1.293962836265564,0.5743362903594971,0.3807517886161804,0.08169204741716385,0.07078738510608673
v_CleanAndJerk_g07_c05.avi,/Users/josephkamil/Desktop/Capstone/Oly_Data/raw/clean_and_jerk/v_CleanAndJerk_g07_c05.avi,clean_and_jerk,190,190,190,158.54701232910156,27.33680534362793,58.0804328918457,179.36764526367188,14.975082397460938,153.5428009033203,25.408876419067383,67.28654479980469,178.8618927001953,51.44346618652344,87.59615325927734,64.59188079833984,22.991594314575195,179.11643981933594,-2.5168609619140625,0.0,0.0,0.0,0.0,0.0,0.3079039454460144,0.15136782824993134,0.1407071352005005,0.695529043674469,-0.5254685878753662,0.5545551776885986,0.08258742094039917,0.3962274491786957,0.819952666759491,0.05442047119140625,0.08537867665290833,0.09237927198410034,0.0011380069190636277,0.2454044669866562,-0.049441128969192505,0.7947368621826172,1.0,0.14210526645183563,0.9947368502616882,0.8578947186470032,58.0804328918457,67.28654479980469,179.11643981933594,0.0,0.18421052396297455,0.20000000298023224,0.07163205742835999,0.008358234539628029,0.12194067239761353,0.007294340059161186,1.0,0.0,58.0804328918457,140.3834228515625,0.008358234539628029,0.07163205742835999,0.007294340059161186,0.12194067239761353,2.9715576171875,35.7762451171875,4.105062007904053,79.42117309570312,-0.04210526496171951,0.8526315689086914,1.5797063112258911,1.37863028049469,0.5548219084739685,0.4237252175807953,0.10771416872739792,0.062240853905677795
v_CleanAndJerk_g08_c01.avi,/Users/josephkamil/Desktop/Capstone/Oly_Data/raw/clean_and_jerk/v_CleanAndJerk_g08_c01.avi,clean_and_jerk,177,177,236,152.23309326171875,26.361345291137695,54.621917724609375,178.96533203125,42.683990478515625,143.6509246826172,42.48823547363281,25.962297439575195,179.19210815429688,45.22160339355469,89.69718933105469,56.530494689941406,2.4142420291900635,178.32252502441406,11.521034240722656,0.0,0.0,0.0,0.0,0.0,0.40347325801849365,0.06374084949493408,0.28577014803886414,0.5785938501358032,-0.18584781885147095,0.4834051728248596,0.06740626692771912,0.33540868759155273,0.5885697603225708,0.09388077259063721,0.05976331606507301,0.04912923648953438,0.006688212975859642,0.22171755135059357,-0.04585026949644089,0.6101694703102112,1.0,0.033898305147886276,0.994350254535675,0.9661017060279846,54.621917724609375,25.962297439575195,178.32252502441406,0.0,0.011299435049295425,0.06779661029577255,0.1430642008781433,0.015448266640305519,0.125524640083313,0.008075365796685219,0.125,0.0,54.621917724609375,141.28524780273438,0.015448266640305519,0.1430642008781433,0.008075365796685219,0.125524640083313,8.162327766418457,113.77793884277344,22.081052780151367,147.6334686279297,0.02259887009859085,0.9604519605636597,2.7188949584960938,1.421264410018921,0.2928237020969391,0.25316107273101807,0.026406610384583473,0.0325138084590435
v_CleanAndJerk_g08_c02.avi,/Users/josephkamil/Desktop/Capstone/Oly_Data/raw/clean_and_jerk/v_CleanAndJerk_g08_c02.avi,clean_and_jerk,93,93,107,138.7359161376953,39.11190414428711,34.2755126953125,179.19189453125,3.57696533203125,137.81845092773438,39.66057205200195,45.66105270385742,179.4108123779297,41.77937316894531,114.67792510986328,59.33164978027344,2.8241429328918457,178.6374053955078,1.347991943359375,0.0,0.0,0.0,0.0,0.0,0.49764484167099,0.11454799026250839,0.34647589921951294,0.7550278902053833,-0.24026843905448914,0.6401958465576172,0.05948217585682869,0.5455775856971741,0.7746639251708984,-0.04708915948867798,0.06821853667497635,0.04174870252609253,0.0064766970463097095,0.14566940069198608,-0.052704110741615295,0.5698924660682678,1.0,0.25806450843811035,0.9784946441650391,0.7311828136444092,34.2755126953125,45.66105270385742,178.6374053955078,0.0,0.37634408473968506,0.09677419066429138,0.12042972445487976,0.01872190088033676,0.0643242597579956,0.010089055635035038,1.0,0.0,34.2755126953125,112.49713134765625,0.01872190088033676,0.12042972445487976,0.010089055635035038,0.0643242597579956,7.6359477043151855,49.664634704589844,22.713459014892578,162.16525268554688,-0.11827956885099411,0.7204301357269287,1.7224148511886597,0.9281931519508362,0.40855199098587036,0.22908633947372437,0.06076813489198685,0.02640935219824314
v_CleanAndJerk_g08_c03.avi,/Users/josephkamil/Desktop/Capstone/Oly_Data/raw/clean_and_jerk/v_CleanAndJerk_g08_c03.avi,clean_and_jerk,90,90,110,129.88067626953125,44.86577606201172,41.778602600097656,179.08514404296875,96.31327056884766,133.30844116210938,43.17570877075195,34.8796501159668,175.98135375976562,122.48989868164062,130.95753479003906,44.95479202270508,4.471011638641357,177.27513122558594,-80.70408630371094,0.0,0.0,0.0,0.0,0.0,0.3991454541683197,0.09721904247999191,0.28369802236557007,0.6503133773803711,-0.2856946587562561,0.5292194485664368,0.04334615543484688,0.4632326364517212,0.6204341650009155,-0.053196072578430176,0.062378183007240295,0.026049576699733734,0.005386282689869404,0.11601780354976654,-0.06790976226329803,0.7222222089767456,1.0,0.24444444477558136,0.9888888597488403,0.7555555701255798,41.778602600097656,34.8796501159668,177.27513122558594,0.0,0.3222222328186035,0.0555555559694767,0.09039056301116943,0.013819199986755848,0.04967844486236572,0.006559192668646574,1.0,0.0,41.778602600097656,120.72012329101562,0.013819199986755848,0.09039056301116943,0.006559192668646574,0.04967844486236572,11.454508781433105,70.65902709960938,25.19911766052246,172.23373413085938,-0.07777778059244156,0.7444444298744202,1.22990882396698,0.5837681293487549,0.366615355014801,0.15720152854919434,0.04678872972726822,0.026845339685678482
v_CleanAndJerk_g08_c04.avi,/Users/josephkamil/Desktop/Capstone/Oly_Data/raw/clean_and_jerk/v_CleanAndJerk_g08_c04.avi,clean_and_jerk,265,265,278,143.75318908691406,34.01219940185547,29.53445816040039,179.33001708984375,39.613311767578125,158.5757598876953,32.25979995727539,53.9185905456543,179.5825958251953,92.05755615234375,92.67545318603516,59.86383819580078,2.238213539123535,179.1248016357422,-30.794387817382812,0.0,0.0,0.0,0.0,0.0,0.31997060775756836,0.1343536674976349,0.17585588991641998,0.7037106156349182,-0.5113399624824524,0.5568864941596985,0.08940034359693527,0.40221911668777466,0.7311536073684692,0.12577486038208008,0.10284055024385452,0.08526211977005005,0.003547441912814975,0.23823688924312592,-0.0304182767868042,0.652830183506012,1.0,0.16603773832321167,0.99622642993927,0.8339622616767883,29.53445816040039,53.9185905456543,179.1248016357422,0.0,0.16981132328510284,0.16981132328510284,0.13956129550933838,0.012337530963122845,0.07643625140190125,0.0070089418441057205,0.125,0.0,29.53445816040039,43.095706939697266,0.012337530963122845,0.13956129550933838,0.0070089418441057205,0.07643625140190125,7.4107985496521,93.61436462402344,13.380583763122559,120.822998046875,-0.0037735849618911743,0.8301886916160583,3.257108211517334,1.850360631942749,0.5278547406196594,0.3289344906806946,0.06290771067142487,0.07141284644603729
v_CleanAndJerk_g09_c01.avi,/Users/josephkamil/Desktop/Capstone/Oly_Data/raw/clean_and_jerk/v_CleanAndJerk_g09_c01.avi,clean_and_jerk,138,138,253,160.92343139648438,25.736238479614258,35.682926177978516,179.55410766601562,8.716415405273438,151.41744995117188,27.266883850097656,8.564456939697266,179.13858032226562,28.068527221679688,100.904052734375,75.40640258789062,2.2902369499206543,179.26698303222656,-10.912353515625,0.0,0.0,0.0,0.0,0.0,0.4193844497203827,0.21802164614200592,0.14920295774936676,0.8229254484176636,-0.646023154258728,0.6233283877372742,0.06309778243303299,0.5198696851730347,0.7940446734428406,-0.06750088930130005,0.125716432929039,0.10449782758951187,0.0031910561956465244,0.2775309681892395,-0.009823843836784363,0.52173912525177,1.0,0.28260868787765503,0.9927536249160767,0.717391312122345,35.682926177978516,8.564456939697266,179.26698303222656,0.0,0.7246376872062683,0.7246376872062683,0.10061275959014893,0.009389694780111313,0.2102394700050354,0.009510328993201256,1.0,0.0,79.41770935058594,35.682926177978516,0.009389694780111313,0.10061275959014893,0.009510328993201256,0.2102394700050354,4.958505153656006,138.16676330566406,5.272183418273926,153.77587890625,-0.4420289993286133,0.7101449370384216,1.2863881587982178,1.302915096282959,0.673722505569458,0.2741749882698059,0.10962072759866714,0.06259369105100632
v_CleanAndJerk_g09_c02.avi,/Users/josephkamil/Desktop/Capstone/Oly_Data/raw/clean_and_jerk/v_CleanAndJerk_g09_c02.avi,clean_and_jerk,109,109,232,131.57972717285156,50.88098907470703,41.59263610839844,179.5613250732422,-7.8833770751953125,128.58462524414062,46.77146911621094,47.14293670654297,178.6518096923828,10.7305908203125,49.804039001464844,63.79132843017578,1.5683852434158325,178.9980010986328,0.6078948974609375,0.0,0.0,0.0,0.0,0.0,0.4112531244754791,0.12087134271860123,0.2142626941204071,0.629610002040863,-0.41470515727996826,0.6058581471443176,0.08713685721158981,0.4743289351463318,0.7458233833312988,0.10470902919769287,0.05790899693965912,0.08640202134847641,0.001252999878488481,0.2739124298095703,-0.07632489502429962,0.3669724762439728,1.0,0.14678898453712463,0.9908257126808167,0.853210985660553,41.59263610839844,47.14293670654297,178.9980010986328,0.0,0.2752293646335602,0.2844036817550659,0.1241159737110138,0.011277711018919945,0.12737679481506348,0.00855188723653555,0.0,0.0,41.59263610839844,144.19229125976562,0.011277711018919945,0.1241159737110138,0.00855188723653555,0.12737679481506348,4.3628106117248535,42.12372589111328,7.959222316741943,123.4063720703125,-0.12844036519527435,0.8440366983413696,1.2179927825927734,0.9236037731170654,0.41534730792045593,0.27149444818496704,0.08572126179933548,0.032909683883190155
v_CleanAndJerk_g09_c03.avi,/Users/josephkamil/Desktop/Capstone/Oly_Data/raw/clean_and_jerk/v_CleanAndJerk_g09_c03.avi,clean_and_jerk,227,227,232,166.77359008789062,23.3518009185791,61.350624084472656,179.37367248535156,5.61431884765625,159.00201416015625,23.356412887573242,54.62638473510742,177.86314392089844,29.551361083984375,58.061927795410156,67.1352310180664,1.40703284740448,179.4180450439453,-7.881866455078125,0.0,0.0,0.0,0.0,0.0,0.32030773162841797,0.11010819673538208,0.16288551688194275,0.6573026180267334,-0.4808191657066345,0.5705333948135376,0.04911446198821068,0.5024247169494629,0.7397905588150024,0.09481704235076904,0.0658562183380127,0.09381210058927536,0.0010616615181788802,0.290896475315094,-0.07901613414287567,0.5638766288757324,1.0,0.09251101315021515,0.9955947399139404,0.907489001750946,61.350624084472656,54.62638473510742,179.4180450439453,0.0,0.12775330245494843,0.12775330245494843,0.04313915967941284,0.005949913989752531,0.1012691855430603,0.004438486881554127,0.125,0.0,61.350624084472656,159.1644744873047,0.005949913989752531,0.04313915967941284,0.004438486881554127,0.1012691855430603,1.8806146383285522,37.53431701660156,3.287801742553711,128.7478485107422,-0.035242289304733276,0.9030836820602417,1.3446805477142334,1.0030980110168457,0.49441710114479065,0.23736584186553955,0.0691632330417633,0.07440580427646637
v_CleanAndJerk_g09_c04.avi,/Users/josephkamil/Desktop/Capstone/Oly_Data/raw/clean_and_jerk/v_CleanAndJerk_g09_c04.avi,clean_and_jerk,94,94,232,153.4989471435547,29.771047592163086,76.56673431396484,179.41134643554688,30.152786254882812,142.7579345703125,30.564062118530273,15.880797386169434,169.95347595214844,38.683074951171875,79.49855041503906,71.55419158935547,5.0795769691467285,179.1088409423828,-3.392547607421875,0.0,0.0,0.0,0.0,0.0,0.4243209660053253,0.15542922914028168,0.17943596839904785,0.7565818428993225,-0.555533766746521,0.5696907639503479,0.07848898321390152,0.4664151072502136,0.7830281257629395,-0.0043065547943115234,0.1077997237443924,0.1155577152967453,0.0017680278979241848,0.3032993972301483,-0.10165594518184662,0.1808510571718216,1.0,0.3191489279270172,0.9893617033958435,0.6808510422706604,76.56673431396484,15.880797386169434,179.1088409423828,0.0,0.42553192377090454,0.936170220375061,0.4814269542694092,0.02234000526368618,0.13397252559661865,0.012947112321853638,0.125,0.0,76.56673431396484,83.06664276123047,0.02234000526368618,0.4814269542694092,0.012947112321853638,0.13397252559661865,5.784376621246338,94.0527114868164,12.554362297058105,160.8904266357422,-0.10638298094272614,0.6702127456665039,2.077620506286621,1.204081416130066,0.5771458745002747,0.31661301851272583,0.09137620031833649,0.12115447223186493
v_CleanAndJerk_g10_c01.avi,/Users/josephkamil/Desktop/Capstone/Oly_Data/raw/clean_and_jerk/v_CleanAndJerk_g10_c01.avi,clean_and_jerk,133,133,194,167.80177307128906,13.098396301269531,128.8217010498047,178.3011016845703,12.12371826171875,169.13531494140625,14.813742637634277,18.870054244995117,179.5800018310547,153.11842346191406,81.94402313232422,64.47834777832031,7.299548625946045,178.27822875976562,123.28619384765625,0.0,0.0,0.0,0.0,0.0,0.2919830083847046,0.06517942994832993,0.1410234123468399,0.46052223443984985,-0.27589738368988037,0.550402045249939,0.07839304953813553,0.337954580783844,0.6949071884155273,0.2373102307319641,0.09971406310796738,0.055059030652046204,0.029160767793655396,0.2181306779384613,0.12343722581863403,0.4436090290546417,1.0,0.42105263471603394,0.9924812316894531,0.5789473652839661,128.8217010498047,18.870054244995117,178.27822875976562,0.0,0.7142857313156128,0.0,0.29420003294944763,0.02008461207151413,0.04560905694961548,0.005510783288627863,1.0,0.0,155.62130737304688,128.8217010498047,0.02008461207151413,0.29420003294944763,0.005510783288627863,0.04560905694961548,1.7449965476989746,21.128555297851562,9.821154594421387,131.8472900390625,-0.29323309659957886,0.5714285969734192,2.6511688232421875,0.727423369884491,0.31949883699417114,0.35695260763168335,0.06070517748594284,0.05232670530676842
v_CleanAndJerk_g10_c02.avi,/Users/josephkamil/Desktop/Capstone/Oly_Data/raw/clean_and_jerk/v_CleanAndJerk_g10_c02.avi,clean_and_jerk,90,90,184,155.90750122070312,21.053386688232422,25.11086082458496,176.01467895507812,5.8902435302734375,164.68954467773438,21.998281478881836,22.43537139892578,179.5983123779297,16.070037841796875,149.3695068359375,47.440643310546875,16.00616455078125,179.26931762695312,-3.2708587646484375,0.0,0.0,0.0,0.0,0.0,0.33126527070999146,0.07274209707975388,0.1949910968542099,0.5004945993423462,0.019089698791503906,0.5970932841300964,0.11048940569162369,0.2986212372779846,0.75870680809021,0.3014516234397888,0.11202908307313919,0.07010840624570847,0.0072995200753211975,0.22815383970737457,-0.18722672760486603,0.5333333611488342,1.0,0.20000000298023224,0.9888888597488403,0.800000011920929,25.11086082458496,22.43537139892578,179.26931762695312,0.0,0.18888889253139496,0.18888889253139496,0.24381934106349945,0.03461894392967224,0.08956336975097656,0.01123050320893526,0.5,0.0,25.11086082458496,146.260009765625,0.03461894392967224,0.24381934106349945,0.01123050320893526,0.08956336975097656,6.0056023597717285,150.90382385253906,18.354045867919922,149.54815673828125,0.011111111380159855,0.7888888716697693,3.0810859203338623,0.9995147585868835,0.3055034875869751,0.46008557081222534,0.049440477043390274,0.06309386342763901
v_CleanAndJerk_g10_c03.avi,/Users/josephkamil/Desktop/Capstone/Oly_Data/raw/clean_and_jerk/v_CleanAndJerk_g10_c03.avi,clean_and_jerk,177,177,204,163.7902374267578,17.230342864990234,74.37501525878906,179.45620727539062,19.990554809570312,165.3341522216797,20.07402992248535,4.338565349578857,179.48129272460938,24.816482543945312,79.14462280273438,63.6898078918457,2.720865249633789,179.21583557128906,2.6282196044921875,0.0,0.0,0.0,0.0,0.0,0.37412500381469727,0.08077430725097656,0.2508779764175415,0.6385209560394287,-0.29629653692245483,0.6079757809638977,0.06950613111257553,0.4106195271015167,0.727735698223114,0.07437241077423096,0.07000349462032318,0.047609105706214905,0.006194705609232187,0.20260944962501526,-0.11796265840530396,0.8135592937469482,1.0,0.016949152573943138,0.994350254535675,0.9830508232116699,74.37501525878906,4.338565349578857,179.21583557128906,0.0,0.016949152573943138,0.005649717524647713,0.24180054664611816,0.026138337329030037,0.12934279441833496,0.00784029345959425,0.125,0.0,74.37501525878906,128.79098510742188,0.026138337329030037,0.24180054664611816,0.00784029345959425,0.12934279441833496,3.876331090927124,68.63618469238281,20.797338485717773,159.07432556152344,0.0,0.9774011373519897,4.600347518920898,1.3798916339874268,0.3876429796218872,0.3171161711215973,0.06211255490779877,0.07729586213827133
v_CleanAndJerk_g10_c04.avi,/Users/josephkamil/Desktop/Capstone/Oly_Data/raw/clean_and_jerk/v_CleanAndJerk_g10_c04.avi,clean_and_jerk,255,255,261,171.58067321777344,11.052420616149902,59.35972213745117,179.52249145507812,0.121124267578125,170.65829467773438,8.615415573120117,63.01068878173828,179.55982971191406,3.75347900390625,97.32634735107422,65.64124298095703,1.380389928817749,179.2401885986328,-8.910903930664062,0.0,0.0,0.0,0.0,0.0,0.3425075113773346,0.09790968149900436,0.13832294940948486,0.5888886451721191,-0.42549148201942444,0.5588966608047485,0.0702066421508789,0.3457900285720825,0.7029426097869873,0.08265179395675659,0.0791156068444252,0.0646241307258606,0.007461112458258867,0.22331683337688446,-0.0012450814247131348,0.501960813999176,1.0,0.125490203499794,0.9960784316062927,0.8745098114013672,59.35972213745117,63.01068878173828,179.2401885986328,0.0,0.21176470816135406,0.21176470816135406,0.19522035121917725,0.016186334192752838,0.10793894529342651,0.005903548561036587,0.875,0.0,59.35972213745117,144.9061737060547,0.016186334192752838,0.19522035121917725,0.005903548561036587,0.10793894529342651,3.757080078125,94.71086120605469,15.993154525756836,153.71502685546875,-0.08627451211214066,0.8705882430076599,4.111329078674316,1.499501347541809,0.4505656957626343,0.3571525812149048,0.08850529789924622,0.08918372541666031
v_CleanAndJerk_g11_c01.avi,/Users/josephkamil/Desktop/Capstone/Oly_Data/raw/clean_and_jerk/v_CleanAndJerk_g11_c01.avi,clean_and_jerk,207,207,207,155.21194458007812,28.559343338012695,53.35725784301758,179.51820373535156,36.37232971191406,149.2061767578125,26.219188690185547,59.687625885009766,171.18455505371094,40.065711975097656,112.40464782714844,65.62644958496094,19.084352493286133,179.2313232421875,18.458511352539062,0.0,0.0,0.0,0.0,0.0,0.3465562164783478,0.15433309972286224,0.1485135853290558,0.5927715301513672,-0.43201518058776855,0.558626115322113,0.08316884934902191,0.3685462474822998,0.767170786857605,0.08428961038589478,0.11925984174013138,0.09442906826734543,0.0031433305703103542,0.2382538616657257,-0.030964434146881104,0.6811594367027283,1.0,0.260869562625885,0.9951691031455994,0.739130437374115,53.35725784301758,59.687625885009766,179.2313232421875,0.0,0.30434781312942505,0.2946859896183014,0.05506414175033569,0.0056876856833696365,0.1112927496433258,0.005745755974203348,0.75,0.0,53.35725784301758,147.3419647216797,0.0056876856833696365,0.05506414175033569,0.005745755974203348,0.1112927496433258,2.4140243530273438,25.696929931640625,3.0364878177642822,55.82191467285156,-0.043478261679410934,0.7342995405197144,1.1716632843017578,1.1836256980895996,0.4442579448223114,0.3986245393753052,0.10020298510789871,0.054136745631694794
v_CleanAndJerk_g11_c02.avi,/Users/josephkamil/Desktop/Capstone/Oly_Data/raw/clean_and_jerk/v_CleanAndJerk_g11_c02.avi,clean_and_jerk,302,302,302,156.3581085205078,37.15081787109375,20.15275001525879,179.3960418701172,63.64673614501953,152.61923217773438,32.465850830078125,30.737157821655273,179.51954650878906,40.993064880371094,72.26942443847656,58.60869216918945,21.580127716064453,179.30364990234375,19.997573852539062,0.0,0.0,0.0,0.0,0.0,0.31770041584968567,0.12944044172763824,0.1669088900089264,0.6024670600891113,-0.4183095693588257,0.5370759963989258,0.0794004276394844,0.3928297460079193,0.8102145791053772,0.05257865786552429,0.06331200897693634,0.08306808769702911,0.0009901633020490408,0.24515485763549805,-0.05591326951980591,0.8211920261383057,1.0,0.1589404046535492,0.996688723564148,0.8410596251487732,20.15275001525879,30.737157821655273,179.30364990234375,0.0,0.029801324009895325,0.026490066200494766,0.04676693677902222,0.004775861743837595,0.06372508406639099,0.005274771712720394,0.0,0.0,20.15275001525879,159.94964599609375,0.004775861743837595,0.04676693677902222,0.005274771712720394,0.06372508406639099,2.180943250656128,31.24481201171875,2.2823357582092285,101.7343978881836,0.12913906574249268,0.8377483487129211,1.4375343322753906,1.5877063274383545,0.43555817008018494,0.4173848330974579,0.09318532049655914,0.03884943574666977
v_CleanAndJerk_g11_c03.avi,/Users/josephkamil/Desktop/Capstone/Oly_Data/raw/clean_and_jerk/v_CleanAndJerk_g11_c03.avi,clean_and_jerk,320,320,320,150.79611206054688,47.5284309387207,31.215919494628906,179.55091857910156,140.858642578125,144.3652801513672,42.2396125793457,38.11225891113281,174.26905822753906,128.10443115234375,93.61483001708984,67.19499206542969,20.380470275878906,179.19859313964844,-5.1348419189453125,0.0,0.0,0.0,0.0,0.0,0.33281409740448,0.14812791347503662,0.13655005395412445,0.58963942527771,-0.4072600305080414,0.5455116033554077,0.07089798152446747,0.3768908679485321,0.8168623447418213,-0.007494091987609863,0.09457610547542572,0.08746182918548584,0.0007981024100445211,0.22331014275550842,-0.03582632541656494,0.7437499761581421,1.0,0.24687500298023224,0.996874988079071,0.753125011920929,31.215919494628906,38.11225891113281,179.19859313964844,0.0,0.13437500596046448,0.13437500596046448,0.051029548048973083,0.0046139429323375225,0.06474107503890991,0.004663123749196529,0.0,0.0,31.215919494628906,155.76791381835938,0.0046139429323375225,0.051029548048973083,0.004663123749196529,0.06474107503890991,2.239758014678955,32.97181701660156,2.8044798374176025,80.57862854003906,0.11249999701976776,0.75,1.4718477725982666,1.4875365495681763,0.4530893564224243,0.4399714767932892,0.09258370101451874,0.05253148823976517
v_CleanAndJerk_g11_c04.avi,/Users/josephkamil/Desktop/Capstone/Oly_Data/raw/clean_and_jerk/v_CleanAndJerk_g11_c04.avi,clean_and_jerk,207,207,207,163.01780700683594,29.795734405517578,35.20359420776367,179.5124053955078,14.398635864257812,157.26278686523438,28.379972457885742,41.71693801879883,179.1650848388672,45.566307067871094,105.11045837402344,62.22686767578125,30.484844207763672,179.29080200195312,-7.1805877685546875,0.0,0.0,0.0,0.0,0.0,0.3352360427379608,0.1298687756061554,0.17764738202095032,0.5795036554336548,-0.3935757875442505,0.543815553188324,0.09319891780614853,0.34960371255874634,0.7943849563598633,0.1611635982990265,0.09491752088069916,0.08693551272153854,0.0007213396020233631,0.22830446064472198,-0.0571298748254776,0.8019323945045471,1.0,0.19806763529777527,0.9951691031455994,0.8019323945045471,35.20359420776367,41.71693801879883,179.29080200195312,0.0,0.23671497404575348,0.23671497404575348,0.04757469892501831,0.0057921456173062325,0.07166904211044312,0.006571225356310606,1.0,0.0,35.20359420776367,155.63046264648438,0.0057921456173062325,0.04757469892501831,0.006571225356310606,0.07166904211044312,2.323606014251709,49.13227844238281,4.152519702911377,103.58733367919922,-0.03864734247326851,0.7971014380455017,1.1931819915771484,1.3536723852157593,0.40185627341270447,0.44478124380111694,0.10080865025520325,0.052806928753852844
v_CleanAndJerk_g12_c01.avi,/Users/josephkamil/Desktop/Capstone/Oly_Data/raw/clean_and_jerk/v_CleanAndJerk_g12_c01.avi,clean_and_jerk,155,155,166,131.05459594726562,35.574684143066406,4.14735746383667,179.34564208984375,84.19927978515625,129.7648162841797,40.36704635620117,64.39093017578125,179.44244384765625,107.13424682617188,126.36923217773438,55.420631408691406,18.39603042602539,178.94017028808594,-23.243743896484375,0.0,0.0,0.0,0.0,0.0,0.4693939685821533,0.16575293242931366,0.16772346198558807,0.6643324494361877,-0.17170345783233643,0.5341038703918457,0.049670230597257614,0.43567460775375366,0.6525776386260986,-0.06029123067855835,0.10111355036497116,0.044729702174663544,0.027596330270171165,0.15695969760417938,0.0036890804767608643,0.31612902879714966,1.0,0.41290321946144104,0.948387086391449,0.5419355034828186,4.14735746383667,64.39093017578125,178.94017028808594,0.0,0.2774193584918976,0.0,0.1695760190486908,0.012902271002531052,0.04204434156417847,0.005296699237078428,0.0,0.0,4.14735746383667,99.00863647460938,0.012902271002531052,0.1695760190486908,0.005296699237078428,0.04204434156417847,7.9953107833862305,91.21499633789062,11.601310729980469,122.76094055175781,0.13548387587070465,0.5354838967323303,1.9869496822357178,0.8156916499137878,0.4966089725494385,0.21690303087234497,0.09542028605937958,0.10160461813211441
v_CleanAndJerk_g12_c02.avi,/Users/josephkamil/Desktop/Capstone/Oly_Data/raw/clean_and_jerk/v_CleanAndJerk_g12_c02.avi,clean_and_jerk,95,95,100,131.9014892578125,30.067138671875,37.24079895019531,177.2855682373047,74.84685516357422,144.62123107910156,27.7514591217041,64.734375,179.36190795898438,59.82530212402344,114.89591979980469,56.59218215942383,3.307210683822632,178.48976135253906,0.032623291015625,0.0,0.0,0.0,0.0,0.0,0.44618549942970276,0.13443046808242798,0.16919204592704773,0.6507490873336792,-0.47161999344825745,0.5528918504714966,0.058784715831279755,0.43675726652145386,0.6680780053138733,-0.08148032426834106,0.08649684488773346,0.044269658625125885,0.020456558093428612,0.1603008657693863,0.008646771311759949,0.3052631616592407,1.0,0.4842105209827423,0.9894737005233765,0.5157894492149353,37.24079895019531,64.734375,178.48976135253906,0.0,0.05263157933950424,0.05263157933950424,0.15189579129219055,0.018503330647945404,0.05493342876434326,0.00878389272838831,0.0,1.0,37.24079895019531,120.72332000732422,0.018503330647945404,0.15189579129219055,0.00878389272838831,0.05493342876434326,11.653787612915039,140.04476928710938,15.306713104248047,160.35470581054688,0.43157893419265747,0.5052631497383118,1.739313006401062,0.8256859183311462,0.48155704140663147,0.23132073879241943,0.06942544877529144,0.09314999729394913
v_CleanAndJerk_g12_c03.avi,/Users/josephkamil/Desktop/Capstone/Oly_Data/raw/clean_and_jerk/v_CleanAndJerk_g12_c03.avi,clean_and_jerk,111,111,125,142.89678955078125,30.132450103759766,66.19903564453125,179.31834411621094,69.99933624267578,147.1270294189453,35.03091049194336,66.40644073486328,179.44187927246094,85.35671997070312,105.74519348144531,61.917049407958984,10.460264205932617,178.88558959960938,-104.01275634765625,0.0,0.0,0.0,0.0,0.0,0.401279479265213,0.15488962829113007,0.1575661301612854,0.6785645484924316,-0.40322256088256836,0.5278964042663574,0.05093702673912048,0.43971389532089233,0.6640114784240723,-0.09190988540649414,0.08796270936727524,0.04806142300367355,0.02133035846054554,0.15232527256011963,-0.08687635511159897,0.4954954981803894,1.0,0.27927929162979126,0.9909909963607788,0.7207207083702087,66.19903564453125,66.40644073486328,178.88558959960938,0.0,0.3333333432674408,0.06306306272745132,0.17688462138175964,0.01708686351776123,0.05251264572143555,0.007705374155193567,0.0,0.0,66.19903564453125,116.97837829589844,0.01708686351776123,0.17688462138175964,0.007705374155193567,0.05251264572143555,7.835248947143555,72.0538330078125,15.801837921142578,148.47381591796875,-0.054054055362939835,0.7117117047309875,1.8795549869537354,0.8475911617279053,0.5209984183311462,0.22429758310317993,0.07878103107213974,0.10045545548200607
v_CleanAndJerk_g12_c04.avi,/Users/josephkamil/Desktop/Capstone/Oly_Data/raw/clean_and_jerk/v_CleanAndJerk_g12_c04.avi,clean_and_jerk,122,122,136,129.66409301757812,35.945308685302734,40.76114273071289,179.09812927246094,82.37825775146484,130.22340393066406,42.17321014404297,58.69679641723633,179.46095275878906,114.95330810546875,106.60277557373047,60.99381637573242,18.879419326782227,178.47817993164062,-4.65966796875,0.0,0.0,0.0,0.0,0.0,0.4438415765762329,0.16096562147140503,0.15176716446876526,0.6935373544692993,-0.5287412405014038,0.5459844470024109,0.05972528085112572,0.44292837381362915,0.6856002807617188,-0.07630771398544312,0.09486623108386993,0.051459770649671555,0.028478527441620827,0.16577795147895813,-0.011108070611953735,0.4098360538482666,1.0,0.3196721374988556,0.9918032884597778,0.6803278923034668,40.76114273071289,58.69679641723633,178.47817993164062,0.0,0.41803279519081116,0.4098360538482666,0.1458262801170349,0.01709185726940632,0.06941774487495422,0.0070404470898211,0.5,0.0,40.76114273071289,117.12315368652344,0.01709185726940632,0.1458262801170349,0.0070404470898211,0.06941774487495422,4.747073650360107,21.84406280517578,16.871492385864258,152.2094268798828,-0.09836065769195557,0.6721311211585999,2.068114757537842,0.8518940806388855,0.5417702198028564,0.2426719069480896,0.12206210941076279,0.09371695667505264
v_CleanAndJerk_g12_c05.avi,/Users/josephkamil/Desktop/Capstone/Oly_Data/raw/clean_and_jerk/v_CleanAndJerk_g12_c05.avi,clean_and_jerk,122,122,136,133.30772399902344,37.87397384643555,38.31370544433594,178.2886505126953,37.43183135986328,133.5876922607422,41.695068359375,56.161319732666016,179.43861389160156,105.45580291748047,93.22737121582031,64.01757049560547,14.207367897033691,175.78408813476562,6.1478118896484375,0.0,0.0,0.0,0.0,0.0,0.4431229829788208,0.1376427561044693,0.18042999505996704,0.6892902851104736,-0.48467063903808594,0.5443695783615112,0.05817929282784462,0.43674546480178833,0.6852454543113708,-0.04158949851989746,0.08009658008813858,0.0500766783952713,0.030513739213347435,0.17609606683254242,-0.00023937225341796875,0.5081967115402222,1.0,0.3360655605792999,0.9918032884597778,0.6639344096183777,38.31370544433594,56.161319732666016,175.78408813476562,0.0,0.37704917788505554,0.37704917788505554,0.130081444978714,0.015395351685583591,0.0993613600730896,0.006932184100151062,1.0,0.0,38.31370544433594,115.88265228271484,0.015395351685583591,0.130081444978714,0.006932184100151062,0.0993613600730896,5.7463297843933105,45.48401641845703,12.360777854919434,141.5825653076172,-0.04098360612988472,0.6557376980781555,1.862837553024292,0.8387942910194397,0.5088602900505066,0.24849998950958252,0.1082591563463211,0.08879182487726212
v_CleanAndJerk_g12_c06.avi,/Users/josephkamil/Desktop/Capstone/Oly_Data/raw/clean_and_jerk/v_CleanAndJerk_g12_c06.avi,clean_and_jerk,146,146,151,138.0509490966797,47.78388214111328,8.515925407409668,179.3870849609375,10.798675537109375,152.40231323242188,34.689571380615234,52.73539733886719,179.47952270507812,67.4607925415039,90.21765899658203,65.15970611572266,9.079387664794922,178.52093505859375,161.96507263183594,0.0,0.0,0.0,0.0,0.0,0.37652766704559326,0.13349565863609314,0.14783868193626404,0.626349687576294,-0.4785110056400299,0.5387910604476929,0.05948016420006752,0.45287060737609863,0.686518132686615,-0.12111026048660278,0.0754527598619461,0.047536153346300125,0.014610379002988338,0.16779090464115143,0.10812260210514069,0.664383590221405,1.0,0.0,0.9931507110595703,1.0,8.515925407409668,52.73539733886719,178.52093505859375,0.0,0.054794520139694214,0.267123281955719,0.18627071380615234,0.015523549169301987,0.04115867614746094,0.005931590683758259,0.125,0.0,8.515925407409668,117.31990051269531,0.015523549169301987,0.18627071380615234,0.005931590683758259,0.04115867614746094,5.978207588195801,145.69583129882812,14.692209243774414,162.2243194580078,-0.054794520139694214,0.9931507110595703,2.2509145736694336,0.8600806593894958,0.4785110056400299,0.23364752531051636,0.1411336064338684,0.11456026881933212
v_CleanAndJerk_g12_c07.avi,/Users/josephkamil/Desktop/Capstone/Oly_Data/raw/clean_and_jerk/v_CleanAndJerk_g12_c07.avi,clean_and_jerk,130,130,151,129.0489501953125,41.517333984375,43.385498046875,179.3828887939453,69.84178161621094,132.24740600585938,43.131038665771484,49.69327926635742,179.46348571777344,95.95836639404297,107.20360565185547,64.22369384765625,15.828248977661133,176.8231964111328,0.6319427490234375,0.0,0.0,0.0,0.0,0.0,0.4087701141834259,0.17711007595062256,0.14932940900325775,0.6969586610794067,-0.5254010558128357,0.550395131111145,0.06267596781253815,0.47002488374710083,0.6955466270446777,-0.08584237098693848,0.09759138524532318,0.053821805864572525,0.022394536063075066,0.16658149659633636,-0.007185995578765869,0.5384615659713745,1.0,0.4000000059604645,0.9923076629638672,0.6000000238418579,43.385498046875,49.69327926635742,176.8231964111328,0.0,0.1230769231915474,0.38461539149284363,0.17677581310272217,0.013743070885539055,0.07194232940673828,0.0071814293041825294,0.0,0.0,43.385498046875,125.37451171875,0.013743070885539055,0.17677581310272217,0.0071814293041825294,0.07194232940673828,7.716929912567139,89.92033386230469,9.219361305236816,137.53829956054688,0.2769230902194977,0.5923076868057251,1.7728561162948608,0.9264043569564819,0.5476292371749878,0.2255217432975769,0.11002948135137558,0.07775607705116272
v_CleanAndJerk_g13_c01.avi,/Users/josephkamil/Desktop/Capstone/Oly_Data/raw/clean_and_jerk/v_CleanAndJerk_g13_c01.avi,clean_and_jerk,81,81,81,119.94103240966797,53.90460968017578,3.0875866413116455,179.1436309814453,71.25503540039062,113.70782470703125,57.305816650390625,9.708992004394531,177.54859924316406,126.25267028808594,166.5128936767578,14.707966804504395,91.53103637695312,178.8634796142578,2.82452392578125,0.0,0.0,0.0,0.0,0.0,0.5404360294342041,0.18450866639614105,0.2810729742050171,0.7944557666778564,-0.46613609790802,0.6836234331130981,0.05111629143357277,0.5919759273529053,0.7603271007537842,-0.10297894477844238,0.11460849642753601,0.03181685507297516,0.016438527032732964,0.1573765128850937,0.0077606067061424255,0.48148149251937866,1.0,0.395061731338501,0.9876543283462524,0.604938268661499,3.0875866413116455,9.708992004394531,178.8634796142578,0.0,0.12345679104328156,0.48148149251937866,0.2489490509033203,0.02643786370754242,0.03999274969100952,0.007698662579059601,0.0,0.0,3.0875866413116455,28.91806983947754,0.02643786370754242,0.2489490509033203,0.007698662579059601,0.03999274969100952,20.225353240966797,115.8018798828125,6.991513252258301,75.04786682128906,0.2716049253940582,0.5925925970077515,2.1150290966033936,0.6158930063247681,0.5133827924728394,0.1683511734008789,0.07945908606052399,0.06581304222345352
v_CleanAndJerk_g13_c02.avi,/Users/josephkamil/Desktop/Capstone/Oly_Data/raw/clean_and_jerk/v_CleanAndJerk_g13_c02.avi,clean_and_jerk,103,103,103,154.7799530029297,28.794404983520508,33.98652648925781,179.42514038085938,34.301605224609375,136.6764373779297,46.708316802978516,8.917966842651367,178.54776000976562,47.17347717285156,168.72755432128906,22.385417938232422,10.503009796142578,179.01409912109375,-3.0645904541015625,0.0,0.0,0.0,0.0,0.0,0.4094722270965576,0.16914081573486328,0.17200545966625214,0.6543827056884766,-0.3792175054550171,0.5839418768882751,0.04395701363682747,0.4866589307785034,0.6592511534690857,0.046401381492614746,0.1254594773054123,0.028703860938549042,0.011180100031197071,0.16196393966674805,-0.01602742075920105,0.5631067752838135,1.0,0.3980582654476166,0.9902912378311157,0.6019417643547058,33.98652648925781,8.917966842651367,179.01409912109375,0.0,0.029126213863492012,0.48543688654899597,0.23263156414031982,0.013999972492456436,0.04206719994544983,0.007291009649634361,0.0,0.0,33.98652648925781,97.85350036621094,0.013999972492456436,0.23263156414031982,0.007291009649634361,0.04206719994544983,11.526861190795898,106.39466857910156,6.446697235107422,147.50221252441406,0.3689320385456085,0.5922330021858215,1.4279972314834595,0.7436829805374146,0.48237723112106323,0.17259222269058228,0.06401126086711884,0.02876298874616623
v_CleanAndJerk_g13_c03.avi,/Users/josephkamil/Desktop/Capstone/Oly_Data/raw/clean_and_jerk/v_CleanAndJerk_g13_c03.avi,clean_and_jerk,114,114,114,145.8563232421875,37.77588653564453,42.59654998779297,179.04774475097656,42.61976623535156,141.1944580078125,37.868621826171875,42.842071533203125,177.3321533203125,53.68888854980469,155.5189971923828,37.04199981689453,21.270366668701172,178.47706604003906,106.60762023925781,0.0,0.0,0.0,0.0,0.0,0.3855990171432495,0.106864333152771,0.2557704448699951,0.5707170367240906,-0.25502437353134155,0.5171678066253662,0.026771195232868195,0.45228099822998047,0.5563076734542847,-0.013974964618682861,0.07296101003885269,0.020189456641674042,0.004688398912549019,0.0967239961028099,0.019032008945941925,0.6315789222717285,1.0,0.34210526943206787,0.9912280440330505,0.6578947305679321,42.59654998779297,42.842071533203125,178.47706604003906,0.0,0.41228070855140686,0.41228070855140686,0.09279382228851318,0.00881840381771326,0.035871028900146484,0.0037136003375053406,0.625,0.0,42.59654998779297,149.39215087890625,0.00881840381771326,0.09279382228851318,0.0037136003375053406,0.035871028900146484,6.731517791748047,40.344696044921875,12.94310188293457,141.9390411376953,-0.07017543911933899,0.6491228342056274,0.9964796304702759,0.4196368455886841,0.31494659185409546,0.1040266752243042,0.046759746968746185,0.011631974950432777
v_CleanAndJerk_g13_c04.avi,/Users/josephkamil/Desktop/Capstone/Oly_Data/raw/clean_and_jerk/v_CleanAndJerk_g13_c04.avi,clean_and_jerk,242,242,287,148.46299743652344,40.61470031738281,5.464835166931152,178.97544860839844,172.24853515625,152.2952880859375,36.039207458496094,13.714347839355469,179.23358154296875,29.944381713867188,128.7583770751953,52.76937484741211,4.9697370529174805,178.33583068847656,-1.7609405517578125,0.0,0.0,0.0,0.0,0.0,0.47046637535095215,0.07339364290237427,0.32046008110046387,0.6292031407356262,-0.19908514618873596,0.5760435461997986,0.027059676125645638,0.511972188949585,0.6364960670471191,0.060130178928375244,0.047264084219932556,0.03311348706483841,0.0016116008628159761,0.1038145199418068,0.019303403794765472,0.5247933864593506,1.0,0.26033058762550354,0.9958677887916565,0.7396694421768188,5.464835166931152,13.714347839355469,178.33583068847656,0.0,0.0,0.25619834661483765,0.06779748201370239,0.008086107671260834,0.06568735837936401,0.0037562295328825712,0.0,0.0,5.464835166931152,27.706283569335938,0.008086107671260834,0.06779748201370239,0.0037562295328825712,0.06568735837936401,12.719558715820312,137.83761596679688,23.949552536010742,168.64700317382812,0.26033058762550354,0.7355371713638306,1.9487520456314087,0.9052513241767883,0.30874305963516235,0.12452387809753418,0.05469759926199913,0.04582362249493599
v_CleanAndJerk_g14_c01.avi,/Users/josephkamil/Desktop/Capstone/Oly_Data/raw/clean_and_jerk/v_CleanAndJerk_g14_c01.avi,clean_and_jerk,138,138,190,159.47274780273438,26.685791015625,12.408251762390137,179.11961364746094,40.57328796386719,158.55247497558594,39.606544494628906,1.8581244945526123,179.17514038085938,95.7809829711914,137.93936157226562,28.45295524597168,49.40089797973633,177.74954223632812,-9.907669067382812,0.0,0.0,0.0,0.0,0.0,0.44288644194602966,0.08742476254701614,0.31800636649131775,0.7029894590377808,-0.2841970920562744,0.5690326690673828,0.021208448335528374,0.5204837322235107,0.6242022514343262,-0.028919577598571777,0.07015824317932129,0.027818795293569565,0.00504848500713706,0.12139231711626053,-0.09168772399425507,0.6739130616188049,1.0,0.07971014827489853,0.9927536249160767,0.9202898740768433,12.408251762390137,1.8581244945526123,177.74954223632812,0.0,0.08695652335882187,0.09420289844274521,0.1579703688621521,0.00971472728997469,0.0751105546951294,0.0038775831926614046,0.625,0.0,12.408251762390137,126.8860092163086,0.00971472728997469,0.1579703688621521,0.0038775831926614046,0.0751105546951294,6.934706211090088,92.11998748779297,12.68836784362793,100.52143859863281,-0.007246376946568489,0.9130434989929199,1.3309175968170166,0.5312288999557495,0.384983092546463,0.10371851921081543,0.05258593708276749,0.03558137267827988
v_CleanAndJerk_g14_c02.avi,/Users/josephkamil/Desktop/Capstone/Oly_Data/raw/clean_and_jerk/v_CleanAndJerk_g14_c02.avi,clean_and_jerk,177,177,226,151.86680603027344,33.12610626220703,54.07391357421875,179.46060180664062,4.522064208984375,153.32089233398438,32.388153076171875,30.976587295532227,179.39004516601562,-7.3170318603515625,119.33531188964844,41.56059265136719,6.082376956939697,178.4639129638672,-32.722042083740234,0.0,0.0,0.0,0.0,0.0,0.436705082654953,0.07967880368232727,0.30435797572135925,0.705109715461731,-0.3090905249118805,0.5581628084182739,0.05174117162823677,0.4270654320716858,0.6879762411117554,0.060900211334228516,0.06652887910604477,0.02890866994857788,0.011950716376304626,0.19042807817459106,0.03248843550682068,0.2881355881690979,1.0,0.0,0.994350254535675,1.0,54.07391357421875,30.976587295532227,178.4639129638672,0.0,0.10734463483095169,0.03954802080988884,0.16811835765838623,0.0145877031609416,0.16142407059669495,0.00570149440318346,0.0,0.0,54.07391357421875,108.77037048339844,0.0145877031609416,0.16811835765838623,0.00570149440318346,0.16142407059669495,4.234216213226318,56.42449188232422,19.04535675048828,151.10894775390625,-0.10734463483095169,0.994350254535675,2.5674357414245605,1.0034630298614502,0.4007517397403717,0.2609108090400696,0.09629031270742416,0.04452485218644142
v_CleanAndJerk_g14_c03.avi,/Users/josephkamil/Desktop/Capstone/Oly_Data/raw/clean_and_jerk/v_CleanAndJerk_g14_c03.avi,clean_and_jerk,149,149,202,149.82154846191406,42.783912658691406,14.040180206298828,179.183349609375,150.76905822753906,151.9840087890625,43.007484436035156,2.4497897624969482,179.07611083984375,171.9368133544922,105.84333801269531,46.10845184326172,10.975725173950195,178.34451293945312,124.67744445800781,0.0,0.0,0.0,0.0,0.0,0.43205901980400085,0.09504254907369614,0.30645450949668884,0.725633978843689,-0.4185541868209839,0.5788149237632751,0.04350589960813522,0.5463399887084961,0.7083497047424316,-0.013615965843200684,0.055177509784698486,0.03220600634813309,0.014542663469910622,0.11552037298679352,0.05019363388419151,0.7516778707504272,1.0,0.17449665069580078,0.9932885766029358,0.8255033493041992,14.040180206298828,2.4497897624969482,178.34451293945312,0.0,0.00671140942722559,0.0,0.10462039709091187,0.008862519636750221,0.12186020612716675,0.0038790558464825153,0.0,0.0,14.040180206298828,126.38982391357422,0.008862519636750221,0.10462039709091187,0.0038790558464825153,0.12186020612716675,3.895841360092163,61.262447357177734,12.195538520812988,129.84075927734375,0.16778524219989777,0.818791925907135,1.3116528987884521,0.5741002559661865,0.4191794693470001,0.16200971603393555,0.047579288482666016,0.04390574246644974
v_CleanAndJerk_g14_c04.avi,/Users/josephkamil/Desktop/Capstone/Oly_Data/raw/clean_and_jerk/v_CleanAndJerk_g14_c04.avi,clean_and_jerk,323,323,345,155.01844787597656,29.35157585144043,39.388973236083984,178.71234130859375,83.98758697509766,151.0598907470703,25.509756088256836,57.195682525634766,179.181640625,68.02021026611328,75.33499145507812,59.97803497314453,1.971627116203308,178.92518615722656,8.835235595703125,0.0,0.0,0.0,0.0,0.0,0.42861953377723694,0.07450646907091141,0.2502298355102539,0.6502848267555237,-0.3946300745010376,0.5663787722587585,0.03985466808080673,0.5334078073501587,0.7161158323287964,-0.06240952014923096,0.04608998820185661,0.036323025822639465,0.0014072478516027331,0.15055160224437714,0.042864181101322174,0.5789473652839661,1.0,0.08668730407953262,0.9969040155410767,0.9133126735687256,39.388973236083984,57.195682525634766,178.92518615722656,0.0,0.06811145693063736,0.06811145693063736,0.1819981336593628,0.015206587500870228,0.11615443229675293,0.0028461285401135683,0.25,0.0,39.388973236083984,106.07035064697266,0.015206587500870228,0.1819981336593628,0.0028461285401135683,0.11615443229675293,2.6870741844177246,55.269859313964844,10.494566917419434,143.73036193847656,0.018575850874185562,0.9102166891098022,4.896521091461182,0.9164533615112305,0.4000549912452698,0.1827080249786377,0.05563385412096977,0.0784272700548172
v_CleanAndJerk_g14_c05.avi,/Users/josephkamil/Desktop/Capstone/Oly_Data/raw/clean_and_jerk/v_CleanAndJerk_g14_c05.avi,clean_and_jerk,16,16,175,174.19052124023438,12.121284484863281,127.8515396118164,179.33990478515625,-6.0748748779296875,171.27532958984375,26.101879119873047,70.35101318359375,179.4293212890625,2.1235809326171875,123.5538558959961,34.04033279418945,64.4039535522461,178.2989501953125,-31.537986755371094,0.0,0.0,0.0,0.0,0.0,0.5754134058952332,0.04221465066075325,0.5193613171577454,0.6971656680107117,-0.05907922983169556,0.4349004626274109,0.060726348310709,0.29875826835632324,0.5492660999298096,-0.14108800888061523,0.07559831440448761,0.031001517549157143,0.03074391558766365,0.13187208771705627,-0.03271312266588211,0.875,1.0,0.0,0.875,0.9375,127.8515396118164,70.35101318359375,178.2989501953125,0.0,0.75,0.75,0.1778043508529663,0.029826335608959198,0.20892095565795898,0.028381288051605225,0.5,0.0,175.26199340820312,127.8515396118164,0.029826335608959198,0.1778043508529663,0.028381288051605225,0.20892095565795898,7.795458793640137,51.40850067138672,24.864044189453125,74.92827606201172,-0.75,0.875,0.4473950266838074,0.42571932077407837,0.1778043508529663,0.25050783157348633,0.02889304980635643,0.060108814388513565
v_CleanAndJerk_g14_c06.avi,/Users/josephkamil/Desktop/Capstone/Oly_Data/raw/clean_and_jerk/v_CleanAndJerk_g14_c06.avi,clean_and_jerk,176,176,226,168.7985382080078,15.367609024047852,75.96650695800781,179.17349243164062,103.19206237792969,164.96109008789062,31.527725219726562,1.8755178451538086,178.84251403808594,160.647216796875,123.49922180175781,42.364845275878906,39.74769592285156,178.59780883789062,90.0966567993164,0.0,0.0,0.0,0.0,0.0,0.4034488797187805,0.07983691245317459,0.3003910183906555,0.7219945192337036,-0.3870854377746582,0.5639002323150635,0.023406052961945534,0.46169137954711914,0.6130298972129822,0.03861731290817261,0.06627296656370163,0.03899962455034256,0.013654397800564766,0.18586154282093048,0.03811953216791153,0.9090909361839294,1.0,0.039772726595401764,0.9943181872367859,0.9602272510528564,75.96650695800781,1.8755178451538086,178.59780883789062,0.0,0.0,0.034090910106897354,0.1441974639892578,0.0068767983466386795,0.09781134128570557,0.003403114154934883,0.125,0.0,75.96650695800781,128.9923858642578,0.0068767983466386795,0.1441974639892578,0.003403114154934883,0.09781134128570557,3.0272376537323,68.22972106933594,6.946528911590576,94.95063781738281,0.039772726595401764,0.9545454382896423,1.203439712524414,0.5955449938774109,0.4216035008430481,0.15133851766586304,0.05464448779821396,0.03359450399875641
v_CleanAndJerk_g15_c01.avi,/Users/josephkamil/Desktop/Capstone/Oly_Data/raw/clean_and_jerk/v_CleanAndJerk_g15_c01.avi,clean_and_jerk,90,90,90,130.02432250976562,45.6703987121582,53.608612060546875,179.31402587890625,96.1269760131836,124.68038177490234,41.52651596069336,42.833553314208984,169.6070556640625,99.85913848876953,172.3508758544922,5.72275447845459,145.17384338378906,179.154541015625,14.822067260742188,0.0,0.0,0.0,0.0,0.0,0.36822155117988586,0.1977553814649582,0.1376565396785736,0.7723956108093262,-0.5744729042053223,0.6213681101799011,0.08001579344272614,0.48572391271591187,0.7394548058509827,-0.1501978635787964,0.13880935311317444,0.02679481729865074,0.02434869296848774,0.18421564996242523,-0.027336880564689636,0.7111111283302307,1.0,0.2888889014720917,0.9888888597488403,0.7111111283302307,53.608612060546875,42.833553314208984,179.154541015625,0.0,0.07777778059244156,0.07777778059244156,0.10759428143501282,0.013443482108414173,0.09210312366485596,0.0120641328394413,0.0,0.0,53.608612060546875,96.70293426513672,0.013443482108414173,0.10759428143501282,0.0120641328394413,0.09210312366485596,4.6879353523254395,29.682785034179688,2.5838608741760254,20.414260864257812,0.21111111342906952,0.699999988079071,1.1964699029922485,1.0737078189849854,0.6347390413284302,0.2537308931350708,0.10030802339315414,0.038665056228637695
v_CleanAndJerk_g15_c02.avi,/Users/josephkamil/Desktop/Capstone/Oly_Data/raw/clean_and_jerk/v_CleanAndJerk_g15_c02.avi,clean_and_jerk,79,79,83,171.45516967773438,5.278624057769775,151.7545928955078,179.26278686523438,-7.936065673828125,172.75949096679688,3.072495698928833,165.46975708007812,179.26678466796875,9.015625,141.51072692871094,9.821043968200684,122.13123321533203,165.38491821289062,7.139678955078125,0.0,0.0,0.0,0.0,0.0,0.5616567730903625,0.010594273917376995,0.5230762958526611,0.5802744626998901,0.024945735931396484,0.5923157334327698,0.006934402044862509,0.5767064094543457,0.6060703992843628,0.0291290283203125,0.11713771522045135,0.004644667264074087,0.09044309705495834,0.1251622587442398,0.0031420066952705383,0.0,0.0,1.0,0.0,0.0,151.7545928955078,165.46975708007812,165.38491821289062,0.0,0.9367088675498962,0.5189873576164246,0.02295440435409546,0.0022071723360568285,0.003971576690673828,0.0008835349581204355,0.0,1.0,168.6715850830078,151.7545928955078,0.0022071723360568285,0.02295440435409546,0.0008835349581204355,0.003971576690673828,2.418083667755127,14.16619873046875,3.616387367248535,15.027236938476562,0.06329113990068436,-1.0,0.17215943336486816,0.0689157247543335,0.057198166847229004,0.02936398983001709,0.0,0.004441744182258844
v_CleanAndJerk_g15_c03.avi,/Users/josephkamil/Desktop/Capstone/Oly_Data/raw/clean_and_jerk/v_CleanAndJerk_g15_c03.avi,clean_and_jerk,156,156,165,150.7761993408203,32.9946403503418,37.305423736572266,179.47076416015625,51.263099670410156,144.59584045410156,30.38357925415039,42.289554595947266,179.53004455566406,42.30290222167969,76.9316635131836,59.039306640625,11.668949127197266,179.26007080078125,-6.2698516845703125,0.0,0.0,0.0,0.0,0.0,0.41362258791923523,0.13440649211406708,0.19551610946655273,0.7837125062942505,-0.5881963968276978,0.5970752239227295,0.060126472264528275,0.5338218212127686,0.7781820297241211,-0.08968710899353027,0.057427313178777695,0.07602307945489883,0.0008938182727433741,0.2159377783536911,-0.03278198838233948,0.7051281929016113,1.0,0.16025641560554504,0.9935897588729858,0.8397436141967773,37.305423736572266,42.289554595947266,179.26007080078125,0.0,0.19230769574642181,0.19230769574642181,0.04254573583602905,0.007417712826281786,0.05887329578399658,0.006010665558278561,1.0,0.0,37.305423736572266,135.7633819580078,0.007417712826281786,0.04254573583602905,0.006010665558278561,0.05887329578399658,4.758177757263184,52.626895904541016,7.289331912994385,105.87799072265625,-0.03205128386616707,0.8333333134651184,1.1497454643249512,0.9316531419754028,0.5881963968276978,0.24436020851135254,0.09939301759004593,0.0695423111319542
v_CleanAndJerk_g15_c04.avi,/Users/josephkamil/Desktop/Capstone/Oly_Data/raw/clean_and_jerk/v_CleanAndJerk_g15_c04.avi,clean_and_jerk,110,110,111,136.06341552734375,43.60966491699219,55.49774169921875,179.156005859375,72.54608917236328,128.25985717773438,39.26219940185547,56.09967803955078,166.3648223876953,66.02384185791016,165.685546875,7.1151041984558105,132.04330444335938,178.2887420654297,-14.094757080078125,0.0,0.0,0.0,0.0,0.0,0.3577544391155243,0.22096501290798187,0.1322377324104309,0.782365083694458,-0.6261870861053467,0.5871726870536804,0.09699898958206177,0.4787708520889282,0.7469354867935181,-0.18503111600875854,0.1293974369764328,0.027729274705052376,0.042324576526880264,0.20980507135391235,-0.06552158296108246,0.6909090876579285,1.0,0.30909091234207153,0.9909090995788574,0.6909090876579285,55.49774169921875,56.09967803955078,178.2887420654297,0.0,0.3909091055393219,0.10000000149011612,0.04235637187957764,0.007964786142110825,0.09980738162994385,0.0074675302021205425,1.0,0.0,55.49774169921875,133.4656219482422,0.007964786142110825,0.04235637187957764,0.0074675302021205425,0.09980738162994385,4.846611976623535,24.74475860595703,2.7353577613830566,20.420578002929688,-0.08181817829608917,0.6818181872367859,0.868161678314209,0.8139607906341553,0.6501273512840271,0.26816463470458984,0.11433198302984238,0.004640247207134962
v_CleanAndJerk_g16_c01.avi,/Users/josephkamil/Desktop/Capstone/Oly_Data/raw/clean_and_jerk/v_CleanAndJerk_g16_c01.avi,clean_and_jerk,104,104,104,170.47525024414062,10.163274765014648,124.35029602050781,179.477294921875,4.2283477783203125,170.46417236328125,8.262712478637695,120.57887268066406,179.2682342529297,-1.13189697265625,100.83247375488281,75.02177429199219,0.8386744260787964,177.20425415039062,3.0220489501953125,0.0,0.0,0.0,0.0,0.0,0.2752436399459839,0.16212327778339386,0.07295594364404678,0.6771385669708252,-0.6041826009750366,0.5197976231575012,0.0573931522667408,0.4304829239845276,0.6430982351303101,-0.026591360569000244,0.12080589681863785,0.08705857396125793,0.003996643703430891,0.22664257884025574,0.009546831250190735,0.6634615659713745,1.0,0.19230769574642181,0.9903846383094788,0.807692289352417,124.35029602050781,120.57887268066406,177.20425415039062,0.0,0.2884615361690521,0.2884615361690521,0.14885738492012024,0.016893809661269188,0.0506516695022583,0.009035433642566204,0.25,0.0,124.35029602050781,145.46310424804688,0.016893809661269188,0.14885738492012024,0.009035433642566204,0.0506516695022583,3.8256711959838867,50.81105041503906,15.080322265625,162.9109649658203,-0.09615384787321091,0.7980769276618958,1.7400623559951782,0.9306496977806091,0.6041826009750366,0.21261531114578247,0.08808740973472595,0.05425560101866722
v_CleanAndJerk_g16_c02.avi,/Users/josephkamil/Desktop/Capstone/Oly_Data/raw/clean_and_jerk/v_CleanAndJerk_g16_c02.avi,clean_and_jerk,102,102,102,169.0946044921875,17.022531509399414,77.83329772949219,179.4274139404297,3.0787506103515625,166.8166961669922,17.575698852539062,73.4013900756836,179.23898315429688,-2.9899139404296875,81.24146270751953,73.9680404663086,1.4589741230010986,175.62469482421875,16.172027587890625,0.0,0.0,0.0,0.0,0.0,0.38005125522613525,0.18706132471561432,0.09741146862506866,0.7959203720092773,-0.6985089182853699,0.6072692275047302,0.052837710827589035,0.5480016469955444,0.7643539905548096,-0.1407768726348877,0.11192603409290314,0.08006148040294647,0.01054452732205391,0.21882864832878113,0.011389404535293579,0.6470588445663452,1.0,0.2549019753932953,0.9901960492134094,0.7450980544090271,77.83329772949219,73.4013900756836,175.62469482421875,0.0,0.27450981736183167,0.27450981736183167,0.08778601884841919,0.011984511278569698,0.03590989112854004,0.008428405039012432,0.625,0.0,77.83329772949219,153.34564208984375,0.011984511278569698,0.08778601884841919,0.008428405039012432,0.03590989112854004,3.8257150650024414,47.88079833984375,7.112382411956787,59.731842041015625,-0.019607843831181526,0.7352941036224365,1.2104356288909912,0.8512688875198364,0.6985089182853699,0.21635234355926514,0.13044987618923187,0.08520586788654327
v_CleanAndJerk_g16_c03.avi,/Users/josephkamil/Desktop/Capstone/Oly_Data/raw/clean_and_jerk/v_CleanAndJerk_g16_c03.avi,clean_and_jerk,73,73,96,146.69906616210938,26.204368591308594,53.52411651611328,174.63429260253906,57.49699401855469,150.0099334716797,25.785959243774414,68.0108642578125,178.98521423339844,94.97288513183594,126.7413330078125,50.88801574707031,4.476528167724609,179.09228515625,8.802444458007812,0.0,0.0,0.0,0.0,0.0,0.4223334491252899,0.1647094339132309,0.19524887204170227,0.8107143044471741,-0.5972962975502014,0.6281843185424805,0.04312790930271149,0.5413058996200562,0.7428306341171265,-0.030044257640838623,0.12550325691699982,0.06566250324249268,0.007940201088786125,0.27324000000953674,-0.10641486942768097,0.4794520437717438,1.0,0.31506848335266113,0.9863013625144958,0.6849315166473389,53.52411651611328,68.0108642578125,179.09228515625,0.0,0.21917808055877686,0.0,0.2146245241165161,0.03178621828556061,0.08440005779266357,0.01152718998491764,0.125,0.0,53.52411651611328,122.08335876464844,0.03178621828556061,0.2146245241165161,0.01152718998491764,0.08440005779266357,11.888757705688477,98.68719482421875,25.92632484436035,143.98104858398438,0.09589041024446487,0.6712328791618347,2.2886078357696533,0.8299576640129089,0.6154654026031494,0.2015247344970703,0.06060759723186493,0.05248533934354782
v_CleanAndJerk_g16_c04.avi,/Users/josephkamil/Desktop/Capstone/Oly_Data/raw/clean_and_jerk/v_CleanAndJerk_g16_c04.avi,clean_and_jerk,79,79,106,137.0261688232422,42.2072639465332,29.75734519958496,178.85260009765625,89.20841217041016,142.0944061279297,37.00360107421875,51.13660430908203,178.80601501464844,120.29801177978516,146.05345153808594,37.76750564575195,3.0971503257751465,179.1437225341797,7.969696044921875,0.0,0.0,0.0,0.0,0.0,0.4981008470058441,0.20358939468860626,0.22164243459701538,0.8581584692001343,-0.6235767602920532,0.6734849214553833,0.056587573140859604,0.6084133386611938,0.8411166667938232,-0.07829248905181885,0.14542320370674133,0.05555042624473572,0.010444878600537777,0.2543622553348541,-0.08409556746482849,0.37974682450294495,1.0,0.4683544337749481,0.9873417615890503,0.5316455960273743,29.75734519958496,51.13660430908203,179.1437225341797,0.0,0.3544303774833679,0.0,0.1902693212032318,0.024633273482322693,0.058377861976623535,0.010112840682268143,0.0,1.0,29.75734519958496,141.26065063476562,0.024633273482322693,0.1902693212032318,0.010112840682268143,0.058377861976623535,10.738496780395508,67.63789367675781,14.62359619140625,112.66146850585938,0.1139240488409996,0.5189873576164246,1.9213953018188477,0.7888015508651733,0.6365160346031189,0.2327033281326294,0.04752010852098465,0.058099083602428436
v_CleanAndJerk_g17_c01.avi,/Users/josephkamil/Desktop/Capstone/Oly_Data/raw/clean_and_jerk/v_CleanAndJerk_g17_c01.avi,clean_and_jerk,88,88,88,161.51466369628906,19.410743713378906,107.27616882324219,179.0391845703125,52.928565979003906,159.37371826171875,15.397177696228027,114.50025939941406,178.7826690673828,52.292076110839844,100.65782928466797,74.94757843017578,1.3100225925445557,171.41636657714844,-3.87420654296875,0.0,0.0,0.0,0.0,0.0,0.3184009790420532,0.16099058091640472,0.15709719061851501,0.6579816341400146,-0.4948090612888336,0.4974501430988312,0.06277067214250565,0.39200839400291443,0.6181458830833435,0.06660711765289307,0.11960520595312119,0.08119849115610123,0.015247613191604614,0.21107596158981323,-0.010177969932556152,0.4204545319080353,1.0,0.3295454680919647,0.9886363744735718,0.6704545617103577,107.27616882324219,114.50025939941406,171.41636657714844,0.0,0.034090910106897354,0.10227272659540176,0.0754174292087555,0.012128818780183792,0.02589195966720581,0.007142164744436741,0.0,0.0,107.27616882324219,143.55775451660156,0.012128818780183792,0.0754174292087555,0.007142164744436741,0.02589195966720581,3.594601631164551,41.088623046875,14.57323932647705,165.22650146484375,0.2954545319080353,0.6590909361839294,1.0552072525024414,0.6213683485984802,0.5008844137191772,0.22613748908042908,0.03469878435134888,0.03522209823131561
v_CleanAndJerk_g17_c02.avi,/Users/josephkamil/Desktop/Capstone/Oly_Data/raw/clean_and_jerk/v_CleanAndJerk_g17_c02.avi,clean_and_jerk,75,75,117,165.50474548339844,11.158390998840332,117.60002899169922,179.13621520996094,5.37127685546875,169.86349487304688,6.753718852996826,147.6685791015625,179.2426300048828,22.182815551757812,69.24612426757812,75.31849670410156,1.5068340301513672,178.5869140625,117.93287658691406,0.0,0.0,0.0,0.0,0.0,0.3036959171295166,0.06501875072717667,0.22703512012958527,0.5479353666305542,-0.31899434328079224,0.4704926609992981,0.0494961142539978,0.38036268949508667,0.5218907594680786,0.0008147954940795898,0.05622529238462448,0.044318847358226776,0.012463771738111973,0.13690683245658875,0.07789018005132675,0.5333333611488342,1.0,0.013333333656191826,0.9866666793823242,0.9866666793823242,117.60002899169922,147.6685791015625,178.5869140625,0.0,0.013333333656191826,0.0,0.2232818305492401,0.01615472510457039,0.0969889760017395,0.005789956543594599,0.125,0.0,117.60002899169922,162.57135009765625,0.01615472510457039,0.2232818305492401,0.005789956543594599,0.0969889760017395,4.388553142547607,56.16490936279297,14.192082405090332,130.98719787597656,0.0,0.9733333587646484,1.1954495906829834,0.42845678329467773,0.3209002614021301,0.14152806997299194,0.05377953127026558,0.02369062229990959
v_CleanAndJerk_g17_c03.avi,/Users/josephkamil/Desktop/Capstone/Oly_Data/raw/clean_and_jerk/v_CleanAndJerk_g17_c03.avi,clean_and_jerk,138,138,138,170.66603088378906,9.26333999633789,122.96172332763672,179.2840576171875,-5.7798309326171875,167.1524200439453,5.9108567237854,155.37156677246094,178.6224822998047,-16.099990844726562,89.69782257080078,74.54869842529297,1.0468428134918213,173.9657440185547,-2.5858154296875,0.0,0.0,0.0,0.0,0.0,0.4944291114807129,0.16019438207149506,0.23525959253311157,0.7584609985351562,-0.5199277997016907,0.5923734903335571,0.03413442149758339,0.544325590133667,0.6673588752746582,-0.09543794393539429,0.08407221734523773,0.06318651884794235,0.0026393989101052284,0.17483220994472504,-0.015435263514518738,0.21739129722118378,1.0,0.5797101259231567,0.9927536249160767,0.4202898442745209,122.96172332763672,155.37156677246094,173.9657440185547,0.0,0.05797101557254791,0.14492753148078918,0.08866548538208008,0.011746573261916637,0.02128690481185913,0.004462588112801313,0.0,1.0,122.96172332763672,151.4453125,0.011746573261916637,0.08866548538208008,0.004462588112801313,0.02128690481185913,4.946696758270264,28.186203002929688,18.470256805419922,171.9739227294922,0.52173912525177,0.41304346919059753,1.6092805862426758,0.61137455701828,0.5232014060020447,0.12303328514099121,0.05917087942361832,0.10016442090272903
v_CleanAndJerk_g17_c04.avi,/Users/josephkamil/Desktop/Capstone/Oly_Data/raw/clean_and_jerk/v_CleanAndJerk_g17_c04.avi,clean_and_jerk,13,13,165,171.38369750976562,4.8351521492004395,163.67076110839844,178.7553253173828,-1.95086669921875,171.67628479003906,8.223747253417969,146.839111328125,178.05715942382812,26.517120361328125,157.07830810546875,36.469573974609375,57.46039581298828,177.30447387695312,-88.06595611572266,0.0,0.0,0.0,0.0,0.0,0.6032314896583557,0.09668181836605072,0.37645548582077026,0.6457037329673767,-0.2677992880344391,0.5069711804389954,0.02347743511199951,0.4534700810909271,0.5325759649276733,-0.06257173418998718,0.1355086714029312,0.03057069145143032,0.06263759732246399,0.15254242718219757,-0.0767073780298233,0.0,0.0,1.0,0.0,0.0,163.67076110839844,146.839111328125,177.30447387695312,0.0,0.23076923191547394,0.0,0.2683899998664856,0.02282770164310932,0.0752643346786499,0.011022952385246754,0.0,1.0,163.67076110839844,167.07591247558594,0.02282770164310932,0.2683899998664856,0.011022952385246754,0.0752643346786499,4.05944299697876,9.728546142578125,13.09307861328125,111.80342864990234,0.7692307829856873,-1.0,0.27393242716789246,0.13227543234825134,0.26924824714660645,0.07910588383674622,0.0,0.13152866065502167
v_CleanAndJerk_g18_c01.avi,/Users/josephkamil/Desktop/Capstone/Oly_Data/raw/clean_and_jerk/v_CleanAndJerk_g18_c01.avi,clean_and_jerk,229,229,230,152.28114318847656,33.00878143310547,36.143333435058594,174.78021240234375,45.52079772949219,147.9800567626953,28.26953125,44.09115219116211,174.9964599609375,38.87947082519531,89.84135437011719,69.77779388427734,4.683600425720215,179.29747009277344,-2.5167694091796875,0.0,0.0,0.0,0.0,0.0,0.3413717746734619,0.1620246022939682,0.12549692392349243,0.6513748168945312,-0.5250511169433594,0.5746297240257263,0.08922876417636871,0.4184982180595398,0.8300552368164062,0.030453920364379883,0.09314029663801193,0.09294218569993973,0.001913445652462542,0.2486749291419983,-0.04311057925224304,0.8253275156021118,1.0,0.17030568420886993,0.9956331849098206,0.8296943306922913,36.143333435058594,44.09115219116211,179.29747009277344,0.0,0.2052401751279831,0.22707423567771912,0.04261338710784912,0.0054689133539795876,0.06344735622406006,0.005664907395839691,1.0,0.0,36.143333435058594,140.8173828125,0.0054689133539795876,0.04261338710784912,0.005664907395839691,0.06344735622406006,2.2326560020446777,15.990074157714844,2.9491777420043945,153.95252990722656,-0.034934498369693756,0.8253275156021118,1.2469122409820557,1.291598916053772,0.5258778929710388,0.41155701875686646,0.13440746068954468,0.07325828075408936
v_CleanAndJerk_g18_c02.avi,/Users/josephkamil/Desktop/Capstone/Oly_Data/raw/clean_and_jerk/v_CleanAndJerk_g18_c02.avi,clean_and_jerk,245,245,245,157.085205078125,32.96413803100586,32.704627990722656,179.21531677246094,44.68310546875,152.2826690673828,31.12421989440918,40.40663146972656,177.85145568847656,50.78590393066406,80.07369232177734,71.2663803100586,11.955942153930664,178.2384033203125,-6.1843719482421875,0.0,0.0,0.0,0.0,0.0,0.3183218240737915,0.15896227955818176,0.1200922280550003,0.6491439342498779,-0.5287474989891052,0.5540065169334412,0.08569631725549698,0.43161994218826294,0.8271421194076538,0.010027587413787842,0.09595039486885071,0.09493259340524673,0.0009681496303528547,0.24491265416145325,-0.04085029661655426,0.8285714387893677,1.0,0.16326530277729034,0.9959183931350708,0.8367347121238708,32.704627990722656,40.40663146972656,178.2384033203125,0.0,0.18775510787963867,0.18775510787963867,0.053053826093673706,0.00523328734561801,0.11244258284568787,0.005388008430600166,1.0,0.0,32.704627990722656,147.3135528564453,0.00523328734561801,0.053053826093673706,0.005388008430600166,0.11244258284568787,2.2153196334838867,32.89759826660156,1.8863095045089722,145.75299072265625,-0.02448979578912258,0.8326530456542969,1.2769221067428589,1.3146740198135376,0.5290517210960388,0.39552217721939087,0.12399056553840637,0.0621856153011322
v_CleanAndJerk_g18_c03.avi,/Users/josephkamil/Desktop/Capstone/Oly_Data/raw/clean_and_jerk/v_CleanAndJerk_g18_c03.avi,clean_and_jerk,227,227,227,161.04859924316406,28.537708282470703,63.59769821166992,179.12144470214844,82.72061157226562,154.11048889160156,25.006059646606445,58.63644790649414,173.28945922851562,88.50394439697266,89.31619262695312,60.17026138305664,26.151473999023438,175.3438720703125,1.625518798828125,0.0,0.0,0.0,0.0,0.0,0.27977797389030457,0.13556727766990662,0.14201697707176208,0.663771390914917,-0.4854288697242737,0.5272437334060669,0.06058908626437187,0.39680176973342896,0.712315559387207,-0.0244789719581604,0.08546049147844315,0.0832577645778656,0.0036595133133232594,0.25597867369651794,-0.07939176261425018,0.8325991034507751,1.0,0.15418502688407898,0.9955947399139404,0.8458150029182434,63.59769821166992,58.63644790649414,175.3438720703125,0.0,0.2070484608411789,0.013215859420597553,0.03882545232772827,0.005807710345834494,0.08129334449768066,0.005147684831172228,0.75,0.0,63.59769821166992,162.65460205078125,0.005807710345834494,0.03882545232772827,0.005147684831172228,0.08129334449768066,2.1412220001220703,34.10863494873047,4.301851749420166,64.46650695800781,-0.05286343768239021,0.8414096832275391,1.3125425577163696,1.163376808166504,0.5217543840408325,0.3155137896537781,0.07067907601594925,0.03451263904571533
v_CleanAndJerk_g18_c04.avi,/Users/josephkamil/Desktop/Capstone/Oly_Data/raw/clean_and_jerk/v_CleanAndJerk_g18_c04.avi,clean_and_jerk,227,227,227,159.8629150390625,37.177005767822266,21.292736053466797,179.30450439453125,10.736068725585938,153.58590698242188,36.28912353515625,17.332866668701172,170.684814453125,21.611892700195312,70.86591339111328,67.45941162109375,10.407267570495605,175.7493133544922,-2.2823486328125,0.0,0.0,0.0,0.0,0.0,0.30192381143569946,0.1356530636548996,0.14280924201011658,0.6414080858230591,-0.46692973375320435,0.5513221025466919,0.08616643399000168,0.3906281590461731,0.814246416091919,0.06362682580947876,0.07921857386827469,0.08870584517717361,0.0010448246030136943,0.2633771598339081,-0.07365979254245758,0.8281938433647156,1.0,0.12334802001714706,0.9955947399139404,0.8766520023345947,21.292736053466797,17.332866668701172,175.7493133544922,0.0,0.15859030187129974,0.15859030187129974,0.04199773073196411,0.006048841867595911,0.06962794065475464,0.0056672184728085995,1.0,0.0,21.292736053466797,146.14736938476562,0.006048841867595911,0.04199773073196411,0.0056672184728085995,0.06962794065475464,2.233518600463867,42.33290100097656,1.8771746158599854,70.00682067871094,-0.035242289304733276,0.8722466826438904,1.3670382499694824,1.2807914018630981,0.4985988438129425,0.42361825704574585,0.10839942842721939,0.04471082612872124
v_CleanAndJerk_g19_c01.avi,/Users/josephkamil/Desktop/Capstone/Oly_Data/raw/clean_and_jerk/v_CleanAndJerk_g19_c01.avi,clean_and_jerk,287,287,290,156.6313934326172,26.8985595703125,71.2718276977539,179.45867919921875,43.79768371582031,113.68885803222656,65.02931213378906,0.7824480533599854,179.52197265625,164.49342346191406,121.76589965820312,68.57765197753906,15.197327613830566,179.21307373046875,4.7080230712890625,0.0,0.0,0.0,0.0,0.0,0.5332764983177185,0.24895307421684265,0.18142855167388916,0.8554598093032837,-0.6614852547645569,0.6141746044158936,0.05905744805932045,0.5455440282821655,0.7993093729019165,0.030389606952667236,0.13059332966804504,0.08713578432798386,0.00138725561555475,0.22315770387649536,-0.011537209153175354,0.5679442286491394,1.0,0.4146341383457184,0.996515691280365,0.5853658318519592,71.2718276977539,0.7824480533599854,179.21307373046875,0.0,0.46341463923454285,0.12891985476016998,0.05323156714439392,0.005625689867883921,0.10790669918060303,0.004742251243442297,0.75,0.0,71.2718276977539,141.88937377929688,0.005625689867883921,0.05323156714439392,0.004742251243442297,0.10790669918060303,3.5512659549713135,89.52111053466797,2.8439459800720215,120.31930541992188,-0.04878048598766327,0.5818815231323242,1.6089472770690918,1.3562839031219482,0.6740312576293945,0.253765344619751,0.12818607687950134,0.0993957445025444
v_CleanAndJerk_g19_c02.avi,/Users/josephkamil/Desktop/Capstone/Oly_Data/raw/clean_and_jerk/v_CleanAndJerk_g19_c02.avi,clean_and_jerk,229,229,229,154.8690948486328,30.943443298339844,53.43073654174805,179.31765747070312,59.03528594970703,147.0895538330078,26.71760368347168,67.15167236328125,170.0574188232422,56.371253967285156,103.8718032836914,65.63603210449219,4.896860122680664,179.05264282226562,10.363632202148438,0.0,0.0,0.0,0.0,0.0,0.4897705018520355,0.16620364785194397,0.26481127738952637,0.8294480443000793,-0.5535408854484558,0.6869251132011414,0.047239039093256,0.6064948439598083,0.8222606778144836,-0.06402182579040527,0.08768478035926819,0.07728873193264008,0.0004953955649398267,0.19850970804691315,-0.02061004936695099,0.7685589790344238,1.0,0.20960699021816254,0.9956331849098206,0.7903929948806763,53.43073654174805,67.15167236328125,179.05264282226562,0.0,0.24890829622745514,0.24890829622745514,0.041475534439086914,0.005421184469014406,0.04947161674499512,0.004631266929209232,1.0,0.0,53.43073654174805,149.94676208496094,0.005421184469014406,0.041475534439086914,0.004631266929209232,0.04947161674499512,3.148601770401001,24.07660675048828,4.976326942443848,82.85355377197266,-0.0393013097345829,0.7860261797904968,1.236030101776123,1.0559288263320923,0.564636766910553,0.2157658338546753,0.10110252350568771,0.07127852737903595
v_CleanAndJerk_g19_c03.avi,/Users/josephkamil/Desktop/Capstone/Oly_Data/raw/clean_and_jerk/v_CleanAndJerk_g19_c03.avi,clean_and_jerk,240,240,240,164.07077026367188,9.194790840148926,116.6622543334961,177.61451721191406,15.027389526367188,157.34228515625,10.748376846313477,89.54278564453125,171.717041015625,8.474853515625,164.79408264160156,2.349576473236084,157.41184997558594,168.84768676757812,-2.0460052490234375,0.0,0.0,0.0,0.0,0.0,0.6597715616226196,0.020508069545030594,0.6188973188400269,0.6952222585678101,0.07062798738479614,0.6558465361595154,0.01928495056927204,0.6183216571807861,0.6944299936294556,0.056819021701812744,0.12593871355056763,0.0030889257322996855,0.11202646791934967,0.13190339505672455,0.0016564056277275085,0.0,0.0,1.0,0.0,0.0,116.6622543334961,89.54278564453125,168.84768676757812,0.0,0.34583333134651184,0.34583333134651184,0.011362850666046143,0.0008572686929255724,0.008934438228607178,0.0012031970545649529,0.0,1.0,116.6622543334961,136.79920959472656,0.0008572686929255724,0.011362850666046143,0.0012031970545649529,0.008934438228607178,3.645948886871338,39.950439453125,0.598587155342102,4.58538818359375,0.6541666388511658,-1.0,0.20488721132278442,0.28756409883499146,0.0763249397277832,0.07610833644866943,0.0,0.00844790693372488
v_CleanAndJerk_g19_c04.avi,/Users/josephkamil/Desktop/Capstone/Oly_Data/raw/clean_and_jerk/v_CleanAndJerk_g19_c04.avi,clean_and_jerk,322,322,323,153.32395935058594,33.634986877441406,38.04908752441406,179.443115234375,38.326202392578125,147.5851287841797,32.703495025634766,64.14334869384766,178.97398376464844,60.13538360595703,98.54631805419922,69.86410522460938,16.487144470214844,179.0614471435547,0.566925048828125,0.0,0.0,0.0,0.0,0.0,0.5419493317604065,0.21028149127960205,0.2189258635044098,0.8850240707397461,-0.6272474527359009,0.70762038230896,0.04772360995411873,0.6039779782295227,0.8572109937667847,-0.03242063522338867,0.10739582031965256,0.09518792480230331,0.0032225162722170353,0.23131181299686432,0.007596611976623535,0.611801266670227,1.0,0.3229813575744629,0.9968944191932678,0.6770186424255371,38.04908752441406,64.14334869384766,179.0614471435547,0.0,0.35403725504875183,0.3695652186870575,0.06403332948684692,0.006094314157962799,0.06414985656738281,0.004779814276844263,0.75,0.0,38.04908752441406,139.47998046875,0.006094314157962799,0.06403332948684692,0.004779814276844263,0.06414985656738281,3.366925001144409,29.963455200195312,2.297938585281372,95.97966003417969,-0.03105590119957924,0.6739130616188049,1.9562748670578003,1.53432035446167,0.6660982370376587,0.25323301553726196,0.10991199314594269,0.092989481985569
v_CleanAndJerk_g20_c01.avi,/Users/josephkamil/Desktop/Capstone/Oly_Data/raw/clean_and_jerk/v_CleanAndJerk_g20_c01.avi,clean_and_jerk,34,34,148,162.95120239257812,8.352636337280273,147.6089324951172,177.61349487304688,30.004562377929688,164.52102661132812,9.363441467285156,144.26438903808594,179.36648559570312,34.73664855957031,139.0474853515625,40.953590393066406,15.269033432006836,176.6638641357422,-13.767059326171875,0.0,0.0,0.0,0.0,0.0,0.4467081129550934,0.10047173500061035,0.310304194688797,0.6268272399902344,-0.307298481464386,0.5868278741836548,0.025915436446666718,0.5334720015525818,0.6239887475967407,-0.005358576774597168,0.08761308342218399,0.055486008524894714,0.012047448195517063,0.16522105038166046,-0.06593365222215652,0.5588235259056091,1.0,0.3529411852359772,0.970588207244873,0.6470588445663452,147.6089324951172,144.26438903808594,176.6638641357422,0.0,0.0,0.0,0.1272270679473877,0.020815402269363403,0.048326849937438965,0.007008617743849754,0.0,0.0,147.6089324951172,150.3135986328125,0.020815402269363403,0.1272270679473877,0.007008617743849754,0.048326849937438965,4.476078510284424,17.117889404296875,28.192581176757812,114.5748062133789,0.3529411852359772,0.6176470518112183,0.6869082450866699,0.23128437995910645,0.3165230453014374,0.09051674604415894,0.04401290416717529,0.05743582546710968
v_CleanAndJerk_g20_c02.avi,/Users/josephkamil/Desktop/Capstone/Oly_Data/raw/clean_and_jerk/v_CleanAndJerk_g20_c02.avi,clean_and_jerk,96,96,282,164.66134643554688,10.10025691986084,122.54290771484375,178.83551025390625,27.116744995117188,162.2811737060547,9.126102447509766,130.76039123535156,177.22523498535156,32.21461486816406,120.16170501708984,57.00984573364258,1.5512194633483887,179.07861328125,-134.4176483154297,0.0,0.0,0.0,0.0,0.0,0.420048326253891,0.11994054168462753,0.2052595317363739,0.681390643119812,-0.29044681787490845,0.5555065274238586,0.022514689713716507,0.5107301473617554,0.6169750690460205,-0.033716678619384766,0.08595886081457138,0.054530300199985504,0.004865934140980244,0.19034916162490845,-0.13425268232822418,0.5625,1.0,0.2916666567325592,0.9895833134651184,0.7083333134651184,122.54290771484375,130.76039123535156,179.07861328125,0.0,0.0,0.0,0.18925124406814575,0.022912008687853813,0.01688516139984131,0.0035381969064474106,0.0,0.0,122.54290771484375,149.65965270996094,0.022912008687853813,0.18925124406814575,0.0035381969064474106,0.01688516139984131,3.133706569671631,21.6224365234375,30.9672794342041,161.24069213867188,0.2916666567325592,0.6979166865348816,2.176640748977661,0.33612871170043945,0.4761311113834381,0.10624492168426514,0.04336157441139221,0.04831352457404137
v_CleanAndJerk_g20_c03.avi,/Users/josephkamil/Desktop/Capstone/Oly_Data/raw/clean_and_jerk/v_CleanAndJerk_g20_c03.avi,clean_and_jerk,49,49,163,155.83761596679688,20.570533752441406,106.42558288574219,179.22511291503906,40.58711242675781,156.3207550048828,16.995891571044922,113.58973693847656,179.5309600830078,28.894943237304688,80.98973846435547,63.40287780761719,2.54333233833313,178.88858032226562,66.17731475830078,0.0,0.0,0.0,0.0,0.0,0.3843310475349426,0.15107448399066925,0.21526238322257996,0.9186455011367798,-0.22875258326530457,0.5994559526443481,0.0465945340692997,0.5302180051803589,0.6818661689758301,-0.08766067028045654,0.08981645107269287,0.06377720087766647,0.003003374906256795,0.18020667135715485,0.13534264266490936,0.5714285969734192,1.0,0.0,0.9795918464660645,1.0,106.42558288574219,113.58973693847656,178.88858032226562,0.0,0.06122449040412903,0.040816325694322586,0.5619475841522217,0.045242708176374435,0.12583887577056885,0.01110087614506483,0.125,0.0,106.42558288574219,132.740478515625,0.045242708176374435,0.5619475841522217,0.01110087614506483,0.12583887577056885,6.9456963539123535,46.477630615234375,22.665170669555664,166.1479034423828,-0.06122449040412903,0.9795918464660645,2.171649932861328,0.5328420400619507,0.7033830881118774,0.1516481637954712,0.0717993751168251,0.036668650805950165
v_CleanAndJerk_g20_c04.avi,/Users/josephkamil/Desktop/Capstone/Oly_Data/raw/clean_and_jerk/v_CleanAndJerk_g20_c04.avi,clean_and_jerk,24,24,332,152.82398986816406,12.849220275878906,134.5415802001953,173.2034912109375,-7.9866943359375,149.83360290527344,13.656278610229492,132.24444580078125,178.05490112304688,-0.8559722900390625,110.17647552490234,42.155548095703125,27.31827735900879,175.02005004882812,-31.0145263671875,0.0,0.0,0.0,0.0,0.0,0.3693636357784271,0.16371838748455048,0.2404174655675888,0.8823234438896179,-0.6315333247184753,0.660259485244751,0.04643537476658821,0.5462622046470642,0.6909475326538086,0.009227335453033447,0.13291014730930328,0.03969739377498627,0.0625937432050705,0.1840531975030899,-0.021394699811935425,0.9166666865348816,1.0,0.0833333358168602,0.9583333134651184,0.9166666865348816,134.5415802001953,132.24444580078125,175.02005004882812,0.0,0.2916666567325592,0.2916666567325592,0.5087064504623413,0.0397886224091053,0.12831181287765503,0.012604949064552784,1.0,0.0,134.5415802001953,153.0321044921875,0.0397886224091053,0.5087064504623413,0.012604949064552784,0.12831181287765503,4.792107582092285,30.814193725585938,28.192554473876953,99.08341979980469,-0.2083333283662796,0.875,0.915138304233551,0.2899138331413269,0.6419059634208679,0.14468532800674438,0.05894353240728378,0.01599048264324665
v_CleanAndJerk_g20_c06.avi,/Users/josephkamil/Desktop/Capstone/Oly_Data/raw/clean_and_jerk/v_CleanAndJerk_g20_c06.avi,clean_and_jerk,69,69,371,69.74749755859375,35.613914489746094,13.621916770935059,167.41226196289062,21.151084899902344,44.59030532836914,44.41604232788086,2.3828563690185547,168.56541442871094,35.57236099243164,54.607215881347656,45.81972122192383,1.5223599672317505,167.21237182617188,-130.9400177001953,0.0,0.0,0.0,0.0,0.0,0.5322890281677246,0.0271331537514925,0.47413498163223267,0.6204830408096313,-0.08428794145584106,0.5783514380455017,0.038265470415353775,0.5064196586608887,0.660212516784668,0.02297872304916382,0.04708665609359741,0.019861191511154175,0.008428107015788555,0.0957498699426651,-0.06191939860582352,0.7246376872062683,1.0,0.014492753893136978,0.9855072498321533,0.9855072498321533,13.621916770935059,2.3828563690185547,167.21237182617188,0.0,0.8115941882133484,0.7101449370384216,0.05149424076080322,0.01114390604197979,0.09077966213226318,0.014352751895785332,0.875,0.0,40.282737731933594,13.621916770935059,0.01114390604197979,0.05149424076080322,0.014352751895785332,0.09077966213226318,20.08138656616211,118.75688934326172,24.264450073242188,129.82093811035156,-0.7971014380455017,0.9710144996643066,0.7577856183052063,0.9759871363639832,0.14634805917739868,0.1537928581237793,0.027982639148831367,0.017166895791888237
v_CleanAndJerk_g21_c01.avi,/Users/josephkamil/Desktop/Capstone/Oly_Data/raw/clean_and_jerk/v_CleanAndJerk_g21_c01.avi,clean_and_jerk,73,73,101,110.3145523071289,55.08366394042969,12.395535469055176,175.74278259277344,145.60475158691406,108.65425872802734,50.459617614746094,17.102760314941406,173.90516662597656,152.2408447265625,148.74485778808594,44.269203186035156,6.204623222351074,179.10064697265625,83.6171646118164,0.0,0.0,0.0,0.0,0.0,0.5468630194664001,0.11232372373342514,0.28442639112472534,0.8190939426422119,-0.3984904885292053,0.6734140515327454,0.08014114201068878,0.5597296953201294,0.781457245349884,-0.10859096050262451,0.06817954778671265,0.050873078405857086,0.007648472208529711,0.2077847272157669,-0.014063678681850433,0.2876712381839752,1.0,0.10958904027938843,0.9589040875434875,0.8630136847496033,12.395535469055176,17.102760314941406,179.10064697265625,0.0,0.12328767031431198,0.0,0.21560931205749512,0.06135186180472374,0.15751081705093384,0.00967325922101736,0.125,0.0,12.395535469055176,109.35185241699219,0.06135186180472374,0.21560931205749512,0.00967325922101736,0.15751081705093384,12.31031322479248,138.46205139160156,32.649681091308594,167.14849853515625,-0.013698630034923553,0.8493150472640991,4.417334079742432,0.6964746713638306,0.5346675515174866,0.22172755002975464,0.09459308534860611,0.1048542708158493
v_CleanAndJerk_g21_c02.avi,/Users/josephkamil/Desktop/Capstone/Oly_Data/raw/clean_and_jerk/v_CleanAndJerk_g21_c02.avi,clean_and_jerk,92,92,95,129.02572631835938,52.66225051879883,1.35060453414917,179.10870361328125,160.5394287109375,136.7064666748047,40.91341018676758,23.629804611206055,179.5038604736328,112.88880920410156,136.95826721191406,41.34449005126953,11.217071533203125,178.39517211914062,-118.21785736083984,0.0,0.0,0.0,0.0,0.0,0.47567155957221985,0.16401307284832,0.2730720639228821,0.8366870880126953,-0.32397764921188354,0.6748941540718079,0.071921706199646,0.5868375301361084,0.7910103797912598,-0.1630437970161438,0.10738857835531235,0.047845691442489624,0.006188362371176481,0.20909740030765533,-0.05715244263410568,0.70652174949646,1.0,0.29347825050354004,0.989130437374115,0.70652174949646,1.35060453414917,23.629804611206055,178.39517211914062,0.0,0.021739130839705467,0.010869565419852734,0.10518711805343628,0.016968201845884323,0.058248043060302734,0.007993756793439388,0.0,0.0,1.35060453414917,151.99859619140625,0.016968201845884323,0.10518711805343628,0.007993756793439388,0.058248043060302734,7.311422348022461,61.63392639160156,17.015247344970703,158.30259704589844,0.27173912525177,0.695652186870575,1.544106364250183,0.7274318337440491,0.5636150240898132,0.20417284965515137,0.07743225246667862,0.033983632922172546
v_CleanAndJerk_g21_c03.avi,/Users/josephkamil/Desktop/Capstone/Oly_Data/raw/clean_and_jerk/v_CleanAndJerk_g21_c03.avi,clean_and_jerk,116,116,120,106.98057556152344,53.238094329833984,35.24808120727539,177.1326141357422,61.45374298095703,106.79505920410156,47.22620391845703,33.163734436035156,178.09011840820312,136.23541259765625,156.6309814453125,30.56887435913086,15.908617973327637,178.8837432861328,24.084976196289062,0.0,0.0,0.0,0.0,0.0,0.5829119682312012,0.12636232376098633,0.345541387796402,0.905987560749054,-0.42887479066848755,0.7213851809501648,0.08437337726354599,0.44011545181274414,0.8585317134857178,-0.02656424045562744,0.11436495184898376,0.05965588986873627,0.00843830406665802,0.25046637654304504,-0.08911988884210587,0.4568965435028076,1.0,0.24137930572032928,0.9482758641242981,0.7155172228813171,35.24808120727539,33.163734436035156,178.8837432861328,0.0,0.5086206793785095,0.0,0.31915944814682007,0.046545106917619705,0.21215605735778809,0.010921827517449856,1.0,0.0,35.24808120727539,39.39361572265625,0.046545106917619705,0.31915944814682007,0.010921827517449856,0.21215605735778809,8.769822120666504,89.0442886352539,16.61019515991211,139.4326629638672,-0.26724138855934143,0.7068965435028076,5.352687358856201,1.2560101747512817,0.5604461431503296,0.41841626167297363,0.06945275515317917,0.10809775441884995
v_CleanAndJerk_g21_c04.avi,/Users/josephkamil/Desktop/Capstone/Oly_Data/raw/clean_and_jerk/v_CleanAndJerk_g21_c04.avi,clean_and_jerk,110,110,114,73.04360961914062,54.15958786010742,12.385339736938477,178.5687255859375,147.3272247314453,83.66329956054688,47.36864471435547,27.592422485351562,178.17544555664062,103.20025634765625,165.2356719970703,23.629579544067383,4.889016628265381,179.00607299804688,-9.380966186523438,0.0,0.0,0.0,0.0,0.0,0.46250447630882263,0.14158618450164795,0.2513444423675537,0.720021665096283,-0.4151569604873657,0.675754964351654,0.06182975694537163,0.5055729150772095,0.7478116750717163,-0.06473690271377563,0.12692177295684814,0.0380256250500679,0.04132111370563507,0.19860181212425232,-0.014393121004104614,0.6636363863945007,1.0,0.26363635063171387,0.9909090995788574,0.7363636493682861,12.385339736938477,27.592422485351562,179.00607299804688,0.0,0.09090909361839294,0.5181818008422852,0.14867013692855835,0.020329715684056282,0.066780686378479,0.007540007587522268,0.0,0.0,12.385339736938477,27.378358840942383,0.020329715684056282,0.14867013692855835,0.007540007587522268,0.066780686378479,7.985231399536133,80.37117004394531,9.625938415527344,135.36561584472656,0.17272727191448212,0.7272727489471436,2.2159390449523926,0.8218608498573303,0.46867722272872925,0.24223875999450684,0.08189963549375534,0.07575567066669464
v_CleanAndJerk_g22_c01.avi,/Users/josephkamil/Desktop/Capstone/Oly_Data/raw/clean_and_jerk/v_CleanAndJerk_g22_c01.avi,clean_and_jerk,234,234,234,142.116455078125,38.807945251464844,35.62840270996094,179.34463500976562,68.06538391113281,141.80101013183594,37.55327606201172,34.61061096191406,179.4305419921875,66.87655639648438,131.01255798339844,45.12120056152344,17.867584228515625,178.95155334472656,2.7978363037109375,0.0,0.0,0.0,0.0,0.0,0.39891931414604187,0.11705470830202103,0.21331661939620972,0.6763997077941895,-0.41097110509872437,0.5719205141067505,0.051675356924533844,0.45144063234329224,0.7061556577682495,-0.021549701690673828,0.08270379155874252,0.05535956472158432,0.001327605452388525,0.18465128540992737,0.014602065086364746,0.7008547186851501,1.0,0.18803419172763824,0.995726466178894,0.811965823173523,35.62840270996094,34.61061096191406,178.95155334472656,0.0,0.21794871985912323,0.2606837749481201,0.060515403747558594,0.005842855665832758,0.04505270719528198,0.0045751105062663555,0.875,0.0,35.62840270996094,117.00739288330078,0.005842855665832758,0.060515403747558594,0.0045751105062663555,0.04505270719528198,4.271998882293701,46.176856994628906,16.77438735961914,143.6919403076172,-0.029914529994130135,0.807692289352417,1.3613853454589844,1.0660006999969482,0.46308308839797974,0.2547150254249573,0.06940563768148422,0.05927657335996628
v_CleanAndJerk_g22_c02.avi,/Users/josephkamil/Desktop/Capstone/Oly_Data/raw/clean_and_jerk/v_CleanAndJerk_g22_c02.avi,clean_and_jerk,288,288,288,155.81141662597656,30.616609573364258,40.76430130004883,179.53912353515625,89.84437561035156,152.32489013671875,29.09330177307129,56.57573318481445,178.3488006591797,90.70845794677734,106.52767181396484,57.36492156982422,11.045981407165527,179.31114196777344,-3.4745025634765625,0.0,0.0,0.0,0.0,0.0,0.31137001514434814,0.15062524378299713,0.11230763792991638,0.776269793510437,-0.6478631496429443,0.6052001118659973,0.055781517177820206,0.5275264978408813,0.7881778478622437,-0.04210555553436279,0.1083780899643898,0.09670040011405945,0.00703644473105669,0.2474786937236786,-0.003935649991035461,0.8229166865348816,1.0,0.1076388880610466,0.9965277910232544,0.8923611044883728,40.76430130004883,56.57573318481445,179.31114196777344,0.0,0.1388888955116272,0.1388888955116272,0.0700978934764862,0.006004826631397009,0.09319394826889038,0.005383397918194532,0.0,0.0,40.76430130004883,131.545654296875,0.006004826631397009,0.0700978934764862,0.005383397918194532,0.09319394826889038,2.4394736289978027,25.760482788085938,9.23411750793457,98.11976623535156,-0.03125,0.8888888955116272,1.723385214805603,1.5450352430343628,0.6639621257781982,0.2606513500213623,0.09855984896421432,0.07575220614671707
v_CleanAndJerk_g22_c03.avi,/Users/josephkamil/Desktop/Capstone/Oly_Data/raw/clean_and_jerk/v_CleanAndJerk_g22_c03.avi,clean_and_jerk,272,272,272,155.76861572265625,36.41963195800781,39.50284194946289,179.51324462890625,133.39242553710938,156.63597106933594,35.29126739501953,36.484493255615234,179.59130859375,130.7716827392578,74.05140686035156,55.26333999633789,21.01375961303711,179.2306671142578,-10.095611572265625,0.0,0.0,0.0,0.0,0.0,0.3788857161998749,0.1552320122718811,0.12026817351579666,0.8079562187194824,-0.6653045415878296,0.6250073313713074,0.05815531313419342,0.558983325958252,0.7591531276702881,-0.07620811462402344,0.07567038387060165,0.08153333514928818,0.013386090286076069,0.2457890510559082,0.01884336769580841,0.841911792755127,1.0,0.15808823704719543,0.9963235259056091,0.841911792755127,39.50284194946289,36.484493255615234,179.2306671142578,0.0,0.014705882407724857,0.007352941203862429,0.10994511842727661,0.006371255498379469,0.07431244850158691,0.004913268145173788,0.0,0.0,39.50284194946289,141.80908203125,0.006371255498379469,0.10994511842727661,0.004913268145173788,0.07431244850158691,2.292341709136963,34.03478240966797,4.048094272613525,111.10215759277344,0.14338235557079315,0.8382353186607361,1.7266101837158203,1.3314956426620483,0.6876880526542664,0.20016980171203613,0.0771084576845169,0.06619381159543991
v_CleanAndJerk_g22_c04.avi,/Users/josephkamil/Desktop/Capstone/Oly_Data/raw/clean_and_jerk/v_CleanAndJerk_g22_c04.avi,clean_and_jerk,241,241,242,154.2040252685547,34.18021011352539,22.669797897338867,179.5152130126953,51.468048095703125,153.32423400878906,33.04864501953125,19.080286026000977,179.5941162109375,32.004913330078125,94.052490234375,65.04056549072266,6.50339937210083,179.20498657226562,3.98883056640625,0.0,0.0,0.0,0.0,0.0,0.3616615831851959,0.18930362164974213,0.1101207286119461,0.832973062992096,-0.7108688354492188,0.6156964898109436,0.0574546754360199,0.5373125076293945,0.7625850439071655,-0.1064571738243103,0.1014842763543129,0.09538377076387405,0.00728012016043067,0.2385353296995163,0.004341930150985718,0.817427396774292,1.0,0.16597510874271393,0.9958506226539612,0.8340249061584473,22.669797897338867,19.080286026000977,179.20498657226562,0.0,0.19917012751102448,0.19917012751102448,0.0497073233127594,0.006203636061400175,0.06419879198074341,0.005139721557497978,1.0,0.0,22.669797897338867,132.9692840576172,0.006203636061400175,0.0497073233127594,0.005139721557497978,0.06419879198074341,3.6688053607940674,29.535232543945312,4.794553756713867,146.88937377929688,-0.033195022493600845,0.8298755288124084,1.4888726472854614,1.2335331439971924,0.722852349281311,0.225272536277771,0.11804279685020447,0.085073322057724
v_CleanAndJerk_g24_c01.avi,/Users/josephkamil/Desktop/Capstone/Oly_Data/raw/clean_and_jerk/v_CleanAndJerk_g24_c01.avi,clean_and_jerk,216,216,228,155.3308563232422,37.182289123535156,36.2584228515625,179.44842529296875,103.49857330322266,152.80078125,34.15581512451172,42.940250396728516,179.49911499023438,97.3144302368164,144.47164916992188,30.836814880371094,46.77842712402344,179.22549438476562,-6.1181488037109375,0.0,0.0,0.0,0.0,0.0,0.4446306526660919,0.14278264343738556,0.2574537396430969,0.8493477702140808,-0.5780280828475952,0.6404998302459717,0.05866818502545357,0.5844888687133789,0.8283319473266602,-0.15018141269683838,0.09513148665428162,0.05668972060084343,0.019566858187317848,0.21434251964092255,-0.06978766620159149,0.41203704476356506,1.0,0.1388888955116272,0.9953703880310059,0.8611111044883728,36.2584228515625,42.940250396728516,179.22549438476562,0.0,0.14351852238178253,0.16203702986240387,0.1540524959564209,0.011064786463975906,0.2147904634475708,0.005311001092195511,0.125,0.0,36.2584228515625,84.71829986572266,0.011064786463975906,0.1540524959564209,0.005311001092195511,0.2147904634475708,7.101797580718994,116.66635131835938,9.74315071105957,98.68373107910156,-0.004629629664123058,0.8564814925193787,2.3789291381835938,1.1418652534484863,0.5918940305709839,0.24384307861328125,0.08257736265659332,0.05907515808939934
v_CleanAndJerk_g24_c02.avi,/Users/josephkamil/Desktop/Capstone/Oly_Data/raw/clean_and_jerk/v_CleanAndJerk_g24_c02.avi,clean_and_jerk,232,232,263,149.26820373535156,35.58181381225586,15.14443302154541,179.4694061279297,47.155517578125,142.7377471923828,35.17266082763672,45.70363235473633,177.79290771484375,83.4354019165039,112.0640640258789,58.5816650390625,12.261591911315918,179.14617919921875,3.8401641845703125,0.0,0.0,0.0,0.0,0.0,0.45879146456718445,0.1824670135974884,0.20119261741638184,0.8600896000862122,-0.6501197218894958,0.6581478714942932,0.060181885957717896,0.5982339382171631,0.8487877249717712,-0.1199040412902832,0.0979558676481247,0.07754901051521301,0.013297188095748425,0.20921486616134644,-0.00778535008430481,0.6034482717514038,1.0,0.18965516984462738,0.9956896305084229,0.8103448152542114,15.14443302154541,45.70363235473633,179.14617919921875,0.0,0.2284482717514038,0.2284482717514038,0.1595820188522339,0.007848651148378849,0.1540507674217224,0.005808497313410044,0.875,0.0,15.14443302154541,104.95980834960938,0.007848651148378849,0.1595820188522339,0.005808497313410044,0.1540507674217224,6.331239700317383,97.46125793457031,5.607652187347412,125.34576416015625,-0.03879310190677643,0.806034505367279,1.8130383491516113,1.341762900352478,0.6588969826698303,0.25055378675460815,0.10132314264774323,0.09382962435483932
v_CleanAndJerk_g24_c03.avi,/Users/josephkamil/Desktop/Capstone/Oly_Data/raw/clean_and_jerk/v_CleanAndJerk_g24_c03.avi,clean_and_jerk,194,194,235,156.70266723632812,29.032209396362305,72.82131958007812,179.43373107910156,50.03736877441406,152.24131774902344,28.998472213745117,69.7513427734375,178.6635284423828,62.518394470214844,118.3783187866211,62.865970611572266,5.169925689697266,179.2130889892578,1.0689544677734375,0.0,0.0,0.0,0.0,0.0,0.4891207218170166,0.20051227509975433,0.24645671248435974,0.8788117170333862,-0.5960462093353271,0.64427649974823,0.05025102570652962,0.5190395712852478,0.8261451721191406,-0.10449063777923584,0.10167426615953445,0.07771249860525131,0.0009535535355098546,0.21875672042369843,-0.04673662781715393,0.6494845151901245,1.0,0.21134020388126373,0.9948453903198242,0.7886598110198975,72.82131958007812,69.7513427734375,179.2130889892578,0.0,0.0824742242693901,0.07216494530439377,0.4069761037826538,0.01161607913672924,0.20054727792739868,0.006637213286012411,0.0,0.0,72.82131958007812,102.60324096679688,0.01161607913672924,0.4069761037826538,0.006637213286012411,0.20054727792739868,5.2417216300964355,71.74452209472656,7.9928717613220215,167.0890655517578,0.12886597216129303,0.7835051417350769,2.241903305053711,1.2809821367263794,0.6323549747467041,0.3071056008338928,0.14564411342144012,0.18089473247528076
v_CleanAndJerk_g24_c04.avi,/Users/josephkamil/Desktop/Capstone/Oly_Data/raw/clean_and_jerk/v_CleanAndJerk_g24_c04.avi,clean_and_jerk,130,130,131,120.24501037597656,44.43239212036133,41.16376495361328,178.82473754882812,119.99079895019531,103.75999450683594,37.0564079284668,40.85741424560547,178.7725067138672,126.28273010253906,169.1797332763672,11.757704734802246,103.1823501586914,179.01544189453125,-20.644393920898438,0.0,0.0,0.0,0.0,0.0,0.6968692541122437,0.188593327999115,0.2924879193305969,0.8847271800041199,-0.5900476574897766,0.7354280948638916,0.05505496263504028,0.620444655418396,0.8320295810699463,-0.18403804302215576,0.1409958004951477,0.027550535276532173,0.043197374790906906,0.18389387428760529,-0.03139609098434448,0.30000001192092896,1.0,0.699999988079071,0.9923076629638672,0.30000001192092896,41.16376495361328,40.85741424560547,179.01544189453125,0.0,0.7615384459495544,0.007692307699471712,0.1016576886177063,0.014189660549163818,0.06681174039840698,0.006912478245794773,1.0,1.0,51.294944763183594,41.16376495361328,0.014189660549163818,0.1016576886177063,0.006912478245794773,0.06681174039840698,10.654607772827148,92.62265014648438,5.740324974060059,69.41719818115234,-0.0615384615957737,0.29230770468711853,1.8304662704467773,0.8917096853256226,0.592239260673523,0.2115849256515503,0.08609303086996078,0.09727208316326141
v_CleanAndJerk_g25_c01.avi,/Users/josephkamil/Desktop/Capstone/Oly_Data/raw/clean_and_jerk/v_CleanAndJerk_g25_c01.avi,clean_and_jerk,123,123,131,132.3964385986328,59.04195785522461,2.0158374309539795,179.12181091308594,-0.538818359375,113.8048324584961,70.29563903808594,0.7882106900215149,179.55401611328125,63.91529083251953,167.88162231445312,16.00429344177246,105.87482452392578,179.2462615966797,64.24755096435547,0.0,0.0,0.0,0.0,0.0,0.45799705386161804,0.2296878844499588,0.1025293618440628,0.7401523590087891,-0.44510090351104736,0.6010676622390747,0.09715548157691956,0.4616200029850006,0.8202081918716431,-0.03554737567901611,0.1647949367761612,0.03022616356611252,0.02548483945429325,0.19807763397693634,0.15500012040138245,0.5040650367736816,1.0,0.49593496322631836,0.9918699264526367,0.5040650367736816,2.0158374309539795,0.7882106900215149,179.2462615966797,0.0,0.3414634168148041,0.6178861856460571,0.11334025859832764,0.0108228400349617,0.08628451824188232,0.009401001036167145,0.0,1.0,2.0158374309539795,7.4567437171936035,0.0108228400349617,0.11334025859832764,0.009401001036167145,0.08628451824188232,10.384925842285156,96.04940795898438,4.769272327423096,46.42029571533203,0.15447154641151428,0.49593496322631836,1.320386528968811,1.1469221115112305,0.6376230120658875,0.35858818888664246,0.12093445658683777,0.0931646078824997
v_CleanAndJerk_g25_c02.avi,/Users/josephkamil/Desktop/Capstone/Oly_Data/raw/clean_and_jerk/v_CleanAndJerk_g25_c02.avi,clean_and_jerk,192,192,193,153.6900634765625,42.03580093383789,1.2959345579147339,179.32151794433594,-2.420135498046875,154.02476501464844,38.44093704223633,3.0301566123962402,179.1264190673828,20.16461181640625,114.9347915649414,57.24729537963867,2.938605546951294,178.96893310546875,4.89361572265625,0.0,0.0,0.0,0.0,0.0,0.44745731353759766,0.11198423057794571,0.26973605155944824,0.6979541778564453,-0.4000687599182129,0.5988715887069702,0.04310541972517967,0.5030319094657898,0.7140495777130127,0.001217961311340332,0.06739721447229385,0.05931056663393974,0.0015799462562426925,0.16654053330421448,-0.034804001450538635,0.7552083134651184,1.0,0.2083333283662796,0.9947916865348816,0.7916666865348816,1.2959345579147339,3.0301566123962402,178.96893310546875,0.0,0.2604166567325592,0.25,0.04094672203063965,0.006397951859980822,0.040734052658081055,0.004775946028530598,0.75,0.0,1.2959345579147339,152.20867919921875,0.006397951859980822,0.04094672203063965,0.004775946028530598,0.040734052658081055,4.586310863494873,106.208740234375,15.249439239501953,166.1655731201172,-0.0520833320915699,0.7864583134651184,1.2220088243484497,0.912205696105957,0.42821812629699707,0.2110176682472229,0.07554920762777328,0.07167654484510422
v_CleanAndJerk_g25_c03.avi,/Users/josephkamil/Desktop/Capstone/Oly_Data/raw/clean_and_jerk/v_CleanAndJerk_g25_c03.avi,clean_and_jerk,205,205,208,152.92288208007812,43.2768440246582,1.4988009929656982,179.3248748779297,27.66912841796875,156.17271423339844,38.65757751464844,2.0387208461761475,179.37655639648438,33.97758483886719,119.15406036376953,57.10173034667969,2.1566812992095947,178.93527221679688,8.21466064453125,0.0,0.0,0.0,0.0,0.0,0.380634069442749,0.1549382507801056,0.17330339550971985,0.7214056849479675,-0.4930730164051056,0.5380920171737671,0.06073233112692833,0.45490726828575134,0.7033886313438416,-0.08483010530471802,0.07470846176147461,0.06014176458120346,0.004301390610635281,0.1766682118177414,-0.02739262580871582,0.7609755992889404,1.0,0.21463415026664734,0.995121955871582,0.785365879535675,1.4988009929656982,2.0387208461761475,178.93527221679688,0.0,0.2536585330963135,0.06829268485307693,0.078052818775177,0.0075166355818510056,0.036087632179260254,0.004953872878104448,0.625,0.0,1.4988009929656982,140.41310119628906,0.0075166355818510056,0.078052818775177,0.004953872878104448,0.036087632179260254,5.314113616943359,168.28958129882812,13.381555557250977,165.45526123046875,-0.039024390280246735,0.7804877758026123,1.5333936214447021,1.0105900764465332,0.5481022596359253,0.2484813630580902,0.10083382576704025,0.059185463935136795
v_CleanAndJerk_g25_c04.avi,/Users/josephkamil/Desktop/Capstone/Oly_Data/raw/clean_and_jerk/v_CleanAndJerk_g25_c04.avi,clean_and_jerk,254,254,256,153.5626983642578,39.82974624633789,2.907254695892334,179.4643096923828,38.92924499511719,153.60903930664062,37.804683685302734,4.597711563110352,179.56431579589844,52.41947937011719,121.19373321533203,55.99577713012695,1.7280901670455933,179.16912841796875,6.2704315185546875,0.0,0.0,0.0,0.0,0.0,0.3702869713306427,0.15532240271568298,0.10215531289577484,0.6607555150985718,-0.4498509466648102,0.5514467358589172,0.06458046287298203,0.4663296341896057,0.771929144859314,0.10680854320526123,0.0894642323255539,0.08129856735467911,0.012111702002584934,0.22079136967658997,-0.02420264482498169,0.7244094610214233,1.0,0.22440944612026215,0.9960629940032959,0.7755905389785767,2.907254695892334,4.597711563110352,179.16912841796875,0.0,0.27559053897857666,0.25196850299835205,0.04591834545135498,0.006281789857894182,0.07282757759094238,0.005771389231085777,0.625,0.0,2.907254695892334,141.88046264648438,0.006281789857894182,0.04591834545135498,0.005771389231085777,0.07282757759094238,4.13293981552124,138.58006286621094,10.327930450439453,130.0563507080078,-0.05118110403418541,0.7716535329818726,1.5892928838729858,1.4601614475250244,0.5586001873016357,0.30559951066970825,0.11042100191116333,0.07955972105264664
