family,exercise_label,video,name,source_group,knee_mean,knee_std,knee_min,knee_max,knee_delta,hip_mean,hip_std,hip_min,hip_max,hip_delta,elbow_mean,elbow_std,elbow_min,elbow_max,elbow_delta,shoulder_mean,shoulder_std,shoulder_min,shoulder_max,shoulder_delta,wrist_y_mean,wrist_y_std,wrist_y_min,wrist_y_max,wrist_y_delta,hip_y_mean,hip_y_std,hip_y_min,hip_y_max,hip_y_delta,wrist_shoulder_distance_mean,wrist_shoulder_distance_std,wrist_shoulder_distance_min,wrist_shoulder_distance_max,wrist_shoulder_distance_delta,overhead_ratio,has_overhead,first_overhead_pct,last_overhead_pct,overhead_span_pct,min_knee_angle,min_hip_angle,max_elbow_angle,max_shoulder_angle,min_knee_time_pct,min_hip_time_pct,max_wrist_motion,mean_wrist_motion,max_hip_motion,mean_hip_motion,overhead_near_bottom,late_overhead_flag,early_min_knee,late_min_knee,wrist_velocity_mean,wrist_velocity_peak,hip_velocity_mean,hip_velocity_peak,knee_velocity_mean,knee_velocity_peak,elbow_velocity_mean,elbow_velocity_peak,bottom_to_overhead_time,early_late_overhead_delta,wrist_path_length,hip_path_length,wrist_vertical_range,hip_vertical_range,overhead_jitter,late_wrist_y_std
bodyweight,push_up,/Users/josephkamil/Desktop/Capstone/push-up/push-up_1.mp4,push-up_1.mp4,push_up:push-up_1,176.40478515625,2.8919739723205566,167.15768432617188,179.6225128173828,-5.9454345703125,168.30313110351562,11.044604301452637,136.02842712402344,179.6276092529297,42.51622009277344,150.5026092529297,22.70119857788086,104.19341278076172,175.906494140625,-44.001556396484375,0.0,0.0,0.0,0.0,0.0,0.9358123540878296,0.04538720101118088,0.865568995475769,1.0276011228561401,-0.043055176734924316,0.6649020314216614,0.07764048129320145,0.5201178789138794,0.7802687883377075,0.22850584983825684,0.31589823961257935,0.113441102206707,0.12677855789661407,0.4351154565811157,-0.2259337455034256,0.0,0.0,1.0,0.0,0.0,167.15768432617188,136.02842712402344,175.906494140625,0.0,0.6733333468437195,0.0,0.08806765079498291,0.009079203009605408,0.02919912338256836,0.0065770987421274185,0.0,1.0,172.01417541503906,167.15768432617188,0.009079203009605408,0.08806765079498291,0.0065770987421274185,0.02919912338256836,0.7527398467063904,3.340576171875,2.289651393890381,11.651954650878906,0.3266666531562805,-1.0,1.3528012037277222,0.9799877405166626,0.1620321273803711,0.2601509094238281,0.0,0.043364595621824265
bodyweight,push_up,/Users/josephkamil/Desktop/Capstone/push-up/push-up_2.mp4,push-up_2.mp4,push_up:push-up_2,174.75843811035156,2.847045421600342,168.82252502441406,179.5948028564453,1.2640838623046875,175.0751495361328,3.1872901916503906,166.76763916015625,179.644775390625,6.927093505859375,149.5272979736328,24.11625099182129,99.3483657836914,173.2547607421875,32.158966064453125,0.0,0.0,0.0,0.0,0.0,0.9320923686027527,0.03754593804478645,0.8755764961242676,1.0036898851394653,0.02818220853805542,0.6816770434379578,0.06669579446315765,0.5840527415275574,0.785010576248169,-0.10819065570831299,0.32036808133125305,0.10183258354663849,0.15237024426460266,0.42586255073547363,0.21680894494056702,0.0,0.0,1.0,0.0,0.0,168.82252502441406,166.76763916015625,173.2547607421875,0.0,0.03333333507180214,0.12666666507720947,0.056626856327056885,0.008245466277003288,0.026575028896331787,0.005841679871082306,0.0,1.0,168.82252502441406,169.45787048339844,0.008245466277003288,0.056626856327056885,0.005841679871082306,0.026575028896331787,0.6861690282821655,2.744720458984375,2.1259634494781494,12.267601013183594,0.9666666388511658,-1.0,1.228574514389038,0.8704103231430054,0.12811338901519775,0.20095783472061157,0.0,0.040485940873622894
bodyweight,push_up,/Users/josephkamil/Desktop/Capstone/push-up/push-up_3.mp4,push-up_3.mp4,push_up:push-up_3,173.9327850341797,2.902926206588745,168.93002319335938,179.1252899169922,4.468780517578125,176.6116180419922,2.4112765789031982,171.53045654296875,179.6434326171875,-3.1365509033203125,151.7527618408203,20.244754791259766,112.57487487792969,174.4188690185547,-45.06340789794922,0.0,0.0,0.0,0.0,0.0,0.92886883020401,0.04911930114030838,0.8510359525680542,1.0276167392730713,-0.09254264831542969,0.6983857154846191,0.06280631572008133,0.6185039281845093,0.7918263077735901,0.1656927466392517,0.30463892221450806,0.11609601974487305,0.11504040658473969,0.4329354465007782,-0.3037821352481842,0.0,0.0,1.0,0.0,0.0,168.93002319335938,171.53045654296875,174.4188690185547,0.0,0.24666666984558105,0.9933333396911621,0.08062243461608887,0.009285002015531063,0.02203434705734253,0.005612666718661785,0.0,1.0,168.93002319335938,169.53358459472656,0.009285002015531063,0.08062243461608887,0.005612666718661785,0.02203434705734253,0.6987829208374023,3.876190185546875,2.1224474906921387,10.037124633789062,0.753333330154419,-1.0,1.38346529006958,0.8362873196601868,0.1765807867050171,0.1733223795890808,0.0,0.04928388074040413
bodyweight,push_up,/Users/josephkamil/Desktop/Capstone/push-up/push-up_4.mp4,push-up_4.mp4,push_up:push-up_4,177.9854736328125,1.5165151357650757,172.99488830566406,179.61911010742188,2.1111907958984375,162.8141632080078,5.481222152709961,143.66868591308594,170.907470703125,17.837615966796875,122.90254974365234,41.09965896606445,47.58316421508789,173.64308166503906,-57.36006164550781,0.0,0.0,0.0,0.0,0.0,0.9145463109016418,0.017385708168148994,0.8726098537445068,0.9504218101501465,0.02686023712158203,0.6462332010269165,0.06432285159826279,0.5411139726638794,0.7419076561927795,0.1684093475341797,0.2960546612739563,0.10988199710845947,0.12628582119941711,0.4519779086112976,-0.16561822593212128,0.0,0.0,1.0,0.0,0.0,172.99488830566406,143.66868591308594,173.64308166503906,0.0,0.5066666603088379,0.006666666828095913,0.024478435516357422,0.00447135791182518,0.026977896690368652,0.005821122322231531,0.0,1.0,172.99488830566406,174.30084228515625,0.00447135791182518,0.024478435516357422,0.005821122322231531,0.026977896690368652,0.642641544342041,3.6147918701171875,3.5701839923858643,20.02845001220703,0.4933333396911621,-1.0,0.6662323474884033,0.867347240447998,0.07781195640563965,0.20079368352890015,0.0,0.01735818199813366
bodyweight,push_up,/Users/josephkamil/Desktop/Capstone/push-up/push-up_5.mp4,push-up_5.mp4,push_up:push-up_5,177.08534240722656,1.8969894647598267,171.3125762939453,179.60726928710938,-4.1511993408203125,169.10374450683594,2.5263824462890625,159.11106872558594,173.67344665527344,7.8948516845703125,124.32257843017578,39.53541946411133,64.00621795654297,171.41119384765625,43.723907470703125,0.0,0.0,0.0,0.0,0.0,0.9105014801025391,0.02084171026945114,0.8729851245880127,0.9553689956665039,0.02113962173461914,0.6645366549491882,0.0622553676366806,0.5822511911392212,0.7553171515464783,-0.04557543992996216,0.29089391231536865,0.11270219087600708,0.13243542611598969,0.4433998763561249,0.12001089751720428,0.0,0.0,1.0,0.0,0.0,171.3125762939453,159.11106872558594,171.41119384765625,0.0,0.5333333611488342,0.0,0.03277015686035156,0.004861313849687576,0.02363818883895874,0.005174601916223764,0.0,1.0,171.3125762939453,172.75942993164062,0.004861313849687576,0.03277015686035156,0.005174601916223764,0.02363818883895874,0.5415621995925903,3.648040771484375,3.3508119583129883,19.33991241455078,0.46666666865348816,-1.0,0.724335789680481,0.7710157036781311,0.08238387107849121,0.17306596040725708,0.0,0.02187526412308216
bodyweight,push_up,/Users/josephkamil/Desktop/Capstone/push-up/push-up_6.mp4,push-up_6.mp4,push_up:push-up_6,176.13778686523438,2.5950357913970947,169.66038513183594,179.622314453125,7.4964141845703125,171.6610870361328,2.1458277702331543,164.8076934814453,177.0869598388672,6.689483642578125,134.89602661132812,36.25326919555664,67.87384796142578,170.81924438476562,23.68865966796875,0.0,0.0,0.0,0.0,0.0,0.9118931293487549,0.017088748514652252,0.8715187311172485,0.943901538848877,-0.015858352184295654,0.6547773480415344,0.05992870032787323,0.588565468788147,0.7586910128593445,-0.043894410133361816,0.31796830892562866,0.10450071841478348,0.13631372153759003,0.43982088565826416,0.08539146184921265,0.0,0.0,1.0,0.0,0.0,169.66038513183594,164.8076934814453,170.81924438476562,0.0,0.0,0.0,0.04166531562805176,0.004487812519073486,0.023099243640899658,0.004774424247443676,0.0,1.0,169.66038513183594,171.48504638671875,0.004487812519073486,0.04166531562805176,0.004774424247443676,0.023099243640899658,0.6063252091407776,5.8675537109375,2.9300427436828613,13.780616760253906,1.0,-1.0,0.6686840653419495,0.7113891839981079,0.07238280773162842,0.1701255440711975,0.0,0.01937888376414776
bodyweight,push_up,/Users/josephkamil/Desktop/Capstone/push-up/push-up_7.mp4,push-up_7.mp4,push_up:push-up_7,176.7617950439453,2.0339853763580322,171.4554901123047,179.5941162109375,1.13079833984375,160.8192596435547,8.0725736618042,139.50619506835938,175.17398071289062,25.685714721679688,144.72509765625,27.646787643432617,87.8780517578125,173.7669219970703,-55.36286926269531,0.0,0.0,0.0,0.0,0.0,0.8605552315711975,0.0090583935379982,0.838401198387146,0.8855210542678833,0.006902813911437988,0.6107951998710632,0.06962191313505173,0.5040541291236877,0.7320974469184875,0.19614344835281372,0.2848622500896454,0.09024599194526672,0.1281726062297821,0.39293530583381653,-0.21076644957065582,0.0,0.0,1.0,0.0,0.0,171.4554901123047,139.50619506835938,173.7669219970703,0.0,0.6333333253860474,0.019999999552965164,0.014800012111663818,0.002602105960249901,0.024369895458221436,0.006444821134209633,0.0,1.0,172.43199157714844,171.4554901123047,0.002602105960249901,0.014800012111663818,0.006444821134209633,0.024369895458221436,0.7364102602005005,2.94281005859375,2.5610716342926025,13.495956420898438,0.36666667461395264,-1.0,0.38771378993988037,0.960278332233429,0.047119855880737305,0.2280433177947998,0.0,0.005817724857479334
bodyweight,push_up,/Users/josephkamil/Desktop/Capstone/push-up/push-up_9.mp4,push-up_9.mp4,push_up:push-up_9,176.46044921875,2.221813678741455,171.08349609375,179.61033630371094,-3.8094940185546875,170.68930053710938,3.837634325027466,164.94700622558594,179.62741088867188,-1.326934814453125,153.2220001220703,23.44405174255371,105.07596588134766,174.5482177734375,17.28857421875,0.0,0.0,0.0,0.0,0.0,0.8568336963653564,0.012403321452438831,0.8260678052902222,0.8780727386474609,-0.007520437240600586,0.631505012512207,0.06218684837222099,0.563117504119873,0.7433699369430542,-0.07196998596191406,0.2913035452365875,0.09083207696676254,0.1344636231660843,0.39113521575927734,0.11093050241470337,0.0,0.0,1.0,0.0,0.0,171.08349609375,164.94700622558594,174.5482177734375,0.0,0.8666666746139526,0.41333332657814026,0.014862895011901855,0.002153217326849699,0.023540794849395752,0.005332627333700657,0.0,1.0,171.2991485595703,171.08349609375,0.002153217326849699,0.014862895011901855,0.005332627333700657,0.023540794849395752,0.639715313911438,3.527984619140625,2.004772186279297,12.848762512207031,0.13333334028720856,-1.0,0.3208293914794922,0.794561505317688,0.05200493335723877,0.18025243282318115,0.0,0.014390491880476475
bodyweight,push_up,/Users/josephkamil/Desktop/Capstone/push-up/push-up_11.mp4,push-up_11.mp4,push_up:push-up_11,111.83084869384766,63.20170211791992,5.981061935424805,178.25076293945312,-125.1402587890625,92.81026458740234,77.80984497070312,3.4509875774383545,178.87925720214844,-6.450590133666992,109.52446746826172,58.15864944458008,30.562538146972656,178.47607421875,-26.6689453125,0.0,0.0,0.0,0.0,0.0,0.8476679921150208,0.0036209390964359045,0.841645359992981,0.8540328741073608,0.0031017065048217773,0.550429105758667,0.05211392417550087,0.46242016553878784,0.6256774663925171,0.07221114635467529,0.17633786797523499,0.08357921242713928,0.0482352152466774,0.30648303031921387,-0.08524833619594574,0.0,0.0,1.0,0.0,0.0,5.981061935424805,3.4509875774383545,178.47607421875,0.0,0.41333332657814026,0.3333333432674408,0.003798246383666992,0.0006343526183627546,0.029697060585021973,0.0059227063320577145,0.0,1.0,5.981061935424805,6.3273749351501465,0.0006343526183627546,0.003798246383666992,0.0059227063320577145,0.029697060585021973,17.038938522338867,138.99273681640625,5.826351165771484,32.87544250488281,0.5866666436195374,-1.0,0.09451854228973389,0.8824832439422607,0.012387514114379883,0.16325730085372925,0.0,0.003968100529164076
bodyweight,push_up,/Users/josephkamil/Desktop/Capstone/push-up/push-up_12.mp4,push-up_12.mp4,push_up:push-up_12,104.00230407714844,60.139610290527344,5.476512908935547,178.08851623535156,102.92791748046875,75.63052368164062,77.60124969482422,1.4691435098648071,178.1851806640625,150.3692626953125,124.03463745117188,53.3314094543457,31.697362899780273,176.78492736816406,-100.54570007324219,0.0,0.0,0.0,0.0,0.0,0.8487822413444519,0.0033085797913372517,0.8413962125778198,0.8544344902038574,-0.0017894506454467773,0.536005973815918,0.05126384645700455,0.4693683385848999,0.6299235820770264,0.06454569101333618,0.19942471385002136,0.0769054964184761,0.05757593363523483,0.290715754032135,-0.13092687726020813,0.0,0.0,1.0,0.0,0.0,5.476512908935547,1.4691435098648071,176.78492736816406,0.0,0.36666667461395264,0.8199999928474426,0.0029087066650390625,0.0005384491523727775,0.027834594249725342,0.005624425131827593,0.0,1.0,5.476512908935547,9.93061351776123,0.0005384491523727775,0.0029087066650390625,0.005624425131827593,0.027834594249725342,16.829320907592773,150.99209594726562,4.824271202087402,30.843307495117188,0.6333333253860474,-1.0,0.08022892475128174,0.8380393385887146,0.013038277626037598,0.16055524349212646,0.0,0.0024364409036934376
bodyweight,push_up,/Users/josephkamil/Desktop/Capstone/push-up/push-up_13.mp4,push-up_13.mp4,push_up:push-up_13,132.0347442626953,49.05485916137695,15.51998519897461,178.15476989746094,-36.08338928222656,75.26073455810547,76.97000885009766,1.0015318393707275,178.89161682128906,3.5268402099609375,112.35470581054688,75.35441589355469,6.77311897277832,179.46714782714844,2.282684326171875,0.0,0.0,0.0,0.0,0.0,0.8022710680961609,0.02938978560268879,0.5876501202583313,0.817500114440918,0.22122520208358765,0.5048686861991882,0.07470635324716568,0.40487968921661377,0.6081557273864746,-0.04454463720321655,0.17852942645549774,0.11640932410955429,0.0055220709182322025,0.31903520226478577,0.22023765742778778,0.0,0.0,1.0,0.0,0.0,15.51998519897461,1.0015318393707275,179.46714782714844,0.0,0.05369127541780472,0.10738255083560944,0.0666574239730835,0.0023904487024992704,0.032069504261016846,0.006250545848160982,0.0,1.0,15.51998519897461,28.46642303466797,0.0023904487024992704,0.0666574239730835,0.006250545848160982,0.032069504261016846,11.902178764343262,148.8297576904297,4.810371398925781,89.27806091308594,0.9463087320327759,-1.0,0.3537864089012146,0.9250807762145996,0.22984999418258667,0.20327603816986084,0.0,0.005927546881139278
bodyweight,push_up,/Users/josephkamil/Desktop/Capstone/push-up/push-up_14.mp4,push-up_14.mp4,push_up:push-up_14,131.3236846923828,58.74849319458008,7.700514316558838,178.61538696289062,12.061431884765625,64.5273208618164,75.74858093261719,1.054961085319519,178.80743408203125,0.21136856079101562,120.6373291015625,69.8841781616211,3.994095802307129,179.5181427001953,-1.792633056640625,0.0,0.0,0.0,0.0,0.0,0.8694162368774414,0.013208510354161263,0.8276803493499756,0.8969360589981079,-0.007398068904876709,0.528459370136261,0.07512178272008896,0.44068947434425354,0.6466805338859558,-0.007421940565109253,0.22243577241897583,0.11459103971719742,0.01726812683045864,0.34581243991851807,0.003651261329650879,0.0,0.0,1.0,0.0,0.0,7.700514316558838,1.054961085319519,179.5181427001953,0.0,0.3310810923576355,0.4324324429035187,0.0275723934173584,0.0028277826495468616,0.042595624923706055,0.006084438879042864,0.0,1.0,7.700514316558838,9.632761001586914,0.0028277826495468616,0.0275723934173584,0.006084438879042864,0.042595624923706055,10.320398330688477,139.98411560058594,5.300503730773926,86.79954528808594,0.6689189076423645,-1.0,0.4156840443611145,0.8944125175476074,0.06925570964813232,0.20599105954170227,0.0,0.012963213957846165
bodyweight,push_up,/Users/josephkamil/Desktop/Capstone/push-up/push-up_15.mp4,push-up_15.mp4,push_up:push-up_15,162.26890563964844,6.878957748413086,140.29818725585938,171.26597595214844,18.356170654296875,175.42816162109375,2.4386978149414062,169.843017578125,179.48104858398438,7.2987518310546875,88.78923797607422,30.791336059570312,53.058631896972656,165.18089294433594,-107.75926208496094,0.0,0.0,0.0,0.0,0.0,0.7705210447311401,0.006856041494756937,0.7639864087104797,0.7889832258224487,-0.018725275993347168,0.6123083233833313,0.03557218611240387,0.5027304291725159,0.6511027812957764,0.1483723521232605,0.2684427797794342,0.06618496775627136,0.19639618694782257,0.43386897444725037,-0.2374727874994278,0.0,0.0,1.0,0.0,0.0,140.29818725585938,169.843017578125,165.18089294433594,0.0,0.024096384644508362,0.16867469251155853,0.0051552653312683105,0.0009147176169790328,0.010915279388427734,0.0018176342127844691,0.0,1.0,140.29818725585938,156.4428253173828,0.0009147176169790328,0.0051552653312683105,0.0018176342127844691,0.010915279388427734,1.139699101448059,6.1219940185546875,1.928650975227356,6.341712951660156,0.9759036302566528,-1.0,0.07500684261322021,0.14904600381851196,0.024996817111968994,0.1483723521232605,0.0,0.0024753103498369455
bodyweight,push_up,/Users/josephkamil/Desktop/Capstone/push-up/push-up_18.mp4,push-up_18.mp4,push_up:push-up_18,36.21398162841797,14.724507331848145,1.1486022472381592,75.38909149169922,61.109344482421875,11.119102478027344,4.55568790435791,0.3558967709541321,19.21407699584961,6.496185302734375,61.046539306640625,40.51536560058594,5.149194240570068,152.4443817138672,-91.30065155029297,0.0,0.0,0.0,0.0,0.0,0.5942623019218445,0.013343348167836666,0.5685743093490601,0.615996241569519,-0.02139270305633545,1.0576614141464233,0.03523541986942291,0.9346088171005249,1.1050646305084229,0.13327491283416748,0.19377142190933228,0.07151184976100922,0.10377927869558334,0.29732561111450195,0.13087041676044464,0.0,0.0,1.0,0.0,0.0,1.1486022472381592,0.3558967709541321,152.4443817138672,0.0,0.0,0.04285714402794838,0.010770797729492188,0.001857581315562129,0.022615909576416016,0.004529536701738834,0.0,1.0,1.1486022472381592,30.95775032043457,0.001857581315562129,0.010770797729492188,0.004529536701738834,0.022615909576416016,3.7725937366485596,30.74103546142578,4.1862921714782715,87.53244018554688,1.0,-1.0,0.1281731128692627,0.3125380277633667,0.047421932220458984,0.17045581340789795,0.0,0.014544547535479069
bodyweight,push_up,/Users/josephkamil/Desktop/Capstone/push-up/push-up_19.mp4,push-up_19.mp4,push_up:push-up_19,162.70782470703125,4.533939838409424,146.85227966308594,176.2901153564453,0.1621856689453125,171.07492065429688,6.074063301086426,153.95777893066406,179.59603881835938,7.424041748046875,126.85286712646484,36.25010299682617,74.20323181152344,172.21920776367188,-10.551467895507812,0.0,0.0,0.0,0.0,0.0,0.407638281583786,0.0050217220559716225,0.39580947160720825,0.4236027002334595,-0.009194612503051758,0.2060784548521042,0.06648045033216476,0.10706755518913269,0.29298847913742065,0.03527039289474487,0.27409470081329346,0.08835635334253311,0.17361955344676971,0.4082009494304657,-0.02728678286075592,0.0,0.0,1.0,0.0,0.0,146.85227966308594,153.95777893066406,172.21920776367188,0.0,0.3799999952316284,0.7400000095367432,0.014346212148666382,0.0016421959735453129,0.019646838307380676,0.005123298615217209,0.0,1.0,146.85227966308594,153.4463653564453,0.0016421959735453129,0.014346212148666382,0.005123298615217209,0.019646838307380676,1.4976295232772827,12.097915649414062,2.949937343597412,20.484046936035156,0.6200000047683716,-1.0,0.24468719959259033,0.763371467590332,0.02779322862625122,0.18592092394828796,0.0,0.005934231914579868
bodyweight,push_up,/Users/josephkamil/Desktop/Capstone/push-up/push-up_20.mp4,push-up_20.mp4,push_up:push-up_20,105.3215560913086,55.644691467285156,10.885984420776367,168.1961212158203,18.536788940429688,20.6909236907959,14.26971435546875,1.169273018836975,129.57992553710938,-85.57846069335938,123.08659362792969,48.981788635253906,38.48076248168945,174.6177520751953,56.36192321777344,0.0,0.0,0.0,0.0,0.0,0.8368273973464966,0.026355106383562088,0.6053230166435242,0.8549087643623352,0.23793751001358032,0.41500821709632874,0.14695730805397034,0.2344512939453125,0.65592360496521,-0.19267714023590088,0.3172038197517395,0.14100557565689087,0.05996188521385193,0.502868115901947,0.1927596628665924,0.01342281885445118,1.0,0.0,0.00671140942722559,0.01342281885445118,10.885984420776367,1.169273018836975,174.6177520751953,0.0,0.07382550090551376,0.6040268540382385,0.21869850158691406,0.0023807459510862827,0.0737464427947998,0.011137900874018669,0.0,0.0,10.885984420776367,15.037047386169434,0.0023807459510862827,0.21869850158691406,0.011137900874018669,0.0737464427947998,6.96042013168335,44.83879089355469,4.641321182250977,100.38938903808594,-0.07382550090551376,0.00671140942722559,0.3523504137992859,1.648409366607666,0.24958574771881104,0.42147231101989746,0.0,0.0055310227908194065
bodyweight,push_up,/Users/josephkamil/Desktop/Capstone/push-up/push-up_22.mp4,push-up_22.mp4,push_up:push-up_22,169.47280883789062,2.7128918170928955,158.75250244140625,179.3130340576172,11.600601196289062,175.5308380126953,3.748284101486206,168.3587646484375,179.67977905273438,-7.9531707763671875,108.68982696533203,37.26268768310547,51.55439758300781,168.07992553710938,-47.94178009033203,0.0,0.0,0.0,0.0,0.0,0.7952365279197693,0.03609505295753479,0.7174465656280518,0.835727334022522,0.005022108554840088,0.5807640552520752,0.1008002907037735,0.4309617877006531,0.7038978338241577,0.12996822595596313,0.32542017102241516,0.12252174317836761,0.1600421816110611,0.5097132325172424,-0.1865946501493454,0.0,0.0,1.0,0.0,0.0,158.75250244140625,168.3587646484375,168.07992553710938,0.0,0.0,0.9399999976158142,0.05928933620452881,0.0038786097429692745,0.017201483249664307,0.0045428830198943615,0.0,1.0,158.75250244140625,166.08401489257812,0.0038786097429692745,0.05928933620452881,0.0045428830198943615,0.017201483249664307,0.8797995448112488,5.5691680908203125,2.743772029876709,14.354766845703125,1.0,-1.0,0.5779128670692444,0.6768895983695984,0.11828076839447021,0.27293604612350464,0.0,0.030542416498064995
bodyweight,push_up,/Users/josephkamil/Desktop/Capstone/push-up/push-up_23.mp4,push-up_23.mp4,push_up:push-up_23,121.3087158203125,53.09537887573242,17.30295753479004,178.77503967285156,84.11106872558594,153.5256805419922,14.718116760253906,120.26984405517578,179.27183532714844,18.747955322265625,111.77398681640625,47.91879653930664,48.46599197387695,174.3220672607422,-0.539215087890625,0.0,0.0,0.0,0.0,0.0,0.8430709838867188,0.06882327049970627,0.7779455184936523,1.0406486988067627,0.2024381160736084,0.5511012077331543,0.09575669467449188,0.40347009897232056,0.691366970539093,0.07767993211746216,0.344115674495697,0.16605506837368011,0.15231631696224213,0.7162585258483887,0.24492257833480835,0.0,0.0,1.0,0.0,0.0,17.30295753479004,120.26984405517578,174.3220672607422,0.0,0.0,0.752212405204773,0.05436962842941284,0.00547625869512558,0.02956479787826538,0.005623683333396912,0.0,1.0,17.30295753479004,35.75388717651367,0.00547625869512558,0.05436962842941284,0.005623683333396912,0.02956479787826538,12.43120288848877,134.82290649414062,3.2235968112945557,19.97869110107422,1.0,-1.0,0.6133409738540649,0.6298525333404541,0.26270318031311035,0.28789687156677246,0.0,0.053782299160957336
bodyweight,push_up,/Users/josephkamil/Desktop/Capstone/push-up/push-up_24.mp4,push-up_24.mp4,push_up:push-up_24,154.31710815429688,5.365684509277344,143.7132568359375,162.99905395507812,-5.1958770751953125,172.45993041992188,4.403416156768799,164.27789306640625,179.56239318847656,5.25006103515625,129.7988739013672,44.50395584106445,63.858272552490234,178.51837158203125,1.080169677734375,0.0,0.0,0.0,0.0,0.0,0.7778246998786926,0.009459034539759159,0.7607477903366089,0.7974714040756226,-0.024608969688415527,0.5893670320510864,0.07609716057777405,0.49666666984558105,0.6973152756690979,-0.006402134895324707,0.27518078684806824,0.11252248287200928,0.11877713352441788,0.4034295678138733,-0.0029650330543518066,0.0,0.0,1.0,0.0,0.0,143.7132568359375,164.27789306640625,178.51837158203125,0.0,0.817460298538208,0.0,0.009117603302001953,0.0009768438758328557,0.017670094966888428,0.0031744164880365133,0.0,1.0,147.2476806640625,143.7132568359375,0.0009768438758328557,0.009117603302001953,0.0031744164880365133,0.017670094966888428,0.8655360341072083,3.9281005859375,1.961046576499939,10.765167236328125,0.1825396865606308,-1.0,0.12210547924041748,0.39680206775665283,0.03672361373901367,0.20064860582351685,0.0,0.004346606321632862
bodyweight,push_up,/Users/josephkamil/Desktop/Capstone/push-up/push-up_25.mp4,push-up_25.mp4,push_up:push-up_25,135.68618774414062,36.81915283203125,35.618675231933594,179.370361328125,-122.76424407958984,127.72574615478516,46.709835052490234,35.74222183227539,179.5830078125,11.211746215820312,121.3858413696289,41.49031448364258,61.75642395019531,174.62359619140625,11.5029296875,0.0,0.0,0.0,0.0,0.0,1.0346729755401611,0.16279684007167816,0.8242111206054688,1.3894121646881104,0.45100802183151245,0.6684133410453796,0.08829616755247116,0.45667481422424316,0.8260518312454224,0.2167741060256958,0.5432974696159363,0.24891605973243713,0.2295342981815338,1.0009818077087402,0.35090428590774536,0.0,0.0,1.0,0.0,0.0,35.618675231933594,35.74222183227539,174.62359619140625,0.0,0.9795918464660645,0.29591837525367737,0.13035106658935547,0.02099556289613247,0.06533533334732056,0.010229560546576977,0.0,1.0,49.01367950439453,35.618675231933594,0.02099556289613247,0.13035106658935547,0.010229560546576977,0.06533533334732056,11.639118194580078,64.02754974365234,3.707531213760376,28.844375610351562,0.020408162847161293,-1.0,2.036569595336914,0.992267370223999,0.5652010440826416,0.3693770170211792,0.0,0.14485420286655426
bodyweight,push_up,/Users/josephkamil/Desktop/Capstone/push-up/push-up_27.mp4,push-up_27.mp4,push_up:push-up_27,164.86953735351562,8.816474914550781,142.6028289794922,177.84390258789062,12.933013916015625,166.9730682373047,6.9426445960998535,143.12359619140625,179.5161895751953,16.366012573242188,97.30067443847656,59.971832275390625,23.428926467895508,171.87255859375,5.4858245849609375,0.0,0.0,0.0,0.0,0.0,0.685906171798706,0.018702277913689613,0.6448473334312439,0.7156475782394409,-0.012474894523620605,0.44000035524368286,0.0804099589586258,0.32738497853279114,0.551933765411377,0.0045964717864990234,0.2451462596654892,0.1114179715514183,0.10165280848741531,0.40682730078697205,0.01715034246444702,0.0,0.0,1.0,0.0,0.0,142.6028289794922,143.12359619140625,171.87255859375,0.0,0.006666666828095913,0.0,0.010479331016540527,0.001383742201142013,0.01008296012878418,0.002995104528963566,0.0,1.0,142.6028289794922,154.9490509033203,0.001383742201142013,0.010479331016540527,0.002995104528963566,0.01008296012878418,1.1541838645935059,11.197784423828125,2.219878911972046,20.46717071533203,0.9933333396911621,-1.0,0.20617759227752686,0.44627058506011963,0.07080024480819702,0.22454878687858582,0.0,0.018619945272803307
bodyweight,push_up,/Users/josephkamil/Desktop/Capstone/push-up/push-up_28.mp4,push-up_28.mp4,push_up:push-up_28,41.70919418334961,43.250736236572266,1.8387670516967773,177.19508361816406,43.00640106201172,160.9719696044922,31.476892471313477,3.7499873638153076,178.90554809570312,-3.3204345703125,142.61155700683594,31.499956130981445,61.222232818603516,179.67384338378906,-70.22400665283203,0.0,0.0,0.0,0.0,0.0,0.9507904052734375,0.0033013082575052977,0.9434884786605835,0.9589055776596069,0.00414884090423584,0.7381303906440735,0.047343991696834564,0.6760782599449158,0.8237170577049255,0.12857937812805176,0.3990045189857483,0.09849878400564194,0.15015529096126556,0.5021181106567383,-0.2246476709842682,0.0,0.0,1.0,0.0,0.0,1.8387670516967773,3.7499873638153076,179.67384338378906,0.0,0.8620689511299133,0.36781609058380127,0.008168935775756836,0.001220838981680572,0.1052623987197876,0.014245519414544106,0.0,1.0,3.6598591804504395,1.8387670516967773,0.001220838981680572,0.008168935775756836,0.014245519414544106,0.1052623987197876,20.202857971191406,149.08766174316406,8.392333030700684,43.55325698852539,0.13793103396892548,-1.0,0.10499215126037598,1.2251147031784058,0.015417098999023438,0.14763879776000977,0.0,0.003081206465139985
bodyweight,push_up,/Users/josephkamil/Desktop/Capstone/push-up/push-up_29.mp4,push-up_29.mp4,push_up:push-up_29,74.15375518798828,65.85906219482422,2.425062894821167,168.71112060546875,-129.25978088378906,143.40829467773438,39.578372955322266,3.5970513820648193,178.29283142089844,146.9447479248047,121.63758850097656,39.37706756591797,44.10005569458008,179.3824005126953,52.90193176269531,0.0,0.0,0.0,0.0,0.0,0.8781377673149109,0.0030271916184574366,0.8721474409103394,0.8847067356109619,-0.007064759731292725,0.5849412083625793,0.018967466428875923,0.5373668670654297,0.6313222050666809,-0.037089526653289795,0.32407793402671814,0.12705335021018982,0.14892101287841797,0.5040790438652039,0.16227519512176514,0.0,0.0,1.0,0.0,0.0,2.425062894821167,3.5970513820648193,179.3824005126953,0.0,0.2767857015132904,0.125,0.004888594150543213,0.0008213611436076462,0.036434173583984375,0.006986408028751612,0.0,1.0,2.425062894821167,2.6456689834594727,0.0008213611436076462,0.004888594150543213,0.006986408028751612,0.036434173583984375,18.21417808532715,152.13250732421875,9.098936080932617,59.1617431640625,0.7232142686843872,-1.0,0.09117108583450317,0.7754912972450256,0.012559294700622559,0.09395533800125122,0.0,0.0030754765029996634
bodyweight,pull_up,/Users/josephkamil/Desktop/Capstone/pull Up/pull up_2.mp4,pull up_2.mp4,pull_up:pull up_2,175.7408447265625,4.1670241355896,153.8871612548828,179.49395751953125,-0.9524078369140625,174.11721801757812,3.4470090866088867,164.1110382080078,179.57591247558594,-2.9333648681640625,142.9705047607422,61.835350036621094,1.0754085779190063,179.20436096191406,-1.532745361328125,0.0,0.0,0.0,0.0,0.0,0.2472483366727829,0.1255873292684555,0.17005102336406708,0.7994142770767212,0.3021774888038635,0.5684030055999756,0.10529918968677521,0.38544976711273193,0.8236005306243896,-0.03516733646392822,0.14748243987560272,0.06438887864351273,0.00893749576061964,0.21807962656021118,0.08742143958806992,0.9186046719551086,1.0,0.0,0.9325581192970276,0.934883713722229,153.8871612548828,164.1110382080078,179.20436096191406,0.0,0.0767441838979721,0.42093023657798767,0.07566273212432861,0.0037344808224588633,0.03562462329864502,0.006387688219547272,1.0,0.0,153.8871612548828,159.2196502685547,0.0037344808224588633,0.07566273212432861,0.006387688219547272,0.03562462329864502,0.6410126686096191,10.130401611328125,4.758354187011719,166.89634704589844,-0.0767441838979721,0.9325581192970276,1.6020922660827637,2.7403182983398438,0.6293632388114929,0.4381507635116577,0.04876101762056351,0.19022546708583832
bodyweight,pull_up,/Users/josephkamil/Desktop/Capstone/pull Up/pull up_3.mp4,pull up_3.mp4,pull_up:pull up_3,175.2353973388672,4.468526840209961,147.8082275390625,179.52993774414062,1.0205078125,176.90945434570312,2.061112642288208,169.27255249023438,179.59788513183594,1.7961578369140625,130.8262481689453,56.865604400634766,5.963091850280762,179.2401123046875,4.5604095458984375,0.0,0.0,0.0,0.0,0.0,0.2337629348039627,0.06263142079114914,0.13690407574176788,0.750090479850769,0.3731481432914734,0.5987705588340759,0.09651437401771545,0.3713902235031128,0.7616184949874878,-0.03152132034301758,0.15731465816497803,0.06769997626543045,0.0057303993962705135,0.22856096923351288,-0.009868070483207703,0.9785905480384827,1.0,0.0,0.9884032011032104,0.989295244216919,147.8082275390625,169.27255249023438,179.2401123046875,0.0,0.989295244216919,0.1926850974559784,0.0452347993850708,0.0014521140838041902,0.018822669982910156,0.0033961322624236345,0.0,0.0,163.7614288330078,147.8082275390625,0.0014521140838041902,0.0452347993850708,0.0033961322624236345,0.018822669982910156,0.3623749911785126,3.9407501220703125,2.2203564643859863,53.23655700683594,-0.989295244216919,0.9884032011032104,1.6263678073883057,3.803668260574341,0.6131864190101624,0.390228271484375,0.040873508900403976,0.09159797430038452
bodyweight,pull_up,/Users/josephkamil/Desktop/Capstone/pull Up/pull up_5.mp4,pull up_5.mp4,pull_up:pull up_5,121.3787612915039,67.38005065917969,4.625424385070801,179.7196807861328,-0.6598358154296875,52.7578239440918,77.15314483642578,0.25511881709098816,179.65943908691406,-173.04246520996094,123.28254699707031,57.337345123291016,9.334432601928711,179.77877807617188,133.97305297851562,0.0,0.0,0.0,0.0,0.0,0.39002957940101624,0.04558133706450462,0.3019179105758667,0.43702664971351624,0.08701527118682861,1.5128341913223267,0.5690968632698059,0.5607362389564514,1.9205281734466553,1.2715520858764648,0.4742838740348816,0.28382396697998047,0.01992867700755596,0.7919712066650391,0.651475191116333,0.97826087474823,1.0,0.0,0.989130437374115,1.0,4.625424385070801,0.25511881709098816,179.77877807617188,0.0,0.6195651888847351,0.8695651888847351,0.10718384385108948,0.003747073467820883,1.3382450342178345,0.025706013664603233,1.0,0.0,31.179370880126953,4.625424385070801,0.003747073467820883,0.10718384385108948,0.025706013664603233,1.3382450342178345,15.543312072753906,166.5957794189453,8.3336820602417,89.1969985961914,-0.6195651888847351,0.989130437374115,0.34098368883132935,2.339247226715088,0.13510873913764954,1.3597919940948486,0.04553787037730217,0.006806700024753809
bodyweight,pull_up,/Users/josephkamil/Desktop/Capstone/pull Up/pull up_6.mp4,pull up_6.mp4,pull_up:pull up_6,159.3512420654297,30.431373596191406,5.6206278800964355,179.7561492919922,-110.86410522460938,41.93864822387695,50.9118537902832,0.36599013209342957,179.31150817871094,-111.50994110107422,125.88057708740234,50.4382438659668,31.98628044128418,179.7128448486328,-128.17068481445312,0.0,0.0,0.0,0.0,0.0,0.4869937300682068,0.014264398254454136,0.45396921038627625,0.5104132890701294,-0.021469056606292725,0.9593632221221924,0.17257796227931976,0.6430346965789795,1.2880295515060425,-0.14901095628738403,0.40004608035087585,0.1389867067337036,0.08269194513559341,0.6719965934753418,-0.32172372937202454,1.0,1.0,0.0,0.9960317611694336,1.0,5.6206278800964355,0.36599013209342957,179.7128448486328,0.0,0.3888888955116272,0.2182539701461792,0.017402946949005127,0.00223974185064435,0.17306125164031982,0.027983730658888817,1.0,0.0,5.6206278800964355,12.032171249389648,0.00223974185064435,0.017402946949005127,0.027983730658888817,0.17306125164031982,11.454350471496582,171.0318145751953,5.557812213897705,45.808807373046875,-0.3888888955116272,0.9960317611694336,0.5621752142906189,7.023916244506836,0.05644407868385315,0.644994854927063,0.014264398254454136,0.012080331332981586
bodyweight,pull_up,/Users/josephkamil/Desktop/Capstone/pull Up/pull up_7.mp4,pull up_7.mp4,pull_up:pull up_7,147.2699432373047,53.34700012207031,6.224982261657715,179.43240356445312,10.211349487304688,68.11848449707031,79.99031829833984,0.5310429930686951,175.1639862060547,-163.0867462158203,119.03307342529297,64.70906829833984,3.7901580333709717,179.61105346679688,163.7860107421875,0.0,0.0,0.0,0.0,0.0,0.37331944704055786,0.01018917839974165,0.3593783974647522,0.39740121364593506,-0.0350281298160553,1.0736827850341797,0.14423811435699463,0.7751434445381165,1.2110856771469116,0.41475075483322144,0.2806141972541809,0.15697751939296722,0.0030506793409585953,0.4546007215976715,0.44287800788879395,0.9074074029922485,1.0,0.003703703638166189,0.9962962865829468,0.9962962865829468,6.224982261657715,0.5310429930686951,179.61105346679688,0.0,0.04814814776182175,0.5037037134170532,0.009211957454681396,0.0011964647565037012,0.0681067705154419,0.011037117801606655,1.0,0.0,6.224982261657715,9.488241195678711,0.0011964647565037012,0.009211957454681396,0.011037117801606655,0.0681067705154419,15.63753604888916,165.68145751953125,4.54384183883667,23.108047485351562,-0.04444444552063942,0.9925925731658936,0.3218490183353424,2.968984603881836,0.03802281618118286,0.43594223260879517,0.008104817010462284,0.010653994977474213
bodyweight,pull_up,/Users/josephkamil/Desktop/Capstone/pull Up/pull up_8.mp4,pull up_8.mp4,pull_up:pull up_8,177.8189697265625,1.4344289302825928,172.1944122314453,179.4416046142578,-1.37213134765625,176.400634765625,2.095759868621826,171.4879913330078,179.53643798828125,-0.439422607421875,120.13990020751953,53.97453689575195,36.03660202026367,176.8779754638672,3.7296905517578125,0.0,0.0,0.0,0.0,0.0,0.21324537694454193,0.016527758911252022,0.18920856714248657,0.34972676634788513,0.012494966387748718,0.5213556289672852,0.10660313069820404,0.3488074243068695,0.6516799926757812,-0.0028345584869384766,0.13213369250297546,0.06580225378274918,0.03225081041455269,0.21670717000961304,-0.004343301057815552,0.8071428537368774,1.0,0.0,0.9928571581840515,1.0,172.1944122314453,171.4879913330078,176.8779754638672,0.0,0.05000000074505806,0.18571428954601288,0.13065800070762634,0.0047649238258600235,0.024059414863586426,0.008626788854598999,1.0,0.0,172.1944122314453,175.13380432128906,0.0047649238258600235,0.13065800070762634,0.008626788854598999,0.024059414863586426,0.5165574550628662,2.2869110107421875,4.424356460571289,23.942138671875,-0.05000000074505806,0.9928571581840515,0.6623244285583496,1.1991236209869385,0.16051819920539856,0.30287256836891174,0.017138274386525154,0.012854333035647869
bodyweight,pull_up,/Users/josephkamil/Desktop/Capstone/pull Up/pull up_9.mp4,pull up_9.mp4,pull_up:pull up_9,177.93923950195312,1.5126316547393799,171.43020629882812,179.5041961669922,-0.50909423828125,168.51080322265625,6.061158657073975,154.32760620117188,177.52037048339844,-1.2646331787109375,132.54356384277344,45.64078140258789,7.655010223388672,174.4736785888672,3.31475830078125,0.0,0.0,0.0,0.0,0.0,0.15668804943561554,0.0057920184917747974,0.1433842033147812,0.18596360087394714,0.011108249425888062,0.5174373984336853,0.09918243438005447,0.3247140944004059,0.6154119968414307,0.002531766891479492,0.15476980805397034,0.0662846490740776,0.02343793772161007,0.22095349431037903,-0.0043319761753082275,0.9534246325492859,1.0,0.0,0.9972602725028992,1.0,171.43020629882812,154.32760620117188,174.4736785888672,0.0,0.6356164216995239,0.6493150591850281,0.027030855417251587,0.0016066149109974504,0.023006469011306763,0.006258109584450722,0.625,0.0,175.2471923828125,171.43020629882812,0.0016066149109974504,0.027030855417251587,0.006258109584450722,0.023006469011306763,0.3925834000110626,5.7453155517578125,4.184592247009277,84.33766174316406,-0.6356164216995239,0.9972602725028992,0.584807813167572,2.277951955795288,0.042579397559165955,0.2906979024410248,0.004716373514384031,0.005017376970499754
bodyweight,pull_up,/Users/josephkamil/Desktop/Capstone/pull Up/pull up_10.mp4,pull up_10.mp4,pull_up:pull up_10,140.32745361328125,34.19002914428711,17.094221115112305,179.04209899902344,51.50354766845703,165.7338409423828,2.560696601867676,161.15264892578125,179.36444091796875,1.47808837890625,125.3348617553711,56.73991012573242,18.65966033935547,179.4138946533203,-1.818939208984375,0.0,0.0,0.0,0.0,0.0,0.21416886150836945,0.003899116301909089,0.20437633991241455,0.22092276811599731,0.001122310757637024,0.6233624219894409,0.10767067968845367,0.4460828900337219,0.7585787773132324,-0.1533205509185791,0.16494722664356232,0.08265551924705505,0.014815676026046276,0.25998422503471375,-0.034065037965774536,1.0,1.0,0.0,0.9958847761154175,1.0,17.094221115112305,161.15264892578125,179.4138946533203,0.0,0.5432098507881165,0.604938268661499,0.0038386136293411255,0.0007163839763961732,0.150213360786438,0.009303604252636433,1.0,0.0,17.094221115112305,18.896936416625977,0.0007163839763961732,0.0038386136293411255,0.009303604252636433,0.150213360786438,4.630712985992432,78.99420928955078,5.137300968170166,144.93919372558594,-0.5432098507881165,0.9958847761154175,0.17336492240428925,2.251472234725952,0.016546428203582764,0.3124958872795105,0.003899116301909089,0.0035902762319892645
bodyweight,pull_up,/Users/josephkamil/Desktop/Capstone/pull Up/pull up_11.mp4,pull up_11.mp4,pull_up:pull up_11,178.59107971191406,0.7354217171669006,176.67684936523438,179.54454040527344,-1.265106201171875,174.28306579589844,1.2167236804962158,171.41156005859375,176.58700561523438,0.048858642578125,116.46944427490234,61.99366760253906,11.9956636428833,179.36122131347656,-3.9889068603515625,0.0,0.0,0.0,0.0,0.0,0.21412131190299988,0.0042509702034294605,0.20620444416999817,0.22398707270622253,0.008844837546348572,0.5921777486801147,0.11289344727993011,0.40302276611328125,0.7209606170654297,0.0002467632293701172,0.15073536336421967,0.08603096753358841,0.007678953930735588,0.2515130639076233,-0.011985331773757935,0.9227272868156433,1.0,0.0,0.9954545497894287,1.0,176.67684936523438,171.41156005859375,179.36122131347656,0.0,0.26363635063171387,0.1409090906381607,0.006080329418182373,0.0008317203028127551,0.02209758758544922,0.008593725971877575,1.0,0.0,176.67684936523438,176.9387969970703,0.0008317203028127551,0.006080329418182373,0.008593725971877575,0.02209758758544922,0.2632511854171753,2.064208984375,4.547077655792236,22.554126739501953,-0.26363635063171387,0.9954545497894287,0.18214674293994904,1.882025957107544,0.017782628536224365,0.31793785095214844,0.003926185425370932,0.004301248583942652
bodyweight,pull_up,/Users/josephkamil/Desktop/Capstone/pull Up/pull up_12.mp4,pull up_12.mp4,pull_up:pull up_12,173.14149475097656,13.325579643249512,8.635560035705566,179.6874542236328,4.455108642578125,176.8489227294922,12.714380264282227,11.786808013916016,179.80067443847656,12.500625610351562,121.3239517211914,57.44448471069336,21.224079132080078,179.60464477539062,-118.242431640625,0.0,0.0,0.0,0.0,0.0,0.2948629558086395,0.040354371070861816,0.23597656190395355,0.3973669409751892,-0.13707572221755981,0.9070876836776733,0.21861368417739868,0.47866910696029663,1.2663462162017822,-0.5225272178649902,0.2699059844017029,0.13845068216323853,0.031650446355342865,0.4687873125076294,-0.4177577793598175,0.8563218116760254,1.0,0.0,0.9252873659133911,0.931034505367279,8.635560035705566,11.786808013916016,179.60464477539062,0.0,0.005747126415371895,0.005747126415371895,0.017245888710021973,0.003022310324013233,0.11995339393615723,0.015389812178909779,1.0,0.0,8.635560035705566,153.7021026611328,0.003022310324013233,0.017245888710021973,0.015389812178909779,0.11995339393615723,3.4601800441741943,163.2879638671875,5.367809772491455,41.822509765625,-0.005747126415371895,0.9252873659133911,0.5228596925735474,2.6624374389648438,0.16139037907123566,0.7876771092414856,0.042596716433763504,0.015744373202323914
bodyweight,pull_up,/Users/josephkamil/Desktop/Capstone/pull Up/pull up_13.mp4,pull up_13.mp4,pull_up:pull up_13,169.96531677246094,25.85125160217285,1.0214334726333618,179.72344970703125,-1.8464813232421875,65.44889068603516,84.22892761230469,0.236384779214859,179.78140258789062,3.238630771636963,137.44651794433594,56.60446548461914,16.201276779174805,179.6509552001953,-0.386749267578125,0.0,0.0,0.0,0.0,0.0,0.19657783210277557,0.016762783750891685,0.17411646246910095,0.2680127024650574,0.013419151306152344,0.9064760208129883,0.13231739401817322,0.568691611289978,1.0186179876327515,0.021855294704437256,0.3347543776035309,0.14241771399974823,0.03257973864674568,0.4519248604774475,-0.00515863299369812,0.8902742862701416,1.0,0.0,0.9975062608718872,1.0,1.0214334726333618,0.236384779214859,179.6509552001953,0.0,0.885286808013916,0.561097264289856,0.025927037000656128,0.0019329424249008298,0.04378700256347656,0.00826201681047678,1.0,0.0,7.522986888885498,1.0214334726333618,0.0019329424249008298,0.025927037000656128,0.00826201681047678,0.04378700256347656,6.121311187744141,175.44900512695312,2.829529047012329,28.53862190246582,-0.885286808013916,0.9975062608718872,0.7731769680976868,3.304806709289551,0.09389623999595642,0.44992637634277344,0.009768150746822357,0.014928866177797318
bodyweight,pull_up,/Users/josephkamil/Desktop/Capstone/pull Up/pull up_14.mp4,pull up_14.mp4,pull_up:pull up_14,177.16098022460938,4.0849223136901855,132.66876220703125,179.70819091796875,4.0778656005859375,177.3259735107422,3.650456428527832,133.19439697265625,179.72857666015625,0.8593597412109375,91.98523712158203,56.97185516357422,15.821365356445312,173.5096435546875,-112.9673080444336,0.0,0.0,0.0,0.0,0.0,0.2534324526786804,0.032857466489076614,0.18670830130577087,0.32706063985824585,-0.0428176075220108,0.7314949035644531,0.18690112233161926,0.3829101324081421,1.0253207683563232,-0.2674654722213745,0.17281605303287506,0.1276313215494156,0.005890534725040197,0.3728349506855011,-0.20021922886371613,0.83152174949646,1.0,0.0,0.9945651888847351,1.0,132.66876220703125,133.19439697265625,173.5096435546875,0.0,0.72826087474823,0.72826087474823,0.026980280876159668,0.003115388797596097,0.08443158864974976,0.028708942234516144,1.0,0.0,173.68328857421875,132.66876220703125,0.003115388797596097,0.026980280876159668,0.028708942234516144,0.08443158864974976,1.7237645387649536,44.032379150390625,8.672139167785645,28.196334838867188,-0.72826087474823,0.9945651888847351,0.5701161623001099,5.25373649597168,0.14035233855247498,0.6424106359481812,0.029901616275310516,0.02452315390110016
bodyweight,pull_up,/Users/josephkamil/Desktop/Capstone/pull Up/pull up_16.mp4,pull up_16.mp4,pull_up:pull up_16,122.58175659179688,67.58203125,5.519439220428467,178.76072692871094,-10.099517822265625,91.61812591552734,50.86435317993164,28.15522003173828,176.03750610351562,28.395614624023438,91.53199005126953,42.27658462524414,28.851469039916992,163.96144104003906,-5.591159820556641,0.0,0.0,0.0,0.0,0.0,0.5301920175552368,0.14347043633460999,0.34521931409835815,0.9424073696136475,-0.48526638746261597,0.8318598866462708,0.09700211137533188,0.6297798156738281,1.078845739364624,0.013181924819946289,0.2470797747373581,0.12445068359375,0.017237145453691483,0.5077983736991882,0.22059692442417145,0.7200000286102295,1.0,0.0,0.6800000071525574,0.7200000286102295,5.519439220428467,28.15522003173828,163.96144104003906,0.0,0.7599999904632568,0.7599999904632568,0.2724184989929199,0.06247593089938164,0.14888536930084229,0.04943503066897392,0.0,0.0,25.67487907409668,5.519439220428467,0.06247593089938164,0.2724184989929199,0.04943503066897392,0.14888536930084229,28.831207275390625,170.70376586914062,22.21757698059082,123.1270751953125,-0.7599999904632568,0.6800000071525574,1.499422311782837,1.1864407062530518,0.5971880555152893,0.4490659236907959,0.16102565824985504,0.013001512736082077
bodyweight,pull_up,/Users/josephkamil/Desktop/Capstone/pull Up/pull up_17.mp4,pull up_17.mp4,pull_up:pull up_17,178.48919677734375,1.1502889394760132,175.3371124267578,179.76885986328125,4.073944091796875,178.79873657226562,0.7151762247085571,177.03466796875,179.86685180664062,2.72705078125,51.608463287353516,18.95302963256836,31.756568908691406,107.10722351074219,-71.10112762451172,0.0,0.0,0.0,0.0,0.0,0.45771923661231995,0.059716105461120605,0.3369119465351105,0.5712369084358215,-0.12606459856033325,1.2220765352249146,0.13628718256950378,1.0032850503921509,1.4772124290466309,-0.0023581981658935547,0.19995428621768951,0.07902928441762924,0.0649089440703392,0.3514496386051178,-0.17089132964611053,0.739130437374115,1.0,0.0,0.95652174949646,1.0,175.3371124267578,177.03466796875,107.10722351074219,0.0,0.0,0.0,0.15484729409217834,0.05118440091609955,0.1837465763092041,0.08528129756450653,0.875,0.0,175.3371124267578,178.63485717773438,0.05118440091609955,0.15484729409217834,0.08528129756450653,0.1837465763092041,0.5833948254585266,1.8659515380859375,8.722057342529297,26.210147857666016,0.0,0.95652174949646,1.1260567903518677,1.8761885166168213,0.23432496190071106,0.47392737865448,0.050645578652620316,0.060865793377161026
bodyweight,pull_up,/Users/josephkamil/Desktop/Capstone/pull Up/pull up_18.mp4,pull up_18.mp4,pull_up:pull up_18,163.98072814941406,28.82935333251953,1.585653305053711,179.71023559570312,-4.0551605224609375,166.3657684326172,37.695030212402344,10.368226051330566,179.75201416015625,1.598663330078125,120.15689086914062,44.83009338378906,22.662975311279297,174.7405548095703,-90.83428192138672,0.0,0.0,0.0,0.0,0.0,0.20496277511119843,0.017110230401158333,0.1748463362455368,0.2443128228187561,-0.05501636862754822,0.8303486704826355,0.13958853483200073,0.5914583206176758,1.0173845291137695,-0.28717756271362305,0.2563641667366028,0.0997830331325531,0.05885301157832146,0.3912891149520874,-0.1563325673341751,1.0,1.0,0.0,0.9878048896789551,1.0,1.585653305053711,10.368226051330566,174.7405548095703,0.0,0.45121949911117554,0.40243902802467346,0.03235974907875061,0.005014137830585241,0.07576262950897217,0.024828236550092697,1.0,0.0,1.585653305053711,4.036195278167725,0.005014137830585241,0.03235974907875061,0.024828236550092697,0.07576262950897217,14.37204360961914,175.50839233398438,9.571466445922852,30.4180908203125,-0.45121949911117554,0.9878048896789551,0.4061451554298401,2.01108717918396,0.0694664865732193,0.42592620849609375,0.017110230401158333,0.007208596915006638
bodyweight,pull_up,/Users/josephkamil/Desktop/Capstone/pull Up/pull up_19.mp4,pull up_19.mp4,pull_up:pull up_19,139.48487854003906,39.63471984863281,78.58858489990234,178.88177490234375,93.37213897705078,107.15446472167969,63.74396514892578,18.575199127197266,179.0824737548828,-74.14424133300781,108.5815658569336,53.72802734375,43.414546966552734,179.4517059326172,83.11836242675781,0.0,0.0,0.0,0.0,0.0,0.9161579608917236,0.15566915273666382,0.6761913299560547,1.1284873485565186,0.37649714946746826,0.9970108270645142,0.08836712688207626,0.7495689392089844,1.118851900100708,0.027604281902313232,0.1258976012468338,0.10521400719881058,0.030992258340120316,0.355709969997406,0.25172585248947144,0.3636363744735718,1.0,0.0,0.27272728085517883,0.3636363744735718,78.58858489990234,18.575199127197266,179.4517059326172,0.0,0.5454545617103577,0.4545454680919647,0.15602898597717285,0.08382903039455414,0.36928296089172363,0.07887714356184006,0.0,0.0,84.02339935302734,78.58858489990234,0.08382903039455414,0.15602898597717285,0.07887714356184006,0.36928296089172363,37.67329788208008,95.36595916748047,57.08331298828125,134.7788848876953,-0.5454545617103577,0.27272728085517883,0.8382903337478638,0.7887714505195618,0.45229601860046387,0.36928296089172363,0.04899425804615021,0.05522630736231804
bodyweight,pull_up,/Users/josephkamil/Desktop/Capstone/pull Up/pull up_22.mp4,pull up_22.mp4,pull_up:pull up_22,173.85365295410156,20.88252830505371,3.8826327323913574,179.84251403808594,43.1336669921875,173.3380889892578,25.11969757080078,9.243242263793945,179.83685302734375,146.0487823486328,97.24268341064453,60.933223724365234,1.1064072847366333,178.5110626220703,-114.38473510742188,0.0,0.0,0.0,0.0,0.0,0.20468690991401672,0.027650047093629837,0.11050671339035034,0.24807047843933105,-0.0009596794843673706,1.0647493600845337,0.22543346881866455,0.5528972148895264,1.3758819103240967,0.40104085206985474,0.33190426230430603,0.1637081801891327,0.059214990586042404,0.5890030264854431,0.0022562742233276367,1.0,1.0,0.0,0.9950494766235352,1.0,3.8826327323913574,9.243242263793945,178.5110626220703,0.0,0.039603959769010544,0.009900989942252636,0.03143778443336487,0.003683584276586771,0.08039665222167969,0.014845610596239567,1.0,0.0,3.8826327323913574,175.58197021484375,0.003683584276586771,0.03143778443336487,0.014845610596239567,0.08039665222167969,2.920135736465454,100.54633331298828,5.0257110595703125,40.14288330078125,-0.039603959769010544,0.9950494766235352,0.7404004335403442,2.9839677810668945,0.1375637650489807,0.8229846954345703,0.027650047093629837,0.02416939288377762
bodyweight,pull_up,/Users/josephkamil/Desktop/Capstone/pull Up/pull up_23.mp4,pull up_23.mp4,pull_up:pull up_23,156.28155517578125,45.309478759765625,1.307204246520996,179.66798400878906,-16.976409912109375,142.85874938964844,64.13882446289062,0.45516079664230347,179.7075653076172,-169.4332733154297,105.88634490966797,51.0213508605957,22.261953353881836,170.42466735839844,61.014183044433594,0.0,0.0,0.0,0.0,0.0,0.33124616742134094,0.0047416905872523785,0.3228214383125305,0.33976757526397705,-0.0026701688766479492,0.9322692155838013,0.10803741216659546,0.7257720232009888,1.04587721824646,0.0947067141532898,0.19879013299942017,0.11039965599775314,0.011884097941219807,0.3372972011566162,0.13237936794757843,0.9047619104385376,1.0,0.0,0.9920634627342224,1.0,1.307204246520996,0.45516079664230347,170.42466735839844,0.0,0.8809523582458496,0.9047619104385376,0.0050334930419921875,0.0006657986668869853,0.022732138633728027,0.006587679497897625,1.0,0.0,7.404279708862305,1.307204246520996,0.0006657986668869853,0.0050334930419921875,0.006587679497897625,0.022732138633728027,11.4219388961792,171.7344207763672,2.7082924842834473,9.410293579101562,-0.8809523582458496,0.9920634627342224,0.0832248330116272,0.8234599232673645,0.016946136951446533,0.3201051950454712,0.00449727289378643,0.0030847403686493635
bodyweight,pull_up,/Users/josephkamil/Desktop/Capstone/pull Up/pull up_24.mp4,pull up_24.mp4,pull_up:pull up_24,164.11181640625,26.017141342163086,11.559032440185547,179.79208374023438,-8.143081665039062,101.12174987792969,80.34837341308594,0.6207649111747742,179.84388732910156,-49.67469787597656,53.54729080200195,47.995784759521484,0.4500860571861267,176.96771240234375,34.98064422607422,0.0,0.0,0.0,0.0,0.0,0.31761205196380615,0.057444602251052856,0.25191956758499146,0.6435950994491577,-0.3429177701473236,0.9578919410705566,0.11707248538732529,0.7647231221199036,1.163559913635254,0.3216542601585388,0.1667054295539856,0.09779473394155502,0.05161718651652336,0.3899137079715729,0.19269944727420807,0.7977527976036072,1.0,0.02247191034257412,0.9887640476226807,0.9775280952453613,11.559032440185547,0.6207649111747742,176.96771240234375,0.0,0.7752808928489685,0.932584285736084,0.1786212921142578,0.017702149227261543,0.07638287544250488,0.008510472252964973,1.0,0.0,61.55503463745117,11.559032440185547,0.017702149227261543,0.1786212921142578,0.008510472252964973,0.07638287544250488,10.576809883117676,166.13238525390625,18.61524200439453,110.96672821044922,-0.7528089880943298,0.966292142868042,1.5577890872955322,0.7489215731620789,0.39167553186416626,0.39883679151535034,0.034962426871061325,0.03063609078526497
bodyweight,pull_up,/Users/josephkamil/Desktop/Capstone/pull Up/pull up_25.mp4,pull up_25.mp4,pull_up:pull up_25,86.42923736572266,49.89415740966797,24.627758026123047,179.60000610351562,9.824905395507812,106.6080093383789,40.696922302246094,3.739267110824585,169.84202575683594,-77.98544311523438,74.4796371459961,46.67399978637695,1.1716926097869873,176.55966186523438,-35.112548828125,0.0,0.0,0.0,0.0,0.0,0.36444294452667236,0.07059232890605927,0.24966822564601898,0.5840702056884766,-0.13219797611236572,0.46773290634155273,0.1374615877866745,0.3189505934715271,0.8489758372306824,0.34166377782821655,0.11086413264274597,0.059650782495737076,0.012648767791688442,0.25216296315193176,0.09656095504760742,0.8823529481887817,1.0,0.0,0.9852941036224365,1.0,24.627758026123047,3.739267110824585,176.55966186523438,0.0,0.75,0.8382353186607361,0.11857855319976807,0.02300214394927025,0.12858250737190247,0.012142680585384369,1.0,0.0,33.206947326660156,24.627758026123047,0.02300214394927025,0.11857855319976807,0.012142680585384369,0.12858250737190247,13.099055290222168,100.3752670288086,26.905290603637695,151.20790100097656,-0.75,0.9852941036224365,1.5411436557769775,0.8135595917701721,0.3344019651412964,0.5300252437591553,0.07250658422708511,0.04631916806101799
bodyweight,pull_up,/Users/josephkamil/Desktop/Capstone/pull Up/pull up_26.mp4,pull up_26.mp4,pull_up:pull up_26,98.00897216796875,63.18484878540039,1.0395090579986572,179.2402801513672,-8.976455688476562,89.89342498779297,39.13520431518555,7.920122146606445,155.50135803222656,-42.87291717529297,152.92318725585938,30.6020450592041,45.90882110595703,176.96240234375,4.1558837890625,0.0,0.0,0.0,0.0,0.0,0.30875885486602783,0.03281733766198158,0.26774388551712036,0.3806808590888977,-0.04471021890640259,0.4031102657318115,0.08781936764717102,0.2674044370651245,0.531836748123169,0.037843525409698486,0.11799880117177963,0.05552404001355171,0.03868522867560387,0.22288434207439423,0.05181893706321716,0.9736841917037964,1.0,0.0,0.9736841917037964,1.0,1.0395090579986572,7.920122146606445,176.96240234375,0.0,0.42105263471603394,0.2368421107530594,0.07041749358177185,0.014385629445314407,0.15255862474441528,0.01656455174088478,0.875,0.0,1.0395090579986572,16.27635383605957,0.014385629445314407,0.07041749358177185,0.01656455174088478,0.15255862474441528,33.774261474609375,149.27133178710938,19.190528869628906,110.40137481689453,-0.42105263471603394,0.9736841917037964,0.5322682857513428,0.6128883957862854,0.11293697357177734,0.26443231105804443,0.03102421760559082,0.03808244690299034
bodyweight,pull_up,/Users/josephkamil/Desktop/Capstone/pullup_overlay_test.mp4,pullup_overlay_test.mp4,pull_up:pullup_overlay_test,163.08148193359375,9.916478157043457,130.9633026123047,174.75059509277344,-21.24078369140625,164.6991729736328,9.296027183532715,141.01332092285156,179.04171752929688,-28.436019897460938,113.31486511230469,43.645103454589844,31.533658981323242,171.17294311523438,-81.1627426147461,0.0,0.0,0.0,0.0,0.0,0.2249995321035385,0.054758958518505096,0.12993693351745605,0.37189337611198425,-0.10633900761604309,0.5529770851135254,0.11028643697500229,0.3992893397808075,0.7027982473373413,-0.2711735963821411,0.18188075721263885,0.05110057815909386,0.08355966210365295,0.26623964309692383,-0.11242594569921494,0.6391752362251282,1.0,0.0,0.9896907210350037,1.0,130.9633026123047,141.01332092285156,171.17294311523438,0.0,0.14432989060878754,0.9896907210350037,0.14732220768928528,0.025598222389817238,0.03865274786949158,0.010059639811515808,0.25,0.0,130.9633026123047,141.34738159179688,0.025598222389817238,0.14732220768928528,0.010059639811515808,0.03865274786949158,2.714891195297241,10.871902465820312,4.891231536865234,29.672199249267578,-0.14432989060878754,0.9896907210350037,2.4574294090270996,0.9657254219055176,0.2419564425945282,0.3035089075565338,0.052984818816185,0.06248634308576584
bodyweight,pull_up,/Users/josephkamil/Desktop/Capstone/strictPullUp-correct.mov,strictPullUp-correct.mov,pull_up:strictPullUp-correct,163.45884704589844,13.996150016784668,8.548919677734375,179.35728454589844,128.31494140625,163.2972412109375,15.475370407104492,10.067963600158691,179.64967346191406,9.56842041015625,123.09300994873047,38.54202651977539,28.222698211669922,177.07040405273438,-38.351287841796875,0.0,0.0,0.0,0.0,0.0,0.2076299637556076,0.06174866482615471,0.09017221629619598,0.38036078214645386,-0.1850760579109192,0.5667186379432678,0.11539217829704285,0.3955480754375458,0.7110167741775513,0.09002506732940674,0.18628130853176117,0.05191974714398384,0.03884930908679962,0.27581241726875305,0.1770370453596115,0.7667560577392578,1.0,0.0,0.9973190426826477,1.0,8.548919677734375,10.067963600158691,177.07040405273438,0.0,0.0,0.002680965233594179,0.18610215187072754,0.021012142300605774,0.25980278849601746,0.006356860511004925,1.0,0.0,8.548919677734375,118.58738708496094,0.021012142300605774,0.18610215187072754,0.006356860511004925,0.25980278849601746,2.578190326690674,131.15081787109375,2.9723198413848877,38.03900146484375,0.0,0.9973190426826477,7.816516876220703,2.3647520542144775,0.2901885509490967,0.3154686987400055,0.05852494016289711,0.05253152176737785
bodyweight,handstand_push_up,/Users/josephkamil/Desktop/Capstone/Handstand Push-up.mov,Handstand Push-up.mov,handstand_push_up:Handstand Push-up,176.97821044921875,1.9660356044769287,161.70156860351562,179.29705810546875,-11.515487670898438,172.1066436767578,22.741025924682617,1.0369271039962769,179.41061401367188,-134.39291381835938,162.1441650390625,21.518735885620117,103.05635833740234,178.56161499023438,-15.911483764648438,0.0,0.0,0.0,0.0,0.0,0.7181810736656189,0.010172773152589798,0.6056331992149353,0.7333991527557373,-0.1119808554649353,0.45429229736328125,0.02478882484138012,0.4306173324584961,0.5213103890419006,0.01620158553123474,0.1155041754245758,0.012630019336938858,0.08477938920259476,0.13924339413642883,-0.013009399175643921,0.0,0.0,1.0,0.0,0.0,161.70156860351562,1.0369271039962769,178.56161499023438,0.0,0.9956521987915039,0.9826086759567261,0.021703898906707764,0.000796045467723161,0.05834123492240906,0.0011528941104188561,0.0,1.0,173.69570922851562,161.70156860351562,0.000796045467723161,0.021703898906707764,0.0011528941104188561,0.05834123492240906,0.3006358742713928,11.59222412109375,0.896700382232666,6.366203308105469,0.004347825888544321,-1.0,0.36538487672805786,0.5291783809661865,0.127765953540802,0.09069305658340454,0.0,0.01582733355462551
bodyweight,handstand_push_up,/Users/josephkamil/Desktop/Capstone/HandstandPushups/v_HandStandPushups_g01_c01.avi,v_HandStandPushups_g01_c01.avi,handstand_push_up:g01,142.6194610595703,49.99058532714844,14.449530601501465,178.72206115722656,1.9795989990234375,164.61862182617188,3.3134310245513916,157.29356384277344,171.7733917236328,-2.4852752685546875,162.92050170898438,12.829757690429688,139.51901245117188,178.3678741455078,0.844329833984375,0.0,0.0,0.0,0.0,0.0,1.0530165433883667,0.022767215967178345,1.0137503147125244,1.099737286567688,-0.02673482894897461,0.30415016412734985,0.03568844869732857,0.25352489948272705,0.36054420471191406,-0.034280598163604736,0.35602426528930664,0.02595529519021511,0.29691869020462036,0.3922395408153534,0.00249364972114563,0.0,0.0,1.0,0.0,0.0,14.449530601501465,157.29356384277344,178.3678741455078,0.0,0.11538461595773697,0.9871794581413269,0.030625581741333008,0.005145116243511438,0.013604968786239624,0.002462477656081319,0.0,1.0,14.449530601501465,54.88654708862305,0.005145116243511438,0.030625581741333008,0.002462477656081319,0.013604968786239624,8.027839660644531,96.06617736816406,1.2711268663406372,5.2581329345703125,0.8846153616905212,-1.0,0.39617395401000977,0.1896107792854309,0.08598697185516357,0.10701930522918701,0.0,0.015767330303788185
bodyweight,handstand_push_up,/Users/josephkamil/Desktop/Capstone/HandstandPushups/v_HandStandPushups_g01_c02.avi,v_HandStandPushups_g01_c02.avi,handstand_push_up:g01,22.45220947265625,23.809080123901367,4.031343936920166,138.27114868164062,101.06596374511719,158.49436950683594,3.5363049507141113,152.7489471435547,176.63417053222656,-2.829315185546875,157.04977416992188,17.877553939819336,113.4216537475586,176.4121856689453,3.71722412109375,0.0,0.0,0.0,0.0,0.0,1.030900239944458,0.023910924792289734,0.9701359272003174,1.0770750045776367,0.030993223190307617,0.33771687746047974,0.07316014915704727,0.20776288211345673,0.45605194568634033,-0.05774855613708496,0.30510517954826355,0.0734507218003273,0.1627979576587677,0.40550318360328674,0.06314760446548462,0.0,0.0,1.0,0.0,0.0,4.031343936920166,152.7489471435547,176.4121856689453,0.0,0.08602150529623032,0.9892473220825195,0.05061900615692139,0.007643544115126133,0.022451311349868774,0.005108304787427187,0.0,1.0,4.031343936920166,4.294256210327148,0.007643544115126133,0.05061900615692139,0.005108304787427187,0.022451311349868774,7.5422868728637695,110.1359634399414,3.223679304122925,47.73815155029297,0.9139785170555115,-1.0,0.7032060623168945,0.46996405720710754,0.10693907737731934,0.2482890635728836,0.0,0.01129692979156971
bodyweight,handstand_push_up,/Users/josephkamil/Desktop/Capstone/HandstandPushups/v_HandStandPushups_g01_c03.avi,v_HandStandPushups_g01_c03.avi,handstand_push_up:g01,42.87392807006836,47.40950393676758,0.38027191162109375,157.07351684570312,-93.84919738769531,154.6832733154297,4.417268753051758,143.69813537597656,161.1658172607422,-9.0098876953125,150.5587615966797,23.029088973999023,104.31051635742188,179.4663543701172,2.32989501953125,0.0,0.0,0.0,0.0,0.0,0.9728996157646179,0.03933074325323105,0.8947420120239258,1.0668563842773438,-0.09137630462646484,0.277030348777771,0.0863032415509224,0.13816794753074646,0.4041733741760254,-0.0915176272392273,0.3014010190963745,0.05464005842804909,0.21005982160568237,0.38412269949913025,-0.012469112873077393,0.0,0.0,1.0,0.0,0.0,0.38027191162109375,143.69813537597656,179.4663543701172,0.0,0.7128713130950928,0.9801980257034302,0.03548383712768555,0.006348724476993084,0.032697319984436035,0.006172876339405775,0.0,1.0,8.747016906738281,0.38027191162109375,0.006348724476993084,0.03548383712768555,0.006172876339405775,0.032697319984436035,8.472391128540039,56.138511657714844,1.8954949378967285,9.192352294921875,0.2871287167072296,-1.0,0.6348724365234375,0.6172876358032227,0.17211437225341797,0.26600542664527893,0.0,0.0454082190990448
bodyweight,handstand_push_up,/Users/josephkamil/Desktop/Capstone/HandstandPushups/v_HandStandPushups_g01_c04.avi,v_HandStandPushups_g01_c04.avi,handstand_push_up:g01,61.89173126220703,68.7769775390625,0.6732529997825623,167.7428436279297,-142.3392791748047,158.9049072265625,3.541826009750366,150.86158752441406,170.20858764648438,-2.161773681640625,149.73483276367188,22.876264572143555,96.1810302734375,178.82681274414062,10.027633666992188,0.0,0.0,0.0,0.0,0.0,1.0380475521087646,0.041249748319387436,0.9454207420349121,1.0969197750091553,0.02565300464630127,0.3193132281303406,0.05202993378043175,0.24376818537712097,0.405423104763031,0.02687332034111023,0.3234314024448395,0.06230675056576729,0.20883484184741974,0.41320914030075073,-0.008891493082046509,0.0,0.0,1.0,0.0,0.0,0.6732529997825623,150.86158752441406,178.82681274414062,0.0,0.6132075190544128,0.40566039085388184,0.03873145580291748,0.008095876313745975,0.02107211947441101,0.0038986504077911377,0.0,1.0,9.039165496826172,0.6732529997825623,0.008095876313745975,0.03873145580291748,0.0038986504077911377,0.02107211947441101,8.172688484191895,104.60678100585938,2.8510499000549316,22.440216064453125,0.38679245114326477,-1.0,0.8500670194625854,0.40935829281806946,0.15149903297424316,0.16165491938591003,0.0,0.014594221487641335
bodyweight,handstand_push_up,/Users/josephkamil/Desktop/Capstone/HandstandPushups/v_HandStandPushups_g02_c01.avi,v_HandStandPushups_g02_c01.avi,handstand_push_up:g02,163.29171752929688,15.616562843322754,128.54983520507812,178.7901153564453,16.75189208984375,140.7822723388672,30.758041381835938,1.451194167137146,154.6583709716797,-149.9163055419922,94.71147918701172,71.65121459960938,0.9493207335472107,175.36065673828125,-24.28082275390625,0.0,0.0,0.0,0.0,0.0,0.6849124431610107,0.04179907590150833,0.5624489784240723,0.7331299781799316,0.11504864692687988,0.35260000824928284,0.05643950030207634,0.2917056083679199,0.5261566042900085,-0.22811317443847656,0.1307370811700821,0.06522296369075775,0.034347958862781525,0.20661085844039917,0.08835955709218979,0.0,0.0,1.0,0.0,0.0,128.54983520507812,1.451194167137146,175.36065673828125,0.0,0.0,0.9545454382896423,0.16755175590515137,0.014695116318762302,0.17786604166030884,0.023932380601763725,0.0,1.0,128.54983520507812,145.30172729492188,0.014695116318762302,0.16755175590515137,0.023932380601763725,0.17786604166030884,10.208137512207031,38.1112060546875,17.96968650817871,150.9615478515625,1.0,-1.0,0.3085974454879761,0.5025799870491028,0.17068099975585938,0.23445099592208862,0.0,0.006733235903084278
bodyweight,handstand_push_up,/Users/josephkamil/Desktop/Capstone/HandstandPushups/v_HandStandPushups_g02_c02.avi,v_HandStandPushups_g02_c02.avi,handstand_push_up:g02,125.67506408691406,44.37813949584961,41.2903938293457,176.6079864501953,72.64657592773438,108.49952697753906,56.1618766784668,15.986859321594238,177.6089630126953,-16.94292449951172,126.68263244628906,40.16550827026367,34.257415771484375,164.79644775390625,-24.540298461914062,0.0,0.0,0.0,0.0,0.0,0.6786394119262695,0.004658410791307688,0.6709188222885132,0.6868739128112793,0.0077675580978393555,0.4962819814682007,0.03753030672669411,0.434918612241745,0.5587762594223022,-0.004158377647399902,0.13661044836044312,0.04866975545883179,0.055226881057024,0.20518329739570618,-0.06267271935939789,0.0,0.0,1.0,0.0,0.0,41.2903938293457,15.986859321594238,164.79644775390625,0.0,0.8571428656578064,0.6666666865348816,0.010221362113952637,0.0020053149200975895,0.03459978103637695,0.01282570045441389,0.0,1.0,46.65412521362305,41.2903938293457,0.0020053149200975895,0.010221362113952637,0.01282570045441389,0.03459978103637695,47.479530334472656,129.15435791015625,16.354583740234375,82.28623962402344,0.1428571492433548,-1.0,0.04010629653930664,0.2565140128135681,0.015955090522766113,0.12385764718055725,0.0,0.0020568878389894962
bodyweight,handstand_push_up,/Users/josephkamil/Desktop/Capstone/HandstandPushups/v_HandStandPushups_g02_c03.avi,v_HandStandPushups_g02_c03.avi,handstand_push_up:g02,141.16383361816406,47.314903259277344,16.678632736206055,179.4785614013672,39.01329040527344,147.2295684814453,31.704986572265625,9.931060791015625,178.87237548828125,140.36077880859375,119.74501037597656,63.10622024536133,1.4454398155212402,178.1819610595703,7.663330078125,0.0,0.0,0.0,0.0,0.0,0.7175298929214478,0.0377921536564827,0.6441333889961243,0.7917368412017822,-0.025117039680480957,0.35652056336402893,0.09258104115724564,0.20917552709579468,0.4873839020729065,0.020870625972747803,0.1428377628326416,0.07546029984951019,0.013959219679236412,0.2577694058418274,-0.13682988286018372,0.12162162363529205,1.0,0.37837839126586914,0.4864864945411682,0.12162162363529205,16.678632736206055,9.931060791015625,178.1819610595703,0.0,0.6891891956329346,0.0,0.05748802423477173,0.0063360570929944515,0.059885501861572266,0.011691037565469742,0.0,0.0,40.15117645263672,16.678632736206055,0.0063360570929944515,0.05748802423477173,0.011691037565469742,0.059885501861572266,21.38599967956543,153.2974853515625,9.725652694702148,89.27983093261719,-0.31081080436706543,0.10810811072587967,0.4625321626663208,0.8534457087516785,0.14760345220565796,0.2782083749771118,0.020276706665754318,0.008965536952018738
bodyweight,handstand_push_up,/Users/josephkamil/Desktop/Capstone/HandstandPushups/v_HandStandPushups_g02_c04.avi,v_HandStandPushups_g02_c04.avi,handstand_push_up:g02,65.12238311767578,44.90666961669922,7.153554439544678,177.01100158691406,-124.2794189453125,73.07921600341797,17.602235794067383,17.2127685546875,135.6748046875,-49.84889221191406,95.75728607177734,38.36354446411133,72.4311294555664,177.27943420410156,-93.5864486694336,0.0,0.0,0.0,0.0,0.0,0.47303056716918945,0.11654786020517349,0.3874668478965759,0.6805156469345093,-0.29217880964279175,0.45982229709625244,0.023767920210957527,0.4011409282684326,0.5219054818153381,0.017310023307800293,0.10935533791780472,0.06472047418355942,0.07331977784633636,0.29159092903137207,-0.18643170595169067,0.0,0.0,1.0,0.0,0.0,7.153554439544678,17.2127685546875,177.27943420410156,0.0,0.2210526317358017,0.2210526317358017,0.2404494285583496,0.00326784560456872,0.041423648595809937,0.003073505824431777,0.0,1.0,7.153554439544678,38.51947784423828,0.00326784560456872,0.2404494285583496,0.003073505824431777,0.041423648595809937,9.213955879211426,144.6414337158203,1.8144716024398804,26.487335205078125,0.7789473533630371,-1.0,0.30717748403549194,0.28890955448150635,0.29304879903793335,0.12076455354690552,0.0,0.0051241666078567505
bodyweight,handstand_push_up,/Users/josephkamil/Desktop/Capstone/HandstandPushups/v_HandStandPushups_g03_c01.avi,v_HandStandPushups_g03_c01.avi,handstand_push_up:g03,176.36199951171875,1.8034237623214722,171.99673461914062,179.21783447265625,3.36761474609375,168.4893798828125,1.656943440437317,165.06350708007812,172.24163818359375,-6.1349639892578125,161.43234252929688,14.718443870544434,132.05740356445312,178.93441772460938,-2.6935577392578125,0.0,0.0,0.0,0.0,0.0,0.7519768476486206,0.0017565686721354723,0.7475436329841614,0.7548013925552368,0.0044280290603637695,0.4719778299331665,0.028951209038496017,0.4264352321624756,0.5119912624359131,-0.007901906967163086,0.10808325558900833,0.020081588998436928,0.07802121341228485,0.14062653481960297,0.00812983512878418,0.0,0.0,1.0,0.0,0.0,171.99673461914062,165.06350708007812,178.93441772460938,0.0,0.2879999876022339,0.4560000002384186,0.003479480743408203,0.00035650114296004176,0.007863521575927734,0.002636410528793931,0.0,1.0,171.99673461914062,173.564208984375,0.00035650114296004176,0.003479480743408203,0.002636410528793931,0.007863521575927734,0.5203903913497925,3.657989501953125,1.3359588384628296,6.582183837890625,0.7120000123977661,-1.0,0.04420614242553711,0.32691490650177,0.0072577595710754395,0.0855560302734375,0.0,0.0018356653163209558
bodyweight,handstand_push_up,/Users/josephkamil/Desktop/Capstone/HandstandPushups/v_HandStandPushups_g03_c02.avi,v_HandStandPushups_g03_c02.avi,handstand_push_up:g03,177.80604553222656,1.6618949174880981,169.70079040527344,179.20272827148438,-4.5663909912109375,167.55564880371094,1.1092008352279663,165.4490509033203,169.55210876464844,0.912322998046875,159.81756591796875,17.170326232910156,127.34039306640625,178.96055603027344,-0.2978057861328125,0.0,0.0,0.0,0.0,0.0,0.7536106705665588,0.0019997991621494293,0.7491757869720459,0.757514238357544,-0.0024985671043395996,0.46776703000068665,0.0321970209479332,0.4223790764808655,0.5133802890777588,-0.0019942522048950195,0.11147395521402359,0.022874798625707626,0.08085654675960541,0.1441633254289627,-0.0027181804180145264,0.0,0.0,1.0,0.0,0.0,169.70079040527344,165.4490509033203,178.96055603027344,0.0,0.9826086759567261,0.634782612323761,0.0020405054092407227,0.00042876077350229025,0.00880575180053711,0.0031571178697049618,0.0,1.0,175.0209503173828,169.70079040527344,0.00042876077350229025,0.0020405054092407227,0.0031571178697049618,0.00880575180053711,0.4339512586593628,3.86041259765625,1.7936148643493652,7.137664794921875,0.017391303554177284,-1.0,0.04887872934341431,0.3599114418029785,0.008338451385498047,0.09100121259689331,0.0,0.0019216948421671987
bodyweight,handstand_push_up,/Users/josephkamil/Desktop/Capstone/HandstandPushups/v_HandStandPushups_g03_c03.avi,v_HandStandPushups_g03_c03.avi,handstand_push_up:g03,177.7782440185547,1.3729829788208008,174.68980407714844,179.26553344726562,0.474365234375,167.18405151367188,1.052394151687622,164.65142822265625,169.10104370117188,-2.539459228515625,157.38427734375,17.277339935302734,126.66136932373047,178.95750427246094,0.0145721435546875,0.0,0.0,0.0,0.0,0.0,0.7537496089935303,0.0014349797274917364,0.7499472498893738,0.7573596239089966,-0.0014685392379760742,0.4714109003543854,0.029203619807958603,0.42393389344215393,0.5129142999649048,0.0023038387298583984,0.10870546847581863,0.02134699374437332,0.07848158478736877,0.14072886109352112,-0.0015402436256408691,0.0,0.0,1.0,0.0,0.0,174.68980407714844,164.65142822265625,178.95750427246094,0.0,0.17886178195476532,0.7804877758026123,0.001949310302734375,0.0003153271391056478,0.007349282503128052,0.0028091869316995144,0.0,1.0,174.68980407714844,175.92745971679688,0.0003153271391056478,0.001949310302734375,0.0028091869316995144,0.007349282503128052,0.3961496949195862,1.8511810302734375,1.6974741220474243,6.5576629638671875,0.8211382031440735,-1.0,0.038469910621643066,0.34272080659866333,0.007412374019622803,0.08898040652275085,0.0,0.0009783857967704535
bodyweight,handstand_push_up,/Users/josephkamil/Desktop/Capstone/HandstandPushups/v_HandStandPushups_g03_c04.avi,v_HandStandPushups_g03_c04.avi,handstand_push_up:g03,177.92385864257812,1.2395856380462646,174.29849243164062,179.18853759765625,-1.2628631591796875,168.420654296875,1.4906384944915771,164.4735107421875,172.78424072265625,2.454437255859375,158.38381958007812,16.813980102539062,118.9131851196289,177.9932098388672,-2.2180633544921875,0.0,0.0,0.0,0.0,0.0,0.754264771938324,0.0013981665251776576,0.7504607439041138,0.7570557594299316,-0.0007140636444091797,0.46914172172546387,0.028106551617383957,0.4202033281326294,0.5152945518493652,0.017613470554351807,0.11186468601226807,0.021333249285817146,0.07620376348495483,0.14431709051132202,-0.007618069648742676,0.0,0.0,1.0,0.0,0.0,174.29849243164062,164.4735107421875,177.9932098388672,0.0,0.9714285731315613,0.034285712987184525,0.0018036961555480957,0.0002412165777059272,0.007181644439697266,0.002007681643590331,0.0,1.0,174.59747314453125,174.29849243164062,0.0002412165777059272,0.0018036961555480957,0.002007681643590331,0.007181644439697266,0.31716209650039673,3.9572601318359375,1.272939682006836,4.538909912109375,0.02857142873108387,-1.0,0.041971683502197266,0.3493366241455078,0.006595015525817871,0.09509122371673584,0.0,0.0005426261923275888
bodyweight,handstand_push_up,/Users/josephkamil/Desktop/Capstone/HandstandPushups/v_HandStandPushups_g04_c01.avi,v_HandStandPushups_g04_c01.avi,handstand_push_up:g04,177.76998901367188,1.3309235572814941,174.4473876953125,179.517578125,2.084564208984375,176.34120178222656,1.5346739292144775,173.06578063964844,179.37979125976562,-0.7142791748046875,128.03659057617188,18.5777587890625,103.26844787597656,167.25613403320312,4.0469970703125,0.0,0.0,0.0,0.0,0.0,0.8005507588386536,0.11723601818084717,0.6135742664337158,0.9465875625610352,0.24068045616149902,0.48361676931381226,0.06615199148654938,0.3611621856689453,0.5793958306312561,0.12274101376533508,0.11778118461370468,0.02618299424648285,0.07640428096055984,0.1619243025779724,0.039095811545848846,0.0,0.0,1.0,0.0,0.0,174.4473876953125,173.06578063964844,167.25613403320312,0.0,0.5652173757553101,0.2869565188884735,0.02627617120742798,0.004664520267397165,0.02168828248977661,0.004358736798167229,0.0,1.0,176.0074920654297,174.4473876953125,0.004664520267397165,0.02627617120742798,0.004358736798167229,0.02168828248977661,0.524507462978363,2.2349853515625,3.0981807708740234,14.906875610351562,0.43478259444236755,-1.0,0.5317553281784058,0.49689599871635437,0.33301329612731934,0.2182336449623108,0.0,0.02200378105044365
bodyweight,handstand_push_up,/Users/josephkamil/Desktop/Capstone/HandstandPushups/v_HandStandPushups_g04_c02.avi,v_HandStandPushups_g04_c02.avi,handstand_push_up:g04,177.31741333007812,1.3378194570541382,174.8410186767578,179.50418090820312,1.6858062744140625,176.49343872070312,1.5207607746124268,172.6578369140625,179.44534301757812,1.2583465576171875,128.96022033691406,18.432641983032227,102.8525390625,166.41229248046875,-4.094841003417969,0.0,0.0,0.0,0.0,0.0,0.8669866919517517,0.0209114421159029,0.8475502729415894,0.9324169158935547,0.004565179347991943,0.49035316705703735,0.019197050482034683,0.45255112648010254,0.5266874432563782,0.009501814842224121,0.1400987207889557,0.016593294218182564,0.11548900604248047,0.17188827693462372,-0.0019910484552383423,0.0,0.0,1.0,0.0,0.0,174.8410186767578,172.6578369140625,166.41229248046875,0.0,0.5185185074806213,0.3333333432674408,0.0159146785736084,0.0020685559138655663,0.01127612590789795,0.002485500881448388,0.0,1.0,174.8410186767578,174.93528747558594,0.0020685559138655663,0.0159146785736084,0.002485500881448388,0.01127612590789795,0.4562176764011383,2.524627685546875,3.0717036724090576,10.550537109375,0.48148149251937866,-1.0,0.22133547067642212,0.2659485936164856,0.08486664295196533,0.07413631677627563,0.0,0.006421444471925497
bodyweight,handstand_push_up,/Users/josephkamil/Desktop/Capstone/HandstandPushups/v_HandStandPushups_g04_c03.avi,v_HandStandPushups_g04_c03.avi,handstand_push_up:g04,177.3091278076172,1.388857126235962,174.66842651367188,179.49365234375,0.22271728515625,177.08665466308594,1.2192612886428833,174.19239807128906,179.59164428710938,0.769195556640625,126.68448638916016,20.278486251831055,100.5044174194336,165.15550231933594,55.059661865234375,0.0,0.0,0.0,0.0,0.0,0.8463449478149414,0.0557403601706028,0.6946857571601868,0.8901015520095825,-0.15032458305358887,0.4707092344760895,0.06595302373170853,0.26868921518325806,0.5379184484481812,-0.23452520370483398,0.13866977393627167,0.017605749890208244,0.1101643368601799,0.1687833070755005,0.04955323040485382,0.0,0.0,1.0,0.0,0.0,174.66842651367188,174.19239807128906,165.15550231933594,0.0,0.4437499940395355,0.862500011920929,0.02239912748336792,0.0024486675392836332,0.025357455015182495,0.003451406257227063,0.0,1.0,174.66842651367188,174.67230224609375,0.0024486675392836332,0.02239912748336792,0.003451406257227063,0.025357455015182495,0.3847247362136841,1.88232421875,2.716900110244751,10.209701538085938,0.5562499761581421,-1.0,0.3893381357192993,0.5487735867500305,0.19541579484939575,0.2692292332649231,0.0,0.06989605724811554
bodyweight,handstand_push_up,/Users/josephkamil/Desktop/Capstone/HandstandPushups/v_HandStandPushups_g04_c04.avi,v_HandStandPushups_g04_c04.avi,handstand_push_up:g04,167.35760498046875,6.033635139465332,153.2052764892578,178.2808074951172,8.248214721679688,163.6680908203125,2.879120349884033,155.36700439453125,170.6573028564453,-4.35064697265625,134.0226287841797,16.228565216064453,39.67147445678711,158.86370849609375,16.804168701171875,0.0,0.0,0.0,0.0,0.0,0.8719657063484192,0.027674468234181404,0.8018943071365356,0.9707108736038208,0.1591949462890625,0.3927711844444275,0.03066050074994564,0.3250720500946045,0.4832684099674225,0.08718910813331604,0.18648506700992584,0.01799612119793892,0.13214446604251862,0.21516478061676025,0.052024438977241516,0.0,0.0,1.0,0.0,0.0,153.2052764892578,155.36700439453125,158.86370849609375,0.0,0.09909909963607788,0.1666666716337204,0.017730891704559326,0.0026455773040652275,0.015134871006011963,0.0030296631157398224,0.0,1.0,153.2052764892578,158.35043334960938,0.0026455773040652275,0.017730891704559326,0.0030296631157398224,0.015134871006011963,1.1499663591384888,8.924667358398438,3.2753536701202393,36.567901611328125,0.9009009003639221,-1.0,0.5846725702285767,0.6695555448532104,0.16881656646728516,0.158196359872818,0.0,0.023809317499399185
bodyweight,handstand_push_up,/Users/josephkamil/Desktop/Capstone/HandstandPushups/v_HandStandPushups_g06_c01.avi,v_HandStandPushups_g06_c01.avi,handstand_push_up:g06,174.72792053222656,5.222221851348877,154.0504913330078,179.54310607910156,-13.368194580078125,177.88172912597656,1.3586065769195557,172.46453857421875,179.67465209960938,-0.1081390380859375,120.54257202148438,26.305757522583008,86.83380126953125,170.08848571777344,61.84297180175781,0.0,0.0,0.0,0.0,0.0,0.9028034806251526,0.0027718304190784693,0.8988542556762695,0.9097435474395752,0.0005284547805786133,0.30517712235450745,0.05915616825222969,0.21002495288848877,0.3866811990737915,-0.14456161856651306,0.24876566231250763,0.05107547342777252,0.17873786389827728,0.33123624324798584,0.11500939726829529,0.0,0.0,1.0,0.0,0.0,154.0504913330078,172.46453857421875,170.08848571777344,0.0,0.4545454680919647,0.4545454680919647,0.004531145095825195,0.0008079183753579855,0.02734065055847168,0.006327134557068348,0.0,1.0,154.0504913330078,164.39849853515625,0.0008079183753579855,0.004531145095825195,0.006327134557068348,0.02734065055847168,1.9118130207061768,17.761886596679688,3.016631841659546,16.388824462890625,0.5454545617103577,-1.0,0.07028889656066895,0.550460696220398,0.010889291763305664,0.17665624618530273,0.0,0.0035105468705296516
bodyweight,handstand_push_up,/Users/josephkamil/Desktop/Capstone/HandstandPushups/v_HandStandPushups_g06_c02.avi,v_HandStandPushups_g06_c02.avi,handstand_push_up:g06,160.49075317382812,44.09495162963867,1.6022615432739258,179.54579162597656,-12.074569702148438,177.3385467529297,1.189974308013916,174.46449279785156,179.60308837890625,0.632720947265625,133.88795471191406,31.803714752197266,84.2189712524414,176.188720703125,-1.476287841796875,0.0,0.0,0.0,0.0,0.0,0.9065095782279968,0.0038000312633812428,0.9003854990005493,0.9183744192123413,-0.0077332258224487305,0.2756905257701874,0.06307464092969894,0.19514691829681396,0.3780783414840698,0.0019318759441375732,0.2701209783554077,0.05599289759993553,0.17886877059936523,0.33875879645347595,-0.013508856296539307,0.0,0.0,1.0,0.0,0.0,1.6022615432739258,174.46449279785156,176.188720703125,0.0,0.44262295961380005,0.13114753365516663,0.014082670211791992,0.0008604309987276793,0.048388898372650146,0.005746881943196058,0.0,1.0,1.6022615432739258,159.09942626953125,0.0008604309987276793,0.014082670211791992,0.005746881943196058,0.048388898372650146,5.05158805847168,174.99192810058594,4.172407150268555,89.81092834472656,0.5573770403862,-1.0,0.10411214828491211,0.6953727006912231,0.017988920211791992,0.18293142318725586,0.0,0.0028615277260541916
bodyweight,handstand_push_up,/Users/josephkamil/Desktop/Capstone/HandstandPushups/v_HandStandPushups_g06_c03.avi,v_HandStandPushups_g06_c03.avi,handstand_push_up:g06,175.50228881835938,3.1736080646514893,165.24795532226562,179.39376831054688,1.8319244384765625,177.30841064453125,1.6994928121566772,171.4764862060547,179.67739868164062,1.10723876953125,141.81829833984375,31.784828186035156,80.54631805419922,173.26951599121094,-3.829559326171875,0.0,0.0,0.0,0.0,0.0,0.9062069654464722,0.003633714746683836,0.8998491168022156,0.9171067476272583,-0.006525516510009766,0.262079119682312,0.06305745244026184,0.20162416994571686,0.38116714358329773,0.02088366448879242,0.2807696461677551,0.05403600633144379,0.17392297089099884,0.33488139510154724,-0.02063649892807007,0.0,0.0,1.0,0.0,0.0,165.24795532226562,171.4764862060547,173.26951599121094,0.0,0.8539325594902039,0.7640449404716492,0.012877285480499268,0.0011162202572450042,0.023186713457107544,0.004028052091598511,0.0,1.0,165.76622009277344,165.24795532226562,0.0011162202572450042,0.012877285480499268,0.004028052091598511,0.023186713457107544,1.5521072149276733,10.791549682617188,4.949485778808594,81.16128540039062,0.14606741070747375,-1.0,0.09822738170623779,0.35446858406066895,0.017257630825042725,0.17954297363758087,0.0,0.0046774945221841335
bodyweight,handstand_push_up,/Users/josephkamil/Desktop/Capstone/HandstandPushups/v_HandStandPushups_g06_c04.avi,v_HandStandPushups_g06_c04.avi,handstand_push_up:g06,177.3797149658203,1.871151089668274,172.49664306640625,179.52281188964844,-5.1672821044921875,176.2347869873047,2.085613965988159,168.2989501953125,179.69171142578125,-2.3967132568359375,130.30953979492188,28.62155532836914,87.13452911376953,176.27987670898438,-14.300125122070312,0.0,0.0,0.0,0.0,0.0,0.9050570130348206,0.005455581471323967,0.8951133489608765,0.9246639013290405,-0.004496455192565918,0.2999265491962433,0.059349749237298965,0.21567317843437195,0.3921505808830261,-0.020272642374038696,0.2541007399559021,0.049491193145513535,0.16553832590579987,0.31436994671821594,-0.00993490219116211,0.0,0.0,1.0,0.0,0.0,172.49664306640625,168.2989501953125,176.27987670898438,0.0,0.1428571492433548,0.3857142925262451,0.014768421649932861,0.0017461327370256186,0.018227696418762207,0.005078333895653486,0.0,1.0,172.49664306640625,172.6146697998047,0.0017461327370256186,0.014768421649932861,0.005078333895653486,0.018227696418762207,1.0942853689193726,6.80712890625,10.109081268310547,79.58953857421875,0.8571428656578064,-1.0,0.1204831600189209,0.3504050374031067,0.029550552368164062,0.17647740244865417,0.0,0.004937681835144758
bodyweight,handstand_push_up,/Users/josephkamil/Desktop/Capstone/HandstandPushups/v_HandStandPushups_g07_c01.avi,v_HandStandPushups_g07_c01.avi,handstand_push_up:g07,149.8230743408203,32.93324661254883,46.522239685058594,178.29408264160156,38.18730163574219,175.33802795410156,5.9459381103515625,151.84059143066406,179.6919403076172,22.593856811523438,158.68753051757812,13.996302604675293,117.09456634521484,178.77102661132812,8.078643798828125,0.0,0.0,0.0,0.0,0.0,0.8406497240066528,0.04961460828781128,0.7312700748443604,0.9197558164596558,0.08232605457305908,0.4594810903072357,0.06271179765462875,0.35288023948669434,0.5432273745536804,0.004201531410217285,0.21510609984397888,0.0356537401676178,0.1514020711183548,0.27520957589149475,0.041038766503334045,0.011111111380159855,1.0,0.5888888835906982,0.5888888835906982,0.011111111380159855,46.522239685058594,151.84059143066406,178.77102661132812,0.0,0.15555556118488312,0.0,0.11382341384887695,0.018415408208966255,0.033131301403045654,0.0058769891038537025,0.0,1.0,46.522239685058594,53.23786163330078,0.018415408208966255,0.11382341384887695,0.0058769891038537025,0.033131301403045654,9.935202598571777,109.56417846679688,6.621398448944092,50.09760284423828,0.4333333373069763,0.0,1.6389713287353516,0.5230520367622375,0.1884857416152954,0.19034713506698608,0.0,0.038438186049461365
bodyweight,handstand_push_up,/Users/josephkamil/Desktop/Capstone/HandstandPushups/v_HandStandPushups_g07_c02.avi,v_HandStandPushups_g07_c02.avi,handstand_push_up:g07,136.9167938232422,36.79769515991211,62.26234817504883,178.8357696533203,-1.832672119140625,161.1034698486328,19.969268798828125,115.06515502929688,179.65902709960938,-9.380172729492188,142.37620544433594,14.081756591796875,108.36600494384766,162.9226531982422,-2.1352081298828125,0.0,0.0,0.0,0.0,0.0,0.8424131870269775,0.023154817521572113,0.7682799100875854,0.8720020055770874,-0.016920924186706543,0.470784991979599,0.0640331581234932,0.3577441871166229,0.5805091857910156,-0.02877366542816162,0.19456331431865692,0.03666060045361519,0.14727813005447388,0.25832000374794006,0.0022717565298080444,0.0,0.0,1.0,0.0,0.0,62.26234817504883,115.06515502929688,162.9226531982422,0.0,0.48905110359191895,0.6058394312858582,0.03374004364013672,0.0025764063466340303,0.039748698472976685,0.006288251839578152,0.0,1.0,62.26234817504883,68.47863006591797,0.0025764063466340303,0.03374004364013672,0.006288251839578152,0.039748698472976685,14.752272605895996,104.14352416992188,1.8248231410980225,11.855636596679688,0.510948896408081,-1.0,0.3503912687301636,0.8552022576332092,0.10372209548950195,0.2227649986743927,0.0,0.00450889952480793
bodyweight,handstand_push_up,/Users/josephkamil/Desktop/Capstone/HandstandPushups/v_HandStandPushups_g07_c03.avi,v_HandStandPushups_g07_c03.avi,handstand_push_up:g07,120.83097076416016,38.80769348144531,45.25779724121094,178.2578887939453,-31.09771728515625,163.32696533203125,16.719053268432617,114.7985610961914,179.59017944335938,26.401443481445312,139.68858337402344,15.269801139831543,110.9755630493164,162.11187744140625,-2.198638916015625,0.0,0.0,0.0,0.0,0.0,0.8078495860099792,0.02238546498119831,0.7597398161888123,0.8680326342582703,-0.030639469623565674,0.4339405596256256,0.06554592400789261,0.3169606328010559,0.5318486094474792,-0.05126437544822693,0.1959175169467926,0.04058588296175003,0.13832038640975952,0.2867369055747986,0.03552275896072388,0.0,0.0,1.0,0.0,0.0,45.25779724121094,114.7985610961914,162.11187744140625,0.0,0.5555555820465088,0.6339869499206543,0.09387737512588501,0.003334079636260867,0.04655957221984863,0.005562486592680216,0.0,1.0,47.175323486328125,45.25779724121094,0.003334079636260867,0.09387737512588501,0.005562486592680216,0.04655957221984863,15.002756118774414,130.9077606201172,1.4281245470046997,10.075714111328125,0.4444444477558136,-1.0,0.5067800879478455,0.8454979658126831,0.10829281806945801,0.21488797664642334,0.0,0.017342105507850647
bodyweight,handstand_push_up,/Users/josephkamil/Desktop/Capstone/HandstandPushups/v_HandStandPushups_g07_c04.avi,v_HandStandPushups_g07_c04.avi,handstand_push_up:g07,156.88522338867188,31.363021850585938,13.465046882629395,179.58721923828125,138.76895141601562,158.20144653320312,21.95833396911621,5.770143032073975,179.22439575195312,29.133346557617188,147.71701049804688,20.511903762817383,119.1205825805664,179.45065307617188,41.91749572753906,0.0,0.0,0.0,0.0,0.0,0.7870570421218872,0.05687016248703003,0.6859310865402222,0.968256950378418,-0.056458353996276855,0.2364695966243744,0.13647817075252533,-0.015074549242854118,0.5559589862823486,-0.39740338921546936,0.3586227297782898,0.029939575120806694,0.30682146549224854,0.46254199743270874,0.06649944186210632,0.0,0.0,1.0,0.0,0.0,13.465046882629395,5.770143032073975,179.45065307617188,0.0,0.5639534592628479,0.569767415523529,0.06630253791809082,0.009061447344720364,0.0668688416481018,0.009944435209035873,0.0,1.0,21.35025405883789,13.465046882629395,0.009061447344720364,0.06630253791809082,0.009944435209035873,0.0668688416481018,8.649250030517578,143.6113739013672,3.1984846591949463,22.229843139648438,0.4360465109348297,-1.0,1.54950749874115,1.700498342514038,0.2823258638381958,0.5710335373878479,0.0,0.030163414776325226
bodyweight,handstand_push_up,/Users/josephkamil/Desktop/Capstone/HandstandPushups/v_HandStandPushups_g08_c01.avi,v_HandStandPushups_g08_c01.avi,handstand_push_up:g08,176.1592254638672,2.5495400428771973,167.9360809326172,179.0862274169922,1.6829071044921875,176.59165954589844,2.7794435024261475,169.0091094970703,179.2962646484375,-0.0402374267578125,142.17185974121094,26.762365341186523,46.381011962890625,176.18443298339844,1.170623779296875,0.0,0.0,0.0,0.0,0.0,0.7177214026451111,0.013342167250812054,0.6801390647888184,0.740938663482666,-0.021070778369903564,0.5083566308021545,0.023604918271303177,0.45194098353385925,0.5386513471603394,0.02384611964225769,0.0805576741695404,0.0316915288567543,0.01938009075820446,0.13186681270599365,-0.015402138233184814,0.0,0.0,1.0,0.0,0.0,167.9360809326172,169.0091094970703,176.18443298339844,0.0,0.59375,0.2916666567325592,0.018483757972717285,0.0030936761759221554,0.01039084792137146,0.0030982214957475662,0.0,1.0,170.16448974609375,167.9360809326172,0.0030936761759221554,0.018483757972717285,0.0030982214957475662,0.01039084792137146,1.114894986152649,9.496902465820312,11.10006332397461,104.16207885742188,0.40625,-1.0,0.2938992381095886,0.29433104395866394,0.060799598693847656,0.0867103636264801,0.0,0.005583296529948711
hinge,deadlift,/Users/josephkamil/Desktop/Capstone/Deadlift- bar drift.mov,Deadlift- bar drift.mov,deadlift:Deadlift- bar drift,159.4829864501953,22.75712776184082,33.10395431518555,179.82618713378906,-16.168731689453125,145.6837921142578,38.78532028198242,74.23218536376953,179.85147094726562,-10.742904663085938,171.79525756835938,6.182101249694824,143.886474609375,179.62437438964844,-12.168228149414062,0.0,0.0,0.0,0.0,0.0,0.5687388777732849,0.184329092502594,0.14962726831436157,0.8197339773178101,0.3889664113521576,0.5399667620658875,0.06790442764759064,0.037155166268348694,0.6238055229187012,0.30753472447395325,0.26962539553642273,0.1982721984386444,0.0629417821764946,0.8333280682563782,0.3363127112388611,0.07302823662757874,1.0,0.0,0.7088607549667358,0.7098344564437866,33.10395431518555,74.23218536376953,179.62437438964844,0.0,0.9269717335700989,0.7731255888938904,0.3406341075897217,0.00807723868638277,0.40537428855895996,0.002752394648268819,0.0,0.0,113.93402862548828,33.10395431518555,0.00807723868638277,0.3406341075897217,0.002752394648268819,0.40537428855895996,2.5143685340881348,107.89694213867188,0.9753162860870361,27.016769409179688,-0.9269717335700989,0.7088607549667358,8.287246704101562,2.8239569664001465,0.6701067090034485,0.5866503715515137,0.12479975819587708,0.19457115232944489
hinge,deadlift,/Users/josephkamil/Desktop/Capstone/deadlift/deadlift_1.mp4,deadlift_1.mp4,deadlift:deadlift_1,170.05029296875,7.418516159057617,158.2285614013672,179.532958984375,-0.7515106201171875,159.72340393066406,13.152487754821777,140.29859924316406,174.09780883789062,0.4560089111328125,177.68650817871094,1.2670683860778809,174.6314239501953,179.41075134277344,0.29583740234375,0.0,0.0,0.0,0.0,0.0,0.6903976202011108,0.11356591433286667,0.5429164171218872,0.8339230418205261,-0.00909888744354248,0.5748578906059265,0.03463726118206978,0.5371028184890747,0.629265546798706,-0.008599817752838135,0.2768433690071106,0.0062759313732385635,0.26642948389053345,0.29128527641296387,-0.0019904673099517822,0.0,0.0,1.0,0.0,0.0,158.2285614013672,140.29859924316406,179.41075134277344,0.0,0.9266666769981384,0.9266666769981384,0.015925884246826172,0.003886559745296836,0.007147312164306641,0.0014218272408470511,0.0,1.0,159.76266479492188,158.2285614013672,0.003886559745296836,0.015925884246826172,0.0014218272408470511,0.007147312164306641,0.33908581733703613,2.14373779296875,0.1514124572277069,0.9672088623046875,0.07333333045244217,-1.0,0.5790973901748657,0.21185225248336792,0.2910066246986389,0.09216272830963135,0.0,0.07016608864068985
hinge,deadlift,/Users/josephkamil/Desktop/Capstone/deadlift/deadlift_2.mp4,deadlift_2.mp4,deadlift:deadlift_2,170.6754150390625,6.735682487487793,159.33566284179688,179.5443572998047,1.393280029296875,160.74693298339844,12.788853645324707,141.29931640625,174.46420288085938,0.463043212890625,177.92138671875,1.354979157447815,174.92770385742188,179.41725158691406,1.70281982421875,0.0,0.0,0.0,0.0,0.0,0.6850020289421082,0.11004723608493805,0.5475050210952759,0.8260895013809204,-0.005006372928619385,0.5718501806259155,0.030616603791713715,0.5363774299621582,0.6216535568237305,-0.006514370441436768,0.27796390652656555,0.0059852562844753265,0.2687157392501831,0.29328998923301697,0.001087486743927002,0.0,0.0,1.0,0.0,0.0,159.33566284179688,141.29931640625,179.41725158691406,0.0,0.0,0.0,0.0172460675239563,0.0037371565122157335,0.007478177547454834,0.0012968694791197777,0.0,1.0,159.33566284179688,160.72894287109375,0.0037371565122157335,0.0172460675239563,0.0012968694791197777,0.007478177547454834,0.36349302530288696,3.5241546630859375,0.14288227260112762,0.7796478271484375,1.0,-1.0,0.5568363070487976,0.19323354959487915,0.27858448028564453,0.08527612686157227,0.0,0.063101626932621
hinge,deadlift,/Users/josephkamil/Desktop/Capstone/deadlift/deadlift_3.mp4,deadlift_3.mp4,deadlift:deadlift_3,141.218994140625,26.823333740234375,97.28043365478516,179.4952850341797,21.01746368408203,129.16986083984375,36.118831634521484,83.66473388671875,179.61016845703125,-14.900581359863281,171.39088439941406,2.5505130290985107,164.98028564453125,178.7827911376953,-1.449615478515625,0.0,0.0,0.0,0.0,0.0,0.5892252326011658,0.08690013736486435,0.4840712249279022,0.7364464998245239,-0.037790119647979736,0.5111098885536194,0.025742625817656517,0.47684913873672485,0.6059707403182983,-0.06906569004058838,0.26763564348220825,0.015370461158454418,0.23319582641124725,0.29143643379211426,-0.031379878520965576,0.0,0.0,1.0,0.0,0.0,97.28043365478516,83.66473388671875,178.7827911376953,0.0,0.8783783912658691,0.12162162363529205,0.0174558162689209,0.003952674102038145,0.026746273040771484,0.0019234954379498959,0.0,1.0,101.96441650390625,97.28043365478516,0.003952674102038145,0.0174558162689209,0.0019234954379498959,0.026746273040771484,2.323624610900879,18.719558715820312,1.045568585395813,6.2873687744140625,0.12162162363529205,-1.0,0.5810431241989136,0.2827538251876831,0.2523752748966217,0.1291216015815735,0.0,0.06538192927837372
hinge,deadlift,/Users/josephkamil/Desktop/Capstone/deadlift/deadlift_4.mp4,deadlift_4.mp4,deadlift:deadlift_4,142.9296112060547,23.27665901184082,100.20170593261719,179.22244262695312,-31.059295654296875,127.52140045166016,35.48515319824219,84.17948913574219,179.5039520263672,-22.889938354492188,171.97911071777344,2.748163938522339,164.4651336669922,177.90980529785156,2.4551849365234375,0.0,0.0,0.0,0.0,0.0,0.5993658900260925,0.09122616052627563,0.4767002761363983,0.7427080273628235,-0.059756577014923096,0.5153012275695801,0.029864920303225517,0.4744129180908203,0.6127603054046631,-0.11902469396591187,0.26867014169692993,0.016136743128299713,0.23847085237503052,0.2981857359409332,0.027628600597381592,0.0,0.0,1.0,0.0,0.0,100.20170593261719,84.17948913574219,177.90980529785156,0.0,0.35172414779663086,0.2689655125141144,0.01674973964691162,0.004074194468557835,0.021298587322235107,0.0017326987581327558,0.0,1.0,100.20170593261719,103.65692138671875,0.004074194468557835,0.01674973964691162,0.0017326987581327558,0.021298587322235107,2.385002613067627,21.223846435546875,0.8571441173553467,4.9847259521484375,0.6482758522033691,-1.0,0.586683988571167,0.24950861930847168,0.26600775122642517,0.13834738731384277,0.0,0.05689815431833267
hinge,deadlift,/Users/josephkamil/Desktop/Capstone/deadlift/deadlift_5.mp4,deadlift_5.mp4,deadlift:deadlift_5,131.26222229003906,18.748525619506836,103.87834930419922,178.7148895263672,57.81037902832031,107.54926300048828,30.04261016845703,83.7246322631836,179.58065795898438,66.03825378417969,172.37118530273438,2.417482614517212,165.3939208984375,176.87855529785156,-3.1114959716796875,0.0,0.0,0.0,0.0,0.0,0.6403418779373169,0.08134707808494568,0.4894426465034485,0.7172743678092957,-0.13978135585784912,0.5208127498626709,0.03141436353325844,0.47260531783103943,0.5571545958518982,0.006666779518127441,0.2572053074836731,0.015248635783791542,0.2412489354610443,0.28980958461761475,0.0175798237323761,0.0,0.0,1.0,0.0,0.0,103.87834930419922,83.7246322631836,176.87855529785156,0.0,0.630630612373352,0.4144144058227539,0.01662468910217285,0.0034759484697133303,0.009955495595932007,0.001816868782043457,0.0,1.0,108.12644958496094,103.87834930419922,0.0034759484697133303,0.01662468910217285,0.001816868782043457,0.009955495595932007,2.275939702987671,24.193862915039062,0.7786483764648438,7.082733154296875,0.36936935782432556,-1.0,0.3823543190956116,0.19985556602478027,0.22783172130584717,0.08454927802085876,0.0,0.04358772188425064
hinge,deadlift,/Users/josephkamil/Desktop/Capstone/deadlift/deadlift_6.mp4,deadlift_6.mp4,deadlift:deadlift_6,167.8867950439453,14.266027450561523,136.85293579101562,179.5237579345703,16.185150146484375,154.05172729492188,28.097660064697266,104.54711151123047,179.6115264892578,42.37312316894531,161.67750549316406,22.902332305908203,65.12885284423828,178.8885040283203,2.3345794677734375,0.0,0.0,0.0,0.0,0.0,0.560860276222229,0.11773435026407242,0.3779601454734802,0.7538983821868896,-0.18830695748329163,0.5167072415351868,0.03132256120443344,0.4898335933685303,0.5743981599807739,-0.059021711349487305,0.22903402149677277,0.02110765315592289,0.14144942164421082,0.26197585463523865,0.018909543752670288,0.0,0.0,1.0,0.0,0.0,136.85293579101562,104.54711151123047,178.8885040283203,0.0,0.23999999463558197,0.18666666746139526,0.024592995643615723,0.004666210617870092,0.006377160549163818,0.0008110859780572355,0.0,1.0,136.85293579101562,176.83013916015625,0.004666210617870092,0.024592995643615723,0.0008110859780572355,0.006377160549163818,0.8398883938789368,9.111221313476562,3.2914280891418457,42.28992462158203,0.7599999904632568,-1.0,0.6952654123306274,0.12085181474685669,0.3759382367134094,0.08456456661224365,0.0,0.029282642528414726
hinge,deadlift,/Users/josephkamil/Desktop/Capstone/deadlift/deadlift_8.mp4,deadlift_8.mp4,deadlift:deadlift_8,110.85424041748047,37.248985290527344,60.334022521972656,168.5006103515625,1.45074462890625,108.7152099609375,48.25906753540039,56.50056838989258,179.63961791992188,3.7540969848632812,171.18128967285156,4.775252342224121,159.60255432128906,179.2557373046875,-1.372467041015625,0.0,0.0,0.0,0.0,0.0,0.6563217043876648,0.13882115483283997,0.4667375683784485,0.8068192005157471,-0.009396672248840332,0.5929521322250366,0.07546961307525635,0.5071762204170227,0.7056676745414734,-0.023157596588134766,0.25733649730682373,0.010462168604135513,0.2344358265399933,0.27527326345443726,-0.0025934576988220215,0.0,0.0,1.0,0.0,0.0,60.334022521972656,56.50056838989258,179.2557373046875,0.0,0.465753436088562,0.1780821979045868,0.037944138050079346,0.005404498428106308,0.015615999698638916,0.0028723750729113817,0.0,1.0,60.334022521972656,74.76753234863281,0.005404498428106308,0.037944138050079346,0.0028723750729113817,0.015615999698638916,3.2360644340515137,27.03179168701172,0.7948347330093384,7.7433013916015625,0.534246563911438,-1.0,0.7836523056030273,0.41649436950683594,0.3400816321372986,0.19849145412445068,0.0,0.10063932090997696
hinge,deadlift,/Users/josephkamil/Desktop/Capstone/deadlift/deadlift_9.mp4,deadlift_9.mp4,deadlift:deadlift_9,173.8371124267578,6.742018222808838,150.89825439453125,179.5076904296875,-3.012847900390625,161.88504028320312,15.478535652160645,131.10873413085938,179.57806396484375,-6.2806854248046875,170.69700622558594,9.029624938964844,133.33041381835938,179.21707153320312,2.164520263671875,0.0,0.0,0.0,0.0,0.0,0.5722251534461975,0.09483511745929718,0.45780202746391296,0.7300914525985718,-0.02283501625061035,0.5345582365989685,0.04718422889709473,0.4929770827293396,0.6288553476333618,-0.03434377908706665,0.23294253647327423,0.013057257980108261,0.1948365569114685,0.25236666202545166,0.010815560817718506,0.0,0.0,1.0,0.0,0.0,150.89825439453125,131.10873413085938,179.21707153320312,0.0,0.13605442643165588,0.13605442643165588,0.027227580547332764,0.004856397397816181,0.014254152774810791,0.0017902650870382786,0.0,1.0,150.89825439453125,164.01731872558594,0.004856397397816181,0.027227580547332764,0.0017902650870382786,0.014254152774810791,0.8470578193664551,8.385406494140625,2.2774319648742676,24.393203735351562,0.8639456033706665,-1.0,0.7090340256690979,0.2613787055015564,0.2722894251346588,0.13587826490402222,0.0,0.07951880991458893
hinge,deadlift,/Users/josephkamil/Desktop/Capstone/deadlift/deadlift_10.mp4,deadlift_10.mp4,deadlift:deadlift_10,176.3368682861328,3.40816330909729,168.84657287597656,179.56393432617188,1.087677001953125,173.48336791992188,2.4583685398101807,167.4634552001953,178.23495483398438,-3.44415283203125,176.56787109375,0.7228642106056213,174.57061767578125,177.5546112060547,-0.8268585205078125,0.0,0.0,0.0,0.0,0.0,0.5525484085083008,0.09178632497787476,0.44625329971313477,0.691142201423645,-0.036678045988082886,0.5046424269676208,0.03792019560933113,0.4599054157733917,0.5706219673156738,-0.020369887351989746,0.19258379936218262,0.029880134388804436,0.14776873588562012,0.23640142381191254,0.07991994917392731,0.0,0.0,1.0,0.0,0.0,168.84657287597656,167.4634552001953,177.5546112060547,0.0,0.6200000047683716,0.4866666793823242,0.015158891677856445,0.003194011515006423,0.011275291442871094,0.0015004260931164026,0.0,1.0,170.6841583251953,168.84657287597656,0.003194011515006423,0.015158891677856445,0.0015004260931164026,0.011275291442871094,0.3635860085487366,3.69512939453125,0.1713051050901413,1.245147705078125,0.3799999952316284,-1.0,0.47590771317481995,0.22356349229812622,0.24488890171051025,0.1107165515422821,0.0,0.09625747799873352
hinge,deadlift,/Users/josephkamil/Desktop/Capstone/deadlift/deadlift_12.mp4,deadlift_12.mp4,deadlift:deadlift_12,123.67349243164062,28.487895965576172,48.218955993652344,164.60826110839844,-37.9473876953125,125.98219299316406,34.63618469238281,67.8221664428711,168.55255126953125,10.039283752441406,171.20083618164062,3.8253073692321777,161.2761688232422,175.92103576660156,-7.226318359375,0.0,0.0,0.0,0.0,0.0,0.4688067138195038,0.08839160948991776,0.3740866184234619,0.6188663840293884,0.006876647472381592,0.46532633900642395,0.03961462154984474,0.4254063367843628,0.5444141626358032,0.0054051876068115234,0.18800127506256104,0.019457288086414337,0.15785165131092072,0.235681414604187,0.004120334982872009,0.0,0.0,1.0,0.0,0.0,48.218955993652344,67.8221664428711,175.92103576660156,0.0,0.9555555582046509,0.0,0.048840224742889404,0.00764628266915679,0.011848002672195435,0.0028464533388614655,0.0,1.0,70.58078002929688,48.218955993652344,0.00764628266915679,0.048840224742889404,0.0028464533388614655,0.011848002672195435,6.061066627502441,38.22016906738281,1.158907413482666,11.339996337890625,0.04444444552063942,-1.0,0.680519163608551,0.2533343434333801,0.2447797656059265,0.11900782585144043,0.0,0.0877356082201004
hinge,deadlift,/Users/josephkamil/Desktop/Capstone/deadlift/deadlift_13.mp4,deadlift_13.mp4,deadlift:deadlift_13,173.84494018554688,5.645629405975342,161.79208374023438,179.687744140625,-8.300552368164062,164.84368896484375,12.329522132873535,143.527099609375,179.0166015625,1.926361083984375,178.13905334472656,1.3412551879882812,174.5819091796875,179.5504150390625,-1.420562744140625,0.0,0.0,0.0,0.0,0.0,0.5198284387588501,0.15304908156394958,0.3325116038322449,0.7258114814758301,0.3349490761756897,0.4221446216106415,0.06297965347766876,0.34540706872940063,0.5271588563919067,0.13372093439102173,0.3341796100139618,0.021455785259604454,0.2918381094932556,0.3723483085632324,0.06480863690376282,0.0,0.0,1.0,0.0,0.0,161.79208374023438,143.527099609375,179.5504150390625,0.0,0.2319391667842865,0.2319391667842865,0.018836021423339844,0.004437134135514498,0.011035263538360596,0.0020719273015856743,0.0,1.0,161.79208374023438,168.54946899414062,0.004437134135514498,0.018836021423339844,0.0020719273015856743,0.011035263538360596,0.3749453127384186,8.285903930664062,0.1783110648393631,1.5401458740234375,0.7680608630180359,-1.0,1.1625291109085083,0.5428449511528015,0.3932998776435852,0.1817517876625061,0.0,0.14387236535549164
hinge,deadlift,/Users/josephkamil/Desktop/Capstone/deadlift/deadlift_14.mp4,deadlift_14.mp4,deadlift:deadlift_14,173.60043334960938,4.183916091918945,166.478515625,179.44796752929688,1.1966400146484375,165.36489868164062,7.732868194580078,153.95968627929688,175.22166442871094,1.07244873046875,178.8125457763672,0.36070725321769714,177.8123016357422,179.26959228515625,0.7867889404296875,0.0,0.0,0.0,0.0,0.0,0.532902717590332,0.08926888555288315,0.42977374792099,0.6590421199798584,-0.01062697172164917,0.48148253560066223,0.03227582573890686,0.4443886876106262,0.5473185777664185,-0.025827407836914062,0.1976771354675293,0.018989630043506622,0.16639481484889984,0.22246158123016357,0.020633935928344727,0.0,0.0,1.0,0.0,0.0,166.478515625,153.95968627929688,179.26959228515625,0.0,0.8533333539962769,0.006666666828095913,0.012984693050384521,0.003044061129912734,0.008662402629852295,0.0012417836114764214,0.0,1.0,167.04725646972656,166.478515625,0.003044061129912734,0.012984693050384521,0.0012417836114764214,0.008662402629852295,0.29958051443099976,2.6804656982421875,0.08103431016206741,0.5352783203125,0.14666666090488434,-1.0,0.4535651206970215,0.18502575159072876,0.2292683720588684,0.10292989015579224,0.0,0.047524623572826385
hinge,deadlift,/Users/josephkamil/Desktop/Capstone/deadlift/deadlift_15.mp4,deadlift_15.mp4,deadlift:deadlift_15,160.01113891601562,18.426042556762695,71.59042358398438,179.40223693847656,-0.407012939453125,18.01990509033203,32.108177185058594,1.0258158445358276,154.00926208496094,-0.40557265281677246,162.98655700683594,14.066346168518066,118.09745025634766,179.13699340820312,17.269424438476562,0.0,0.0,0.0,0.0,0.0,0.47208109498023987,0.10939503461122513,0.2718624770641327,0.6511613130569458,0.1683310866355896,0.23554782569408417,0.11159472167491913,0.08346600830554962,0.41135162115097046,0.03273388743400574,0.15732787549495697,0.05885833501815796,0.03226831927895546,0.2865828275680542,0.06552170217037201,0.095238097012043,1.0,0.0,0.0793650820851326,0.095238097012043,71.59042358398438,1.0258158445358276,179.13699340820312,0.0,0.4920634925365448,0.6984127163887024,0.11832809448242188,0.029993699863553047,0.09690548479557037,0.01624496839940548,0.0,0.0,71.59042358398438,120.4470443725586,0.029993699863553047,0.11832809448242188,0.01624496839940548,0.09690548479557037,10.243197441101074,61.947540283203125,8.653971672058105,56.917137145996094,-0.4920634925365448,0.0793650820851326,1.8596093654632568,1.007188081741333,0.3792988359928131,0.32788562774658203,0.019423887133598328,0.09492611885070801
hinge,deadlift,/Users/josephkamil/Desktop/Capstone/deadlift/deadlift_16.mp4,deadlift_16.mp4,deadlift:deadlift_16,128.8795928955078,23.02227210998535,107.28678131103516,179.15879821777344,48.19050598144531,124.38896179199219,15.640913963317871,111.80404663085938,160.16456604003906,48.126007080078125,178.29067993164062,0.8937153220176697,177.1373291015625,179.36611938476562,1.1507110595703125,0.0,0.0,0.0,0.0,0.0,0.7003642320632935,0.08587580174207687,0.5088316798210144,0.7569246292114258,-0.24510514736175537,0.5936910510063171,0.03712238371372223,0.5149103403091431,0.617836594581604,-0.09743475914001465,0.24511276185512543,0.00398026080802083,0.23974305391311646,0.25583091378211975,0.0002841949462890625,0.0,0.0,1.0,0.0,0.0,107.28678131103516,111.80404663085938,179.36611938476562,0.0,0.5596330165863037,0.0,0.01539623737335205,0.0023424315731972456,0.010642051696777344,0.0010239769471809268,0.0,1.0,107.48954010009766,107.28678131103516,0.0023424315731972456,0.01539623737335205,0.0010239769471809268,0.010642051696777344,1.5714118480682373,9.324508666992188,0.048148684203624725,0.2472686767578125,0.4403669834136963,-1.0,0.25298261642456055,0.11058950424194336,0.24809294939041138,0.10292625427246094,0.0,0.0812438428401947
hinge,deadlift,/Users/josephkamil/Desktop/Capstone/deadlift/deadlift_17.mp4,deadlift_17.mp4,deadlift:deadlift_17,176.47830200195312,2.988149881362915,170.59132385253906,179.54293823242188,1.970794677734375,164.80186462402344,8.45567512512207,146.64376831054688,172.70912170410156,3.8748931884765625,178.91830444335938,0.3738142251968384,177.696533203125,179.37570190429688,-0.9423370361328125,0.0,0.0,0.0,0.0,0.0,0.5855570435523987,0.11257371306419373,0.4760492146015167,0.7545629143714905,-0.004167377948760986,0.5195214152336121,0.03578251227736473,0.4851539731025696,0.580095648765564,-0.0022296905517578125,0.2396773248910904,0.009087038226425648,0.22847618162631989,0.25772419571876526,-0.002351924777030945,0.0,0.0,1.0,0.0,0.0,170.59132385253906,146.64376831054688,179.37570190429688,0.0,0.0,0.0,0.02353346347808838,0.0038612971547991037,0.014326035976409912,0.0014571772189810872,0.0,1.0,170.59132385253906,170.76446533203125,0.0038612971547991037,0.02353346347808838,0.0014571772189810872,0.014326035976409912,0.2372804433107376,1.7976531982421875,0.09333059191703796,0.9105682373046875,1.0,-1.0,0.563749372959137,0.21274787187576294,0.27851369976997375,0.09494167566299438,0.0,0.1031450405716896
hinge,deadlift,/Users/josephkamil/Desktop/Capstone/deadlift/deadlift_18.mp4,deadlift_18.mp4,deadlift:deadlift_18,128.295654296875,24.544816970825195,86.27149963378906,179.40057373046875,92.64559936523438,113.52411651611328,25.127342224121094,82.60843658447266,165.08453369140625,82.4760971069336,175.4099884033203,0.970325767993927,174.07872009277344,177.41738891601562,-0.0140533447265625,0.0,0.0,0.0,0.0,0.0,0.6295609474182129,0.0945112556219101,0.4421064555644989,0.7090649604797363,-0.25401076674461365,0.5515434145927429,0.05016057565808296,0.4599165916442871,0.594012975692749,-0.12961825728416443,0.2590949237346649,0.008089226670563221,0.2383844554424286,0.27112919092178345,-0.007347270846366882,0.0,0.0,1.0,0.0,0.0,86.27149963378906,82.60843658447266,177.41738891601562,0.0,0.0,0.0,0.01921805739402771,0.0026961469557136297,0.007971704006195068,0.00140652887057513,0.0,1.0,86.27149963378906,117.39053344726562,0.0026961469557136297,0.01921805739402771,0.00140652887057513,0.007971704006195068,1.0089733600616455,13.651168823242188,0.127303346991539,0.5109100341796875,1.0,-1.0,0.28039929270744324,0.1462790071964264,0.2669585049152374,0.13409638404846191,0.0,0.062392354011535645
hinge,deadlift,/Users/josephkamil/Desktop/Capstone/deadlift/deadlift_19.mp4,deadlift_19.mp4,deadlift:deadlift_19,143.45750427246094,25.34481430053711,106.17710876464844,179.55032348632812,73.36955261230469,130.08399963378906,24.846092224121094,92.24141693115234,166.13638305664062,73.01399993896484,176.1184539794922,0.728806734085083,174.33409118652344,177.52816772460938,0.8665008544921875,0.0,0.0,0.0,0.0,0.0,0.5731685161590576,0.0963076502084732,0.4426995515823364,0.7002654075622559,-0.2541806101799011,0.5195468068122864,0.04894380271434784,0.4589517116546631,0.5912744998931885,-0.1317981481552124,0.2579270005226135,0.012215259484946728,0.23583486676216125,0.27282795310020447,-0.02425675094127655,0.0,0.0,1.0,0.0,0.0,106.17710876464844,92.24141693115234,177.52816772460938,0.0,0.0,0.0,0.018351107835769653,0.0043612574227154255,0.00929403305053711,0.002355876611545682,0.0,1.0,106.17710876464844,147.3566436767578,0.0043612574227154255,0.018351107835769653,0.002355876611545682,0.00929403305053711,1.2859684228897095,5.09869384765625,0.2066197693347931,0.8701019287109375,1.0,-1.0,0.2660366892814636,0.1437084674835205,0.25756585597991943,0.1323227882385254,0.0,0.02119145169854164
hinge,deadlift,/Users/josephkamil/Desktop/Capstone/deadlift/deadlift_20.mp4,deadlift_20.mp4,deadlift:deadlift_20,176.64395141601562,3.5539121627807617,166.74757385253906,179.67318725585938,12.675064086914062,174.92828369140625,3.1401937007904053,168.57101440429688,179.52761840820312,0.3052215576171875,175.65980529785156,1.7378110885620117,170.6230926513672,179.2550048828125,8.631912231445312,0.0,0.0,0.0,0.0,0.0,0.4979613125324249,0.15353433787822723,0.32781124114990234,0.7152054309844971,-0.38725730776786804,0.42061111330986023,0.06556386500597,0.3528771996498108,0.5245193243026733,-0.16098326444625854,0.32654574513435364,0.03118785284459591,0.2680071294307709,0.367292582988739,-0.09791013598442078,0.0,0.0,1.0,0.0,0.0,166.74757385253906,168.57101440429688,179.2550048828125,0.0,0.0,0.8813559412956238,0.030269920825958252,0.0067324950359761715,0.018064677715301514,0.003525777021422982,0.0,1.0,166.74757385253906,177.61842346191406,0.0067324950359761715,0.030269920825958252,0.003525777021422982,0.018064677715301514,0.8518053293228149,9.094818115234375,0.6779571771621704,4.331451416015625,1.0,-1.0,0.3904847204685211,0.20449507236480713,0.3873941898345947,0.17164212465286255,0.0,0.007926518097519875
hinge,deadlift,/Users/josephkamil/Desktop/Capstone/deadlift/deadlift_21.mp4,deadlift_21.mp4,deadlift:deadlift_21,168.98464965820312,14.33462142944336,130.63681030273438,179.66656494140625,7.9391632080078125,158.56002807617188,23.9233455657959,108.19406127929688,179.67733764648438,-2.24334716796875,174.28248596191406,4.169055461883545,146.8793182373047,179.4460906982422,6.104461669921875,0.0,0.0,0.0,0.0,0.0,0.48423126339912415,0.1417466104030609,0.31700462102890015,0.7088414430618286,-0.3802368640899658,0.39507225155830383,0.05404149740934372,0.326969712972641,0.5193684697151184,-0.181127667427063,0.31933146715164185,0.02808101288974285,0.2616899609565735,0.3608201742172241,-0.07125559449195862,0.0,0.0,1.0,0.0,0.0,130.63681030273438,108.19406127929688,179.4460906982422,0.0,0.6844919919967651,0.6684492230415344,0.029469549655914307,0.006216050591319799,0.019393086433410645,0.0026994142681360245,0.0,1.0,144.86744689941406,130.63681030273438,0.006216050591319799,0.029469549655914307,0.0026994142681360245,0.019393086433410645,1.2097736597061157,15.24139404296875,1.210830569267273,17.582077026367188,0.31550800800323486,-1.0,1.1561853885650635,0.5020910501480103,0.39183682203292847,0.19239875674247742,0.0,0.1267111599445343
hinge,deadlift,/Users/josephkamil/Desktop/Capstone/deadlift/deadlift_24.mp4,deadlift_24.mp4,deadlift:deadlift_24,144.4684295654297,22.743303298950195,106.5841064453125,179.5342254638672,48.523284912109375,88.05028533935547,50.70777130126953,1.3476297855377197,172.4442901611328,153.79336547851562,176.9771270751953,3.5517773628234863,156.35098266601562,179.33331298828125,21.987258911132812,0.0,0.0,0.0,0.0,0.0,0.5474329590797424,0.0552140474319458,0.40971076488494873,0.6242111921310425,-0.0875810980796814,0.3756333589553833,0.03491511568427086,0.2660312056541443,0.4340275526046753,-0.07388615608215332,0.20624946057796478,0.05171973258256912,0.12541812658309937,0.3065120279788971,0.14169295132160187,0.0,0.0,1.0,0.0,0.0,106.5841064453125,1.3476297855377197,179.33331298828125,0.0,0.4166666567325592,0.02083333395421505,0.03526198863983154,0.008704387582838535,0.09704512357711792,0.008581222034990788,0.0,1.0,106.5841064453125,113.46942138671875,0.008704387582838535,0.03526198863983154,0.008581222034990788,0.09704512357711792,4.357790470123291,25.915496826171875,1.0888993740081787,13.314743041992188,0.5833333134651184,-1.0,0.40910619497299194,0.4033174514770508,0.21450042724609375,0.167996346950531,0.0,0.04128213971853256
hinge,deadlift,/Users/josephkamil/Desktop/Capstone/deadlift/deadlift_25.mp4,deadlift_25.mp4,deadlift:deadlift_25,158.49777221679688,20.00025177001953,82.99658203125,179.61129760742188,-12.480865478515625,140.65020751953125,32.38664245605469,80.48726654052734,179.69540405273438,-12.578765869140625,174.8734588623047,4.564330101013184,134.01315307617188,179.4708709716797,5.4688720703125,0.0,0.0,0.0,0.0,0.0,0.6160110235214233,0.11590675264596939,0.441120445728302,0.7886835336685181,-0.006453037261962891,0.5162038207054138,0.04330183193087578,0.4238452911376953,0.5866975784301758,-0.003580152988433838,0.3058985769748688,0.03995592147111893,0.13381384313106537,0.36468684673309326,-0.005422323942184448,0.0,0.0,1.0,0.0,0.0,82.99658203125,80.48726654052734,179.4708709716797,0.0,0.4473118185997009,0.4473118185997009,0.14250558614730835,0.00931254681199789,0.03031998872756958,0.00337214139290154,0.0,1.0,82.99658203125,102.26656341552734,0.00931254681199789,0.14250558614730835,0.00337214139290154,0.03031998872756958,2.069335699081421,30.75738525390625,1.5322538614273071,44.59698486328125,0.5526881814002991,-1.0,8.651355743408203,3.1327192783355713,0.34756308794021606,0.16285228729248047,0.0,0.11221310496330261
hinge,deadlift,/Users/josephkamil/Desktop/Capstone/deadlift/deadlift_26.mp4,deadlift_26.mp4,deadlift:deadlift_26,139.94773864746094,35.41658401489258,76.39293670654297,176.12525939941406,53.379241943359375,127.6138687133789,48.389930725097656,54.870296478271484,179.73715209960938,83.94702911376953,171.33985900878906,4.019519805908203,156.78428649902344,179.5160369873047,5.7196044921875,0.0,0.0,0.0,0.0,0.0,0.5530838966369629,0.17825861275196075,0.3227781653404236,0.8168779611587524,-0.3844929337501526,0.47160103917121887,0.09001025557518005,0.37572431564331055,0.6173136234283447,-0.18425095081329346,0.3508515954017639,0.02551267296075821,0.2462698221206665,0.39506256580352783,-0.026357650756835938,0.0,0.0,1.0,0.0,0.0,76.39293670654297,54.870296478271484,179.5160369873047,0.0,0.6687116622924805,0.6687116622924805,0.08152982592582703,0.01287639606744051,0.06363183259963989,0.005915253888815641,0.0,1.0,89.90860748291016,76.39293670654297,0.01287639606744051,0.08152982592582703,0.005915253888815641,0.06363183259963989,2.484307289123535,22.12450408935547,0.8164528012275696,15.947494506835938,0.33128833770751953,-1.0,2.0859761238098145,0.9582711458206177,0.49409979581832886,0.24158930778503418,0.0,0.17732924222946167
hinge,deadlift,/Users/josephkamil/Desktop/Capstone/deadlift/deadlift_27.mp4,deadlift_27.mp4,deadlift:deadlift_27,163.11573791503906,16.842540740966797,121.76978302001953,178.52011108398438,29.308822631835938,157.75653076171875,22.38673973083496,111.08099365234375,179.64990234375,48.26971435546875,174.1094512939453,1.1076070070266724,171.25799560546875,177.5648651123047,-0.557403564453125,0.0,0.0,0.0,0.0,0.0,0.587846577167511,0.12145690619945526,0.4673820734024048,0.766689658164978,-0.26457566022872925,0.5461772680282593,0.06363808363676071,0.4886234700679779,0.6573553085327148,-0.11755040287971497,0.2614578306674957,0.012135307304561138,0.2415151745080948,0.28475913405418396,-0.024945512413978577,0.0,0.0,1.0,0.0,0.0,121.76978302001953,111.08099365234375,177.5648651123047,0.0,0.5757575631141663,0.6242424249649048,0.034360647201538086,0.0055208043195307255,0.021679162979125977,0.0031269395258277655,0.0,1.0,136.59762573242188,121.76978302001953,0.0055208043195307255,0.034360647201538086,0.0031269395258277655,0.021679162979125977,1.530417799949646,13.721710205078125,0.36032626032829285,2.14788818359375,0.42424243688583374,-1.0,0.9054118990898132,0.5128180980682373,0.29930758476257324,0.16873183846473694,0.0,0.12013975530862808
olympic,clean,/Users/josephkamil/Desktop/Capstone/Oly_Data/segmented/clean/clean_from_cj_0001.mp4,clean_from_cj_0001.mp4,olympic:segmented_from_cj,154.3599395751953,32.47160720825195,53.985939025878906,179.3809356689453,56.097206115722656,147.1898193359375,28.62003517150879,57.451351165771484,170.3213348388672,53.55195617675781,73.14837646484375,65.68803405761719,4.041341304779053,178.97523498535156,-140.59432983398438,0.0,0.0,0.0,0.0,0.0,0.4432825744152069,0.10833138972520828,0.3416793942451477,0.7181009650230408,-0.29206013679504395,0.5577942132949829,0.046754322946071625,0.4886692762374878,0.6654065847396851,-0.06621670722961426,0.05532466620206833,0.06171375885605812,0.0057209813967347145,0.1942674070596695,-0.1681768149137497,0.22727273404598236,1.0,0.290909081697464,0.5454545617103577,0.26363635063171387,53.985939025878906,57.451351165771484,178.97523498535156,0.0,0.34545454382896423,0.34545454382896423,0.07156586647033691,0.008057958446443081,0.030047893524169922,0.005520832724869251,0.5,0.0,53.985939025878906,168.43528747558594,0.008057958446443081,0.07156586647033691,0.005520832724869251,0.030047893524169922,3.692746877670288,37.778724670410156,15.28980541229248,168.88340759277344,-0.05454545468091965,0.2545454502105713,0.8783174753189087,0.6017707586288452,0.37642157077789307,0.17673730850219727,0.05509721487760544,0.019922154024243355
olympic,clean,/Users/josephkamil/Desktop/Capstone/Oly_Data/segmented/clean/clean_from_cj_0002.mp4,clean_from_cj_0002.mp4,olympic:segmented_from_cj,112.53033447265625,24.97733497619629,69.403076171875,162.9431915283203,-11.093917846679688,119.66844940185547,32.019126892089844,56.76429748535156,174.2698516845703,19.414520263671875,129.16688537597656,34.19565963745117,49.6767578125,165.9955291748047,5.015106201171875,0.0,0.0,0.0,0.0,0.0,0.5386999845504761,0.04651763662695885,0.4647681713104248,0.6377419233322144,-0.07041442394256592,0.6082708835601807,0.04982900992035866,0.5277193784713745,0.6743443012237549,-0.03288775682449341,0.07378797978162766,0.022823194041848183,0.03708934411406517,0.11131280660629272,0.06579253077507019,0.06896551698446274,1.0,0.0,0.03448275849223137,0.06896551698446274,69.403076171875,56.76429748535156,165.9955291748047,0.0,0.1034482792019844,0.3448275923728943,0.06278425455093384,0.012879801914095879,0.09700262546539307,0.010108141228556633,0.0,0.0,69.403076171875,90.66574096679688,0.012879801914095879,0.06278425455093384,0.010108141228556633,0.09700262546539307,14.565056800842285,77.22412872314453,17.367034912109375,85.55628967285156,-0.1034482792019844,0.03448275849223137,0.360634446144104,0.2830279469490051,0.17297375202178955,0.14662492275238037,0.0,0.019571561366319656
olympic,clean,/Users/josephkamil/Desktop/Capstone/Oly_Data/segmented/clean/clean_from_cj_0003.mp4,clean_from_cj_0003.mp4,olympic:segmented_from_cj,138.17942810058594,44.36412811279297,35.86591339111328,179.2550048828125,98.31806182861328,137.64109802246094,41.62105178833008,50.38338088989258,179.19189453125,87.88127136230469,138.3955841064453,34.602745056152344,48.29704666137695,179.09994506835938,-37.04811096191406,0.0,0.0,0.0,0.0,0.0,0.5504425764083862,0.1386115550994873,0.4101523160934448,0.831336259841919,-0.4057955741882324,0.6575865745544434,0.07457694411277771,0.5746443271636963,0.8213393092155457,-0.16141438484191895,0.08488607406616211,0.060923393815755844,0.013223201967775822,0.2100340723991394,-0.1617247611284256,0.043478261679410934,1.0,0.43478259444236755,0.6086956262588501,0.18478260934352875,35.86591339111328,50.38338088989258,179.09994506835938,0.0,0.32608696818351746,0.043478261679410934,0.29380568861961365,0.013803399167954922,0.15844011306762695,0.008221574127674103,0.0,0.0,35.86591339111328,157.53785705566406,0.013803399167954922,0.29380568861961365,0.008221574127674103,0.15844011306762695,6.95206880569458,112.5072250366211,11.308669090270996,76.11188507080078,0.10869564861059189,0.17391304671764374,1.256109356880188,0.7481632232666016,0.4211839437484741,0.24669498205184937,0.06955979019403458,0.006302999332547188
olympic,clean,/Users/josephkamil/Desktop/Capstone/Oly_Data/segmented/clean/clean_from_cj_0004.mp4,clean_from_cj_0004.mp4,olympic:segmented_from_cj,108.83365631103516,31.86466407775879,42.49748229980469,158.02664184570312,22.0491943359375,111.17098236083984,26.76706886291504,72.28567504882812,166.7977294921875,47.37174987792969,119.35794067382812,54.92405319213867,17.117950439453125,174.8642120361328,-35.91127014160156,0.0,0.0,0.0,0.0,0.0,0.5291174650192261,0.08905132114887238,0.38012826442718506,0.6772211790084839,-0.23549845814704895,0.5704883933067322,0.058270033448934555,0.4297060966491699,0.6665579676628113,-0.04911404848098755,0.09135707467794418,0.049514103680849075,0.02525542862713337,0.16229107975959778,-0.09750257432460785,0.11666666716337204,1.0,0.4833333194255829,0.9333333373069763,0.46666666865348816,42.49748229980469,72.28567504882812,174.8642120361328,0.0,0.6833333373069763,0.6833333373069763,0.1138051450252533,0.021703341975808144,0.05618774890899658,0.010155271738767624,0.0,1.0,99.02394104003906,42.49748229980469,0.021703341975808144,0.1138051450252533,0.010155271738767624,0.05618774890899658,6.836899757385254,22.46135711669922,21.945892333984375,131.51441955566406,-0.20000000298023224,0.44999998807907104,1.2804971933364868,0.5991610288619995,0.29709291458129883,0.23685187101364136,0.016559403389692307,0.04611341282725334
olympic,clean,/Users/josephkamil/Desktop/Capstone/Oly_Data/segmented/clean/clean_from_cj_0005.mp4,clean_from_cj_0005.mp4,olympic:segmented_from_cj,142.91836547851562,41.41737747192383,45.80903625488281,179.3853302001953,107.6207046508789,138.31227111816406,37.68030548095703,48.592559814453125,177.61151123046875,103.1014404296875,99.09248352050781,71.08187866210938,2.1218063831329346,179.15066528320312,-140.07240295410156,0.0,0.0,0.0,0.0,0.0,0.5460602641105652,0.10075842589139938,0.4289543926715851,0.7236431241035461,-0.28420543670654297,0.6318157911300659,0.05512147396802902,0.53721022605896,0.7554931640625,-0.0411953330039978,0.07491695880889893,0.07294222712516785,0.0017654120456427336,0.1894049197435379,-0.17025454342365265,0.28421053290367126,1.0,0.4000000059604645,0.800000011920929,0.410526305437088,45.80903625488281,48.592559814453125,179.15066528320312,0.0,0.49473685026168823,0.49473685026168823,0.028692007064819336,0.007026843726634979,0.07028651237487793,0.005415111780166626,0.625,0.0,45.80903625488281,82.19026184082031,0.007026843726634979,0.028692007064819336,0.005415111780166626,0.07028651237487793,5.026614665985107,29.3302001953125,15.770541191101074,159.19821166992188,-0.09473684430122375,0.4000000059604645,0.6605232954025269,0.5090205073356628,0.29468873143196106,0.21828293800354004,0.04587000235915184,0.016727231442928314
olympic,clean,/Users/josephkamil/Desktop/Capstone/Oly_Data/segmented/clean/clean_from_cj_0006.mp4,clean_from_cj_0006.mp4,olympic:segmented_from_cj,138.66990661621094,49.46956253051758,1.5655231475830078,179.1527862548828,41.57440185546875,138.0689697265625,48.117652893066406,1.7977242469787598,179.3253173828125,56.261962890625,119.48825073242188,59.50471496582031,3.665532112121582,177.69602966308594,-77.0336685180664,0.0,0.0,0.0,0.0,0.0,0.5022299885749817,0.12437429279088974,0.28382664918899536,0.6579434871673584,-0.31734299659729004,0.5646884441375732,0.0893678218126297,0.46650055050849915,0.7745636701583862,0.0558091402053833,0.10374289751052856,0.08471187949180603,0.009773002937436104,0.22078531980514526,-0.1775224506855011,0.3478260934352875,1.0,0.469565212726593,0.991304337978363,0.530434787273407,1.5655231475830078,1.7977242469787598,177.69602966308594,0.0,0.6086956262588501,0.530434787273407,0.03680822253227234,0.008746586740016937,0.07379060983657837,0.007582312915474176,0.5,1.0,9.077474594116211,1.5655231475830078,0.008746586740016937,0.03680822253227234,0.007582312915474176,0.07379060983657837,6.620783805847168,137.66989135742188,16.17925262451172,127.06953430175781,-0.13913042843341827,0.52173912525177,0.997110903263092,0.8643836975097656,0.37411683797836304,0.3080631196498871,0.09679693728685379,0.07229755073785782
olympic,clean,/Users/josephkamil/Desktop/Capstone/Oly_Data/segmented/clean/clean_from_cj_0007.mp4,clean_from_cj_0007.mp4,olympic:segmented_from_cj,156.6077880859375,17.290998458862305,102.43189239501953,176.02191162109375,29.417739868164062,150.02389526367188,15.66641902923584,94.81047058105469,165.85235595703125,32.19007873535156,71.03963470458984,70.7557144165039,5.054091930389404,169.175537109375,-143.8175506591797,0.0,0.0,0.0,0.0,0.0,0.3702352046966553,0.1704169362783432,0.16752545535564423,0.6792389154434204,-0.4975435137748718,0.5248202085494995,0.07335036247968674,0.39145520329475403,0.7198784351348877,-0.05709028244018555,0.1069512590765953,0.11141529679298401,0.006118520628660917,0.27391552925109863,-0.2526049315929413,0.378947377204895,1.0,0.4842105209827423,0.9894737005233765,0.5157894492149353,102.43189239501953,94.81047058105469,169.175537109375,0.0,0.38947367668151855,0.38947367668151855,0.07782527804374695,0.007924627512693405,0.1518852710723877,0.00838238000869751,0.0,1.0,102.43189239501953,141.98118591308594,0.007924627512693405,0.07782527804374695,0.00838238000869751,0.1518852710723877,2.6977572441101074,50.03691864013672,2.64043927192688,118.69880676269531,0.09473684430122375,0.5052631497383118,0.7449149489402771,0.7879437208175659,0.511713445186615,0.32842323184013367,0.05539223179221153,0.013605108484625816
olympic,clean,/Users/josephkamil/Desktop/Capstone/Oly_Data/segmented/clean/clean_from_cj_0008.mp4,clean_from_cj_0008.mp4,olympic:segmented_from_cj,127.81365966796875,46.246246337890625,41.188594818115234,172.81727600097656,83.53850555419922,124.39535522460938,42.267974853515625,49.943756103515625,164.9506072998047,94.24260711669922,88.17068481445312,60.3394889831543,26.04330062866211,172.6454620361328,-111.92988586425781,0.0,0.0,0.0,0.0,0.0,0.4821566939353943,0.18086296319961548,0.18624022603034973,0.7009897232055664,-0.4857603907585144,0.5924124121665955,0.10820095241069794,0.4467446506023407,0.870934247970581,-0.10930299758911133,0.10761230438947678,0.10673972964286804,0.0022186494898051023,0.274856835603714,-0.16688235104084015,0.36800000071525574,1.0,0.47200000286102295,0.9919999837875366,0.527999997138977,41.188594818115234,49.943756103515625,172.6454620361328,0.0,0.5440000295639038,0.5440000295639038,0.12774884700775146,0.009590943343937397,0.07104235887527466,0.009067022241652012,0.625,1.0,42.61551284790039,41.188594818115234,0.009590943343937397,0.12774884700775146,0.009067022241652012,0.07104235887527466,3.915696620941162,28.7369384765625,3.0671918392181396,105.1092300415039,-0.07199999690055847,0.5199999809265137,1.189276933670044,1.1243107318878174,0.5147495269775391,0.42418959736824036,0.15711455047130585,0.07238451391458511
olympic,clean,/Users/josephkamil/Desktop/Capstone/Oly_Data/segmented/clean/clean_from_cj_0009.mp4,clean_from_cj_0009.mp4,olympic:segmented_from_cj,116.20700073242188,54.683258056640625,1.8663357496261597,179.09530639648438,125.70042419433594,114.79444122314453,51.73384094238281,7.946754455566406,169.66954040527344,36.21989440917969,135.79751586914062,46.568790435791016,6.382302761077881,178.20579528808594,-110.4921875,0.0,0.0,0.0,0.0,0.0,0.5548899173736572,0.04939626529812813,0.4721791744232178,0.6517669558525085,-0.0700666606426239,0.5849355459213257,0.039053574204444885,0.5144550204277039,0.641034722328186,0.082805335521698,0.05666312947869301,0.028569070622324944,0.0011139408452436328,0.10325898230075836,-0.04144468158483505,0.2017543911933899,1.0,0.45614033937454224,0.9912280440330505,0.5438596606254578,1.8663357496261597,7.946754455566406,178.20579528808594,0.0,0.5350877046585083,0.5350877046585083,0.04839223623275757,0.008254789747297764,0.04848963022232056,0.004204708617180586,0.0,1.0,1.8663357496261597,6.937337398529053,0.008254789747297764,0.04839223623275757,0.004204708617180586,0.04848963022232056,17.243806838989258,95.96015930175781,26.429706573486328,130.58692932128906,-0.07894736528396606,0.5350877046585083,0.9327912926673889,0.4751320481300354,0.17958778142929077,0.12657970190048218,0.02045437879860401,0.055531300604343414
olympic,clean,/Users/josephkamil/Desktop/Capstone/Oly_Data/segmented/clean/clean_from_cj_0010.mp4,clean_from_cj_0010.mp4,olympic:segmented_from_cj,116.12782287597656,24.292451858520508,39.6346435546875,168.08447265625,-32.645545959472656,99.71163940429688,29.376564025878906,57.525978088378906,167.76715087890625,18.16333770751953,152.3217315673828,31.03554916381836,53.21467971801758,173.53021240234375,-48.88426208496094,0.0,0.0,0.0,0.0,0.0,0.5963510274887085,0.08647264540195465,0.3940179944038391,0.6640205979347229,-0.08404922485351562,0.5491441488265991,0.04098425433039665,0.4367244839668274,0.6347863674163818,0.07019531726837158,0.12304655462503433,0.03536952659487724,0.04013343155384064,0.1554134041070938,-0.08085393905639648,0.054054055362939835,1.0,0.8783783912658691,0.9189189076423645,0.054054055362939835,39.6346435546875,57.525978088378906,173.53021240234375,0.0,0.5810810923576355,0.5540540814399719,0.10431870818138123,0.009921381250023842,0.0469738245010376,0.005063323769718409,0.0,1.0,74.8093032836914,39.6346435546875,0.009921381250023842,0.10431870818138123,0.005063323769718409,0.0469738245010376,7.379545211791992,68.8114242553711,7.481162071228027,109.28546142578125,0.29729729890823364,0.04054053872823715,0.7242608070373535,0.3696226477622986,0.2700026035308838,0.19806188344955444,0.015705397352576256,0.05596999451518059
olympic,clean,/Users/josephkamil/Desktop/Capstone/Oly_Data/segmented/clean/clean_from_cj_0011.mp4,clean_from_cj_0011.mp4,olympic:segmented_from_cj,109.11827087402344,43.152278900146484,34.298797607421875,176.83912658691406,127.15129089355469,104.40188598632812,41.48978042602539,23.668054580688477,162.04222106933594,136.72467041015625,172.94590759277344,6.080049991607666,140.6410369873047,178.66346740722656,-4.7018890380859375,0.0,0.0,0.0,0.0,0.0,0.4448171555995941,0.08053110539913177,0.33285635709762573,0.6253112554550171,-0.2923068404197693,0.5979689955711365,0.056451670825481415,0.4890204071998596,0.6677034497261047,-0.06326991319656372,0.08712813258171082,0.020117800682783127,0.014694460667669773,0.11440549790859222,-0.02896127849817276,0.6349206566810608,1.0,0.3650793731212616,0.9841269850730896,0.6349206566810608,34.298797607421875,23.668054580688477,178.66346740722656,0.0,0.0,0.0,0.02663937211036682,0.006311734672635794,0.034927189350128174,0.0070441411808133125,0.0,0.0,34.298797607421875,59.03994369506836,0.006311734672635794,0.02663937211036682,0.0070441411808133125,0.034927189350128174,6.388667106628418,39.93364715576172,3.585216760635376,23.550506591796875,0.3650793731212616,0.6190476417541504,0.39132755994796753,0.4367367625236511,0.29245489835739136,0.17868304252624512,0.02667769230902195,0.02784178964793682
olympic,clean,/Users/josephkamil/Desktop/Capstone/Oly_Data/segmented/clean/clean_from_cj_0012.mp4,clean_from_cj_0012.mp4,olympic:segmented_from_cj,114.4277114868164,36.12110900878906,44.061771392822266,168.55038452148438,31.923004150390625,108.0819091796875,38.67524337768555,8.221965789794922,171.9962615966797,37.60540008544922,171.83792114257812,12.300819396972656,109.77796936035156,179.2229461669922,-65.89372253417969,0.0,0.0,0.0,0.0,0.0,0.7516546249389648,0.12811091542243958,0.4798715114593506,0.8743598461151123,-0.3829993009567261,0.6989898681640625,0.06378664821386337,0.5504966378211975,0.7672180533409119,-0.14959251880645752,0.17653195559978485,0.043397206813097,0.06115381047129631,0.2146933674812317,-0.1188972070813179,0.10638298094272614,1.0,0.8936170339584351,0.978723406791687,0.10638298094272614,44.061771392822266,8.221965789794922,179.2229461669922,0.0,0.8936170339584351,0.957446813583374,0.10631018877029419,0.014859010465443134,0.09347844123840332,0.010589513927698135,1.0,1.0,70.2917251586914,44.061771392822266,0.014859010465443134,0.10631018877029419,0.010589513927698135,0.09347844123840332,11.534887313842773,86.87167358398438,4.150684833526611,64.78909301757812,0.0,0.08510638028383255,0.6835144758224487,0.4871176481246948,0.3944883346557617,0.21672141551971436,0.06315383315086365,0.06429436057806015
olympic,clean,/Users/josephkamil/Desktop/Capstone/Oly_Data/segmented/clean/clean_from_cj_0013.mp4,clean_from_cj_0013.mp4,olympic:segmented_from_cj,133.50425720214844,34.18560028076172,66.19180297851562,177.044189453125,48.09503173828125,130.06735229492188,34.13543701171875,64.49971008300781,178.55111694335938,76.23272705078125,127.63419342041016,50.70233154296875,27.956510543823242,179.11114501953125,-71.56318664550781,0.0,0.0,0.0,0.0,0.0,0.6205545663833618,0.1751222163438797,0.40962493419647217,0.9032318592071533,-0.44474494457244873,0.679109513759613,0.05895364657044411,0.5957627296447754,0.7772653102874756,-0.11996626853942871,0.1067890152335167,0.07471790164709091,0.01369408704340458,0.2067539095878601,-0.17485669255256653,0.25,1.0,0.5,0.989130437374115,0.5,66.19180297851562,64.49971008300781,179.11114501953125,0.0,0.1195652186870575,0.15217390656471252,0.329571008682251,0.01794068142771721,0.10148721933364868,0.007291447836905718,0.0,1.0,66.19180297851562,108.92314147949219,0.01794068142771721,0.329571008682251,0.007291447836905718,0.10148721933364868,7.741138458251953,74.02823638916016,11.554333686828613,116.29949951171875,0.3804347813129425,0.489130437374115,1.6326019763946533,0.6635217666625977,0.49360692501068115,0.1815025806427002,0.05568458139896393,0.02398344874382019
olympic,clean,/Users/josephkamil/Desktop/Capstone/Oly_Data/segmented/clean/clean_from_cj_0014.mp4,clean_from_cj_0014.mp4,olympic:segmented_from_cj,168.39834594726562,7.28046989440918,145.28785705566406,174.681884765625,7.1796722412109375,161.87416076660156,5.984503269195557,145.78150939941406,167.65989685058594,9.274871826171875,62.687931060791016,41.46116638183594,31.851898193359375,171.9136505126953,-126.16084289550781,0.0,0.0,0.0,0.0,0.0,0.27991771697998047,0.0971267968416214,0.1953411102294922,0.5026966333389282,-0.29141148924827576,0.5170888900756836,0.05752461403608322,0.39170828461647034,0.6759504079818726,0.10627350211143494,0.04853741452097893,0.0736391469836235,0.007843255065381527,0.27394434809684753,-0.24113431572914124,0.8604651093482971,1.0,0.13953489065170288,0.9883720874786377,0.8604651093482971,145.28785705566406,145.78150939941406,171.9136505126953,0.0,0.12790697813034058,0.13953489065170288,0.05196148157119751,0.0066257743164896965,0.07016009092330933,0.0059003583155572414,0.875,0.0,145.28785705566406,171.53372192382812,0.0066257743164896965,0.05196148157119751,0.0059003583155572414,0.07016009092330933,1.056180477142334,10.698471069335938,3.1202831268310547,117.33912658691406,0.011627906933426857,0.8488371968269348,0.5631908178329468,0.5015304684638977,0.30735552310943604,0.2842421233654022,0.07612956315279007,0.0030096000991761684
olympic,clean,/Users/josephkamil/Desktop/Capstone/Oly_Data/segmented/clean/clean_from_cj_0015.mp4,clean_from_cj_0015.mp4,olympic:segmented_from_cj,136.16087341308594,54.96797180175781,2.528589963912964,179.07241821289062,9.188079833984375,142.69554138183594,49.168025970458984,14.700033187866211,179.29702758789062,12.895919799804688,121.79618835449219,54.062686920166016,3.234389066696167,172.69227600097656,-13.20928955078125,0.0,0.0,0.0,0.0,0.0,0.5134322643280029,0.12038375437259674,0.3456971049308777,0.718897819519043,-0.34331148862838745,0.5863539576530457,0.0601661317050457,0.48271945118904114,0.7015563249588013,-0.0975993275642395,0.07588917762041092,0.06061085686087608,0.0019539068453013897,0.16637493669986725,-0.11366552859544754,0.521276593208313,1.0,0.4680851101875305,0.9893617033958435,0.5319148898124695,2.528589963912964,14.700033187866211,172.69227600097656,0.0,0.563829779624939,0.521276593208313,0.044690728187561035,0.010073747485876083,0.04259133338928223,0.006774993147701025,1.0,1.0,8.478386878967285,2.528589963912964,0.010073747485876083,0.044690728187561035,0.006774993147701025,0.04259133338928223,7.375148773193359,128.2442169189453,25.121980667114258,135.2478485107422,-0.09574468433856964,0.521276593208313,0.9368585348129272,0.6300743818283081,0.3732007145881653,0.21883687376976013,0.07518041878938675,0.05117909237742424
olympic,clean,/Users/josephkamil/Desktop/Capstone/Oly_Data/segmented/clean/clean_from_cj_0016.mp4,clean_from_cj_0016.mp4,olympic:segmented_from_cj,144.35589599609375,40.859703063964844,41.01329040527344,177.0625762939453,23.158721923828125,139.8365020751953,36.3280029296875,45.162899017333984,166.72291564941406,28.447097778320312,79.34883117675781,52.16293716430664,33.35712814331055,174.35116577148438,-120.43632507324219,0.0,0.0,0.0,0.0,0.0,0.3937532603740692,0.1363464593887329,0.20362138748168945,0.6439170241355896,-0.4021945595741272,0.5733358860015869,0.12875483930110931,0.3889772891998291,0.8419522047042847,0.022426605224609375,0.07420893013477325,0.101710245013237,0.005724235437810421,0.2768150866031647,-0.2683083117008209,0.7402597665786743,1.0,0.25974026322364807,0.9870129823684692,0.7402597665786743,41.01329040527344,45.162899017333984,174.35116577148438,0.0,0.41558441519737244,0.41558441519737244,0.08725035190582275,0.013656120747327805,0.1117517352104187,0.012169168330729008,1.0,0.0,41.01329040527344,156.91648864746094,0.013656120747327805,0.08725035190582275,0.012169168330729008,0.1117517352104187,4.520383358001709,48.25981903076172,4.399250507354736,83.7751235961914,-0.15584415197372437,0.7272727489471436,1.037865161895752,0.9248567819595337,0.44029563665390015,0.45297491550445557,0.13721786439418793,0.02233889140188694
olympic,clean,/Users/josephkamil/Desktop/Capstone/Oly_Data/segmented/clean/clean_from_cj_0017.mp4,clean_from_cj_0017.mp4,olympic:segmented_from_cj,118.89395141601562,53.57742691040039,3.7530932426452637,179.203369140625,119.26727294921875,91.01914978027344,59.7553596496582,6.618351459503174,170.43350219726562,78.4667739868164,170.03305053710938,11.273669242858887,123.9650650024414,179.0137176513672,10.288406372070312,0.0,0.0,0.0,0.0,0.0,0.5812565088272095,0.14648155868053436,0.3522607684135437,0.7943342924118042,-0.4228254556655884,0.7052385210990906,0.05319363623857498,0.5918952226638794,0.7708802223205566,-0.07866775989532471,0.11423483490943909,0.03875812143087387,0.008444552309811115,0.16147305071353912,-0.025498144328594208,0.4761904776096344,1.0,0.5079365372657776,0.9841269850730896,0.4920634925365448,3.7530932426452637,6.618351459503174,179.0137176513672,0.0,0.2380952388048172,0.2222222238779068,0.13728457689285278,0.012991506606340408,0.036720454692840576,0.008236304856836796,0.0,1.0,3.7530932426452637,53.054344177246094,0.012991506606340408,0.13728457689285278,0.008236304856836796,0.036720454692840576,22.8366641998291,111.18517303466797,4.377607822418213,25.143753051757812,0.2698412835597992,0.4761904776096344,0.8054733872413635,0.5106508731842041,0.4420735239982605,0.17898499965667725,0.05681558698415756,0.06428749114274979
olympic,clean,/Users/josephkamil/Desktop/Capstone/Oly_Data/segmented/clean/clean_from_cj_0018.mp4,clean_from_cj_0018.mp4,olympic:segmented_from_cj,106.54618835449219,34.829345703125,40.84756851196289,162.9101104736328,1.2204437255859375,94.34815216064453,31.035978317260742,57.293861389160156,154.9888916015625,44.967838287353516,123.33209991455078,56.704856872558594,29.180580139160156,176.28338623046875,-130.91281127929688,0.0,0.0,0.0,0.0,0.0,0.5691863894462585,0.0929751917719841,0.37491440773010254,0.6910165548324585,-0.18773141503334045,0.5720750689506531,0.06915083527565002,0.4295126497745514,0.6856483221054077,0.05676466226577759,0.1101628839969635,0.05473257601261139,0.034797992557287216,0.17428910732269287,-0.11574214696884155,0.1147540956735611,1.0,0.6393442749977112,0.868852436542511,0.24590164422988892,40.84756851196289,57.293861389160156,176.28338623046875,0.0,0.8032786846160889,0.8524590134620667,0.11945682764053345,0.01374337449669838,0.0639391541481018,0.008416697382926941,0.375,1.0,98.82112884521484,40.84756851196289,0.01374337449669838,0.11945682764053345,0.008416697382926941,0.0639391541481018,6.0711445808410645,20.73876953125,7.411009311676025,133.44381713867188,-0.16393442451953888,0.2295081913471222,0.824602484703064,0.5050018429756165,0.31610214710235596,0.2561356723308563,0.04854578524827957,0.04251633957028389
olympic,clean,/Users/josephkamil/Desktop/Capstone/Oly_Data/segmented/clean/clean_from_cj_0019.mp4,clean_from_cj_0019.mp4,olympic:segmented_from_cj,159.0122833251953,30.60910987854004,64.92626190185547,179.40292358398438,59.601417541503906,152.80227661132812,27.094106674194336,60.6324348449707,173.89260864257812,54.353538513183594,56.52861785888672,67.22096252441406,2.062589168548584,179.05511474609375,-164.44932556152344,0.0,0.0,0.0,0.0,0.0,0.49714162945747375,0.10706678777933121,0.39537250995635986,0.7673952579498291,-0.34363505244255066,0.6108747720718384,0.054320454597473145,0.5551691055297852,0.7444694638252258,-0.11472803354263306,0.05418771132826805,0.05886802449822426,0.008094284683465958,0.19842368364334106,-0.15552474558353424,0.23199999332427979,1.0,0.23999999463558197,0.47999998927116394,0.24799999594688416,64.92626190185547,60.6324348449707,179.05511474609375,0.0,0.328000009059906,0.328000009059906,0.05357193946838379,0.006343112792819738,0.03276348114013672,0.003981831017881632,1.0,0.0,64.92626190185547,175.645751953125,0.006343112792819738,0.05357193946838379,0.003981831017881632,0.03276348114013672,3.4120047092437744,36.65168762207031,13.666709899902344,150.9007110595703,-0.08799999952316284,0.23999999463558197,0.786545991897583,0.4937470555305481,0.37202274799346924,0.18930035829544067,0.05179884657263756,0.010458157397806644
olympic,clean,/Users/josephkamil/Desktop/Capstone/Oly_Data/segmented/clean/clean_from_cj_0020.mp4,clean_from_cj_0020.mp4,olympic:segmented_from_cj,111.17679595947266,34.03264236450195,40.60641098022461,161.49822998046875,-14.611152648925781,100.00648498535156,29.996450424194336,53.58017349243164,156.94796752929688,20.105270385742188,123.8378677368164,54.14828872680664,39.17012405395508,177.23126220703125,-127.86628723144531,0.0,0.0,0.0,0.0,0.0,0.5477796792984009,0.08065951615571976,0.3960990905761719,0.6774207353591919,-0.180627703666687,0.569145679473877,0.06809419393539429,0.43447864055633545,0.6838696002960205,0.022749781608581543,0.10198579728603363,0.05027119442820549,0.03445710986852646,0.1779785007238388,-0.05234644562005997,0.2222222238779068,1.0,0.7301587462425232,0.9841269850730896,0.2698412835597992,40.60641098022461,53.58017349243164,177.23126220703125,0.0,0.7936508059501648,0.7936508059501648,0.07238352298736572,0.011908942833542824,0.0700693130493164,0.00874056201428175,0.875,1.0,109.2446517944336,40.60641098022461,0.011908942833542824,0.07238352298736572,0.00874056201428175,0.0700693130493164,7.364111423492432,26.075164794921875,6.941577911376953,82.61758422851562,-0.0634920671582222,0.2539682686328888,0.7383544445037842,0.5419148206710815,0.28132164478302,0.24939095973968506,0.03412231430411339,0.030899878591299057
olympic,clean,/Users/josephkamil/Desktop/Capstone/Oly_Data/segmented/clean/clean_from_cj_0021.mp4,clean_from_cj_0021.mp4,olympic:segmented_from_cj,127.65105438232422,56.454742431640625,1.8968772888183594,179.06182861328125,3.563201904296875,132.2516326904297,50.55870819091797,15.926701545715332,179.1177215576172,31.446319580078125,125.04391479492188,49.696285247802734,4.678030967712402,177.20526123046875,-23.37872314453125,0.0,0.0,0.0,0.0,0.0,0.5320388078689575,0.10196644067764282,0.3631724715232849,0.7031924724578857,-0.33048075437545776,0.6065759062767029,0.058769237250089645,0.5042083263397217,0.7187727689743042,-0.04918915033340454,0.08114136010408401,0.05801450461149216,0.017369410023093224,0.17041991651058197,-0.15165364742279053,0.5057471394538879,1.0,0.49425286054611206,0.9885057210922241,0.5057471394538879,1.8968772888183594,15.926701545715332,177.20526123046875,0.0,0.540229856967926,0.5287356376647949,0.05239376425743103,0.009259505197405815,0.042333006858825684,0.006763098761439323,1.0,1.0,1.9201551675796509,1.8968772888183594,0.009259505197405815,0.05239376425743103,0.006763098761439323,0.042333006858825684,7.461264610290527,134.28981018066406,25.291004180908203,146.52801513671875,-0.04597701132297516,0.49425286054611206,0.796317458152771,0.5816264748573303,0.34002000093460083,0.21456444263458252,0.06932182610034943,0.06000771373510361
olympic,clean,/Users/josephkamil/Desktop/Capstone/Oly_Data/segmented/clean/clean_from_cj_0022.mp4,clean_from_cj_0022.mp4,olympic:segmented_from_cj,151.83265686035156,21.33863639831543,59.99348449707031,178.9444580078125,22.996185302734375,120.33979797363281,46.60197448730469,15.22333812713623,166.6255645751953,24.799354553222656,164.87120056152344,19.205533981323242,87.81449127197266,178.8642120361328,1.6834869384765625,0.0,0.0,0.0,0.0,0.0,0.5131518840789795,0.12171879410743713,0.31690266728401184,0.6459604501724243,-0.30531296133995056,0.5887930989265442,0.047405656427145004,0.4890608787536621,0.6614440083503723,0.03080451488494873,0.11951574683189392,0.03732835128903389,0.015814047306776047,0.16267994046211243,-0.0257757306098938,0.30645161867141724,1.0,0.6612903475761414,0.9838709831237793,0.33870968222618103,59.99348449707031,15.22333812713623,178.8642120361328,0.0,0.8870967626571655,0.774193525314331,0.2031232714653015,0.015747200697660446,0.035815536975860596,0.007163862697780132,1.0,1.0,135.22865295410156,59.99348449707031,0.015747200697660446,0.2031232714653015,0.007163862697780132,0.035815536975860596,8.024587631225586,81.0622787475586,8.066841125488281,88.01496124267578,-0.22580644488334656,0.32258063554763794,0.9605792760848999,0.43699562549591064,0.3290577828884125,0.1723831295967102,0.051314614713191986,0.07789750397205353
olympic,clean,/Users/josephkamil/Desktop/Capstone/Oly_Data/segmented/clean/clean_from_cj_0023.mp4,clean_from_cj_0023.mp4,olympic:segmented_from_cj,135.88677978515625,42.29359436035156,38.45732879638672,173.9440460205078,66.43021392822266,131.7997589111328,37.75938415527344,46.0728759765625,165.55520629882812,83.23077392578125,78.6173324584961,60.476566314697266,14.811373710632324,171.86325073242188,-91.43531799316406,0.0,0.0,0.0,0.0,0.0,0.44206926226615906,0.17304590344429016,0.1821337640285492,0.6969633102416992,-0.4884369671344757,0.5796303749084473,0.11314130574464798,0.41844168305397034,0.8520136475563049,-0.12807098031044006,0.09211882948875427,0.10182654112577438,0.0012471659574657679,0.2638351321220398,-0.14902529120445251,0.4035087823867798,1.0,0.4035087823867798,0.9912280440330505,0.5964912176132202,38.45732879638672,46.0728759765625,171.86325073242188,0.0,0.4649122953414917,0.4736842215061188,0.049642086029052734,0.010018651373684406,0.0662543773651123,0.009746337309479713,0.25,0.0,38.45732879638672,143.2724609375,0.010018651373684406,0.049642086029052734,0.009746337309479713,0.0662543773651123,4.041813373565674,41.73590850830078,3.2996139526367188,106.2163314819336,-0.061403509229421616,0.5877193212509155,1.1321076154708862,1.101336121559143,0.5148295164108276,0.4335719645023346,0.1464003324508667,0.05014508217573166
olympic,clean,/Users/josephkamil/Desktop/Capstone/Oly_Data/segmented/clean/clean_from_cj_0024.mp4,clean_from_cj_0024.mp4,olympic:segmented_from_cj,102.80168914794922,33.559539794921875,40.79094696044922,167.52163696289062,21.461387634277344,97.15069580078125,36.36665344238281,31.798500061035156,169.15643310546875,24.095443725585938,115.62422180175781,63.552589416503906,16.882509231567383,176.0404815673828,-103.86032104492188,0.0,0.0,0.0,0.0,0.0,0.5527487993240356,0.09770257771015167,0.3839438259601593,0.6970203518867493,-0.2773294448852539,0.5854540467262268,0.06703611463308334,0.4492865204811096,0.6930744051933289,0.002069234848022461,0.10143807530403137,0.05688448250293732,0.01833709143102169,0.1656673699617386,-0.11920975893735886,0.265625,1.0,0.578125,0.984375,0.421875,40.79094696044922,31.798500061035156,176.0404815673828,0.0,0.765625,0.796875,0.1335991621017456,0.018159041181206703,0.058981895446777344,0.01008591242134571,0.625,1.0,80.1185302734375,40.79094696044922,0.018159041181206703,0.1335991621017456,0.01008591242134571,0.058981895446777344,9.655390739440918,42.461273193359375,11.093974113464355,141.89328002929688,-0.1875,0.40625,1.144019603729248,0.6354124546051025,0.31307652592658997,0.24378788471221924,0.043291252106428146,0.054261043667793274
olympic,clean,/Users/josephkamil/Desktop/Capstone/Oly_Data/segmented/clean/clean_from_cj_0025.mp4,clean_from_cj_0025.mp4,olympic:segmented_from_cj,112.38978576660156,34.1108283996582,49.190185546875,159.97486877441406,-0.0763397216796875,124.31404876708984,31.739459991455078,63.58852005004883,163.82229614257812,14.015762329101562,110.14535522460938,58.46284103393555,32.053131103515625,179.01727294921875,-134.8603057861328,0.0,0.0,0.0,0.0,0.0,0.5028125643730164,0.05848052352666855,0.33617669343948364,0.6166814565658569,-0.2678852677345276,0.586258053779602,0.058674778789281845,0.46436089277267456,0.6801698207855225,-0.06143200397491455,0.0809013620018959,0.046191100031137466,0.029738014563918114,0.17732566595077515,-0.11948833614587784,0.3499999940395355,1.0,0.3166666626930237,0.9666666388511658,0.6666666865348816,49.190185546875,63.58852005004883,179.01727294921875,0.0,0.5666666626930237,0.5833333134651184,0.13929614424705505,0.017820993438363075,0.05961716175079346,0.009029879234731197,1.0,0.0,55.48676300048828,49.190185546875,0.017820993438363075,0.13929614424705505,0.009029879234731197,0.05961716175079346,5.119504451751709,18.134979248046875,14.213682174682617,132.4999237060547,-0.25,0.6499999761581421,1.051438570022583,0.532762885093689,0.2805047631263733,0.2158089280128479,0.06302165240049362,0.047904111444950104
olympic,clean,/Users/josephkamil/Desktop/Capstone/Oly_Data/segmented/clean/clean_from_cj_0026.mp4,clean_from_cj_0026.mp4,olympic:segmented_from_cj,128.82652282714844,46.18949508666992,44.66461181640625,178.89219665527344,22.65582275390625,89.20050048828125,29.435707092285156,32.40781784057617,127.81160736083984,23.13052749633789,175.63104248046875,2.038227081298828,169.99671936035156,179.04281616210938,4.4013519287109375,0.0,0.0,0.0,0.0,0.0,0.8397791981697083,0.030734920874238014,0.7570590972900391,0.8781615495681763,-0.007577180862426758,0.7340744733810425,0.03994772955775261,0.6924800872802734,0.805397629737854,-0.00895226001739502,0.15175925195217133,0.023238927125930786,0.08425063639879227,0.1786256730556488,-0.0033140182495117188,0.0,0.0,1.0,0.0,0.0,44.66461181640625,32.40781784057617,179.04281616210938,0.0,0.0,0.01587301678955555,0.04645925760269165,0.009897053241729736,0.022023558616638184,0.004020442720502615,0.0,1.0,44.66461181640625,63.712371826171875,0.009897053241729736,0.04645925760269165,0.004020442720502615,0.022023558616638184,7.895968437194824,48.012481689453125,1.1073659658432007,4.277008056640625,1.0,-1.0,0.6136173009872437,0.24926745891571045,0.12110245227813721,0.11291754245758057,0.0,0.03462640568614006
olympic,clean,/Users/josephkamil/Desktop/Capstone/Oly_Data/segmented/clean/clean_from_cj_0027.mp4,clean_from_cj_0027.mp4,olympic:segmented_from_cj,151.0694122314453,38.1881103515625,44.36529541015625,179.49302673339844,82.36346435546875,141.97276306152344,33.79988098144531,45.4997444152832,167.07032775878906,76.97661590576172,70.4517593383789,58.802574157714844,21.33222770690918,176.4482879638672,-128.96961975097656,0.0,0.0,0.0,0.0,0.0,0.36049360036849976,0.17789281904697418,0.1458808183670044,0.6799368858337402,-0.49798691272735596,0.5545649528503418,0.1134771779179573,0.4057483375072479,0.821290135383606,-0.08072555065155029,0.08342435210943222,0.10476752370595932,0.0010200206888839602,0.27707210183143616,-0.229229137301445,0.6774193644523621,1.0,0.27419355511665344,0.9919354915618896,0.725806474685669,44.36529541015625,45.4997444152832,176.4482879638672,0.0,0.3790322542190552,0.3790322542190552,0.09182196855545044,0.008417857810854912,0.12250447273254395,0.008160119876265526,1.0,0.0,44.36529541015625,162.62631225585938,0.008417857810854912,0.09182196855545044,0.008160119876265526,0.12250447273254395,3.400665044784546,31.310218811035156,3.1976706981658936,100.75057220458984,-0.10483870655298233,0.7177419066429138,1.0353964567184448,1.003694772720337,0.5340560674667358,0.41554179787635803,0.14656494557857513,0.009444354102015495
olympic,clean,/Users/josephkamil/Desktop/Capstone/Oly_Data/segmented/clean/clean_from_cj_0028.mp4,clean_from_cj_0028.mp4,olympic:segmented_from_cj,127.93872833251953,38.280399322509766,23.186222076416016,178.75860595703125,23.541549682617188,117.22064971923828,37.6192741394043,18.572423934936523,168.17955017089844,24.556640625,161.9786834716797,17.976404190063477,78.6404037475586,178.24441528320312,8.249649047851562,0.0,0.0,0.0,0.0,0.0,0.4698430299758911,0.09048367291688919,0.324324369430542,0.5840819478034973,-0.25870227813720703,0.5195555090904236,0.031429536640644073,0.45616641640663147,0.5534629821777344,-0.0276949405670166,0.07515859603881836,0.024875087663531303,0.01005445048213005,0.10220640897750854,-0.023262307047843933,0.30158731341362,1.0,0.6190476417541504,0.9841269850730896,0.380952388048172,23.186222076416016,18.572423934936523,178.24441528320312,0.0,0.761904776096344,0.7460317611694336,0.10158580541610718,0.014086342416703701,0.04086059331893921,0.004350718110799789,0.375,1.0,110.82432556152344,23.186222076416016,0.014086342416703701,0.10158580541610718,0.004350718110799789,0.04086059331893921,12.691905975341797,141.5707244873047,10.425564765930176,82.85909271240234,-0.1428571492433548,0.3650793731212616,0.8733532428741455,0.26974451541900635,0.2597575783729553,0.0972965657711029,0.02400168776512146,0.0628896951675415
olympic,clean,/Users/josephkamil/Desktop/Capstone/Oly_Data/segmented/clean/clean_from_cj_0029.mp4,clean_from_cj_0029.mp4,olympic:segmented_from_cj,151.23861694335938,33.23694610595703,6.010437488555908,175.5938262939453,-6.8445281982421875,155.24685668945312,34.03356170654297,9.521677017211914,179.0388641357422,59.300148010253906,161.5218505859375,18.329906463623047,105.51270294189453,179.28677368164062,31.53961181640625,0.0,0.0,0.0,0.0,0.0,0.677750825881958,0.05585728585720062,0.49363234639167786,0.8083014488220215,-0.31466910243034363,0.6015058159828186,0.04025180637836456,0.5312416553497314,0.6598459482192993,-0.08955264091491699,0.17493703961372375,0.017692552879452705,0.11351863294839859,0.19277377426624298,0.06216486543416977,0.0,0.0,1.0,0.0,0.0,6.010437488555908,9.521677017211914,179.28677368164062,0.0,0.7407407164573669,0.7407407164573669,0.15288317203521729,0.014329420402646065,0.03500783443450928,0.006663025356829166,0.0,1.0,144.25851440429688,6.010437488555908,0.014329420402646065,0.15288317203521729,0.006663025356829166,0.03500783443450928,14.931741714477539,138.7597198486328,4.972377777099609,46.046058654785156,0.25925925374031067,-1.0,0.7594592571258545,0.35314035415649414,0.31466910243034363,0.12860429286956787,0.0,0.07419899851083755
olympic,split_jerk,/Users/josephkamil/Desktop/Capstone/Oly_Data/segmented/split_jerk/split_jerk_from_cj_0001.mp4,split_jerk_from_cj_0001.mp4,olympic:segmented_from_cj,172.47067260742188,5.967613697052002,156.4193878173828,179.32855224609375,1.712738037109375,167.0413818359375,5.213486671447754,156.18267822265625,178.69688415527344,8.258132934570312,99.77896118164062,66.73136901855469,21.26096534729004,178.78334045410156,140.1912078857422,0.0,0.0,0.0,0.0,0.0,0.3850887417793274,0.08109156787395477,0.2139083743095398,0.47991758584976196,-0.19335941970348358,0.6039572954177856,0.03775019943714142,0.5363538265228271,0.6869617700576782,-0.04467737674713135,0.07465999573469162,0.05643093213438988,0.0027375707868486643,0.14858673512935638,0.12941336631774902,0.47200000286102295,1.0,0.527999997138977,0.9919999837875366,0.47200000286102295,156.4193878173828,156.18267822265625,178.78334045410156,0.0,0.6320000290870667,0.4880000054836273,0.027832001447677612,0.003458881052210927,0.025086522102355957,0.003013348439708352,1.0,1.0,156.63180541992188,156.4193878173828,0.003458881052210927,0.027832001447677612,0.003013348439708352,0.025086522102355957,1.1688965559005737,9.621780395507812,2.998196840286255,31.36806869506836,-0.10400000214576721,0.46399998664855957,0.4289012551307678,0.37365520000457764,0.26600921154022217,0.15060794353485107,0.059983108192682266,0.04928816854953766
olympic,split_jerk,/Users/josephkamil/Desktop/Capstone/Oly_Data/segmented/split_jerk/split_jerk_from_cj_0002.mp4,split_jerk_from_cj_0002.mp4,olympic:segmented_from_cj,164.9875946044922,17.721424102783203,95.58070373535156,179.40443420410156,38.14155578613281,158.11790466308594,27.09943389892578,16.53276252746582,177.89987182617188,137.65951538085938,156.19741821289062,25.606996536254883,65.09613037109375,178.6552276611328,6.3364105224609375,0.0,0.0,0.0,0.0,0.0,0.3308534324169159,0.08809233456850052,0.25712257623672485,0.5843454003334045,-0.3150125741958618,0.6264449954032898,0.0435921885073185,0.42935657501220703,0.6890754699707031,0.1654765009880066,0.13162051141262054,0.04309230297803879,0.030388373881578445,0.17472507059574127,-0.027867674827575684,0.8152173757553101,1.0,0.06521739065647125,0.989130437374115,0.9347826242446899,95.58070373535156,16.53276252746582,178.6552276611328,0.0,0.021739130839705467,0.021739130839705467,0.1526145339012146,0.00896675605326891,0.17303526401519775,0.006352898199111223,0.5,0.0,95.58070373535156,157.04568481445312,0.00896675605326891,0.1526145339012146,0.006352898199111223,0.17303526401519775,8.740248680114746,77.14895629882812,6.942421913146973,74.61161041259766,0.043478261679410934,0.9239130616188049,0.8159748315811157,0.5781137347221375,0.3272228240966797,0.2597188949584961,0.04846571758389473,0.005394353065639734
olympic,split_jerk,/Users/josephkamil/Desktop/Capstone/Oly_Data/segmented/split_jerk/split_jerk_from_cj_0004.mp4,split_jerk_from_cj_0004.mp4,olympic:segmented_from_cj,176.01380920410156,3.25022029876709,165.02720642089844,179.39414978027344,2.0606536865234375,164.6395721435547,2.8635306358337402,149.6121368408203,167.19644165039062,-17.004714965820312,33.46335983276367,14.876121520996094,7.498122215270996,139.6359405517578,110.2482681274414,0.0,0.0,0.0,0.0,0.0,0.41952425241470337,0.018864110112190247,0.3283205032348633,0.4554555416107178,-0.0967867374420166,0.5879498720169067,0.009497863240540028,0.576665997505188,0.6383404731750488,0.050017714500427246,0.010074082762002945,0.017871566116809845,0.002358248457312584,0.13136357069015503,0.12099941074848175,0.06956521421670914,1.0,0.886956512928009,0.991304337978363,0.11304347962141037,165.02720642089844,149.6121368408203,139.6359405517578,0.0,0.886956512928009,0.9826086759567261,0.04083985090255737,0.0020139943808317184,0.022792339324951172,0.0013735200045630336,0.375,1.0,175.42706298828125,165.02720642089844,0.0020139943808317184,0.04083985090255737,0.0013735200045630336,0.022792339324951172,0.4597557485103607,6.436431884765625,1.7999809980392456,40.1514892578125,0.0,0.104347825050354,0.2295953631401062,0.15658128261566162,0.1271350383758545,0.06167447566986084,0.05553877353668213,0.031240364536643028
olympic,split_jerk,/Users/josephkamil/Desktop/Capstone/Oly_Data/segmented/split_jerk/split_jerk_from_cj_0005.mp4,split_jerk_from_cj_0005.mp4,olympic:segmented_from_cj,169.79444885253906,9.901976585388184,143.2745361328125,179.4274139404297,-3.4698638916015625,168.72032165527344,7.2590532302856445,145.84107971191406,179.5692596435547,2.5958251953125,127.5270767211914,46.59465789794922,27.712099075317383,179.20034790039062,78.44151306152344,0.0,0.0,0.0,0.0,0.0,0.2556527554988861,0.07797307521104813,0.10252845287322998,0.37355414032936096,-0.12892529368400574,0.5406832098960876,0.03191006928682327,0.47893232107162476,0.6039861440658569,0.06415694952011108,0.08623574674129486,0.0809556171298027,0.011186602525413036,0.19439363479614258,0.16552422940731049,1.0,1.0,0.0,0.9919999837875366,1.0,143.2745361328125,145.84107971191406,179.20034790039062,0.0,0.6159999966621399,0.6880000233650208,0.03981146961450577,0.005296948365867138,0.04952186346054077,0.0048013669438660145,1.0,0.0,158.46368408203125,143.2745361328125,0.005296948365867138,0.03981146961450577,0.0048013669438660145,0.04952186346054077,1.7806048393249512,8.992507934570312,5.513227939605713,49.85736083984375,-0.6159999966621399,0.9919999837875366,0.656821608543396,0.5953695178031921,0.271025687456131,0.12505382299423218,0.07797307521104813,0.03601247817277908
olympic,split_jerk,/Users/josephkamil/Desktop/Capstone/Oly_Data/segmented/split_jerk/split_jerk_from_cj_0006.mp4,split_jerk_from_cj_0006.mp4,olympic:segmented_from_cj,157.109619140625,25.42073631286621,85.24394226074219,179.14193725585938,-34.54877471923828,152.3490447998047,27.265554428100586,69.45362091064453,173.44528198242188,-43.777610778808594,148.50926208496094,51.18172073364258,13.927380561828613,176.87313842773438,150.26231384277344,0.0,0.0,0.0,0.0,0.0,0.2581237852573395,0.24455158412456512,0.10788162797689438,0.9007902145385742,0.5806573629379272,0.6263132691383362,0.08251182734966278,0.4680972695350647,0.8304091691970825,0.19897007942199707,0.18199056386947632,0.06538677960634232,0.012385956943035126,0.23831480741500854,0.20498284697532654,0.8479999899864197,1.0,0.0,0.8399999737739563,0.8479999899864197,85.24394226074219,69.45362091064453,176.87313842773438,0.0,0.9599999785423279,0.8560000061988831,0.17907172441482544,0.011200988665223122,0.15524274110794067,0.0063844891265034676,0.0,0.0,150.1036376953125,85.24394226074219,0.011200988665223122,0.17907172441482544,0.0063844891265034676,0.15524274110794067,4.706155300140381,43.811073303222656,4.6419677734375,142.08348083496094,-0.9599999785423279,0.8399999737739563,1.3889225721359253,0.7916766405105591,0.7929086089134216,0.3623118996620178,0.07557663321495056,0.32501420378685
olympic,split_jerk,/Users/josephkamil/Desktop/Capstone/Oly_Data/segmented/split_jerk/split_jerk_from_cj_0007.mp4,split_jerk_from_cj_0007.mp4,olympic:segmented_from_cj,171.41781616210938,6.255633354187012,150.7002410888672,179.1483154296875,2.0506591796875,163.21458435058594,4.28120231628418,151.47193908691406,172.43914794921875,5.8191680908203125,65.5208740234375,57.75619888305664,21.837812423706055,153.56036376953125,127.78453826904297,0.0,0.0,0.0,0.0,0.0,0.20136962831020355,0.057266224175691605,0.10057003796100616,0.33736497163772583,-0.12080959975719452,0.5406007170677185,0.03839297965168953,0.505358874797821,0.6190763711929321,0.058600544929504395,0.08064129948616028,0.08957821875810623,0.0005252394475974143,0.22407813370227814,0.18633997440338135,0.984000027179718,1.0,0.0,0.9919999837875366,1.0,150.7002410888672,151.47193908691406,153.56036376953125,0.0,0.5759999752044678,0.5440000295639038,0.03215476870536804,0.0034133612643927336,0.037779808044433594,0.002644649473950267,0.75,0.0,156.54603576660156,150.7002410888672,0.0034133612643927336,0.03215476870536804,0.002644649473950267,0.037779808044433594,0.8370277881622314,8.865707397460938,1.3886898756027222,31.158004760742188,-0.5759999752044678,0.9919999837875366,0.4232567846775055,0.3279365301132202,0.23679493367671967,0.11371749639511108,0.05673186480998993,0.022691428661346436
olympic,split_jerk,/Users/josephkamil/Desktop/Capstone/Oly_Data/segmented/split_jerk/split_jerk_from_cj_0008.mp4,split_jerk_from_cj_0008.mp4,olympic:segmented_from_cj,129.4164276123047,52.703346252441406,6.00758171081543,178.8915252685547,-19.630859375,164.73777770996094,14.152425765991211,111.53462219238281,178.6704559326172,4.3924713134765625,142.9610137939453,45.22877502441406,3.0933685302734375,178.58140563964844,17.114059448242188,0.0,0.0,0.0,0.0,0.0,0.4101935625076294,0.07366559654474258,0.3129402995109558,0.5840009450912476,-0.21032506227493286,0.5464248061180115,0.05484546720981598,0.40174400806427,0.630037248134613,0.06711232662200928,0.07182644307613373,0.03087846003472805,0.007830574177205563,0.11060701310634613,0.03725505992770195,0.9756097793579102,1.0,0.0,0.9878048896789551,1.0,6.00758171081543,111.53462219238281,178.58140563964844,0.0,0.04878048598766327,0.31707316637039185,0.16200703382492065,0.013689741492271423,0.0750170648097992,0.007910224609076977,1.0,0.0,6.00758171081543,14.293177604675293,0.013689741492271423,0.16200703382492065,0.007910224609076977,0.0750170648097992,24.06941795349121,141.1251220703125,21.10738754272461,155.12469482421875,-0.04878048598766327,0.9878048896789551,1.1088690757751465,0.6407281756401062,0.27106064558029175,0.22829324007034302,0.07455641776323318,0.03189634531736374
olympic,split_jerk,/Users/josephkamil/Desktop/Capstone/Oly_Data/segmented/split_jerk/split_jerk_from_cj_0009.mp4,split_jerk_from_cj_0009.mp4,olympic:segmented_from_cj,151.2076416015625,26.017168045043945,95.35346984863281,179.3258514404297,-2.809173583984375,162.68374633789062,17.81415557861328,117.55537414550781,179.4366912841797,2.069427490234375,120.20972442626953,58.90531539916992,13.05872631072998,178.3175811767578,-20.96075439453125,0.0,0.0,0.0,0.0,0.0,0.33377981185913086,0.12934982776641846,0.16863766312599182,0.5656946897506714,-0.08219796419143677,0.5130999684333801,0.03976905718445778,0.4545120596885681,0.6178468465805054,-0.1260395646095276,0.08512561023235321,0.04265214502811432,0.024241266772150993,0.1464826613664627,0.09359534084796906,0.6323529481887817,1.0,0.0882352963089943,0.9558823704719543,0.8823529481887817,95.35346984863281,117.55537414550781,178.3175811767578,0.0,0.05882352963089943,0.05882352963089943,0.18286293745040894,0.024341635406017303,0.07511401176452637,0.006096839904785156,0.125,0.0,95.35346984863281,140.2340850830078,0.024341635406017303,0.18286293745040894,0.006096839904785156,0.07511401176452637,5.2500691413879395,49.10321044921875,26.976055145263672,157.41551208496094,0.029411764815449715,0.8676470518112183,1.6308895349502563,0.40848827362060547,0.39705702662467957,0.16333478689193726,0.07295621186494827,0.08489146083593369
olympic,split_jerk,/Users/josephkamil/Desktop/Capstone/Oly_Data/segmented/split_jerk/split_jerk_from_cj_0010.mp4,split_jerk_from_cj_0010.mp4,olympic:segmented_from_cj,164.9291229248047,15.142739295959473,109.74443054199219,179.43055725097656,12.247665405273438,126.34052276611328,68.34935760498047,0.45975548028945923,179.38417053222656,165.3865509033203,158.8899383544922,40.8440055847168,47.39817810058594,179.06283569335938,0.0713043212890625,0.0,0.0,0.0,0.0,0.0,0.4476613700389862,0.24577346444129944,0.24256128072738647,0.9060692191123962,-0.5354229211807251,0.6156449317932129,0.07077626138925552,0.49378079175949097,0.7342026233673096,0.10971927642822266,0.15424931049346924,0.06262373179197311,0.007188037969172001,0.24571801722049713,0.053244031965732574,0.739130437374115,1.0,0.06086956337094307,0.991304337978363,0.939130425453186,109.74443054199219,0.45975548028945923,179.06283569335938,0.0,0.530434787273407,0.21739129722118378,0.4317251741886139,0.014245864003896713,0.13327306509017944,0.005431331228464842,1.0,0.0,109.74443054199219,146.57249450683594,0.014245864003896713,0.4317251741886139,0.005431331228464842,0.13327306509017944,5.133624076843262,50.76661682128906,5.882336616516113,127.90814208984375,-0.469565212726593,0.9304347634315491,1.6240284442901611,0.6191717386245728,0.6635079383850098,0.2404218316078186,0.0830886960029602,0.004108233377337456
olympic,split_jerk,/Users/josephkamil/Desktop/Capstone/Oly_Data/segmented/split_jerk/split_jerk_from_cj_0011.mp4,split_jerk_from_cj_0011.mp4,olympic:segmented_from_cj,159.8288116455078,24.30256462097168,104.41741180419922,179.4364471435547,-0.6416473388671875,153.0744171142578,27.57493019104004,21.46939468383789,177.85763549804688,152.04681396484375,116.11304473876953,61.22556686401367,36.34386444091797,179.0670166015625,4.718231201171875,0.0,0.0,0.0,0.0,0.0,0.34639328718185425,0.09525982290506363,0.2031896412372589,0.6138480305671692,-0.4106583893299103,0.6416825652122498,0.047614626586437225,0.49386224150657654,0.7403904795646667,0.09794920682907104,0.10551045835018158,0.07715816050767899,0.013301386497914791,0.1858615279197693,0.13735200464725494,0.8500000238418579,1.0,0.008333333767950535,0.9916666746139526,0.9916666746139526,104.41741180419922,21.46939468383789,179.0670166015625,0.0,0.49166667461395264,0.0,0.22055402398109436,0.006194365676492453,0.12124887108802795,0.004860519431531429,1.0,0.0,104.41741180419922,110.57498931884766,0.006194365676492453,0.22055402398109436,0.004860519431531429,0.12124887108802795,4.653598308563232,48.01899719238281,6.64316987991333,136.16806030273438,-0.4833333194255829,0.9833333492279053,0.7371295094490051,0.5784018039703369,0.4106583893299103,0.2465282380580902,0.0858469158411026,0.02778744138777256
olympic,split_jerk,/Users/josephkamil/Desktop/Capstone/Oly_Data/segmented/split_jerk/split_jerk_from_cj_0012.mp4,split_jerk_from_cj_0012.mp4,olympic:segmented_from_cj,170.46197509765625,9.149605751037598,150.966552734375,178.93426513671875,1.669891357421875,165.19186401367188,7.106164455413818,148.18663024902344,174.2130584716797,4.31451416015625,128.03250122070312,61.2118034362793,42.74980926513672,179.24342346191406,134.3194580078125,0.0,0.0,0.0,0.0,0.0,0.16983282566070557,0.06203457713127136,0.10098033398389816,0.343402624130249,-0.08996966481208801,0.5506269335746765,0.03681974858045578,0.4746270179748535,0.6079248189926147,0.07263928651809692,0.1355324536561966,0.08553009480237961,0.010361457243561745,0.22692404687404633,0.18087752163410187,1.0,1.0,0.0,0.9919999837875366,1.0,150.966552734375,148.18663024902344,179.24342346191406,0.0,0.2879999876022339,0.3919999897480011,0.16134929656982422,0.004364890046417713,0.09386056661605835,0.003597939619794488,1.0,0.0,150.966552734375,171.56893920898438,0.004364890046417713,0.16134929656982422,0.003597939619794488,0.09386056661605835,0.8945388793945312,15.682510375976562,1.5005404949188232,33.82243347167969,-0.2879999876022339,0.9919999837875366,0.5412463545799255,0.4461445212364197,0.24242228269577026,0.13329780101776123,0.06203457713127136,0.0024071300867944956
olympic,split_jerk,/Users/josephkamil/Desktop/Capstone/Oly_Data/segmented/split_jerk/split_jerk_from_cj_0013.mp4,split_jerk_from_cj_0013.mp4,olympic:segmented_from_cj,169.19375610351562,11.443387031555176,137.7672119140625,179.34646606445312,-3.208526611328125,169.6267852783203,5.598872184753418,153.87095642089844,179.32962036132812,1.4354248046875,118.73870849609375,55.949462890625,24.720521926879883,178.86294555664062,138.4132537841797,0.0,0.0,0.0,0.0,0.0,0.2699506878852844,0.0652417317032814,0.17359188199043274,0.3632473349571228,-0.11618447303771973,0.49761563539505005,0.01853230409324169,0.45361828804016113,0.5342178344726562,0.024366259574890137,0.07232258468866348,0.06070880964398384,0.010320927016437054,0.14582763612270355,0.1201191246509552,1.0,1.0,0.0,0.9908257126808167,1.0,137.7672119140625,153.87095642089844,178.86294555664062,0.0,0.6330274939537048,0.6330274939537048,0.03652718663215637,0.0038980781100690365,0.027179241180419922,0.003204948268830776,1.0,0.0,160.36813354492188,137.7672119140625,0.0038980781100690365,0.03652718663215637,0.003204948268830776,0.027179241180419922,1.723833680152893,17.74298095703125,6.06323766708374,59.219703674316406,-0.6330274939537048,0.9908257126808167,0.4209924340248108,0.3461344242095947,0.18965545296669006,0.08059954643249512,0.0652417317032814,0.01791628822684288
olympic,split_jerk,/Users/josephkamil/Desktop/Capstone/Oly_Data/segmented/split_jerk/split_jerk_from_cj_0014.mp4,split_jerk_from_cj_0014.mp4,olympic:segmented_from_cj,169.6277313232422,7.278731822967529,153.75843811035156,177.6891326904297,4.309906005859375,162.99581909179688,4.8422441482543945,149.6998291015625,169.5128936767578,3.5114593505859375,97.6043701171875,62.08710479736328,40.3287239074707,178.71058654785156,132.14181518554688,0.0,0.0,0.0,0.0,0.0,0.1943303942680359,0.07157780975103378,0.07610023021697998,0.3464379906654358,-0.1254492849111557,0.5376212000846863,0.032155267894268036,0.4876440763473511,0.6004657745361328,0.03336900472640991,0.09391680359840393,0.08711802214384079,0.0020174395758658648,0.21532827615737915,0.18425732851028442,0.9894737005233765,1.0,0.0,0.9894737005233765,1.0,153.75843811035156,149.6998291015625,178.71058654785156,0.0,0.5052631497383118,0.6315789222717285,0.06986013054847717,0.0061396448872983456,0.040509700775146484,0.004516078624874353,0.875,0.0,153.75843811035156,154.27427673339844,0.0061396448872983456,0.06986013054847717,0.004516078624874353,0.040509700775146484,1.0442007780075073,11.564056396484375,2.0120134353637695,32.36168670654297,-0.5052631497383118,0.9894737005233765,0.5771266222000122,0.4245113730430603,0.2703377604484558,0.11282169818878174,0.07052239775657654,0.03580614924430847
olympic,split_jerk,/Users/josephkamil/Desktop/Capstone/Oly_Data/segmented/split_jerk/split_jerk_from_cj_0015.mp4,split_jerk_from_cj_0015.mp4,olympic:segmented_from_cj,149.89268493652344,23.00803565979004,101.34967041015625,179.2964630126953,55.395538330078125,162.3804473876953,18.342700958251953,114.0528564453125,179.4649200439453,33.90586853027344,88.49766540527344,61.70894241333008,28.041595458984375,177.5338592529297,133.8950958251953,0.0,0.0,0.0,0.0,0.0,0.32165318727493286,0.10574100911617279,0.1561591774225235,0.5197162628173828,-0.3629404604434967,0.5215193033218384,0.04008548706769943,0.45525163412094116,0.6245677471160889,-0.1340053677558899,0.07385270297527313,0.04270404577255249,0.031159229576587677,0.1501501202583313,0.1178237646818161,0.6190476417541504,1.0,0.0476190485060215,0.9841269850730896,0.9523809552192688,101.34967041015625,114.0528564453125,177.5338592529297,0.0,0.0317460335791111,0.0317460335791111,0.11871400475502014,0.01756586879491806,0.07378256320953369,0.0065782261081039906,0.125,0.0,101.34967041015625,113.2332534790039,0.01756586879491806,0.11871400475502014,0.0065782261081039906,0.07378256320953369,5.137418746948242,35.45098876953125,18.461650848388672,140.11740112304688,0.01587301678955555,0.9365079402923584,1.0890839099884033,0.4078500270843506,0.3635571002960205,0.1693161129951477,0.07419398427009583,0.059132739901542664
olympic,split_jerk,/Users/josephkamil/Desktop/Capstone/Oly_Data/segmented/split_jerk/split_jerk_from_cj_0016.mp4,split_jerk_from_cj_0016.mp4,olympic:segmented_from_cj,170.4861602783203,9.253320693969727,142.3444061279297,179.25096130371094,-2.2382965087890625,168.4309539794922,7.078150749206543,149.67991638183594,179.45921325683594,10.704681396484375,94.18488311767578,77.64306640625,2.064542770385742,179.02708435058594,158.45558166503906,0.0,0.0,0.0,0.0,0.0,0.3152483105659485,0.0793648436665535,0.19578108191490173,0.41950589418411255,-0.21880380809307098,0.5581267476081848,0.03844539076089859,0.5267329216003418,0.6530476212501526,-0.015171289443969727,0.0825732871890068,0.06755498051643372,0.009448844939470291,0.162688210606575,0.125925213098526,0.5040000081062317,1.0,0.4959999918937683,0.9919999837875366,0.5040000081062317,142.3444061279297,149.67991638183594,179.02708435058594,0.0,0.6000000238418579,0.5120000243186951,0.03723353147506714,0.0033383260015398264,0.05021095275878906,0.003035247325897217,1.0,1.0,150.2198028564453,142.3444061279297,0.0033383260015398264,0.03723353147506714,0.003035247325897217,0.05021095275878906,1.2420717477798462,10.560455322265625,2.9300882816314697,79.49549865722656,-0.10400000214576721,0.4959999918937683,0.41395241022109985,0.3763706684112549,0.22372481226921082,0.1263146996498108,0.05626201257109642,0.02724810503423214
olympic,split_jerk,/Users/josephkamil/Desktop/Capstone/Oly_Data/segmented/split_jerk/split_jerk_from_cj_0017.mp4,split_jerk_from_cj_0017.mp4,olympic:segmented_from_cj,155.88050842285156,21.619863510131836,112.80029296875,177.8141632080078,28.918174743652344,165.24847412109375,15.715696334838867,122.72423553466797,179.4137420654297,38.39598083496094,54.405006408691406,49.65894317626953,17.318471908569336,176.621826171875,129.163818359375,0.0,0.0,0.0,0.0,0.0,0.32336392998695374,0.06801889091730118,0.1887875199317932,0.4990427494049072,-0.2645456790924072,0.515242874622345,0.03123890608549118,0.4539864659309387,0.5938394665718079,-0.07326298952102661,0.05306439474225044,0.03148649260401726,0.02687750570476055,0.14793668687343597,0.11103025823831558,0.8507462739944458,1.0,0.0,0.9850746393203735,1.0,112.80029296875,122.72423553466797,176.621826171875,0.0,0.014925372786819935,0.014925372786819935,0.09822660684585571,0.013571301475167274,0.07372146844863892,0.005306503269821405,0.5,0.0,112.80029296875,120.37747192382812,0.013571301475167274,0.09822660684585571,0.005306503269821405,0.07372146844863892,3.649170398712158,38.92375183105469,12.422263145446777,120.99993896484375,-0.014925372786819935,0.9850746393203735,0.8957058787345886,0.3502292037010193,0.310255229473114,0.13985300064086914,0.05880964174866676,0.0726543739438057
olympic,split_jerk,/Users/josephkamil/Desktop/Capstone/Oly_Data/segmented/split_jerk/split_jerk_from_cj_0018.mp4,split_jerk_from_cj_0018.mp4,olympic:segmented_from_cj,172.88821411132812,6.887897491455078,153.20864868164062,179.37164306640625,-3.85162353515625,169.545654296875,4.535537242889404,157.03286743164062,179.3778839111328,0.6441192626953125,113.61643981933594,56.11589813232422,22.032577514648438,179.0141143798828,48.37965393066406,0.0,0.0,0.0,0.0,0.0,0.378389835357666,0.06152332201600075,0.2696583867073059,0.4883841872215271,-0.0732717514038086,0.5936362147331238,0.024091949686408043,0.5460718870162964,0.6422424912452698,0.051822662353515625,0.05853991210460663,0.058061473071575165,0.010205622762441635,0.14777138829231262,0.10677579045295715,1.0,1.0,0.0,0.9902912378311157,1.0,153.20864868164062,157.03286743164062,179.0141143798828,0.0,0.7475728392601013,0.7475728392601013,0.03843393921852112,0.004045316483825445,0.04278379678726196,0.0034276386722922325,1.0,0.0,167.08570861816406,153.20864868164062,0.004045316483825445,0.03843393921852112,0.0034276386722922325,0.04278379678726196,1.3861125707626343,13.123367309570312,9.748007774353027,102.14867401123047,-0.7475728392601013,0.9902912378311157,0.41262227296829224,0.34961915016174316,0.2187258005142212,0.09617060422897339,0.06152332201600075,0.02792126126587391
olympic,split_jerk,/Users/josephkamil/Desktop/Capstone/Oly_Data/segmented/split_jerk/split_jerk_from_cj_0019.mp4,split_jerk_from_cj_0019.mp4,olympic:segmented_from_cj,170.99777221679688,5.288008213043213,151.55490112304688,178.11334228515625,4.3408203125,162.8416290283203,3.2433676719665527,153.01019287109375,169.94122314453125,2.9696197509765625,60.32796859741211,56.78438949584961,23.682819366455078,159.85848999023438,132.15951538085938,0.0,0.0,0.0,0.0,0.0,0.20081405341625214,0.046442944556474686,0.10743319988250732,0.311694860458374,-0.10474415868520737,0.5165014863014221,0.032502613961696625,0.49023133516311646,0.5993011593818665,0.04424935579299927,0.06457997113466263,0.07842788100242615,0.0054441941902041435,0.2095748782157898,0.17466530203819275,1.0,1.0,0.0,0.9919999837875366,1.0,151.55490112304688,153.01019287109375,159.85848999023438,0.0,0.656000018119812,0.656000018119812,0.0538388192653656,0.003146321279928088,0.04443693161010742,0.002726213075220585,1.0,0.0,171.31813049316406,151.55490112304688,0.003146321279928088,0.0538388192653656,0.002726213075220585,0.04443693161010742,0.6539099812507629,9.9404296875,1.3426117897033691,46.76110076904297,-0.656000018119812,0.9919999837875366,0.39014384150505066,0.3380504250526428,0.2042616605758667,0.10906982421875,0.046442944556474686,0.05885764956474304
olympic,split_jerk,/Users/josephkamil/Desktop/Capstone/Oly_Data/segmented/split_jerk/split_jerk_from_cj_0020.mp4,split_jerk_from_cj_0020.mp4,olympic:segmented_from_cj,155.82728576660156,20.180618286132812,112.59097290039062,178.96841430664062,40.6064453125,166.17202758789062,12.7421236038208,130.59156799316406,179.45423889160156,28.347335815429688,96.08531188964844,67.91938018798828,13.268406867980957,176.25393676757812,140.95852661132812,0.0,0.0,0.0,0.0,0.0,0.2830449044704437,0.10389421880245209,0.15244120359420776,0.5297536253929138,-0.2743692100048065,0.513665497303009,0.02822921611368656,0.4712216854095459,0.5990111827850342,-0.10755676031112671,0.08543939888477325,0.052981726825237274,0.022081801667809486,0.151932954788208,0.11442118138074875,0.7162162065505981,1.0,0.0,0.9864864945411682,1.0,112.59097290039062,130.59156799316406,176.25393676757812,0.0,0.027027027681469917,0.027027027681469917,0.07792660593986511,0.013772654347121716,0.03831136226654053,0.0052672796882689,1.0,0.0,112.59097290039062,134.46397399902344,0.013772654347121716,0.07792660593986511,0.0052672796882689,0.03831136226654053,3.9185473918914795,25.38165283203125,9.499570846557617,158.7884979248047,-0.027027027681469917,0.9864864945411682,1.005403757095337,0.38451141119003296,0.37731242179870605,0.12778949737548828,0.0872773677110672,0.01657593436539173
olympic,split_jerk,/Users/josephkamil/Desktop/Capstone/Oly_Data/segmented/split_jerk/split_jerk_from_cj_0021.mp4,split_jerk_from_cj_0021.mp4,olympic:segmented_from_cj,172.6288604736328,12.052376747131348,121.81768035888672,179.36073303222656,1.9531402587890625,175.0694122314453,4.955776691436768,154.63087463378906,179.48089599609375,1.6206817626953125,80.89238739013672,70.44342803955078,11.108746528625488,174.98910522460938,129.5203094482422,0.0,0.0,0.0,0.0,0.0,0.27378183603286743,0.09196195006370544,0.15160271525382996,0.5054596662521362,-0.1754925549030304,0.49754512310028076,0.015634039416909218,0.45709896087646484,0.5605193376541138,-0.015269875526428223,0.07637694478034973,0.05234258621931076,0.01812084950506687,0.15185274183750153,0.11161085963249207,0.7333333492279053,1.0,0.0,0.9866666793823242,1.0,121.81768035888672,154.63087463378906,174.98910522460938,0.0,0.5066666603088379,0.5066666603088379,0.17529696226119995,0.009969145990908146,0.059604138135910034,0.0031422304455190897,0.125,0.0,121.81768035888672,152.28900146484375,0.009969145990908146,0.17529696226119995,0.0031422304455190897,0.059604138135910034,2.3592772483825684,29.376617431640625,7.7821946144104,146.4188232421875,-0.5066666603088379,0.9866666793823242,0.737716794013977,0.2325250506401062,0.3538569509983063,0.10342037677764893,0.07657629996538162,0.017282281070947647
olympic,split_jerk,/Users/josephkamil/Desktop/Capstone/Oly_Data/segmented/split_jerk/split_jerk_from_cj_0022.mp4,split_jerk_from_cj_0022.mp4,olympic:segmented_from_cj,116.68982696533203,43.52009963989258,45.26153564453125,178.75474548339844,104.17391204833984,114.05767822265625,43.035919189453125,36.77303695678711,174.72760009765625,122.24239349365234,164.81088256835938,18.028074264526367,59.63140869140625,178.7467498779297,0.03363037109375,0.0,0.0,0.0,0.0,0.0,0.6277144551277161,0.18916085362434387,0.3225123882293701,0.8758292198181152,-0.0035213232040405273,0.7273342609405518,0.08064807951450348,0.49530720710754395,0.8292008638381958,-0.30799394845962524,0.14115895330905914,0.031626518815755844,0.05486390367150307,0.20970141887664795,0.008173450827598572,0.4444444477558136,1.0,0.5079365372657776,0.9365079402923584,0.4444444477558136,45.26153564453125,36.77303695678711,178.7467498779297,0.0,0.1111111119389534,0.0317460335791111,0.5016173720359802,0.02169293724000454,0.14156216382980347,0.013944173231720924,0.0,1.0,45.26153564453125,62.179927825927734,0.02169293724000454,0.5016173720359802,0.013944173231720924,0.14156216382980347,12.316967010498047,79.84629821777344,10.250657081604004,112.99620056152344,0.3968254029750824,0.4285714328289032,1.3449621200561523,0.8645387291908264,0.5533168315887451,0.33389365673065186,0.06563764065504074,0.16134348511695862
olympic,split_jerk,/Users/josephkamil/Desktop/Capstone/Oly_Data/segmented/split_jerk/split_jerk_from_cj_0023.mp4,split_jerk_from_cj_0023.mp4,olympic:segmented_from_cj,174.92288208007812,4.403892993927002,160.45223999023438,179.40377807617188,-2.349639892578125,165.8731689453125,5.000690460205078,155.3991241455078,177.37608337402344,4.2097930908203125,78.51859283447266,63.40316390991211,29.795433044433594,176.9899139404297,140.40577697753906,0.0,0.0,0.0,0.0,0.0,0.18303045630455017,0.03860238566994667,0.10817061364650726,0.2899162173271179,-0.07525704801082611,0.5377172231674194,0.04841385781764984,0.4891955852508545,0.6304529905319214,0.08011072874069214,0.0876992717385292,0.08658968657255173,0.0087872464209795,0.2221950739622116,0.19128334522247314,1.0,1.0,0.0,0.9918699264526367,1.0,160.45223999023438,155.3991241455078,176.9899139404297,0.0,0.6097561120986938,0.6097561120986938,0.03693389892578125,0.0033142108004540205,0.06461513042449951,0.002923870226368308,1.0,0.0,169.75396728515625,160.45223999023438,0.0033142108004540205,0.03693389892578125,0.002923870226368308,0.06461513042449951,0.7549566030502319,6.7443084716796875,1.5575891733169556,61.398651123046875,-0.6097561120986938,0.9918699264526367,0.4043337106704712,0.3567121624946594,0.18174560368061066,0.1412574052810669,0.03860238566994667,0.026553897187113762
olympic,split_jerk,/Users/josephkamil/Desktop/Capstone/Oly_Data/segmented/split_jerk/split_jerk_from_cj_0024.mp4,split_jerk_from_cj_0024.mp4,olympic:segmented_from_cj,137.740966796875,57.93893814086914,4.381411552429199,179.2842559814453,-7.468505859375,136.13357543945312,61.85682678222656,0.9735462069511414,179.50498962402344,4.710052490234375,168.84690856933594,16.211233139038086,99.98358917236328,179.1507110595703,-4.629638671875,0.0,0.0,0.0,0.0,0.0,0.285878449678421,0.13149075210094452,0.104779914021492,0.561542272567749,-0.4567623734474182,0.6232398748397827,0.10591947287321091,0.49395763874053955,0.8194117546081543,-0.02185523509979248,0.15497943758964539,0.030221566557884216,0.02201540768146515,0.19053131341934204,0.016975611448287964,0.8732394576072693,1.0,0.1267605572938919,0.98591548204422,0.8732394576072693,4.381411552429199,0.9735462069511414,179.1507110595703,0.0,0.39436620473861694,0.2957746386528015,0.05887669324874878,0.010066736489534378,0.09360706806182861,0.009806985966861248,1.0,0.0,4.381411552429199,158.67356872558594,0.010066736489534378,0.05887669324874878,0.009806985966861248,0.09360706806182861,6.633182048797607,68.56886291503906,3.563828468322754,36.544593811035156,-0.26760563254356384,0.8591549396514893,0.7046715617179871,0.6864889860153198,0.4567623734474182,0.32545411586761475,0.11941251158714294,0.014743117615580559
olympic,split_jerk,/Users/josephkamil/Desktop/Capstone/Oly_Data/segmented/split_jerk/split_jerk_from_cj_0025.mp4,split_jerk_from_cj_0025.mp4,olympic:segmented_from_cj,171.57318115234375,8.052847862243652,147.03001403808594,178.48941040039062,0.491851806640625,164.508056640625,6.774924278259277,139.17401123046875,171.54641723632812,-0.495697021484375,114.02751159667969,67.9979019165039,31.00446891784668,179.17990112304688,137.39047241210938,0.0,0.0,0.0,0.0,0.0,0.2272017002105713,0.06181357800960541,0.1481902003288269,0.3557007908821106,-0.11858607828617096,0.571378231048584,0.03701707348227501,0.5175012350082397,0.6553337574005127,0.044312477111816406,0.11286208778619766,0.08491814881563187,0.0045379349030554295,0.20614883303642273,0.16629824042320251,1.0,1.0,0.0,0.9912280440330505,1.0,147.03001403808594,139.17401123046875,179.17990112304688,0.0,0.5350877046585083,0.5350877046585083,0.03690516948699951,0.0032056940253823996,0.05909377336502075,0.0036835523787885904,1.0,0.0,147.03001403808594,149.81280517578125,0.0032056940253823996,0.03690516948699951,0.0036835523787885904,0.05909377336502075,1.346830129623413,11.418655395507812,1.883487582206726,55.55059051513672,-0.5350877046585083,0.9912280440330505,0.3622434139251709,0.4162414073944092,0.2075105905532837,0.13783252239227295,0.06181357800960541,0.007110340520739555
olympic,split_jerk,/Users/josephkamil/Desktop/Capstone/Oly_Data/segmented/split_jerk/split_jerk_from_cj_0026.mp4,split_jerk_from_cj_0026.mp4,olympic:segmented_from_cj,172.0121612548828,9.057923316955566,111.4677963256836,179.5242462158203,-15.229751586914062,171.70864868164062,4.114691257476807,147.93800354003906,178.8468017578125,5.343109130859375,107.40283203125,64.76212310791016,1.1593562364578247,179.2142791748047,50.17021179199219,0.0,0.0,0.0,0.0,0.0,0.32258501648902893,0.0828499123454094,0.13618189096450806,0.46281901001930237,-0.1706334501504898,0.6004048585891724,0.03515198081731796,0.5662641525268555,0.7048450112342834,3.8564205169677734e-05,0.07774980366230011,0.06352849304676056,0.015650389716029167,0.21964430809020996,0.13262295722961426,0.7796609997749329,1.0,0.0,0.991525411605835,1.0,111.4677963256836,147.93800354003906,179.2142791748047,0.0,0.7457627058029175,0.7288135886192322,0.17877739667892456,0.015460357069969177,0.10418826341629028,0.005073378793895245,1.0,0.0,161.2987518310547,111.4677963256836,0.015460357069969177,0.17877739667892456,0.005073378793895245,0.10418826341629028,3.297015428543091,56.98194122314453,19.08681297302246,172.87599182128906,-0.7457627058029175,0.991525411605835,1.8088617324829102,0.5935853123664856,0.3266371190547943,0.13858085870742798,0.08909288793802261,0.09189686179161072
olympic,split_jerk,/Users/josephkamil/Desktop/Capstone/Oly_Data/segmented/split_jerk/split_jerk_from_cj_0027.mp4,split_jerk_from_cj_0027.mp4,olympic:segmented_from_cj,172.59967041015625,7.7721099853515625,146.1638641357422,178.7589569091797,-0.43408203125,170.1268310546875,5.688599586486816,152.46444702148438,177.7521514892578,6.8042144775390625,92.90359497070312,69.28441619873047,22.194286346435547,171.9474639892578,141.439697265625,0.0,0.0,0.0,0.0,0.0,0.20574258267879486,0.05524160712957382,0.1214836984872818,0.3265138864517212,-0.10944472253322601,0.541141152381897,0.044872891157865524,0.4801601767539978,0.6312476396560669,0.04516693949699402,0.11041958630084991,0.0863690972328186,0.003323957324028015,0.20522716641426086,0.16904224455356598,0.9919999837875366,1.0,0.0,0.9919999837875366,1.0,146.1638641357422,152.46444702148438,171.9474639892578,0.0,0.4320000112056732,0.42399999499320984,0.030311793088912964,0.0034908021334558725,0.05098810791969299,0.003381676971912384,1.0,0.0,146.1638641357422,159.02598571777344,0.0034908021334558725,0.030311793088912964,0.003381676971912384,0.05098810791969299,1.427242636680603,9.68975830078125,1.6562484502792358,48.87958526611328,-0.4320000112056732,0.9919999837875366,0.4328594505786896,0.4193279445171356,0.2050301879644394,0.1510874629020691,0.055091869086027145,0.02930588647723198
olympic,split_jerk,/Users/josephkamil/Desktop/Capstone/Oly_Data/segmented/split_jerk/split_jerk_from_cj_0028.mp4,split_jerk_from_cj_0028.mp4,olympic:segmented_from_cj,173.5849151611328,3.0965516567230225,162.6687469482422,178.69290161132812,0.3969573974609375,165.25857543945312,3.354208469390869,158.0936279296875,173.33470153808594,5.7396240234375,89.45611572265625,63.173973083496094,34.447288513183594,175.14154052734375,131.05198669433594,0.0,0.0,0.0,0.0,0.0,0.2080848067998886,0.028321273624897003,0.1424078345298767,0.2910580635070801,-0.036004453897476196,0.5289953947067261,0.029832130298018456,0.4882022738456726,0.5772212147712708,0.063740074634552,0.08285336941480637,0.06648862361907959,0.018400270491838455,0.18985596299171448,0.1367415338754654,1.0,1.0,0.0,0.9919999837875366,1.0,162.6687469482422,158.0936279296875,175.14154052734375,0.0,0.5360000133514404,0.5360000133514404,0.03209066390991211,0.003033484797924757,0.026857078075408936,0.0021059224382042885,1.0,0.0,162.6687469482422,162.808837890625,0.003033484797924757,0.03209066390991211,0.0021059224382042885,0.026857078075408936,0.5957677364349365,4.0668182373046875,1.6311488151550293,32.66267395019531,-0.5360000133514404,0.9919999837875366,0.3761521279811859,0.26113438606262207,0.14865022897720337,0.08901894092559814,0.028321273624897003,0.019745998084545135
olympic,split_jerk,/Users/josephkamil/Desktop/Capstone/Oly_Data/segmented/split_jerk/split_jerk_from_cj_0029.mp4,split_jerk_from_cj_0029.mp4,olympic:segmented_from_cj,175.06214904785156,3.8780550956726074,159.67808532714844,179.35980224609375,1.1220245361328125,169.18919372558594,4.762476921081543,160.97711181640625,179.4769744873047,-1.248748779296875,75.2053451538086,61.72916030883789,32.720558166503906,179.1163330078125,136.47320556640625,0.0,0.0,0.0,0.0,0.0,0.23544706404209137,0.03657251223921776,0.1707189381122589,0.32590538263320923,-0.07780908048152924,0.5363801121711731,0.046754952520132065,0.4766717851161957,0.6484116315841675,0.047263503074645996,0.0645386278629303,0.0764646828174591,0.007944385521113873,0.2108713984489441,0.15696439146995544,1.0,1.0,0.0,0.9919999837875366,1.0,159.67808532714844,160.97711181640625,179.1163330078125,0.0,0.6399999856948853,0.6399999856948853,0.040281325578689575,0.0031336748506873846,0.06529673933982849,0.003541534533724189,1.0,0.0,173.69607543945312,159.67808532714844,0.0031336748506873846,0.040281325578689575,0.003541534533724189,0.06529673933982849,0.5126882791519165,6.3403778076171875,1.9564086198806763,45.625274658203125,-0.6399999856948853,0.9919999837875366,0.3885756731033325,0.43915027379989624,0.15518644452095032,0.1717398464679718,0.03657251223921776,0.03903412073850632
olympic,clean_and_jerk,/Users/josephkamil/Desktop/Capstone/Oly_Data/raw/clean_and_jerk/v_CleanAndJerk_g01_c01.avi,v_CleanAndJerk_g01_c01.avi,clean_and_jerk:g01,171.3289794921875,8.480748176574707,135.49652099609375,179.33885192871094,-43.71159362792969,163.02574157714844,9.593504905700684,117.20013427734375,175.14511108398438,-44.16075134277344,110.1270751953125,62.59691619873047,2.6154263019561768,178.91888427734375,6.409332275390625,0.0,0.0,0.0,0.0,0.0,0.3867051899433136,0.16120824217796326,0.16612644493579865,0.7895923852920532,0.2166440486907959,0.5421664118766785,0.049925532191991806,0.47577986121177673,0.702216625213623,0.18355363607406616,0.09339337795972824,0.06070291996002197,0.0037819701246917248,0.19017012417316437,-0.011623650789260864,0.42222222685813904,1.0,0.14444445073604584,0.6000000238418579,0.46666666865348816,135.49652099609375,117.20013427734375,178.91888427734375,0.0,0.9888888597488403,0.9888888597488403,0.15702593326568604,0.015796536579728127,0.03216737508773804,0.005196001380681992,0.0,0.0,156.6449737548828,135.49652099609375,0.015796536579728127,0.15702593326568604,0.005196001380681992,0.03216737508773804,2.0682413578033447,21.1207275390625,16.44148063659668,172.47315979003906,-0.8444444537162781,0.4555555582046509,1.4058917760849,0.46244412660598755,0.6234659552574158,0.2264367640018463,0.06087568402290344,0.13721191883087158
olympic,clean_and_jerk,/Users/josephkamil/Desktop/Capstone/Oly_Data/raw/clean_and_jerk/v_CleanAndJerk_g01_c02.avi,v_CleanAndJerk_g01_c02.avi,clean_and_jerk:g01,169.2970733642578,11.358831405639648,132.71607971191406,179.28456115722656,-0.69976806640625,159.26686096191406,14.949658393859863,112.06551361083984,179.4288330078125,-18.2353515625,117.78834533691406,61.078712463378906,3.6730024814605713,176.59481811523438,-1.2298431396484375,0.0,0.0,0.0,0.0,0.0,0.48465874791145325,0.15744374692440033,0.24194660782814026,0.7671988010406494,-0.0016769170761108398,0.6141360402107239,0.0333486944437027,0.5514380931854248,0.7043408155441284,0.011246204376220703,0.10119316726922989,0.05933337286114693,0.007672888692468405,0.18097621202468872,-0.018223389983177185,0.3482142984867096,1.0,0.2410714328289032,0.6160714030265808,0.3839285671710968,132.71607971191406,112.06551361083984,176.59481811523438,0.0,0.0446428582072258,0.0446428582072258,0.09986644983291626,0.015483032912015915,0.030526697635650635,0.005187349393963814,0.0,0.0,132.71607971191406,140.8073272705078,0.015483032912015915,0.09986644983291626,0.005187349393963814,0.030526697635650635,2.3803117275238037,15.234970092773438,14.512833595275879,162.50921630859375,0.1964285671710968,0.375,1.7186166048049927,0.5757957696914673,0.5252522230148315,0.1529027223587036,0.06567510962486267,0.10616247355937958
olympic,clean_and_jerk,/Users/josephkamil/Desktop/Capstone/Oly_Data/raw/clean_and_jerk/v_CleanAndJerk_g01_c03.avi,v_CleanAndJerk_g01_c03.avi,clean_and_jerk:g01,169.8408660888672,12.343123435974121,115.12126922607422,179.24853515625,16.018997192382812,155.4084014892578,23.090373992919922,96.2637710571289,176.00439453125,3.4906539916992188,114.95780944824219,63.39189529418945,5.052059173583984,179.0697479248047,1.428985595703125,0.0,0.0,0.0,0.0,0.0,0.4631827771663666,0.19143947958946228,0.16634900867938995,0.7830450534820557,0.01048058271408081,0.5485970973968506,0.048311617225408554,0.4749252200126648,0.6799513101577759,-0.09134107828140259,0.10986653715372086,0.05353698134422302,0.0032892145682126284,0.22571982443332672,0.06369806826114655,0.25,1.0,0.4749999940395355,0.7166666388511658,0.25,115.12126922607422,96.2637710571289,179.0697479248047,0.0,0.2083333283662796,0.11666666716337204,0.11695083975791931,0.017520898953080177,0.023653864860534668,0.004777358844876289,0.0,1.0,115.12126922607422,155.8402862548828,0.017520898953080177,0.11695083975791931,0.004777358844876289,0.023653864860534668,3.108942985534668,58.691017150878906,14.74977970123291,170.3441925048828,0.2666666805744171,0.24166665971279144,2.084986925125122,0.5685057044029236,0.6166960597038269,0.20502609014511108,0.05192841589450836,0.15262243151664734
olympic,clean_and_jerk,/Users/josephkamil/Desktop/Capstone/Oly_Data/raw/clean_and_jerk/v_CleanAndJerk_g01_c04.avi,v_CleanAndJerk_g01_c04.avi,clean_and_jerk:g01,175.3385772705078,4.890239238739014,152.24327087402344,179.35015869140625,19.85089111328125,165.8397674560547,8.408244132995605,125.9570083618164,176.19534301757812,24.56237030029297,101.96688842773438,67.47903442382812,2.016714096069336,178.67799377441406,11.481887817382812,0.0,0.0,0.0,0.0,0.0,0.4290122091770172,0.13991418480873108,0.1945069134235382,0.7217966318130493,-0.001741170883178711,0.5592935085296631,0.01673698239028454,0.517342209815979,0.6120585203170776,-0.02721226215362549,0.09478780627250671,0.05990638583898544,0.0022488778922706842,0.17405420541763306,0.04715044051408768,0.3362831771373749,1.0,0.38053098320961,0.76106196641922,0.389380544424057,152.24327087402344,125.9570083618164,178.67799377441406,0.0,0.044247787445783615,0.0,0.08442628383636475,0.014567891135811806,0.039008498191833496,0.003973119892179966,0.0,0.0,152.24327087402344,171.91183471679688,0.014567891135811806,0.08442628383636475,0.003973119892179966,0.039008498191833496,2.229093551635742,21.597915649414062,12.118645668029785,105.30418395996094,0.3362831771373749,0.38053098320961,1.6316038370132446,0.4449894428253174,0.5272897481918335,0.09471631050109863,0.07072403281927109,0.11217101663351059
olympic,clean_and_jerk,/Users/josephkamil/Desktop/Capstone/Oly_Data/raw/clean_and_jerk/v_CleanAndJerk_g03_c01.avi,v_CleanAndJerk_g03_c01.avi,clean_and_jerk:g03,157.9945831298828,30.86628532409668,39.92365646362305,178.133056640625,30.06317138671875,152.31088256835938,27.523250579833984,46.15455627441406,169.48809814453125,33.77848815917969,88.88790130615234,59.01075744628906,32.61289978027344,179.25819396972656,0.2862548828125,0.0,0.0,0.0,0.0,0.0,0.28257668018341064,0.14511704444885254,0.07279475033283234,0.6429396867752075,-0.5262961983680725,0.5537828803062439,0.09075161069631577,0.39412039518356323,0.8410028219223022,0.05357658863067627,0.08572103083133698,0.09417810291051865,0.002978689270094037,0.2733688950538635,-0.07282660901546478,0.8837209343910217,1.0,0.11627907305955887,0.9941860437393188,0.8837209343910217,39.92365646362305,46.15455627441406,179.25819396972656,0.0,0.16860465705394745,0.18023255467414856,0.08342444896697998,0.009373441338539124,0.11391127109527588,0.007912853732705116,1.0,0.0,39.92365646362305,153.74961853027344,0.009373441338539124,0.08342444896697998,0.007912853732705116,0.11391127109527588,2.5402770042419434,47.23415756225586,3.1565394401550293,100.57452392578125,-0.05232558026909828,0.8779069781303406,1.602858543395996,1.353097915649414,0.5701449513435364,0.446882426738739,0.13033144176006317,0.08534325659275055
olympic,clean_and_jerk,/Users/josephkamil/Desktop/Capstone/Oly_Data/raw/clean_and_jerk/v_CleanAndJerk_g03_c02.avi,v_CleanAndJerk_g03_c02.avi,clean_and_jerk:g03,155.4364471435547,34.2025260925293,37.23065185546875,179.40113830566406,81.16004943847656,149.05514526367188,29.913541793823242,47.75311279296875,170.31752014160156,80.37884521484375,66.15672302246094,58.179447174072266,23.502819061279297,171.60072326660156,27.743988037109375,0.0,0.0,0.0,0.0,0.0,0.31004777550697327,0.17066045105457306,0.11016915738582611,0.6983219385147095,-0.5878197550773621,0.543339192867279,0.08549044281244278,0.41927289962768555,0.8481374382972717,-0.08159875869750977,0.07388155907392502,0.09045647084712982,0.0015862071886658669,0.2609720826148987,0.013516262173652649,0.7244094610214233,1.0,0.18110236525535583,0.9960629940032959,0.8188976645469666,37.23065185546875,47.75311279296875,171.60072326660156,0.0,0.20866142213344574,0.20866142213344574,0.05017992854118347,0.006092160940170288,0.06428402662277222,0.005749796982854605,0.25,0.0,37.23065185546875,150.41294860839844,0.006092160940170288,0.05017992854118347,0.005749796982854605,0.06428402662277222,2.2310945987701416,43.68181228637695,1.978327989578247,91.6999282836914,-0.027559055015444756,0.8149606585502625,1.5413167476654053,1.4546986818313599,0.5881527662277222,0.4288645386695862,0.09005386382341385,0.05338766798377037
olympic,clean_and_jerk,/Users/josephkamil/Desktop/Capstone/Oly_Data/raw/clean_and_jerk/v_CleanAndJerk_g03_c03.avi,v_CleanAndJerk_g03_c03.avi,clean_and_jerk:g03,164.09909057617188,28.87059783935547,41.47626495361328,179.5988311767578,90.8356704711914,154.697998046875,26.402339935302734,38.54799270629883,177.59596252441406,88.84716796875,71.28724670410156,59.52360153198242,18.127275466918945,177.0749969482422,12.061599731445312,0.0,0.0,0.0,0.0,0.0,0.2631494998931885,0.15159457921981812,0.1107296496629715,0.6760352849960327,-0.5653056502342224,0.5418239831924438,0.08460608869791031,0.4013388752937317,0.8212136030197144,-0.008840560913085938,0.08086396753787994,0.09347199648618698,0.0024232242722064257,0.2824242115020752,-0.03318554162979126,0.8514492511749268,1.0,0.12318840622901917,0.9963768124580383,0.8768116235733032,41.47626495361328,38.54799270629883,177.0749969482422,0.0,0.17028985917568207,0.17391304671764374,0.09223449230194092,0.005272493232041597,0.11818563938140869,0.0048719746991992,1.0,0.0,41.47626495361328,154.38107299804688,0.005272493232041597,0.09223449230194092,0.0048719746991992,0.11818563938140869,2.1708202362060547,36.49026870727539,2.457263946533203,97.09347534179688,-0.047101449221372604,0.8731883764266968,1.4499356746673584,1.339793086051941,0.5653056502342224,0.41987472772598267,0.09926652908325195,0.04337406903505325
olympic,clean_and_jerk,/Users/josephkamil/Desktop/Capstone/Oly_Data/raw/clean_and_jerk/v_CleanAndJerk_g03_c04.avi,v_CleanAndJerk_g03_c04.avi,clean_and_jerk:g03,152.12545776367188,38.72639846801758,39.9172477722168,179.37355041503906,99.72105407714844,146.20025634765625,35.13877868652344,48.09698486328125,173.143798828125,99.79322052001953,69.85796356201172,58.08737564086914,22.024612426757812,173.1201934814453,12.549896240234375,0.0,0.0,0.0,0.0,0.0,0.32333818078041077,0.1852225363254547,0.10082623362541199,0.7072546482086182,-0.5879716873168945,0.557684600353241,0.08252936601638794,0.4500409960746765,0.8703789114952087,-0.04741424322128296,0.08373385667800903,0.09582862257957458,0.0018197199096903205,0.27395114302635193,0.027647972106933594,0.723549485206604,1.0,0.20136518776416779,0.9965870380401611,0.7986348271369934,39.9172477722168,48.09698486328125,173.1201934814453,0.0,0.23208190500736237,0.23208190500736237,0.11282354593276978,0.005663296673446894,0.06829655170440674,0.005115575157105923,0.625,0.0,39.9172477722168,151.60980224609375,0.005663296673446894,0.11282354593276978,0.005115575157105923,0.06829655170440674,2.012212038040161,28.464111328125,2.104130268096924,109.66378784179688,-0.030716722831130028,0.7952218651771545,1.6536825895309448,1.4937479496002197,0.6064283847808838,0.4203379154205322,0.09676578640937805,0.0619664303958416
olympic,clean_and_jerk,/Users/josephkamil/Desktop/Capstone/Oly_Data/raw/clean_and_jerk/v_CleanAndJerk_g03_c05.avi,v_CleanAndJerk_g03_c05.avi,clean_and_jerk:g03,169.36016845703125,8.415392875671387,146.27288818359375,179.36029052734375,12.049697875976562,163.65228271484375,6.813504695892334,145.8714599609375,174.6836700439453,15.308837890625,99.58495330810547,63.091217041015625,31.20298957824707,179.21273803710938,8.169265747070312,0.0,0.0,0.0,0.0,0.0,0.21449080109596252,0.0941760465502739,0.09858126193284988,0.5014949440956116,-0.37881526350975037,0.5362616181373596,0.04890982806682587,0.3918367028236389,0.6774371266365051,0.17692643404006958,0.09809928387403488,0.09141072630882263,0.006236429326236248,0.2738327085971832,-0.05825868248939514,0.9447004795074463,1.0,0.0552995391190052,0.9953917264938354,0.9447004795074463,146.27288818359375,145.8714599609375,179.21273803710938,0.0,0.05069124326109886,0.0552995391190052,0.15970632433891296,0.005140718072652817,0.09665721654891968,0.004416285082697868,0.875,0.0,146.27288818359375,150.6534423828125,0.005140718072652817,0.15970632433891296,0.004416285082697868,0.09665721654891968,0.9182720184326172,17.324081420898438,2.0536723136901855,109.28111267089844,0.004608294926583767,0.940092146396637,1.110395073890686,0.9539176225662231,0.4029136896133423,0.2856004238128662,0.07798179239034653,0.02356237918138504
olympic,clean_and_jerk,/Users/josephkamil/Desktop/Capstone/Oly_Data/raw/clean_and_jerk/v_CleanAndJerk_g03_c06.avi,v_CleanAndJerk_g03_c06.avi,clean_and_jerk:g03,157.73294067382812,22.160200119018555,74.0780258178711,178.5112762451172,-8.687057495117188,152.42807006835938,22.915008544921875,59.640602111816406,172.88128662109375,-12.907905578613281,111.14978790283203,72.91156005859375,2.5199105739593506,177.25791931152344,7.194122314453125,0.0,0.0,0.0,0.0,0.0,0.3007226586341858,0.2187695950269699,0.10544458031654358,0.8979043960571289,0.13189613819122314,0.5775964856147766,0.09309553354978561,0.39395201206207275,0.8380361795425415,0.1782219409942627,0.144020676612854,0.09689422696828842,0.008279411122202873,0.2752234637737274,-0.0658961683511734,0.6550218462944031,1.0,0.2620087265968323,0.9126637578010559,0.6550218462944031,74.0780258178711,59.640602111816406,177.25791931152344,0.0,0.9170305728912354,0.9170305728912354,0.18794578313827515,0.00974871963262558,0.15545427799224854,0.006997393909841776,0.0,0.0,112.23743438720703,74.0780258178711,0.00974871963262558,0.18794578313827515,0.006997393909841776,0.15545427799224854,3.6257848739624023,48.39897918701172,3.7050390243530273,142.47889709472656,-0.6550218462944031,0.6506550312042236,2.222707986831665,1.5954058170318604,0.7924598455429077,0.44408416748046875,0.06629199534654617,0.29285678267478943
olympic,clean_and_jerk,/Users/josephkamil/Desktop/Capstone/Oly_Data/raw/clean_and_jerk/v_CleanAndJerk_g04_c01.avi,v_CleanAndJerk_g04_c01.avi,clean_and_jerk:g04,159.58877563476562,37.600502014160156,25.875234603881836,179.17018127441406,3.9746856689453125,159.22276306152344,33.48036193847656,33.82914352416992,179.4348907470703,-1.348846435546875,77.04163360595703,73.2798843383789,1.3982481956481934,178.7360382080078,-68.28311157226562,0.0,0.0,0.0,0.0,0.0,0.3938698470592499,0.13586528599262238,0.1900673508644104,0.6778911352157593,-0.44581806659698486,0.5517258048057556,0.05570218712091446,0.4878501892089844,0.6962078213691711,-0.11580473184585571,0.06095389276742935,0.05582233890891075,0.0009524743654765189,0.1672210544347763,-0.07284462451934814,0.47887325286865234,1.0,0.19718310236930847,0.9929577708244324,0.8028169274330139,25.875234603881836,33.82914352416992,178.7360382080078,0.0,0.246478870511055,0.246478870511055,0.08405154943466187,0.011201362125575542,0.04770582914352417,0.006070439238101244,0.5,0.0,25.875234603881836,163.55325317382812,0.011201362125575542,0.08405154943466187,0.006070439238101244,0.04770582914352417,3.8588149547576904,83.2948989868164,13.17447566986084,175.77735900878906,-0.04929577559232712,0.7957746386528015,1.5793920755386353,0.8559319376945496,0.4878237843513489,0.20835763216018677,0.12027914822101593,0.07739125937223434
olympic,clean_and_jerk,/Users/josephkamil/Desktop/Capstone/Oly_Data/raw/clean_and_jerk/v_CleanAndJerk_g04_c02.avi,v_CleanAndJerk_g04_c02.avi,clean_and_jerk:g04,165.5695037841797,35.54251480102539,21.29029083251953,179.33717346191406,16.618270874023438,161.82113647460938,32.020530700683594,24.753849029541016,179.44712829589844,24.66180419921875,52.870880126953125,65.26019287109375,1.4353684186935425,178.6656036376953,-0.5825653076171875,0.0,0.0,0.0,0.0,0.0,0.38692644238471985,0.11592956632375717,0.16217556595802307,0.6921343803405762,-0.5038073062896729,0.5419575572013855,0.05138273537158966,0.4887799620628357,0.702995240688324,-0.0930027961730957,0.04085847735404968,0.05176244676113129,0.002386080101132393,0.16676601767539978,0.02154769003391266,0.594936728477478,1.0,0.1181434616446495,0.9957805871963501,0.8818565607070923,21.29029083251953,24.753849029541016,178.6656036376953,0.0,0.18565401434898376,0.18987341225147247,0.07034188508987427,0.007179356645792723,0.03201645612716675,0.0038026724942028522,0.5,0.0,21.29029083251953,167.82530212402344,0.007179356645792723,0.07034188508987427,0.0038026724942028522,0.03201645612716675,2.152010202407837,46.726470947265625,8.011014938354492,133.74911499023438,-0.06751054525375366,0.8776371479034424,1.6943281888961792,0.8974307179450989,0.5299588441848755,0.21421527862548828,0.08806692808866501,0.06827285885810852
olympic,clean_and_jerk,/Users/josephkamil/Desktop/Capstone/Oly_Data/raw/clean_and_jerk/v_CleanAndJerk_g04_c03.avi,v_CleanAndJerk_g04_c03.avi,clean_and_jerk:g04,156.31130981445312,40.277828216552734,32.437835693359375,179.29229736328125,8.237823486328125,156.03504943847656,40.13460159301758,32.88599395751953,179.4378662109375,-0.6746826171875,72.32713317871094,72.6010971069336,1.0515000820159912,178.7337646484375,-70.77323913574219,0.0,0.0,0.0,0.0,0.0,0.39331379532814026,0.13304945826530457,0.18649934232234955,0.6898618936538696,-0.4459948241710663,0.5550326108932495,0.058321211487054825,0.4972277283668518,0.6929239630699158,-0.133558988571167,0.05630169063806534,0.05706486478447914,0.0010213281493633986,0.16845299303531647,-0.0945795327425003,0.45205479860305786,1.0,0.15753424167633057,0.9931507110595703,0.8424657583236694,32.437835693359375,32.88599395751953,178.7337646484375,0.0,0.30821916460990906,0.30821916460990906,0.04028809070587158,0.009595508687198162,0.03048783540725708,0.005203177686780691,0.25,0.0,32.437835693359375,164.38661193847656,0.009595508687198162,0.04028809070587158,0.005203177686780691,0.03048783540725708,3.2741401195526123,42.2747802734375,8.696537971496582,114.34053039550781,-0.15068493783473969,0.835616409778595,1.3913487195968628,0.7544607520103455,0.5033625364303589,0.19569623470306396,0.10512527078390121,0.08315054327249527
olympic,clean_and_jerk,/Users/josephkamil/Desktop/Capstone/Oly_Data/raw/clean_and_jerk/v_CleanAndJerk_g04_c04.avi,v_CleanAndJerk_g04_c04.avi,clean_and_jerk:g04,159.2588348388672,40.71918869018555,29.16193389892578,179.28555297851562,1.56390380859375,154.46820068359375,36.84040451049805,37.53349304199219,177.51925659179688,-2.706451416015625,56.00351333618164,69.27462768554688,1.5247281789779663,178.70249938964844,6.248931884765625,0.0,0.0,0.0,0.0,0.0,0.38966843485832214,0.11623351275920868,0.15976811945438385,0.6836462020874023,-0.5166305303573608,0.5527665019035339,0.0576549768447876,0.4889339208602905,0.7038354873657227,-0.11487573385238647,0.0493762269616127,0.055932097136974335,0.0007321701268665493,0.17103414237499237,-0.017450392246246338,0.5244755148887634,1.0,0.13286712765693665,0.9930070042610168,0.867132842540741,29.16193389892578,37.53349304199219,178.70249938964844,0.0,0.251748263835907,0.251748263835907,0.0984373688697815,0.010233805514872074,0.04095417261123657,0.005904567893594503,1.0,0.0,29.16193389892578,172.44619750976562,0.010233805514872074,0.0984373688697815,0.005904567893594503,0.04095417261123657,2.774223566055298,52.072120666503906,8.701257705688477,81.76756286621094,-0.11888112127780914,0.8601398468017578,1.453200340270996,0.8384486436843872,0.5238780975341797,0.21490156650543213,0.12303496152162552,0.08116915822029114
olympic,clean_and_jerk,/Users/josephkamil/Desktop/Capstone/Oly_Data/raw/clean_and_jerk/v_CleanAndJerk_g04_c05.avi,v_CleanAndJerk_g04_c05.avi,clean_and_jerk:g04,163.24537658691406,35.21895980834961,26.571178436279297,179.27259826660156,5.4956817626953125,158.3754425048828,39.19932556152344,8.559187889099121,179.42555236816406,164.85934448242188,53.0503044128418,62.329376220703125,1.5040305852890015,178.80276489257812,26.86920166015625,0.0,0.0,0.0,0.0,0.0,0.3674951195716858,0.10954488813877106,0.15283434092998505,0.7385015487670898,-0.5521407127380371,0.5407049059867859,0.04823041707277298,0.48805874586105347,0.696544885635376,-0.03825896978378296,0.04068166762590408,0.050441522151231766,0.001381043577566743,0.16007740795612335,0.04346088320016861,0.5064377784729004,1.0,0.09442060440778732,0.995708167552948,0.9055793881416321,26.571178436279297,8.559187889099121,178.80276489257812,0.0,0.17167381942272186,0.0,0.08817124366760254,0.007335633039474487,0.028219401836395264,0.00363948754966259,0.25,0.0,26.571178436279297,170.95249938964844,0.007335633039474487,0.08817124366760254,0.00363948754966259,0.028219401836395264,2.2110631465911865,42.267494201660156,8.25143814086914,98.6751708984375,-0.07725322246551514,0.9012875556945801,1.701866865158081,0.8443611264228821,0.5856671929359436,0.2084861397743225,0.09119602292776108,0.08830235153436661
olympic,clean_and_jerk,/Users/josephkamil/Desktop/Capstone/Oly_Data/raw/clean_and_jerk/v_CleanAndJerk_g05_c01.avi,v_CleanAndJerk_g05_c01.avi,clean_and_jerk:g05,133.6460723876953,46.80474853515625,38.151458740234375,179.41546630859375,88.2896728515625,127.85155487060547,42.4941291809082,43.88218307495117,170.5812225341797,96.59314727783203,169.09933471679688,8.67984676361084,144.82696533203125,179.10606384277344,-10.142898559570312,0.0,0.0,0.0,0.0,0.0,0.4441685080528259,0.17822088301181793,0.2642551064491272,0.80274897813797,-0.5328643918037415,0.6758134365081787,0.07115170359611511,0.5768624544143677,0.8269757032394409,-0.08638906478881836,0.1421501487493515,0.025466755032539368,0.015909798443317413,0.16511236131191254,-0.0017095506191253662,0.7142857313156128,1.0,0.2857142984867096,0.9890109896659851,0.7142857313156128,38.151458740234375,43.88218307495117,179.10606384277344,0.0,0.3956044018268585,0.3956044018268585,0.036409616470336914,0.008003264665603638,0.05998784303665161,0.007240610662847757,1.0,0.0,38.151458740234375,115.68999481201172,0.008003264665603638,0.036409616470336914,0.007240610662847757,0.05998784303665161,4.95592737197876,26.947982788085938,2.3841989040374756,19.425994873046875,-0.10989011079072952,0.7032967209815979,0.7202938199043274,0.6516549587249756,0.5384938716888428,0.25011324882507324,0.0881996676325798,0.008036685176193714
olympic,clean_and_jerk,/Users/josephkamil/Desktop/Capstone/Oly_Data/raw/clean_and_jerk/v_CleanAndJerk_g05_c02.avi,v_CleanAndJerk_g05_c02.avi,clean_and_jerk:g05,100.26944732666016,50.5739631652832,20.697431564331055,167.21104431152344,85.66000366210938,99.42715454101562,46.61751174926758,20.279457092285156,160.89923095703125,105.22615051269531,171.3523712158203,6.822531700134277,131.48158264160156,178.9665985107422,-0.59503173828125,0.0,0.0,0.0,0.0,0.0,0.44436702132225037,0.12495118379592896,0.2786836624145508,0.7776052951812744,-0.4973708987236023,0.6975052952766418,0.08291476964950562,0.5712958574295044,0.8097132444381714,-0.13328611850738525,0.11621289700269699,0.01755797490477562,0.021244604140520096,0.14806488156318665,-0.02699930965900421,0.8630136847496033,1.0,0.13698630034923553,0.9931507110595703,0.8630136847496033,20.697431564331055,20.279457092285156,178.9665985107422,0.0,0.2054794579744339,0.2054794579744339,0.03400218486785889,0.004998556803911924,0.05112558603286743,0.004908941686153412,1.0,0.0,20.697431564331055,48.95780563354492,0.004998556803911924,0.03400218486785889,0.004908941686153412,0.05112558603286743,3.2915289402008057,50.111595153808594,1.7104387283325195,17.9788818359375,-0.06849315017461777,0.8561643958091736,0.7247907519340515,0.7117965221405029,0.49892163276672363,0.238417387008667,0.09547089785337448,0.03785141929984093
olympic,clean_and_jerk,/Users/josephkamil/Desktop/Capstone/Oly_Data/raw/clean_and_jerk/v_CleanAndJerk_g05_c03.avi,v_CleanAndJerk_g05_c03.avi,clean_and_jerk:g05,168.0501708984375,23.734451293945312,40.74163055419922,179.2635498046875,122.60245513916016,165.03021240234375,26.080448150634766,25.307262420654297,179.20346069335938,128.50155639648438,70.5502700805664,57.2320556640625,2.7844364643096924,173.9838409423828,-12.578140258789062,0.0,0.0,0.0,0.0,0.0,0.5111325979232788,0.1053881049156189,0.33225005865097046,0.8260826468467712,-0.4910927414894104,0.6522655487060547,0.02903871238231659,0.6240224242210388,0.7500808238983154,-0.11025106906890869,0.046699680387973785,0.05741658806800842,0.0002980635326821357,0.16798622906208038,-0.03397563099861145,0.5136986374855042,1.0,0.15753424167633057,0.9931507110595703,0.8424657583236694,40.74163055419922,25.307262420654297,173.9838409423828,0.0,0.02054794505238533,0.02054794505238533,0.055188119411468506,0.005610749591141939,0.04613232612609863,0.003919508308172226,0.0,0.0,40.74163055419922,159.6324005126953,0.005610749591141939,0.055188119411468506,0.003919508308172226,0.04613232612609863,3.3045237064361572,50.493064880371094,5.383842945098877,91.43763732910156,0.13698630034923553,0.835616409778595,0.8135586977005005,0.5683287382125854,0.4938325881958008,0.1260583996772766,0.07816286385059357,0.07728887349367142
olympic,clean_and_jerk,/Users/josephkamil/Desktop/Capstone/Oly_Data/raw/clean_and_jerk/v_CleanAndJerk_g05_c04.avi,v_CleanAndJerk_g05_c04.avi,clean_and_jerk:g05,150.4576873779297,36.49102783203125,46.03086471557617,179.3441925048828,43.09162902832031,145.6851806640625,32.22737121582031,54.4254150390625,174.89630126953125,55.518775939941406,100.5213394165039,60.08009719848633,21.680801391601562,179.02346801757812,-3.0872802734375,0.0,0.0,0.0,0.0,0.0,0.5212224125862122,0.12663517892360687,0.311498761177063,0.8341377973556519,-0.5192279815673828,0.6904551386833191,0.0513058640062809,0.6114284992218018,0.8221390843391418,-0.08636540174484253,0.06795112043619156,0.058464474976062775,0.004068963695317507,0.18324927985668182,-0.008306369185447693,0.8058252334594727,1.0,0.16019417345523834,0.9951456189155579,0.8398058414459229,46.03086471557617,54.4254150390625,179.02346801757812,0.0,0.20388349890708923,0.24757280945777893,0.045850157737731934,0.006384494714438915,0.06596416234970093,0.005042955279350281,1.0,0.0,46.03086471557617,123.3408203125,0.006384494714438915,0.045850157737731934,0.005042955279350281,0.06596416234970093,3.480008125305176,38.077850341796875,14.263850212097168,123.66510009765625,-0.04368932172656059,0.8349514603614807,1.308821439743042,1.0338058471679688,0.5226390361785889,0.2107105851173401,0.087007537484169,0.06319068372249603
olympic,clean_and_jerk,/Users/josephkamil/Desktop/Capstone/Oly_Data/raw/clean_and_jerk/v_CleanAndJerk_g06_c01.avi,v_CleanAndJerk_g06_c01.avi,clean_and_jerk:g06,160.23329162597656,27.369970321655273,73.867919921875,179.35972595214844,26.552841186523438,156.27069091796875,21.576040267944336,88.35088348388672,175.71136474609375,31.999710083007812,106.42908477783203,62.40266418457031,23.80874252319336,179.04611206054688,1.7324371337890625,0.0,0.0,0.0,0.0,0.0,0.40654394030570984,0.1707720309495926,0.19009587168693542,0.7857515811920166,-0.5932252407073975,0.6311642527580261,0.04501421004533768,0.5825881958007812,0.7657399773597717,-0.09416931867599487,0.09553244709968567,0.07050871849060059,0.004924951586872339,0.1814536452293396,0.007227599620819092,0.7894737124443054,1.0,0.17894737422466278,0.9947368502616882,0.821052610874176,73.867919921875,88.35088348388672,179.04611206054688,0.0,0.22631579637527466,0.22631579637527466,0.050327420234680176,0.006385644432157278,0.054162681102752686,0.004507345613092184,0.625,0.0,73.867919921875,158.4715576171875,0.006385644432157278,0.050327420234680176,0.004507345613092184,0.054162681102752686,2.725802421569824,23.30524444580078,3.403079032897949,68.31632995605469,-0.04736842215061188,0.8157894611358643,1.2068867683410645,0.8518883585929871,0.5956556797027588,0.18315178155899048,0.10477083921432495,0.048243198543787
olympic,clean_and_jerk,/Users/josephkamil/Desktop/Capstone/Oly_Data/raw/clean_and_jerk/v_CleanAndJerk_g06_c02.avi,v_CleanAndJerk_g06_c02.avi,clean_and_jerk:g06,168.92901611328125,16.73541259765625,99.44278717041016,179.47242736816406,52.649452209472656,165.06007385253906,13.562524795532227,107.75588989257812,179.2213134765625,42.69001770019531,86.0813217163086,64.96781921386719,19.420696258544922,171.44888305664062,1.359466552734375,0.0,0.0,0.0,0.0,0.0,0.32179513573646545,0.16596665978431702,0.1050281822681427,0.7937504053115845,-0.6720010042190552,0.5765532851219177,0.046992216259241104,0.49651193618774414,0.7084841728210449,-0.13453465700149536,0.09162399172782898,0.08959849923849106,0.0015804001595824957,0.21991603076457977,0.0011182725429534912,0.7823834419250488,1.0,0.16580310463905334,0.9948186278343201,0.8341968655586243,99.44278717041016,107.75588989257812,171.44888305664062,0.0,0.015544041059911251,0.015544041059911251,0.07837915420532227,0.006804476957768202,0.05100595951080322,0.004669996909797192,0.0,0.0,99.44278717041016,150.68992614746094,0.006804476957768202,0.07837915420532227,0.004669996909797192,0.05100595951080322,1.9904378652572632,21.40599822998047,3.2562379837036133,73.60647583007812,0.15025906264781952,0.8290155529975891,1.3064595460891724,0.8966394066810608,0.6887222528457642,0.21197223663330078,0.08186227828264236,0.10891583561897278
olympic,clean_and_jerk,/Users/josephkamil/Desktop/Capstone/Oly_Data/raw/clean_and_jerk/v_CleanAndJerk_g06_c03.avi,v_CleanAndJerk_g06_c03.avi,clean_and_jerk:g06,166.61676025390625,13.743287086486816,111.39110565185547,179.43106079101562,64.05133819580078,159.48526000976562,14.836019515991211,100.8726577758789,174.4891357421875,71.72821807861328,95.31464385986328,55.660789489746094,9.53213119506836,178.9995574951172,10.000808715820312,0.0,0.0,0.0,0.0,0.0,0.4004245698451996,0.1842552274465561,0.13645341992378235,0.8601269721984863,-0.7221028804779053,0.6095491051673889,0.03507622703909874,0.553905725479126,0.7369340658187866,-0.14837300777435303,0.08903923630714417,0.08326254040002823,0.00360645679756999,0.2310386747121811,-0.011571556329727173,0.7524752616882324,1.0,0.24752475321292877,0.9900990128517151,0.7524752616882324,111.39110565185547,100.8726577758789,178.9995574951172,0.0,0.0,0.0,0.0741429328918457,0.010236646980047226,0.03297454118728638,0.005036337301135063,0.0,0.0,111.39110565185547,157.13572692871094,0.010236646980047226,0.0741429328918457,0.005036337301135063,0.03297454118728638,2.058018684387207,11.993553161621094,5.259221076965332,100.64437866210938,0.24752475321292877,0.7425742745399475,1.0236647129058838,0.5036337375640869,0.7236735820770264,0.18302834033966064,0.09470637142658234,0.10356004536151886
olympic,clean_and_jerk,/Users/josephkamil/Desktop/Capstone/Oly_Data/raw/clean_and_jerk/v_CleanAndJerk_g06_c04.avi,v_CleanAndJerk_g06_c04.avi,clean_and_jerk:g06,160.72744750976562,30.845272064208984,44.36370086669922,179.46971130371094,59.660888671875,158.17384338378906,27.271835327148438,57.102420806884766,179.19216918945312,68.89075469970703,82.98869323730469,63.770591735839844,21.217500686645508,173.5507049560547,5.293670654296875,0.0,0.0,0.0,0.0,0.0,0.372903436422348,0.17409929633140564,0.11049757897853851,0.8194657564163208,-0.6988437175750732,0.6157040596008301,0.05302298814058304,0.5534318685531616,0.7894725799560547,-0.10603690147399902,0.08474285155534744,0.0912623330950737,0.0031882277689874172,0.22744955122470856,0.00011886656284332275,0.792682945728302,1.0,0.1463414579629898,0.9959349632263184,0.8536585569381714,44.36370086669922,57.102420806884766,173.5507049560547,0.0,0.1991869956254959,0.1991869956254959,0.05969613790512085,0.00633176788687706,0.03830599784851074,0.004249614663422108,0.25,0.0,44.36370086669922,146.85606384277344,0.00633176788687706,0.05969613790512085,0.004249614663422108,0.03830599784851074,2.29435658454895,24.93950653076172,2.4080960750579834,69.28825378417969,-0.05284553021192551,0.8495935201644897,1.5512831211090088,1.0411555767059326,0.7089681625366211,0.23604071140289307,0.11295217275619507,0.09399542212486267
olympic,clean_and_jerk,/Users/josephkamil/Desktop/Capstone/Oly_Data/raw/clean_and_jerk/v_CleanAndJerk_g07_c01.avi,v_CleanAndJerk_g07_c01.avi,clean_and_jerk:g07,158.84487915039062,28.577396392822266,51.481231689453125,179.49771118164062,56.64765930175781,151.6414794921875,26.284502029418945,53.5429573059082,171.46437072753906,60.89514923095703,94.08921813964844,65.70958709716797,10.44727611541748,179.23577880859375,18.15142822265625,0.0,0.0,0.0,0.0,0.0,0.2885828912258148,0.15295930206775665,0.1491917371749878,0.6534414291381836,-0.48537492752075195,0.5538904070854187,0.081563800573349,0.37847644090652466,0.8094485998153687,0.05634891986846924,0.109452985227108,0.0871908888220787,0.00044573936611413956,0.2576155662536621,-0.040275171399116516,0.8464912176132202,1.0,0.1535087674856186,0.9956140518188477,0.8464912176132202,51.481231689453125,53.5429573059082,179.23577880859375,0.0,0.19736842811107635,0.19736842811107635,0.06964457035064697,0.005980724468827248,0.08080404996871948,0.00573700200766325,1.0,0.0,51.481231689453125,142.9936981201172,0.005980724468827248,0.06964457035064697,0.00573700200766325,0.08080404996871948,2.421053886413574,33.88611602783203,3.2672479152679443,93.47001647949219,-0.04385964944958687,0.8421052694320679,1.3576244115829468,1.3022994995117188,0.5042496919631958,0.430972158908844,0.10809016972780228,0.03477749973535538
olympic,clean_and_jerk,/Users/josephkamil/Desktop/Capstone/Oly_Data/raw/clean_and_jerk/v_CleanAndJerk_g07_c02.avi,v_CleanAndJerk_g07_c02.avi,clean_and_jerk:g07,164.44247436523438,18.06841278076172,78.989013671875,178.0223846435547,15.063034057617188,162.98802185058594,7.183674335479736,127.19502258300781,174.0210723876953,24.889175415039062,92.36344146728516,60.538875579833984,3.3270466327667236,178.86614990234375,8.896408081054688,0.0,0.0,0.0,0.0,0.0,0.2483053207397461,0.09768431633710861,0.11034062504768372,0.6026959419250488,-0.4889184832572937,0.5486964583396912,0.045441243797540665,0.4096488356590271,0.6840147972106934,0.10438090562820435,0.07860517501831055,0.0994851291179657,0.0004167183069512248,0.27013272047042847,-0.035043925046920776,0.7447552680969238,1.0,0.0839160829782486,0.996503472328186,0.9160839319229126,78.989013671875,127.19502258300781,178.86614990234375,0.0,0.7377622127532959,0.06293706595897675,0.06270891427993774,0.004580303095281124,0.10657498240470886,0.0036137045826762915,1.0,0.0,129.0819091796875,78.989013671875,0.004580303095281124,0.06270891427993774,0.0036137045826762915,0.10657498240470886,2.3340821266174316,39.27532958984375,6.846950531005859,91.3782730102539,-0.6538461446762085,0.9125874042510986,1.3053864240646362,1.0299057960510254,0.4923553168773651,0.27436596155166626,0.0692078098654747,0.06787187606096268
olympic,clean_and_jerk,/Users/josephkamil/Desktop/Capstone/Oly_Data/raw/clean_and_jerk/v_CleanAndJerk_g07_c03.avi,v_CleanAndJerk_g07_c03.avi,clean_and_jerk:g07,161.30233764648438,27.21436309814453,39.60163879394531,179.36924743652344,37.09617614746094,153.27809143066406,26.50032615661621,36.49692916870117,172.632568359375,44.95390319824219,98.91545867919922,59.55913162231445,27.486082077026367,179.14312744140625,12.9140625,0.0,0.0,0.0,0.0,0.0,0.2928696870803833,0.16093775629997253,0.1280880868434906,0.6671964526176453,-0.5126907229423523,0.5394051671028137,0.0544392429292202,0.42887169122695923,0.7173104882240295,0.04953533411026001,0.09878814220428467,0.0928158238530159,0.0015386462910100818,0.2513153851032257,-0.04923272132873535,0.800000011920929,1.0,0.19523809850215912,0.9952380657196045,0.8047618865966797,39.60163879394531,36.49692916870117,179.14312744140625,0.0,0.02857142873108387,0.02857142873108387,0.10073727369308472,0.006397276185452938,0.07972913980484009,0.006066146772354841,0.0,0.0,39.60163879394531,155.28550720214844,0.006397276185452938,0.10073727369308472,0.006066146772354841,0.07972913980484009,2.5541722774505615,53.434837341308594,2.429147243499756,42.17838668823242,0.1666666716337204,0.800000011920929,1.3370307683944702,1.267824649810791,0.539108395576477,0.2884387969970703,0.07835090160369873,0.04743187874555588
olympic,split_jerk,/Users/josephkamil/Desktop/Capstone/splitjerk-short.mp4,splitjerk-short.mp4,split_jerk:splitjerk-short,167.9115447998047,10.44371509552002,112.31645965576172,179.458251953125,1.945098876953125,175.51258850097656,3.404526948928833,161.04824829101562,179.58448791503906,2.9253692626953125,104.96745300292969,77.52440643310547,1.2093462944030762,179.29429626464844,-19.03900146484375,0.0,0.0,0.0,0.0,0.0,0.2802031636238098,0.11779317259788513,0.0922463983297348,0.5614818930625916,0.3969050943851471,0.5642940998077393,0.03223779797554016,0.4774256646633148,0.6440609097480774,-0.034157752990722656,0.11740108579397202,0.08388401567935944,0.004339291248470545,0.22116360068321228,-0.008268177509307861,0.7829181551933289,1.0,0.0,0.9134045243263245,0.9145907759666443,112.31645965576172,161.04824829101562,179.29429626464844,0.0,0.10913404822349548,0.4673784077167511,0.20835095643997192,0.005994865670800209,0.06028777360916138,0.002362857572734356,0.0,0.0,112.31645965576172,140.03492736816406,0.005994865670800209,0.20835095643997192,0.002362857572734356,0.06028777360916138,1.3680541515350342,38.539207458496094,6.438938140869141,156.75375366210938,-0.10913404822349548,0.9134045243263245,5.047677040100098,1.9895260334014893,0.46923547983169556,0.16663524508476257,0.09246943891048431,0.12349933385848999
olympic,split_jerk,/Users/josephkamil/Desktop/Capstone/Oly_Data/raw/jerk/splitjerk-correct.mov,splitjerk-correct.mov,split_jerk:splitjerk-correct,167.5624237060547,17.834749221801758,6.5647406578063965,179.5301513671875,-1.6025238037109375,171.48880004882812,14.817635536193848,3.500540256500244,179.60475158691406,6.3050537109375,106.71707916259766,73.86396026611328,1.4069358110427856,179.30104064941406,159.02166748046875,0.0,0.0,0.0,0.0,0.0,0.2740170657634735,0.1165432408452034,0.045371972024440765,0.5693151950836182,-0.19649672508239746,0.5673651695251465,0.0431387685239315,0.4617871046066284,0.6994367837905884,-0.026889562606811523,0.1081063449382782,0.07922374457120895,0.00048594537656754255,0.24904634058475494,0.17309889197349548,0.783512532711029,1.0,0.0,0.9997610449790955,1.0,6.5647406578063965,3.500540256500244,179.30104064941406,0.0,0.7180406451225281,0.715890109539032,0.2802412509918213,0.0062977890484035015,0.18687859177589417,0.0022292344365268946,1.0,0.0,89.00139617919922,6.5647406578063965,0.0062977890484035015,0.2802412509918213,0.0022292344365268946,0.18687859177589417,1.6476024389266968,120.21833801269531,5.590242385864258,173.3326416015625,-0.7180406451225281,0.9997610449790955,26.34994888305664,9.327116966247559,0.5239432454109192,0.23764967918395996,0.09257251769304276,0.11082279682159424
olympic,snatch,/Users/josephkamil/Desktop/Capstone/Oly_Data/raw/snatch_test.mp4,snatch_test.mp4,snatch:snatch_test,121.06320190429688,47.4687385559082,37.39756774902344,179.59922790527344,-31.761985778808594,119.80438995361328,42.55493927001953,45.0080680847168,176.0670166015625,-47.775604248046875,162.4466094970703,18.28865623474121,21.232675552368164,179.21336364746094,0.891204833984375,0.0,0.0,0.0,0.0,0.0,0.49522656202316284,0.22638586163520813,0.2432956099510193,0.8544347286224365,0.07970559597015381,0.7192549705505371,0.07456985116004944,0.507134199142456,0.878303587436676,0.021316349506378174,0.1670282483100891,0.04892721027135849,0.05084890499711037,0.2615537643432617,0.07217098772525787,0.5872092843055725,1.0,0.2906976640224457,0.8720930218696594,0.5872092843055725,37.39756774902344,45.0080680847168,179.21336364746094,0.0,0.3720930218696594,0.08139535039663315,0.19145303964614868,0.014815517701208591,0.1065935492515564,0.0069529772736132145,1.0,0.0,37.39756774902344,53.584312438964844,0.014815517701208591,0.19145303964614868,0.0069529772736132145,0.1065935492515564,5.621708393096924,71.46208953857422,7.769137859344482,152.9487762451172,-0.08139535039663315,0.5813953280448914,2.5334534645080566,1.1889591217041016,0.6111391186714172,0.37116938829421997,0.09765700250864029,0.25470468401908875
olympic,snatch,/Users/josephkamil/Desktop/Capstone/Oly_Data/raw/real_snatch/snatch_correct_320x240.mp4,snatch_correct_320x240.mp4,snatch:snatch_correct_320x240,144.32127380371094,32.363426208496094,11.05881118774414,179.4039306640625,15.388595581054688,88.04501342773438,51.277427673339844,30.46026611328125,179.509033203125,125.83209228515625,152.1792755126953,46.018436431884766,1.730154275894165,179.08236694335938,-60.55604553222656,0.0,0.0,0.0,0.0,0.0,0.6313508152961731,0.17712850868701935,0.1617988497018814,0.7924965620040894,-0.3965434432029724,0.5979466438293457,0.07786065340042114,0.4492730498313904,0.750779390335083,-0.09340071678161621,0.13198062777519226,0.04807651787996292,0.011450588703155518,0.19884821772575378,-0.0678786039352417,0.16925734281539917,1.0,0.5077720284461975,0.9222797751426697,0.4162348806858063,11.05881118774414,30.46026611328125,179.08236694335938,0.0,0.772020697593689,0.5129533410072327,0.2779850363731384,0.01285772118717432,0.15833616256713867,0.004836478270590305,0.0,1.0,30.722017288208008,11.05881118774414,0.01285772118717432,0.2779850363731384,0.004836478270590305,0.15833616256713867,4.019891738891602,136.41082763671875,10.867169380187988,167.68887329101562,-0.26424869894981384,0.41450777649879456,7.4317626953125,2.7954845428466797,0.6306977272033691,0.3015063405036926,0.1221328154206276,0.18080514669418335
olympic,snatch,/Users/josephkamil/Desktop/Capstone/Oly_Data/raw/snatch_mp4/-38xT-m3Fr4_01080_01414.mp4,-38xT-m3Fr4_01080_01414.mp4,snatch:-38xT-m3Fr4,114.18701934814453,55.39527893066406,33.473384857177734,179.414794921875,13.28057861328125,100.36040496826172,51.16395568847656,36.372222900390625,179.31329345703125,133.53472900390625,172.57009887695312,5.827838897705078,148.6338348388672,179.20851135253906,-6.9474029541015625,0.0,0.0,0.0,0.0,0.0,0.5899496078491211,0.17185083031654358,0.3037278950214386,0.8217973113059998,-0.21587395668029785,0.7002492547035217,0.08140137046575546,0.5584245920181274,0.8228687047958374,0.04491627216339111,0.1317114233970642,0.027360694482922554,0.0411827452480793,0.2120470553636551,-0.04480569064617157,0.4631901979446411,1.0,0.349693238735199,0.8098159432411194,0.4631901979446411,33.473384857177734,36.372222900390625,179.20851135253906,0.0,0.5429447889328003,0.012269938364624977,0.07808732986450195,0.0057048313319683075,0.0881803035736084,0.004192839376628399,1.0,0.0,33.473384857177734,35.581295013427734,0.0057048313319683075,0.07808732986450195,0.004192839376628399,0.0881803035736084,3.296417236328125,45.70869445800781,1.7048858404159546,18.342559814453125,-0.19325153529644012,0.4601227045059204,1.8540701866149902,1.3626728057861328,0.5180693864822388,0.26444411277770996,0.08735743910074234,0.17335836589336395
olympic,snatch,/Users/josephkamil/Desktop/Capstone/Oly_Data/raw/snatch_mp4/-R8O1oRTmaw_01565_01796.mp4,-R8O1oRTmaw_01565_01796.mp4,snatch:-R8O1oRTmaw,139.62176513671875,41.951194763183594,38.65920639038086,179.21517944335938,3.515960693359375,126.6494140625,41.3049201965332,32.47166061401367,179.2548828125,74.9402084350586,170.93246459960938,6.179576873779297,130.62684631347656,179.33248901367188,-7.50006103515625,0.0,0.0,0.0,0.0,0.0,0.486979603767395,0.1746119260787964,0.2471613734960556,0.7031933069229126,-0.36465930938720703,0.5853030681610107,0.06091610714793205,0.43623149394989014,0.7221952676773071,8.404254913330078e-06,0.1526983082294464,0.05036846920847893,0.004785800352692604,0.22376765310764313,-0.1946750283241272,0.4353448152542114,1.0,0.3663793206214905,0.7974137663841248,0.4353448152542114,38.65920639038086,32.47166061401367,179.33248901367188,0.0,0.2284482717514038,0.4137931168079376,0.052659571170806885,0.006503359880298376,0.06417757272720337,0.004696145188063383,0.0,0.0,38.65920639038086,145.6147918701172,0.006503359880298376,0.052659571170806885,0.004696145188063383,0.06417757272720337,3.480311870574951,33.79016876220703,1.5272531509399414,35.32441711425781,0.13793103396892548,0.43103447556495667,1.5022761821746826,1.0848095417022705,0.4560319185256958,0.285963773727417,0.05992138385772705,0.16137228906154633
olympic,snatch,/Users/josephkamil/Desktop/Capstone/Oly_Data/raw/snatch_mp4/-tl9NgfDKus_02564_02720.mp4,-tl9NgfDKus_02564_02720.mp4,snatch:-tl9NgfDKus,129.4092559814453,48.58173370361328,22.118961334228516,172.96852111816406,149.99407958984375,122.89225006103516,47.97504425048828,17.28701400756836,165.55630493164062,144.54209899902344,167.11573791503906,10.613877296447754,131.0052032470703,179.44337463378906,-28.805831909179688,0.0,0.0,0.0,0.0,0.0,0.38461506366729736,0.22277145087718964,0.12294772267341614,0.7594000101089478,-0.4913323223590851,0.6232661604881287,0.06560388207435608,0.5528846979141235,0.7940336465835571,-0.0970684289932251,0.1890060007572174,0.062362827360630035,0.01733706332743168,0.29210203886032104,-0.13098692893981934,0.6153846383094788,1.0,0.3333333432674408,0.9935897588729858,0.6666666865348816,22.118961334228516,17.28701400756836,179.44337463378906,0.0,0.01923076994717121,0.0,0.09012073278427124,0.009190607815980911,0.04898953437805176,0.007255099713802338,0.0,0.0,22.118961334228516,156.13851928710938,0.009190607815980911,0.09012073278427124,0.007255099713802338,0.04898953437805176,4.092343330383301,28.60955047607422,2.279198408126831,23.36688232421875,0.31410256028175354,0.6602563858032227,1.4245442152023315,1.1245404481887817,0.636452317237854,0.2411489486694336,0.07749907672405243,0.1022447869181633
olympic,snatch,/Users/josephkamil/Desktop/Capstone/Oly_Data/raw/snatch_mp4/-tl9NgfDKus_02564_02754.mp4,-tl9NgfDKus_02564_02754.mp4,snatch:-tl9NgfDKus,135.46701049804688,47.51194381713867,20.51019859313965,179.6077423095703,158.64622497558594,130.33929443359375,47.574249267578125,14.287636756896973,179.5424346923828,160.3240966796875,166.31375122070312,11.509328842163086,128.5296630859375,179.42466735839844,-32.714569091796875,0.0,0.0,0.0,0.0,0.0,0.43955740332603455,0.2512144446372986,0.12264686822891235,1.0134462118148804,0.3128918409347534,0.6477837562561035,0.09719877690076828,0.5512230396270752,1.0424413681030273,0.37530481815338135,0.20426954329013824,0.08379486203193665,0.007109199650585651,0.4588090777397156,0.20553219318389893,0.5315789580345154,1.0,0.2789473831653595,0.8473684191703796,0.5736842155456543,20.51019859313965,14.287636756896973,179.42466735839844,0.0,0.0,0.0,0.08619818091392517,0.011832857504487038,0.0600125789642334,0.008567063137888908,0.0,0.0,20.51019859313965,95.38030242919922,0.011832857504487038,0.08619818091392517,0.008567063137888908,0.0600125789642334,4.821324348449707,48.53614044189453,2.6462056636810303,31.53515625,0.2789473831653595,0.5684210658073425,2.236410140991211,1.6191749572753906,0.890799343585968,0.49121832847595215,0.07746750116348267,0.272352010011673
olympic,snatch,/Users/josephkamil/Desktop/Capstone/Oly_Data/raw/snatch_mp4/-tl9NgfDKus_09414_10021.mp4,-tl9NgfDKus_09414_10021.mp4,snatch:-tl9NgfDKus,131.7978057861328,43.98853302001953,9.271159172058105,179.3402099609375,-7.1863250732421875,115.7493667602539,43.47440719604492,33.65708923339844,178.114501953125,-5.3116455078125,164.04501342773438,12.00949764251709,135.92047119140625,179.43185424804688,-22.00091552734375,0.0,0.0,0.0,0.0,0.0,0.5716682076454163,0.19157364964485168,0.21109479665756226,0.8223413228988647,-0.05616772174835205,0.6236893534660339,0.09129007160663605,0.3802180886268616,0.8359835147857666,-0.06464439630508423,0.1634344905614853,0.04868082329630852,0.004653160460293293,0.3265324532985687,0.036705948412418365,0.28933092951774597,1.0,0.6799276471138,0.9674502611160278,0.28933092951774597,9.271159172058105,33.65708923339844,179.43185424804688,0.0,0.6998191475868225,0.6039782762527466,0.047262489795684814,0.0038097950164228678,0.11099308729171753,0.005688674747943878,1.0,1.0,63.880916595458984,9.271159172058105,0.0038097950164228678,0.047262489795684814,0.005688674747943878,0.11099308729171753,5.490683555603027,90.41131591796875,1.50917387008667,15.714675903320312,-0.01989150047302246,0.2875226140022278,2.1030068397521973,3.140148401260376,0.6112465262413025,0.45576542615890503,0.06816351413726807,0.12633033096790314
olympic,snatch,/Users/josephkamil/Desktop/Capstone/Oly_Data/raw/snatch_mp4/0L-eq_vImgA_00001_00810.mp4,0L-eq_vImgA_00001_00810.mp4,snatch:0L-eq_vImgA,125.24771881103516,64.40135955810547,2.6864230632781982,179.1824951171875,8.900009155273438,119.73081970214844,58.76197052001953,1.6442384719848633,179.2813262939453,0.253875732421875,158.5177001953125,33.73067855834961,3.3009259700775146,178.7421112060547,5.3106536865234375,0.0,0.0,0.0,0.0,0.0,0.6408209800720215,0.16286630928516388,0.39621347188949585,0.8714702129364014,-0.1262640357017517,0.7271875739097595,0.06134297698736191,0.6350851058959961,0.8173210620880127,-0.028017818927764893,0.09470628201961517,0.021785695105791092,0.008824707940220833,0.12677635252475739,0.07766833901405334,0.38771185278892517,1.0,0.0,0.9978813529014587,1.0,2.6864230632781982,1.6442384719848633,178.7421112060547,0.0,0.21822033822536469,0.22033898532390594,0.1720992922782898,0.007484099827706814,0.04562795162200928,0.00271489005535841,0.0,0.0,2.6864230632781982,35.616485595703125,0.007484099827706814,0.1720992922782898,0.00271489005535841,0.04562795162200928,6.111340045928955,112.54680633544922,13.481764793395996,167.1323699951172,-0.21822033822536469,0.9978813529014587,3.5250110626220703,1.2787132263183594,0.4752567410469055,0.1822359561920166,0.07170283049345016,0.0988377258181572
olympic,snatch,/Users/josephkamil/Desktop/Capstone/Oly_Data/raw/snatch_mp4/1DX0IXizcHg_00270_00428.mp4,1DX0IXizcHg_00270_00428.mp4,snatch:1DX0IXizcHg,104.2942123413086,53.034996032714844,1.5293197631835938,177.1009063720703,136.47320556640625,116.16294860839844,46.97385025024414,11.6118745803833,179.3380584716797,97.59623718261719,110.02379608154297,54.63607406616211,4.228506565093994,178.71446228027344,-102.05696105957031,0.0,0.0,0.0,0.0,0.0,0.5655124187469482,0.08915303647518158,0.4248312711715698,0.7277834415435791,-0.22273468971252441,0.5935887098312378,0.11582960933446884,0.3516904413700104,0.7324024438858032,-0.1282191276550293,0.11030130833387375,0.04383637756109238,0.006657235324382782,0.2028656154870987,-0.04907982423901558,0.2612612545490265,1.0,0.3513513505458832,0.6216216087341309,0.27927929162979126,1.5293197631835938,11.6118745803833,178.71446228027344,0.0,0.7207207083702087,0.027027027681469917,0.07959306240081787,0.01433294266462326,0.28286585211753845,0.011442956514656544,0.0,0.0,2.7179315090179443,1.5293197631835938,0.01433294266462326,0.07959306240081787,0.011442956514656544,0.28286585211753845,21.366291046142578,145.92068481445312,16.550891876220703,102.15303802490234,-0.36936935782432556,0.2702702581882477,1.5766236782073975,1.2587251663208008,0.3029521703720093,0.38071200251579285,0.024080267176032066,0.03706774115562439
olympic,snatch,/Users/josephkamil/Desktop/Capstone/Oly_Data/raw/snatch_mp4/1DX0IXizcHg_01068_01291.mp4,1DX0IXizcHg_01068_01291.mp4,snatch:1DX0IXizcHg,136.74136352539062,46.99072265625,1.8866651058197021,179.47451782226562,61.257415771484375,140.85238647460938,45.20087432861328,6.402710437774658,179.58900451660156,65.3772201538086,161.1541748046875,33.30169677734375,14.82343864440918,179.3611602783203,-14.255722045898438,0.0,0.0,0.0,0.0,0.0,0.48268258571624756,0.2579710781574249,0.1686965823173523,0.8378990888595581,-0.019168615341186523,0.6741503477096558,0.05658186227083206,0.5183589458465576,0.7811800241470337,-0.0804901123046875,0.18483147025108337,0.043467216193675995,0.026808040216565132,0.2694026529788971,0.01354508101940155,0.5520362257957458,1.0,0.38461539149284363,0.9321267008781433,0.5520362257957458,1.8866651058197021,6.402710437774658,179.3611602783203,0.0,0.4343891441822052,0.4343891441822052,0.22271066904067993,0.013018867932260036,0.0963483452796936,0.006327358074486256,1.0,0.0,1.8866651058197021,124.6683120727539,0.013018867932260036,0.22271066904067993,0.006327358074486256,0.0963483452796936,7.59755802154541,114.97906494140625,8.832574844360352,143.4868621826172,-0.04977375641465187,0.5475113391876221,2.8641510009765625,1.3920187950134277,0.6692025065422058,0.2628210783004761,0.07842916250228882,0.19226542115211487
press,bench_press,/Users/josephkamil/Desktop/Capstone/bench_short.mov,bench_short.mov,bench_press:bench_short,113.63106536865234,40.57435989379883,1.4991931915283203,179.59527587890625,-67.44942474365234,148.76058959960938,26.205686569213867,87.1666030883789,179.23532104492188,-17.329696655273438,123.46636199951172,32.72987747192383,14.80124568939209,178.01040649414062,-47.431068420410156,0.0,0.0,0.0,0.0,0.0,0.47380074858665466,0.12975206971168518,0.2940748631954193,0.8561115264892578,-0.3681420385837555,0.47710564732551575,0.10303530842065811,0.11223441362380981,0.5542211532592773,0.43173205852508545,0.1434423327445984,0.05304868891835213,0.015691353008151054,0.3743869364261627,-0.1349298655986786,0.43169400095939636,1.0,0.08196721225976944,0.994535505771637,0.9180327653884888,1.4991931915283203,87.1666030883789,178.01040649414062,0.0,0.01092896144837141,0.02185792289674282,0.4900151789188385,0.012693985365331173,0.20091116428375244,0.005563162267208099,0.0,0.0,1.4991931915283203,107.29122161865234,0.012693985365331173,0.4900151789188385,0.005563162267208099,0.20091116428375244,4.741481781005859,144.83355712890625,5.2412800788879395,152.7168426513672,0.07103825360536575,0.9125683307647705,2.31030535697937,1.012495517730713,0.5620366334915161,0.44198673963546753,0.04178648069500923,0.03664185106754303
press,bench_press,/Users/josephkamil/Desktop/Capstone/Bench press- arch.mov,Bench press- arch.mov,bench_press:Bench press- arch,85.9588623046875,40.25033950805664,7.2021989822387695,179.673828125,-5.7551422119140625,156.3054656982422,19.769357681274414,4.9122538566589355,179.5276641845703,-5.9207916259765625,119.41567993164062,49.202327728271484,40.45618438720703,179.19012451171875,13.858444213867188,0.0,0.0,0.0,0.0,0.0,0.6885467767715454,0.09786272048950195,0.37976595759391785,1.1721179485321045,0.7497115135192871,0.7625405192375183,0.14214207231998444,-0.8101214170455933,1.0220963954925537,0.5310200452804565,0.16660726070404053,0.13731637597084045,0.07101959735155106,1.0028765201568604,0.6656495332717896,0.8500300049781799,1.0,0.06838632375001907,0.9178164601325989,0.8500300049781799,7.2021989822387695,4.9122538566589355,179.19012451171875,0.0,0.9400119781494141,0.9730054140090942,0.26899972558021545,0.0049216412007808685,1.6530567407608032,0.003592854365706444,0.0,0.0,69.8204116821289,7.2021989822387695,0.0049216412007808685,0.26899972558021545,0.003592854365706444,1.6530567407608032,2.394157886505127,158.223388671875,2.9417574405670166,91.56037139892578,-0.8716256618499756,0.8494300842285156,8.199454307556152,5.9856953620910645,0.7923519611358643,1.832217812538147,0.06497588753700256,0.12765268981456757
press,bench_press,/Users/josephkamil/Desktop/Capstone/Bench Press- Shallow.mov,Bench Press- Shallow.mov,bench_press:Bench Press- Shallow,127.3685302734375,26.12392807006836,54.47121810913086,179.76812744140625,14.307342529296875,160.89566040039062,14.804949760437012,9.82617473602295,179.68727111816406,13.688858032226562,145.50180053710938,32.952674865722656,7.3764495849609375,179.6195831298828,20.902725219726562,0.0,0.0,0.0,0.0,0.0,0.6120986938476562,0.05088992044329643,0.4525895416736603,0.8464521169662476,0.11976772546768188,0.7213996052742004,0.03386453911662102,0.6125699877738953,0.8933262228965759,0.11597764492034912,0.1551370471715927,0.08713559806346893,0.007518303114920855,0.6274612545967102,0.3115626275539398,0.7032257914543152,1.0,0.1367741972208023,0.8787096738815308,0.7432258129119873,54.47121810913086,9.82617473602295,179.6195831298828,0.0,0.8787096738815308,0.8774193525314331,0.14086848497390747,0.00802773330360651,0.11631911993026733,0.0018826049054041505,0.125,0.0,95.09861755371094,54.47121810913086,0.00802773330360651,0.14086848497390747,0.0018826049054041505,0.11631911993026733,2.0831358432769775,109.1988525390625,3.417309522628784,144.92938232421875,-0.7419354915618896,0.7419354915618896,6.213465690612793,1.4571361541748047,0.3938625752925873,0.28075623512268066,0.043355900794267654,0.04748586565256119
press,bench_press,/Users/josephkamil/Desktop/Capstone/bench press/bench press_1.mp4,bench press_1.mp4,bench_press:bench press_1,133.69760131835938,10.343221664428711,106.96296691894531,154.77027893066406,10.196403503417969,153.21095275878906,9.858175277709961,119.13761901855469,166.34115600585938,45.38096618652344,132.18862915039062,22.667287826538086,64.83865356445312,161.76051330566406,-25.940597534179688,0.0,0.0,0.0,0.0,0.0,0.4463494122028351,0.09548830986022949,0.3111515939235687,0.6212953329086304,0.09633827209472656,0.8008869886398315,0.01378859207034111,0.77618408203125,0.8296570777893066,0.04989588260650635,0.1927577704191208,0.09158719331026077,0.030471909791231155,0.3100433051586151,-0.046277791261672974,1.0,1.0,0.0,0.982758641242981,1.0,106.96296691894531,119.13761901855469,161.76051330566406,0.0,0.1551724076271057,0.0,0.09024173021316528,0.018251711502671242,0.013433218002319336,0.002879945794120431,1.0,0.0,106.96296691894531,123.91010284423828,0.018251711502671242,0.09024173021316528,0.002879945794120431,0.013433218002319336,5.853423595428467,23.97051239013672,7.177805423736572,38.773902893066406,-0.1551724076271057,0.982758641242981,1.0403475761413574,0.16415691375732422,0.31014373898506165,0.05347299575805664,0.09548830986022949,0.03957187756896019
