video,path,label,frames_processed,pose_frames,total_frames,knee_mean,knee_std,knee_min,knee_max,knee_delta,hip_mean,hip_std,hip_min,hip_max,hip_delta,elbow_mean,elbow_std,elbow_min,elbow_max,elbow_delta,shoulder_mean,shoulder_std,shoulder_min,shoulder_max,shoulder_delta,wrist_y_mean,wrist_y_std,wrist_y_min,wrist_y_max,wrist_y_delta,hip_y_mean,hip_y_std,hip_y_min,hip_y_max,hip_y_delta,wrist_shoulder_distance_mean,wrist_shoulder_distance_std,wrist_shoulder_distance_min,wrist_shoulder_distance_max,wrist_shoulder_distance_delta,overhead_ratio,has_overhead,first_overhead_pct,last_overhead_pct,overhead_span_pct,min_knee_angle,min_hip_angle,max_elbow_angle,max_shoulder_angle,min_knee_time_pct,min_hip_time_pct,max_wrist_motion,mean_wrist_motion,max_hip_motion,mean_hip_motion,overhead_near_bottom,late_overhead_flag,early_min_knee,late_min_knee,wrist_velocity_mean,wrist_velocity_peak,hip_velocity_mean,hip_velocity_peak,knee_velocity_mean,knee_velocity_peak,elbow_velocity_mean,elbow_velocity_peak,bottom_to_overhead_time,early_late_overhead_delta,wrist_path_length,hip_path_length,wrist_vertical_range,hip_vertical_range,overhead_jitter,late_wrist_y_std
v_CleanAndJerk_g01_c01.avi,/Users/josephkamil/Desktop/Capstone/Oly_Data/raw/clean_and_jerk/CleanAndJerk/v_CleanAndJerk_g01_c01.avi,clean_and_jerk,90,90,100,171.3289794921875,8.480748176574707,135.49652099609375,179.33885192871094,-43.71159362792969,163.02574157714844,9.593504905700684,117.20013427734376,175.14511108398438,-44.16075134277344,110.1270751953125,62.59691619873047,2.6154263019561768,178.91888427734375,6.409332275390625,0.0,0.0,0.0,0.0,0.0,0.3867051899433136,0.1612082421779632,0.1661264449357986,0.7895923852920532,0.2166440486907959,0.5421664118766785,0.0499255321919918,0.4757798612117767,0.702216625213623,0.1835536360740661,0.0933933779597282,0.0607029199600219,0.0037819701246917,0.1901701241731643,-0.0116236507892608,0.422222226858139,1.0,0.1444444507360458,0.6000000238418579,0.4666666686534881,135.49652099609375,117.20013427734376,178.91888427734375,0.0,0.9888888597488404,0.9888888597488404,0.157025933265686,0.0157965365797281,0.032167375087738,0.0051960013806819,0.0,0.0,156.6449737548828,135.49652099609375,0.0157965365797281,0.157025933265686,0.0051960013806819,0.032167375087738,2.0682413578033447,21.1207275390625,16.44148063659668,172.47315979003906,-0.8444444537162781,0.4555555582046509,1.4058917760849,0.4624441266059875,0.6234659552574158,0.2264367640018463,0.0608756840229034,0.1372119188308715
v_CleanAndJerk_g01_c02.avi,/Users/josephkamil/Desktop/Capstone/Oly_Data/raw/clean_and_jerk/CleanAndJerk/v_CleanAndJerk_g01_c02.avi,clean_and_jerk,112,112,113,169.2970733642578,11.358831405639648,132.71607971191406,179.28456115722656,-0.69976806640625,159.26686096191406,14.949658393859863,112.06551361083984,179.4288330078125,-18.2353515625,117.78834533691406,61.078712463378906,3.6730024814605713,176.59481811523438,-1.2298431396484375,0.0,0.0,0.0,0.0,0.0,0.4846587479114532,0.1574437469244003,0.2419466078281402,0.7671988010406494,-0.0016769170761108,0.6141360402107239,0.0333486944437027,0.5514380931854248,0.7043408155441284,0.0112462043762207,0.1011931672692298,0.0593333728611469,0.0076728886924684,0.1809762120246887,-0.0182233899831771,0.3482142984867096,1.0,0.2410714328289032,0.6160714030265808,0.3839285671710968,132.71607971191406,112.06551361083984,176.59481811523438,0.0,0.0446428582072258,0.0446428582072258,0.0998664498329162,0.0154830329120159,0.0305266976356506,0.0051873493939638,0.0,0.0,132.71607971191406,140.8073272705078,0.0154830329120159,0.0998664498329162,0.0051873493939638,0.0305266976356506,2.3803117275238037,15.234970092773438,14.51283359527588,162.50921630859375,0.1964285671710968,0.375,1.718616604804993,0.5757957696914673,0.5252522230148315,0.1529027223587036,0.0656751096248626,0.1061624735593795
v_CleanAndJerk_g01_c03.avi,/Users/josephkamil/Desktop/Capstone/Oly_Data/raw/clean_and_jerk/CleanAndJerk/v_CleanAndJerk_g01_c03.avi,clean_and_jerk,120,120,124,169.8408660888672,12.34312343597412,115.12126922607422,179.24853515625,16.018997192382812,155.4084014892578,23.09037399291992,96.2637710571289,176.00439453125,3.4906539916992188,114.9578094482422,63.39189529418945,5.052059173583984,179.0697479248047,1.428985595703125,0.0,0.0,0.0,0.0,0.0,0.4631827771663666,0.1914394795894622,0.1663490086793899,0.7830450534820557,0.0104805827140808,0.5485970973968506,0.0483116172254085,0.4749252200126648,0.6799513101577759,-0.0913410782814025,0.1098665371537208,0.053536981344223,0.0032892145682126,0.2257198244333267,0.0636980682611465,0.25,1.0,0.4749999940395355,0.7166666388511658,0.25,115.12126922607422,96.2637710571289,179.0697479248047,0.0,0.2083333283662796,0.116666667163372,0.1169508397579193,0.0175208989530801,0.0236538648605346,0.0047773588448762,0.0,1.0,115.12126922607422,155.8402862548828,0.0175208989530801,0.1169508397579193,0.0047773588448762,0.0236538648605346,3.108942985534668,58.691017150878906,14.74977970123291,170.3441925048828,0.2666666805744171,0.2416666597127914,2.084986925125122,0.5685057044029236,0.6166960597038269,0.205026090145111,0.0519284158945083,0.1526224315166473
v_CleanAndJerk_g01_c04.avi,/Users/josephkamil/Desktop/Capstone/Oly_Data/raw/clean_and_jerk/CleanAndJerk/v_CleanAndJerk_g01_c04.avi,clean_and_jerk,113,113,119,175.3385772705078,4.890239238739014,152.24327087402344,179.35015869140625,19.85089111328125,165.8397674560547,8.408244132995605,125.9570083618164,176.19534301757812,24.56237030029297,101.96688842773438,67.47903442382812,2.016714096069336,178.67799377441406,11.481887817382812,0.0,0.0,0.0,0.0,0.0,0.4290122091770172,0.139914184808731,0.1945069134235382,0.7217966318130493,-0.0017411708831787,0.5592935085296631,0.0167369823902845,0.517342209815979,0.6120585203170776,-0.0272122621536254,0.0947878062725067,0.0599063858389854,0.0022488778922706,0.174054205417633,0.0471504405140876,0.3362831771373749,1.0,0.38053098320961,0.76106196641922,0.389380544424057,152.24327087402344,125.9570083618164,178.67799377441406,0.0,0.0442477874457836,0.0,0.0844262838363647,0.0145678911358118,0.0390084981918334,0.0039731198921799,0.0,0.0,152.24327087402344,171.91183471679688,0.0145678911358118,0.0844262838363647,0.0039731198921799,0.0390084981918334,2.229093551635742,21.597915649414062,12.118645668029783,105.30418395996094,0.3362831771373749,0.38053098320961,1.6316038370132446,0.4449894428253174,0.5272897481918335,0.0947163105010986,0.070724032819271,0.1121710166335105
v_CleanAndJerk_g02_c01.avi,/Users/josephkamil/Desktop/Capstone/Oly_Data/raw/clean_and_jerk/CleanAndJerk/v_CleanAndJerk_g02_c01.avi,clean_and_jerk,103,103,103,134.97975158691406,46.67583084106445,42.76313400268555,179.3018035888672,131.69342041015625,131.47665405273438,46.5924186706543,32.902122497558594,179.40492248535156,137.3380889892578,172.18295288085938,5.313203811645508,139.10107421875,178.84365844726562,1.3095855712890625,0.0,0.0,0.0,0.0,0.0,0.3916622400283813,0.0922847464680671,0.2860755324363708,0.6315585374832153,-0.3155907392501831,0.5828714370727539,0.0482690893113613,0.4847521185874939,0.668166995048523,-0.0545566082000732,0.0893351063132286,0.0157679487019777,0.0202447418123483,0.1169356107711792,-0.0228069573640823,0.7766990065574646,1.0,0.223300963640213,0.9902912378311156,0.7766990065574646,42.76313400268555,32.902122497558594,178.84365844726562,0.0,0.0097087379544973,0.0097087379544973,0.0264461934566497,0.0051404582336544,0.0313444733619689,0.0054498594254255,0.0,0.0,42.76313400268555,143.13551330566406,0.0051404582336544,0.0264461934566497,0.0054498594254255,0.0313444733619689,4.669404983520508,41.691741943359375,2.7382521629333496,26.7545166015625,0.2135922312736511,0.7669903039932251,0.524326741695404,0.5558856725692749,0.3454830050468445,0.183414876461029,0.0503820665180683,0.0107498811557888
v_CleanAndJerk_g02_c02.avi,/Users/josephkamil/Desktop/Capstone/Oly_Data/raw/clean_and_jerk/CleanAndJerk/v_CleanAndJerk_g02_c02.avi,clean_and_jerk,245,245,245,163.6311798095703,25.500503540039062,48.562705993652344,179.31996154785156,47.48701477050781,157.653564453125,23.573471069335938,51.594581604003906,178.66554260253906,50.77558135986328,85.89413452148438,66.33694458007812,2.0005743503570557,179.08316040039062,-1.800048828125,0.0,0.0,0.0,0.0,0.0,0.4122407734394073,0.0975829884409904,0.2139079123735427,0.7134078741073608,-0.4853102564811706,0.5822616219520569,0.047093715518713,0.491757869720459,0.6899253129959106,-0.1012845039367675,0.0629478991031646,0.0614317432045936,0.0010976104531437,0.1859124153852462,-0.048256441950798,0.3469387888908386,1.0,0.1387755125761032,0.9959183931350708,0.8612244725227356,48.562705993652344,51.594581604003906,179.08316040039062,0.0,0.1551020443439483,0.1551020443439483,0.0501563549041748,0.0054697603918612,0.0367558598518371,0.0041003949008882,0.625,0.0,48.562705993652344,151.42835998535156,0.0054697603918612,0.0501563549041748,0.0041003949008882,0.0367558598518371,2.52561616897583,45.107887268066406,6.778377532958984,135.130615234375,-0.0163265299052,0.8571428656578064,1.334621548652649,1.0004963874816897,0.4994999766349792,0.1981674432754516,0.0710875317454338,0.0821771696209907
v_CleanAndJerk_g02_c03.avi,/Users/josephkamil/Desktop/Capstone/Oly_Data/raw/clean_and_jerk/CleanAndJerk/v_CleanAndJerk_g02_c03.avi,clean_and_jerk,211,211,211,160.44073486328125,32.50458908081055,44.200870513916016,179.36024475097656,109.61614990234376,152.01190185546875,28.89988136291504,44.52219772338867,177.21360778808594,91.57376098632812,62.32956314086914,59.3314323425293,2.6733052730560303,179.11041259765625,-26.479751586914062,0.0,0.0,0.0,0.0,0.0,0.474538654088974,0.0926963165402412,0.3277962803840637,0.7165216207504272,-0.3694693446159363,0.6077654957771301,0.0438070967793464,0.5351297855377197,0.7558556795120239,0.0005671381950378,0.0378824546933174,0.0594678334891796,0.0006308613810688,0.1870899051427841,-0.0360874682664871,0.2559241652488708,1.0,0.1800947934389114,0.9952606558799744,0.8199052214622498,44.200870513916016,44.52219772338867,179.11041259765625,0.0,0.2227488160133361,0.2227488160133361,0.0357131958007812,0.004173117224127,0.0597866773605346,0.0033519428689032,0.625,0.0,44.200870513916016,166.7843017578125,0.004173117224127,0.0357131958007812,0.0033519428689032,0.0597866773605346,2.576856851577759,31.887603759765625,7.744219779968262,171.71243286132812,-0.0426540300250053,0.8151658773422241,0.8763546347618103,0.7039080262184143,0.3887253403663635,0.2207258939743042,0.0661428198218345,0.0229898914694786
v_CleanAndJerk_g02_c04.avi,/Users/josephkamil/Desktop/Capstone/Oly_Data/raw/clean_and_jerk/CleanAndJerk/v_CleanAndJerk_g02_c04.avi,clean_and_jerk,291,291,293,166.42530822753906,22.49006462097168,60.13499450683594,179.3949432373047,53.35670471191406,161.5703582763672,20.30236053466797,55.43195724487305,179.45594787597656,57.85643005371094,71.36007690429688,72.9533920288086,1.5911390781402588,179.0013427734375,5.2787017822265625,0.0,0.0,0.0,0.0,0.0,0.4058031141757965,0.1217540428042411,0.1917326152324676,0.760017454624176,-0.5428972840309143,0.5819097757339478,0.0512311160564422,0.5269359946250916,0.7461836338043213,-0.1204081773757934,0.0612038895487785,0.0629647895693779,0.0080043012276291,0.191617339849472,-0.0267889946699142,0.3092783391475677,1.0,0.1168384850025177,0.9965635538101196,0.8831614851951599,60.13499450683594,55.43195724487305,179.0013427734375,0.0,0.1408934742212295,0.1408934742212295,0.057344377040863,0.0056934324093163,0.042567491531372,0.0041735754348337,0.875,0.0,60.13499450683594,143.47572326660156,0.0056934324093163,0.057344377040863,0.0041735754348337,0.042567491531372,2.1899616718292236,39.24687957763672,9.068963050842283,162.58837890625,-0.0240549836307764,0.8797250986099243,1.6510953903198242,1.2103369235992432,0.5682848691940308,0.2192476391792297,0.132104605436325,0.0781934708356857
v_CleanAndJerk_g03_c01.avi,/Users/josephkamil/Desktop/Capstone/Oly_Data/raw/clean_and_jerk/CleanAndJerk/v_CleanAndJerk_g03_c01.avi,clean_and_jerk,172,172,172,157.9945831298828,30.86628532409668,39.92365646362305,178.133056640625,30.06317138671875,152.31088256835938,27.523250579833984,46.15455627441406,169.48809814453125,33.77848815917969,88.88790130615234,59.01075744628906,32.61289978027344,179.25819396972656,0.2862548828125,0.0,0.0,0.0,0.0,0.0,0.2825766801834106,0.1451170444488525,0.0727947503328323,0.6429396867752075,-0.5262961983680725,0.5537828803062439,0.0907516106963157,0.3941203951835632,0.8410028219223022,0.0535765886306762,0.0857210308313369,0.0941781029105186,0.002978689270094,0.2733688950538635,-0.0728266090154647,0.8837209343910217,1.0,0.1162790730595588,0.9941860437393188,0.8837209343910217,39.92365646362305,46.15455627441406,179.25819396972656,0.0,0.1686046570539474,0.1802325546741485,0.0834244489669799,0.0093734413385391,0.1139112710952758,0.0079128537327051,1.0,0.0,39.92365646362305,153.74961853027344,0.0093734413385391,0.0834244489669799,0.0079128537327051,0.1139112710952758,2.5402770042419434,47.23415756225586,3.1565394401550293,100.57452392578124,-0.0523255802690982,0.8779069781303406,1.602858543395996,1.353097915649414,0.5701449513435364,0.446882426738739,0.1303314417600631,0.0853432565927505
v_CleanAndJerk_g03_c02.avi,/Users/josephkamil/Desktop/Capstone/Oly_Data/raw/clean_and_jerk/CleanAndJerk/v_CleanAndJerk_g03_c02.avi,clean_and_jerk,254,254,254,155.4364471435547,34.2025260925293,37.23065185546875,179.40113830566406,81.16004943847656,149.05514526367188,29.91354179382324,47.75311279296875,170.31752014160156,80.37884521484375,66.15672302246094,58.179447174072266,23.502819061279297,171.60072326660156,27.743988037109375,0.0,0.0,0.0,0.0,0.0,0.3100477755069732,0.170660451054573,0.1101691573858261,0.6983219385147095,-0.5878197550773621,0.543339192867279,0.0854904428124427,0.4192728996276855,0.8481374382972717,-0.0815987586975097,0.073881559073925,0.0904564708471298,0.0015862071886658,0.2609720826148987,0.0135162621736526,0.7244094610214233,1.0,0.1811023652553558,0.996062994003296,0.8188976645469666,37.23065185546875,47.75311279296875,171.60072326660156,0.0,0.2086614221334457,0.2086614221334457,0.0501799285411834,0.0060921609401702,0.0642840266227722,0.0057497969828546,0.25,0.0,37.23065185546875,150.41294860839844,0.0060921609401702,0.0501799285411834,0.0057497969828546,0.0642840266227722,2.2310945987701416,43.68181228637695,1.978327989578247,91.6999282836914,-0.0275590550154447,0.8149606585502625,1.5413167476654053,1.45469868183136,0.5881527662277222,0.4288645386695862,0.0900538638234138,0.0533876679837703
v_CleanAndJerk_g03_c03.avi,/Users/josephkamil/Desktop/Capstone/Oly_Data/raw/clean_and_jerk/CleanAndJerk/v_CleanAndJerk_g03_c03.avi,clean_and_jerk,276,276,276,164.09909057617188,28.87059783935547,41.47626495361328,179.5988311767578,90.8356704711914,154.697998046875,26.402339935302734,38.54799270629883,177.59596252441406,88.84716796875,71.28724670410156,59.52360153198242,18.127275466918945,177.0749969482422,12.061599731445312,0.0,0.0,0.0,0.0,0.0,0.2631494998931885,0.1515945792198181,0.1107296496629715,0.6760352849960327,-0.5653056502342224,0.5418239831924438,0.0846060886979103,0.4013388752937317,0.8212136030197144,-0.0088405609130859,0.0808639675378799,0.0934719964861869,0.0024232242722064,0.2824242115020752,-0.0331855416297912,0.8514492511749268,1.0,0.1231884062290191,0.9963768124580384,0.8768116235733032,41.47626495361328,38.54799270629883,177.0749969482422,0.0,0.170289859175682,0.1739130467176437,0.0922344923019409,0.0052724932320415,0.1181856393814086,0.0048719746991992,1.0,0.0,41.47626495361328,154.38107299804688,0.0052724932320415,0.0922344923019409,0.0048719746991992,0.1181856393814086,2.1708202362060547,36.49026870727539,2.457263946533203,97.09347534179688,-0.0471014492213726,0.8731883764266968,1.4499356746673584,1.339793086051941,0.5653056502342224,0.4198747277259826,0.0992665290832519,0.0433740690350532
v_CleanAndJerk_g03_c04.avi,/Users/josephkamil/Desktop/Capstone/Oly_Data/raw/clean_and_jerk/CleanAndJerk/v_CleanAndJerk_g03_c04.avi,clean_and_jerk,293,293,293,152.12545776367188,38.72639846801758,39.9172477722168,179.37355041503906,99.72105407714844,146.20025634765625,35.13877868652344,48.09698486328125,173.143798828125,99.79322052001952,69.85796356201172,58.08737564086914,22.024612426757812,173.1201934814453,12.549896240234377,0.0,0.0,0.0,0.0,0.0,0.3233381807804107,0.1852225363254547,0.1008262336254119,0.7072546482086182,-0.5879716873168945,0.557684600353241,0.0825293660163879,0.4500409960746765,0.8703789114952087,-0.0474142432212829,0.083733856678009,0.0958286225795745,0.0018197199096903,0.2739511430263519,0.0276479721069335,0.723549485206604,1.0,0.2013651877641677,0.9965870380401612,0.7986348271369934,39.9172477722168,48.09698486328125,173.1201934814453,0.0,0.2320819050073623,0.2320819050073623,0.1128235459327697,0.0056632966734468,0.0682965517044067,0.0051155751571059,0.625,0.0,39.9172477722168,151.60980224609375,0.0056632966734468,0.1128235459327697,0.0051155751571059,0.0682965517044067,2.012212038040161,28.464111328125,2.104130268096924,109.66378784179688,-0.03071672283113,0.7952218651771545,1.6536825895309448,1.4937479496002195,0.6064283847808838,0.4203379154205322,0.096765786409378,0.0619664303958416
v_CleanAndJerk_g03_c05.avi,/Users/josephkamil/Desktop/Capstone/Oly_Data/raw/clean_and_jerk/CleanAndJerk/v_CleanAndJerk_g03_c05.avi,clean_and_jerk,217,217,238,169.36016845703125,8.415392875671387,146.27288818359375,179.36029052734375,12.049697875976562,163.65228271484375,6.813504695892334,145.8714599609375,174.6836700439453,15.308837890625,99.58495330810548,63.091217041015625,31.20298957824707,179.21273803710938,8.169265747070312,0.0,0.0,0.0,0.0,0.0,0.2144908010959625,0.0941760465502739,0.0985812619328498,0.5014949440956116,-0.3788152635097503,0.5362616181373596,0.0489098280668258,0.3918367028236389,0.6774371266365051,0.1769264340400695,0.0980992838740348,0.0914107263088226,0.0062364293262362,0.2738327085971832,-0.0582586824893951,0.9447004795074464,1.0,0.0552995391190052,0.9953917264938354,0.9447004795074464,146.27288818359375,145.8714599609375,179.21273803710938,0.0,0.0506912432610988,0.0552995391190052,0.1597063243389129,0.0051407180726528,0.0966572165489196,0.0044162850826978,0.875,0.0,146.27288818359375,150.6534423828125,0.0051407180726528,0.1597063243389129,0.0044162850826978,0.0966572165489196,0.9182720184326172,17.324081420898438,2.0536723136901855,109.28111267089844,0.0046082949265837,0.940092146396637,1.110395073890686,0.9539176225662231,0.4029136896133423,0.2856004238128662,0.0779817923903465,0.023562379181385
v_CleanAndJerk_g03_c06.avi,/Users/josephkamil/Desktop/Capstone/Oly_Data/raw/clean_and_jerk/CleanAndJerk/v_CleanAndJerk_g03_c06.avi,clean_and_jerk,229,229,246,157.73294067382812,22.160200119018555,74.0780258178711,178.5112762451172,-8.687057495117188,152.42807006835938,22.915008544921875,59.640602111816406,172.88128662109375,-12.90790557861328,111.14978790283205,72.91156005859375,2.5199105739593506,177.25791931152344,7.194122314453125,0.0,0.0,0.0,0.0,0.0,0.3007226586341858,0.2187695950269699,0.1054445803165435,0.8979043960571289,0.1318961381912231,0.5775964856147766,0.0930955335497856,0.3939520120620727,0.8380361795425415,0.1782219409942627,0.144020676612854,0.0968942269682884,0.0082794111222028,0.2752234637737274,-0.0658961683511734,0.6550218462944031,1.0,0.2620087265968323,0.912663757801056,0.6550218462944031,74.0780258178711,59.640602111816406,177.25791931152344,0.0,0.9170305728912354,0.9170305728912354,0.1879457831382751,0.0097487196326255,0.1554542779922485,0.0069973939098417,0.0,0.0,112.23743438720705,74.0780258178711,0.0097487196326255,0.1879457831382751,0.0069973939098417,0.1554542779922485,3.6257848739624023,48.39897918701172,3.7050390243530273,142.47889709472656,-0.6550218462944031,0.6506550312042236,2.222707986831665,1.5954058170318604,0.7924598455429077,0.4440841674804687,0.0662919953465461,0.2928567826747894
v_CleanAndJerk_g04_c01.avi,/Users/josephkamil/Desktop/Capstone/Oly_Data/raw/clean_and_jerk/CleanAndJerk/v_CleanAndJerk_g04_c01.avi,clean_and_jerk,142,142,143,159.58877563476562,37.60050201416016,25.875234603881836,179.17018127441406,3.974685668945313,159.22276306152344,33.48036193847656,33.82914352416992,179.4348907470703,-1.348846435546875,77.04163360595703,73.2798843383789,1.3982481956481934,178.7360382080078,-68.28311157226562,0.0,0.0,0.0,0.0,0.0,0.3938698470592499,0.1358652859926223,0.1900673508644104,0.6778911352157593,-0.4458180665969848,0.5517258048057556,0.0557021871209144,0.4878501892089844,0.6962078213691711,-0.1158047318458557,0.0609538927674293,0.0558223389089107,0.0009524743654765,0.1672210544347763,-0.0728446245193481,0.4788732528686523,1.0,0.1971831023693084,0.9929577708244324,0.8028169274330139,25.875234603881836,33.82914352416992,178.7360382080078,0.0,0.246478870511055,0.246478870511055,0.0840515494346618,0.0112013621255755,0.0477058291435241,0.0060704392381012,0.5,0.0,25.875234603881836,163.55325317382812,0.0112013621255755,0.0840515494346618,0.0060704392381012,0.0477058291435241,3.8588149547576904,83.2948989868164,13.17447566986084,175.77735900878906,-0.0492957755923271,0.7957746386528015,1.5793920755386353,0.8559319376945496,0.4878237843513489,0.2083576321601867,0.1202791482210159,0.0773912593722343
v_CleanAndJerk_g04_c02.avi,/Users/josephkamil/Desktop/Capstone/Oly_Data/raw/clean_and_jerk/CleanAndJerk/v_CleanAndJerk_g04_c02.avi,clean_and_jerk,237,237,237,165.5695037841797,35.54251480102539,21.29029083251953,179.33717346191406,16.618270874023438,161.82113647460938,32.020530700683594,24.753849029541016,179.44712829589844,24.66180419921875,52.870880126953125,65.26019287109375,1.4353684186935425,178.6656036376953,-0.5825653076171875,0.0,0.0,0.0,0.0,0.0,0.3869264423847198,0.1159295663237571,0.162175565958023,0.6921343803405762,-0.5038073062896729,0.5419575572013855,0.0513827353715896,0.4887799620628357,0.702995240688324,-0.0930027961730957,0.0408584773540496,0.0517624467611312,0.0023860801011323,0.1667660176753997,0.0215476900339126,0.594936728477478,1.0,0.1181434616446495,0.99578058719635,0.8818565607070923,21.29029083251953,24.753849029541016,178.6656036376953,0.0,0.1856540143489837,0.1898734122514724,0.0703418850898742,0.0071793566457927,0.0320164561271667,0.0038026724942028,0.5,0.0,21.29029083251953,167.82530212402344,0.0071793566457927,0.0703418850898742,0.0038026724942028,0.0320164561271667,2.152010202407837,46.726470947265625,8.011014938354492,133.74911499023438,-0.0675105452537536,0.8776371479034424,1.6943281888961792,0.8974307179450989,0.5299588441848755,0.2142152786254882,0.088066928088665,0.0682728588581085
v_CleanAndJerk_g04_c03.avi,/Users/josephkamil/Desktop/Capstone/Oly_Data/raw/clean_and_jerk/CleanAndJerk/v_CleanAndJerk_g04_c03.avi,clean_and_jerk,146,146,146,156.31130981445312,40.277828216552734,32.437835693359375,179.29229736328125,8.237823486328125,156.03504943847656,40.13460159301758,32.88599395751953,179.4378662109375,-0.6746826171875,72.32713317871094,72.6010971069336,1.0515000820159912,178.7337646484375,-70.77323913574219,0.0,0.0,0.0,0.0,0.0,0.3933137953281402,0.1330494582653045,0.1864993423223495,0.6898618936538696,-0.4459948241710663,0.5550326108932495,0.0583212114870548,0.4972277283668518,0.6929239630699158,-0.133558988571167,0.0563016906380653,0.0570648647844791,0.0010213281493633,0.1684529930353164,-0.0945795327425003,0.4520547986030578,1.0,0.1575342416763305,0.9931507110595704,0.8424657583236694,32.437835693359375,32.88599395751953,178.7337646484375,0.0,0.308219164609909,0.308219164609909,0.0402880907058715,0.0095955086871981,0.030487835407257,0.0052031776867806,0.25,0.0,32.437835693359375,164.38661193847656,0.0095955086871981,0.0402880907058715,0.0052031776867806,0.030487835407257,3.2741401195526123,42.2747802734375,8.696537971496582,114.3405303955078,-0.1506849378347396,0.835616409778595,1.3913487195968628,0.7544607520103455,0.5033625364303589,0.1956962347030639,0.1051252707839012,0.0831505432724952
v_CleanAndJerk_g04_c04.avi,/Users/josephkamil/Desktop/Capstone/Oly_Data/raw/clean_and_jerk/CleanAndJerk/v_CleanAndJerk_g04_c04.avi,clean_and_jerk,143,143,152,159.2588348388672,40.71918869018555,29.16193389892578,179.28555297851562,1.56390380859375,154.46820068359375,36.84040451049805,37.53349304199219,177.51925659179688,-2.706451416015625,56.00351333618164,69.27462768554688,1.5247281789779663,178.70249938964844,6.248931884765625,0.0,0.0,0.0,0.0,0.0,0.3896684348583221,0.1162335127592086,0.1597681194543838,0.6836462020874023,-0.5166305303573608,0.5527665019035339,0.0576549768447876,0.4889339208602905,0.7038354873657227,-0.1148757338523864,0.0493762269616127,0.0559320971369743,0.0007321701268665,0.1710341423749923,-0.0174503922462463,0.5244755148887634,1.0,0.1328671276569366,0.9930070042610168,0.867132842540741,29.16193389892578,37.53349304199219,178.70249938964844,0.0,0.251748263835907,0.251748263835907,0.0984373688697815,0.010233805514872,0.0409541726112365,0.0059045678935945,1.0,0.0,29.16193389892578,172.44619750976562,0.010233805514872,0.0984373688697815,0.0059045678935945,0.0409541726112365,2.774223566055298,52.072120666503906,8.701257705688477,81.76756286621094,-0.1188811212778091,0.8601398468017578,1.453200340270996,0.8384486436843872,0.5238780975341797,0.2149015665054321,0.1230349615216255,0.0811691582202911
v_CleanAndJerk_g04_c05.avi,/Users/josephkamil/Desktop/Capstone/Oly_Data/raw/clean_and_jerk/CleanAndJerk/v_CleanAndJerk_g04_c05.avi,clean_and_jerk,233,233,237,163.24537658691406,35.21895980834961,26.571178436279297,179.27259826660156,5.4956817626953125,158.3754425048828,39.19932556152344,8.559187889099121,179.42555236816406,164.85934448242188,53.0503044128418,62.329376220703125,1.5040305852890017,178.80276489257812,26.86920166015625,0.0,0.0,0.0,0.0,0.0,0.3674951195716858,0.109544888138771,0.152834340929985,0.7385015487670898,-0.5521407127380371,0.5407049059867859,0.0482304170727729,0.4880587458610534,0.696544885635376,-0.0382589697837829,0.040681667625904,0.0504415221512317,0.0013810435775667,0.1600774079561233,0.0434608832001686,0.5064377784729004,1.0,0.0944206044077873,0.995708167552948,0.905579388141632,26.571178436279297,8.559187889099121,178.80276489257812,0.0,0.1716738194227218,0.0,0.0881712436676025,0.0073356330394744,0.0282194018363952,0.0036394875496625,0.25,0.0,26.571178436279297,170.95249938964844,0.0073356330394744,0.0881712436676025,0.0036394875496625,0.0282194018363952,2.2110631465911865,42.26749420166016,8.25143814086914,98.6751708984375,-0.0772532224655151,0.90128755569458,1.701866865158081,0.8443611264228821,0.5856671929359436,0.2084861397743225,0.091196022927761,0.0883023515343666
v_CleanAndJerk_g05_c01.avi,/Users/josephkamil/Desktop/Capstone/Oly_Data/raw/clean_and_jerk/CleanAndJerk/v_CleanAndJerk_g05_c01.avi,clean_and_jerk,91,91,91,133.6460723876953,46.80474853515625,38.151458740234375,179.41546630859375,88.2896728515625,127.85155487060548,42.4941291809082,43.88218307495117,170.5812225341797,96.59314727783205,169.09933471679688,8.67984676361084,144.82696533203125,179.10606384277344,-10.142898559570312,0.0,0.0,0.0,0.0,0.0,0.4441685080528259,0.1782208830118179,0.2642551064491272,0.80274897813797,-0.5328643918037415,0.6758134365081787,0.0711517035961151,0.5768624544143677,0.8269757032394409,-0.0863890647888183,0.1421501487493515,0.0254667550325393,0.0159097984433174,0.1651123613119125,-0.0017095506191253,0.7142857313156128,1.0,0.2857142984867096,0.9890109896659852,0.7142857313156128,38.151458740234375,43.88218307495117,179.10606384277344,0.0,0.3956044018268585,0.3956044018268585,0.0364096164703369,0.0080032646656036,0.0599878430366516,0.0072406106628477,1.0,0.0,38.151458740234375,115.68999481201172,0.0080032646656036,0.0364096164703369,0.0072406106628477,0.0599878430366516,4.95592737197876,26.947982788085938,2.3841989040374756,19.425994873046875,-0.1098901107907295,0.7032967209815979,0.7202938199043274,0.6516549587249756,0.5384938716888428,0.2501132488250732,0.0881996676325798,0.0080366851761937
v_CleanAndJerk_g05_c02.avi,/Users/josephkamil/Desktop/Capstone/Oly_Data/raw/clean_and_jerk/CleanAndJerk/v_CleanAndJerk_g05_c02.avi,clean_and_jerk,146,146,146,100.26944732666016,50.5739631652832,20.697431564331055,167.21104431152344,85.66000366210938,99.42715454101562,46.61751174926758,20.279457092285156,160.89923095703125,105.22615051269533,171.3523712158203,6.822531700134277,131.48158264160156,178.9665985107422,-0.59503173828125,0.0,0.0,0.0,0.0,0.0,0.4443670213222503,0.1249511837959289,0.2786836624145508,0.7776052951812744,-0.4973708987236023,0.6975052952766418,0.0829147696495056,0.5712958574295044,0.8097132444381714,-0.1332861185073852,0.1162128970026969,0.0175579749047756,0.02124460414052,0.1480648815631866,-0.0269993096590042,0.8630136847496033,1.0,0.1369863003492355,0.9931507110595704,0.8630136847496033,20.697431564331055,20.279457092285156,178.9665985107422,0.0,0.2054794579744339,0.2054794579744339,0.0340021848678588,0.0049985568039119,0.0511255860328674,0.0049089416861534,1.0,0.0,20.697431564331055,48.95780563354492,0.0049985568039119,0.0340021848678588,0.0049089416861534,0.0511255860328674,3.2915289402008057,50.111595153808594,1.7104387283325195,17.9788818359375,-0.0684931501746177,0.8561643958091736,0.7247907519340515,0.7117965221405029,0.4989216327667236,0.238417387008667,0.0954708978533744,0.0378514192998409
v_CleanAndJerk_g05_c03.avi,/Users/josephkamil/Desktop/Capstone/Oly_Data/raw/clean_and_jerk/CleanAndJerk/v_CleanAndJerk_g05_c03.avi,clean_and_jerk,146,146,146,168.0501708984375,23.734451293945312,40.74163055419922,179.2635498046875,122.60245513916016,165.03021240234375,26.08044815063477,25.307262420654297,179.20346069335938,128.50155639648438,70.5502700805664,57.2320556640625,2.7844364643096924,173.9838409423828,-12.578140258789062,0.0,0.0,0.0,0.0,0.0,0.5111325979232788,0.1053881049156189,0.3322500586509704,0.8260826468467712,-0.4910927414894104,0.6522655487060547,0.0290387123823165,0.6240224242210388,0.7500808238983154,-0.1102510690689086,0.0466996803879737,0.0574165880680084,0.0002980635326821,0.1679862290620803,-0.0339756309986114,0.5136986374855042,1.0,0.1575342416763305,0.9931507110595704,0.8424657583236694,40.74163055419922,25.307262420654297,173.9838409423828,0.0,0.0205479450523853,0.0205479450523853,0.0551881194114685,0.0056107495911419,0.0461323261260986,0.0039195083081722,0.0,0.0,40.74163055419922,159.6324005126953,0.0056107495911419,0.0551881194114685,0.0039195083081722,0.0461323261260986,3.3045237064361572,50.493064880371094,5.383842945098877,91.43763732910156,0.1369863003492355,0.835616409778595,0.8135586977005005,0.5683287382125854,0.4938325881958008,0.1260583996772766,0.0781628638505935,0.0772888734936714
v_CleanAndJerk_g05_c04.avi,/Users/josephkamil/Desktop/Capstone/Oly_Data/raw/clean_and_jerk/CleanAndJerk/v_CleanAndJerk_g05_c04.avi,clean_and_jerk,206,206,206,150.4576873779297,36.49102783203125,46.03086471557617,179.3441925048828,43.09162902832031,145.6851806640625,32.22737121582031,54.4254150390625,174.89630126953125,55.518775939941406,100.5213394165039,60.08009719848633,21.68080139160156,179.02346801757812,-3.0872802734375,0.0,0.0,0.0,0.0,0.0,0.5212224125862122,0.1266351789236068,0.311498761177063,0.8341377973556519,-0.5192279815673828,0.6904551386833191,0.0513058640062809,0.6114284992218018,0.8221390843391418,-0.0863654017448425,0.0679511204361915,0.0584644749760627,0.0040689636953175,0.1832492798566818,-0.0083063691854476,0.8058252334594727,1.0,0.1601941734552383,0.995145618915558,0.8398058414459229,46.03086471557617,54.4254150390625,179.02346801757812,0.0,0.2038834989070892,0.2475728094577789,0.0458501577377319,0.0063844947144389,0.0659641623497009,0.0050429552793502,1.0,0.0,46.03086471557617,123.3408203125,0.0063844947144389,0.0458501577377319,0.0050429552793502,0.0659641623497009,3.480008125305176,38.077850341796875,14.263850212097168,123.66510009765624,-0.0436893217265605,0.8349514603614807,1.308821439743042,1.0338058471679688,0.5226390361785889,0.2107105851173401,0.087007537484169,0.063190683722496
v_CleanAndJerk_g06_c01.avi,/Users/josephkamil/Desktop/Capstone/Oly_Data/raw/clean_and_jerk/CleanAndJerk/v_CleanAndJerk_g06_c01.avi,clean_and_jerk,190,190,190,160.23329162597656,27.369970321655273,73.867919921875,179.35972595214844,26.55284118652344,156.27069091796875,21.576040267944336,88.35088348388672,175.71136474609375,31.999710083007812,106.42908477783205,62.40266418457031,23.80874252319336,179.04611206054688,1.7324371337890625,0.0,0.0,0.0,0.0,0.0,0.4065439403057098,0.1707720309495926,0.1900958716869354,0.7857515811920166,-0.5932252407073975,0.6311642527580261,0.0450142100453376,0.5825881958007812,0.7657399773597717,-0.0941693186759948,0.0955324470996856,0.0705087184906005,0.0049249515868723,0.1814536452293396,0.007227599620819,0.7894737124443054,1.0,0.1789473742246627,0.9947368502616882,0.821052610874176,73.867919921875,88.35088348388672,179.04611206054688,0.0,0.2263157963752746,0.2263157963752746,0.0503274202346801,0.0063856444321572,0.0541626811027526,0.0045073456130921,0.625,0.0,73.867919921875,158.4715576171875,0.0063856444321572,0.0503274202346801,0.0045073456130921,0.0541626811027526,2.725802421569824,23.30524444580078,3.403079032897949,68.31632995605469,-0.0473684221506118,0.8157894611358643,1.2068867683410645,0.8518883585929871,0.5956556797027588,0.1831517815589904,0.1047708392143249,0.048243198543787
v_CleanAndJerk_g06_c02.avi,/Users/josephkamil/Desktop/Capstone/Oly_Data/raw/clean_and_jerk/CleanAndJerk/v_CleanAndJerk_g06_c02.avi,clean_and_jerk,193,193,194,168.92901611328125,16.73541259765625,99.44278717041016,179.47242736816406,52.649452209472656,165.06007385253906,13.562524795532228,107.75588989257812,179.2213134765625,42.69001770019531,86.0813217163086,64.96781921386719,19.42069625854492,171.44888305664062,1.359466552734375,0.0,0.0,0.0,0.0,0.0,0.3217951357364654,0.165966659784317,0.1050281822681427,0.7937504053115845,-0.6720010042190552,0.5765532851219177,0.0469922162592411,0.4965119361877441,0.7084841728210449,-0.1345346570014953,0.0916239917278289,0.089598499238491,0.0015804001595824,0.2199160307645797,0.0011182725429534,0.7823834419250488,1.0,0.1658031046390533,0.99481862783432,0.8341968655586243,99.44278717041016,107.75588989257812,171.44888305664062,0.0,0.0155440410599112,0.0155440410599112,0.0783791542053222,0.0068044769577682,0.0510059595108032,0.0046699969097971,0.0,0.0,99.44278717041016,150.68992614746094,0.0068044769577682,0.0783791542053222,0.0046699969097971,0.0510059595108032,1.9904378652572632,21.40599822998047,3.2562379837036133,73.60647583007812,0.1502590626478195,0.8290155529975891,1.3064595460891724,0.8966394066810608,0.6887222528457642,0.2119722366333007,0.0818622782826423,0.1089158356189727
v_CleanAndJerk_g06_c03.avi,/Users/josephkamil/Desktop/Capstone/Oly_Data/raw/clean_and_jerk/CleanAndJerk/v_CleanAndJerk_g06_c03.avi,clean_and_jerk,101,101,101,166.61676025390625,13.743287086486816,111.39110565185548,179.43106079101562,64.05133819580078,159.48526000976562,14.836019515991213,100.8726577758789,174.4891357421875,71.72821807861328,95.31464385986328,55.660789489746094,9.53213119506836,178.9995574951172,10.000808715820312,0.0,0.0,0.0,0.0,0.0,0.4004245698451996,0.1842552274465561,0.1364534199237823,0.8601269721984863,-0.7221028804779053,0.6095491051673889,0.0350762270390987,0.553905725479126,0.7369340658187866,-0.148373007774353,0.0890392363071441,0.0832625404000282,0.0036064567975699,0.2310386747121811,-0.0115715563297271,0.7524752616882324,1.0,0.2475247532129287,0.9900990128517152,0.7524752616882324,111.39110565185548,100.8726577758789,178.9995574951172,0.0,0.0,0.0,0.0741429328918457,0.0102366469800472,0.0329745411872863,0.005036337301135,0.0,0.0,111.39110565185548,157.13572692871094,0.0102366469800472,0.0741429328918457,0.005036337301135,0.0329745411872863,2.058018684387207,11.993553161621094,5.259221076965332,100.64437866210938,0.2475247532129287,0.7425742745399475,1.0236647129058838,0.5036337375640869,0.7236735820770264,0.1830283403396606,0.0947063714265823,0.1035600453615188
v_CleanAndJerk_g06_c04.avi,/Users/josephkamil/Desktop/Capstone/Oly_Data/raw/clean_and_jerk/CleanAndJerk/v_CleanAndJerk_g06_c04.avi,clean_and_jerk,246,246,246,160.72744750976562,30.845272064208984,44.36370086669922,179.46971130371094,59.660888671875,158.17384338378906,27.27183532714844,57.102420806884766,179.19216918945312,68.89075469970703,82.98869323730469,63.77059173583984,21.217500686645508,173.5507049560547,5.293670654296875,0.0,0.0,0.0,0.0,0.0,0.372903436422348,0.1740992963314056,0.1104975789785385,0.8194657564163208,-0.6988437175750732,0.6157040596008301,0.053022988140583,0.5534318685531616,0.7894725799560547,-0.106036901473999,0.0847428515553474,0.0912623330950737,0.0031882277689874,0.2274495512247085,0.0001188665628433,0.792682945728302,1.0,0.1463414579629898,0.9959349632263184,0.8536585569381714,44.36370086669922,57.102420806884766,173.5507049560547,0.0,0.1991869956254959,0.1991869956254959,0.0596961379051208,0.006331767886877,0.0383059978485107,0.0042496146634221,0.25,0.0,44.36370086669922,146.85606384277344,0.006331767886877,0.0596961379051208,0.0042496146634221,0.0383059978485107,2.29435658454895,24.93950653076172,2.4080960750579834,69.28825378417969,-0.0528455302119255,0.8495935201644897,1.5512831211090088,1.0411555767059326,0.7089681625366211,0.236040711402893,0.112952172756195,0.0939954221248626
v_CleanAndJerk_g07_c01.avi,/Users/josephkamil/Desktop/Capstone/Oly_Data/raw/clean_and_jerk/CleanAndJerk/v_CleanAndJerk_g07_c01.avi,clean_and_jerk,228,228,228,158.84487915039062,28.577396392822266,51.481231689453125,179.49771118164062,56.64765930175781,151.6414794921875,26.284502029418945,53.5429573059082,171.46437072753906,60.89514923095703,94.08921813964844,65.70958709716797,10.44727611541748,179.23577880859375,18.15142822265625,0.0,0.0,0.0,0.0,0.0,0.2885828912258148,0.1529593020677566,0.1491917371749878,0.6534414291381836,-0.4853749275207519,0.5538904070854187,0.081563800573349,0.3784764409065246,0.8094485998153687,0.0563489198684692,0.109452985227108,0.0871908888220787,0.0004457393661141,0.2576155662536621,-0.0402751713991165,0.8464912176132202,1.0,0.1535087674856186,0.9956140518188475,0.8464912176132202,51.481231689453125,53.5429573059082,179.23577880859375,0.0,0.1973684281110763,0.1973684281110763,0.0696445703506469,0.0059807244688272,0.0808040499687194,0.0057370020076632,1.0,0.0,51.481231689453125,142.9936981201172,0.0059807244688272,0.0696445703506469,0.0057370020076632,0.0808040499687194,2.421053886413574,33.88611602783203,3.2672479152679443,93.4700164794922,-0.0438596494495868,0.8421052694320679,1.3576244115829468,1.3022994995117188,0.5042496919631958,0.430972158908844,0.1080901697278022,0.0347774997353553
v_CleanAndJerk_g07_c02.avi,/Users/josephkamil/Desktop/Capstone/Oly_Data/raw/clean_and_jerk/CleanAndJerk/v_CleanAndJerk_g07_c02.avi,clean_and_jerk,286,286,304,164.44247436523438,18.06841278076172,78.989013671875,178.0223846435547,15.063034057617188,162.98802185058594,7.183674335479736,127.1950225830078,174.0210723876953,24.889175415039062,92.36344146728516,60.538875579833984,3.3270466327667236,178.86614990234375,8.896408081054688,0.0,0.0,0.0,0.0,0.0,0.2483053207397461,0.0976843163371086,0.1103406250476837,0.6026959419250488,-0.4889184832572937,0.5486964583396912,0.0454412437975406,0.4096488356590271,0.6840147972106934,0.1043809056282043,0.0786051750183105,0.0994851291179657,0.0004167183069512,0.2701327204704284,-0.0350439250469207,0.7447552680969238,1.0,0.0839160829782486,0.996503472328186,0.9160839319229126,78.989013671875,127.1950225830078,178.86614990234375,0.0,0.7377622127532959,0.0629370659589767,0.0627089142799377,0.0045803030952811,0.1065749824047088,0.0036137045826762,1.0,0.0,129.0819091796875,78.989013671875,0.0045803030952811,0.0627089142799377,0.0036137045826762,0.1065749824047088,2.3340821266174316,39.27532958984375,6.846950531005859,91.3782730102539,-0.6538461446762085,0.9125874042510986,1.3053864240646362,1.0299057960510254,0.4923553168773651,0.2743659615516662,0.0692078098654747,0.0678718760609626
v_CleanAndJerk_g07_c03.avi,/Users/josephkamil/Desktop/Capstone/Oly_Data/raw/clean_and_jerk/CleanAndJerk/v_CleanAndJerk_g07_c03.avi,clean_and_jerk,210,210,228,161.30233764648438,27.21436309814453,39.60163879394531,179.36924743652344,37.09617614746094,153.27809143066406,26.50032615661621,36.49692916870117,172.632568359375,44.95390319824219,98.91545867919922,59.55913162231445,27.486082077026367,179.14312744140625,12.9140625,0.0,0.0,0.0,0.0,0.0,0.2928696870803833,0.1609377562999725,0.1280880868434906,0.6671964526176453,-0.5126907229423523,0.5394051671028137,0.0544392429292202,0.4288716912269592,0.7173104882240295,0.04953533411026,0.0987881422042846,0.0928158238530159,0.00153864629101,0.2513153851032257,-0.0492327213287353,0.800000011920929,1.0,0.1952380985021591,0.9952380657196044,0.8047618865966797,39.60163879394531,36.49692916870117,179.14312744140625,0.0,0.0285714287310838,0.0285714287310838,0.1007372736930847,0.0063972761854529,0.07972913980484,0.0060661467723548,0.0,0.0,39.60163879394531,155.28550720214844,0.0063972761854529,0.1007372736930847,0.0060661467723548,0.07972913980484,2.5541722774505615,53.434837341308594,2.429147243499756,42.17838668823242,0.1666666716337204,0.800000011920929,1.3370307683944702,1.267824649810791,0.539108395576477,0.2884387969970703,0.0783509016036987,0.0474318787455558
v_CleanAndJerk_g07_c04.avi,/Users/josephkamil/Desktop/Capstone/Oly_Data/raw/clean_and_jerk/CleanAndJerk/v_CleanAndJerk_g07_c04.avi,clean_and_jerk,285,285,285,155.3005828857422,32.66327667236328,37.5063591003418,177.29144287109375,29.534683227539062,154.2712860107422,26.914772033691406,39.0693473815918,176.4501495361328,41.17634582519531,88.26683044433594,60.59966278076172,2.485250473022461,179.27220153808594,9.9423828125,0.0,0.0,0.0,0.0,0.0,0.2752760946750641,0.1347371935844421,0.0926328003406524,0.6669691205024719,-0.5720034241676331,0.55170077085495,0.0725380852818489,0.4363839030265808,0.8171356916427612,0.0241271257400512,0.0729281231760978,0.0981535017490387,0.0002269736141897,0.2636217474937439,-0.041486382484436,0.7929824590682983,1.0,0.0947368443012237,0.9964912533760072,0.9052631855010986,37.5063591003418,39.0693473815918,179.27220153808594,0.0,0.1192982420325279,0.1333333402872085,0.0820211172103881,0.0052951243706047,0.1112399101257324,0.004556206986308,0.5,0.0,37.5063591003418,82.20669555664062,0.0052951243706047,0.0820211172103881,0.004556206986308,0.1112399101257324,2.733954668045044,65.86817169189453,7.970208168029785,99.8146514892578,-0.0245614033192396,0.9017543792724608,1.5038152933120728,1.293962836265564,0.5743362903594971,0.3807517886161804,0.0816920474171638,0.0707873851060867
v_CleanAndJerk_g07_c05.avi,/Users/josephkamil/Desktop/Capstone/Oly_Data/raw/clean_and_jerk/CleanAndJerk/v_CleanAndJerk_g07_c05.avi,clean_and_jerk,190,190,190,158.54701232910156,27.33680534362793,58.0804328918457,179.36764526367188,14.975082397460938,153.5428009033203,25.408876419067383,67.28654479980469,178.8618927001953,51.44346618652344,87.59615325927734,64.59188079833984,22.991594314575195,179.11643981933594,-2.5168609619140625,0.0,0.0,0.0,0.0,0.0,0.3079039454460144,0.1513678282499313,0.1407071352005005,0.695529043674469,-0.5254685878753662,0.5545551776885986,0.0825874209403991,0.3962274491786957,0.819952666759491,0.0544204711914062,0.0853786766529083,0.0923792719841003,0.0011380069190636,0.2454044669866562,-0.0494411289691925,0.7947368621826172,1.0,0.1421052664518356,0.9947368502616882,0.8578947186470032,58.0804328918457,67.28654479980469,179.11643981933594,0.0,0.1842105239629745,0.2000000029802322,0.0716320574283599,0.008358234539628,0.1219406723976135,0.0072943400591611,1.0,0.0,58.0804328918457,140.3834228515625,0.008358234539628,0.0716320574283599,0.0072943400591611,0.1219406723976135,2.9715576171875,35.7762451171875,4.105062007904053,79.42117309570312,-0.0421052649617195,0.8526315689086914,1.5797063112258911,1.37863028049469,0.5548219084739685,0.4237252175807953,0.1077141687273979,0.0622408539056777
v_CleanAndJerk_g08_c01.avi,/Users/josephkamil/Desktop/Capstone/Oly_Data/raw/clean_and_jerk/CleanAndJerk/v_CleanAndJerk_g08_c01.avi,clean_and_jerk,177,177,236,152.23309326171875,26.361345291137695,54.621917724609375,178.96533203125,42.683990478515625,143.6509246826172,42.48823547363281,25.962297439575195,179.19210815429688,45.22160339355469,89.69718933105469,56.530494689941406,2.4142420291900635,178.32252502441406,11.521034240722656,0.0,0.0,0.0,0.0,0.0,0.4034732580184936,0.063740849494934,0.2857701480388641,0.5785938501358032,-0.1858478188514709,0.4834051728248596,0.0674062669277191,0.3354086875915527,0.5885697603225708,0.0938807725906372,0.059763316065073,0.0491292364895343,0.0066882129758596,0.2217175513505935,-0.0458502694964408,0.6101694703102112,1.0,0.0338983051478862,0.994350254535675,0.9661017060279846,54.621917724609375,25.962297439575195,178.32252502441406,0.0,0.0112994350492954,0.0677966102957725,0.1430642008781433,0.0154482666403055,0.125524640083313,0.0080753657966852,0.125,0.0,54.621917724609375,141.28524780273438,0.0154482666403055,0.1430642008781433,0.0080753657966852,0.125524640083313,8.162327766418457,113.77793884277344,22.081052780151367,147.6334686279297,0.0225988700985908,0.9604519605636596,2.7188949584960938,1.421264410018921,0.2928237020969391,0.253161072731018,0.0264066103845834,0.0325138084590435
v_CleanAndJerk_g08_c02.avi,/Users/josephkamil/Desktop/Capstone/Oly_Data/raw/clean_and_jerk/CleanAndJerk/v_CleanAndJerk_g08_c02.avi,clean_and_jerk,93,93,107,138.7359161376953,39.11190414428711,34.2755126953125,179.19189453125,3.57696533203125,137.81845092773438,39.66057205200195,45.66105270385742,179.4108123779297,41.77937316894531,114.67792510986328,59.33164978027344,2.8241429328918457,178.6374053955078,1.347991943359375,0.0,0.0,0.0,0.0,0.0,0.49764484167099,0.1145479902625083,0.3464758992195129,0.7550278902053833,-0.2402684390544891,0.6401958465576172,0.0594821758568286,0.5455775856971741,0.7746639251708984,-0.0470891594886779,0.0682185366749763,0.0417487025260925,0.0064766970463097,0.145669400691986,-0.0527041107416152,0.5698924660682678,1.0,0.2580645084381103,0.9784946441650392,0.7311828136444092,34.2755126953125,45.66105270385742,178.6374053955078,0.0,0.376344084739685,0.0967741906642913,0.1204297244548797,0.0187219008803367,0.0643242597579956,0.010089055635035,1.0,0.0,34.2755126953125,112.49713134765624,0.0187219008803367,0.1204297244548797,0.010089055635035,0.0643242597579956,7.6359477043151855,49.66463470458984,22.713459014892575,162.16525268554688,-0.1182795688509941,0.7204301357269287,1.7224148511886597,0.9281931519508362,0.4085519909858703,0.2290863394737243,0.0607681348919868,0.0264093521982431
v_CleanAndJerk_g08_c03.avi,/Users/josephkamil/Desktop/Capstone/Oly_Data/raw/clean_and_jerk/CleanAndJerk/v_CleanAndJerk_g08_c03.avi,clean_and_jerk,90,90,110,129.88067626953125,44.86577606201172,41.778602600097656,179.08514404296875,96.31327056884766,133.30844116210938,43.17570877075195,34.8796501159668,175.98135375976562,122.48989868164062,130.95753479003906,44.95479202270508,4.471011638641357,177.27513122558594,-80.70408630371094,0.0,0.0,0.0,0.0,0.0,0.3991454541683197,0.0972190424799919,0.28369802236557,0.6503133773803711,-0.2856946587562561,0.5292194485664368,0.0433461554348468,0.4632326364517212,0.6204341650009155,-0.0531960725784301,0.0623781830072402,0.0260495766997337,0.0053862826898694,0.1160178035497665,-0.067909762263298,0.7222222089767456,1.0,0.2444444447755813,0.9888888597488404,0.7555555701255798,41.778602600097656,34.8796501159668,177.27513122558594,0.0,0.3222222328186035,0.0555555559694767,0.0903905630111694,0.0138191999867558,0.0496784448623657,0.0065591926686465,1.0,0.0,41.778602600097656,120.72012329101562,0.0138191999867558,0.0903905630111694,0.0065591926686465,0.0496784448623657,11.454508781433104,70.65902709960938,25.19911766052246,172.23373413085938,-0.0777777805924415,0.7444444298744202,1.22990882396698,0.5837681293487549,0.366615355014801,0.1572015285491943,0.0467887297272682,0.0268453396856784
v_CleanAndJerk_g08_c04.avi,/Users/josephkamil/Desktop/Capstone/Oly_Data/raw/clean_and_jerk/CleanAndJerk/v_CleanAndJerk_g08_c04.avi,clean_and_jerk,265,265,278,143.75318908691406,34.01219940185547,29.53445816040039,179.33001708984375,39.613311767578125,158.5757598876953,32.25979995727539,53.9185905456543,179.5825958251953,92.05755615234376,92.67545318603516,59.86383819580078,2.238213539123535,179.1248016357422,-30.794387817382812,0.0,0.0,0.0,0.0,0.0,0.3199706077575683,0.1343536674976349,0.1758558899164199,0.7037106156349182,-0.5113399624824524,0.5568864941596985,0.0894003435969352,0.4022191166877746,0.7311536073684692,0.12577486038208,0.1028405502438545,0.08526211977005,0.0035474419128149,0.2382368892431259,-0.0304182767868042,0.652830183506012,1.0,0.1660377383232116,0.99622642993927,0.8339622616767883,29.53445816040039,53.9185905456543,179.1248016357422,0.0,0.1698113232851028,0.1698113232851028,0.1395612955093383,0.0123375309631228,0.0764362514019012,0.0070089418441057,0.125,0.0,29.53445816040039,43.095706939697266,0.0123375309631228,0.1395612955093383,0.0070089418441057,0.0764362514019012,7.4107985496521,93.61436462402344,13.38058376312256,120.822998046875,-0.0037735849618911,0.8301886916160583,3.257108211517334,1.850360631942749,0.5278547406196594,0.3289344906806946,0.0629077106714248,0.0714128464460372
v_CleanAndJerk_g09_c01.avi,/Users/josephkamil/Desktop/Capstone/Oly_Data/raw/clean_and_jerk/CleanAndJerk/v_CleanAndJerk_g09_c01.avi,clean_and_jerk,138,138,253,160.92343139648438,25.736238479614254,35.682926177978516,179.55410766601562,8.716415405273438,151.41744995117188,27.266883850097656,8.564456939697266,179.13858032226562,28.068527221679688,100.904052734375,75.40640258789062,2.2902369499206543,179.26698303222656,-10.912353515625,0.0,0.0,0.0,0.0,0.0,0.4193844497203827,0.2180216461420059,0.1492029577493667,0.8229254484176636,-0.646023154258728,0.6233283877372742,0.0630977824330329,0.5198696851730347,0.7940446734428406,-0.0675008893013,0.125716432929039,0.1044978275895118,0.0031910561956465,0.2775309681892395,-0.0098238438367843,0.52173912525177,1.0,0.282608687877655,0.9927536249160768,0.717391312122345,35.682926177978516,8.564456939697266,179.26698303222656,0.0,0.7246376872062683,0.7246376872062683,0.1006127595901489,0.0093896947801113,0.2102394700050354,0.0095103289932012,1.0,0.0,79.41770935058594,35.682926177978516,0.0093896947801113,0.1006127595901489,0.0095103289932012,0.2102394700050354,4.958505153656006,138.16676330566406,5.272183418273926,153.77587890625,-0.4420289993286133,0.7101449370384216,1.2863881587982178,1.302915096282959,0.673722505569458,0.2741749882698059,0.1096207275986671,0.0625936910510063
v_CleanAndJerk_g09_c02.avi,/Users/josephkamil/Desktop/Capstone/Oly_Data/raw/clean_and_jerk/CleanAndJerk/v_CleanAndJerk_g09_c02.avi,clean_and_jerk,109,109,232,131.57972717285156,50.88098907470703,41.59263610839844,179.5613250732422,-7.883377075195312,128.58462524414062,46.77146911621094,47.14293670654297,178.6518096923828,10.7305908203125,49.80403900146485,63.79132843017578,1.5683852434158323,178.9980010986328,0.6078948974609375,0.0,0.0,0.0,0.0,0.0,0.4112531244754791,0.1208713427186012,0.2142626941204071,0.629610002040863,-0.4147051572799682,0.6058581471443176,0.0871368572115898,0.4743289351463318,0.7458233833312988,0.1047090291976928,0.0579089969396591,0.0864020213484764,0.0012529998784884,0.2739124298095703,-0.0763248950242996,0.3669724762439728,1.0,0.1467889845371246,0.9908257126808168,0.853210985660553,41.59263610839844,47.14293670654297,178.9980010986328,0.0,0.2752293646335602,0.2844036817550659,0.1241159737110138,0.0112777110189199,0.1273767948150634,0.0085518872365355,0.0,0.0,41.59263610839844,144.19229125976562,0.0112777110189199,0.1241159737110138,0.0085518872365355,0.1273767948150634,4.3628106117248535,42.12372589111328,7.959222316741943,123.4063720703125,-0.1284403651952743,0.8440366983413696,1.2179927825927734,0.9236037731170654,0.4153473079204559,0.271494448184967,0.0857212617993354,0.0329096838831901
v_CleanAndJerk_g09_c03.avi,/Users/josephkamil/Desktop/Capstone/Oly_Data/raw/clean_and_jerk/CleanAndJerk/v_CleanAndJerk_g09_c03.avi,clean_and_jerk,227,227,232,166.77359008789062,23.3518009185791,61.350624084472656,179.37367248535156,5.61431884765625,159.00201416015625,23.35641288757324,54.62638473510742,177.86314392089844,29.551361083984375,58.06192779541016,67.1352310180664,1.40703284740448,179.4180450439453,-7.881866455078125,0.0,0.0,0.0,0.0,0.0,0.3203077316284179,0.110108196735382,0.1628855168819427,0.6573026180267334,-0.4808191657066345,0.5705333948135376,0.0491144619882106,0.5024247169494629,0.7397905588150024,0.094817042350769,0.0658562183380127,0.0938121005892753,0.0010616615181788,0.290896475315094,-0.0790161341428756,0.5638766288757324,1.0,0.0925110131502151,0.9955947399139404,0.907489001750946,61.350624084472656,54.62638473510742,179.4180450439453,0.0,0.1277533024549484,0.1277533024549484,0.0431391596794128,0.0059499139897525,0.1012691855430603,0.0044384868815541,0.125,0.0,61.350624084472656,159.1644744873047,0.0059499139897525,0.0431391596794128,0.0044384868815541,0.1012691855430603,1.880614638328552,37.53431701660156,3.287801742553711,128.7478485107422,-0.0352422893047332,0.9030836820602416,1.3446805477142334,1.0030980110168457,0.4944171011447906,0.2373658418655395,0.0691632330417633,0.0744058042764663
v_CleanAndJerk_g09_c04.avi,/Users/josephkamil/Desktop/Capstone/Oly_Data/raw/clean_and_jerk/CleanAndJerk/v_CleanAndJerk_g09_c04.avi,clean_and_jerk,94,94,232,153.4989471435547,29.77104759216309,76.56673431396484,179.41134643554688,30.152786254882812,142.7579345703125,30.564062118530273,15.880797386169434,169.95347595214844,38.683074951171875,79.49855041503906,71.55419158935547,5.0795769691467285,179.1088409423828,-3.392547607421875,0.0,0.0,0.0,0.0,0.0,0.4243209660053253,0.1554292291402816,0.1794359683990478,0.7565818428993225,-0.555533766746521,0.5696907639503479,0.0784889832139015,0.4664151072502136,0.7830281257629395,-0.0043065547943115,0.1077997237443924,0.1155577152967453,0.0017680278979241,0.3032993972301483,-0.1016559451818466,0.1808510571718216,1.0,0.3191489279270172,0.9893617033958436,0.6808510422706604,76.56673431396484,15.880797386169434,179.1088409423828,0.0,0.4255319237709045,0.936170220375061,0.4814269542694092,0.0223400052636861,0.1339725255966186,0.0129471123218536,0.125,0.0,76.56673431396484,83.06664276123047,0.0223400052636861,0.4814269542694092,0.0129471123218536,0.1339725255966186,5.784376621246338,94.0527114868164,12.554362297058104,160.8904266357422,-0.1063829809427261,0.6702127456665039,2.077620506286621,1.204081416130066,0.5771458745002747,0.3166130185127258,0.0913762003183364,0.1211544722318649
v_CleanAndJerk_g10_c01.avi,/Users/josephkamil/Desktop/Capstone/Oly_Data/raw/clean_and_jerk/CleanAndJerk/v_CleanAndJerk_g10_c01.avi,clean_and_jerk,133,133,194,167.80177307128906,13.098396301269531,128.8217010498047,178.3011016845703,12.12371826171875,169.13531494140625,14.813742637634276,18.870054244995117,179.5800018310547,153.11842346191406,81.94402313232422,64.47834777832031,7.299548625946045,178.27822875976562,123.28619384765624,0.0,0.0,0.0,0.0,0.0,0.2919830083847046,0.0651794299483299,0.1410234123468399,0.4605222344398498,-0.2758973836898803,0.550402045249939,0.0783930495381355,0.337954580783844,0.6949071884155273,0.2373102307319641,0.0997140631079673,0.0550590306520462,0.0291607677936553,0.2181306779384613,0.123437225818634,0.4436090290546417,1.0,0.4210526347160339,0.9924812316894532,0.5789473652839661,128.8217010498047,18.870054244995117,178.27822875976562,0.0,0.7142857313156128,0.0,0.2942000329494476,0.0200846120715141,0.0456090569496154,0.0055107832886278,1.0,0.0,155.62130737304688,128.8217010498047,0.0200846120715141,0.2942000329494476,0.0055107832886278,0.0456090569496154,1.7449965476989746,21.12855529785156,9.821154594421388,131.8472900390625,-0.2932330965995788,0.5714285969734192,2.6511688232421875,0.727423369884491,0.3194988369941711,0.3569526076316833,0.0607051774859428,0.0523267053067684
v_CleanAndJerk_g10_c02.avi,/Users/josephkamil/Desktop/Capstone/Oly_Data/raw/clean_and_jerk/CleanAndJerk/v_CleanAndJerk_g10_c02.avi,clean_and_jerk,90,90,184,155.90750122070312,21.053386688232425,25.11086082458496,176.01467895507812,5.8902435302734375,164.68954467773438,21.998281478881836,22.43537139892578,179.5983123779297,16.070037841796875,149.3695068359375,47.440643310546875,16.00616455078125,179.26931762695312,-3.2708587646484375,0.0,0.0,0.0,0.0,0.0,0.3312652707099914,0.0727420970797538,0.1949910968542099,0.5004945993423462,0.0190896987915039,0.5970932841300964,0.1104894056916236,0.2986212372779846,0.75870680809021,0.3014516234397888,0.1120290830731391,0.0701084062457084,0.0072995200753211,0.2281538397073745,-0.187226727604866,0.5333333611488342,1.0,0.2000000029802322,0.9888888597488404,0.800000011920929,25.11086082458496,22.43537139892578,179.26931762695312,0.0,0.1888888925313949,0.1888888925313949,0.2438193410634994,0.0346189439296722,0.0895633697509765,0.0112305032089352,0.5,0.0,25.11086082458496,146.260009765625,0.0346189439296722,0.2438193410634994,0.0112305032089352,0.0895633697509765,6.0056023597717285,150.90382385253906,18.35404586791992,149.54815673828125,0.0111111113801598,0.7888888716697693,3.0810859203338623,0.9995147585868835,0.3055034875869751,0.4600855708122253,0.0494404770433902,0.063093863427639
v_CleanAndJerk_g10_c03.avi,/Users/josephkamil/Desktop/Capstone/Oly_Data/raw/clean_and_jerk/CleanAndJerk/v_CleanAndJerk_g10_c03.avi,clean_and_jerk,177,177,204,163.7902374267578,17.230342864990234,74.37501525878906,179.45620727539062,19.990554809570312,165.3341522216797,20.07402992248535,4.338565349578857,179.48129272460938,24.816482543945312,79.14462280273438,63.6898078918457,2.720865249633789,179.21583557128906,2.6282196044921875,0.0,0.0,0.0,0.0,0.0,0.3741250038146972,0.0807743072509765,0.2508779764175415,0.6385209560394287,-0.2962965369224548,0.6079757809638977,0.0695061311125755,0.4106195271015167,0.727735698223114,0.0743724107742309,0.0700034946203231,0.0476091057062149,0.0061947056092321,0.2026094496250152,-0.1179626584053039,0.8135592937469482,1.0,0.0169491525739431,0.994350254535675,0.98305082321167,74.37501525878906,4.338565349578857,179.21583557128906,0.0,0.0169491525739431,0.0056497175246477,0.2418005466461181,0.02613833732903,0.1293427944183349,0.0078402934595942,0.125,0.0,74.37501525878906,128.79098510742188,0.02613833732903,0.2418005466461181,0.0078402934595942,0.1293427944183349,3.876331090927124,68.63618469238281,20.797338485717773,159.07432556152344,0.0,0.9774011373519896,4.600347518920898,1.3798916339874268,0.3876429796218872,0.3171161711215973,0.0621125549077987,0.0772958621382713
v_CleanAndJerk_g10_c04.avi,/Users/josephkamil/Desktop/Capstone/Oly_Data/raw/clean_and_jerk/CleanAndJerk/v_CleanAndJerk_g10_c04.avi,clean_and_jerk,255,255,261,171.58067321777344,11.052420616149902,59.35972213745117,179.52249145507812,0.121124267578125,170.65829467773438,8.615415573120117,63.01068878173828,179.55982971191406,3.75347900390625,97.32634735107422,65.64124298095703,1.380389928817749,179.2401885986328,-8.910903930664062,0.0,0.0,0.0,0.0,0.0,0.3425075113773346,0.0979096814990043,0.1383229494094848,0.5888886451721191,-0.4254914820194244,0.5588966608047485,0.0702066421508789,0.3457900285720825,0.7029426097869873,0.0826517939567565,0.0791156068444252,0.0646241307258606,0.0074611124582588,0.2233168333768844,-0.0012450814247131,0.501960813999176,1.0,0.125490203499794,0.9960784316062928,0.8745098114013672,59.35972213745117,63.01068878173828,179.2401885986328,0.0,0.211764708161354,0.211764708161354,0.1952203512191772,0.0161863341927528,0.1079389452934265,0.0059035485610365,0.875,0.0,59.35972213745117,144.9061737060547,0.0161863341927528,0.1952203512191772,0.0059035485610365,0.1079389452934265,3.757080078125,94.71086120605467,15.993154525756836,153.71502685546875,-0.0862745121121406,0.8705882430076599,4.111329078674316,1.499501347541809,0.4505656957626343,0.3571525812149048,0.0885052978992462,0.0891837254166603
v_CleanAndJerk_g11_c01.avi,/Users/josephkamil/Desktop/Capstone/Oly_Data/raw/clean_and_jerk/CleanAndJerk/v_CleanAndJerk_g11_c01.avi,clean_and_jerk,207,207,207,155.21194458007812,28.559343338012695,53.35725784301758,179.51820373535156,36.37232971191406,149.2061767578125,26.219188690185547,59.687625885009766,171.18455505371094,40.065711975097656,112.40464782714844,65.62644958496094,19.084352493286133,179.2313232421875,18.458511352539062,0.0,0.0,0.0,0.0,0.0,0.3465562164783478,0.1543330997228622,0.1485135853290558,0.5927715301513672,-0.4320151805877685,0.558626115322113,0.0831688493490219,0.3685462474822998,0.767170786857605,0.0842896103858947,0.1192598417401313,0.0944290682673454,0.0031433305703103,0.2382538616657257,-0.0309644341468811,0.6811594367027283,1.0,0.260869562625885,0.9951691031455994,0.739130437374115,53.35725784301758,59.687625885009766,179.2313232421875,0.0,0.304347813129425,0.2946859896183014,0.0550641417503356,0.0056876856833696,0.1112927496433258,0.0057457559742033,0.75,0.0,53.35725784301758,147.3419647216797,0.0056876856833696,0.0550641417503356,0.0057457559742033,0.1112927496433258,2.414024353027344,25.696929931640625,3.0364878177642822,55.82191467285156,-0.0434782616794109,0.7342995405197144,1.1716632843017578,1.1836256980895996,0.4442579448223114,0.3986245393753052,0.1002029851078987,0.0541367456316947
v_CleanAndJerk_g11_c02.avi,/Users/josephkamil/Desktop/Capstone/Oly_Data/raw/clean_and_jerk/CleanAndJerk/v_CleanAndJerk_g11_c02.avi,clean_and_jerk,302,302,302,156.3581085205078,37.15081787109375,20.15275001525879,179.3960418701172,63.64673614501953,152.61923217773438,32.465850830078125,30.737157821655273,179.51954650878906,40.993064880371094,72.26942443847656,58.60869216918945,21.580127716064453,179.30364990234375,19.997573852539062,0.0,0.0,0.0,0.0,0.0,0.3177004158496856,0.1294404417276382,0.1669088900089264,0.6024670600891113,-0.4183095693588257,0.5370759963989258,0.0794004276394844,0.3928297460079193,0.8102145791053772,0.0525786578655242,0.0633120089769363,0.0830680876970291,0.000990163302049,0.245154857635498,-0.0559132695198059,0.8211920261383057,1.0,0.1589404046535492,0.996688723564148,0.8410596251487732,20.15275001525879,30.737157821655273,179.30364990234375,0.0,0.0298013240098953,0.0264900662004947,0.0467669367790222,0.0047758617438375,0.0637250840663909,0.0052747717127203,0.0,0.0,20.15275001525879,159.94964599609375,0.0047758617438375,0.0467669367790222,0.0052747717127203,0.0637250840663909,2.180943250656128,31.24481201171875,2.2823357582092285,101.7343978881836,0.1291390657424926,0.8377483487129211,1.4375343322753906,1.5877063274383545,0.4355581700801849,0.4173848330974579,0.0931853204965591,0.0388494357466697
v_CleanAndJerk_g11_c03.avi,/Users/josephkamil/Desktop/Capstone/Oly_Data/raw/clean_and_jerk/CleanAndJerk/v_CleanAndJerk_g11_c03.avi,clean_and_jerk,320,320,320,150.79611206054688,47.5284309387207,31.215919494628903,179.55091857910156,140.858642578125,144.3652801513672,42.2396125793457,38.11225891113281,174.26905822753906,128.10443115234375,93.61483001708984,67.19499206542969,20.380470275878903,179.19859313964844,-5.1348419189453125,0.0,0.0,0.0,0.0,0.0,0.33281409740448,0.1481279134750366,0.1365500539541244,0.58963942527771,-0.4072600305080414,0.5455116033554077,0.0708979815244674,0.3768908679485321,0.8168623447418213,-0.0074940919876098,0.0945761054754257,0.0874618291854858,0.0007981024100445,0.2233101427555084,-0.0358263254165649,0.7437499761581421,1.0,0.2468750029802322,0.996874988079071,0.753125011920929,31.215919494628903,38.11225891113281,179.19859313964844,0.0,0.1343750059604644,0.1343750059604644,0.051029548048973,0.0046139429323375,0.0647410750389099,0.0046631237491965,0.0,0.0,31.215919494628903,155.76791381835938,0.0046139429323375,0.051029548048973,0.0046631237491965,0.0647410750389099,2.239758014678955,32.97181701660156,2.8044798374176025,80.57862854003906,0.1124999970197677,0.75,1.4718477725982666,1.4875365495681765,0.4530893564224243,0.4399714767932892,0.0925837010145187,0.0525314882397651
v_CleanAndJerk_g11_c04.avi,/Users/josephkamil/Desktop/Capstone/Oly_Data/raw/clean_and_jerk/CleanAndJerk/v_CleanAndJerk_g11_c04.avi,clean_and_jerk,207,207,207,163.01780700683594,29.795734405517575,35.20359420776367,179.5124053955078,14.398635864257812,157.26278686523438,28.379972457885746,41.71693801879883,179.1650848388672,45.566307067871094,105.11045837402344,62.22686767578125,30.484844207763672,179.29080200195312,-7.1805877685546875,0.0,0.0,0.0,0.0,0.0,0.3352360427379608,0.1298687756061554,0.1776473820209503,0.5795036554336548,-0.3935757875442505,0.543815553188324,0.0931989178061485,0.3496037125587463,0.7943849563598633,0.1611635982990265,0.0949175208806991,0.0869355127215385,0.0007213396020233,0.2283044606447219,-0.0571298748254776,0.8019323945045471,1.0,0.1980676352977752,0.9951691031455994,0.8019323945045471,35.20359420776367,41.71693801879883,179.29080200195312,0.0,0.2367149740457534,0.2367149740457534,0.0475746989250183,0.0057921456173062,0.0716690421104431,0.0065712253563106,1.0,0.0,35.20359420776367,155.63046264648438,0.0057921456173062,0.0475746989250183,0.0065712253563106,0.0716690421104431,2.323606014251709,49.13227844238281,4.152519702911377,103.58733367919922,-0.0386473424732685,0.7971014380455017,1.1931819915771484,1.3536723852157593,0.4018562734127044,0.4447812438011169,0.1008086502552032,0.0528069287538528
v_CleanAndJerk_g12_c01.avi,/Users/josephkamil/Desktop/Capstone/Oly_Data/raw/clean_and_jerk/CleanAndJerk/v_CleanAndJerk_g12_c01.avi,clean_and_jerk,155,155,166,131.05459594726562,35.574684143066406,4.14735746383667,179.34564208984375,84.19927978515625,129.7648162841797,40.36704635620117,64.39093017578125,179.44244384765625,107.13424682617188,126.36923217773438,55.420631408691406,18.39603042602539,178.94017028808594,-23.243743896484375,0.0,0.0,0.0,0.0,0.0,0.4693939685821533,0.1657529324293136,0.167723461985588,0.6643324494361877,-0.1717034578323364,0.5341038703918457,0.0496702305972576,0.4356746077537536,0.6525776386260986,-0.0602912306785583,0.1011135503649711,0.0447297021746635,0.0275963302701711,0.1569596976041793,0.0036890804767608,0.3161290287971496,1.0,0.412903219461441,0.948387086391449,0.5419355034828186,4.14735746383667,64.39093017578125,178.94017028808594,0.0,0.2774193584918976,0.0,0.1695760190486908,0.012902271002531,0.0420443415641784,0.0052966992370784,0.0,0.0,4.14735746383667,99.00863647460938,0.012902271002531,0.1695760190486908,0.0052966992370784,0.0420443415641784,7.9953107833862305,91.21499633789062,11.601310729980469,122.7609405517578,0.1354838758707046,0.5354838967323303,1.9869496822357176,0.8156916499137878,0.4966089725494385,0.2169030308723449,0.0954202860593795,0.1016046181321144
v_CleanAndJerk_g12_c02.avi,/Users/josephkamil/Desktop/Capstone/Oly_Data/raw/clean_and_jerk/CleanAndJerk/v_CleanAndJerk_g12_c02.avi,clean_and_jerk,95,95,100,131.9014892578125,30.067138671875,37.24079895019531,177.2855682373047,74.84685516357422,144.62123107910156,27.7514591217041,64.734375,179.36190795898438,59.82530212402344,114.89591979980467,56.59218215942383,3.307210683822632,178.48976135253906,0.032623291015625,0.0,0.0,0.0,0.0,0.0,0.4461854994297027,0.1344304680824279,0.1691920459270477,0.6507490873336792,-0.4716199934482574,0.5528918504714966,0.0587847158312797,0.4367572665214538,0.6680780053138733,-0.081480324268341,0.0864968448877334,0.0442696586251258,0.0204565580934286,0.1603008657693863,0.0086467713117599,0.3052631616592407,1.0,0.4842105209827423,0.9894737005233764,0.5157894492149353,37.24079895019531,64.734375,178.48976135253906,0.0,0.0526315793395042,0.0526315793395042,0.1518957912921905,0.0185033306479454,0.0549334287643432,0.0087838927283883,0.0,1.0,37.24079895019531,120.72332000732422,0.0185033306479454,0.1518957912921905,0.0087838927283883,0.0549334287643432,11.65378761291504,140.04476928710938,15.306713104248049,160.35470581054688,0.4315789341926574,0.5052631497383118,1.739313006401062,0.8256859183311462,0.4815570414066314,0.2313207387924194,0.0694254487752914,0.0931499972939491
v_CleanAndJerk_g12_c03.avi,/Users/josephkamil/Desktop/Capstone/Oly_Data/raw/clean_and_jerk/CleanAndJerk/v_CleanAndJerk_g12_c03.avi,clean_and_jerk,111,111,125,142.89678955078125,30.13245010375977,66.19903564453125,179.31834411621094,69.99933624267578,147.1270294189453,35.03091049194336,66.40644073486328,179.44187927246094,85.35671997070312,105.74519348144533,61.917049407958984,10.460264205932615,178.88558959960938,-104.01275634765624,0.0,0.0,0.0,0.0,0.0,0.401279479265213,0.15488962829113,0.1575661301612854,0.6785645484924316,-0.4032225608825683,0.5278964042663574,0.0509370267391204,0.4397138953208923,0.6640114784240723,-0.0919098854064941,0.0879627093672752,0.0480614230036735,0.0213303584605455,0.1523252725601196,-0.0868763551115989,0.4954954981803894,1.0,0.2792792916297912,0.9909909963607788,0.7207207083702087,66.19903564453125,66.40644073486328,178.88558959960938,0.0,0.3333333432674408,0.0630630627274513,0.1768846213817596,0.0170868635177612,0.0525126457214355,0.0077053741551935,0.0,0.0,66.19903564453125,116.97837829589844,0.0170868635177612,0.1768846213817596,0.0077053741551935,0.0525126457214355,7.835248947143555,72.0538330078125,15.801837921142578,148.47381591796875,-0.0540540553629398,0.7117117047309875,1.8795549869537351,0.8475911617279053,0.5209984183311462,0.2242975831031799,0.0787810310721397,0.100455455482006
v_CleanAndJerk_g12_c04.avi,/Users/josephkamil/Desktop/Capstone/Oly_Data/raw/clean_and_jerk/CleanAndJerk/v_CleanAndJerk_g12_c04.avi,clean_and_jerk,122,122,136,129.66409301757812,35.945308685302734,40.76114273071289,179.09812927246094,82.37825775146484,130.22340393066406,42.17321014404297,58.69679641723633,179.46095275878906,114.95330810546876,106.60277557373048,60.99381637573242,18.879419326782227,178.47817993164062,-4.65966796875,0.0,0.0,0.0,0.0,0.0,0.4438415765762329,0.160965621471405,0.1517671644687652,0.6935373544692993,-0.5287412405014038,0.5459844470024109,0.0597252808511257,0.4429283738136291,0.6856002807617188,-0.0763077139854431,0.0948662310838699,0.0514597706496715,0.0284785274416208,0.1657779514789581,-0.0111080706119537,0.4098360538482666,1.0,0.3196721374988556,0.9918032884597778,0.6803278923034668,40.76114273071289,58.69679641723633,178.47817993164062,0.0,0.4180327951908111,0.4098360538482666,0.1458262801170349,0.0170918572694063,0.0694177448749542,0.0070404470898211,0.5,0.0,40.76114273071289,117.12315368652344,0.0170918572694063,0.1458262801170349,0.0070404470898211,0.0694177448749542,4.747073650360107,21.84406280517578,16.871492385864258,152.2094268798828,-0.0983606576919555,0.6721311211585999,2.068114757537842,0.8518940806388855,0.5417702198028564,0.2426719069480896,0.1220621094107627,0.0937169566750526
v_CleanAndJerk_g12_c05.avi,/Users/josephkamil/Desktop/Capstone/Oly_Data/raw/clean_and_jerk/CleanAndJerk/v_CleanAndJerk_g12_c05.avi,clean_and_jerk,122,122,136,133.30772399902344,37.87397384643555,38.31370544433594,178.2886505126953,37.43183135986328,133.5876922607422,41.695068359375,56.161319732666016,179.43861389160156,105.45580291748048,93.22737121582033,64.01757049560547,14.207367897033691,175.78408813476562,6.1478118896484375,0.0,0.0,0.0,0.0,0.0,0.4431229829788208,0.1376427561044693,0.180429995059967,0.6892902851104736,-0.4846706390380859,0.5443695783615112,0.0581792928278446,0.4367454648017883,0.6852454543113708,-0.0415894985198974,0.0800965800881385,0.0500766783952713,0.0305137392133474,0.1760960668325424,-0.0002393722534179,0.5081967115402222,1.0,0.3360655605792999,0.9918032884597778,0.6639344096183777,38.31370544433594,56.161319732666016,175.78408813476562,0.0,0.3770491778850555,0.3770491778850555,0.130081444978714,0.0153953516855835,0.0993613600730896,0.006932184100151,1.0,0.0,38.31370544433594,115.88265228271484,0.0153953516855835,0.130081444978714,0.006932184100151,0.0993613600730896,5.7463297843933105,45.48401641845703,12.360777854919434,141.5825653076172,-0.0409836061298847,0.6557376980781555,1.862837553024292,0.8387942910194397,0.5088602900505066,0.2484999895095825,0.1082591563463211,0.0887918248772621
v_CleanAndJerk_g12_c06.avi,/Users/josephkamil/Desktop/Capstone/Oly_Data/raw/clean_and_jerk/CleanAndJerk/v_CleanAndJerk_g12_c06.avi,clean_and_jerk,146,146,151,138.0509490966797,47.78388214111328,8.515925407409668,179.3870849609375,10.798675537109377,152.40231323242188,34.689571380615234,52.73539733886719,179.47952270507812,67.4607925415039,90.21765899658205,65.15970611572266,9.079387664794922,178.52093505859375,161.96507263183594,0.0,0.0,0.0,0.0,0.0,0.3765276670455932,0.1334956586360931,0.147838681936264,0.626349687576294,-0.4785110056400299,0.5387910604476929,0.0594801642000675,0.4528706073760986,0.686518132686615,-0.1211102604866027,0.0754527598619461,0.0475361533463001,0.0146103790029883,0.1677909046411514,0.1081226021051406,0.664383590221405,1.0,0.0,0.9931507110595704,1.0,8.515925407409668,52.73539733886719,178.52093505859375,0.0,0.0547945201396942,0.267123281955719,0.1862707138061523,0.0155235491693019,0.0411586761474609,0.0059315906837582,0.125,0.0,8.515925407409668,117.31990051269533,0.0155235491693019,0.1862707138061523,0.0059315906837582,0.0411586761474609,5.978207588195801,145.69583129882812,14.692209243774414,162.2243194580078,-0.0547945201396942,0.9931507110595704,2.2509145736694336,0.8600806593894958,0.4785110056400299,0.2336475253105163,0.1411336064338684,0.1145602688193321
v_CleanAndJerk_g12_c07.avi,/Users/josephkamil/Desktop/Capstone/Oly_Data/raw/clean_and_jerk/CleanAndJerk/v_CleanAndJerk_g12_c07.avi,clean_and_jerk,130,130,151,129.0489501953125,41.517333984375,43.385498046875,179.3828887939453,69.84178161621094,132.24740600585938,43.13103866577149,49.69327926635742,179.46348571777344,95.95836639404295,107.20360565185548,64.22369384765625,15.828248977661133,176.8231964111328,0.6319427490234375,0.0,0.0,0.0,0.0,0.0,0.4087701141834259,0.1771100759506225,0.1493294090032577,0.6969586610794067,-0.5254010558128357,0.550395131111145,0.0626759678125381,0.4700248837471008,0.6955466270446777,-0.0858423709869384,0.0975913852453231,0.0538218058645725,0.022394536063075,0.1665814965963363,-0.0071859955787658,0.5384615659713745,1.0,0.4000000059604645,0.9923076629638672,0.6000000238418579,43.385498046875,49.69327926635742,176.8231964111328,0.0,0.1230769231915474,0.3846153914928436,0.1767758131027221,0.013743070885539,0.0719423294067382,0.0071814293041825,0.0,0.0,43.385498046875,125.37451171875,0.013743070885539,0.1767758131027221,0.0071814293041825,0.0719423294067382,7.716929912567139,89.92033386230469,9.219361305236816,137.53829956054688,0.2769230902194977,0.5923076868057251,1.7728561162948608,0.926404356956482,0.5476292371749878,0.2255217432975769,0.1100294813513755,0.0777560770511627
v_CleanAndJerk_g13_c01.avi,/Users/josephkamil/Desktop/Capstone/Oly_Data/raw/clean_and_jerk/CleanAndJerk/v_CleanAndJerk_g13_c01.avi,clean_and_jerk,81,81,81,119.94103240966795,53.90460968017578,3.0875866413116455,179.1436309814453,71.25503540039062,113.70782470703124,57.305816650390625,9.708992004394531,177.54859924316406,126.25267028808594,166.5128936767578,14.707966804504396,91.53103637695312,178.8634796142578,2.82452392578125,0.0,0.0,0.0,0.0,0.0,0.5404360294342041,0.184508666396141,0.2810729742050171,0.7944557666778564,-0.46613609790802,0.6836234331130981,0.0511162914335727,0.5919759273529053,0.7603271007537842,-0.1029789447784423,0.114608496427536,0.0318168550729751,0.0164385270327329,0.1573765128850937,0.0077606067061424,0.4814814925193786,1.0,0.395061731338501,0.9876543283462524,0.604938268661499,3.0875866413116455,9.708992004394531,178.8634796142578,0.0,0.1234567910432815,0.4814814925193786,0.2489490509033203,0.0264378637075424,0.0399927496910095,0.0076986625790596,0.0,0.0,3.0875866413116455,28.91806983947754,0.0264378637075424,0.2489490509033203,0.0076986625790596,0.0399927496910095,20.225353240966797,115.8018798828125,6.991513252258301,75.04786682128906,0.2716049253940582,0.5925925970077515,2.1150290966033936,0.6158930063247681,0.5133827924728394,0.1683511734008789,0.0794590860605239,0.0658130422234535
v_CleanAndJerk_g13_c02.avi,/Users/josephkamil/Desktop/Capstone/Oly_Data/raw/clean_and_jerk/CleanAndJerk/v_CleanAndJerk_g13_c02.avi,clean_and_jerk,103,103,103,154.7799530029297,28.794404983520508,33.98652648925781,179.42514038085938,34.301605224609375,136.6764373779297,46.70831680297851,8.917966842651367,178.54776000976562,47.17347717285156,168.72755432128906,22.385417938232425,10.503009796142578,179.01409912109375,-3.0645904541015625,0.0,0.0,0.0,0.0,0.0,0.4094722270965576,0.1691408157348632,0.1720054596662521,0.6543827056884766,-0.3792175054550171,0.5839418768882751,0.0439570136368274,0.4866589307785034,0.6592511534690857,0.0464013814926147,0.1254594773054123,0.028703860938549,0.011180100031197,0.161963939666748,-0.016027420759201,0.5631067752838135,1.0,0.3980582654476166,0.9902912378311156,0.6019417643547058,33.98652648925781,8.917966842651367,179.01409912109375,0.0,0.029126213863492,0.4854368865489959,0.2326315641403198,0.0139999724924564,0.0420671999454498,0.0072910096496343,0.0,0.0,33.98652648925781,97.85350036621094,0.0139999724924564,0.2326315641403198,0.0072910096496343,0.0420671999454498,11.526861190795898,106.39466857910156,6.446697235107422,147.50221252441406,0.3689320385456085,0.5922330021858215,1.4279972314834597,0.7436829805374146,0.4823772311210632,0.1725922226905822,0.0640112608671188,0.0287629887461662
v_CleanAndJerk_g13_c03.avi,/Users/josephkamil/Desktop/Capstone/Oly_Data/raw/clean_and_jerk/CleanAndJerk/v_CleanAndJerk_g13_c03.avi,clean_and_jerk,114,114,114,145.8563232421875,37.77588653564453,42.59654998779297,179.04774475097656,42.61976623535156,141.1944580078125,37.868621826171875,42.842071533203125,177.3321533203125,53.68888854980469,155.5189971923828,37.04199981689453,21.270366668701172,178.47706604003906,106.6076202392578,0.0,0.0,0.0,0.0,0.0,0.3855990171432495,0.106864333152771,0.2557704448699951,0.5707170367240906,-0.2550243735313415,0.5171678066253662,0.0267711952328681,0.4522809982299804,0.5563076734542847,-0.0139749646186828,0.0729610100388526,0.020189456641674,0.004688398912549,0.0967239961028099,0.0190320089459419,0.6315789222717285,1.0,0.3421052694320678,0.9912280440330504,0.6578947305679321,42.59654998779297,42.842071533203125,178.47706604003906,0.0,0.4122807085514068,0.4122807085514068,0.0927938222885131,0.0088184038177132,0.0358710289001464,0.0037136003375053,0.625,0.0,42.59654998779297,149.39215087890625,0.0088184038177132,0.0927938222885131,0.0037136003375053,0.0358710289001464,6.731517791748047,40.344696044921875,12.94310188293457,141.9390411376953,-0.0701754391193389,0.6491228342056274,0.996479630470276,0.4196368455886841,0.3149465918540954,0.1040266752243042,0.0467597469687461,0.0116319749504327
v_CleanAndJerk_g13_c04.avi,/Users/josephkamil/Desktop/Capstone/Oly_Data/raw/clean_and_jerk/CleanAndJerk/v_CleanAndJerk_g13_c04.avi,clean_and_jerk,242,242,287,148.46299743652344,40.61470031738281,5.464835166931152,178.97544860839844,172.24853515625,152.2952880859375,36.039207458496094,13.714347839355469,179.23358154296875,29.944381713867188,128.7583770751953,52.76937484741211,4.9697370529174805,178.33583068847656,-1.7609405517578125,0.0,0.0,0.0,0.0,0.0,0.4704663753509521,0.0733936429023742,0.3204600811004638,0.6292031407356262,-0.1990851461887359,0.5760435461997986,0.0270596761256456,0.511972188949585,0.6364960670471191,0.0601301789283752,0.0472640842199325,0.0331134870648384,0.0016116008628159,0.1038145199418068,0.0193034037947654,0.5247933864593506,1.0,0.2603305876255035,0.9958677887916564,0.7396694421768188,5.464835166931152,13.714347839355469,178.33583068847656,0.0,0.0,0.2561983466148376,0.0677974820137023,0.0080861076712608,0.065687358379364,0.0037562295328825,0.0,0.0,5.464835166931152,27.706283569335938,0.0080861076712608,0.0677974820137023,0.0037562295328825,0.065687358379364,12.719558715820312,137.83761596679688,23.949552536010746,168.64700317382812,0.2603305876255035,0.7355371713638306,1.9487520456314087,0.9052513241767884,0.3087430596351623,0.1245238780975341,0.0546975992619991,0.0458236224949359
v_CleanAndJerk_g14_c01.avi,/Users/josephkamil/Desktop/Capstone/Oly_Data/raw/clean_and_jerk/CleanAndJerk/v_CleanAndJerk_g14_c01.avi,clean_and_jerk,138,138,190,159.47274780273438,26.685791015625,12.408251762390137,179.11961364746094,40.57328796386719,158.55247497558594,39.606544494628906,1.8581244945526123,179.17514038085938,95.7809829711914,137.93936157226562,28.45295524597168,49.40089797973633,177.74954223632812,-9.907669067382812,0.0,0.0,0.0,0.0,0.0,0.4428864419460296,0.0874247625470161,0.3180063664913177,0.7029894590377808,-0.2841970920562744,0.5690326690673828,0.0212084483355283,0.5204837322235107,0.6242022514343262,-0.0289195775985717,0.0701582431793212,0.0278187952935695,0.005048485007137,0.1213923171162605,-0.091687723994255,0.6739130616188049,1.0,0.0797101482748985,0.9927536249160768,0.9202898740768432,12.408251762390137,1.8581244945526123,177.74954223632812,0.0,0.0869565233588218,0.0942028984427452,0.1579703688621521,0.0097147272899746,0.0751105546951294,0.0038775831926614,0.625,0.0,12.408251762390137,126.8860092163086,0.0097147272899746,0.1579703688621521,0.0038775831926614,0.0751105546951294,6.934706211090088,92.11998748779295,12.68836784362793,100.5214385986328,-0.0072463769465684,0.91304349899292,1.3309175968170166,0.5312288999557495,0.384983092546463,0.1037185192108154,0.0525859370827674,0.0355813726782798
v_CleanAndJerk_g14_c02.avi,/Users/josephkamil/Desktop/Capstone/Oly_Data/raw/clean_and_jerk/CleanAndJerk/v_CleanAndJerk_g14_c02.avi,clean_and_jerk,177,177,226,151.86680603027344,33.12610626220703,54.07391357421875,179.46060180664062,4.522064208984375,153.32089233398438,32.388153076171875,30.976587295532227,179.39004516601562,-7.317031860351563,119.33531188964844,41.56059265136719,6.082376956939697,178.4639129638672,-32.722042083740234,0.0,0.0,0.0,0.0,0.0,0.436705082654953,0.0796788036823272,0.3043579757213592,0.705109715461731,-0.3090905249118805,0.5581628084182739,0.0517411716282367,0.4270654320716858,0.6879762411117554,0.0609002113342285,0.0665288791060447,0.0289086699485778,0.0119507163763046,0.190428078174591,0.0324884355068206,0.2881355881690979,1.0,0.0,0.994350254535675,1.0,54.07391357421875,30.976587295532227,178.4639129638672,0.0,0.1073446348309516,0.0395480208098888,0.1681183576583862,0.0145877031609416,0.1614240705966949,0.0057014944031834,0.0,0.0,54.07391357421875,108.77037048339844,0.0145877031609416,0.1681183576583862,0.0057014944031834,0.1614240705966949,4.234216213226318,56.42449188232422,19.04535675048828,151.10894775390625,-0.1073446348309516,0.994350254535675,2.5674357414245605,1.0034630298614502,0.4007517397403717,0.2609108090400696,0.0962903127074241,0.0445248521864414
v_CleanAndJerk_g14_c03.avi,/Users/josephkamil/Desktop/Capstone/Oly_Data/raw/clean_and_jerk/CleanAndJerk/v_CleanAndJerk_g14_c03.avi,clean_and_jerk,149,149,202,149.82154846191406,42.783912658691406,14.040180206298828,179.183349609375,150.76905822753906,151.9840087890625,43.00748443603515,2.449789762496948,179.07611083984375,171.9368133544922,105.84333801269533,46.10845184326172,10.975725173950195,178.34451293945312,124.6774444580078,0.0,0.0,0.0,0.0,0.0,0.4320590198040008,0.0950425490736961,0.3064545094966888,0.725633978843689,-0.4185541868209839,0.5788149237632751,0.0435058996081352,0.5463399887084961,0.7083497047424316,-0.0136159658432006,0.0551775097846984,0.032206006348133,0.0145426634699106,0.1155203729867935,0.0501936338841915,0.7516778707504272,1.0,0.1744966506958007,0.9932885766029358,0.8255033493041992,14.040180206298828,2.449789762496948,178.34451293945312,0.0,0.0067114094272255,0.0,0.1046203970909118,0.0088625196367502,0.1218602061271667,0.0038790558464825,0.0,0.0,14.040180206298828,126.38982391357422,0.0088625196367502,0.1046203970909118,0.0038790558464825,0.1218602061271667,3.895841360092163,61.262447357177734,12.195538520812988,129.84075927734375,0.1677852421998977,0.818791925907135,1.311652898788452,0.5741002559661865,0.4191794693470001,0.1620097160339355,0.047579288482666,0.0439057424664497
v_CleanAndJerk_g14_c04.avi,/Users/josephkamil/Desktop/Capstone/Oly_Data/raw/clean_and_jerk/CleanAndJerk/v_CleanAndJerk_g14_c04.avi,clean_and_jerk,323,323,345,155.01844787597656,29.35157585144043,39.388973236083984,178.71234130859375,83.98758697509766,151.0598907470703,25.509756088256836,57.195682525634766,179.181640625,68.02021026611328,75.33499145507812,59.97803497314453,1.971627116203308,178.92518615722656,8.835235595703125,0.0,0.0,0.0,0.0,0.0,0.4286195337772369,0.0745064690709114,0.2502298355102539,0.6502848267555237,-0.3946300745010376,0.5663787722587585,0.0398546680808067,0.5334078073501587,0.7161158323287964,-0.0624095201492309,0.0460899882018566,0.0363230258226394,0.0014072478516027,0.1505516022443771,0.0428641811013221,0.5789473652839661,1.0,0.0866873040795326,0.9969040155410768,0.9133126735687256,39.388973236083984,57.195682525634766,178.92518615722656,0.0,0.0681114569306373,0.0681114569306373,0.1819981336593628,0.0152065875008702,0.1161544322967529,0.0028461285401135,0.25,0.0,39.388973236083984,106.07035064697266,0.0152065875008702,0.1819981336593628,0.0028461285401135,0.1161544322967529,2.6870741844177246,55.26985931396485,10.494566917419434,143.73036193847656,0.0185758508741855,0.9102166891098022,4.896521091461182,0.9164533615112304,0.4000549912452698,0.1827080249786377,0.0556338541209697,0.0784272700548172
v_CleanAndJerk_g14_c05.avi,/Users/josephkamil/Desktop/Capstone/Oly_Data/raw/clean_and_jerk/CleanAndJerk/v_CleanAndJerk_g14_c05.avi,clean_and_jerk,16,16,175,174.19052124023438,12.12128448486328,127.8515396118164,179.33990478515625,-6.0748748779296875,171.27532958984375,26.101879119873047,70.35101318359375,179.4293212890625,2.1235809326171875,123.5538558959961,34.04033279418945,64.4039535522461,178.2989501953125,-31.537986755371097,0.0,0.0,0.0,0.0,0.0,0.5754134058952332,0.0422146506607532,0.5193613171577454,0.6971656680107117,-0.0590792298316955,0.4349004626274109,0.060726348310709,0.2987582683563232,0.5492660999298096,-0.1410880088806152,0.0755983144044876,0.0310015175491571,0.0307439155876636,0.1318720877170562,-0.0327131226658821,0.875,1.0,0.0,0.875,0.9375,127.8515396118164,70.35101318359375,178.2989501953125,0.0,0.75,0.75,0.1778043508529663,0.0298263356089591,0.2089209556579589,0.0283812880516052,0.5,0.0,175.26199340820312,127.8515396118164,0.0298263356089591,0.1778043508529663,0.0283812880516052,0.2089209556579589,7.795458793640137,51.40850067138672,24.864044189453125,74.92827606201172,-0.75,0.875,0.4473950266838074,0.4257193207740783,0.1778043508529663,0.2505078315734863,0.0288930498063564,0.0601088143885135
v_CleanAndJerk_g14_c06.avi,/Users/josephkamil/Desktop/Capstone/Oly_Data/raw/clean_and_jerk/CleanAndJerk/v_CleanAndJerk_g14_c06.avi,clean_and_jerk,176,176,226,168.7985382080078,15.367609024047852,75.96650695800781,179.17349243164062,103.19206237792967,164.96109008789062,31.52772521972656,1.8755178451538088,178.84251403808594,160.647216796875,123.4992218017578,42.364845275878906,39.74769592285156,178.59780883789062,90.0966567993164,0.0,0.0,0.0,0.0,0.0,0.4034488797187805,0.0798369124531745,0.3003910183906555,0.7219945192337036,-0.3870854377746582,0.5639002323150635,0.0234060529619455,0.4616913795471191,0.6130298972129822,0.0386173129081726,0.0662729665637016,0.0389996245503425,0.0136543978005647,0.1858615428209304,0.0381195321679115,0.9090909361839294,1.0,0.0397727265954017,0.994318187236786,0.9602272510528564,75.96650695800781,1.8755178451538088,178.59780883789062,0.0,0.0,0.0340909101068973,0.1441974639892578,0.0068767983466386,0.0978113412857055,0.0034031141549348,0.125,0.0,75.96650695800781,128.9923858642578,0.0068767983466386,0.1441974639892578,0.0034031141549348,0.0978113412857055,3.0272376537323,68.22972106933594,6.946528911590576,94.9506378173828,0.0397727265954017,0.9545454382896424,1.203439712524414,0.5955449938774109,0.4216035008430481,0.151338517665863,0.0546444877982139,0.0335945039987564
v_CleanAndJerk_g15_c01.avi,/Users/josephkamil/Desktop/Capstone/Oly_Data/raw/clean_and_jerk/CleanAndJerk/v_CleanAndJerk_g15_c01.avi,clean_and_jerk,90,90,90,130.02432250976562,45.6703987121582,53.608612060546875,179.31402587890625,96.1269760131836,124.68038177490234,41.52651596069336,42.833553314208984,169.6070556640625,99.85913848876952,172.3508758544922,5.72275447845459,145.17384338378906,179.154541015625,14.822067260742188,0.0,0.0,0.0,0.0,0.0,0.3682215511798858,0.1977553814649582,0.1376565396785736,0.7723956108093262,-0.5744729042053223,0.6213681101799011,0.0800157934427261,0.4857239127159118,0.7394548058509827,-0.1501978635787964,0.1388093531131744,0.0267948172986507,0.0243486929684877,0.1842156499624252,-0.0273368805646896,0.7111111283302307,1.0,0.2888889014720917,0.9888888597488404,0.7111111283302307,53.608612060546875,42.833553314208984,179.154541015625,0.0,0.0777777805924415,0.0777777805924415,0.1075942814350128,0.0134434821084141,0.0921031236648559,0.0120641328394413,0.0,0.0,53.608612060546875,96.70293426513672,0.0134434821084141,0.1075942814350128,0.0120641328394413,0.0921031236648559,4.6879353523254395,29.682785034179688,2.5838608741760254,20.414260864257812,0.2111111134290695,0.699999988079071,1.1964699029922483,1.0737078189849854,0.6347390413284302,0.2537308931350708,0.1003080233931541,0.0386650562286376
v_CleanAndJerk_g15_c02.avi,/Users/josephkamil/Desktop/Capstone/Oly_Data/raw/clean_and_jerk/CleanAndJerk/v_CleanAndJerk_g15_c02.avi,clean_and_jerk,79,79,83,171.45516967773438,5.278624057769775,151.7545928955078,179.26278686523438,-7.936065673828125,172.75949096679688,3.072495698928833,165.46975708007812,179.26678466796875,9.015625,141.51072692871094,9.821043968200684,122.13123321533205,165.38491821289062,7.139678955078125,0.0,0.0,0.0,0.0,0.0,0.5616567730903625,0.0105942739173769,0.5230762958526611,0.5802744626998901,0.0249457359313964,0.5923157334327698,0.0069344020448625,0.5767064094543457,0.6060703992843628,0.0291290283203125,0.1171377152204513,0.004644667264074,0.0904430970549583,0.1251622587442398,0.0031420066952705,0.0,0.0,1.0,0.0,0.0,151.7545928955078,165.46975708007812,165.38491821289062,0.0,0.9367088675498962,0.5189873576164246,0.0229544043540954,0.0022071723360568,0.0039715766906738,0.0008835349581204,0.0,1.0,168.6715850830078,151.7545928955078,0.0022071723360568,0.0229544043540954,0.0008835349581204,0.0039715766906738,2.418083667755127,14.16619873046875,3.616387367248535,15.027236938476562,0.0632911399006843,-1.0,0.1721594333648681,0.0689157247543335,0.057198166847229,0.029363989830017,0.0,0.0044417441822588
v_CleanAndJerk_g15_c03.avi,/Users/josephkamil/Desktop/Capstone/Oly_Data/raw/clean_and_jerk/CleanAndJerk/v_CleanAndJerk_g15_c03.avi,clean_and_jerk,156,156,165,150.7761993408203,32.9946403503418,37.305423736572266,179.47076416015625,51.26309967041016,144.59584045410156,30.38357925415039,42.289554595947266,179.53004455566406,42.30290222167969,76.9316635131836,59.039306640625,11.668949127197266,179.26007080078125,-6.2698516845703125,0.0,0.0,0.0,0.0,0.0,0.4136225879192352,0.134406492114067,0.1955161094665527,0.7837125062942505,-0.5881963968276978,0.5970752239227295,0.0601264722645282,0.5338218212127686,0.7781820297241211,-0.0896871089935302,0.0574273131787776,0.0760230794548988,0.0008938182727433,0.2159377783536911,-0.0327819883823394,0.7051281929016113,1.0,0.160256415605545,0.9935897588729858,0.8397436141967773,37.305423736572266,42.289554595947266,179.26007080078125,0.0,0.1923076957464218,0.1923076957464218,0.042545735836029,0.0074177128262817,0.0588732957839965,0.0060106655582785,1.0,0.0,37.305423736572266,135.7633819580078,0.0074177128262817,0.042545735836029,0.0060106655582785,0.0588732957839965,4.758177757263184,52.626895904541016,7.289331912994385,105.87799072265624,-0.032051283866167,0.8333333134651184,1.1497454643249512,0.9316531419754028,0.5881963968276978,0.2443602085113525,0.0993930175900459,0.0695423111319542
v_CleanAndJerk_g15_c04.avi,/Users/josephkamil/Desktop/Capstone/Oly_Data/raw/clean_and_jerk/CleanAndJerk/v_CleanAndJerk_g15_c04.avi,clean_and_jerk,110,110,111,136.06341552734375,43.60966491699219,55.49774169921875,179.156005859375,72.54608917236328,128.25985717773438,39.26219940185547,56.09967803955078,166.3648223876953,66.02384185791016,165.685546875,7.1151041984558105,132.04330444335938,178.2887420654297,-14.094757080078123,0.0,0.0,0.0,0.0,0.0,0.3577544391155243,0.2209650129079818,0.1322377324104309,0.782365083694458,-0.6261870861053467,0.5871726870536804,0.0969989895820617,0.4787708520889282,0.7469354867935181,-0.1850311160087585,0.1293974369764328,0.0277292747050523,0.0423245765268802,0.2098050713539123,-0.0655215829610824,0.6909090876579285,1.0,0.3090909123420715,0.9909090995788574,0.6909090876579285,55.49774169921875,56.09967803955078,178.2887420654297,0.0,0.3909091055393219,0.1000000014901161,0.0423563718795776,0.0079647861421108,0.0998073816299438,0.0074675302021205,1.0,0.0,55.49774169921875,133.4656219482422,0.0079647861421108,0.0423563718795776,0.0074675302021205,0.0998073816299438,4.846611976623535,24.74475860595703,2.7353577613830566,20.420578002929688,-0.0818181782960891,0.6818181872367859,0.868161678314209,0.8139607906341553,0.6501273512840271,0.2681646347045898,0.1143319830298423,0.0046402472071349
v_CleanAndJerk_g16_c01.avi,/Users/josephkamil/Desktop/Capstone/Oly_Data/raw/clean_and_jerk/CleanAndJerk/v_CleanAndJerk_g16_c01.avi,clean_and_jerk,104,104,104,170.47525024414062,10.163274765014648,124.3502960205078,179.477294921875,4.2283477783203125,170.46417236328125,8.262712478637695,120.57887268066406,179.2682342529297,-1.13189697265625,100.8324737548828,75.02177429199219,0.8386744260787964,177.20425415039062,3.0220489501953125,0.0,0.0,0.0,0.0,0.0,0.2752436399459839,0.1621232777833938,0.0729559436440467,0.6771385669708252,-0.6041826009750366,0.5197976231575012,0.0573931522667408,0.4304829239845276,0.6430982351303101,-0.0265913605690002,0.1208058968186378,0.0870585739612579,0.0039966437034308,0.2266425788402557,0.0095468312501907,0.6634615659713745,1.0,0.1923076957464218,0.9903846383094788,0.807692289352417,124.3502960205078,120.57887268066406,177.20425415039062,0.0,0.2884615361690521,0.2884615361690521,0.1488573849201202,0.0168938096612691,0.0506516695022583,0.0090354336425662,0.25,0.0,124.3502960205078,145.46310424804688,0.0168938096612691,0.1488573849201202,0.0090354336425662,0.0506516695022583,3.8256711959838863,50.81105041503906,15.080322265625,162.9109649658203,-0.0961538478732109,0.7980769276618958,1.7400623559951782,0.9306496977806092,0.6041826009750366,0.2126153111457824,0.0880874097347259,0.0542556010186672
v_CleanAndJerk_g16_c02.avi,/Users/josephkamil/Desktop/Capstone/Oly_Data/raw/clean_and_jerk/CleanAndJerk/v_CleanAndJerk_g16_c02.avi,clean_and_jerk,102,102,102,169.0946044921875,17.022531509399414,77.83329772949219,179.4274139404297,3.0787506103515625,166.8166961669922,17.575698852539062,73.4013900756836,179.23898315429688,-2.9899139404296875,81.24146270751953,73.9680404663086,1.4589741230010986,175.62469482421875,16.172027587890625,0.0,0.0,0.0,0.0,0.0,0.3800512552261352,0.1870613247156143,0.0974114686250686,0.7959203720092773,-0.6985089182853699,0.6072692275047302,0.052837710827589,0.5480016469955444,0.7643539905548096,-0.1407768726348877,0.1119260340929031,0.0800614804029464,0.0105445273220539,0.2188286483287811,0.0113894045352935,0.6470588445663452,1.0,0.2549019753932953,0.9901960492134094,0.7450980544090271,77.83329772949219,73.4013900756836,175.62469482421875,0.0,0.2745098173618316,0.2745098173618316,0.0877860188484191,0.0119845112785696,0.03590989112854,0.0084284050390124,0.625,0.0,77.83329772949219,153.34564208984375,0.0119845112785696,0.0877860188484191,0.0084284050390124,0.03590989112854,3.8257150650024414,47.88079833984375,7.112382411956787,59.731842041015625,-0.0196078438311815,0.7352941036224365,1.2104356288909912,0.8512688875198364,0.6985089182853699,0.2163523435592651,0.1304498761892318,0.0852058678865432
v_CleanAndJerk_g16_c03.avi,/Users/josephkamil/Desktop/Capstone/Oly_Data/raw/clean_and_jerk/CleanAndJerk/v_CleanAndJerk_g16_c03.avi,clean_and_jerk,73,73,96,146.69906616210938,26.204368591308594,53.52411651611328,174.63429260253906,57.49699401855469,150.0099334716797,25.785959243774418,68.0108642578125,178.98521423339844,94.97288513183594,126.7413330078125,50.88801574707031,4.476528167724609,179.09228515625,8.802444458007812,0.0,0.0,0.0,0.0,0.0,0.4223334491252899,0.1647094339132309,0.1952488720417022,0.8107143044471741,-0.5972962975502014,0.6281843185424805,0.0431279093027114,0.5413058996200562,0.7428306341171265,-0.0300442576408386,0.1255032569169998,0.0656625032424926,0.0079402010887861,0.2732400000095367,-0.1064148694276809,0.4794520437717438,1.0,0.3150684833526611,0.9863013625144958,0.6849315166473389,53.52411651611328,68.0108642578125,179.09228515625,0.0,0.2191780805587768,0.0,0.2146245241165161,0.0317862182855606,0.0844000577926635,0.0115271899849176,0.125,0.0,53.52411651611328,122.08335876464844,0.0317862182855606,0.2146245241165161,0.0115271899849176,0.0844000577926635,11.888757705688477,98.68719482421876,25.92632484436035,143.98104858398438,0.0958904102444648,0.6712328791618347,2.2886078357696533,0.8299576640129089,0.6154654026031494,0.2015247344970703,0.0606075972318649,0.0524853393435478
v_CleanAndJerk_g16_c04.avi,/Users/josephkamil/Desktop/Capstone/Oly_Data/raw/clean_and_jerk/CleanAndJerk/v_CleanAndJerk_g16_c04.avi,clean_and_jerk,79,79,106,137.0261688232422,42.2072639465332,29.75734519958496,178.85260009765625,89.20841217041016,142.0944061279297,37.00360107421875,51.13660430908203,178.80601501464844,120.29801177978516,146.05345153808594,37.76750564575195,3.0971503257751465,179.1437225341797,7.969696044921875,0.0,0.0,0.0,0.0,0.0,0.4981008470058441,0.2035893946886062,0.2216424345970153,0.8581584692001343,-0.6235767602920532,0.6734849214553833,0.0565875731408596,0.6084133386611938,0.8411166667938232,-0.0782924890518188,0.1454232037067413,0.0555504262447357,0.0104448786005377,0.2543622553348541,-0.0840955674648284,0.3797468245029449,1.0,0.4683544337749481,0.9873417615890504,0.5316455960273743,29.75734519958496,51.13660430908203,179.1437225341797,0.0,0.3544303774833679,0.0,0.1902693212032318,0.0246332734823226,0.0583778619766235,0.0101128406822681,0.0,1.0,29.75734519958496,141.26065063476562,0.0246332734823226,0.1902693212032318,0.0101128406822681,0.0583778619766235,10.738496780395508,67.63789367675781,14.62359619140625,112.66146850585938,0.1139240488409996,0.5189873576164246,1.9213953018188477,0.7888015508651733,0.6365160346031189,0.2327033281326294,0.0475201085209846,0.0580990836024284
v_CleanAndJerk_g17_c01.avi,/Users/josephkamil/Desktop/Capstone/Oly_Data/raw/clean_and_jerk/CleanAndJerk/v_CleanAndJerk_g17_c01.avi,clean_and_jerk,88,88,88,161.51466369628906,19.410743713378903,107.2761688232422,179.0391845703125,52.928565979003906,159.37371826171875,15.397177696228027,114.50025939941406,178.7826690673828,52.29207611083984,100.65782928466795,74.94757843017578,1.3100225925445557,171.41636657714844,-3.87420654296875,0.0,0.0,0.0,0.0,0.0,0.3184009790420532,0.1609905809164047,0.157097190618515,0.6579816341400146,-0.4948090612888336,0.4974501430988312,0.0627706721425056,0.3920083940029144,0.6181458830833435,0.066607117652893,0.1196052059531211,0.0811984911561012,0.0152476131916046,0.2110759615898132,-0.0101779699325561,0.4204545319080353,1.0,0.3295454680919647,0.9886363744735718,0.6704545617103577,107.2761688232422,114.50025939941406,171.41636657714844,0.0,0.0340909101068973,0.1022727265954017,0.0754174292087555,0.0121288187801837,0.0258919596672058,0.0071421647444367,0.0,0.0,107.2761688232422,143.55775451660156,0.0121288187801837,0.0754174292087555,0.0071421647444367,0.0258919596672058,3.594601631164551,41.088623046875,14.57323932647705,165.22650146484375,0.2954545319080353,0.6590909361839294,1.0552072525024414,0.6213683485984802,0.5008844137191772,0.226137489080429,0.0346987843513488,0.0352220982313156
v_CleanAndJerk_g17_c02.avi,/Users/josephkamil/Desktop/Capstone/Oly_Data/raw/clean_and_jerk/CleanAndJerk/v_CleanAndJerk_g17_c02.avi,clean_and_jerk,75,75,117,165.50474548339844,11.158390998840332,117.60002899169922,179.13621520996094,5.37127685546875,169.86349487304688,6.753718852996826,147.6685791015625,179.2426300048828,22.182815551757812,69.24612426757812,75.31849670410156,1.5068340301513672,178.5869140625,117.93287658691406,0.0,0.0,0.0,0.0,0.0,0.3036959171295166,0.0650187507271766,0.2270351201295852,0.5479353666305542,-0.3189943432807922,0.4704926609992981,0.0494961142539978,0.3803626894950866,0.5218907594680786,0.0008147954940795,0.0562252923846244,0.0443188473582267,0.0124637717381119,0.1369068324565887,0.0778901800513267,0.5333333611488342,1.0,0.0133333336561918,0.9866666793823242,0.9866666793823242,117.60002899169922,147.6685791015625,178.5869140625,0.0,0.0133333336561918,0.0,0.2232818305492401,0.0161547251045703,0.0969889760017395,0.0057899565435945,0.125,0.0,117.60002899169922,162.57135009765625,0.0161547251045703,0.2232818305492401,0.0057899565435945,0.0969889760017395,4.388553142547607,56.16490936279297,14.192082405090332,130.98719787597656,0.0,0.9733333587646484,1.1954495906829834,0.4284567832946777,0.3209002614021301,0.1415280699729919,0.0537795312702655,0.0236906222999095
v_CleanAndJerk_g17_c03.avi,/Users/josephkamil/Desktop/Capstone/Oly_Data/raw/clean_and_jerk/CleanAndJerk/v_CleanAndJerk_g17_c03.avi,clean_and_jerk,138,138,138,170.66603088378906,9.26333999633789,122.96172332763672,179.2840576171875,-5.7798309326171875,167.1524200439453,5.9108567237854,155.37156677246094,178.6224822998047,-16.099990844726562,89.69782257080078,74.54869842529297,1.0468428134918213,173.9657440185547,-2.5858154296875,0.0,0.0,0.0,0.0,0.0,0.4944291114807129,0.160194382071495,0.2352595925331115,0.7584609985351562,-0.5199277997016907,0.5923734903335571,0.0341344214975833,0.544325590133667,0.6673588752746582,-0.0954379439353942,0.0840722173452377,0.0631865188479423,0.0026393989101052,0.174832209944725,-0.0154352635145187,0.2173912972211837,1.0,0.5797101259231567,0.9927536249160768,0.4202898442745209,122.96172332763672,155.37156677246094,173.9657440185547,0.0,0.0579710155725479,0.1449275314807891,0.08866548538208,0.0117465732619166,0.0212869048118591,0.0044625881128013,0.0,1.0,122.96172332763672,151.4453125,0.0117465732619166,0.08866548538208,0.0044625881128013,0.0212869048118591,4.946696758270264,28.186203002929688,18.47025680541992,171.9739227294922,0.52173912525177,0.4130434691905975,1.6092805862426758,0.61137455701828,0.5232014060020447,0.1230332851409912,0.0591708794236183,0.100164420902729
v_CleanAndJerk_g17_c04.avi,/Users/josephkamil/Desktop/Capstone/Oly_Data/raw/clean_and_jerk/CleanAndJerk/v_CleanAndJerk_g17_c04.avi,clean_and_jerk,13,13,165,171.38369750976562,4.8351521492004395,163.67076110839844,178.7553253173828,-1.95086669921875,171.67628479003906,8.223747253417969,146.839111328125,178.05715942382812,26.517120361328125,157.07830810546875,36.469573974609375,57.46039581298828,177.30447387695312,-88.06595611572266,0.0,0.0,0.0,0.0,0.0,0.6032314896583557,0.0966818183660507,0.3764554858207702,0.6457037329673767,-0.2677992880344391,0.5069711804389954,0.0234774351119995,0.4534700810909271,0.5325759649276733,-0.0625717341899871,0.1355086714029312,0.0305706914514303,0.0626375973224639,0.1525424271821975,-0.0767073780298233,0.0,0.0,1.0,0.0,0.0,163.67076110839844,146.839111328125,177.30447387695312,0.0,0.2307692319154739,0.0,0.2683899998664856,0.0228277016431093,0.0752643346786499,0.0110229523852467,0.0,1.0,163.67076110839844,167.07591247558594,0.0228277016431093,0.2683899998664856,0.0110229523852467,0.0752643346786499,4.05944299697876,9.728546142578123,13.09307861328125,111.80342864990234,0.7692307829856873,-1.0,0.2739324271678924,0.1322754323482513,0.2692482471466064,0.0791058838367462,0.0,0.1315286606550216
v_CleanAndJerk_g18_c01.avi,/Users/josephkamil/Desktop/Capstone/Oly_Data/raw/clean_and_jerk/CleanAndJerk/v_CleanAndJerk_g18_c01.avi,clean_and_jerk,229,229,230,152.28114318847656,33.00878143310547,36.143333435058594,174.78021240234375,45.52079772949219,147.9800567626953,28.26953125,44.09115219116211,174.9964599609375,38.87947082519531,89.84135437011719,69.77779388427734,4.683600425720215,179.29747009277344,-2.5167694091796875,0.0,0.0,0.0,0.0,0.0,0.3413717746734619,0.1620246022939682,0.1254969239234924,0.6513748168945312,-0.5250511169433594,0.5746297240257263,0.0892287641763687,0.4184982180595398,0.8300552368164062,0.0304539203643798,0.0931402966380119,0.0929421856999397,0.0019134456524625,0.2486749291419983,-0.043110579252243,0.8253275156021118,1.0,0.1703056842088699,0.9956331849098206,0.8296943306922913,36.143333435058594,44.09115219116211,179.29747009277344,0.0,0.2052401751279831,0.2270742356777191,0.0426133871078491,0.0054689133539795,0.06344735622406,0.0056649073958396,1.0,0.0,36.143333435058594,140.8173828125,0.0054689133539795,0.0426133871078491,0.0056649073958396,0.06344735622406,2.2326560020446777,15.990074157714844,2.9491777420043945,153.95252990722656,-0.0349344983696937,0.8253275156021118,1.2469122409820557,1.291598916053772,0.5258778929710388,0.4115570187568664,0.1344074606895446,0.0732582807540893
v_CleanAndJerk_g18_c02.avi,/Users/josephkamil/Desktop/Capstone/Oly_Data/raw/clean_and_jerk/CleanAndJerk/v_CleanAndJerk_g18_c02.avi,clean_and_jerk,245,245,245,157.085205078125,32.96413803100586,32.704627990722656,179.21531677246094,44.68310546875,152.2826690673828,31.12421989440918,40.40663146972656,177.85145568847656,50.78590393066406,80.07369232177734,71.2663803100586,11.955942153930664,178.2384033203125,-6.1843719482421875,0.0,0.0,0.0,0.0,0.0,0.3183218240737915,0.1589622795581817,0.1200922280550003,0.6491439342498779,-0.5287474989891052,0.5540065169334412,0.0856963172554969,0.4316199421882629,0.8271421194076538,0.0100275874137878,0.0959503948688507,0.0949325934052467,0.0009681496303528,0.2449126541614532,-0.0408502966165542,0.8285714387893677,1.0,0.1632653027772903,0.9959183931350708,0.8367347121238708,32.704627990722656,40.40663146972656,178.2384033203125,0.0,0.1877551078796386,0.1877551078796386,0.0530538260936737,0.005233287345618,0.1124425828456878,0.0053880084306001,1.0,0.0,32.704627990722656,147.3135528564453,0.005233287345618,0.0530538260936737,0.0053880084306001,0.1124425828456878,2.2153196334838867,32.89759826660156,1.886309504508972,145.75299072265625,-0.0244897957891225,0.8326530456542969,1.2769221067428589,1.3146740198135376,0.5290517210960388,0.3955221772193908,0.1239905655384063,0.0621856153011322
v_CleanAndJerk_g18_c03.avi,/Users/josephkamil/Desktop/Capstone/Oly_Data/raw/clean_and_jerk/CleanAndJerk/v_CleanAndJerk_g18_c03.avi,clean_and_jerk,227,227,227,161.04859924316406,28.537708282470703,63.59769821166992,179.12144470214844,82.72061157226562,154.11048889160156,25.006059646606445,58.63644790649414,173.28945922851562,88.50394439697266,89.31619262695312,60.17026138305664,26.15147399902344,175.3438720703125,1.625518798828125,0.0,0.0,0.0,0.0,0.0,0.2797779738903045,0.1355672776699066,0.142016977071762,0.663771390914917,-0.4854288697242737,0.5272437334060669,0.0605890862643718,0.3968017697334289,0.712315559387207,-0.0244789719581604,0.0854604914784431,0.0832577645778656,0.0036595133133232,0.2559786736965179,-0.0793917626142501,0.8325991034507751,1.0,0.1541850268840789,0.9955947399139404,0.8458150029182434,63.59769821166992,58.63644790649414,175.3438720703125,0.0,0.2070484608411789,0.0132158594205975,0.0388254523277282,0.0058077103458344,0.0812933444976806,0.0051476848311722,0.75,0.0,63.59769821166992,162.65460205078125,0.0058077103458344,0.0388254523277282,0.0051476848311722,0.0812933444976806,2.1412220001220703,34.10863494873047,4.301851749420166,64.46650695800781,-0.0528634376823902,0.8414096832275391,1.3125425577163696,1.163376808166504,0.5217543840408325,0.3155137896537781,0.0706790760159492,0.0345126390457153
v_CleanAndJerk_g18_c04.avi,/Users/josephkamil/Desktop/Capstone/Oly_Data/raw/clean_and_jerk/CleanAndJerk/v_CleanAndJerk_g18_c04.avi,clean_and_jerk,227,227,227,159.8629150390625,37.177005767822266,21.292736053466797,179.30450439453125,10.736068725585938,153.58590698242188,36.28912353515625,17.332866668701172,170.684814453125,21.611892700195312,70.86591339111328,67.45941162109375,10.407267570495604,175.7493133544922,-2.2823486328125,0.0,0.0,0.0,0.0,0.0,0.3019238114356994,0.1356530636548996,0.1428092420101165,0.6414080858230591,-0.4669297337532043,0.5513221025466919,0.0861664339900016,0.3906281590461731,0.814246416091919,0.0636268258094787,0.0792185738682746,0.0887058451771736,0.0010448246030136,0.2633771598339081,-0.0736597925424575,0.8281938433647156,1.0,0.123348020017147,0.9955947399139404,0.8766520023345947,21.292736053466797,17.332866668701172,175.7493133544922,0.0,0.1585903018712997,0.1585903018712997,0.0419977307319641,0.0060488418675959,0.0696279406547546,0.0056672184728085,1.0,0.0,21.292736053466797,146.14736938476562,0.0060488418675959,0.0419977307319641,0.0056672184728085,0.0696279406547546,2.233518600463867,42.33290100097656,1.8771746158599856,70.00682067871094,-0.0352422893047332,0.8722466826438904,1.3670382499694824,1.280791401863098,0.4985988438129425,0.4236182570457458,0.1083994284272193,0.0447108261287212
v_CleanAndJerk_g19_c01.avi,/Users/josephkamil/Desktop/Capstone/Oly_Data/raw/clean_and_jerk/CleanAndJerk/v_CleanAndJerk_g19_c01.avi,clean_and_jerk,287,287,290,156.6313934326172,26.8985595703125,71.2718276977539,179.45867919921875,43.79768371582031,113.68885803222656,65.02931213378906,0.7824480533599854,179.52197265625,164.49342346191406,121.76589965820312,68.57765197753906,15.197327613830566,179.21307373046875,4.7080230712890625,0.0,0.0,0.0,0.0,0.0,0.5332764983177185,0.2489530742168426,0.1814285516738891,0.8554598093032837,-0.6614852547645569,0.6141746044158936,0.0590574480593204,0.5455440282821655,0.7993093729019165,0.0303896069526672,0.130593329668045,0.0871357843279838,0.0013872556155547,0.2231577038764953,-0.0115372091531753,0.5679442286491394,1.0,0.4146341383457184,0.996515691280365,0.5853658318519592,71.2718276977539,0.7824480533599854,179.21307373046875,0.0,0.4634146392345428,0.1289198547601699,0.0532315671443939,0.0056256898678839,0.107906699180603,0.0047422512434422,0.75,0.0,71.2718276977539,141.88937377929688,0.0056256898678839,0.0532315671443939,0.0047422512434422,0.107906699180603,3.5512659549713135,89.52111053466797,2.8439459800720215,120.31930541992188,-0.0487804859876632,0.5818815231323242,1.6089472770690918,1.3562839031219482,0.6740312576293945,0.253765344619751,0.1281860768795013,0.0993957445025444
v_CleanAndJerk_g19_c02.avi,/Users/josephkamil/Desktop/Capstone/Oly_Data/raw/clean_and_jerk/CleanAndJerk/v_CleanAndJerk_g19_c02.avi,clean_and_jerk,229,229,229,154.8690948486328,30.943443298339844,53.43073654174805,179.31765747070312,59.03528594970703,147.0895538330078,26.71760368347168,67.15167236328125,170.0574188232422,56.37125396728515,103.8718032836914,65.63603210449219,4.896860122680664,179.05264282226562,10.363632202148438,0.0,0.0,0.0,0.0,0.0,0.4897705018520355,0.1662036478519439,0.2648112773895263,0.8294480443000793,-0.5535408854484558,0.6869251132011414,0.047239039093256,0.6064948439598083,0.8222606778144836,-0.0640218257904052,0.0876847803592681,0.07728873193264,0.0004953955649398,0.1985097080469131,-0.0206100493669509,0.7685589790344238,1.0,0.2096069902181625,0.9956331849098206,0.7903929948806763,53.43073654174805,67.15167236328125,179.05264282226562,0.0,0.2489082962274551,0.2489082962274551,0.0414755344390869,0.0054211844690144,0.0494716167449951,0.0046312669292092,1.0,0.0,53.43073654174805,149.94676208496094,0.0054211844690144,0.0414755344390869,0.0046312669292092,0.0494716167449951,3.148601770401001,24.07660675048828,4.976326942443848,82.85355377197266,-0.0393013097345829,0.7860261797904968,1.236030101776123,1.0559288263320925,0.564636766910553,0.2157658338546753,0.1011025235056877,0.0712785273790359
v_CleanAndJerk_g19_c03.avi,/Users/josephkamil/Desktop/Capstone/Oly_Data/raw/clean_and_jerk/CleanAndJerk/v_CleanAndJerk_g19_c03.avi,clean_and_jerk,240,240,240,164.07077026367188,9.194790840148926,116.6622543334961,177.61451721191406,15.027389526367188,157.34228515625,10.748376846313477,89.54278564453125,171.717041015625,8.474853515625,164.79408264160156,2.349576473236084,157.41184997558594,168.84768676757812,-2.0460052490234375,0.0,0.0,0.0,0.0,0.0,0.6597715616226196,0.0205080695450305,0.6188973188400269,0.6952222585678101,0.0706279873847961,0.6558465361595154,0.019284950569272,0.6183216571807861,0.6944299936294556,0.0568190217018127,0.1259387135505676,0.0030889257322996,0.1120264679193496,0.1319033950567245,0.0016564056277275,0.0,0.0,1.0,0.0,0.0,116.6622543334961,89.54278564453125,168.84768676757812,0.0,0.3458333313465118,0.3458333313465118,0.0113628506660461,0.0008572686929255,0.0089344382286071,0.0012031970545649,0.0,1.0,116.6622543334961,136.79920959472656,0.0008572686929255,0.0113628506660461,0.0012031970545649,0.0089344382286071,3.645948886871338,39.950439453125,0.598587155342102,4.58538818359375,0.6541666388511658,-1.0,0.2048872113227844,0.2875640988349914,0.0763249397277832,0.0761083364486694,0.0,0.0084479069337248
v_CleanAndJerk_g19_c04.avi,/Users/josephkamil/Desktop/Capstone/Oly_Data/raw/clean_and_jerk/CleanAndJerk/v_CleanAndJerk_g19_c04.avi,clean_and_jerk,322,322,323,153.32395935058594,33.634986877441406,38.04908752441406,179.443115234375,38.326202392578125,147.5851287841797,32.703495025634766,64.14334869384766,178.97398376464844,60.13538360595703,98.54631805419922,69.86410522460938,16.487144470214844,179.0614471435547,0.566925048828125,0.0,0.0,0.0,0.0,0.0,0.5419493317604065,0.210281491279602,0.2189258635044098,0.8850240707397461,-0.6272474527359009,0.70762038230896,0.0477236099541187,0.6039779782295227,0.8572109937667847,-0.0324206352233886,0.1073958203196525,0.0951879248023033,0.003222516272217,0.2313118129968643,0.0075966119766235,0.611801266670227,1.0,0.3229813575744629,0.9968944191932678,0.6770186424255371,38.04908752441406,64.14334869384766,179.0614471435547,0.0,0.3540372550487518,0.3695652186870575,0.0640333294868469,0.0060943141579627,0.0641498565673828,0.0047798142768442,0.75,0.0,38.04908752441406,139.47998046875,0.0060943141579627,0.0640333294868469,0.0047798142768442,0.0641498565673828,3.366925001144409,29.963455200195312,2.297938585281372,95.97966003417967,-0.0310559011995792,0.6739130616188049,1.9562748670578003,1.53432035446167,0.6660982370376587,0.2532330155372619,0.1099119931459426,0.092989481985569
v_CleanAndJerk_g20_c01.avi,/Users/josephkamil/Desktop/Capstone/Oly_Data/raw/clean_and_jerk/CleanAndJerk/v_CleanAndJerk_g20_c01.avi,clean_and_jerk,34,34,148,162.95120239257812,8.352636337280273,147.6089324951172,177.61349487304688,30.004562377929688,164.52102661132812,9.363441467285156,144.26438903808594,179.36648559570312,34.73664855957031,139.0474853515625,40.953590393066406,15.269033432006836,176.6638641357422,-13.767059326171877,0.0,0.0,0.0,0.0,0.0,0.4467081129550934,0.1004717350006103,0.310304194688797,0.6268272399902344,-0.307298481464386,0.5868278741836548,0.0259154364466667,0.5334720015525818,0.6239887475967407,-0.0053585767745971,0.0876130834221839,0.0554860085248947,0.012047448195517,0.1652210503816604,-0.0659336522221565,0.5588235259056091,1.0,0.3529411852359772,0.970588207244873,0.6470588445663452,147.6089324951172,144.26438903808594,176.6638641357422,0.0,0.0,0.0,0.1272270679473877,0.0208154022693634,0.0483268499374389,0.0070086177438497,0.0,0.0,147.6089324951172,150.3135986328125,0.0208154022693634,0.1272270679473877,0.0070086177438497,0.0483268499374389,4.476078510284424,17.117889404296875,28.192581176757812,114.5748062133789,0.3529411852359772,0.6176470518112183,0.6869082450866699,0.2312843799591064,0.3165230453014374,0.0905167460441589,0.0440129041671752,0.0574358254671096
v_CleanAndJerk_g20_c02.avi,/Users/josephkamil/Desktop/Capstone/Oly_Data/raw/clean_and_jerk/CleanAndJerk/v_CleanAndJerk_g20_c02.avi,clean_and_jerk,96,96,282,164.66134643554688,10.10025691986084,122.54290771484376,178.83551025390625,27.116744995117188,162.2811737060547,9.126102447509766,130.76039123535156,177.22523498535156,32.21461486816406,120.16170501708984,57.00984573364258,1.551219463348389,179.07861328125,-134.4176483154297,0.0,0.0,0.0,0.0,0.0,0.420048326253891,0.1199405416846275,0.2052595317363739,0.681390643119812,-0.2904468178749084,0.5555065274238586,0.0225146897137165,0.5107301473617554,0.6169750690460205,-0.0337166786193847,0.0859588608145713,0.0545303001999855,0.0048659341409802,0.1903491616249084,-0.1342526823282241,0.5625,1.0,0.2916666567325592,0.9895833134651184,0.7083333134651184,122.54290771484376,130.76039123535156,179.07861328125,0.0,0.0,0.0,0.1892512440681457,0.0229120086878538,0.0168851613998413,0.0035381969064474,0.0,0.0,122.54290771484376,149.65965270996094,0.0229120086878538,0.1892512440681457,0.0035381969064474,0.0168851613998413,3.133706569671631,21.6224365234375,30.9672794342041,161.24069213867188,0.2916666567325592,0.6979166865348816,2.176640748977661,0.3361287117004394,0.4761311113834381,0.1062449216842651,0.0433615744113922,0.0483135245740413
v_CleanAndJerk_g20_c03.avi,/Users/josephkamil/Desktop/Capstone/Oly_Data/raw/clean_and_jerk/CleanAndJerk/v_CleanAndJerk_g20_c03.avi,clean_and_jerk,49,49,163,155.83761596679688,20.570533752441406,106.4255828857422,179.22511291503906,40.58711242675781,156.3207550048828,16.995891571044922,113.58973693847656,179.5309600830078,28.894943237304688,80.98973846435547,63.40287780761719,2.54333233833313,178.88858032226562,66.17731475830078,0.0,0.0,0.0,0.0,0.0,0.3843310475349426,0.1510744839906692,0.2152623832225799,0.9186455011367798,-0.2287525832653045,0.5994559526443481,0.0465945340692997,0.5302180051803589,0.6818661689758301,-0.0876606702804565,0.0898164510726928,0.0637772008776664,0.0030033749062567,0.1802066713571548,0.1353426426649093,0.5714285969734192,1.0,0.0,0.9795918464660645,1.0,106.4255828857422,113.58973693847656,178.88858032226562,0.0,0.061224490404129,0.0408163256943225,0.5619475841522217,0.0452427081763744,0.1258388757705688,0.0111008761450648,0.125,0.0,106.4255828857422,132.740478515625,0.0452427081763744,0.5619475841522217,0.0111008761450648,0.1258388757705688,6.9456963539123535,46.477630615234375,22.665170669555664,166.1479034423828,-0.061224490404129,0.9795918464660645,2.171649932861328,0.5328420400619507,0.7033830881118774,0.1516481637954712,0.0717993751168251,0.0366686508059501
v_CleanAndJerk_g20_c04.avi,/Users/josephkamil/Desktop/Capstone/Oly_Data/raw/clean_and_jerk/CleanAndJerk/v_CleanAndJerk_g20_c04.avi,clean_and_jerk,24,24,332,152.82398986816406,12.849220275878906,134.5415802001953,173.2034912109375,-7.9866943359375,149.83360290527344,13.656278610229492,132.24444580078125,178.05490112304688,-0.8559722900390625,110.17647552490234,42.155548095703125,27.31827735900879,175.02005004882812,-31.0145263671875,0.0,0.0,0.0,0.0,0.0,0.3693636357784271,0.1637183874845504,0.2404174655675888,0.8823234438896179,-0.6315333247184753,0.660259485244751,0.0464353747665882,0.5462622046470642,0.6909475326538086,0.0092273354530334,0.1329101473093032,0.0396973937749862,0.0625937432050705,0.1840531975030899,-0.0213946998119354,0.9166666865348816,1.0,0.0833333358168602,0.9583333134651184,0.9166666865348816,134.5415802001953,132.24444580078125,175.02005004882812,0.0,0.2916666567325592,0.2916666567325592,0.5087064504623413,0.0397886224091053,0.128311812877655,0.0126049490645527,1.0,0.0,134.5415802001953,153.0321044921875,0.0397886224091053,0.5087064504623413,0.0126049490645527,0.128311812877655,4.792107582092285,30.814193725585938,28.192554473876953,99.08341979980467,-0.2083333283662796,0.875,0.915138304233551,0.2899138331413269,0.6419059634208679,0.1446853280067443,0.0589435324072837,0.0159904826432466
v_CleanAndJerk_g20_c06.avi,/Users/josephkamil/Desktop/Capstone/Oly_Data/raw/clean_and_jerk/CleanAndJerk/v_CleanAndJerk_g20_c06.avi,clean_and_jerk,69,69,371,69.74749755859375,35.613914489746094,13.62191677093506,167.41226196289062,21.151084899902344,44.59030532836914,44.41604232788086,2.3828563690185547,168.56541442871094,35.57236099243164,54.607215881347656,45.81972122192383,1.5223599672317505,167.21237182617188,-130.9400177001953,0.0,0.0,0.0,0.0,0.0,0.5322890281677246,0.0271331537514925,0.4741349816322326,0.6204830408096313,-0.084287941455841,0.5783514380455017,0.0382654704153537,0.5064196586608887,0.660212516784668,0.0229787230491638,0.0470866560935974,0.0198611915111541,0.0084281070157885,0.0957498699426651,-0.0619193986058235,0.7246376872062683,1.0,0.0144927538931369,0.9855072498321532,0.9855072498321532,13.62191677093506,2.3828563690185547,167.21237182617188,0.0,0.8115941882133484,0.7101449370384216,0.0514942407608032,0.0111439060419797,0.0907796621322631,0.0143527518957853,0.875,0.0,40.282737731933594,13.62191677093506,0.0111439060419797,0.0514942407608032,0.0143527518957853,0.0907796621322631,20.08138656616211,118.75688934326172,24.264450073242188,129.82093811035156,-0.7971014380455017,0.9710144996643066,0.7577856183052063,0.9759871363639832,0.1463480591773986,0.1537928581237793,0.0279826391488313,0.0171668957918882
v_CleanAndJerk_g21_c01.avi,/Users/josephkamil/Desktop/Capstone/Oly_Data/raw/clean_and_jerk/CleanAndJerk/v_CleanAndJerk_g21_c01.avi,clean_and_jerk,73,73,101,110.3145523071289,55.08366394042969,12.395535469055176,175.74278259277344,145.60475158691406,108.65425872802734,50.459617614746094,17.102760314941406,173.90516662597656,152.2408447265625,148.74485778808594,44.26920318603515,6.204623222351074,179.10064697265625,83.6171646118164,0.0,0.0,0.0,0.0,0.0,0.5468630194664001,0.1123237237334251,0.2844263911247253,0.8190939426422119,-0.3984904885292053,0.6734140515327454,0.0801411420106887,0.5597296953201294,0.781457245349884,-0.1085909605026245,0.0681795477867126,0.050873078405857,0.0076484722085297,0.2077847272157669,-0.0140636786818504,0.2876712381839752,1.0,0.1095890402793884,0.9589040875434875,0.8630136847496033,12.395535469055176,17.102760314941406,179.10064697265625,0.0,0.1232876703143119,0.0,0.2156093120574951,0.0613518618047237,0.1575108170509338,0.0096732592210173,0.125,0.0,12.395535469055176,109.3518524169922,0.0613518618047237,0.2156093120574951,0.0096732592210173,0.1575108170509338,12.31031322479248,138.46205139160156,32.649681091308594,167.14849853515625,-0.0136986300349235,0.8493150472640991,4.417334079742432,0.6964746713638306,0.5346675515174866,0.2217275500297546,0.0945930853486061,0.1048542708158493
v_CleanAndJerk_g21_c02.avi,/Users/josephkamil/Desktop/Capstone/Oly_Data/raw/clean_and_jerk/CleanAndJerk/v_CleanAndJerk_g21_c02.avi,clean_and_jerk,92,92,95,129.02572631835938,52.66225051879883,1.35060453414917,179.10870361328125,160.5394287109375,136.7064666748047,40.91341018676758,23.629804611206055,179.5038604736328,112.88880920410156,136.95826721191406,41.34449005126953,11.217071533203123,178.39517211914062,-118.21785736083984,0.0,0.0,0.0,0.0,0.0,0.4756715595722198,0.16401307284832,0.2730720639228821,0.8366870880126953,-0.3239776492118835,0.6748941540718079,0.071921706199646,0.5868375301361084,0.7910103797912598,-0.1630437970161438,0.1073885783553123,0.0478456914424896,0.0061883623711764,0.2090974003076553,-0.0571524426341056,0.70652174949646,1.0,0.29347825050354,0.989130437374115,0.70652174949646,1.35060453414917,23.629804611206055,178.39517211914062,0.0,0.0217391308397054,0.0108695654198527,0.1051871180534362,0.0169682018458843,0.0582480430603027,0.0079937567934393,0.0,0.0,1.35060453414917,151.99859619140625,0.0169682018458843,0.1051871180534362,0.0079937567934393,0.0582480430603027,7.311422348022461,61.63392639160156,17.015247344970703,158.30259704589844,0.27173912525177,0.695652186870575,1.544106364250183,0.7274318337440491,0.5636150240898132,0.2041728496551513,0.0774322524666786,0.0339836329221725
v_CleanAndJerk_g21_c03.avi,/Users/josephkamil/Desktop/Capstone/Oly_Data/raw/clean_and_jerk/CleanAndJerk/v_CleanAndJerk_g21_c03.avi,clean_and_jerk,116,116,120,106.98057556152344,53.238094329833984,35.24808120727539,177.1326141357422,61.45374298095703,106.79505920410156,47.22620391845703,33.163734436035156,178.09011840820312,136.23541259765625,156.6309814453125,30.56887435913086,15.908617973327637,178.8837432861328,24.084976196289062,0.0,0.0,0.0,0.0,0.0,0.5829119682312012,0.1263623237609863,0.345541387796402,0.905987560749054,-0.4288747906684875,0.7213851809501648,0.0843733772635459,0.4401154518127441,0.8585317134857178,-0.0265642404556274,0.1143649518489837,0.0596558898687362,0.008438304066658,0.250466376543045,-0.0891198888421058,0.4568965435028076,1.0,0.2413793057203292,0.948275864124298,0.7155172228813171,35.24808120727539,33.163734436035156,178.8837432861328,0.0,0.5086206793785095,0.0,0.31915944814682,0.0465451069176197,0.212156057357788,0.0109218275174498,1.0,0.0,35.24808120727539,39.39361572265625,0.0465451069176197,0.31915944814682,0.0109218275174498,0.212156057357788,8.769822120666504,89.0442886352539,16.61019515991211,139.4326629638672,-0.2672413885593414,0.7068965435028076,5.352687358856201,1.2560101747512815,0.5604461431503296,0.4184162616729736,0.0694527551531791,0.1080977544188499
v_CleanAndJerk_g21_c04.avi,/Users/josephkamil/Desktop/Capstone/Oly_Data/raw/clean_and_jerk/CleanAndJerk/v_CleanAndJerk_g21_c04.avi,clean_and_jerk,110,110,114,73.04360961914062,54.15958786010742,12.385339736938477,178.5687255859375,147.3272247314453,83.66329956054688,47.36864471435547,27.59242248535156,178.17544555664062,103.20025634765624,165.2356719970703,23.629579544067383,4.889016628265381,179.00607299804688,-9.380966186523438,0.0,0.0,0.0,0.0,0.0,0.4625044763088226,0.1415861845016479,0.2513444423675537,0.720021665096283,-0.4151569604873657,0.675754964351654,0.0618297569453716,0.5055729150772095,0.7478116750717163,-0.0647369027137756,0.1269217729568481,0.0380256250500679,0.041321113705635,0.1986018121242523,-0.0143931210041046,0.6636363863945007,1.0,0.2636363506317138,0.9909090995788574,0.7363636493682861,12.385339736938477,27.59242248535156,179.00607299804688,0.0,0.0909090936183929,0.5181818008422852,0.1486701369285583,0.0203297156840562,0.066780686378479,0.0075400075875222,0.0,0.0,12.385339736938477,27.378358840942383,0.0203297156840562,0.1486701369285583,0.0075400075875222,0.066780686378479,7.985231399536133,80.37117004394531,9.625938415527344,135.36561584472656,0.1727272719144821,0.7272727489471436,2.2159390449523926,0.8218608498573303,0.4686772227287292,0.2422387599945068,0.0818996354937553,0.0757556706666946
v_CleanAndJerk_g22_c01.avi,/Users/josephkamil/Desktop/Capstone/Oly_Data/raw/clean_and_jerk/CleanAndJerk/v_CleanAndJerk_g22_c01.avi,clean_and_jerk,234,234,234,142.116455078125,38.80794525146485,35.62840270996094,179.34463500976562,68.06538391113281,141.80101013183594,37.55327606201172,34.61061096191406,179.4305419921875,66.87655639648438,131.01255798339844,45.12120056152344,17.867584228515625,178.95155334472656,2.7978363037109375,0.0,0.0,0.0,0.0,0.0,0.3989193141460418,0.117054708302021,0.2133166193962097,0.6763997077941895,-0.4109711050987243,0.5719205141067505,0.0516753569245338,0.4514406323432922,0.7061556577682495,-0.0215497016906738,0.0827037915587425,0.0553595647215843,0.0013276054523885,0.1846512854099273,0.0146020650863647,0.7008547186851501,1.0,0.1880341917276382,0.995726466178894,0.811965823173523,35.62840270996094,34.61061096191406,178.95155334472656,0.0,0.2179487198591232,0.2606837749481201,0.0605154037475585,0.0058428556658327,0.0450527071952819,0.0045751105062663,0.875,0.0,35.62840270996094,117.00739288330078,0.0058428556658327,0.0605154037475585,0.0045751105062663,0.0450527071952819,4.271998882293701,46.176856994628906,16.77438735961914,143.6919403076172,-0.0299145299941301,0.807692289352417,1.3613853454589844,1.0660006999969482,0.4630830883979797,0.2547150254249573,0.0694056376814842,0.0592765733599662
v_CleanAndJerk_g22_c02.avi,/Users/josephkamil/Desktop/Capstone/Oly_Data/raw/clean_and_jerk/CleanAndJerk/v_CleanAndJerk_g22_c02.avi,clean_and_jerk,288,288,288,155.81141662597656,30.616609573364254,40.76430130004883,179.53912353515625,89.84437561035156,152.32489013671875,29.09330177307129,56.57573318481445,178.3488006591797,90.70845794677734,106.52767181396484,57.36492156982422,11.045981407165527,179.31114196777344,-3.4745025634765625,0.0,0.0,0.0,0.0,0.0,0.3113700151443481,0.1506252437829971,0.1123076379299163,0.776269793510437,-0.6478631496429443,0.6052001118659973,0.0557815171778202,0.5275264978408813,0.7881778478622437,-0.0421055555343627,0.1083780899643898,0.0967004001140594,0.0070364447310566,0.2474786937236786,-0.0039356499910354,0.8229166865348816,1.0,0.1076388880610466,0.9965277910232544,0.8923611044883728,40.76430130004883,56.57573318481445,179.31114196777344,0.0,0.1388888955116272,0.1388888955116272,0.0700978934764862,0.006004826631397,0.0931939482688903,0.0053833979181945,0.0,0.0,40.76430130004883,131.545654296875,0.006004826631397,0.0700978934764862,0.0053833979181945,0.0931939482688903,2.4394736289978027,25.760482788085938,9.23411750793457,98.11976623535156,-0.03125,0.8888888955116272,1.723385214805603,1.5450352430343628,0.6639621257781982,0.2606513500213623,0.0985598489642143,0.075752206146717
v_CleanAndJerk_g22_c03.avi,/Users/josephkamil/Desktop/Capstone/Oly_Data/raw/clean_and_jerk/CleanAndJerk/v_CleanAndJerk_g22_c03.avi,clean_and_jerk,272,272,272,155.76861572265625,36.41963195800781,39.50284194946289,179.51324462890625,133.39242553710938,156.63597106933594,35.29126739501953,36.484493255615234,179.59130859375,130.7716827392578,74.05140686035156,55.26333999633789,21.01375961303711,179.2306671142578,-10.095611572265623,0.0,0.0,0.0,0.0,0.0,0.3788857161998749,0.1552320122718811,0.1202681735157966,0.8079562187194824,-0.6653045415878296,0.6250073313713074,0.0581553131341934,0.558983325958252,0.7591531276702881,-0.0762081146240234,0.0756703838706016,0.0815333351492881,0.013386090286076,0.2457890510559082,0.0188433676958084,0.841911792755127,1.0,0.1580882370471954,0.9963235259056092,0.841911792755127,39.50284194946289,36.484493255615234,179.2306671142578,0.0,0.0147058824077248,0.0073529412038624,0.1099451184272766,0.0063712554983794,0.0743124485015869,0.0049132681451737,0.0,0.0,39.50284194946289,141.80908203125,0.0063712554983794,0.1099451184272766,0.0049132681451737,0.0743124485015869,2.292341709136963,34.03478240966797,4.048094272613525,111.10215759277344,0.1433823555707931,0.8382353186607361,1.7266101837158203,1.3314956426620483,0.6876880526542664,0.2001698017120361,0.0771084576845169,0.0661938115954399
v_CleanAndJerk_g22_c04.avi,/Users/josephkamil/Desktop/Capstone/Oly_Data/raw/clean_and_jerk/CleanAndJerk/v_CleanAndJerk_g22_c04.avi,clean_and_jerk,241,241,242,154.2040252685547,34.18021011352539,22.669797897338867,179.5152130126953,51.468048095703125,153.32423400878906,33.04864501953125,19.080286026000977,179.5941162109375,32.004913330078125,94.052490234375,65.04056549072266,6.50339937210083,179.20498657226562,3.98883056640625,0.0,0.0,0.0,0.0,0.0,0.3616615831851959,0.1893036216497421,0.1101207286119461,0.832973062992096,-0.7108688354492188,0.6156964898109436,0.0574546754360199,0.5373125076293945,0.7625850439071655,-0.1064571738243103,0.1014842763543129,0.095383770763874,0.0072801201604306,0.2385353296995163,0.0043419301509857,0.817427396774292,1.0,0.1659751087427139,0.9958506226539612,0.8340249061584473,22.669797897338867,19.080286026000977,179.20498657226562,0.0,0.1991701275110244,0.1991701275110244,0.0497073233127594,0.0062036360614001,0.0641987919807434,0.0051397215574979,1.0,0.0,22.669797897338867,132.9692840576172,0.0062036360614001,0.0497073233127594,0.0051397215574979,0.0641987919807434,3.6688053607940674,29.535232543945312,4.794553756713867,146.88937377929688,-0.0331950224936008,0.8298755288124084,1.4888726472854614,1.2335331439971924,0.722852349281311,0.225272536277771,0.1180427968502044,0.085073322057724
v_CleanAndJerk_g24_c01.avi,/Users/josephkamil/Desktop/Capstone/Oly_Data/raw/clean_and_jerk/CleanAndJerk/v_CleanAndJerk_g24_c01.avi,clean_and_jerk,216,216,228,155.3308563232422,37.18228912353515,36.2584228515625,179.44842529296875,103.49857330322266,152.80078125,34.15581512451172,42.94025039672851,179.49911499023438,97.3144302368164,144.47164916992188,30.836814880371097,46.77842712402344,179.22549438476562,-6.1181488037109375,0.0,0.0,0.0,0.0,0.0,0.4446306526660919,0.1427826434373855,0.2574537396430969,0.8493477702140808,-0.5780280828475952,0.6404998302459717,0.0586681850254535,0.5844888687133789,0.8283319473266602,-0.1501814126968383,0.0951314866542816,0.0566897206008434,0.0195668581873178,0.2143425196409225,-0.0697876662015914,0.412037044763565,1.0,0.1388888955116272,0.995370388031006,0.8611111044883728,36.2584228515625,42.94025039672851,179.22549438476562,0.0,0.1435185223817825,0.1620370298624038,0.1540524959564209,0.0110647864639759,0.2147904634475708,0.0053110010921955,0.125,0.0,36.2584228515625,84.71829986572266,0.0110647864639759,0.1540524959564209,0.0053110010921955,0.2147904634475708,7.101797580718994,116.66635131835938,9.74315071105957,98.68373107910156,-0.004629629664123,0.8564814925193787,2.3789291381835938,1.1418652534484863,0.5918940305709839,0.2438430786132812,0.0825773626565933,0.0590751580893993
v_CleanAndJerk_g24_c02.avi,/Users/josephkamil/Desktop/Capstone/Oly_Data/raw/clean_and_jerk/CleanAndJerk/v_CleanAndJerk_g24_c02.avi,clean_and_jerk,232,232,263,149.26820373535156,35.58181381225586,15.14443302154541,179.4694061279297,47.155517578125,142.7377471923828,35.17266082763672,45.70363235473633,177.79290771484375,83.4354019165039,112.0640640258789,58.5816650390625,12.261591911315918,179.14617919921875,3.840164184570313,0.0,0.0,0.0,0.0,0.0,0.4587914645671844,0.1824670135974884,0.2011926174163818,0.8600896000862122,-0.6501197218894958,0.6581478714942932,0.0601818859577178,0.5982339382171631,0.8487877249717712,-0.1199040412902832,0.0979558676481247,0.077549010515213,0.0132971880957484,0.2092148661613464,-0.0077853500843048,0.6034482717514038,1.0,0.1896551698446273,0.9956896305084229,0.8103448152542114,15.14443302154541,45.70363235473633,179.14617919921875,0.0,0.2284482717514038,0.2284482717514038,0.1595820188522339,0.0078486511483788,0.1540507674217224,0.00580849731341,0.875,0.0,15.14443302154541,104.95980834960938,0.0078486511483788,0.1595820188522339,0.00580849731341,0.1540507674217224,6.331239700317383,97.46125793457033,5.607652187347412,125.34576416015624,-0.0387931019067764,0.806034505367279,1.813038349151611,1.341762900352478,0.6588969826698303,0.2505537867546081,0.1013231426477432,0.0938296243548393
v_CleanAndJerk_g24_c03.avi,/Users/josephkamil/Desktop/Capstone/Oly_Data/raw/clean_and_jerk/CleanAndJerk/v_CleanAndJerk_g24_c03.avi,clean_and_jerk,194,194,235,156.70266723632812,29.032209396362305,72.82131958007812,179.43373107910156,50.03736877441406,152.24131774902344,28.998472213745117,69.7513427734375,178.6635284423828,62.51839447021485,118.3783187866211,62.865970611572266,5.169925689697266,179.2130889892578,1.0689544677734375,0.0,0.0,0.0,0.0,0.0,0.4891207218170166,0.2005122750997543,0.2464567124843597,0.8788117170333862,-0.5960462093353271,0.64427649974823,0.0502510257065296,0.5190395712852478,0.8261451721191406,-0.1044906377792358,0.1016742661595344,0.0777124986052513,0.0009535535355098,0.2187567204236984,-0.0467366278171539,0.6494845151901245,1.0,0.2113402038812637,0.9948453903198242,0.7886598110198975,72.82131958007812,69.7513427734375,179.2130889892578,0.0,0.0824742242693901,0.0721649453043937,0.4069761037826538,0.0116160791367292,0.2005472779273986,0.0066372132860124,0.0,0.0,72.82131958007812,102.60324096679688,0.0116160791367292,0.4069761037826538,0.0066372132860124,0.2005472779273986,5.2417216300964355,71.74452209472656,7.992871761322021,167.0890655517578,0.128865972161293,0.7835051417350769,2.241903305053711,1.2809821367263794,0.6323549747467041,0.3071056008338928,0.1456441134214401,0.1808947324752807
v_CleanAndJerk_g24_c04.avi,/Users/josephkamil/Desktop/Capstone/Oly_Data/raw/clean_and_jerk/CleanAndJerk/v_CleanAndJerk_g24_c04.avi,clean_and_jerk,130,130,131,120.24501037597656,44.43239212036133,41.16376495361328,178.82473754882812,119.99079895019533,103.75999450683594,37.0564079284668,40.85741424560547,178.7725067138672,126.28273010253906,169.1797332763672,11.757704734802246,103.1823501586914,179.01544189453125,-20.64439392089844,0.0,0.0,0.0,0.0,0.0,0.6968692541122437,0.188593327999115,0.2924879193305969,0.8847271800041199,-0.5900476574897766,0.7354280948638916,0.0550549626350402,0.620444655418396,0.8320295810699463,-0.1840380430221557,0.1409958004951477,0.0275505352765321,0.0431973747909069,0.1838938742876052,-0.0313960909843444,0.3000000119209289,1.0,0.699999988079071,0.9923076629638672,0.3000000119209289,41.16376495361328,40.85741424560547,179.01544189453125,0.0,0.7615384459495544,0.0076923076994717,0.1016576886177063,0.0141896605491638,0.0668117403984069,0.0069124782457947,1.0,1.0,51.294944763183594,41.16376495361328,0.0141896605491638,0.1016576886177063,0.0069124782457947,0.0668117403984069,10.654607772827148,92.62265014648438,5.740324974060059,69.41719818115234,-0.0615384615957737,0.2923077046871185,1.8304662704467771,0.8917096853256226,0.592239260673523,0.2115849256515503,0.0860930308699607,0.0972720831632614
v_CleanAndJerk_g25_c01.avi,/Users/josephkamil/Desktop/Capstone/Oly_Data/raw/clean_and_jerk/CleanAndJerk/v_CleanAndJerk_g25_c01.avi,clean_and_jerk,123,123,131,132.3964385986328,59.04195785522461,2.0158374309539795,179.12181091308594,-0.538818359375,113.8048324584961,70.29563903808594,0.7882106900215149,179.55401611328125,63.91529083251953,167.88162231445312,16.00429344177246,105.87482452392578,179.2462615966797,64.24755096435547,0.0,0.0,0.0,0.0,0.0,0.457997053861618,0.2296878844499588,0.1025293618440628,0.7401523590087891,-0.4451009035110473,0.6010676622390747,0.0971554815769195,0.4616200029850006,0.8202081918716431,-0.0355473756790161,0.1647949367761612,0.0302261635661125,0.0254848394542932,0.1980776339769363,0.1550001204013824,0.5040650367736816,1.0,0.4959349632263183,0.9918699264526368,0.5040650367736816,2.0158374309539795,0.7882106900215149,179.2462615966797,0.0,0.3414634168148041,0.6178861856460571,0.1133402585983276,0.0108228400349617,0.0862845182418823,0.0094010010361671,0.0,1.0,2.0158374309539795,7.4567437171936035,0.0108228400349617,0.1133402585983276,0.0094010010361671,0.0862845182418823,10.384925842285156,96.04940795898438,4.769272327423096,46.42029571533203,0.1544715464115142,0.4959349632263183,1.320386528968811,1.1469221115112305,0.6376230120658875,0.3585881888866424,0.1209344565868377,0.0931646078824997
v_CleanAndJerk_g25_c02.avi,/Users/josephkamil/Desktop/Capstone/Oly_Data/raw/clean_and_jerk/CleanAndJerk/v_CleanAndJerk_g25_c02.avi,clean_and_jerk,192,192,193,153.6900634765625,42.03580093383789,1.295934557914734,179.32151794433594,-2.420135498046875,154.02476501464844,38.44093704223633,3.03015661239624,179.1264190673828,20.16461181640625,114.9347915649414,57.24729537963867,2.938605546951294,178.96893310546875,4.89361572265625,0.0,0.0,0.0,0.0,0.0,0.4474573135375976,0.1119842305779457,0.2697360515594482,0.6979541778564453,-0.4000687599182129,0.5988715887069702,0.0431054197251796,0.5030319094657898,0.7140495777130127,0.0012179613113403,0.0673972144722938,0.0593105666339397,0.0015799462562426,0.1665405333042144,-0.0348040014505386,0.7552083134651184,1.0,0.2083333283662796,0.9947916865348816,0.7916666865348816,1.295934557914734,3.03015661239624,178.96893310546875,0.0,0.2604166567325592,0.25,0.0409467220306396,0.0063979518599808,0.040734052658081,0.0047759460285305,0.75,0.0,1.295934557914734,152.20867919921875,0.0063979518599808,0.0409467220306396,0.0047759460285305,0.040734052658081,4.586310863494873,106.208740234375,15.249439239501951,166.1655731201172,-0.0520833320915699,0.7864583134651184,1.2220088243484497,0.912205696105957,0.428218126296997,0.2110176682472229,0.0755492076277732,0.0716765448451042
v_CleanAndJerk_g25_c03.avi,/Users/josephkamil/Desktop/Capstone/Oly_Data/raw/clean_and_jerk/CleanAndJerk/v_CleanAndJerk_g25_c03.avi,clean_and_jerk,205,205,208,152.92288208007812,43.2768440246582,1.4988009929656982,179.3248748779297,27.66912841796875,156.17271423339844,38.65757751464844,2.0387208461761475,179.37655639648438,33.97758483886719,119.15406036376952,57.10173034667969,2.1566812992095947,178.93527221679688,8.21466064453125,0.0,0.0,0.0,0.0,0.0,0.380634069442749,0.1549382507801056,0.1733033955097198,0.7214056849479675,-0.4930730164051056,0.5380920171737671,0.0607323311269283,0.4549072682857513,0.7033886313438416,-0.084830105304718,0.0747084617614746,0.0601417645812034,0.0043013906106352,0.1766682118177414,-0.0273926258087158,0.7609755992889404,1.0,0.2146341502666473,0.995121955871582,0.785365879535675,1.4988009929656982,2.0387208461761475,178.93527221679688,0.0,0.2536585330963135,0.0682926848530769,0.078052818775177,0.007516635581851,0.0360876321792602,0.0049538728781044,0.625,0.0,1.4988009929656982,140.41310119628906,0.007516635581851,0.078052818775177,0.0049538728781044,0.0360876321792602,5.314113616943359,168.28958129882812,13.381555557250977,165.45526123046875,-0.0390243902802467,0.7804877758026123,1.533393621444702,1.0105900764465332,0.5481022596359253,0.2484813630580902,0.1008338257670402,0.0591854639351367
v_CleanAndJerk_g25_c04.avi,/Users/josephkamil/Desktop/Capstone/Oly_Data/raw/clean_and_jerk/CleanAndJerk/v_CleanAndJerk_g25_c04.avi,clean_and_jerk,254,254,256,153.5626983642578,39.82974624633789,2.907254695892334,179.4643096923828,38.92924499511719,153.60903930664062,37.804683685302734,4.597711563110352,179.56431579589844,52.41947937011719,121.19373321533205,55.99577713012695,1.7280901670455933,179.16912841796875,6.2704315185546875,0.0,0.0,0.0,0.0,0.0,0.3702869713306427,0.1553224027156829,0.1021553128957748,0.6607555150985718,-0.4498509466648102,0.5514467358589172,0.064580462872982,0.4663296341896057,0.771929144859314,0.1068085432052612,0.0894642323255539,0.0812985673546791,0.0121117020025849,0.2207913696765899,-0.0242026448249816,0.7244094610214233,1.0,0.2244094461202621,0.996062994003296,0.7755905389785767,2.907254695892334,4.597711563110352,179.16912841796875,0.0,0.2755905389785766,0.251968502998352,0.0459183454513549,0.0062817898578941,0.0728275775909423,0.0057713892310857,0.625,0.0,2.907254695892334,141.88046264648438,0.0062817898578941,0.0459183454513549,0.0057713892310857,0.0728275775909423,4.13293981552124,138.58006286621094,10.327930450439451,130.0563507080078,-0.0511811040341854,0.7716535329818726,1.5892928838729858,1.4601614475250244,0.5586001873016357,0.3055995106697082,0.1104210019111633,0.0795597210526466
-38xT-m3Fr4_01080_01414.mp4,/Users/josephkamil/Desktop/Capstone/Oly_Data/raw/snatch_mp4/-38xT-m3Fr4_01080_01414.mp4,snatch,326,326,335,114.18701934814452,55.39527893066406,33.473384857177734,179.414794921875,13.28057861328125,100.36040496826172,51.16395568847656,36.372222900390625,179.31329345703125,133.53472900390625,172.57009887695312,5.827838897705078,148.6338348388672,179.20851135253906,-6.9474029541015625,0.0,0.0,0.0,0.0,0.0,0.5899496078491211,0.1718508303165435,0.3037278950214386,0.8217973113059998,-0.2158739566802978,0.7002492547035217,0.0814013704657554,0.5584245920181274,0.8228687047958374,0.0449162721633911,0.1317114233970642,0.0273606944829225,0.0411827452480793,0.2120470553636551,-0.0448056906461715,0.4631901979446411,1.0,0.349693238735199,0.8098159432411194,0.4631901979446411,33.473384857177734,36.372222900390625,179.20851135253906,0.0,0.5429447889328003,0.0122699383646249,0.0780873298645019,0.0057048313319683,0.0881803035736084,0.0041928393766283,1.0,0.0,33.473384857177734,35.581295013427734,0.0057048313319683,0.0780873298645019,0.0041928393766283,0.0881803035736084,3.296417236328125,45.70869445800781,1.7048858404159546,18.342559814453125,-0.1932515352964401,0.4601227045059204,1.8540701866149905,1.3626728057861328,0.5180693864822388,0.2644441127777099,0.0873574391007423,0.1733583658933639
-R8O1oRTmaw_01565_01796.mp4,/Users/josephkamil/Desktop/Capstone/Oly_Data/raw/snatch_mp4/-R8O1oRTmaw_01565_01796.mp4,snatch,232,232,232,139.62176513671875,41.951194763183594,38.65920639038086,179.21517944335938,3.515960693359375,126.6494140625,41.3049201965332,32.47166061401367,179.2548828125,74.9402084350586,170.93246459960938,6.179576873779297,130.62684631347656,179.33248901367188,-7.50006103515625,0.0,0.0,0.0,0.0,0.0,0.486979603767395,0.1746119260787964,0.2471613734960556,0.7031933069229126,-0.364659309387207,0.5853030681610107,0.060916107147932,0.4362314939498901,0.7221952676773071,8.404254913330078e-06,0.1526983082294464,0.0503684692084789,0.0047858003526926,0.2237676531076431,-0.1946750283241272,0.4353448152542114,1.0,0.3663793206214905,0.7974137663841248,0.4353448152542114,38.65920639038086,32.47166061401367,179.33248901367188,0.0,0.2284482717514038,0.4137931168079376,0.0526595711708068,0.0065033598802983,0.0641775727272033,0.0046961451880633,0.0,0.0,38.65920639038086,145.6147918701172,0.0065033598802983,0.0526595711708068,0.0046961451880633,0.0641775727272033,3.480311870574951,33.79016876220703,1.5272531509399414,35.32441711425781,0.1379310339689254,0.4310344755649566,1.5022761821746826,1.0848095417022705,0.4560319185256958,0.285963773727417,0.059921383857727,0.1613722890615463
-tl9NgfDKus_02564_02720.mp4,/Users/josephkamil/Desktop/Capstone/Oly_Data/raw/snatch_mp4/-tl9NgfDKus_02564_02720.mp4,snatch,156,156,156,129.4092559814453,48.58173370361328,22.118961334228516,172.96852111816406,149.99407958984375,122.89225006103516,47.97504425048828,17.28701400756836,165.55630493164062,144.54209899902344,167.11573791503906,10.613877296447754,131.0052032470703,179.44337463378906,-28.805831909179688,0.0,0.0,0.0,0.0,0.0,0.3846150636672973,0.2227714508771896,0.1229477226734161,0.7594000101089478,-0.4913323223590851,0.6232661604881287,0.065603882074356,0.5528846979141235,0.7940336465835571,-0.0970684289932251,0.1890060007572174,0.06236282736063,0.0173370633274316,0.292102038860321,-0.1309869289398193,0.6153846383094788,1.0,0.3333333432674408,0.9935897588729858,0.6666666865348816,22.118961334228516,17.28701400756836,179.44337463378906,0.0,0.0192307699471712,0.0,0.0901207327842712,0.0091906078159809,0.0489895343780517,0.0072550997138023,0.0,0.0,22.118961334228516,156.13851928710938,0.0091906078159809,0.0901207327842712,0.0072550997138023,0.0489895343780517,4.092343330383301,28.60955047607422,2.279198408126831,23.36688232421875,0.3141025602817535,0.6602563858032227,1.4245442152023315,1.1245404481887815,0.636452317237854,0.2411489486694336,0.0774990767240524,0.1022447869181633
-tl9NgfDKus_02564_02754.mp4,/Users/josephkamil/Desktop/Capstone/Oly_Data/raw/snatch_mp4/-tl9NgfDKus_02564_02754.mp4,snatch,190,190,191,135.46701049804688,47.51194381713867,20.51019859313965,179.6077423095703,158.64622497558594,130.33929443359375,47.574249267578125,14.287636756896973,179.5424346923828,160.3240966796875,166.31375122070312,11.509328842163086,128.5296630859375,179.42466735839844,-32.714569091796875,0.0,0.0,0.0,0.0,0.0,0.4395574033260345,0.2512144446372986,0.1226468682289123,1.0134462118148804,0.3128918409347534,0.6477837562561035,0.0971987769007682,0.5512230396270752,1.0424413681030271,0.3753048181533813,0.2042695432901382,0.0837948620319366,0.0071091996505856,0.4588090777397156,0.2055321931838989,0.5315789580345154,1.0,0.2789473831653595,0.8473684191703796,0.5736842155456543,20.51019859313965,14.287636756896973,179.42466735839844,0.0,0.0,0.0,0.0861981809139251,0.011832857504487,0.0600125789642334,0.0085670631378889,0.0,0.0,20.51019859313965,95.38030242919922,0.011832857504487,0.0861981809139251,0.0085670631378889,0.0600125789642334,4.821324348449707,48.53614044189453,2.6462056636810303,31.53515625,0.2789473831653595,0.5684210658073425,2.236410140991211,1.6191749572753906,0.890799343585968,0.4912183284759521,0.0774675011634826,0.272352010011673
-tl9NgfDKus_09414_10021.mp4,/Users/josephkamil/Desktop/Capstone/Oly_Data/raw/snatch_mp4/-tl9NgfDKus_09414_10021.mp4,snatch,341,341,607,129.63558959960938,37.928497314453125,63.880916595458984,179.18099975585938,-7.1863250732421875,107.37435913085938,38.71156692504883,35.95243835449219,178.114501953125,-5.3116455078125,158.77066040039062,12.067582130432127,135.92047119140625,179.28675842285156,-22.00091552734375,0.0,0.0,0.0,0.0,0.0,0.6959964632987976,0.056132223457098,0.5885389447212219,0.8223413228988647,-0.056167721748352,0.6145323514938354,0.0972263664007186,0.3802180886268616,0.7475796341896057,-0.0646443963050842,0.1686032265424728,0.0463148541748523,0.0994520038366317,0.3265324532985687,0.0367059484124183,0.0,0.0,1.0,0.0,0.0,63.880916595458984,35.95243835449219,179.28675842285156,0.0,0.7565982341766357,0.8445748090744019,0.0611346960067749,0.0033167186193168,0.10578453540802,0.0062538553029298,0.0,1.0,72.07859802246094,63.880916595458984,0.0033167186193168,0.0611346960067749,0.0062538553029298,0.10578453540802,6.498045444488525,75.32122039794922,1.7087589502334597,20.119369506835938,0.2434017658233642,-1.0,1.1276843547821045,2.1263108253479004,0.2338023781776428,0.3673615455627441,0.0,0.0213437061756849
0L-eq_vImgA_00001_00810.mp4,/Users/josephkamil/Desktop/Capstone/Oly_Data/raw/snatch_mp4/0L-eq_vImgA_00001_00810.mp4,snatch,472,472,810,125.24771881103516,64.40135955810547,2.6864230632781982,179.1824951171875,8.900009155273438,119.73081970214844,58.76197052001953,1.6442384719848633,179.2813262939453,0.253875732421875,158.5177001953125,33.73067855834961,3.300925970077514,178.7421112060547,5.3106536865234375,0.0,0.0,0.0,0.0,0.0,0.6408209800720215,0.1628663092851638,0.3962134718894958,0.8714702129364014,-0.1262640357017517,0.7271875739097595,0.0613429769873619,0.6350851058959961,0.8173210620880127,-0.0280178189277648,0.0947062820196151,0.021785695105791,0.0088247079402208,0.1267763525247573,0.0776683390140533,0.3877118527889251,1.0,0.0,0.9978813529014589,1.0,2.6864230632781982,1.6442384719848633,178.7421112060547,0.0,0.2182203382253646,0.2203389853239059,0.1720992922782898,0.0074840998277068,0.0456279516220092,0.0027148900553584,0.0,0.0,2.6864230632781982,35.616485595703125,0.0074840998277068,0.1720992922782898,0.0027148900553584,0.0456279516220092,6.111340045928955,112.54680633544922,13.481764793395996,167.1323699951172,-0.2182203382253646,0.9978813529014589,3.5250110626220703,1.2787132263183594,0.4752567410469055,0.1822359561920166,0.0717028304934501,0.0988377258181572
12bczFB2X-4_00001_00104.mp4,/Users/josephkamil/Desktop/Capstone/Oly_Data/raw/snatch_mp4/12bczFB2X-4_00001_00104.mp4,snatch,16,16,103,65.9150390625,7.065694332122803,50.00023651123047,76.29975891113281,-2.326576232910156,24.153003692626953,6.192292213439941,19.05879020690918,43.54596710205078,22.18355369567871,163.61605834960938,5.692359447479248,148.60894775390625,170.61927795410156,0.57147216796875,0.0,0.0,0.0,0.0,0.0,0.8609228134155273,0.0043233269825577,0.8550137281417847,0.8666378259658813,2.5451183319091797e-05,0.6914893388748169,0.0105080045759677,0.6742856502532959,0.7199215888977051,0.02554851770401,0.1882993131875991,0.0053939227946102,0.1796853691339492,0.1981458514928817,0.0014717578887939,0.0,0.0,1.0,0.0,0.0,50.00023651123047,19.05879020690918,170.61927795410156,0.0,0.8125,0.25,0.0098464488983154,0.0027695535682141,0.0172929167747497,0.0048729302361607,0.0,1.0,61.2059440612793,50.00023651123047,0.0027695535682141,0.0098464488983154,0.0048729302361607,0.0172929167747497,4.570969581604004,17.98633575439453,4.659570217132568,9.586227416992188,0.1875,-1.0,0.0415433049201965,0.0730939507484436,0.0116240978240966,0.0456359386444091,0.0,0.0046203527599573
1DX0IXizcHg_00270_00428.mp4,/Users/josephkamil/Desktop/Capstone/Oly_Data/raw/snatch_mp4/1DX0IXizcHg_00270_00428.mp4,snatch,101,101,158,99.1933364868164,52.8450927734375,1.5293197631835938,175.2803192138672,109.58108520507812,111.26292419433594,46.36050033569336,11.6118745803833,179.3380584716797,46.50819396972656,108.00147247314452,55.8143424987793,4.228506565093994,178.71446228027344,-68.69598388671875,0.0,0.0,0.0,0.0,0.0,0.5656734108924866,0.0915900319814682,0.4248312711715698,0.7277834415435791,-0.1389553546905517,0.5929951071739197,0.1211612001061439,0.3516904413700104,0.7324024438858032,-0.3469673097133636,0.1110820025205612,0.0447410009801387,0.0066572353243827,0.2028656154870987,0.0979014784097671,0.2871287167072296,1.0,0.3861386179924011,0.6831682920455933,0.3069306910037994,1.5293197631835938,11.6118745803833,178.71446228027344,0.0,0.7920792102813721,0.0297029707580804,0.06541308760643,0.0132377538830041,0.117240697145462,0.0088079664856195,0.0,0.0,2.7179315090179443,1.5293197631835938,0.0132377538830041,0.06541308760643,0.0088079664856195,0.117240697145462,22.074291229248047,145.92068481445312,16.408414840698242,102.15303802490234,-0.4059405922889709,0.2970297038555145,1.3237754106521606,0.8807966709136963,0.3029521703720093,0.3807120025157928,0.024080267176032,0.0323260352015495
1DX0IXizcHg_01068_01291.mp4,/Users/josephkamil/Desktop/Capstone/Oly_Data/raw/snatch_mp4/1DX0IXizcHg_01068_01291.mp4,snatch,221,221,223,136.74136352539062,46.99072265625,1.886665105819702,179.47451782226562,61.257415771484375,140.85238647460938,45.20087432861328,6.402710437774658,179.58900451660156,65.3772201538086,161.1541748046875,33.30169677734375,14.82343864440918,179.3611602783203,-14.255722045898438,0.0,0.0,0.0,0.0,0.0,0.4826825857162475,0.2579710781574249,0.1686965823173523,0.8378990888595581,-0.0191686153411865,0.6741503477096558,0.056581862270832,0.5183589458465576,0.7811800241470337,-0.0804901123046875,0.1848314702510833,0.0434672161936759,0.0268080402165651,0.2694026529788971,0.0135450810194015,0.5520362257957458,1.0,0.3846153914928436,0.9321267008781432,0.5520362257957458,1.886665105819702,6.402710437774658,179.3611602783203,0.0,0.4343891441822052,0.4343891441822052,0.2227106690406799,0.01301886793226,0.0963483452796936,0.0063273580744862,1.0,0.0,1.886665105819702,124.6683120727539,0.01301886793226,0.2227106690406799,0.0063273580744862,0.0963483452796936,7.59755802154541,114.97906494140624,8.832574844360352,143.4868621826172,-0.0497737564146518,0.5475113391876221,2.8641510009765625,1.3920187950134275,0.6692025065422058,0.2628210783004761,0.0784291625022888,0.1922654211521148
1DX0IXizcHg_01292_01617.mp4,/Users/josephkamil/Desktop/Capstone/Oly_Data/raw/snatch_mp4/1DX0IXizcHg_01292_01617.mp4,snatch,308,308,325,127.82100677490234,54.691162109375,1.56248676776886,179.45726013183594,2.5851593017578125,135.447021484375,50.58811950683594,4.346778869628906,179.5799102783203,43.88731384277344,159.60939025878906,25.708152770996097,7.504249095916748,179.21047973632812,-22.631790161132812,0.0,0.0,0.0,0.0,0.0,0.5127301812171936,0.23806893825531,0.1555971056222915,0.8222372531890869,-0.0630175471305847,0.6701421141624451,0.0583135411143302,0.4424752593040466,0.7843986749649048,-0.0354229211807251,0.1760928481817245,0.0316329784691333,0.0620880834758281,0.2327364236116409,0.0892750322818756,0.4220779240131378,1.0,0.3831168711185455,0.801948070526123,0.4220779240131378,1.56248676776886,4.346778869628906,179.21047973632812,0.0,0.3116883039474487,0.4383116960525512,0.1085433065891265,0.0094346143305301,0.087041825056076,0.0074173533357679,0.0,0.0,1.56248676776886,20.95716667175293,0.0094346143305301,0.1085433065891265,0.0074173533357679,0.087041825056076,15.95776081085205,173.09490966796875,5.064689636230469,160.08660888671875,0.0714285746216774,0.4188311696052551,2.8964266777038574,2.277127504348755,0.6666401624679565,0.3419234156608581,0.0491986088454723,0.2377573400735855
1DX0IXizcHg_01620_01856.mp4,/Users/josephkamil/Desktop/Capstone/Oly_Data/raw/snatch_mp4/1DX0IXizcHg_01620_01856.mp4,snatch,214,214,236,117.68359375,62.60497283935547,1.4445719718933103,179.52102661132812,122.62987518310548,115.9251708984375,58.1317024230957,0.6303853988647461,176.60728454589844,119.3251495361328,167.572998046875,22.50461769104004,6.850703239440918,179.3160400390625,0.9322052001953124,0.0,0.0,0.0,0.0,0.0,0.4046977460384369,0.1997575461864471,0.1490230560302734,0.7435956001281738,-0.1300417780876159,0.6461515426635742,0.0695488601922988,0.4130472838878631,0.7287139892578125,-0.1532310247421264,0.1741455644369125,0.0426008626818656,0.0061633703298866,0.2572494447231293,0.072145327925682,0.5934579372406006,1.0,0.2383177578449249,0.8317757248878479,0.5981308221817017,1.4445719718933103,0.6303853988647461,179.3160400390625,0.0,0.1588785052299499,0.1308411210775375,0.167269766330719,0.0155253540724515,0.0905095934867858,0.0062745525501668,0.0,0.0,1.4445719718933103,135.93821716308594,0.0155253540724515,0.167269766330719,0.0062745525501668,0.0905095934867858,8.337925910949707,160.83724975585938,9.614749908447266,168.8749237060547,0.0794392526149749,0.5934579372406006,3.3069005012512207,1.336479663848877,0.5945725440979004,0.3156667053699493,0.0525437109172344,0.1949000358581543
1DX0IXizcHg_01872_02045.mp4,/Users/josephkamil/Desktop/Capstone/Oly_Data/raw/snatch_mp4/1DX0IXizcHg_01872_02045.mp4,snatch,173,173,173,119.32356262207033,48.28337097167969,37.94540786743164,179.48854064941406,14.134048461914062,118.44612884521484,43.88482666015625,37.30341339111328,177.74514770507812,12.43999481201172,159.9237823486328,22.301942825317383,7.396215438842773,179.0790557861328,-7.5590972900390625,0.0,0.0,0.0,0.0,0.0,0.4945291578769684,0.227479338645935,0.2289812117815017,0.8593313694000244,0.070708155632019,0.7237371802330017,0.0730586275458335,0.5046718716621399,0.876203179359436,0.0050148963928222,0.1692669838666916,0.0475945174694061,0.0638094469904899,0.2459971457719802,0.0654333978891372,0.589595377445221,1.0,0.2890173494815826,0.8728323578834534,0.589595377445221,37.94540786743164,37.30341339111328,179.0790557861328,0.0,0.0751445069909095,0.0751445069909095,0.1596842408180236,0.0143727455288171,0.1134883165359497,0.006889394018799,0.0,0.0,37.94540786743164,58.2166633605957,0.0143727455288171,0.1596842408180236,0.006889394018799,0.1134883165359497,5.789007186889648,59.65574264526367,9.397652626037598,164.65855407714844,0.2138728350400924,0.5838150382041931,2.4721121788024902,1.1849757432937622,0.6303501725196838,0.3715313076972961,0.0996816307306289,0.2573378980159759
1DX0IXizcHg_02062_02337.mp4,/Users/josephkamil/Desktop/Capstone/Oly_Data/raw/snatch_mp4/1DX0IXizcHg_02062_02337.mp4,snatch,256,256,275,125.99036407470705,46.4250602722168,28.835546493530273,179.36270141601562,35.13899230957031,120.34870147705078,46.31178283691406,35.836090087890625,179.53854370117188,83.32572937011719,157.94264221191406,24.022533416748047,36.37455749511719,179.23468017578125,-18.37220764160156,0.0,0.0,0.0,0.0,0.0,0.3852977454662323,0.2383791357278823,-0.0051676491275429,0.8012739419937134,-0.1776004433631897,0.615697979927063,0.0793451741337776,0.4644497632980346,0.786487340927124,0.0666202902793884,0.1701773703098297,0.0376590006053447,0.0486917197704315,0.2404428571462631,0.0165465325117111,0.6171875,1.0,0.2734375,0.88671875,0.6171875,28.835546493530273,35.836090087890625,179.23468017578125,0.0,0.328125,0.0234375,0.1682016849517822,0.0151377124711871,0.0927770733833313,0.0061596068553626,1.0,0.0,28.835546493530273,125.05587768554688,0.0151377124711871,0.1682016849517822,0.0061596068553626,0.0927770733833313,5.455948829650879,64.14056396484375,5.188321590423584,70.03369903564453,-0.0546875,0.61328125,3.860116720199585,1.570699691772461,0.806441605091095,0.3220375776290893,0.1161230355501174,0.2309137731790542
1DX0IXizcHg_02338_02511.mp4,/Users/josephkamil/Desktop/Capstone/Oly_Data/raw/snatch_mp4/1DX0IXizcHg_02338_02511.mp4,snatch,135,135,173,116.86155700683594,55.764183044433594,20.10657501220703,179.62696838378906,137.04600524902344,126.03825378417967,43.122581481933594,52.54795455932617,179.4658966064453,85.76358795166016,144.46484375,36.73508071899414,9.873598098754885,179.3018798828125,-17.931396484375,0.0,0.0,0.0,0.0,0.0,0.3686689734458923,0.1911772936582565,0.0346169359982013,0.752289891242981,-0.1362594366073608,0.6412696838378906,0.0751828849315643,0.4149121046066284,0.718806803226471,-0.0834511518478393,0.1459260135889053,0.0572432465851306,0.002279580803588,0.2670820951461792,-0.0205017328262329,0.5703703761100769,1.0,0.1481481492519378,0.9333333373069764,0.7925925850868225,20.10657501220703,52.54795455932617,179.3018798828125,0.0,0.1037037000060081,0.3629629611968994,0.2238414287567138,0.0298263449221849,0.1334149837493896,0.0099462922662496,0.125,0.0,20.10657501220703,111.77716064453124,0.0298263449221849,0.2238414287567138,0.0099462922662496,0.1334149837493896,7.1392059326171875,63.33773040771485,17.27490997314453,159.9784393310547,0.0444444455206394,0.7851851582527161,3.996730327606201,1.3328031301498413,0.7176729440689087,0.3038946986198425,0.1033074632287025,0.1411879360675811
1DX0IXizcHg_02569_02687.mp4,/Users/josephkamil/Desktop/Capstone/Oly_Data/raw/snatch_mp4/1DX0IXizcHg_02569_02687.mp4,snatch,117,117,118,125.3732452392578,47.44572448730469,32.814849853515625,179.48757934570312,48.59199523925781,132.52023315429688,40.98745346069336,56.0534553527832,179.52615356445312,81.25391387939453,150.91448974609375,36.33494567871094,6.301342487335205,176.6197509765625,-15.711959838867188,0.0,0.0,0.0,0.0,0.0,0.3985439240932464,0.1433849930763244,0.2204168438911438,0.7216271162033081,-0.3027934432029724,0.6391485929489136,0.0696826577186584,0.4312994480133056,0.7611092329025269,-0.0674842596054077,0.1268747895956039,0.0457912385463714,0.0141713516786694,0.2060814201831817,-0.0548581704497337,0.6495726704597473,1.0,0.2820512950420379,0.9914529919624328,0.7179487347602844,32.814849853515625,56.0534553527832,176.6197509765625,0.0,0.4188034236431122,0.3846153914928436,0.1005880236625671,0.0200801491737365,0.0973042249679565,0.0091640949249267,1.0,0.0,32.814849853515625,115.2907943725586,0.0200801491737365,0.1005880236625671,0.0091640949249267,0.0973042249679565,6.109893798828125,66.39263153076172,21.56676864624023,143.52218627929688,-0.1367521435022354,0.7094017267227173,2.3292973041534424,1.063035011291504,0.5012102723121643,0.3298097848892212,0.0493979789316654,0.0753578543663024
2Rms41zxbqI_00060_00434.mp4,/Users/josephkamil/Desktop/Capstone/Oly_Data/raw/snatch_mp4/2Rms41zxbqI_00060_00434.mp4,snatch,367,367,374,128.895263671875,45.88573455810547,24.535659790039062,179.49465942382812,46.80780029296875,102.15603637695312,51.55031204223633,37.06182861328125,179.47486877441406,102.798828125,167.27732849121094,10.882651329040527,88.99944305419922,179.33441162109375,-1.4915313720703125,0.0,0.0,0.0,0.0,0.0,0.4423192739486694,0.2549152672290802,0.0724863111972808,0.7677609920501709,-0.1969664096832275,0.5980914235115051,0.0824857801198959,0.4184580743312835,0.7902501821517944,0.0435269474983215,0.1906624287366867,0.0323319658637046,0.0440318882465362,0.2496227622032165,-0.0402233004570007,0.4986376166343689,1.0,0.4250681102275848,0.9209809303283693,0.4986376166343689,24.535659790039062,37.06182861328125,179.33441162109375,0.0,0.4523160755634308,0.4550408720970154,0.3175606727600097,0.0071196490898728,0.1313989162445068,0.0043700658716261,1.0,0.0,24.535659790039062,28.25033187866211,0.0071196490898728,0.3175606727600097,0.0043700658716261,0.1313989162445068,3.0741653442382812,49.44853210449219,3.353918075561523,55.88397979736328,-0.0272479560226202,0.4959128201007843,2.6057915687561035,1.5994441509246826,0.6952747106552124,0.3717921078205108,0.116995632648468,0.1878561973571777
300i1qmyl-k_00721_01185.mp4,/Users/josephkamil/Desktop/Capstone/Oly_Data/raw/snatch_mp4/300i1qmyl-k_00721_01185.mp4,snatch,390,390,465,107.2773666381836,58.965187072753906,40.89690399169922,179.589599609375,3.6761322021484375,103.72319793701172,57.990177154541016,36.88663482666016,179.4259490966797,3.07562255859375,161.6975555419922,15.28195858001709,102.4512710571289,179.31277465820312,-28.305007934570312,0.0,0.0,0.0,0.0,0.0,0.4255472719669342,0.2487237304449081,-0.1809168756008148,0.6574243307113647,-0.0940901339054107,0.4929028153419494,0.1293723434209823,0.3015707731246948,0.6572678685188293,-0.0347221195697784,0.2078506648540496,0.0318034216761589,0.0439879260957241,0.2705941498279571,-0.0492382049560546,0.1769230812788009,1.0,0.6000000238418579,0.7743589878082275,0.1769230812788009,40.89690399169922,36.88663482666016,179.31277465820312,0.0,0.5,0.4000000059604645,0.1230058968067169,0.0071260835975408,0.0948966443538665,0.0042667398229241,0.0,1.0,40.89690399169922,41.1454963684082,0.0071260835975408,0.1230058968067169,0.0042667398229241,0.0948966443538665,2.0961837768554688,30.08970642089844,1.7798635959625244,33.06036376953125,0.1000000014901161,0.1743589788675308,2.7720465660095215,1.6597617864608765,0.838341236114502,0.3556970953941345,0.136339470744133,0.1979012936353683
4_jMgAJ5Wu0_00574_00740.mp4,/Users/josephkamil/Desktop/Capstone/Oly_Data/raw/snatch_mp4/4_jMgAJ5Wu0_00574_00740.mp4,snatch,142,142,166,139.81967163085938,41.032135009765625,35.59770584106445,179.40931701660156,74.68196868896484,138.42697143554688,34.03361892700195,57.74203872680664,179.22494506835938,1.391876220703125,134.37933349609375,50.82026290893555,3.849699735641479,178.9792938232422,125.96141815185548,0.0,0.0,0.0,0.0,0.0,0.4595546424388885,0.1342957913875579,0.2253983318805694,0.7933254837989807,-0.2013569772243499,0.5152097344398499,0.0601735301315784,0.3847714066505432,0.648066520690918,-0.057360291481018,0.0948493704199791,0.0484391413629055,0.0106977615505456,0.2309529781341552,0.0847313925623893,0.246478870511055,1.0,0.1478873193264007,0.7183098793029785,0.577464759349823,35.59770584106445,57.74203872680664,178.9792938232422,0.0,0.0563380271196365,0.2253521084785461,0.2507398724555969,0.0354831106960773,0.073638379573822,0.0073322304524481,0.0,0.0,35.59770584106445,120.48512268066406,0.0354831106960773,0.2507398724555969,0.0073322304524481,0.073638379573822,8.022040367126465,87.24195098876953,25.323081970214844,147.9065704345703,0.0915492922067642,0.5704225301742554,5.003118515014648,1.0338444709777832,0.5679271221160889,0.2632951140403747,0.0404166430234909,0.0574267730116844
6L4a8jKc-nM_00001_00299.mp4,/Users/josephkamil/Desktop/Capstone/Oly_Data/raw/snatch_mp4/6L4a8jKc-nM_00001_00299.mp4,snatch,288,288,299,127.82493591308594,50.90690612792969,34.841793060302734,179.4722442626953,16.925613403320312,109.86349487304688,52.81166458129883,34.67491149902344,179.41542053222656,133.37962341308594,164.8764190673828,25.50389289855957,23.6511173248291,179.08541870117188,-16.934112548828125,0.0,0.0,0.0,0.0,0.0,0.4562249779701233,0.221571534872055,0.1246537715196609,0.7692806720733643,-0.2583727836608886,0.5845103859901428,0.093050330877304,0.4739276170730591,0.7393482327461243,-0.044605553150177,0.1602193117141723,0.0309243388473987,0.0376343503594398,0.225603774189949,0.0277066230773925,0.4861111044883728,1.0,0.3194444477558136,0.8020833134651184,0.4861111044883728,34.841793060302734,34.67491149902344,179.08541870117188,0.0,0.3784722089767456,0.0520833320915699,0.1720177829265594,0.0092159379273653,0.0515450835227966,0.0037821598816663,1.0,0.0,34.841793060302734,87.74188995361328,0.0092159379273653,0.1720177829265594,0.0037821598816663,0.0515450835227966,3.5598318576812744,67.77227783203125,6.073995113372803,122.90416717529295,-0.0590277761220932,0.4826388955116272,2.6449742317199707,1.0854798555374146,0.6446269154548645,0.2654206156730652,0.1229458972811698,0.1671799570322036
8ayxz86QCng_00001_00552.mp4,/Users/josephkamil/Desktop/Capstone/Oly_Data/raw/snatch_mp4/8ayxz86QCng_00001_00552.mp4,snatch,92,92,552,161.28707885742188,22.366498947143555,53.598594665527344,179.22540283203125,41.528175354003906,169.3033447265625,14.73407745361328,73.21832275390625,179.27120971679688,-26.188491821289062,151.9053192138672,20.00068473815918,49.71588516235352,177.8634033203125,39.02545166015625,0.0,0.0,0.0,0.0,0.0,0.3831562399864197,0.0690499171614646,0.2834385931491852,0.5432106256484985,-0.1118483543395996,0.4424886703491211,0.0307946074753999,0.307194709777832,0.5022566318511963,0.1559707820415496,0.0679682269692421,0.0208569709211587,0.0155418729409575,0.0982241630554199,0.053634725511074,0.2282608747482299,1.0,0.0108695654198527,0.5652173757553101,0.5652173757553101,53.598594665527344,73.21832275390625,177.8634033203125,0.0,0.70652174949646,0.54347825050354,0.2155283391475677,0.0139308953657746,0.1406009793281555,0.0062715075910091,0.0,0.0,82.49005889892578,53.598594665527344,0.0139308953657746,0.2155283391475677,0.0062715075910091,0.1406009793281555,9.976603507995604,122.8249053955078,10.97135066986084,96.81141662597656,-0.695652186870575,0.554347813129425,1.267711520195007,0.5707072019577026,0.2597720324993133,0.1950619220733642,0.0277107823640108,0.0104368180036544
8fcBgQUr4ek_04882_05148.mp4,/Users/josephkamil/Desktop/Capstone/Oly_Data/raw/snatch_mp4/8fcBgQUr4ek_04882_05148.mp4,snatch,204,204,266,145.6673583984375,39.61761474609375,42.48192596435547,179.3983612060547,73.17794036865234,130.24266052246094,48.41425704956055,11.095036506652832,177.96957397460938,20.5609130859375,164.84210205078125,14.776328086853027,50.48726272583008,178.9136199951172,24.404525756835938,0.0,0.0,0.0,0.0,0.0,0.4106532037258148,0.1780301630496978,0.1996636688709259,0.7067292928695679,0.0831578969955444,0.5818590521812439,0.1047292351722717,0.319734662771225,0.8372028470039368,0.0867783427238464,0.1670164614915847,0.0573279745876789,0.0060212318785488,0.2692091166973114,0.0549570396542549,0.6127451062202454,1.0,0.3333333432674408,0.9411764740943908,0.6127451062202454,42.48192596435547,11.095036506652832,178.9136199951172,0.0,0.4019607901573181,0.1911764740943908,0.0981624722480773,0.007128557190299,0.0676255226135253,0.0075692683458328,1.0,0.0,42.48192596435547,156.5860595703125,0.007128557190299,0.0981624722480773,0.0075692683458328,0.0676255226135253,3.636777877807617,69.1208724975586,3.803303480148315,110.49928283691406,-0.0686274543404579,0.6078431606292725,1.4470970630645752,1.5365614891052246,0.5070656538009644,0.5174682140350342,0.0630581304430961,0.1257384717464447
9n9JfJKIUwU_00001_00177.mp4,/Users/josephkamil/Desktop/Capstone/Oly_Data/raw/snatch_mp4/9n9JfJKIUwU_00001_00177.mp4,snatch,150,150,177,138.2004852294922,52.58382034301758,12.589744567871094,179.1354522705078,-25.401031494140625,134.3421173095703,56.81353759765625,5.588888645172119,179.37661743164062,-7.67486572265625,157.83355712890625,29.96458625793457,34.65459442138672,178.88238525390625,12.135589599609377,0.0,0.0,0.0,0.0,0.0,0.4800306260585785,0.148901492357254,0.2048458456993103,0.7456899881362915,0.0703317821025848,0.574109673500061,0.0791880711913108,0.4674446880817413,0.7253727912902832,0.0919597148895263,0.1210861206054687,0.0277012698352336,0.0244019292294979,0.1706147789955139,0.0056415498256683,0.3466666638851166,1.0,0.54666668176651,0.8866666555404663,0.3466666638851166,12.589744567871094,5.588888645172119,178.88238525390625,0.0,0.473333328962326,0.653333306312561,0.0838516354560852,0.0121980048716068,0.09437096118927,0.0080052884295582,0.0,1.0,12.589744567871094,18.752153396606445,0.0121980048716068,0.0838516354560852,0.0080052884295582,0.09437096118927,9.965038299560549,122.75125122070312,9.161171913146973,127.04578399658205,0.0733333304524421,0.3400000035762787,1.817502737045288,1.192788004875183,0.5408441424369812,0.2579281032085418,0.0953216701745987,0.1234788671135902
DX9_nCDNVfk_00120_00450.mp4,/Users/josephkamil/Desktop/Capstone/Oly_Data/raw/snatch_mp4/DX9_nCDNVfk_00120_00450.mp4,snatch,278,278,331,117.60626983642578,66.26234436035156,8.341994285583496,179.07421875,2.38092041015625,121.67047119140624,59.23162078857422,14.577080726623535,179.13890075683594,5.05023193359375,164.82809448242188,17.057315826416016,42.68130874633789,178.603759765625,48.3880615234375,0.0,0.0,0.0,0.0,0.0,0.6454697251319885,0.1338730454444885,0.4042416214942932,0.8011575937271118,-0.2128769755363464,0.7122193574905396,0.0607082769274711,0.6232489347457886,0.8101203441619873,-0.1363435983657837,0.0967940837144851,0.0175025910139083,0.0164809599518775,0.1574591547250747,-0.0039374902844429,0.280575543642044,1.0,0.0215827338397502,0.7050359845161438,0.6870503425598145,8.341994285583496,14.577080726623535,178.603759765625,0.0,0.0647481977939605,0.1474820077419281,0.1724565625190735,0.007367159705609,0.089242398738861,0.004040643107146,0.0,0.0,8.341994285583496,114.7105484008789,0.007367159705609,0.1724565625190735,0.004040643107146,0.089242398738861,6.486904621124268,117.37802124023438,6.054067134857178,112.71287536621094,-0.0431654676795005,0.6834532618522644,2.040703296661377,1.119258165359497,0.3969159722328186,0.1868714094161987,0.0989773198962211,0.0795082375407219
DzxjlFoyd8U_00240_00623.mp4,/Users/josephkamil/Desktop/Capstone/Oly_Data/raw/snatch_mp4/DzxjlFoyd8U_00240_00623.mp4,snatch,370,370,384,99.78058624267578,60.33733367919922,2.4902799129486084,177.78179931640625,-12.94208526611328,115.5541000366211,60.55681228637695,3.1517326831817627,179.68582153320312,12.533706665039062,149.9954376220703,29.831209182739254,3.6446611881256104,179.39002990722656,2.655670166015625,0.0,0.0,0.0,0.0,0.0,0.5274757146835327,0.1691912710666656,0.1112860888242721,0.800202488899231,0.1681315302848816,0.6678047180175781,0.0908272042870521,0.3911857008934021,0.8903148174285889,0.2229472994804382,0.1547991931438446,0.0710848271846771,0.0237700399011373,0.3234228193759918,0.217083066701889,0.3567567467689514,1.0,0.4054054021835327,0.7675675749778748,0.3648648560047149,2.4902799129486084,3.1517326831817627,179.39002990722656,0.0,0.213513508439064,0.2864864766597748,0.1456024050712585,0.0157700441777706,0.0525104105472564,0.0071150874719023,0.0,0.0,2.4902799129486084,6.069118022918701,0.0157700441777706,0.1456024050712585,0.0071150874719023,0.0525104105472564,10.594368934631348,98.1599349975586,11.520612716674805,143.0955047607422,0.1918918937444687,0.362162172794342,5.819146156311035,2.625467300415039,0.6889163851737976,0.4991291165351867,0.1317961812019348,0.2164226770401001
E9sPllx4G8M_01430_01678.mp4,/Users/josephkamil/Desktop/Capstone/Oly_Data/raw/snatch_mp4/E9sPllx4G8M_01430_01678.mp4,snatch,238,238,249,142.3699493408203,42.81425094604492,25.172386169433594,178.5150146484375,109.97584533691406,137.60281372070312,36.550804138183594,42.026161193847656,166.81834411621094,107.09656524658205,158.0113067626953,27.89609718322754,4.547728538513184,178.4873504638672,-14.635528564453123,0.0,0.0,0.0,0.0,0.0,0.4206777513027191,0.1519936174154281,0.2069863080978393,0.7485463619232178,-0.2947015762329101,0.5990409255027771,0.0628482848405838,0.4502640962600708,0.7753368616104126,-0.1097580194473266,0.0982196554541587,0.0454590879380703,0.0049270368181169,0.1856192499399185,-0.1080196872353553,0.7058823704719543,1.0,0.1764705926179886,0.9957982897758484,0.8235294222831726,25.172386169433594,42.026161193847656,178.4873504638672,0.0,0.2310924381017685,0.2310924381017685,0.0394448041915893,0.0069037098437547,0.0578896403312683,0.0048449453897774,1.0,0.0,25.172386169433594,115.08267974853516,0.0069037098437547,0.0394448041915893,0.0048449453897774,0.0578896403312683,3.6330950260162354,30.54579162597656,6.395669460296631,155.2166748046875,-0.0546218492090702,0.819327712059021,1.6361792087554932,1.148252010345459,0.5415600538253784,0.3250727653503418,0.087390661239624,0.0830037742853164
GLoKBmPQzDo_00196_00635.mp4,/Users/josephkamil/Desktop/Capstone/Oly_Data/raw/snatch_mp4/GLoKBmPQzDo_00196_00635.mp4,snatch,287,287,440,159.99696350097656,26.55002784729004,3.636716365814209,179.51571655273438,28.113128662109375,131.89028930664062,61.85218811035156,8.858040809631348,179.50173950195312,148.27598571777344,160.08851623535156,28.204023361206055,3.523111343383789,179.33250427246094,-4.7736053466796875,0.0,0.0,0.0,0.0,0.0,0.4744527339935303,0.2218180447816848,0.168929636478424,0.7879462838172913,-0.2484349608421325,0.5879351496696472,0.08369692414999,0.4197455942630768,0.7137788534164429,-0.0474879741668701,0.1778052002191543,0.0363932996988296,0.0191061235964298,0.2485292106866836,-0.0040335953235626,0.407665491104126,1.0,0.3797909319400787,0.7839721441268921,0.407665491104126,3.636716365814209,8.858040809631348,179.33250427246094,0.0,0.4320557415485382,0.0348432064056396,0.1022687256336212,0.0108343139290809,0.0955711007118225,0.0055384393781423,1.0,0.0,3.636716365814209,158.51388549804688,0.0108343139290809,0.1022687256336212,0.0055384393781423,0.0955711007118225,4.108617782592773,60.77553939819336,7.1747541427612305,136.5386505126953,-0.0522648096084594,0.4041811823844909,3.098613739013672,1.583993673324585,0.6190166473388672,0.2940332591533661,0.0467455834150314,0.162146970629692
LBXdfklSpVg_03373_03870.mp4,/Users/josephkamil/Desktop/Capstone/Oly_Data/raw/snatch_mp4/LBXdfklSpVg_03373_03870.mp4,snatch,487,487,498,106.78483581542967,56.071044921875,1.9656847715377808,179.5169677734375,166.84454345703125,109.38146209716795,50.4182014465332,24.786714553833008,179.46200561523438,143.26446533203125,171.80406188964844,13.76811695098877,33.51841354370117,179.28404235839844,134.5349884033203,0.0,0.0,0.0,0.0,0.0,0.6296142339706421,0.2254355549812317,0.1606775522232055,0.8078916072845459,-0.0907394886016845,0.6637981534004211,0.0854304656386375,0.5041081309318542,0.7630943059921265,-0.0795472264289856,0.1751146018505096,0.0338780209422111,0.0158556587994098,0.231759026646614,0.1629692018032074,0.2443531900644302,1.0,0.0,0.8295688033103943,0.8316221833229065,1.9656847715377808,24.786714553833008,179.28404235839844,0.0,0.0,0.5154004096984863,0.0675536394119262,0.0040766187012195,0.0434092879295349,0.00238041090779,0.125,0.0,1.9656847715377808,92.43484497070312,0.0040766187012195,0.0675536394119262,0.00238041090779,0.0434092879295349,2.329416513442993,158.18016052246094,1.3735567331314087,116.96945190429688,0.0,0.8295688033103943,1.981236696243286,1.1568796634674072,0.6472140550613403,0.2589861750602722,0.0980724617838859,0.2023403048515319
LBXdfklSpVg_03930_04260.mp4,/Users/josephkamil/Desktop/Capstone/Oly_Data/raw/snatch_mp4/LBXdfklSpVg_03930_04260.mp4,snatch,327,327,331,131.3182830810547,58.24559020996094,3.625729322433472,179.53146362304688,1.2307586669921875,134.44232177734375,56.30739974975586,2.434149980545044,179.51327514648438,7.4030609130859375,162.6732940673828,15.29665470123291,76.36679077148438,179.1819305419922,4.318115234375,0.0,0.0,0.0,0.0,0.0,0.5451260209083557,0.229697436094284,0.1467985808849334,0.8004715442657471,-0.2563987374305725,0.6254216432571411,0.0839226245880127,0.5051320791244507,0.745508074760437,-0.1527549028396606,0.1616521775722503,0.0310964286327362,0.0258214864879846,0.2235846817493438,0.0089687407016754,0.302752286195755,1.0,0.4159021377563476,0.7155963182449341,0.302752286195755,3.625729322433472,2.434149980545044,179.1819305419922,0.0,0.4954128563404083,0.3058103919029236,0.0770722329616546,0.0063781812787055,0.0300205945968627,0.003197289770469,1.0,0.0,3.625729322433472,149.0490264892578,0.0063781812787055,0.0770722329616546,0.003197289770469,0.0300205945968627,5.020657062530518,113.82988739013672,2.2679953575134277,75.33488464355469,-0.0795107036828994,0.2996941804885864,2.079287052154541,1.042316436767578,0.6536729335784912,0.2403759956359863,0.0990104749798774,0.1698144972324371
LBXdfklSpVg_05368_05760.mp4,/Users/josephkamil/Desktop/Capstone/Oly_Data/raw/snatch_mp4/LBXdfklSpVg_05368_05760.mp4,snatch,388,388,393,105.9771728515625,64.21269989013672,4.0941619873046875,179.36862182617188,43.59288024902344,109.97549438476562,61.051639556884766,2.04949688911438,179.47154235839844,76.65543365478516,165.93441772460938,10.525686264038086,104.69569396972656,179.08409118652344,16.105758666992188,0.0,0.0,0.0,0.0,0.0,0.5934059023857117,0.1839469075202942,0.232840746641159,0.7577546834945679,-0.208612859249115,0.6369301676750183,0.0764224752783775,0.5163741707801819,0.736128568649292,-0.1249134540557861,0.1368832439184188,0.0289280731230974,0.0239465218037366,0.2002239227294922,0.0280940383672714,0.2628865838050842,1.0,0.5489690899848938,0.8092783689498901,0.2628865838050842,4.0941619873046875,2.04949688911438,179.08409118652344,0.0,0.4716494977474212,0.469072163105011,0.0395454466342926,0.0032303826883435,0.026616096496582,0.0025433518458157,0.0,1.0,4.0941619873046875,7.797721385955811,0.0032303826883435,0.0395454466342926,0.0025433518458157,0.026616096496582,4.989626884460449,116.21295928955078,1.547592282295227,48.28966522216797,0.0773195847868919,0.2603092789649963,1.2501580715179443,0.9842771291732788,0.5249139070510864,0.2197543978691101,0.085276149213314,0.1505060642957687
N_RWv4k-O-I_00140_00501.mp4,/Users/josephkamil/Desktop/Capstone/Oly_Data/raw/snatch_mp4/N_RWv4k-O-I_00140_00501.mp4,snatch,245,245,362,152.891845703125,35.87795639038086,46.91497802734375,179.3238067626953,-2.6034393310546875,149.150634765625,32.62196350097656,62.436397552490234,178.54757690429688,-24.239715576171875,165.5045928955078,16.66477394104004,28.126436233520508,178.92359924316406,-11.942794799804688,0.0,0.0,0.0,0.0,0.0,0.4878966808319092,0.1405797302722931,0.1728872954845428,0.6984947919845581,0.1546512246131897,0.5445910692214966,0.064122274518013,0.4720565974712372,0.6768028736114502,0.0316698253154754,0.1365825682878494,0.0304619204252958,0.0173730868846178,0.1876664459705352,0.0112795084714889,0.2489795982837677,1.0,0.636734664440155,0.8816326260566711,0.2489795982837677,46.91497802734375,62.436397552490234,178.92359924316406,0.0,0.7346938848495483,0.7346938848495483,0.0661300420761108,0.0067209210246801,0.0698022842407226,0.0032358432654291,1.0,1.0,99.63582611083984,46.91497802734375,0.0067209210246801,0.0661300420761108,0.0032358432654291,0.0698022842407226,2.1566667556762695,37.89143371582031,3.863203525543213,99.36134338378906,-0.0979591831564903,0.2448979616165161,1.6399047374725342,0.7895457744598389,0.5256074666976929,0.204746276140213,0.1016495004296302,0.1312500089406967
Ne6x-EYnC1Q_00239_00412.mp4,/Users/josephkamil/Desktop/Capstone/Oly_Data/raw/snatch_mp4/Ne6x-EYnC1Q_00239_00412.mp4,snatch,149,149,174,141.18589782714844,27.270187377929688,72.32836151123047,179.40391540527344,-2.5747528076171875,105.01809692382812,56.062896728515625,38.42138671875,179.57630920410156,-7.049587249755859,142.3463897705078,53.81331253051758,8.477209091186523,178.97837829589844,-0.292083740234375,0.0,0.0,0.0,0.0,0.0,0.6139413714408875,0.2062173038721084,0.2985315918922424,0.813511312007904,0.006994605064392,0.6161002516746521,0.0412475168704986,0.5333685278892517,0.6678128242492676,-0.0260661244392395,0.1142090186476707,0.0608040317893028,0.0065078572370111,0.1728321611881256,0.0081114619970321,0.1946308761835098,1.0,0.4161073863506317,0.7114093899726868,0.3020134270191192,72.32836151123047,38.42138671875,178.97837829589844,0.0,0.3355704843997955,0.979865789413452,0.0798621475696563,0.0097005274146795,0.0474671125411987,0.0060748793184757,0.0,0.0,72.32836151123047,84.8155288696289,0.0097005274146795,0.0798621475696563,0.0060748793184757,0.0474671125411987,6.84006929397583,54.59907531738281,12.370527267456056,162.9895782470703,0.0805369094014167,0.295302003622055,1.4356781244277954,0.8990821242332458,0.5149797201156616,0.1344442963600158,0.0393092706799507,0.1869665682315826
Ne6x-EYnC1Q_00840_01096.mp4,/Users/josephkamil/Desktop/Capstone/Oly_Data/raw/snatch_mp4/Ne6x-EYnC1Q_00840_01096.mp4,snatch,195,195,257,123.75358581542967,36.873779296875,28.37752914428711,179.5018310546875,-37.175193786621094,87.47541046142578,50.75088119506836,35.22886276245117,179.5567626953125,-8.603328704833984,155.972900390625,45.196495056152344,6.8949503898620605,179.14208984375,2.859954833984375,0.0,0.0,0.0,0.0,0.0,0.620266854763031,0.1758500039577484,0.2274781167507171,0.8278884887695312,0.1055898666381836,0.5603180527687073,0.0393662266433239,0.4475376904010772,0.6616781949996948,0.1215631961822509,0.1461628377437591,0.0610823854804039,0.0076259579509496,0.1983271092176437,0.0017344951629638,0.1025641039013862,1.0,0.6974359154701233,0.8051282167434692,0.1128205135464668,28.37752914428711,35.22886276245117,179.14208984375,0.0,0.1230769231915474,0.1282051354646682,0.1604989469051361,0.0126413498073816,0.0461467504501342,0.0059176879003643,0.0,1.0,28.37752914428711,55.23236846923828,0.0126413498073816,0.1604989469051361,0.0059176879003643,0.0461467504501342,11.971138954162598,115.434326171875,11.253232955932615,162.52365112304688,0.5743589997291565,0.1076923087239265,2.4524219036102295,1.14803147315979,0.6004103422164917,0.2141405045986175,0.0458868481218814,0.1938413977622985
PWNoy3RLmEY_00459_00587.mp4,/Users/josephkamil/Desktop/Capstone/Oly_Data/raw/snatch_mp4/PWNoy3RLmEY_00459_00587.mp4,snatch,117,117,129,158.4267120361328,19.746898651123047,90.13412475585938,179.38890075683594,-10.374130249023438,148.69277954101562,39.69500732421875,32.31639862060547,179.25730895996094,94.89785766601562,156.80288696289062,21.10146141052246,29.94706344604492,179.1567840576172,59.592979431152344,0.0,0.0,0.0,0.0,0.0,0.4144249260425567,0.2069916725158691,0.120817556977272,0.7986047267913818,-0.0259003639221191,0.5440400838851929,0.0546755045652389,0.453752338886261,0.6707562804222107,0.1095770001411438,0.1607960909605026,0.0419489964842796,0.0693253949284553,0.2741308808326721,0.0879531651735305,0.4188034236431122,1.0,0.2478632479906082,0.6581196784973145,0.4188034236431122,90.13412475585938,32.31639862060547,179.1567840576172,0.0,0.0769230797886848,0.0341880358755588,0.2726048231124878,0.0232975091785192,0.1360619962215423,0.0077875135466456,0.0,0.0,90.13412475585938,159.6344757080078,0.0232975091785192,0.2726048231124878,0.0077875135466456,0.1360619962215423,4.639936447143555,53.464073181152344,8.15458869934082,112.64112854003906,0.1709401756525039,0.410256415605545,2.7025110721588135,0.9033515453338624,0.677787184715271,0.2170039415359497,0.0544175095856189,0.1064116805791854
QWN_unS5o8I_00130_00373.mp4,/Users/josephkamil/Desktop/Capstone/Oly_Data/raw/snatch_mp4/QWN_unS5o8I_00130_00373.mp4,snatch,238,238,243,131.02743530273438,56.766353607177734,19.48124122619629,179.27392578125,97.20521545410156,130.0702667236328,56.13814163208008,3.4789795875549316,179.20130920410156,89.91524505615234,162.4035186767578,19.230566024780273,50.850242614746094,179.0269317626953,1.7960357666015625,0.0,0.0,0.0,0.0,0.0,0.398262470960617,0.1423142105340957,0.2452112138271331,0.722714364528656,-0.0903287529945373,0.6053715348243713,0.0730842500925064,0.5175520181655884,0.7227147817611694,-0.1142848134040832,0.1149864494800567,0.0186574459075927,0.0254924688488245,0.1473883986473083,0.0269529595971107,0.7983193397521973,1.0,0.1554621905088424,0.9495798349380492,0.7983193397521973,19.48124122619629,3.4789795875549316,179.0269317626953,0.0,0.008403361774981,0.008403361774981,0.0620409250259399,0.0043696733191609,0.035366415977478,0.0031934762373566,0.0,0.0,19.48124122619629,132.54527282714844,0.0043696733191609,0.0620409250259399,0.0031934762373566,0.035366415977478,3.534874439239502,82.20591735839844,3.2069802284240723,117.9072723388672,0.147058829665184,0.7941176295280457,1.0356125831604004,0.7568538784980774,0.4775031507015228,0.205162763595581,0.0870601162314415,0.1140809133648872
Vl7SQWaLh-I_00240_00569.mp4,/Users/josephkamil/Desktop/Capstone/Oly_Data/raw/snatch_mp4/Vl7SQWaLh-I_00240_00569.mp4,snatch,329,329,330,107.5582504272461,67.16280364990234,1.0045534372329712,179.50038146972656,74.01445007324219,104.71452331542967,65.14227294921875,0.9104098081588744,179.45755004882812,109.07052612304688,168.81227111816406,22.321826934814453,34.6942253112793,179.26722717285156,1.99993896484375,0.0,0.0,0.0,0.0,0.0,0.66501784324646,0.2405149489641189,0.1665503829717636,0.8916239738464355,-0.2670739889144897,0.6700919270515442,0.0821478590369224,0.5365822911262512,0.8010684251785278,-0.0948318243026733,0.173525795340538,0.0666034445166587,0.0424639135599136,0.287637859582901,0.0274485200643539,0.2522796392440796,1.0,0.5288753509521484,0.8145896792411804,0.2887538075447082,1.0045534372329712,0.9104098081588744,179.26722717285156,0.0,0.4103343486785888,0.3282674849033355,0.1935793757438659,0.0124844489619135,0.0667012929916381,0.0036505493335425,0.0,1.0,1.0045534372329712,8.97712516784668,0.0124844489619135,0.1935793757438659,0.0036505493335425,0.0667012929916381,7.159485816955566,168.453857421875,5.174448490142822,144.39247131347656,0.1185410320758819,0.2857142984867096,4.0948991775512695,1.1973801851272583,0.7250735759735107,0.2644861340522766,0.0750874653458595,0.2201425433158874
Vl7SQWaLh-I_01040_01378.mp4,/Users/josephkamil/Desktop/Capstone/Oly_Data/raw/snatch_mp4/Vl7SQWaLh-I_01040_01378.mp4,snatch,322,322,339,95.86317443847656,69.07275390625,0.7744317054748535,179.48545837402344,43.07206726074219,105.53280639648438,62.63348007202149,0.7014607787132263,179.63328552246094,51.184539794921875,165.30694580078125,29.4023380279541,3.2467024326324463,179.3008575439453,-11.444992065429688,0.0,0.0,0.0,0.0,0.0,0.6395635008811951,0.26673424243927,0.0915257930755615,0.8897650837898254,-0.2662088871002197,0.6602799296379089,0.0934845954179763,0.5183957815170288,0.8736037015914917,-0.1449651718139648,0.1718167662620544,0.0605055950582027,0.0077538946643471,0.2930918037891388,0.0546513199806213,0.2732919156551361,1.0,0.4906832277774811,0.8571428656578064,0.3695652186870575,0.7744317054748535,0.7014607787132263,179.3008575439453,0.0,0.3478260934352875,0.3726707994937897,0.2785615026950836,0.0196603890508413,0.173210859298706,0.0055876192636787,0.0,1.0,0.7744317054748535,19.927410125732425,0.0196603890508413,0.2785615026950836,0.0055876192636787,0.173210859298706,10.298690795898438,154.76177978515625,10.497269630432127,165.55712890625,0.1428571492433548,0.3664596378803253,6.310985088348389,1.7936257123947144,0.7982392907142639,0.3552079200744629,0.1719774603843689,0.2637306749820709
YInVzhc2KAo_00001_00298.mp4,/Users/josephkamil/Desktop/Capstone/Oly_Data/raw/snatch_mp4/YInVzhc2KAo_00001_00298.mp4,snatch,283,283,298,150.5040740966797,28.676328659057617,74.14544677734375,179.57086181640625,15.272171020507812,150.96847534179688,25.007081985473633,78.25209045410156,179.60670471191406,13.8929443359375,150.54373168945312,39.525733947753906,3.037073135375977,179.46170043945312,-38.33985900878906,0.0,0.0,0.0,0.0,0.0,0.3579505980014801,0.2434731572866439,-0.0395016893744468,0.7393800020217896,-0.3619790077209472,0.5540317893028259,0.0852177292108535,0.3834344148635864,0.7380008697509766,-0.1320544779300689,0.1915411502122879,0.0513396635651588,0.0314963236451149,0.2528211772441864,-0.1094454973936081,0.5300353169441223,1.0,0.3144876360893249,0.9858657121658324,0.6749116778373718,74.14544677734375,78.25209045410156,179.46170043945312,0.0,0.4664310812950134,0.8197879791259766,0.0790101289749145,0.0124447587877511,0.0416645407676696,0.005697046406567,1.0,0.0,74.14544677734375,82.89859771728516,0.0124447587877511,0.0790101289749145,0.005697046406567,0.0416645407676696,4.167009353637695,39.252464294433594,5.747762203216553,136.55209350585938,-0.1519434601068496,0.6713780760765076,3.509422063827514,1.6065670251846311,0.7788816690444946,0.3545664548873901,0.1249085292220115,0.233022466301918
aPfHtLdduD4_00599_00987.mp4,/Users/josephkamil/Desktop/Capstone/Oly_Data/raw/snatch_mp4/aPfHtLdduD4_00599_00987.mp4,snatch,58,58,389,129.72264099121094,58.197505950927734,4.679712295532227,179.06015014648438,82.5315933227539,16.429502487182617,19.95778465270996,1.020563721656799,94.17961883544922,92.65399169921876,167.9207000732422,19.0860652923584,81.6401138305664,179.21006774902344,2.4860382080078125,0.0,0.0,0.0,0.0,0.0,0.735489547252655,0.0849091932177543,0.5496721267700195,0.8066340684890747,0.195855438709259,0.5205709338188171,0.0443547256290912,0.4434247612953186,0.5901085734367371,0.1052417755126953,0.1841930150985717,0.0622838959097862,0.0400993339717388,0.2448101043701172,0.1852403283119201,0.0,0.0,1.0,0.0,0.0,4.679712295532227,1.020563721656799,179.21006774902344,0.0,0.1724137961864471,0.3103448152542114,0.0529377460479736,0.0073745492845773,0.0497443675994873,0.0075982869602739,0.0,1.0,4.679712295532227,121.08705139160156,0.0073745492845773,0.0529377460479736,0.0075982869602739,0.0497443675994873,8.769303321838379,65.2057113647461,5.286403656005859,41.61756134033203,0.8275862336158752,-1.0,0.4203492999076843,0.4331023693084717,0.2569619417190552,0.1466838121414184,0.0,0.0194938145577907
cSxxajrTO5w_00365_00710.mp4,/Users/josephkamil/Desktop/Capstone/Oly_Data/raw/snatch_mp4/cSxxajrTO5w_00365_00710.mp4,snatch,253,253,346,133.0992889404297,51.7818489074707,5.474249362945557,179.34829711914062,13.2720947265625,141.67213439941406,46.449440002441406,9.75511360168457,179.51800537109375,9.586807250976562,140.25460815429688,31.22300720214844,3.418635606765747,178.76296997070312,35.49055480957031,0.0,0.0,0.0,0.0,0.0,0.5673602819442749,0.1507451087236404,0.2622770965099334,0.7872908115386963,-0.1345683932304382,0.6538010835647583,0.0827211290597915,0.5288039445877075,0.7766212224960327,-0.055346131324768,0.0725621730089187,0.0296583604067564,0.0189553331583738,0.2061225622892379,0.0151517651975154,0.169960469007492,1.0,0.3280632495880127,0.8498023748397827,0.5256916880607605,5.474249362945557,9.75511360168457,178.76296997070312,0.0,0.1739130467176437,0.2173912972211837,0.2734132409095764,0.0143539970740675,0.0800044536590576,0.0060867760330438,0.0,0.0,5.474249362945557,154.42066955566406,0.0143539970740675,0.2734132409095764,0.0060867760330438,0.0800044536590576,9.754227638244627,127.22610473632812,14.032722473144531,141.0432586669922,0.1541502028703689,0.52173912525177,3.6172072887420654,1.533867597579956,0.5250136852264404,0.2478172779083252,0.053298108279705,0.1251091510057449
eVqGMfMXG24_00001_00224.mp4,/Users/josephkamil/Desktop/Capstone/Oly_Data/raw/snatch_mp4/eVqGMfMXG24_00001_00224.mp4,snatch,193,193,224,140.40414428710938,39.169654846191406,39.18560028076172,179.21356201171875,53.83116912841797,113.55772399902344,48.97157287597656,32.212318420410156,174.30264282226562,98.22103881835938,169.86532592773438,14.200003623962402,70.47411346435547,178.7657012939453,1.5547943115234375,0.0,0.0,0.0,0.0,0.0,0.518879234790802,0.1781865507364273,0.2883423268795013,0.7553807497024536,-0.1910393238067627,0.5933371782302856,0.0444009117782115,0.5332804322242737,0.7041244506835938,-0.0476260185241699,0.0995351150631904,0.0226351544260978,0.0125453993678092,0.1450149267911911,0.0098884925246238,0.4715026021003723,1.0,0.4404145181179046,0.9067357778549194,0.4715026021003723,39.18560028076172,32.212318420410156,178.7657012939453,0.0,0.5025906562805176,0.0829015523195266,0.0611860752105712,0.0057451338507235,0.0327121615409851,0.0029902935493737,1.0,0.0,39.18560028076172,72.29412078857422,0.0057451338507235,0.0611860752105712,0.0029902935493737,0.0327121615409851,6.137449264526367,68.6026382446289,3.603181123733521,53.17710876464844,-0.062176164239645,0.4663212299346924,1.1030657291412354,0.5741363763809204,0.4670384228229522,0.17084401845932,0.0694079995155334,0.1030368879437446
iEByXfUcsMw_00071_00334.mp4,/Users/josephkamil/Desktop/Capstone/Oly_Data/raw/snatch_mp4/iEByXfUcsMw_00071_00334.mp4,snatch,262,262,264,120.12448120117188,52.95560836791992,39.34454345703125,179.0962371826172,43.97117614746094,111.74042510986328,51.914058685302734,42.40933609008789,177.10679626464844,65.89400482177734,169.89100646972656,18.61240577697754,14.181809425354004,178.6577911376953,-21.552276611328125,0.0,0.0,0.0,0.0,0.0,0.5482607483863831,0.1475626081228256,0.3424538373947143,0.728930652141571,-0.1684857606887817,0.6331341862678528,0.0548276007175445,0.5590645670890808,0.7181929349899292,-0.1175124645233154,0.0918257310986518,0.0137896435335278,0.0292936936020851,0.1120048239827156,0.025267869234085,0.4503816664218902,1.0,0.4274809062480926,0.8740457892417908,0.4503816664218902,39.34454345703125,42.40933609008789,178.6577911376953,0.0,0.4770992398262024,0.2480916082859039,0.0851243734359741,0.0050352890975773,0.030673861503601,0.0021453720983117,1.0,0.0,39.34454345703125,84.5014419555664,0.0050352890975773,0.0851243734359741,0.0021453720983117,0.030673861503601,3.4687256813049316,46.57323455810547,4.106833457946777,154.94293212890625,-0.0496183224022388,0.4465648829936981,1.3142104148864746,0.5599421262741089,0.3864768147468567,0.1591283679008484,0.074467696249485,0.0871322900056839
iEByXfUcsMw_00339_00684.mp4,/Users/josephkamil/Desktop/Capstone/Oly_Data/raw/snatch_mp4/iEByXfUcsMw_00339_00684.mp4,snatch,343,343,346,126.29238891601562,30.601085662841797,35.45307540893555,170.77281188964844,14.29425048828125,56.287559509277344,31.700281143188477,30.667564392089844,179.03634643554688,79.33531188964844,174.77505493164062,8.43350601196289,67.22724914550781,178.58331298828125,-6.8704071044921875,0.0,0.0,0.0,0.0,0.0,0.6867209672927856,0.067313902080059,0.4512218534946441,0.7251871228218079,-0.0890584588050842,0.60419100522995,0.0327639691531658,0.5435909628868103,0.7100816965103149,-0.0413058400154113,0.0974796414375305,0.0185522250831127,0.0083387941122055,0.1416043788194656,0.0329916179180145,0.084548108279705,1.0,0.705539345741272,0.8746355772018433,0.1720116585493087,35.45307540893555,30.667564392089844,178.58331298828125,0.0,0.8571428656578064,0.1720116585493087,0.0625295639038086,0.0029749632813036,0.0419321060180664,0.0021450801286846,0.875,1.0,116.08235931396484,35.45307540893555,0.0029749632813036,0.0625295639038086,0.0021450801286846,0.0419321060180664,4.188941955566406,117.50466918945312,1.6141587495803833,110.0172119140625,-0.1516035050153732,0.1690962165594101,1.01743745803833,0.73361736536026,0.2739652693271637,0.1664907336235046,0.0373301170766353,0.0879668518900871
iEByXfUcsMw_01636_01920.mp4,/Users/josephkamil/Desktop/Capstone/Oly_Data/raw/snatch_mp4/iEByXfUcsMw_01636_01920.mp4,snatch,263,263,285,119.7581558227539,52.48967742919922,41.13528060913086,179.1829833984375,83.1384048461914,114.99186706542967,53.83363723754883,27.43560791015625,177.12327575683594,78.27252960205078,169.47677612304688,16.541440963745117,60.547637939453125,178.5567626953125,3.734100341796875,0.0,0.0,0.0,0.0,0.0,0.5936028361320496,0.1476243585348129,0.4100114703178406,0.7775603532791138,-0.1986629366874694,0.682239830493927,0.0487977713346481,0.6165025234222412,0.7758502960205078,-0.0996640920639038,0.0902386084198951,0.0202925764024257,0.0211173277348279,0.1211216151714325,-0.0434836447238922,0.4790874421596527,1.0,0.4030418395996094,0.9771863222122192,0.5779467821121216,41.13528060913086,27.43560791015625,178.5567626953125,0.0,0.0304182507097721,0.0304182507097721,0.0619848370552063,0.0050590164028108,0.0490873456001281,0.0024136332795023,0.0,0.0,41.13528060913086,132.52908325195312,0.0050590164028108,0.0619848370552063,0.0024136332795023,0.0490873456001281,3.490659236907959,104.39447021484376,2.4644179344177246,67.72998046875,0.3726235628128052,0.5741444826126099,1.3254623413085938,0.6323719024658203,0.3675488829612732,0.1593477725982666,0.0649423971772193,0.0862365961074829
iEByXfUcsMw_08951_09530.mp4,/Users/josephkamil/Desktop/Capstone/Oly_Data/raw/snatch_mp4/iEByXfUcsMw_08951_09530.mp4,snatch,568,568,580,139.39199829101562,34.6182746887207,53.256500244140625,179.0673828125,-4.224395751953125,114.4259033203125,46.50049591064453,52.39916229248047,179.2056121826172,-5.5751190185546875,166.69883728027344,19.54608726501465,18.733537673950195,178.71119689941406,32.003944396972656,0.0,0.0,0.0,0.0,0.0,0.6624590754508972,0.1189620345830917,0.3909943103790283,0.7866254448890686,0.0087348818778991,0.6533554792404175,0.0453968122601509,0.5602829456329346,0.7489092350006104,-0.0197700262069702,0.0979083850979805,0.0161093045026063,0.0192905720323324,0.1458220332860946,0.0225184261798858,0.1355633735656738,1.0,0.716549277305603,0.8503521084785461,0.1355633735656738,53.256500244140625,52.39916229248047,178.71119689941406,0.0,0.7376760840415955,0.6355633735656738,0.055341362953186,0.0031419387087225,0.0293974876403808,0.0015427700709551,1.0,1.0,89.99946594238281,53.256500244140625,0.0031419387087225,0.055341362953186,0.0015427700709551,0.0293974876403808,3.5412418842315674,57.4111328125,2.6598026752471924,108.8586883544922,-0.0211267601698637,0.1338028162717819,1.7814792394638062,0.8747506141662598,0.3956311345100403,0.1886262893676757,0.0657069981098175,0.1028941944241523
qnkisPB3PPY_00154_00427.mp4,/Users/josephkamil/Desktop/Capstone/Oly_Data/raw/snatch_mp4/qnkisPB3PPY_00154_00427.mp4,snatch,129,129,274,157.59799194335938,33.35605239868164,10.01875114440918,178.9072265625,11.967880249023438,151.562255859375,38.47270202636719,12.260225296020508,179.12106323242188,73.55866241455078,142.5595703125,35.514400482177734,14.49510383605957,178.4696044921875,27.386810302734375,0.0,0.0,0.0,0.0,0.0,0.4817879796028137,0.1272276788949966,0.3452045321464538,0.7083314061164856,-0.139959454536438,0.5126573443412781,0.050875399261713,0.3789190053939819,0.5624097585678101,0.0119039118289947,0.0696413516998291,0.0309905428439378,0.0059655853547155,0.1530748903751373,0.0542753487825393,0.6899224519729614,1.0,0.0155038759112358,0.9922480583190918,0.9844961166381836,10.01875114440918,12.260225296020508,178.4696044921875,0.0,0.8294573426246643,0.8062015771865845,0.3235541582107544,0.0249079149216413,0.1531443297863006,0.0077662207186222,0.25,0.0,56.473148345947266,10.01875114440918,0.0249079149216413,0.3235541582107544,0.0077662207186222,0.1531443297863006,16.131938934326172,168.02589416503906,24.217323303222656,156.2769317626953,-0.8139534592628479,0.9767441749572754,3.1882131099700928,0.9940762519836426,0.3631268739700317,0.1834907531738281,0.0707760974764823,0.0808711200952529
vYVUB81VKEk_00001_00569.mp4,/Users/josephkamil/Desktop/Capstone/Oly_Data/raw/snatch_mp4/vYVUB81VKEk_00001_00569.mp4,snatch,445,445,569,139.9048614501953,38.37725830078125,2.7604920864105225,179.46473693847656,-21.4061279296875,103.8188018798828,49.208282470703125,19.36760902404785,179.35382080078125,-15.80389404296875,154.21206665039062,29.936573028564453,7.810595512390137,179.09222412109375,-15.805984497070312,0.0,0.0,0.0,0.0,0.0,0.5619083642959595,0.1124102622270584,0.2498777508735656,0.7328861951828003,-0.0602369606494903,0.5212987065315247,0.0502766408026218,0.4046196043491363,0.6709441542625427,-0.0870507657527923,0.119396686553955,0.0431834645569324,0.0063910856842994,0.3041689097881317,0.0106992870569229,0.0561797767877578,1.0,0.550561785697937,0.7707865238189697,0.2224719077348709,2.7604920864105225,19.36760902404785,179.09222412109375,0.0,0.0584269650280475,0.2044943869113922,0.2257115244865417,0.0184280164539814,0.0854354798793792,0.0062371855601668,0.0,1.0,2.7604920864105225,17.34552001953125,0.0184280164539814,0.2257115244865417,0.0062371855601668,0.0854354798793792,10.098355293273926,129.60009765625,9.244921684265137,119.26661682128906,0.4921348392963409,0.2202247232198715,8.182039260864258,2.769310474395752,0.4830084443092346,0.2663245499134063,0.0694760158658027,0.081965148448944
wYyhpNEQuLM_00700_01056.mp4,/Users/josephkamil/Desktop/Capstone/Oly_Data/raw/snatch_mp4/wYyhpNEQuLM_00700_01056.mp4,snatch,260,260,356,130.89617919921875,51.23619842529297,19.828367233276367,179.3415069580078,81.9214096069336,135.4041748046875,47.976036071777344,9.221935272216797,179.40948486328125,60.411407470703125,123.53622436523438,56.40950775146485,1.5477147102355957,179.16741943359375,146.0549774169922,0.0,0.0,0.0,0.0,0.0,0.502663254737854,0.1381492614746093,0.238247811794281,0.8223989009857178,-0.1703181862831115,0.6302142143249512,0.0779382139444351,0.5590986013412476,0.8043928146362305,-0.1114399433135986,0.0768512561917305,0.0499126985669136,0.0064811673946678,0.1931677907705307,0.1525280624628067,0.396153837442398,1.0,0.1576923131942749,0.8769230842590332,0.7230769395828247,19.828367233276367,9.221935272216797,179.16741943359375,0.0,0.2807692289352417,0.0076923076994717,0.1947777867317199,0.0308572463691234,0.069928765296936,0.0042697601020336,1.0,0.0,19.828367233276367,27.094327926635746,0.0308572463691234,0.1947777867317199,0.0042697601020336,0.069928765296936,7.467353820800781,126.3268585205078,16.154077529907227,153.1228790283203,-0.1230769231915474,0.7192307710647583,7.992026805877685,1.105867862701416,0.5841510891914368,0.2452942132949829,0.1086714267730712,0.0973504930734634
xJGHLhnJVFs_01193_01411.mp4,/Users/josephkamil/Desktop/Capstone/Oly_Data/raw/snatch_mp4/xJGHLhnJVFs_01193_01411.mp4,snatch,219,219,219,141.82669067382812,52.4578971862793,37.52629470825195,179.48550415039062,42.36235046386719,139.97415161132812,49.155296325683594,45.25278091430664,178.69564819335938,53.46478271484375,173.82061767578125,11.729379653930664,54.36772155761719,179.07594299316406,0.8036651611328125,0.0,0.0,0.0,0.0,0.0,0.3869488835334778,0.1435229927301406,0.1889611780643463,0.7151021957397461,-0.2371860146522522,0.6068494915962219,0.0946487709879875,0.5031816363334656,0.7883105278015137,-0.1116005182266235,0.1335544437170028,0.0305594578385353,0.0222071390599012,0.1984450668096542,0.0163411051034927,0.6164383292198181,1.0,0.1324200928211212,0.7442922592163086,0.6164383292198181,37.52629470825195,45.25278091430664,179.07594299316406,0.0,0.1598173528909683,0.2465753406286239,0.1110336184501648,0.0078074824996292,0.1432645320892334,0.0036361035890877,1.0,0.0,37.52629470825195,173.37222290039062,0.0078074824996292,0.1110336184501648,0.0036361035890877,0.1432645320892334,1.8876601457595823,45.38655853271485,2.7231383323669434,100.28720092773438,-0.0273972600698471,0.611872136592865,1.702031135559082,0.7926706075668335,0.5261410474777222,0.2851288914680481,0.1147021204233169,0.1237447038292884
