path,folder,filename,size_mb,reviewed_label,angle,include,notes,olympic_gate_label,source_id,split,content_sha256,duplicate_count,canonical_content_sha256,total_frames,pose_frames,pose_ratio,frame_count,overhead_ratio,first_overhead_pct,last_overhead_pct,overhead_span_pct,overhead_transition_count,min_knee_time_pct,min_hip_time_pct,max_wrist_motion,mean_wrist_motion,max_hip_motion,mean_hip_motion,knee_angle_bin_00,knee_angle_bin_01,knee_angle_bin_02,knee_angle_bin_03,knee_angle_bin_04,knee_angle_bin_05,knee_angle_bin_06,knee_angle_bin_07,knee_angle_bin_08,knee_angle_bin_09,hip_angle_bin_00,hip_angle_bin_01,hip_angle_bin_02,hip_angle_bin_03,hip_angle_bin_04,hip_angle_bin_05,hip_angle_bin_06,hip_angle_bin_07,hip_angle_bin_08,hip_angle_bin_09,elbow_angle_bin_00,elbow_angle_bin_01,elbow_angle_bin_02,elbow_angle_bin_03,elbow_angle_bin_04,elbow_angle_bin_05,elbow_angle_bin_06,elbow_angle_bin_07,elbow_angle_bin_08,elbow_angle_bin_09,torso_angle_bin_00,torso_angle_bin_01,torso_angle_bin_02,torso_angle_bin_03,torso_angle_bin_04,torso_angle_bin_05,torso_angle_bin_06,torso_angle_bin_07,torso_angle_bin_08,torso_angle_bin_09,wrist_y_bin_00,wrist_y_bin_01,wrist_y_bin_02,wrist_y_bin_03,wrist_y_bin_04,wrist_y_bin_05,wrist_y_bin_06,wrist_y_bin_07,wrist_y_bin_08,wrist_y_bin_09,shoulder_y_bin_00,shoulder_y_bin_01,shoulder_y_bin_02,shoulder_y_bin_03,shoulder_y_bin_04,shoulder_y_bin_05,shoulder_y_bin_06,shoulder_y_bin_07,shoulder_y_bin_08,shoulder_y_bin_09,hip_y_bin_00,hip_y_bin_01,hip_y_bin_02,hip_y_bin_03,hip_y_bin_04,hip_y_bin_05,hip_y_bin_06,hip_y_bin_07,hip_y_bin_08,hip_y_bin_09,wrist_shoulder_distance_bin_00,wrist_shoulder_distance_bin_01,wrist_shoulder_distance_bin_02,wrist_shoulder_distance_bin_03,wrist_shoulder_distance_bin_04,wrist_shoulder_distance_bin_05,wrist_shoulder_distance_bin_06,wrist_shoulder_distance_bin_07,wrist_shoulder_distance_bin_08,wrist_shoulder_distance_bin_09,overhead_ratio_bin_00,overhead_ratio_bin_01,overhead_ratio_bin_02,overhead_ratio_bin_03,overhead_ratio_bin_04,overhead_ratio_bin_05,overhead_ratio_bin_06,overhead_ratio_bin_07,overhead_ratio_bin_08,overhead_ratio_bin_09
/Users/josephkamil/Desktop/Capstone/Oly_Data/segmented/clean/clean_from_cj_0009.mp4,clean,clean_from_cj_0009.mp4,0.16,clean,,yes,,olympic,clean_sha_624c00d8eafd2d9e,train,624c00d8eafd2d9e4cf04417930b1100b4c796bd330c4a1b66375f5e22dbc713,2.0,624c00d8eafd2d9e4cf04417930b1100b4c796bd330c4a1b66375f5e22dbc713,125,114,0.912,114.0,0.2017543911933899,0.4601770043373108,1.0,0.5438596606254578,7.0,0.5398229956626892,0.5398229956626892,0.0483922362327575,0.0082547897472977,0.0484896302223205,0.0042047086171805,78.66439819335938,83.92305755615234,89.79082489013672,144.4895782470703,138.13479614257812,54.92510986328125,49.54573059082031,163.53126525878906,176.13966369628906,173.79603576660156,107.76481628417967,91.03526306152344,111.3938980102539,145.1716766357422,126.37174224853516,38.24055480957031,28.9622802734375,156.89083862304688,167.08935546875,165.81546020507812,168.94186401367188,160.92156982421875,141.75868225097656,171.91177368164062,117.96800994873048,148.6055908203125,151.77610778808594,124.29680633544922,97.7395248413086,81.14788055419922,18.557518005371097,4.055997848510742,2.834362030029297,2.3144612312316895,1.1564106941223145,3.386054039001465,5.604767799377441,1.07988703250885,0.6867215037345886,0.8701993823051453,0.5729799866676331,0.5759094953536987,0.5567500591278076,0.5232236981391907,0.5096490383148193,0.6163066625595093,0.631702184677124,0.5803900361061096,0.5089654922485352,0.4813345670700073,0.4943117201328277,0.4964770078659057,0.4813317358493805,0.4387889206409454,0.4727441370487213,0.5518189072608948,0.5573675632476807,0.544218122959137,0.5141882300376892,0.4998145401477813,0.5495169162750244,0.5636091828346252,0.5465395450592041,0.5226709842681885,0.5753075480461121,0.6142780780792236,0.603293776512146,0.6324207186698914,0.624126672744751,0.6149159073829651,0.078740082681179,0.0796534493565559,0.0755146220326423,0.0850497335195541,0.0410155542194843,0.0646636486053466,0.07549799233675,0.0373817645013332,0.0112561183050274,0.022431781515479,0.0,0.0,0.0,0.0,0.0833333358168602,0.0,0.0,0.0833333358168602,0.8181818127632141,1.0
/Users/josephkamil/Desktop/Capstone/Oly_Data/segmented/clean/clean_from_cj_0084.mp4,clean,clean_from_cj_0084.mp4,0.13,clean,,yes,,olympic,clean_sha_f79539f1f60fea5e,train,f79539f1f60fea5ef73eb32bad2f4db4cbb5f3a2da07e5a0911c4162864aee81,1.0,f79539f1f60fea5ef73eb32bad2f4db4cbb5f3a2da07e5a0911c4162864aee81,93,93,1.0,93.0,0.5806451439857483,0.3586956560611725,1.0,0.6451612710952759,11.0,0.489130437374115,0.5869565010070801,0.0562056899070739,0.0078083695843815,0.0507298707962036,0.0063781840726733,132.017578125,149.48817443847656,162.3839874267578,118.7112808227539,56.420997619628906,62.02580261230469,98.34132385253906,137.04217529296875,176.3914794921875,178.87147521972656,118.59011840820312,132.3594970703125,154.0238494873047,128.3360595703125,78.56783294677734,63.8636474609375,86.94337463378906,134.88877868652344,165.52748107910156,168.89498901367188,177.36927795410156,178.73471069335938,163.47042846679688,92.946044921875,129.19171142578125,33.41495895385742,37.62018585205078,60.57810974121094,100.73741912841795,153.2301483154297,6.076791763305664,7.705203533172607,4.549213886260986,2.6269283294677734,0.9952782392501832,3.0537428855895996,5.479241847991943,1.9907686710357664,0.3915101587772369,0.335884541273117,0.831986129283905,0.798084020614624,0.6448520421981812,0.5739168524742126,0.6556136012077332,0.656548023223877,0.6167597770690918,0.5270349979400635,0.4668588638305664,0.464864581823349,0.6577125787734985,0.6156588792800903,0.4966725707054138,0.5440045595169067,0.6629122495651245,0.6606141328811646,0.6182820796966553,0.5381345152854919,0.4868193864822387,0.4893016219139099,0.7448587417602539,0.7056502103805542,0.6356661319732666,0.7029186487197876,0.8073828220367432,0.8029729723930359,0.7634036540985107,0.6965548992156982,0.6480419039726257,0.653398871421814,0.1742860227823257,0.1824567914009094,0.1487376689910888,0.0459427312016487,0.0363607555627822,0.0188168138265609,0.0177621878683567,0.0195409134030342,0.0357402041554451,0.053979467600584,0.0,0.0,0.0,0.4000000059604645,1.0,0.7777777910232544,0.699999988079071,0.8888888955116272,1.0,1.0
/Users/josephkamil/Desktop/Capstone/Oly_Data/segmented/clean/clean_from_cj_0117.mp4,clean,clean_from_cj_0117.mp4,0.12,clean,,yes,,olympic,clean_sha_fa79cf8aa392e18d,train,fa79cf8aa392e18ddaef264e244b52a39b41917765b45c2a554cc906bfac5e12,1.0,fa79cf8aa392e18ddaef264e244b52a39b41917765b45c2a554cc906bfac5e12,115,115,1.0,115.0,0.3478260934352875,0.4736842215061188,1.0,0.530434787273407,13.0,0.6140350699424744,0.5350877046585083,0.0368082225322723,0.0087465867400169,0.0737906098365783,0.0075823129154741,134.40736389160156,130.44459533691406,136.0447540283203,176.9117431640625,173.41351318359375,62.3675422668457,76.0138931274414,153.7193145751953,169.7973175048828,173.2731475830078,121.21442413330078,118.82396697998048,130.50624084472656,176.47161865234375,171.54925537109375,61.77299499511719,93.36459350585938,166.23489379882812,168.62596130371094,171.7020721435547,174.62794494628906,171.26068115234375,172.36585998535156,166.77859497070312,105.66513061523438,51.18917465209961,47.552268981933594,80.24019622802734,107.45508575439452,118.599609375,54.64877700805664,44.22481155395508,20.386646270751953,10.87956714630127,2.303889036178589,0.9762349128723145,3.8110196590423584,3.5546514987945557,0.8550148010253906,0.7162876129150391,0.6497881412506104,0.639385998249054,0.628941535949707,0.5420637130737305,0.4360335171222687,0.5725573897361755,0.5137474536895752,0.4224386513233185,0.310399979352951,0.3092569410800934,0.4351877868175506,0.4417361915111542,0.4324545860290527,0.3490511476993561,0.3457224667072296,0.5723710656166077,0.5154454708099365,0.423512190580368,0.3212559521198272,0.3242823183536529,0.4764918982982635,0.5059547424316406,0.5454000234603882,0.4954085052013397,0.5400261878967285,0.7423103451728821,0.6850921511650085,0.6104959845542908,0.5208593010902405,0.5202141404151917,0.2148249596357345,0.1978219002485275,0.1966614574193954,0.1932517737150192,0.0939600244164466,0.048061553388834,0.0312601923942565,0.0219792332500219,0.021727081388235,0.0211906302720308,0.0,0.0,0.0,0.0,0.0909090936183929,0.3333333432674408,0.4545454680919647,0.5833333134651184,1.0,1.0
/Users/josephkamil/Desktop/Capstone/Oly_Data/segmented/clean/clean_from_cj_0144.mp4,clean,clean_from_cj_0144.mp4,0.13,clean,,yes,,olympic,clean_sha_d2013fdd9120c7df,dev,d2013fdd9120c7df320316adbcee519931556f8c3c49faf136af69f21b24930f,1.0,d2013fdd9120c7df320316adbcee519931556f8c3c49faf136af69f21b24930f,110,110,1.0,110.0,0.6181818246841431,0.357798159122467,1.0,0.6454545259475708,7.0,0.4220183491706848,0.4220183491706848,0.0476083755493164,0.0074499603360891,0.1172539591789245,0.0084373904392123,140.11497497558594,165.44322204589844,169.9449462890625,108.55535125732422,51.21339416503906,118.24276733398438,124.8449935913086,145.54855346679688,168.36737060546875,176.8773193359375,130.76455688476562,149.58827209472656,163.33062744140625,111.27342987060548,58.04776382446289,112.19013214111328,116.4058074951172,132.22085571289062,159.99534606933594,168.22695922851562,170.9776153564453,174.75144958496094,171.1043243408203,77.08346557617188,24.968029022216797,18.76615333557129,16.05733299255371,15.084314346313477,20.33905792236328,22.097137451171875,0.5246401429176331,1.0399258136749268,0.792732834815979,0.4943965971469879,0.6036478877067566,4.838973522186279,7.505092144012451,6.104628086090088,1.4341076612472534,1.0286681652069092,0.6475217938423157,0.5987362265586853,0.499470055103302,0.4629055261611938,0.5771490335464478,0.4868843853473663,0.4373540580272674,0.3713088035583496,0.2500244677066803,0.2322381883859634,0.4118249118328094,0.3609876334667206,0.2651969194412231,0.4047273397445678,0.5894742608070374,0.4884165823459625,0.441548228263855,0.3752399384975433,0.2725317478179931,0.2552398443222046,0.5203835368156433,0.4673722386360168,0.4446203112602234,0.6333065629005432,0.7933390140533447,0.6817542314529419,0.6372063755989075,0.5791569352149963,0.4987990260124206,0.4934035539627075,0.2357051968574524,0.2378017753362655,0.2344131022691726,0.0717222392559051,0.0125605203211307,0.0025303664151579,0.0059757633134722,0.0087229311466217,0.022756727412343,0.0230998992919921,0.0,0.0,0.0,0.4545454680919647,1.0,0.7272727489471436,1.0,1.0,1.0,1.0
/Users/josephkamil/Desktop/Capstone/Oly_Data/segmented/clean/clean_from_cj_0220.mp4,clean,clean_from_cj_0220.mp4,0.16,clean,,yes,,olympic,clean_sha_9d430da8ae1e75d6,test,9d430da8ae1e75d6695cef9dfa635fe55fee373ea33c07b168ecb5636bd897ee,1.0,9d430da8ae1e75d6695cef9dfa635fe55fee373ea33c07b168ecb5636bd897ee,123,73,0.5934959349593496,73.0,0.5479452013969421,0.0,1.0,1.0,10.0,0.1111111119389534,0.0,0.2271046638488769,0.0100439125671982,0.1581574976444244,0.0074893715791404,72.19319152832031,69.13468933105469,126.49879455566406,162.87655639648438,160.1440887451172,171.170654296875,172.30987548828125,172.7643585205078,178.121826171875,168.88629150390625,23.923587799072266,44.85501480102539,124.44171142578124,165.54074096679688,162.981689453125,169.4290771484375,169.9534149169922,175.28738403320312,173.05398559570312,175.025390625,128.29026794433594,128.3734130859375,111.22040557861328,51.25290298461914,98.70136260986328,98.42597198486328,96.9099578857422,98.35121154785156,97.7551498413086,113.9699249267578,79.49512481689453,76.2598648071289,75.29985809326172,71.51412200927734,61.671504974365234,0.7189520001411438,1.1147618293762207,0.4358493983745575,0.4554687440395355,0.658187747001648,0.5723461508750916,0.5235759615898132,0.5203961133956909,0.575190007686615,0.5127723813056946,0.3329731523990631,0.335316002368927,0.3420504033565521,0.3505322635173797,0.336492508649826,0.5893000364303589,0.5828595757484436,0.5959571003913879,0.609296441078186,0.5755044221878052,0.3296983540058136,0.3289459347724914,0.3296780884265899,0.3322588801383972,0.3314113616943359,0.6119667291641235,0.6118419766426086,0.6259211301803589,0.6442528963088989,0.6288555264472961,0.4968926012516022,0.4986593127250671,0.4975441098213196,0.4997425675392151,0.5040380954742432,0.0465025193989276,0.0657160729169845,0.0849203467369079,0.0423697680234909,0.0763253346085548,0.0512069426476955,0.0412666276097297,0.0390025153756141,0.0468722954392433,0.0495375767350196,0.7142857313156128,1.0,1.0,1.0,1.0,0.4285714328289032,0.125,0.0,0.0,0.25
/Users/josephkamil/Desktop/Capstone/Oly_Data/segmented/clean/clean_from_cj_0113.mp4,clean,clean_from_cj_0113.mp4,0.04,clean,,yes,,olympic,clean_sha_ad05499c6bf60de5,train,ad05499c6bf60de55e4cae9ecad15b66c5f4e7ce8356e8f1fe1b95c2e78eb955,1.0,ad05499c6bf60de55e4cae9ecad15b66c5f4e7ce8356e8f1fe1b95c2e78eb955,63,60,0.9523809523809524,60.0,0.0833333358168602,0.0,1.0,1.0,4.0,0.0338983051478862,0.6610169410705566,0.1418682932853698,0.0199816450476646,0.0439742803573608,0.0095121972262859,134.17384338378906,136.04730224609375,156.5084686279297,121.13763427734376,94.21028900146484,105.56143188476562,94.75244140625,97.44501495361328,118.2398452758789,142.5474090576172,122.42505645751952,123.94136810302734,162.27894592285156,149.721923828125,121.99407958984376,111.9336166381836,86.4581527709961,105.13434600830078,138.736083984375,158.44102478027344,168.6573486328125,164.3129119873047,150.8630828857422,150.24232482910156,99.16144561767578,104.0220718383789,83.23665618896484,136.31333923339844,151.04412841796875,118.09329223632812,76.92769622802734,26.70575904846191,4.43905782699585,1.3419194221496582,1.7314071655273438,3.99931263923645,6.701261043548584,6.97048807144165,4.822712421417236,1.6965252161026,0.5855157971382141,0.5255887508392334,0.4285646975040436,0.5002322793006897,0.5190579891204834,0.589374840259552,0.5739636421203613,0.5142934322357178,0.5125324726104736,0.4262191355228424,0.4942973554134369,0.3780798614025116,0.3202285468578338,0.421408087015152,0.4804801940917969,0.52101731300354,0.5229392647743225,0.4587028920650482,0.4301629066467285,0.3659939467906952,0.5350707173347473,0.503940761089325,0.4698443114757538,0.571345329284668,0.6186620593070984,0.6609671115875244,0.6616950631141663,0.6163551807403564,0.5648139715194702,0.529010534286499,0.1170361340045929,0.1483913511037826,0.1143542602658271,0.0846914425492286,0.0518132261931896,0.0714943334460258,0.0553898699581623,0.0611497946083545,0.0905160680413246,0.0795619562268257,0.3333333432674408,0.0,0.0,0.0,0.1666666716337204,0.0,0.0,0.0,0.0,0.3333333432674408
/Users/josephkamil/Desktop/Capstone/Oly_Data/segmented/clean/clean_from_cj_0068.mp4,clean,clean_from_cj_0068.mp4,0.09,clean,,yes,,olympic,clean_sha_37fce67b65d5d955,dev,37fce67b65d5d9555c6aa0b86f0f14a60324abaecb2d645468d4b34915298590,1.0,37fce67b65d5d9555c6aa0b86f0f14a60324abaecb2d645468d4b34915298590,66,66,1.0,66.0,0.5151515007019043,0.3538461625576019,0.9384615421295166,0.5909090638160706,8.0,0.0,0.0,0.0767730474472045,0.0071715782396495,0.0485109090805053,0.0056068897247314,109.74950408935548,165.8784637451172,171.5030975341797,136.82948303222656,157.944580078125,174.3048858642578,177.44203186035156,176.9245147705078,177.11135864257812,178.7715301513672,85.00868225097656,143.09239196777344,159.69168090820312,169.5059051513672,174.73855590820312,173.310302734375,176.2088623046875,171.8873291015625,172.87498474121094,174.85791015625,170.11402893066406,169.22695922851562,114.1759033203125,68.38719940185547,32.384674072265625,31.154386520385746,36.76618576049805,33.197227478027344,29.03228759765625,32.619606018066406,12.916386604309082,12.652007102966309,3.498152017593384,1.6024104356765747,2.0999085903167725,1.3840746879577637,1.1022435426712036,0.500015914440155,1.6883115768432615,2.1024584770202637,0.8152555823326111,0.7323809862136841,0.6026365160942078,0.5581895112991333,0.5754981637001038,0.5174260139465332,0.4997789561748504,0.5035937428474426,0.4919649660587311,0.4909326732158661,0.6523887515068054,0.597378671169281,0.5133707523345947,0.5499431490898132,0.5730260014533997,0.5299541354179382,0.5066773295402527,0.5089574456214905,0.4936480522155761,0.4913340508937835,0.7334192395210266,0.6588948369026184,0.6303775906562805,0.6888003349304199,0.7087483406066895,0.6640501618385315,0.640860378742218,0.6458424925804138,0.6350935101509094,0.6320897936820984,0.1631321460008621,0.13624969124794,0.0893914103507995,0.0288323890417814,0.0076970127411186,0.0140365185216069,0.0094578545540571,0.0067073167301714,0.0045570605434477,0.0072635253891348,0.0,0.0,0.0,0.4285714328289032,0.4285714328289032,1.0,1.0,1.0,0.8571428656578064,0.4285714328289032
/Users/josephkamil/Desktop/Capstone/Oly_Data/segmented/clean/clean_from_cj_0104.mp4,clean,clean_from_cj_0104.mp4,0.12,clean,,yes,,olympic,clean_sha_bf2b633684004f85,train,bf2b633684004f85e308cd1e0e56fc4b9e3ec20e0327de4542a45c707aecbea7,1.0,bf2b633684004f85e308cd1e0e56fc4b9e3ec20e0327de4542a45c707aecbea7,63,58,0.9206349206349206,58.0,0.5862069129943848,0.4210526347160339,1.0,0.5862069129943848,1.0,0.5438596606254578,0.0,0.1249979734420776,0.028325866907835,0.0977698564529419,0.0129087194800376,127.36534118652344,112.05426025390624,165.55662536621094,158.80181884765625,87.0682601928711,41.89310836791992,37.19557189941406,41.298221588134766,39.93577194213867,37.82087707519531,61.95631790161133,93.73153686523438,162.90855407714844,168.22891235351562,111.61932373046876,64.17828369140625,56.20235824584961,56.65060806274414,45.42581558227539,46.96247863769531,128.5835723876953,170.50059509277344,174.45301818847656,161.2948455810547,148.79226684570312,121.26920318603516,160.0419158935547,162.23341369628906,158.79296875,160.7194061279297,147.79312133789062,35.8177375793457,7.476432323455811,9.224689483642578,5.619595050811768,1.980639100074768,4.593377113342285,7.799890995025635,9.912671089172363,10.178258895874023,0.8767920732498169,0.7908144593238831,0.6978577971458435,0.5767014622688293,0.5422990918159485,0.6227723360061646,0.631181001663208,0.5331436991691589,0.4765852987766266,0.4662754535675049,0.8134644627571106,0.6235784888267517,0.5012140274047852,0.4441268742084503,0.5963415503501892,0.6899527907371521,0.6902845501899719,0.6545271873474121,0.6357981562614441,0.6258236765861511,0.696875274181366,0.707963764667511,0.6687038540840149,0.6334670782089233,0.7709026336669922,0.8476632237434387,0.8566799163818359,0.8338972926139832,0.8220533728599548,0.8165724873542786,0.0966144204139709,0.1695974320173263,0.1974756717681884,0.1675129383802414,0.0964624211192131,0.0782061517238617,0.0720618292689323,0.1228401660919189,0.1592480689287185,0.1596133559942245,0.0,0.0,0.0,0.0,0.8333333134651184,1.0,1.0,1.0,1.0,1.0
/Users/josephkamil/Desktop/Capstone/Oly_Data/segmented/clean/clean_from_cj_0177.mp4,clean,clean_from_cj_0177.mp4,0.1,clean,,yes,,olympic,clean_sha_cc548845cd8296ed,dev,cc548845cd8296edeb19f8dcad8d485ddd85fd82a72a080c88901b4c2343bc9e,2.0,cc548845cd8296edeb19f8dcad8d485ddd85fd82a72a080c88901b4c2343bc9e,63,63,1.0,63.0,0.5873016119003296,0.4193548262119293,1.0,0.5873016119003296,1.0,0.6290322542190552,0.6290322542190552,0.0342315435409545,0.0102429213002324,0.0575688481330871,0.0096579808741807,99.32971954345705,98.9826431274414,147.5226287841797,163.79673767089844,114.40901947021484,45.25689697265625,37.84983444213867,92.84838104248048,136.28546142578125,163.88504028320312,78.22527313232422,86.14141845703125,129.74302673339844,159.04812622070312,120.75334930419922,54.620758056640625,43.563499450683594,92.40715789794922,132.7877960205078,155.04159545898438,178.6073455810547,177.94703674316406,176.95526123046875,165.0232696533203,165.7469940185547,152.4458465576172,161.4022674560547,166.5462188720703,156.9525146484375,171.9810028076172,11.668594360351562,8.501422882080078,10.455235481262209,3.6267383098602295,2.16945743560791,3.2858941555023193,4.978293418884277,6.085659027099609,6.027601718902588,3.9452528953552246,0.8000381588935852,0.7716696262359619,0.6736195683479309,0.5387490391731262,0.4548623859882355,0.4783831834793091,0.4772790372371673,0.4193619191646576,0.3398275375366211,0.28216153383255,0.6451104283332825,0.6092293858528137,0.5186225771903992,0.4173935353755951,0.5086891055107117,0.629062831401825,0.6217374801635742,0.553363561630249,0.4871688783168793,0.4327976107597351,0.7056612968444824,0.6897415518760681,0.6298630237579346,0.5932818651199341,0.7022777199745178,0.8173887133598328,0.8115525245666504,0.743821382522583,0.687762975692749,0.6311081647872925,0.1550767421722412,0.1625705510377884,0.1550458818674087,0.121753990650177,0.0718978643417358,0.1507538706064224,0.1444669067859649,0.1340528577566146,0.1473636776208877,0.1506684869527816,0.0,0.0,0.0,0.0,0.8333333134651184,1.0,1.0,1.0,1.0,1.0
/Users/josephkamil/Desktop/Capstone/Oly_Data/segmented/clean/clean_from_cj_0185.mp4,clean,clean_from_cj_0185.mp4,0.17,clean,,yes,,olympic,clean_sha_cf763ab684c0b201,train,cf763ab684c0b20145ddfcb7b664cb519cba283e74b4cb9f2285df8eb1bafe98,1.0,cf763ab684c0b20145ddfcb7b664cb519cba283e74b4cb9f2285df8eb1bafe98,105,105,1.0,105.0,0.3142857253551483,0.4038461446762085,1.0,0.6000000238418579,7.0,0.5,0.5865384340286255,0.1480605006217956,0.0099074952304363,0.0473023653030395,0.0060459272935986,137.1707305908203,103.11219024658205,154.33685302734375,156.86026000976562,75.167236328125,39.1310920715332,91.8878402709961,130.77122497558594,160.68223571777344,162.43563842773438,136.67967224121094,95.54533386230467,129.59002685546875,154.03085327148438,92.857421875,44.47801208496094,83.92597961425781,127.6623077392578,172.42074584960938,171.9620819091797,144.52012634277344,175.68211364746094,178.3048858642578,173.91159057617188,130.14407348632812,101.63803100585938,98.1133270263672,135.7490692138672,169.4898681640625,166.31430053710938,14.36762237548828,18.061845779418945,22.101165771484375,6.940433025360107,1.7800426483154297,1.9673759937286377,6.088284015655518,4.4242167472839355,0.5755273103713989,0.6578452587127686,0.6241945028305054,0.631047248840332,0.562747597694397,0.4363984167575836,0.4845694601535797,0.540248453617096,0.5084183812141418,0.4572077691555023,0.3737234473228454,0.3275104463100433,0.4844563901424408,0.4774310290813446,0.4088887572288513,0.3135887682437897,0.4762953817844391,0.5396955013275146,0.4856545925140381,0.4354518055915832,0.3863772749900818,0.3565921783447265,0.591328501701355,0.5709303021430969,0.5091689825057983,0.4789983928203583,0.6353343725204468,0.6909765601158142,0.6307049989700317,0.5896036624908447,0.5575171709060669,0.5320494174957275,0.14083231985569,0.1552418619394302,0.154421716928482,0.1319523453712463,0.0356857515871524,0.0228600017726421,0.029844045639038,0.0640606433153152,0.0459086708724498,0.0526569224894046,0.0,0.0,0.0,0.0,0.4000000059604645,0.6363636255264282,0.1000000014901161,0.0,1.0,1.0
/Users/josephkamil/Desktop/Capstone/Oly_Data/segmented/clean/clean_from_cj_0055.mp4,clean,clean_from_cj_0055.mp4,0.11,clean,,yes,,olympic,clean_sha_b6979c9ace8e5ffb,train,b6979c9ace8e5ffbf3c65f8e66792b9b55a435de3344a286db4cba0d68018e51,1.0,b6979c9ace8e5ffbf3c65f8e66792b9b55a435de3344a286db4cba0d68018e51,103,103,1.0,103.0,0.446601927280426,0.5,1.0,0.5048543810844421,7.0,0.5686274766921997,0.5686274766921997,0.0515459775924682,0.0084010763093829,0.0476108789443969,0.0064705400727689,106.48078918457033,93.83741760253906,124.57737731933594,170.40867614746094,143.1753692626953,73.31642150878906,101.95068359375,140.08517456054688,172.50973510742188,170.13572692871094,82.60881042480469,82.46485137939453,114.2371597290039,155.9025421142578,144.51194763183594,86.97108459472656,104.62417602539062,138.40223693847656,163.97470092773438,162.2957305908203,167.7367401123047,168.26856994628906,172.25729370117188,171.19590759277344,109.61360168457033,59.01890182495117,37.83365249633789,41.78908920288086,20.194833755493164,20.95690536499023,21.92761611938477,12.20887565612793,6.353658676147461,5.734621047973633,1.0519461631774902,0.7685877680778503,0.5027357339859009,1.4338274002075195,0.3292694687843323,0.8494765758514404,0.8210851550102234,0.8188106417655945,0.8085023760795593,0.6825931668281555,0.5526665449142456,0.6344771385192871,0.5880340933799744,0.5177774429321289,0.4359984993934631,0.4475066363811493,0.6414703130722046,0.6346620321273804,0.6190255284309387,0.5038186311721802,0.4837923049926758,0.6404851675033569,0.5961069464683533,0.5251368880271912,0.4445393979549408,0.4559385478496551,0.729105532169342,0.7362672090530396,0.7295791506767273,0.6502569317817688,0.6827458739280701,0.801561176776886,0.7497787475585938,0.7007039189338684,0.6441895365715027,0.6616345047950745,0.1801118850708007,0.1844809800386428,0.1895831674337387,0.1789902299642563,0.0770717412233352,0.0218621455132961,0.0176029056310653,0.0149515736848115,0.0131613109260797,0.0122687006369233,0.0,0.0,0.0,0.0,0.0,0.800000011920929,0.7272727489471436,1.0,0.8999999761581421,1.0
/Users/josephkamil/Desktop/Capstone/Oly_Data/segmented/clean/clean_from_cj_0015.mp4,clean,clean_from_cj_0015.mp4,0.09,clean,,yes,,olympic,clean_sha_1c6388efe03a691d,train,1c6388efe03a691debb4c8b37ee0bbbba99201158027a31460a70cf0bafa32e6,1.0,1c6388efe03a691debb4c8b37ee0bbbba99201158027a31460a70cf0bafa32e6,94,94,1.0,94.0,0.521276593208313,0.4731182754039764,1.0,0.5319148898124695,3.0,0.5698924660682678,0.5268816947937012,0.044690728187561,0.010073747485876,0.0425913333892822,0.006774993147701,162.4266815185547,127.58809661865234,173.98098754882812,170.7664031982422,156.27627563476562,11.358540534973145,57.23048400878906,146.19285583496094,168.85951232910156,175.05532836914062,150.82211303710938,131.5313262939453,176.01731872558594,176.9572296142578,171.29148864746094,29.39385032653809,76.7724380493164,162.60366821289062,172.0064697265625,167.6904754638672,160.5883331298828,168.7019500732422,167.0681610107422,166.39486694335938,90.234130859375,87.56838989257812,71.41315460205078,85.43826293945312,90.78040313720705,131.2411651611328,32.04034423828125,18.53194236755371,12.069229125976562,5.6261138916015625,3.668907880783081,1.562593936920166,1.9077913761138916,1.5465312004089355,3.726529121398926,5.572927951812744,0.6910210847854614,0.6979729533195496,0.6222264170646667,0.5083114504814148,0.4412860870361328,0.5470334887504578,0.5047104954719543,0.4335538446903229,0.3616863191127777,0.3495348691940307,0.55265873670578,0.5362328290939331,0.4723643362522125,0.3680444359779358,0.4162211418151855,0.5521306991577148,0.5152691006660461,0.4433864653110504,0.3713678121566772,0.3614253997802734,0.619128406047821,0.6305243372917175,0.57501220703125,0.5165572762489319,0.5585124492645264,0.6868062615394592,0.6572557687759399,0.5883914232254028,0.5258621573448181,0.5172909498214722,0.1387341171503067,0.1617680042982101,0.1500050276517868,0.1413729637861251,0.0539040490984916,0.0119665674865245,0.0259533748030662,0.0331047959625721,0.0275270696729421,0.0197544526308774,0.0,0.0,0.0,0.0,0.3000000119209289,0.8888888955116272,1.0,1.0,1.0,1.0
/Users/josephkamil/Desktop/Capstone/Oly_Data/segmented/clean/clean_from_cj_0198.mp4,clean,clean_from_cj_0198.mp4,0.08,clean,,yes,,olympic,clean_sha_105aae86cd00cbf3,train,105aae86cd00cbf3d31b90f7d85c0aacb2302ec7b71d61bf7c561e5c08670497,1.0,105aae86cd00cbf3d31b90f7d85c0aacb2302ec7b71d61bf7c561e5c08670497,63,63,1.0,63.0,0.60317462682724,0.4032258093357086,1.0,0.60317462682724,1.0,0.0,0.0,0.0806332230567932,0.0130203152075409,0.0256093144416809,0.0059257238171994,134.8050994873047,158.8282470703125,168.58395385742188,173.8813018798828,147.8632354736328,146.0042724609375,165.43202209472656,179.1933135986328,177.08338928222656,176.52964782714844,119.0935287475586,134.64036560058594,153.98472595214844,163.5135040283203,152.6337127685547,151.51573181152344,161.75253295898438,170.3036346435547,167.59710693359375,167.0302734375,118.64643096923828,165.54476928710938,162.18167114257812,104.73492431640624,28.765417098999023,41.868770599365234,54.31528854370117,60.9374885559082,61.507511138916016,57.65249252319336,5.079127788543701,8.67653751373291,2.8971927165985107,1.6526435613632202,3.4819300174713135,1.788288116455078,1.7009927034378052,2.1627750396728516,0.7936902642250061,0.5118687152862549,0.7865392565727234,0.7426385283470154,0.6154592037200928,0.4484411776065826,0.4070982933044433,0.4244767427444458,0.3820850551128387,0.3409732282161712,0.3459568917751312,0.3444966673851013,0.6192687153816223,0.5606293678283691,0.4384260475635528,0.3419379591941833,0.4211621284484863,0.4294009208679199,0.3939265310764313,0.3664508759975433,0.3674074113368988,0.3657315373420715,0.7130160331726074,0.6485275030136108,0.6083150506019592,0.5705996751785278,0.6346576809883118,0.6357786059379578,0.6074855923652649,0.5885083675384521,0.587576687335968,0.5893754959106445,0.1689647436141967,0.1823835521936416,0.1770399212837219,0.1066773757338523,0.0156077668070793,0.0059299762360751,0.0123165231198072,0.0258489046245813,0.0226014535874128,0.0218346398323774,0.0,0.0,0.0,0.0,1.0,1.0,1.0,1.0,1.0,1.0
/Users/josephkamil/Desktop/Capstone/Oly_Data/segmented/clean/clean_from_cj_0025.mp4,clean,clean_from_cj_0025.mp4,0.04,clean,,yes,,olympic,clean_sha_4dc95a5566db57e2,train,4dc95a5566db57e21fdd7b5d053523aed5a3876d26627e5c19eab698d2625f16,1.0,4dc95a5566db57e21fdd7b5d053523aed5a3876d26627e5c19eab698d2625f16,68,62,0.9117647058823528,62.0,0.338709682226181,0.3442623019218445,0.9836065769195556,0.6451612710952759,10.0,0.5901639461517334,0.6065573692321777,0.139296144247055,0.0177495330572128,0.0596171617507934,0.0093090534210205,154.84393310546875,151.2421417236328,135.15892028808594,117.10771942138672,91.0289077758789,57.67694091796875,62.39628982543945,100.0160140991211,119.3927001953125,145.39163208007812,147.52000427246094,152.1683807373047,155.11595153808594,151.94451904296875,118.50843811035156,72.2968521118164,72.87779235839844,104.43189239501952,123.65373992919922,151.06617736816406,168.72332763671875,169.8210906982422,156.5496826171875,123.92891693115234,134.623779296875,47.71660232543945,43.71977615356445,41.89960479736328,88.2064208984375,130.08006286621094,19.17857551574707,9.478821754455566,3.2349660396575928,3.8391828536987305,4.465261936187744,10.18814182281494,14.096293449401855,16.909399032592773,15.183226585388184,6.264456272125244,0.5931282043457031,0.4909567534923553,0.4650053083896637,0.4409151077270508,0.5421937704086304,0.5426107048988342,0.5314573049545288,0.4873533248901367,0.4669753015041351,0.4452275931835174,0.4311015605926513,0.3408856093883514,0.3607854545116424,0.4158837497234344,0.4831960499286651,0.5448400378227234,0.5417001247406006,0.4909360706806183,0.4424532651901245,0.3730638027191162,0.5477612018585205,0.4966349303722381,0.5079749226570129,0.574161946773529,0.6295139193534851,0.6722352504730225,0.6641014814376831,0.6161389946937561,0.5800653100013733,0.5308004021644592,0.162750244140625,0.1530040055513382,0.1146612539887428,0.073240227997303,0.0677288845181465,0.0336251519620418,0.0399028807878494,0.0408138893544673,0.057923823595047,0.0831771418452262,0.0,0.0,0.0,0.5,0.0,0.6666666865348816,1.0,0.6666666865348816,0.5,0.1428571492433548
/Users/josephkamil/Desktop/Capstone/Oly_Data/segmented/clean/clean_from_cj_0030.mp4,clean,clean_from_cj_0030.mp4,0.11,clean,,yes,,olympic,clean_sha_e52b1cf0c9a40c16,train,e52b1cf0c9a40c167fd26344901569a3f5d2839e35dfab3ee0e8b99b1d405249,2.0,e52b1cf0c9a40c167fd26344901569a3f5d2839e35dfab3ee0e8b99b1d405249,93,93,1.0,93.0,0.301075279712677,0.5869565010070801,1.0,0.4193548262119293,5.0,0.6847826242446899,0.6847826242446899,0.0693405270576477,0.008491632528603,0.1108483076095581,0.0083586266264319,133.35842895507812,129.6959991455078,137.6834259033203,148.7052001953125,165.321533203125,157.590576171875,69.21058654785156,106.09085083007812,151.2476806640625,161.70423889160156,125.53988647460938,120.16586303710938,127.52857971191406,137.53433227539062,153.86563110351562,153.10159301757812,73.57386779785156,101.10449981689452,148.06472778320312,161.74488830566406,163.114501953125,162.84226989746094,163.89971923828125,167.78463745117188,171.8204345703125,117.08588409423828,47.09450149536133,34.25937271118164,45.43748474121094,37.3187370300293,0.9112562537193298,0.9532455801963806,0.821429431438446,0.5909250974655151,0.4667157530784607,0.3369016051292419,1.4870660305023191,1.7784695625305176,2.6700196266174316,0.7539013028144836,0.5895031690597534,0.5896744132041931,0.5901957750320435,0.5849431753158569,0.4794394075870514,0.3591708540916443,0.51349276304245,0.4798111915588379,0.4148551225662231,0.3174941539764404,0.3711590766906738,0.3699633777141571,0.3685351610183716,0.3543859422206878,0.2473164349794387,0.2178285419940948,0.5270960330963135,0.4916259348392486,0.4062009453773498,0.3313780128955841,0.4905169904232025,0.4857568740844726,0.4752243757247925,0.4644710421562195,0.3944378495216369,0.4607595801353454,0.745984673500061,0.7063515186309814,0.6276311874389648,0.5641067624092102,0.2183796316385269,0.2197164297103881,0.2216639518737793,0.230566069483757,0.2321833819150924,0.1447319686412811,0.0182227846235036,0.0137752974405884,0.0128500163555145,0.0151148168370127,0.0,0.0,0.0,0.0,0.0,0.1111111119389534,0.6000000238418579,1.0,0.2222222238779068,1.0
/Users/josephkamil/Desktop/Capstone/Oly_Data/segmented/clean/clean_from_cj_0171.mp4,clean,clean_from_cj_0171.mp4,0.06,clean,,yes,,olympic,clean_sha_0e8973efc1a0dd69,train,0e8973efc1a0dd696708da197cf84a4dc16fe2038bbb132e00f3b29dcc3ddd4e,2.0,0e8973efc1a0dd696708da197cf84a4dc16fe2038bbb132e00f3b29dcc3ddd4e,79,49,0.620253164556962,49.0,0.2653061151504516,0.0,0.875,0.8775510191917419,5.0,0.1666666716337204,0.1875,0.0970491766929626,0.0144858853891491,0.3589035868644714,0.017667781561613,178.05911254882812,114.53292083740234,166.04916381835938,155.02084350585938,118.554931640625,132.41629028320312,140.60081481933594,154.8732452392578,177.6393585205078,175.79371643066406,174.726318359375,69.30612182617188,142.19093322753906,170.67091369628906,163.6541748046875,158.92469787597656,156.293212890625,160.48812866210938,175.08148193359375,173.0852813720703,72.58541107177734,136.1841583251953,60.1161003112793,30.6802921295166,17.653247833251953,69.48176574707031,110.6763153076172,141.77090454101562,159.0253448486328,135.44326782226562,176.85092163085938,158.40731811523438,176.70001220703125,174.80108642578125,174.1280059814453,174.6068878173828,71.35235595703125,1.0045106410980225,2.4460034370422363,1.586644411087036,0.5984551906585693,0.5746303200721741,0.5417667627334595,0.559918999671936,0.5251219868659973,0.5163976550102234,0.4939484000205993,0.4520212113857269,0.424657255411148,0.4297625422477722,0.6644082069396973,0.5848473310470581,0.5498135685920715,0.515114426612854,0.4790732264518738,0.4573189616203308,0.465169757604599,0.4459503591060638,0.4223677217960357,0.4209825396537781,0.4559006094932556,0.4998464584350586,0.3910270631313324,0.2980320155620575,0.2723999619483948,0.2477169036865234,0.4567614495754242,0.5775051116943359,0.5545419454574585,0.55116868019104,0.0695700049400329,0.0667536258697509,0.0270780622959136,0.0469327494502067,0.0481457784771919,0.0606899559497833,0.0621893890202045,0.0606030337512493,0.0694715976715087,0.0732942074537277,1.0,0.6000000238418579,0.800000011920929,0.0,0.0,0.0,0.0,0.0,0.4000000059604645,0.0
/Users/josephkamil/Desktop/Capstone/Oly_Data/segmented/clean/clean_from_cj_0082.mp4,clean,clean_from_cj_0082.mp4,0.14,clean,,yes,,olympic,clean_sha_b1135c02352446f7,train,b1135c02352446f7eae54bc5d6494b9c21d3f63ceee746a641115d04de0ea7a6,1.0,b1135c02352446f7eae54bc5d6494b9c21d3f63ceee746a641115d04de0ea7a6,122,122,1.0,122.0,0.6393442749977112,0.3305785059928894,1.0,0.6721311211585999,7.0,0.0413223132491111,0.0413223132491111,0.0564025044441223,0.0078345946967601,0.0505706667900085,0.0059937434270977,37.82718276977539,115.0918960571289,175.1286163330078,116.84000396728516,85.16639709472656,126.57678985595705,164.36720275878906,172.3661651611328,175.0362091064453,176.75364685058594,35.650936126708984,105.97842407226562,166.45547485351562,125.34518432617188,99.14599609375,131.54881286621094,163.95494079589844,177.57530212402344,176.54876708984375,176.9267578125,178.7197723388672,177.2341766357422,174.29905700683594,89.11112213134766,42.82614517211914,55.30220031738281,38.9933967590332,39.82896041870117,42.90435791015625,51.77022933959961,6.185865879058838,9.936408996582031,5.050858020782471,1.5577579736709597,2.0807108879089355,3.5519402027130127,1.1070784330368042,1.4652141332626345,2.3757834434509277,2.1284615993499756,0.7923842072486877,0.7697510123252869,0.5850616097450256,0.461005300283432,0.5331608653068542,0.4168109595775604,0.3202345669269562,0.3103809058666229,0.3102266192436218,0.3347243070602417,0.5676805377006531,0.5341309905052185,0.3715527057647705,0.4484427869319916,0.5399383306503296,0.4356196820735931,0.3513428866863251,0.3392963707447052,0.3324042558670044,0.3563678860664367,0.7516106963157654,0.6943287253379822,0.5889527201652527,0.6799607872962952,0.7481269240379333,0.6572811603546143,0.6057853102684021,0.5858344435691833,0.5730040073394775,0.5959762334823608,0.2248109579086303,0.2356673330068588,0.2144533395767212,0.0451346188783645,0.0309594850987195,0.0242225155234336,0.0321708880364894,0.0303285997360944,0.0252714753150939,0.0265288557857275,0.0,0.0,0.0,0.6666666865348816,0.692307710647583,1.0,1.0,1.0,1.0,1.0
/Users/josephkamil/Desktop/Capstone/Oly_Data/segmented/clean/clean_from_cj_0207.mp4,clean,clean_from_cj_0207.mp4,0.18,clean,,yes,,olympic,clean_sha_be04f3d2aa0a1183,train,be04f3d2aa0a1183f9a7e27366328f28484567a42e871d752536ccffb190789a,2.0,be04f3d2aa0a1183f9a7e27366328f28484567a42e871d752536ccffb190789a,125,125,1.0,125.0,0.6079999804496765,0.2177419364452362,1.0,0.7839999794960022,15.0,0.2661290466785431,0.2741935551166534,0.0886598229408264,0.0084514413028955,0.1162026524543762,0.0071793473325669,153.0501708984375,162.57252502441406,52.03754806518555,111.04039001464844,157.8009033203125,160.70018005371094,161.71804809570312,167.19467163085938,173.32464599609375,177.49298095703125,138.46368408203125,155.38943481445312,60.01912307739258,102.93376159667967,151.9513397216797,155.97152709960938,160.4320831298828,163.11680603027344,166.07139587402344,166.79420471191406,168.81626892089844,150.9154052734375,57.53903579711914,64.25497436523438,65.56541442871094,38.266212463378906,34.476905822753906,12.481029510498049,36.33260345458984,71.47376251220703,0.4469375908374786,0.4813176393508911,0.3878278732299804,0.9779829382896424,0.3123320043087005,0.4583029448986053,0.5543760061264038,0.4175180196762085,0.2277396321296692,0.4205806851387024,0.6313498616218567,0.4573042690753937,0.5522524118423462,0.4837714731693268,0.3310241997241974,0.2682784795761108,0.260170429944992,0.2507548630237579,0.2454314231872558,0.2410661280155182,0.3676992654800415,0.2402804493904113,0.5505885481834412,0.4838795661926269,0.3337486088275909,0.2816967368125915,0.2655642330646515,0.2537017166614532,0.2497992366552353,0.2467334866523742,0.5066294074058533,0.4739578068256378,0.7850294709205627,0.6941513419151306,0.5782819986343384,0.5415764451026917,0.5239687561988831,0.5139638185501099,0.5107366442680359,0.5111254453659058,0.2636652290821075,0.2170790582895279,0.0083247357979416,0.011309047229588,0.0137050608173012,0.0154683785513043,0.0064463480375707,0.0044109243899583,0.0062350803054869,0.0066729038953781,0.0,0.0,0.4166666567325592,0.6153846383094788,0.5833333134651184,0.6153846383094788,0.8333333134651184,1.0,1.0,1.0
/Users/josephkamil/Desktop/Capstone/Oly_Data/segmented/clean/clean_from_cj_0097.mp4,clean,clean_from_cj_0097.mp4,0.09,clean,,yes,,olympic,clean_sha_80d4c82694ef42d5,dev,80d4c82694ef42d5ae5dfe711e330300865b013de8da609f56bdeffe6eb12974,1.0,80d4c82694ef42d5ae5dfe711e330300865b013de8da609f56bdeffe6eb12974,74,74,1.0,74.0,0.0405405387282371,0.7123287916183472,0.7534246444702148,0.0540540553629398,4.0,0.6438356041908264,0.7808219194412231,0.0560731887817382,0.0088028069585561,0.0270280838012695,0.0050579821690917,174.96559143066406,171.26345825195312,172.260986328125,174.4639129638672,176.623046875,160.1900177001953,134.7042694091797,166.18231201171875,157.25778198242188,175.00482177734375,173.50111389160156,170.42776489257812,176.15274047851562,174.85511779785156,170.16311645507812,160.2738800048828,167.71725463867188,155.56005859375,168.2351837158203,164.58424377441406,172.62484741210938,170.94432067871094,175.7696990966797,163.47434997558594,149.68405151367188,66.92516326904297,20.61322975158691,1.7367215156555176,15.055818557739258,58.23511505126953,23.47901725769043,22.32718276977539,12.483649253845217,13.524941444396973,4.383063316345215,6.072428226470947,5.809855937957764,5.05898380279541,6.881886005401611,4.735898017883301,0.6461374163627625,0.6470418572425842,0.6456238031387329,0.5747140049934387,0.479946106672287,0.3871398270130157,0.3836524188518524,0.338508129119873,0.351940393447876,0.3755163550376892,0.49319988489151,0.4965644776821136,0.4920272529125213,0.4371332824230194,0.3564116358757019,0.34675332903862,0.3659715056419372,0.3337315320968628,0.3169415593147278,0.3293437957763672,0.5273790955543518,0.534061849117279,0.5487056374549866,0.5020018219947815,0.4686539471149444,0.4836660325527191,0.5093600749969482,0.4780296087265014,0.4574382603168487,0.4726037383079529,0.1529476642608642,0.1505280584096908,0.1536850035190582,0.1380752474069595,0.1238098591566085,0.0413983538746833,0.0216283984482288,0.0122076645493507,0.0362055860459804,0.0487884692847728,0.0,0.0,0.0,0.0,0.0,0.0,0.0,0.375,0.0,0.0
/Users/josephkamil/Desktop/Capstone/Oly_Data/segmented/clean/clean_from_cj_0093.mp4,clean,clean_from_cj_0093.mp4,0.1,clean,,yes,,olympic,clean_sha_94d831f002b53f0d,train,94d831f002b53f0d6faf94cbdb7d73a673920b73864e9ce81b33d78846246ea9,1.0,94d831f002b53f0d6faf94cbdb7d73a673920b73864e9ce81b33d78846246ea9,73,14,0.1917808219178082,14.0,0.2142857164144516,0.6153846383094788,0.8461538553237915,0.2857142984867096,4.0,0.0769230797886848,0.0769230797886848,0.1686038672924041,0.0291243884712457,0.0213415026664733,0.0095481416210532,124.67072296142578,117.61046600341795,137.71603393554688,134.41091918945312,142.4205322265625,144.97047424316406,160.0754852294922,165.6917724609375,157.4047088623047,174.69313049316406,151.43946838378906,126.62156677246094,140.14068603515625,140.20281982421875,149.36737060546875,149.99368286132812,169.37924194335938,167.62869262695312,175.95481872558594,171.92820739746094,32.46403884887695,36.237548828125,63.32261657714844,29.16695785522461,9.24225902557373,16.85931396484375,2.585218667984009,45.48957824707031,63.16437530517578,18.20520401000977,6.685471057891846,7.310083389282227,3.0184500217437744,2.094992160797119,3.235372304916382,3.971608877182007,4.785672187805176,4.436583995819092,6.032959938049316,1.0314767360687256,0.6125195026397705,0.6097650527954102,0.444951057434082,0.4483869969844818,0.4091467261314392,0.3855212032794952,0.3578152060508728,0.3415136337280273,0.3049904704093933,0.335688054561615,0.476283848285675,0.4676094651222229,0.4207743108272552,0.4046544432640075,0.3764932155609131,0.3739946484565735,0.3590730428695678,0.3447018265724182,0.3364553153514862,0.3297554850578308,0.6324748992919922,0.625930905342102,0.6002510786056519,0.5913740992546082,0.5762006640434265,0.5701818466186523,0.553615927696228,0.5405166745185852,0.5360057353973389,0.5244108438491821,0.1362751871347427,0.1421789675951004,0.0661861151456832,0.0745853409171104,0.0591002255678176,0.041659690439701,0.0038968052249401,0.0366538874804973,0.0450820848345756,0.0089157810434699,0.0,0.0,0.0,0.0,0.0,0.0,1.0,0.5,1.0,0.0
/Users/josephkamil/Desktop/Capstone/Oly_Data/segmented/clean/clean_from_cj_0018.mp4,clean,clean_from_cj_0018.mp4,0.04,clean,,yes,,olympic,clean_sha_771b761080f7db45,test,771b761080f7db45aa074f5dc26d8a9d07981773ab77cd5d7e70b5bf7981f292,1.0,771b761080f7db45aa074f5dc26d8a9d07981773ab77cd5d7e70b5bf7981f292,63,63,1.0,63.0,0.1111111119389534,0.6612903475761414,0.8870967626571655,0.2380952388048172,8.0,0.8225806355476379,0.8709677457809448,0.1194568276405334,0.0147301396355032,0.0639391541481018,0.0083335861563682,101.20278930664062,99.66815185546876,111.18123626708984,149.6477508544922,146.86865234375,150.04713439941406,114.69266510009766,78.07367706298828,44.48191833496094,76.6723861694336,63.667362213134766,65.23006439208984,70.4194107055664,92.7360610961914,123.74429321289062,149.26284790039062,140.3026580810547,102.52733612060548,61.1546630859375,87.57203674316406,172.38111877441406,170.82652282714844,168.2088165283203,168.09434509277344,162.08413696289062,150.212890625,93.7378921508789,65.11466217041016,48.12054443359375,47.55557632446289,66.82340240478516,65.93671417236328,66.65119171142578,62.70465087890625,31.18536376953125,8.741106986999512,2.387444257736206,7.1903076171875,11.968368530273438,15.120786666870115,0.6829304695129395,0.6819474101066589,0.6842352747917175,0.6309098601341248,0.5200601816177368,0.4293669462203979,0.4620996117591858,0.4985083639621734,0.553959846496582,0.5269381403923035,0.5284349322319031,0.5284194946289062,0.5256454348564148,0.4671513438224792,0.3686404228210449,0.3314334452152252,0.4070603847503662,0.4945645034313202,0.5519616603851318,0.5230891108512878,0.5636693239212036,0.5679779648780823,0.564918577671051,0.5105951428413391,0.4838929176330566,0.4632140100002289,0.5705953240394592,0.6407201886177063,0.6811167597770691,0.648828387260437,0.157369390130043,0.1564420610666275,0.1615138798952102,0.1654393672943115,0.1522368937730789,0.1023226156830787,0.0815806537866592,0.0439847707748413,0.0462382175028324,0.0408875159919261,0.0,0.0,0.0,0.0,0.0,0.0,0.1428571492433548,0.5,0.5,0.0
/Users/josephkamil/Desktop/Capstone/Oly_Data/segmented/clean/clean_from_cj_0079.mp4,clean,clean_from_cj_0079.mp4,0.18,clean,,yes,,olympic,clean_sha_74fce40d0da966d1,test,74fce40d0da966d175a1497ec9cacd04f9e51230277f4be1974db18335b30b4b,1.0,74fce40d0da966d175a1497ec9cacd04f9e51230277f4be1974db18335b30b4b,125,125,1.0,125.0,0.6480000019073486,0.25,1.0,0.7519999742507935,13.0,0.3145161271095276,0.3467741906642914,0.0469287633895874,0.0083569502457976,0.0655465722084045,0.0070925517939031,120.8309097290039,165.45278930664062,105.91625213623048,60.50813293457031,126.38797760009766,149.12840270996094,169.1726837158203,175.45111083984375,177.75396728515625,178.35385131835938,104.3335189819336,155.4609375,112.2669448852539,69.37118530273438,117.64117431640624,153.60560607910156,170.23464965820312,170.767822265625,174.1357421875,176.16477966308594,176.2864227294922,175.96304321289062,60.812408447265625,48.36008834838867,30.98465156555176,23.984424591064453,50.35833740234375,77.45401000976562,80.2431640625,79.26255798339844,18.666105270385746,10.77792739868164,3.8021278381347656,4.902890682220459,9.187668800354004,3.169544219970703,1.6266087293624878,0.6936353445053101,1.1760324239730835,1.3805091381072998,0.7389016151428223,0.5640987157821655,0.4721131324768066,0.5307849645614624,0.4268554747104645,0.3275934755802154,0.2740059792995453,0.2949879765510559,0.3032640516757965,0.2919655740261078,0.4972913563251495,0.3447052240371704,0.4487080872058868,0.5324124693870544,0.4270809888839721,0.331290453672409,0.2881143987178802,0.3119828402996063,0.3122599422931671,0.301607221364975,0.6290781497955322,0.5539875626564026,0.6653751730918884,0.7401930689811707,0.6269133687019348,0.5665315985679626,0.54156893491745,0.5633764266967773,0.5647032856941223,0.554561972618103,0.2418856024742126,0.2224422544240951,0.0534639991819858,0.0287443716078996,0.0303194895386695,0.0249612815678119,0.0260965824127197,0.0341971553862094,0.0287851840257644,0.0295353941619396,0.0,0.0,0.5,0.8461538553237915,0.5,0.6153846383094788,1.0,1.0,1.0,1.0
/Users/josephkamil/Desktop/Capstone/Oly_Data/segmented/clean/clean_from_cj_0147.mp4,clean,clean_from_cj_0147.mp4,0.14,clean,,yes,,olympic,clean_sha_312dda9f57b00792,train,312dda9f57b00792a6d8597390dd7b6f109468f720dd13fd3e2b4e63340bbb49,1.0,312dda9f57b00792a6d8597390dd7b6f109468f720dd13fd3e2b4e63340bbb49,102,102,1.0,102.0,0.6470588445663452,0.3465346395969391,1.0,0.656862735748291,3.0,0.4455445408821106,0.0297029707580804,0.0373125672340393,0.0090873008593916,0.0827440917491912,0.0087869111448526,83.6914291381836,161.75848388671875,168.11622619628906,133.4396514892578,71.74536895751953,146.74472045898438,169.71893310546875,174.10708618164062,172.17855834960938,173.63223266601562,75.40385437011719,142.78651428222656,160.3560028076172,136.33558654785156,86.40182495117188,140.88973999023438,161.7029266357422,165.86917114257812,164.81399536132812,162.427490234375,170.8890380859375,170.96047973632812,161.69956970214844,71.65758514404297,97.20165252685548,43.116943359375,40.44972610473633,57.85724639892578,44.8833122253418,40.127967834472656,0.3226583302021026,0.7995107769966125,0.4295079112052917,0.5764452219009399,0.3480724990367889,1.7599830627441406,0.8844782114028931,1.118239402770996,1.3034274578094482,1.1410247087478638,0.6614226698875427,0.6045575737953186,0.4304947853088379,0.3470042943954468,0.4551479518413543,0.3448681235313415,0.2076133787631988,0.200930505990982,0.2160292565822601,0.2168738692998886,0.4093568921089172,0.3590633273124695,0.2031611949205398,0.3189548850059509,0.4681849181652069,0.3510142266750335,0.2265872508287429,0.2235636711120605,0.2414137125015258,0.243495687842369,0.5838353037834167,0.4640838205814361,0.4094692170619964,0.5652750730514526,0.6966584920883179,0.5711314678192139,0.4686554968357086,0.4733783304691314,0.4927241206169128,0.4984506666660309,0.2520815134048462,0.2455167323350906,0.227397471666336,0.0514959916472435,0.0145752169191837,0.0085902353748679,0.0198065191507339,0.0230990722775459,0.0267541110515594,0.0275008995085954,0.0,0.0,0.0,0.5,1.0,0.8999999761581421,1.0,1.0,1.0,1.0
/Users/josephkamil/Desktop/Capstone/Oly_Data/segmented/clean/clean_from_cj_0143.mp4,clean,clean_from_cj_0143.mp4,0.2,clean,,yes,,olympic,clean_sha_9c52fe76c0e991d1,train,9c52fe76c0e991d135d69c5f7ca99980c3b26ad745de52176a53e7602e7af704,1.0,9c52fe76c0e991d135d69c5f7ca99980c3b26ad745de52176a53e7602e7af704,117,117,1.0,117.0,0.4957264959812164,0.2672413885593414,1.0,0.7350427508354187,13.0,0.0,0.0,0.1827931255102157,0.0184031073004007,0.0959996581077575,0.0085327858105301,152.20872497558594,170.47816467285156,175.2469024658203,172.76126098632812,164.99609375,162.3885498046875,170.59466552734375,177.41783142089844,175.32167053222656,178.2124481201172,146.27581787109375,166.06947326660156,173.3139190673828,177.0267791748047,172.49400329589844,168.6885986328125,176.20294189453125,169.8958740234375,170.72398376464844,171.206298828125,172.3675079345703,170.8813018798828,107.82593536376952,143.93325805664062,86.05194854736328,21.2414608001709,33.292457580566406,63.0693473815918,66.4011001586914,36.54701614379883,20.184635162353516,14.20358180999756,4.5060133934021,3.428314208984375,3.757114171981811,7.02475118637085,3.6849381923675537,2.3190088272094727,3.225862503051758,1.2510676383972168,0.5797507762908936,0.5278174877166748,0.2367497086524963,0.436524361371994,0.474645048379898,0.368467777967453,0.2646341025829315,0.1988282352685928,0.2721385657787323,0.3054344058036804,0.382306307554245,0.313238114118576,0.1689488887786865,0.3654959499835968,0.4467237293720245,0.3775726854801178,0.2916849553585052,0.2214271873235702,0.2814145386219024,0.3073255717754364,0.4934711158275604,0.4464169442653656,0.3871665298938751,0.5644470453262329,0.6229118704795837,0.5758193731307983,0.524768590927124,0.4612813889980316,0.5153043866157532,0.5410241484642029,0.1982960253953933,0.2153548449277877,0.095446266233921,0.0749198868870735,0.0405547209084034,0.0198114067316055,0.039582286030054,0.0495737828314304,0.0365716703236103,0.0353722758591175,0.0,0.0,0.3333333432674408,0.0,0.3333333432674408,0.9166666865348816,1.0,0.9166666865348816,0.9166666865348816,0.5
/Users/josephkamil/Desktop/Capstone/Oly_Data/segmented/clean/clean_from_cj_0196.mp4,clean,clean_from_cj_0196.mp4,0.12,clean,,yes,,olympic,clean_sha_c8a4665e34e2af1d,train,c8a4665e34e2af1db856ab3744b333affe0673f676f6992cb9c1d40932964d86,1.0,c8a4665e34e2af1db856ab3744b333affe0673f676f6992cb9c1d40932964d86,63,55,0.873015873015873,55.0,0.4181818068027496,0.5185185074806213,0.92592591047287,0.4181818068027496,2.0,0.1666666716337204,0.8333333134651184,0.0958561301231384,0.021588547155261,0.0894916057586669,0.0110393445938825,20.496692657470703,11.110987663269045,11.411381721496582,112.35111236572266,172.49560546875,101.30132293701172,68.32504272460938,35.645652770996094,30.727224349975582,30.422380447387695,82.65516662597656,79.54708099365234,86.36682891845703,129.10728454589844,170.31280517578125,115.51091766357422,66.48758697509766,39.767921447753906,34.40578079223633,38.6688346862793,171.63192749023438,175.7250213623047,176.21176147460938,168.7755126953125,168.8818359375,155.98619079589844,173.70071411132812,139.4889678955078,131.86061096191406,176.95619201660156,5.043124675750732,4.429084777832031,4.846072196960449,3.915996789932251,8.529767990112305,6.155134677886963,3.93273401260376,8.124755859375,9.422811508178713,10.317960739135742,0.7110673785209656,0.7121192812919617,0.7057327032089233,0.5918412804603577,0.4602743983268738,0.3621223866939544,0.3805876970291137,0.4517407417297363,0.4704157710075378,0.5589020252227783,0.5664020776748657,0.543775737285614,0.5290156602859497,0.4268772900104522,0.3101540505886078,0.4298165738582611,0.5240095257759094,0.5513704419136047,0.5483000874519348,0.5571202635765076,0.7323839068412781,0.7211897969245911,0.7060262560844421,0.6083837151527405,0.5076735019683838,0.6319510340690613,0.7088886499404907,0.7288506031036377,0.7213775515556335,0.7223742008209229,0.1448200941085815,0.1684284657239914,0.1771547645330429,0.166218563914299,0.1753629893064499,0.1258803606033325,0.1434793472290039,0.101916991174221,0.0841095522046089,0.0617675222456455,0.0,0.0,0.0,0.0,0.0,0.8333333134651184,1.0,1.0,1.0,0.3333333432674408
/Users/josephkamil/Desktop/Capstone/Oly_Data/segmented/clean/clean_from_cj_0067.mp4,clean,clean_from_cj_0067.mp4,0.08,clean,,yes,,olympic,clean_sha_7b9bf919112c7963,train,7b9bf919112c7963cca0b93246d1e2637804b0fa90e8be9774b599dd1dc95fe0,1.0,7b9bf919112c7963cca0b93246d1e2637804b0fa90e8be9774b599dd1dc95fe0,74,74,1.0,74.0,0.6081081032752991,0.3424657583236694,0.9863013625144958,0.6486486196517944,6.0,0.4246575236320495,0.4246575236320495,0.0362823009490966,0.0107603762298822,0.0608657598495483,0.0089244153350591,117.5521469116211,169.6417694091797,165.62379455566406,111.58430480957033,62.0918083190918,54.652366638183594,103.08477783203124,137.71441650390625,171.8060302734375,176.6895751953125,105.31096649169922,144.2501983642578,160.99978637695312,114.9837646484375,60.37080383300781,61.3707389831543,98.44190216064452,131.245361328125,162.76828002929688,162.10707092285156,178.0159454345703,173.43894958496094,161.738037109375,70.7762451171875,32.82783508300781,40.324275970458984,38.95359420776367,57.888729095458984,40.02259063720703,40.2432861328125,5.940781593322754,10.09216022491455,2.824366569519043,1.289580225944519,1.4031983613967896,1.3963154554367063,1.553677678108215,2.4300780296325684,1.2519227266311646,0.7968500256538391,0.7652509808540344,0.6804768443107605,0.5245712995529175,0.4804989993572235,0.5565174221992493,0.5904079079627991,0.5321701169013977,0.4519875049591064,0.3699669241905212,0.3525932729244232,0.5542060732841492,0.4768190085887909,0.3629722893238067,0.4666365087032318,0.5669679641723633,0.6030634641647339,0.5453628301620483,0.465864360332489,0.3743279874324798,0.356766790151596,0.6648050546646118,0.5929047465324402,0.5534741282463074,0.6512969732284546,0.7330431938171387,0.769019603729248,0.7038592100143433,0.6323105096817017,0.5645709037780762,0.5559142827987671,0.2111381143331527,0.2039645612239837,0.1618735641241073,0.0354298502206802,0.0210850313305854,0.0208844691514968,0.019637843593955,0.0185422226786613,0.0109153045341372,0.015996616333723,0.0,0.0,0.0,0.5714285969734192,0.875,1.0,1.0,1.0,0.7142857313156128,0.875
/Users/josephkamil/Desktop/Capstone/Oly_Data/segmented/clean/clean_from_cj_0101.mp4,clean,clean_from_cj_0101.mp4,0.13,clean,,yes,,olympic,clean_sha_cee7d2f96df947e1,train,cee7d2f96df947e1dddd0d40ecc7f21adacf93fbeb57177453f36899c9d74a9b,1.0,cee7d2f96df947e1dddd0d40ecc7f21adacf93fbeb57177453f36899c9d74a9b,125,71,0.568,71.0,0.2535211145877838,0.0,0.8714285492897034,0.8732394576072693,5.0,0.1857142895460128,0.1285714358091354,0.1064553260803222,0.0165747310966253,0.1334203481674194,0.0093665206804871,95.56752014160156,71.72827911376953,123.10645294189452,170.27455139160156,164.7352752685547,172.17431640625,160.3157501220703,165.06478881835938,169.18006896972656,167.9575653076172,38.599178314208984,35.262271881103516,93.45875549316406,159.20993041992188,166.23130798339844,172.098876953125,169.3516845703125,175.0118865966797,177.96592712402344,170.70693969726562,127.7761688232422,127.95183563232422,121.87593841552734,176.2896270751953,175.3404998779297,172.15687561035156,88.91104888916016,141.32156372070312,113.19792175292967,55.54845428466797,84.82953643798828,79.40313720703125,48.00846481323242,7.815422534942627,2.510784149169922,2.4674088954925537,6.335407733917236,1.4847551584243774,1.415826439857483,6.197578430175781,0.5285705924034119,0.5629273653030396,0.5314693450927734,0.5093763470649719,0.503261923789978,0.4444029927253723,0.4305608570575714,0.4474281668663025,0.4183808863162994,0.4160787463188171,0.5786195397377014,0.5877372622489929,0.5022119879722595,0.3546783626079559,0.3258766829967499,0.2954022884368896,0.352607250213623,0.3733304142951965,0.3622522354125976,0.3538532555103302,0.59046870470047,0.611257016658783,0.5691061019897461,0.4845033586025238,0.4742951393127441,0.4501209855079651,0.495989054441452,0.5154809951782227,0.5074015855789185,0.4964912533760071,0.0528070703148841,0.0532108806073665,0.1021393984556198,0.1551374644041061,0.179176926612854,0.1523945182561874,0.0829617604613304,0.0754095166921615,0.0579487420618534,0.0650421008467674,1.0,0.8571428656578064,0.5714285969734192,0.0,0.0,0.0,0.0,0.0,0.1428571492433548,0.0
/Users/josephkamil/Desktop/Capstone/Oly_Data/segmented/clean/clean_from_cj_0211.mp4,clean,clean_from_cj_0211.mp4,0.13,clean,,yes,,olympic,clean_sha_f2db1a0183349a33,train,f2db1a0183349a33620450c8058c72546e2f6e45c1ccb07d4743808c6a43063e,1.0,f2db1a0183349a33620450c8058c72546e2f6e45c1ccb07d4743808c6a43063e,111,111,1.0,111.0,0.4864864945411682,0.3454545438289642,1.0,0.6576576828956604,9.0,0.4363636374473572,0.4363636374473572,0.0554472208023071,0.0091226752847433,0.0400549173355102,0.0062074572779238,128.38638305664062,166.0835418701172,162.07269287109375,88.72756958007812,67.89311981201172,142.82032775878906,154.82289123535156,174.16139221191406,177.15802001953125,176.94419860839844,116.79255676269533,146.64649963378906,162.0088653564453,102.8660888671875,77.44155883789062,137.58200073242188,155.80560302734375,170.3101348876953,169.767822265625,170.24111938476562,167.28631591796875,169.89669799804688,128.89474487304688,28.73392868041992,25.25752639770508,27.757251739501953,30.003816604614254,28.6444149017334,35.30583190917969,38.0523567199707,6.372474670410156,5.54915714263916,3.81048583984375,2.423276424407959,2.665907144546509,0.727613091468811,1.8678526878356936,3.5548408031463623,1.982455492019653,2.342172861099243,0.8159752488136292,0.7201484441757202,0.509442150592804,0.5351361632347107,0.5865007042884827,0.4861758351325989,0.3699815571308136,0.3321039080619812,0.3319343328475952,0.3449316024780273,0.5979562997817993,0.5125637054443359,0.3694700896739959,0.5350180268287659,0.5814258456230164,0.4842372238636017,0.3793655335903168,0.3473083674907684,0.3533286154270172,0.3569953441619873,0.6924645304679871,0.6209563612937927,0.586076021194458,0.7212042212486267,0.754528284072876,0.6567699313163757,0.5923283696174622,0.5677748322486877,0.5783436298370361,0.5848894119262695,0.2180335074663162,0.2076392024755478,0.1406589150428772,0.0163987260311841,0.0109458016231656,0.0147305373102426,0.014707688242197,0.0152491396293044,0.0215402487665414,0.0123298382386565,0.0,0.0,0.0,0.4545454680919647,0.2727272808551788,0.2727272808551788,0.8181818127632141,1.0,1.0,1.0
/Users/josephkamil/Desktop/Capstone/Oly_Data/segmented/clean/clean_from_cj_0069.mp4,clean,clean_from_cj_0069.mp4,0.06,clean,,yes,,olympic,clean_sha_00f6f541496e8893,train,00f6f541496e88938713236812581904b136c57fd16d88c212d858063f6633fa,2.0,00f6f541496e88938713236812581904b136c57fd16d88c212d858063f6633fa,102,85,0.8333333333333334,85.0,0.4117647111415863,0.3571428656578064,0.988095223903656,0.6352941393852234,12.0,0.2857142984867096,0.2857142984867096,0.085378348827362,0.0105179948732256,0.0697261095046997,0.0053199571557343,152.741455078125,73.77727508544922,21.004852294921875,86.91907501220703,129.11900329589844,156.59274291992188,176.89073181152344,174.0749053955078,177.64462280273438,174.9502410888672,143.30474853515625,92.55658721923828,37.6743278503418,84.79830169677734,117.7189712524414,149.4486846923828,170.41990661621094,173.34161376953125,176.75326538085938,177.06646728515625,162.11431884765625,76.07583618164062,31.44729995727539,47.28969955444336,58.105690002441406,48.86246109008789,90.64179229736328,96.49565887451172,109.07254028320312,109.70053100585938,26.30230712890625,1.907764911651611,3.040177345275879,3.8300137519836426,8.955551147460938,3.8360888957977295,1.8263133764266968,0.2870466709136963,0.8014545440673828,1.111548900604248,0.576374888420105,0.5973509550094604,0.659171462059021,0.5840356945991516,0.5129598379135132,0.4747554361820221,0.4125786125659942,0.4306714236736297,0.4187601506710052,0.4252349138259887,0.4617864489555359,0.5663653612136841,0.608605146408081,0.5568959712982178,0.5139638781547546,0.4533001184463501,0.4212881922721863,0.4287911355495453,0.4289042055606842,0.4314910173416137,0.5560404062271118,0.6690376996994019,0.7145940661430359,0.6602678894996643,0.6177375912666321,0.5780222415924072,0.5523176789283752,0.5606348514556885,0.559058666229248,0.5569261908531189,0.117220714688301,0.0508393980562686,0.0550858974456787,0.0381081886589527,0.0292051583528518,0.0482471771538257,0.0549385957419872,0.0541745536029338,0.047015231102705,0.0392065346240997,0.0,0.0,0.0,0.3333333432674408,0.75,0.2222222238779068,1.0,0.0,1.0,0.8888888955116272
/Users/josephkamil/Desktop/Capstone/Oly_Data/segmented/clean/clean_from_cj_0016.mp4,clean,clean_from_cj_0016.mp4,0.12,clean,,yes,,olympic,clean_sha_6d28077db6fd270c,train,6d28077db6fd270c8bd8f0770bc314e9e5d772d052c2d7b66f76d33f761c9fd6,2.0,6d28077db6fd270c8bd8f0770bc314e9e5d772d052c2d7b66f76d33f761c9fd6,77,77,1.0,77.0,0.7402597665786743,0.2631579041481018,1.0,0.7402597665786743,1.0,0.4210526347160339,0.4210526347160339,0.0872503519058227,0.0136561207473278,0.1117517352104187,0.012169168330729,153.56021118164062,166.9405517578125,138.89895629882812,62.13655853271485,79.22252655029297,159.46429443359375,161.20059204101562,172.49411010742188,168.80572509765625,173.81422424316406,144.3861846923828,158.7526397705078,136.92332458496094,69.29271697998047,78.41084289550781,152.59844970703125,157.72457885742188,165.13389587402344,162.9451904296875,166.18402099609375,172.73728942871094,170.86282348632812,103.2345199584961,56.57990264892578,53.013370513916016,45.64806365966797,47.4213981628418,46.36705017089844,52.77642822265625,49.68390655517578,2.3726844787597656,1.4312748908996582,0.4701745212078094,0.9824995994567872,0.6587832570075989,0.4878131449222564,0.3857021927833557,0.2444339096546173,0.2862317562103271,0.5164755582809448,0.5836132764816284,0.4506040811538696,0.4158616065979004,0.558477520942688,0.5382102727890015,0.4258107542991638,0.3060542643070221,0.2131017744541168,0.2551126480102539,0.2240470796823501,0.3195597231388092,0.1863300800323486,0.3257161974906921,0.5713802576065063,0.5546435117721558,0.4359928369522095,0.3169580101966858,0.2498011589050293,0.2657911777496338,0.2402951419353485,0.4495659172534942,0.4025000631809234,0.5801740884780884,0.797912061214447,0.7690176963806152,0.640845775604248,0.5530417561531067,0.5152550935745239,0.5242153406143188,0.5108943581581116,0.2640954256057739,0.2645124197006225,0.1039092242717742,0.0131137492135167,0.0170306004583835,0.0114568416029214,0.0121876494958996,0.0368929728865623,0.0108014158904552,0.0164352972060441,0.0,0.0,0.375,1.0,1.0,1.0,1.0,1.0,1.0,1.0
/Users/josephkamil/Desktop/Capstone/Oly_Data/segmented/clean/clean_from_cj_0189.mp4,clean,clean_from_cj_0189.mp4,0.08,clean,,yes,,olympic,clean_sha_3751dc71aa457382,train,3751dc71aa45738216e8a4aa1226689d39721cf93d161a87050ff793d591e177,1.0,3751dc71aa45738216e8a4aa1226689d39721cf93d161a87050ff793d591e177,107,100,0.9345794392523364,100.0,0.5400000214576721,0.0,0.9595959782600404,0.959999978542328,23.0,0.3737373650074005,0.0202020201832056,0.0952444672584533,0.0124815553426742,0.0446414947509765,0.0065846662037074,126.6796646118164,175.87245178222656,151.225830078125,32.70209503173828,52.05864334106445,159.69906616210938,177.36294555664062,179.1798858642578,178.24636840820312,178.3141632080078,115.02750396728516,177.67864990234375,151.58407592773438,39.605735778808594,56.78049850463867,161.16421508789062,170.34967041015625,168.20016479492188,171.6521453857422,172.6580047607422,170.43121337890625,159.87908935546875,33.61955642700195,25.51248550415039,34.7131462097168,19.24637985229492,54.80668258666992,30.59852600097656,41.53859329223633,11.078396797180176,58.62627029418945,3.2020392417907715,3.432672023773194,9.994382858276367,12.736151695251465,8.559883117675781,1.4430787563323977,1.1355880498886108,1.6496015787124634,2.470604181289673,0.6216675043106079,0.4970226883888244,0.4463144838809967,0.5674722790718079,0.5500979423522949,0.4508299231529236,0.3503534197807312,0.3392112851142883,0.3419801592826843,0.355430543422699,0.5431795120239258,0.3645790517330169,0.4467264115810394,0.5694056153297424,0.5664902925491333,0.4584688544273376,0.3496800661087036,0.3429078459739685,0.3481644988059997,0.3567603230476379,0.5662041902542114,0.5166240930557251,0.5894778370857239,0.6901092529296875,0.6723304986953735,0.5840416550636292,0.5189507007598877,0.5133589506149292,0.5140746831893921,0.5272974371910095,0.1104548573493957,0.1328031718730926,0.0239728949964046,0.028557289391756,0.0303503181785345,0.0236537009477615,0.0135369403287768,0.012933662161231,0.0165132991969585,0.0108177009969949,0.4000000059604645,0.0,0.5,0.4000000059604645,0.800000011920929,0.5,0.5,0.8999999761581421,0.8999999761581421,0.5
/Users/josephkamil/Desktop/Capstone/Oly_Data/segmented/clean/clean_from_cj_0114.mp4,clean,clean_from_cj_0114.mp4,0.17,clean,,yes,,olympic,clean_sha_4bb45e89b7cdf1c1,dev,4bb45e89b7cdf1c182de7d658de4d47cae73a1b0e7b302fc02a70e7c00ff50d0,1.0,4bb45e89b7cdf1c182de7d658de4d47cae73a1b0e7b302fc02a70e7c00ff50d0,103,93,0.9029126213592232,93.0,0.0430107526481151,0.4456521868705749,0.6195651888847351,0.1827957034111023,4.0,0.3260869681835174,0.0434782616794109,0.2938056886196136,0.013910973444581,0.1584401130676269,0.0081322090700268,81.43667602539062,135.01844787597656,164.653076171875,56.52354049682617,94.69192504882812,154.57357788085938,176.16665649414062,167.0550079345703,168.97039794921875,173.9606475830078,78.01876068115234,121.82533264160156,165.41717529296875,71.01302337646484,98.89678955078124,157.7499542236328,165.81005859375,168.7722625732422,171.11602783203125,171.20309448242188,174.70819091796875,178.25234985351562,166.94964599609375,141.79141235351562,132.3123321533203,129.06884765625,93.33133697509766,116.28717803955078,131.83050537109375,126.52230072021484,13.400506973266602,14.547490119934082,4.548501014709473,1.5774062871932983,2.542779445648194,1.816180944442749,1.1790395975112915,3.185192584991455,3.607484579086304,1.854275107383728,0.8268327713012695,0.729528546333313,0.559005618095398,0.6419510245323181,0.5766736268997192,0.4859532713890075,0.4198225140571594,0.4262682497501373,0.4324657917022705,0.4331198632717132,0.6272392272949219,0.5487120151519775,0.4276109933853149,0.6094595193862915,0.5626876354217529,0.4711576104164123,0.4139941334724426,0.4161580502986908,0.4169087409973144,0.4173325002193451,0.7426226139068604,0.6727620363235474,0.6089718341827393,0.7897454500198364,0.7460969686508179,0.64528489112854,0.5894235968589783,0.5956144332885742,0.5963390469551086,0.6019896864891052,0.1999260783195495,0.1810467541217804,0.134728655219078,0.0651959478855133,0.0540230572223663,0.050035510212183,0.0330814383924007,0.0564098693430423,0.0446918159723281,0.0386264249682426,0.0,0.0,0.0,0.0,0.2222222238779068,0.0,0.2000000029802322,0.0,0.0,0.0
/Users/josephkamil/Desktop/Capstone/Oly_Data/segmented/clean/clean_from_cj_0159.mp4,clean,clean_from_cj_0159.mp4,0.13,snatch,,yes,,olympic,snatch_sha_87cfbe76c74dbbc0,test,87cfbe76c74dbbc00ba499b1d4cf66637aefe0e0328ab178be40e6a57a4b5eca,1.0,87cfbe76c74dbbc00ba499b1d4cf66637aefe0e0328ab178be40e6a57a4b5eca,125,124,0.992,124.0,0.0161290317773818,0.9918699264526368,1.0,0.0161290317773818,1.0,0.7560975551605225,0.642276406288147,0.0472789406776428,0.0076268198899924,0.0750864744186401,0.0044993599876761,150.7532196044922,160.26039123535156,150.51214599609375,151.8480987548828,159.02780151367188,156.21612548828125,138.36802673339844,100.33834075927734,164.99851989746094,153.2955780029297,9.619793891906738,19.382164001464844,23.67280006408691,18.68169212341309,24.80465316772461,20.78536796569824,37.187400817871094,77.07261657714844,146.52403259277344,152.44606018066406,171.9765167236328,174.2845001220703,175.74697875976562,173.759521484375,175.93031311035156,177.12962341308594,171.96571350097656,175.95167541503906,178.05548095703125,111.76299285888672,162.302734375,159.1004180908203,157.88792419433594,157.52276611328125,159.50079345703125,159.6181182861328,110.6890869140625,21.725486755371097,7.523793697357178,2.069667339324951,0.8244842886924744,0.7984645366668701,0.8271104097366333,0.830247163772583,0.8444395661354065,0.8568973541259766,0.8231390118598938,0.8051837086677551,0.6974549293518066,0.5188760757446289,0.6463533639907837,0.6382115483283997,0.6270742416381836,0.6258884072303772,0.6363919377326965,0.6352696418762207,0.624175488948822,0.5931364297866821,0.4840260446071625,0.4304051399230957,0.5685011148452759,0.5708104372024536,0.5606657862663269,0.55876225233078,0.5620756149291992,0.5658669471740723,0.6079005599021912,0.6798368692398071,0.6099454164505005,0.629447340965271,0.1813739091157913,0.161438837647438,0.2001860439777374,0.2045376747846603,0.2083399891853332,0.2217785865068435,0.1998026371002197,0.212248295545578,0.2135356664657592,0.0947823822498321,0.0,0.0,0.0,0.0,0.0,0.0,0.0,0.0,0.0,0.1538461595773697
/Users/josephkamil/Desktop/Capstone/Oly_Data/segmented/clean/clean_from_cj_0111.mp4,clean,clean_from_cj_0111.mp4,0.18,clean,,yes,,olympic,clean_sha_c264775670f2c865,dev,c264775670f2c86577e52c2b9c4e84b99567b5850645afc400ddf929677b8278,1.0,c264775670f2c86577e52c2b9c4e84b99567b5850645afc400ddf929677b8278,125,125,1.0,125.0,0.4880000054836273,0.1612903177738189,0.8387096524238586,0.6800000071525574,14.0,0.2177419364452362,0.2338709682226181,0.0636057257652282,0.0080918166786432,0.1138402223587036,0.0076828277669847,162.5720672607422,117.21241760253906,61.66718673706055,155.92819213867188,171.1455841064453,162.64923095703125,164.4344024658203,167.09420776367188,173.47300720214844,173.07638549804688,151.87100219726562,116.68762969970705,59.73597717285156,149.13958740234375,162.5060577392578,158.71595764160156,161.8786163330078,164.60311889648438,165.88272094726562,166.24603271484375,170.22108459472656,84.84033966064453,68.32086181640625,36.480491638183594,39.50016403198242,60.06825637817383,83.77548217773438,41.01285171508789,28.905122756958008,36.32072830200195,0.8103707432746887,0.9505470991134644,0.9101801514625548,0.701425313949585,0.8079511523246765,0.9632325768470764,0.4220731556415558,0.329838752746582,0.1925863623619079,0.1918346583843231,0.5299710631370544,0.4718306362628937,0.5775237679481506,0.4051533937454223,0.2609180510044098,0.2768775224685669,0.2621995508670807,0.2552961111068725,0.2581263482570648,0.264553815126419,0.2682061493396759,0.3734639286994934,0.5757108926773071,0.4028991162776947,0.2753521203994751,0.2830235362052917,0.2674597203731537,0.2610332071781158,0.2578192055225372,0.2580102086067199,0.4383770525455475,0.6339473724365234,0.802141010761261,0.6300820112228394,0.5426363348960876,0.5500055551528931,0.5308745503425598,0.5254334807395935,0.526511013507843,0.5273316502571106,0.26178178191185,0.1058729887008667,0.0086052287369966,0.004841414745897,0.0181519389152526,0.0076025277376174,0.0054160035215318,0.0061499406583607,0.0035691212397068,0.0066218352876603,0.0,0.3076923191547394,0.25,0.2307692319154739,0.8333333134651184,0.8461538553237915,1.0,1.0,0.4166666567325592,0.0
/Users/josephkamil/Desktop/Capstone/Oly_Data/segmented/clean/clean_from_cj_0075.mp4,clean,clean_from_cj_0075.mp4,0.06,clean,,yes,,olympic,clean_sha_a47c333ab3d663fd,train,a47c333ab3d663fd70d0620f990cf7f1ab022c739f19f738b79444d3eba51f17,1.0,a47c333ab3d663fd70d0620f990cf7f1ab022c739f19f738b79444d3eba51f17,66,65,0.9848484848484848,65.0,0.3692307770252228,0.375,1.0,0.6307692527770996,11.0,0.640625,0.671875,0.0535719394683837,0.0129222543910145,0.0294325351715087,0.0087410015985369,171.00880432128906,170.30349731445312,177.1909637451172,167.0235137939453,130.070556640625,56.89456558227539,39.24138259887695,106.77793884277344,155.95455932617188,173.7857208251953,173.66148376464844,171.20419311523438,176.0653076171875,162.11660766601562,134.2050018310547,60.76784133911133,38.78620529174805,104.5813980102539,154.5428466796875,168.07485961914062,176.74267578125,177.31808471679688,170.832275390625,74.8151626586914,16.96001625061035,10.652504920959473,13.957564353942873,4.045177936553955,2.744518995285034,32.310848236083984,4.320347785949707,4.364092826843262,3.703796625137329,0.5095635652542114,6.433355808258057,7.041294574737549,3.0493316650390625,1.0345526933670044,1.5937315225601196,1.2429358959197998,0.6825480461120605,0.6091408729553223,0.530366063117981,0.4397285282611847,0.4778448343276977,0.5534468293190002,0.5496512651443481,0.5046762824058533,0.4435726106166839,0.356477826833725,0.5192734599113464,0.4699043333530426,0.3813889026641845,0.384991705417633,0.4879944622516632,0.5543772578239441,0.5643734335899353,0.4978704750537872,0.4399687945842743,0.3588361144065857,0.6234292984008789,0.5801598429679871,0.5276889204978943,0.5368769764900208,0.622993528842926,0.6788267493247986,0.6895856261253357,0.6343657374382019,0.5830278396606445,0.5268575549125671,0.1632821857929229,0.1392519921064376,0.1491945534944534,0.0656328424811363,0.0213829800486564,0.0171884465962648,0.0257568191736936,0.0128415301442146,0.011257623322308,0.0116929616779088,0.0,0.0,0.0,0.2857142984867096,1.0,0.5714285969734192,0.8333333134651184,0.1428571492433548,0.3333333432674408,0.5714285969734192
/Users/josephkamil/Desktop/Capstone/Oly_Data/segmented/clean/clean_from_cj_0140.mp4,clean,clean_from_cj_0140.mp4,0.05,clean,,yes,,olympic,clean_sha_488d7797cd80a9b1,train,488d7797cd80a9b1a0be37067f2cca2c5a558d8583e5008026b0e58fd2bf2031,1.0,488d7797cd80a9b1a0be37067f2cca2c5a558d8583e5008026b0e58fd2bf2031,63,62,0.984126984126984,62.0,0.0,1.0,0.0,0.0,0.0,0.7868852615356445,0.7868852615356445,0.1618726849555969,0.0153682604432106,0.0456979274749755,0.007399576716125,172.21266174316406,166.15843200683594,160.20074462890625,156.4862823486328,153.522705078125,164.1230010986328,120.75855255126952,122.51354217529295,148.5838623046875,170.25711059570312,156.70799255371094,169.6896209716797,164.82394409179688,171.77317810058594,161.0988006591797,172.63836669921875,128.2085418701172,116.65949249267578,153.2938995361328,169.3009033203125,162.10374450683594,151.05714416503906,146.9305877685547,129.2784881591797,170.1744384765625,174.9134063720703,172.74603271484375,178.07200622558594,169.67616271972656,164.34925842285156,31.16994285583496,32.81535720825195,36.75312423706055,38.72260665893555,33.207828521728516,27.68742561340332,21.807050704956055,15.810783386230469,12.996500968933104,13.133283615112305,0.693720281124115,0.6886990666389465,0.6905631422996521,0.6703636050224304,0.7080093026161194,0.6988253593444824,0.7079178690910339,0.7132387161254883,0.674870491027832,0.5553566813468933,0.597165584564209,0.5422820448875427,0.511350154876709,0.5032128691673279,0.524928629398346,0.5337970852851868,0.5311465859413147,0.525401771068573,0.4907301366329193,0.3749978244304657,0.6352019906044006,0.591349720954895,0.5650887489318848,0.5570132732391357,0.595000147819519,0.6304306983947754,0.6476911902427673,0.6557485461235046,0.6261149048805237,0.5467290878295898,0.1000633016228675,0.1467569321393966,0.1794829368591308,0.1675475686788559,0.1838401407003402,0.1657700687646865,0.1776477843523025,0.188070461153984,0.184157982468605,0.1804377883672714,0.0,0.0,0.0,0.0,0.0,0.0,0.0,0.0,0.0,0.0
/Users/josephkamil/Desktop/Capstone/Oly_Data/segmented/clean/clean_from_cj_0205.mp4,clean,clean_from_cj_0205.mp4,0.13,clean,,yes,,olympic,clean_sha_dc8c25fd9c68d12b,test,dc8c25fd9c68d12b3b2d4e51ac0c80a6cc5602373b27bd73a23a7cfca958b718,1.0,dc8c25fd9c68d12b3b2d4e51ac0c80a6cc5602373b27bd73a23a7cfca958b718,63,63,1.0,63.0,0.4444444477558136,0.3225806355476379,1.0,0.682539701461792,7.0,0.4838709533214569,0.4838709533214569,0.0982486009597778,0.0210599210113286,0.0426398515701293,0.0107563249766826,160.42808532714844,174.03392028808594,173.4377899169922,178.38720703125,161.25941467285156,167.84193420410156,177.3567657470703,177.33058166503906,177.87437438964844,175.91793823242188,168.51048278808594,173.19989013671875,175.64068603515625,176.6387176513672,160.7676239013672,173.12628173828125,175.23658752441406,171.63096618652344,174.5820770263672,173.93714904785156,164.63954162597656,164.02806091308594,149.74366760253906,44.953956604003906,140.69590759277344,105.72093963623048,13.868653297424316,7.038877010345459,10.696610450744627,5.7251996994018555,19.134042739868164,15.004169464111328,2.8474628925323486,3.997623443603515,5.896180629730225,6.713258743286133,2.29996919631958,2.3301186561584473,0.3819951117038727,1.1286293268203735,0.6563164591789246,0.5236385464668274,0.4108224809169769,0.3213614523410797,0.4557810127735138,0.4215728342533111,0.2815573513507843,0.1843614429235458,0.2143178731203079,0.2190921008586883,0.4411152303218841,0.3095634877681732,0.215325191617012,0.2982428669929504,0.4450991153717041,0.4048335254192352,0.247226282954216,0.2111667990684509,0.2317983657121658,0.235528364777565,0.5309785008430481,0.4569197595119476,0.4451310336589813,0.4929626286029815,0.6159575581550598,0.5815935730934143,0.4692475795745849,0.4532235562801361,0.4717843532562256,0.4760459363460541,0.2164362668991089,0.21614570915699,0.19704270362854,0.0658264905214309,0.0348912216722965,0.0214039012789726,0.054078958928585,0.0444900356233119,0.035498272627592,0.0373338796198368,0.0,0.0,0.0,0.4285714328289032,0.5,0.1666666716337204,0.2857142984867096,1.0,1.0,1.0
/Users/josephkamil/Desktop/Capstone/Oly_Data/segmented/clean/clean_from_cj_0183.mp4,clean,clean_from_cj_0183.mp4,0.09,snatch,,yes,,olympic,snatch_sha_702cd81b6591b2ec,test,702cd81b6591b2ecc9c63e4519c8d9a16b8db3ddf0e4a03d43cf7a5181884752,1.0,702cd81b6591b2ecc9c63e4519c8d9a16b8db3ddf0e4a03d43cf7a5181884752,63,61,0.9682539682539684,61.0,0.0,1.0,0.0,0.0,0.0,0.9833333492279052,0.2833333313465118,0.0129952430725097,0.0016428510425612,0.0029528141021728,0.0007661044364795,176.4881591796875,178.04071044921875,175.63348388671875,177.8191375732422,177.44268798828125,178.0811004638672,177.51124572753906,177.4019317626953,173.528564453125,172.52549743652344,168.8538360595703,168.67694091796875,166.76092529296875,170.70294189453125,171.473388671875,170.2556610107422,169.85604858398438,170.9477081298828,171.65126037597656,171.30654907226562,133.84706115722656,135.13284301757812,124.7060775756836,125.51541137695312,136.53741455078125,141.99913024902344,138.35606384277344,137.3831329345703,147.20230102539062,149.0721435546875,4.74609899520874,4.404812335968018,3.824044942855835,4.8394293785095215,5.501772403717041,6.123544216156006,5.5992608070373535,3.9294004440307617,3.444134473800659,3.4111766815185547,0.5527186989784241,0.56010502576828,0.5566619038581848,0.5493261218070984,0.5492753982543945,0.5578902959823608,0.5550330281257629,0.554290771484375,0.5617337226867676,0.5660862922668457,0.4369426965713501,0.4393421411514282,0.4426771104335785,0.4411413967609405,0.4412363767623901,0.4457274377346039,0.4426470696926117,0.439527153968811,0.4444863796234131,0.4474271237850189,0.583832323551178,0.5889011025428772,0.5929915308952332,0.5895934700965881,0.584862470626831,0.5881128907203674,0.5915945768356323,0.5933511257171631,0.5952264070510864,0.5988919138908386,0.1176089569926261,0.1213815808296203,0.1148969829082489,0.109799824655056,0.1097272634506225,0.1134554967284202,0.1138002797961235,0.1162319704890251,0.1185633465647697,0.1200786009430885,0.0,0.0,0.0,0.0,0.0,0.0,0.0,0.0,0.0,0.0
/Users/josephkamil/Desktop/Capstone/Oly_Data/segmented/clean/clean_from_cj_0165.mp4,clean,clean_from_cj_0165.mp4,0.15,clean,,yes,,olympic,clean_sha_fa1e3258e924ee9e,train,fa1e3258e924ee9e2a25f3a97859f4f805cdabf85d5aa40dedf62608207cf1b6,1.0,fa1e3258e924ee9e2a25f3a97859f4f805cdabf85d5aa40dedf62608207cf1b6,104,104,1.0,104.0,0.4326923191547394,0.1553398072719574,0.970873773097992,0.817307710647583,10.0,0.3009708821773529,0.3009708821773529,0.0968515872955322,0.0123297683894634,0.1308981776237487,0.0088038379326462,172.2439727783203,132.40904235839844,56.6976318359375,56.66046142578125,68.4248275756836,150.11717224121094,153.13442993164062,178.12771606445312,177.5104522705078,154.83909606933594,161.42266845703125,131.64688110351562,64.65870666503906,57.578819274902344,66.91107940673828,139.82383728027344,152.68753051757812,169.7816619873047,173.3697967529297,152.01487731933594,175.71102905273438,69.23966217041016,16.482250213623047,17.32373809814453,14.08790683746338,22.094406127929688,13.832743644714355,33.12180709838867,22.529951095581055,41.88996124267578,0.6924741864204407,0.655061662197113,0.7077084183692932,1.423487663269043,0.4687747061252594,0.7364696264266968,1.6621739864349363,1.510710597038269,3.254875659942627,2.509514808654785,0.5682492256164551,0.4072137773036957,0.5143018960952759,0.5253552794456482,0.5326184630393982,0.4439545273780823,0.3546212315559387,0.2672004997730255,0.2913130223751068,0.3714174032211303,0.3006390631198883,0.3398657441139221,0.518118679523468,0.5256667137145996,0.5312331318855286,0.4244868159294128,0.3487288951873779,0.2822248339653015,0.2975313067436218,0.3424131274223327,0.5080236196517944,0.5911197662353516,0.7282407879829407,0.7166416049003601,0.7209683060646057,0.6032487154006958,0.5707696676254272,0.5232739448547363,0.5303851366043091,0.5736108422279358,0.2676283717155456,0.0792125612497329,0.0122176073491573,0.0126116275787353,0.0064484952017664,0.0212965756654739,0.009763017296791,0.0170681755989789,0.0068794540129601,0.0417706109583377,0.0,0.4000000059604645,0.6363636255264282,0.5,0.2727272808551788,0.0,0.0,0.9090909361839294,1.0,0.5454545617103577
/Users/josephkamil/Desktop/Capstone/Oly_Data/segmented/clean/clean_from_cj_0119.mp4,clean,clean_from_cj_0119.mp4,0.18,clean,,yes,,olympic,clean_sha_256cffb8bec04356,train,256cffb8bec04356b0bf7bd630ac465e446086ee9a1c174a74f7fa02f213d8d0,1.0,256cffb8bec04356b0bf7bd630ac465e446086ee9a1c174a74f7fa02f213d8d0,125,125,1.0,125.0,0.3680000007152557,0.4758064448833465,1.0,0.527999997138977,11.0,0.5483871102333069,0.5483871102333069,0.1277488470077514,0.0095909433439373,0.0710423588752746,0.009067022241652,71.24726104736328,63.38582229614258,137.64698791503906,164.1412811279297,131.65762329101562,57.13728332519531,155.1995086669922,160.4427947998047,168.17776489257812,171.01271057128906,67.75041961669922,61.96825408935547,128.7009735107422,155.80731201171875,134.80966186523438,64.89404296875,149.56512451171875,156.53207397460938,161.70521545410156,163.8015899658203,142.14718627929688,136.98886108398438,169.7613525390625,167.7521209716797,90.60924530029295,36.23274993896485,29.50990867614746,36.89522933959961,41.017032623291016,33.26949691772461,3.8405802249908447,4.54143762588501,1.3429545164108276,0.9155537486076356,1.2700363397598269,0.7607638239860535,1.1018502712249756,0.7385098338127136,0.9104084372520448,1.0932776927947998,0.6981893181800842,0.6991413831710815,0.6601678133010864,0.5391916632652283,0.4455982744693756,0.595650315284729,0.43907031416893,0.2890476882457733,0.2345800995826721,0.2260705530643463,0.5098088383674622,0.5040302276611328,0.4024483263492584,0.2802724242210388,0.3404430449008941,0.5985186696052551,0.4352751076221466,0.2963290810585022,0.2545090913772583,0.2432604134082794,0.6237732768058777,0.6288346648216248,0.5336876511573792,0.4654887616634369,0.6070044636726379,0.8298646211624146,0.6455867886543274,0.5503696203231812,0.5242630839347839,0.5131171345710754,0.1885361224412918,0.1952793449163437,0.2577440440654754,0.2592251598834991,0.1078116223216056,0.0075824339874088,0.0073110763914883,0.0159907434135675,0.0223644971847534,0.0177938751876354,0.0,0.0,0.0,0.0,0.25,0.692307710647583,0.25,0.5384615659713745,0.9166666865348816,1.0
/Users/josephkamil/Desktop/Capstone/Oly_Data/segmented/split_jerk/split_jerk_from_cj_0107.mp4,split_jerk,split_jerk_from_cj_0107.mp4,0.21,split_jerk,,yes,,olympic,split_jerk_sha_7606ae27e1913541,train,7606ae27e19135415963496c1804628eaae84376631005c88e1a49504f91f420,2.0,7606ae27e19135415963496c1804628eaae84376631005c88e1a49504f91f420,125,120,0.96,120.0,0.7833333611488342,0.0,1.0,1.0,8.0,0.756302535533905,0.7394958138465881,0.1787773966789245,0.015200519002974,0.0583954453468322,0.0049881120212376,169.8587188720703,171.3083953857422,175.9603271484375,178.91595458984375,178.66558837890625,178.4268035888672,176.69683837890625,157.4932861328125,169.4134521484375,164.1925506591797,171.29437255859375,170.5563201904297,170.2731170654297,170.49090576171875,171.76307678222656,173.53697204589844,174.66656494140625,168.2837371826172,169.895751953125,176.9940643310547,55.66218566894531,79.2209243774414,134.03355407714844,108.41114044189452,123.61173248291016,35.93766784667969,41.06771087646485,150.82154846191406,172.49842834472656,176.92262268066406,2.358053684234619,3.7252891063690186,3.356632947921753,2.8971107006073,1.877734661102295,1.6524367332458496,0.9620428085327148,2.003673553466797,2.585987329483032,0.9915345311164856,0.343151181936264,0.3390794098377228,0.354479432106018,0.3688742220401764,0.358620285987854,0.3941907584667206,0.4142646491527557,0.2894404530525207,0.2045982629060745,0.1673658341169357,0.3495813310146332,0.3490276038646698,0.3542475700378418,0.3633780777454376,0.3546825349330902,0.3990726172924042,0.4568841159343719,0.4255293309688568,0.3864555358886719,0.3334230184555053,0.5754364728927612,0.572204053401947,0.577355682849884,0.5894609093666077,0.5859065055847168,0.621168315410614,0.6724419593811035,0.6116240620613098,0.6293960213661194,0.5811097025871277,0.0284079704433679,0.0285034868866205,0.0486037023365497,0.0362495183944702,0.0633525475859642,0.0397622026503086,0.0496054291725158,0.1381548196077346,0.1825316548347473,0.1670787930488586,1.0,1.0,0.4166666567325592,0.25,0.5,0.6666666865348816,1.0,1.0,1.0,1.0
/Users/josephkamil/Desktop/Capstone/Oly_Data/segmented/split_jerk/split_jerk_from_cj_0110.mp4,split_jerk,split_jerk_from_cj_0110.mp4,0.11,split_jerk,,yes,,olympic,split_jerk_sha_3802ce6244b15b7c,train,3802ce6244b15b7c6b3c234300498fdffbf391df2832f63e2feb1a980cdb8747,1.0,3802ce6244b15b7c6b3c234300498fdffbf391df2832f63e2feb1a980cdb8747,125,125,1.0,125.0,1.0,0.0,1.0,1.0,0.0,0.6451612710952759,0.6451612710952759,0.0402813255786895,0.0031336748506873,0.0652967393398284,0.0035415345337241,174.99546813964844,175.25009155273438,175.59474182128906,175.72718811035156,176.0259552001953,175.06539916992188,164.80992126464844,177.1314239501953,177.9097137451172,177.6520233154297,167.38983154296875,167.23512268066406,167.67173767089844,167.89585876464844,167.6015167236328,166.93679809570312,163.13685607910156,172.76356506347656,178.32762145996094,172.7928924560547,35.62289047241211,34.39390563964844,33.840576171875,41.912353515625,33.75886535644531,36.24351501464844,37.38387680053711,141.77041625976562,176.7272186279297,175.88491821289062,0.2827808558940887,0.35995814204216,0.3288004994392395,0.403751015663147,0.5484529137611389,0.5258212685585022,0.5242384672164917,1.4706991910934448,2.5215847492218018,1.9095388650894165,0.2547621130943298,0.2525549530982971,0.2512903213500976,0.2426713109016418,0.246303990483284,0.2457412034273147,0.3003762364387512,0.1917168945074081,0.1998838931322097,0.174968272447586,0.2663890719413757,0.2660670876502991,0.2652434706687927,0.2597514986991882,0.2628072798252105,0.2631102800369262,0.3147790729999542,0.3551015555858612,0.3903621733188629,0.3498634099960327,0.5070760846138,0.5076611042022705,0.5063044428825378,0.5053157806396484,0.5047892928123474,0.5071831941604614,0.5471387505531311,0.5971670746803284,0.61687171459198,0.5643156170845032,0.0119777508080005,0.0140363741666078,0.0144724324345588,0.0178690180182456,0.0181879829615354,0.0191883314400911,0.0151807470247149,0.1634503006935119,0.1905025094747543,0.1749538034200668,1.0,1.0,1.0,1.0,1.0,1.0,1.0,1.0,1.0,1.0
/Users/josephkamil/Desktop/Capstone/Oly_Data/segmented/split_jerk/split_jerk_from_cj_0144.mp4,split_jerk,split_jerk_from_cj_0144.mp4,0.05,split_jerk,,yes,,olympic,split_jerk_sha_242df91dd96739af,train,242df91dd96739afe5b7dd713b83967f1ae062ffe8347bf9d0c70868526cf841,1.0,242df91dd96739afe5b7dd713b83967f1ae062ffe8347bf9d0c70868526cf841,104,102,0.9807692307692308,102.0,0.6470588445663452,0.1386138647794723,1.0,0.8627451062202454,3.0,0.5643564462661743,0.4554455578327179,0.0709851384162902,0.0064220381900668,0.0256478786468505,0.0023480895906686,171.57427978515625,177.84043884277344,177.37484741210938,176.73793029785156,161.69552612304688,147.4807891845703,136.39527893066406,164.72036743164062,174.3992156982422,173.18934631347656,168.78005981445312,176.2570343017578,177.37017822265625,176.18728637695312,162.9974822998047,174.52239990234375,170.67410278320312,170.0980224609375,169.90374755859375,168.94967651367188,105.90330505371094,114.0020751953125,121.22425842285156,131.95333862304688,141.64984130859375,149.5425262451172,170.57997131347656,169.96641540527344,106.0983428955078,43.263973236083984,1.866753935813904,0.3978121280670166,0.4947883188724518,0.5348362922668457,1.1078550815582275,3.080822706222534,7.229647159576416,9.282811164855955,5.020444869995117,4.186439514160156,0.4446285367012024,0.431535542011261,0.4295246601104736,0.4351082742214203,0.4621391296386719,0.410484254360199,0.3682291507720947,0.3346604704856872,0.362254798412323,0.3755842447280884,0.4372197091579437,0.4319123327732086,0.4315143227577209,0.4317398071289062,0.4503336250782013,0.4689465463161468,0.4796341955661773,0.4394877851009369,0.4279236793518066,0.4270328283309936,0.5618199706077576,0.5608646869659424,0.5611360669136047,0.5611770153045654,0.5742943286895752,0.5942158699035645,0.6071857213973999,0.5658726096153259,0.5553423166275024,0.5532116293907166,0.0598442479968071,0.0708537250757217,0.0738980993628501,0.0696917921304702,0.065523512661457,0.0799781829118728,0.1127458959817886,0.1054793819785118,0.0663015320897102,0.0521580800414085,0.0,0.6000000238418579,1.0,0.1000000014901161,0.0,0.800000011920929,1.0,1.0,1.0,1.0
/Users/josephkamil/Desktop/Capstone/Oly_Data/segmented/split_jerk/split_jerk_from_cj_0057.mp4,split_jerk,split_jerk_from_cj_0057.mp4,0.06,split_jerk,,yes,,olympic,split_jerk_sha_d8d3f92db94826db,train,d8d3f92db94826db7ab97eaa7651c3e5e72eb7eec4dcb710fc00dc5bb593a072,1.0,d8d3f92db94826db7ab97eaa7651c3e5e72eb7eec4dcb710fc00dc5bb593a072,80,80,1.0,80.0,0.612500011920929,0.0506329126656055,1.0,0.949999988079071,5.0,0.607594907283783,0.3291139304637909,0.0455073714256286,0.0055097783915698,0.0192453265190124,0.0028110092971473,174.24203491210938,176.67466735839844,175.8321533203125,178.37603759765625,175.80410766601562,173.85919189453125,172.00624084472656,173.70559692382812,173.17601013183594,173.73715209960938,174.77288818359375,173.3499298095703,172.36917114257812,172.21804809570312,175.9697265625,175.06396484375,176.23883056640625,178.88623046875,178.40316772460938,178.23219299316406,12.078531265258787,12.025835990905762,9.159972190856934,5.020064830780029,9.07211685180664,5.924952507019043,134.35736083984375,168.58404541015625,159.42474365234375,145.8929443359375,1.183748722076416,0.757888913154602,0.4500804543495178,0.9501262307167052,4.409310340881348,2.1287224292755127,2.4835331439971924,1.83639395236969,0.6729577779769897,1.0864803791046145,0.3352999687194824,0.3429498672485351,0.3464432656764984,0.3566223382949829,0.408422976732254,0.3260140120983124,0.2293446660041809,0.2189273536205291,0.2117622196674347,0.2248117625713348,0.3328859806060791,0.3347785472869873,0.335068941116333,0.3495039343833923,0.4151281118392944,0.3501477837562561,0.3457528054714203,0.3468689322471618,0.3232347071170807,0.3191033601760864,0.5137951374053955,0.5122460126876831,0.5103560090065002,0.5229387879371643,0.5633851885795593,0.524999737739563,0.5193281769752502,0.5244444608688354,0.5074054598808289,0.4991543292999267,0.0042769783176481,0.0082181617617607,0.0114808231592178,0.0101854065433144,0.0100174266844987,0.0256544910371303,0.1165345758199691,0.1279829144477844,0.1126408129930496,0.0957503169775009,0.125,0.0,0.0,0.125,0.875,1.0,1.0,1.0,1.0,1.0
/Users/josephkamil/Desktop/Capstone/Oly_Data/segmented/split_jerk/split_jerk_from_cj_0096.mp4,split_jerk,split_jerk_from_cj_0096.mp4,0.04,split_jerk,,yes,,olympic,split_jerk_sha_3c4f91e6b02d7253,train,3c4f91e6b02d72535c2e7c05e1c3fee68e8d9eec0e785f5ae20b02ee9427e151,1.0,3c4f91e6b02d72535c2e7c05e1c3fee68e8d9eec0e785f5ae20b02ee9427e151,75,75,1.0,75.0,0.6399999856948853,0.0405405387282371,1.0,0.959999978542328,11.0,0.0270270276814699,0.0270270276814699,0.1187140047550201,0.0183679088950157,0.0292887687683105,0.0057549839839339,112.39717864990234,140.1741180419922,167.76004028320312,165.12631225585938,177.88912963867188,141.01919555664062,124.73567962646484,161.44744873046875,142.6359100341797,173.16329956054688,125.76583099365234,146.35830688476562,173.0016632080078,173.19784545898438,177.25634765625,157.0399169921875,152.67820739746094,177.26556396484375,171.94175720214844,176.029296875,42.90509033203125,68.0846176147461,51.90365219116211,32.418479919433594,33.707157135009766,60.35348892211914,104.6551284790039,89.62026977539062,169.47206115722656,174.55271911621094,11.140953063964844,10.05620002746582,2.513193130493164,1.3296787738800049,1.0103702545166016,1.3214280605316162,0.9165862202644348,4.381072998046875,3.4660773277282715,1.7932746410369873,0.4816491305828094,0.41424161195755,0.3417593836784363,0.3228538334369659,0.3030366897583008,0.3562811315059662,0.4083541333675384,0.2786627411842346,0.2012386620044708,0.1640648245811462,0.4738251864910126,0.3918434679508209,0.3332653641700744,0.3367708921432495,0.3363530337810516,0.3691425323486328,0.3820691704750061,0.3000551164150238,0.3438863158226013,0.3096985816955566,0.6071872115135193,0.5418394207954407,0.4972756206989288,0.5019463300704956,0.5001878142356873,0.5275412201881409,0.5397911667823792,0.473945140838623,0.5203337073326111,0.4902490377426147,0.0440116226673126,0.0578986816108226,0.0543528012931346,0.0393002182245254,0.0429717376828193,0.0502452403306961,0.0526663996279239,0.068435788154602,0.1432364135980606,0.1457111984491348,0.1428571492433548,0.0,0.7142857313156128,0.875,1.0,0.75,0.4285714328289032,0.5,1.0,1.0
/Users/josephkamil/Desktop/Capstone/Oly_Data/segmented/split_jerk/split_jerk_from_cj_0031.mp4,split_jerk,split_jerk_from_cj_0031.mp4,0.14,split_jerk,,yes,,olympic,split_jerk_sha_52ed85ba79fb4f9c,train,52ed85ba79fb4f9c56aababf13d823b5493079c7866d8c306a1fea6e2a2d8074,1.0,52ed85ba79fb4f9c56aababf13d823b5493079c7866d8c306a1fea6e2a2d8074,125,125,1.0,125.0,1.0,0.0,1.0,1.0,0.0,0.427419364452362,0.5564516186714172,0.0299722105264663,0.0036587745416909,0.055540382862091,0.0036739129573106,172.15142822265625,172.83349609375,173.417724609375,169.0943145751953,149.2687225341797,163.21022033691406,166.63450622558594,171.27310180664062,172.46995544433594,174.2930450439453,165.54473876953125,165.24417114257812,166.0578155517578,163.24476623535156,153.0203399658203,144.11849975585938,148.7745819091797,158.55368041992188,171.35887145996094,169.74105834960938,32.06575393676758,30.801029205322266,32.18485641479492,31.79520797729492,37.07198715209961,127.09152221679688,173.04359436035156,171.6223907470703,173.26593017578125,173.21128845214844,0.3629854023456573,0.4768197238445282,0.465913325548172,0.7221907377243042,0.821845293045044,1.760646939277649,2.0161755084991455,2.9683070182800293,1.2236701250076294,1.7188225984573364,0.2653349936008453,0.2651694416999817,0.2634248435497284,0.2694385647773742,0.331768125295639,0.217120349407196,0.2065112739801406,0.1441529244184494,0.1334816813468933,0.1303200423717498,0.2835153043270111,0.2837767302989959,0.2838784754276275,0.2886835634708404,0.3507827520370483,0.3663520812988281,0.3894828259944916,0.3273159861564636,0.3191147744655609,0.3202386200428009,0.5202484726905823,0.5222027897834778,0.5238327383995056,0.526723325252533,0.5779904723167419,0.5983609557151794,0.5986602902412415,0.5470243692398071,0.546075165271759,0.5541314482688904,0.0182431880384683,0.0186959933489561,0.0204613041132688,0.0192790254950523,0.0190566834062337,0.1493605077266693,0.183037519454956,0.1832261681556701,0.1856852620840072,0.189936563372612,1.0,1.0,1.0,1.0,1.0,1.0,1.0,1.0,1.0,1.0
/Users/josephkamil/Desktop/Capstone/Oly_Data/segmented/split_jerk/split_jerk_from_cj_0103.mp4,split_jerk,split_jerk_from_cj_0103.mp4,0.12,snatch,,yes,,olympic,snatch_sha_84be885fb3cc6cd8,test,84be885fb3cc6cd8107eb051c50547691f0f96a02199f2a00a4c325825664c7d,1.0,84be885fb3cc6cd8107eb051c50547691f0f96a02199f2a00a4c325825664c7d,72,65,0.9027777777777778,65.0,0.446153849363327,0.5,0.9375,0.446153849363327,2.0,0.109375,0.03125,0.5016173720359802,0.0210150331258773,0.1415621638298034,0.0136306481435894,54.4010009765625,53.12459945678711,95.05290985107422,145.03030395507812,162.15786743164062,109.46875,104.18902587890624,121.07671356201172,150.2522735595703,168.96009826660156,43.03389358520508,57.28721237182617,86.34102630615234,132.55734252929688,164.21746826171875,122.3478546142578,109.90230560302734,119.17705535888672,139.7738800048828,165.8675079345703,175.4038848876953,173.44676208496094,174.842529296875,174.94532775878906,149.33216857910156,168.5169219970703,159.7477569580078,155.02099609375,156.86940002441406,161.95494079589844,11.221625328063965,11.223912239074709,13.467108726501465,11.39653205871582,8.15457820892334,6.140055179595947,15.816411018371582,11.341097831726074,8.180211067199707,103.41351318359376,0.8728951811790466,0.8650926947593689,0.8107993006706238,0.6985446214675903,0.5564283728599548,0.5033425092697144,0.5120884776115417,0.4586221277713775,0.3721556663513183,0.6465482711791992,0.6933176517486572,0.6897599101066589,0.6494739651679993,0.5518595576286316,0.4792345762252807,0.5870756506919861,0.6103641390800476,0.5765104293823242,0.5022197961807251,0.586247980594635,0.8254623413085938,0.8197015523910522,0.757544994354248,0.6831546425819397,0.6437327861785889,0.7576693892478943,0.7761359810829163,0.7444958686828613,0.6893210411071777,0.5670453310012817,0.179851159453392,0.1754341423511505,0.1613557189702987,0.1482569277286529,0.0984045341610908,0.1187009289860725,0.1209706887602806,0.1191175803542137,0.1316914856433868,0.1613788157701492,0.0,0.0,0.0,0.0,0.0,1.0,1.0,1.0,1.0,0.4285714328289032
/Users/josephkamil/Desktop/Capstone/Oly_Data/segmented/split_jerk/split_jerk_from_cj_0053.mp4,split_jerk,split_jerk_from_cj_0053.mp4,0.07,split_jerk,,yes,,olympic,split_jerk_sha_4aace02838885ba7,train,4aace02838885ba740e0570113a430442b984f245f1d9938a52846af83d33349,2.0,4aace02838885ba740e0570113a430442b984f245f1d9938a52846af83d33349,124,124,1.0,124.0,0.9596773982048036,0.0081300809979438,1.0,0.9919354915618896,3.0,0.4065040647983551,0.4065040647983551,0.0404884219169616,0.0028254694771021,0.0228451490402221,0.0020685589406639,176.64308166503906,177.0137176513672,174.51242065429688,163.5552520751953,150.29312133789062,153.5364532470703,155.1028594970703,171.53213500976562,178.3626251220703,178.69232177734375,175.7843780517578,175.64801025390625,172.375244140625,163.811767578125,158.84994506835938,175.6014404296875,176.98350524902344,170.7029571533203,173.4652557373047,173.56918334960938,104.113037109375,116.62710571289062,116.16244506835938,102.3140869140625,61.31072235107422,163.01136779785156,168.37327575683594,160.6712188720703,164.8994903564453,170.31167602539062,1.4333330392837524,1.7395025491714478,0.9020818471908568,1.523172378540039,1.160159707069397,1.8926997184753416,4.239088535308838,1.9033979177474976,1.6999951601028442,3.384207010269165,0.4241407215595245,0.4188944101333618,0.416321337223053,0.4233952462673187,0.4483639597892761,0.3771626055240631,0.3454704582691192,0.308112621307373,0.3119926154613495,0.3104973137378692,0.4324616193771362,0.4325233697891235,0.4301164448261261,0.4362493455410003,0.4514268636703491,0.4750419557094574,0.4510131180286407,0.4151943624019623,0.4152281284332275,0.4153291285037994,0.5588672757148743,0.5605313181877136,0.5567378401756287,0.5648887753486633,0.5802374482154846,0.6089195609092712,0.5859469771385193,0.5543264150619507,0.5521922707557678,0.554534375667572,0.0347756147384643,0.0359531752765178,0.0355146080255508,0.0323105417191982,0.0287187211215496,0.0989062190055847,0.1062530875205993,0.1076077297329902,0.1041445657610893,0.1054078340530395,0.9166666865348816,1.0,1.0,1.0,0.692307710647583,1.0,1.0,1.0,1.0,1.0
/Users/josephkamil/Desktop/Capstone/Oly_Data/segmented/split_jerk/split_jerk_from_cj_0102.mp4,split_jerk,split_jerk_from_cj_0102.mp4,0.04,split_jerk,,yes,,olympic,split_jerk_sha_3121625924316671,test,31216259243166715740d48e88f922a55b1201cc4e26c24aaa85664705fcd698,2.0,31216259243166715740d48e88f922a55b1201cc4e26c24aaa85664705fcd698,83,83,1.0,83.0,0.6746987700462341,0.0,1.0,1.0,4.0,0.5121951103210449,0.5121951103210449,0.0816150605678558,0.0090522617101669,0.0329092144966125,0.0029609487392008,176.96585083007812,178.73545837402344,177.55374145507812,178.8396453857422,151.51611328125,124.52288818359376,167.12103271484375,171.21273803710938,178.6021728515625,175.8115234375,176.33749389648438,174.79275512695312,176.64556884765625,176.4955596923828,166.23782348632812,155.16978454589844,174.70603942871094,176.14794921875,175.20840454101562,178.60838317871094,26.490882873535156,13.439149856567385,19.130809783935547,16.58547592163086,57.09741973876953,157.83444213867188,67.3582992553711,165.8955078125,168.96224975585938,169.8518829345703,2.2440402507781982,4.697395324707031,3.549987316131592,3.9552433490753174,2.3804657459259033,1.452749729156494,3.3677937984466553,1.4549133777618408,0.3128426671028137,2.2978193759918213,0.3369641900062561,0.3572062849998474,0.3202356398105621,0.3250097930431366,0.3540593981742859,0.4771148562431335,0.2634292244911194,0.1780434399843216,0.15617036819458,0.1524828523397445,0.3325154185295105,0.3337811529636383,0.335360050201416,0.3336194157600403,0.3613941669464111,0.3966815769672394,0.3025419414043426,0.3082461059093475,0.3062145709991455,0.3039384186267853,0.5022537112236023,0.5006930828094482,0.5005947947502136,0.4965673089027405,0.5235626697540283,0.5530086755752563,0.4803678095340729,0.4926657676696777,0.490332156419754,0.4895996451377868,0.0334282368421554,0.0355798453092575,0.0315934121608734,0.0233773235231637,0.0485034249722957,0.0859180092811584,0.0671107620000839,0.1305594593286514,0.1500496864318847,0.1514826118946075,0.5,0.0,0.875,1.0,0.75,0.0,0.5555555820465088,1.0,1.0,1.0
/Users/josephkamil/Desktop/Capstone/Oly_Data/segmented/split_jerk/split_jerk_from_cj_0145.mp4,split_jerk,split_jerk_from_cj_0145.mp4,0.17,split_jerk,,yes,,olympic,split_jerk_sha_55873f9c1d3dbbd0,train,55873f9c1d3dbbd040aad4c0d46fd78e386fd2edb8987ac21018698df9c8b058,1.0,55873f9c1d3dbbd040aad4c0d46fd78e386fd2edb8987ac21018698df9c8b058,125,125,1.0,125.0,1.0,0.0,1.0,1.0,0.0,0.7096773982048035,0.8709677457809448,0.0525338649749755,0.0046285954304039,0.0631659030914306,0.0044969706796109,175.5769805908203,175.7176055908203,175.9573211669922,175.02622985839844,175.73118591308594,177.3778533935547,172.46636962890625,158.6036834716797,157.9777069091797,172.19960021972656,175.9292449951172,177.8618927001953,177.23280334472656,177.52398681640625,177.30369567871094,175.92022705078125,170.60205078125,163.67506408691406,152.6147003173828,166.99127197265625,51.52268600463867,46.07631301879883,44.49039077758789,43.13066101074219,46.29692077636719,44.55450820922851,52.91315078735352,50.71107482910156,161.49822998046875,170.38717651367188,1.8780817985534668,2.9104573726654053,2.0786023139953613,2.4165167808532715,2.32394027709961,2.23899507522583,0.8553917407989502,0.709441602230072,3.7164299488067623,5.533463001251221,0.3020587265491485,0.3112097084522247,0.3286732733249664,0.3310265243053436,0.3134684860706329,0.2999282777309418,0.326619803905487,0.3312696814537048,0.225050464272499,0.1572822630405426,0.3288186490535736,0.3390233814716339,0.3567990362644195,0.3605032563209533,0.3416788280010223,0.329183429479599,0.3536187410354614,0.3728256821632385,0.4408352673053741,0.391355812549591,0.5694272518157959,0.5796308517456055,0.6018998622894287,0.6036891341209412,0.5865829586982727,0.575792670249939,0.6004599332809448,0.6147903203964233,0.69321608543396,0.6692702770233154,0.0328379720449447,0.0323275327682495,0.0331049673259258,0.0333630293607711,0.0329412929713726,0.0326959639787673,0.0309849511831998,0.046379379928112,0.2158790081739425,0.2342302054166793,1.0,1.0,1.0,1.0,1.0,1.0,1.0,1.0,1.0,1.0
/Users/josephkamil/Desktop/Capstone/Oly_Data/segmented/split_jerk/split_jerk_from_cj_0086.mp4,split_jerk,split_jerk_from_cj_0086.mp4,0.12,split_jerk,,yes,,olympic,split_jerk_sha_756a8df909827a34,train,756a8df909827a342a11938272d4b61e87314b82efea3b3f0567ccb4dc0f65c3,1.0,756a8df909827a342a11938272d4b61e87314b82efea3b3f0567ccb4dc0f65c3,125,125,1.0,125.0,1.0,0.0,1.0,1.0,0.0,0.6209677457809448,0.6935483813285828,0.0398114696145057,0.0052969483658671,0.0495218634605407,0.004801366943866,177.5229949951172,178.19839477539062,177.9826202392578,177.62860107421875,167.0188751220703,169.25323486328125,152.51658630371094,156.56231689453125,164.56846618652344,175.9722442626953,167.49603271484375,167.98544311523438,168.62734985351562,168.70797729492188,175.8032684326172,173.90054321289062,153.11695861816406,163.94801330566406,174.31410217285156,172.97726440429688,92.09033203125,105.1288604736328,115.93927764892578,106.8798828125,66.37638092041016,79.07943725585938,176.1058807373047,177.48855590820312,176.9351348876953,178.46337890625,0.6672913432121277,0.3213483691215515,0.2833796441555023,0.3456552624702453,0.577254593372345,0.459046721458435,5.092043876647949,7.723401546478272,1.2088462114334106,0.7676969170570374,0.3234091401100158,0.3155249953269958,0.3127873837947845,0.3032053112983703,0.3378368318080902,0.2820579409599304,0.2186337560415268,0.1741978228092193,0.1178195774555206,0.1735334396362304,0.334721952676773,0.3271380066871643,0.325471431016922,0.3168270289897918,0.3469219207763672,0.3246397674083709,0.3962017297744751,0.3586013913154602,0.3055851757526397,0.3548925220966339,0.5291150212287903,0.5229867696762085,0.522413432598114,0.5133232474327087,0.5385850071907043,0.518450140953064,0.5961511731147766,0.5678623914718628,0.5237459540367126,0.5747062563896179,0.0159919410943985,0.0156490113586187,0.0162378307431936,0.0166905634105205,0.0145524591207504,0.0501229688525199,0.1777276247739792,0.1844910085201263,0.1880285143852234,0.1814315617084503,1.0,1.0,1.0,1.0,1.0,1.0,1.0,1.0,1.0,1.0
/Users/josephkamil/Desktop/Capstone/Oly_Data/segmented/split_jerk/split_jerk_from_cj_0017.mp4,split_jerk,split_jerk_from_cj_0017.mp4,0.04,split_jerk,,yes,,olympic,split_jerk_sha_fdf49ddfe3fa00b9,train,fdf49ddfe3fa00b993b440c9693f06a89b2b9e772424423cad52519bfa2db691,2.0,fdf49ddfe3fa00b993b440c9693f06a89b2b9e772424423cad52519bfa2db691,75,75,1.0,75.0,0.8399999737739563,0.0,1.0,1.0,14.0,0.0135135138407349,0.0135135138407349,0.0932015478610992,0.0133633827790617,0.0326529443264007,0.0047471774742007,122.031494140625,153.90419006347656,175.96595764160156,172.45155334472656,174.78402709960938,176.3200225830078,150.1824951171875,126.15728759765624,171.07748413085938,144.57232666015625,132.16485595703125,159.40025329589844,177.53955078125,179.06817626953125,178.05520629882812,177.10598754882812,163.57850646972656,150.931640625,175.4457244873047,167.54855346679688,77.11421966552734,48.758323669433594,23.443939208984375,23.635425567626953,25.347108840942383,29.006149291992188,46.290184020996094,52.79819869995117,46.09142303466797,154.1715087890625,10.893561363220217,2.9048166275024414,2.6176421642303467,2.3759074211120605,3.0498344898223877,4.279082298278809,1.984539031982422,2.354652166366577,1.8398786783218384,0.7055956721305847,0.4546001553535461,0.3532013297080993,0.31890669465065,0.3157317042350769,0.3073335289955139,0.3089199066162109,0.3408935964107513,0.3663052320480346,0.2827341854572296,0.2022565752267837,0.4321933686733246,0.3486641049385071,0.3285857737064361,0.3306803405284881,0.3289702832698822,0.3288125693798065,0.3588896095752716,0.39618581533432,0.2986275553703308,0.3309086561203003,0.5742055773735046,0.5178259015083313,0.5012491345405579,0.498295247554779,0.4957993328571319,0.4939955472946167,0.5216115117073059,0.5520180463790894,0.4699578285217285,0.5142775774002075,0.0552993938326835,0.0418859273195266,0.0344279371201992,0.0329832956194877,0.0330147072672843,0.0381526909768581,0.04185526445508,0.0520679205656051,0.0484272167086601,0.1298463344573974,0.5714285969734192,0.625,0.8571428656578064,1.0,1.0,1.0,0.7142857313156128,0.875,0.7142857313156128,1.0
/Users/josephkamil/Desktop/Capstone/Oly_Data/segmented/split_jerk/split_jerk_from_cj_0068.mp4,split_jerk,split_jerk_from_cj_0068.mp4,0.12,split_jerk,,yes,,olympic,split_jerk_sha_648cf9e756b545f7,train,648cf9e756b545f76014a7f12cf8b403309ae22a2d83d3ea19d86ddcf2ccf21a,1.0,648cf9e756b545f76014a7f12cf8b403309ae22a2d83d3ea19d86ddcf2ccf21a,104,104,1.0,104.0,0.942307710647583,0.0,1.0,1.0,4.0,0.4660194218158722,0.4660194218158722,0.0664223134517669,0.0042034811340272,0.0374867916107177,0.0034466662909835,173.75059509277344,174.81658935546875,174.60443115234375,173.497802734375,158.47059631347656,168.86148071289062,173.03665161132812,175.60321044921875,173.64981079101562,174.6911163330078,165.67813110351562,165.35311889648438,165.32138061523438,164.8824005126953,158.67572021484375,164.0531768798828,167.5120391845703,169.01414489746094,166.05374145507812,169.3195343017578,31.142847061157227,29.792083740234375,30.362367630004883,35.12153625488281,42.24079513549805,72.88682556152344,169.38522338867188,176.09107971191406,177.43997192382812,178.19107055664062,0.2347298860549926,0.26630300283432,0.2428373843431472,0.2801143229007721,0.8564640283584595,1.1904401779174805,0.3461516499519348,0.2806620895862579,0.7880568504333496,0.5646418929100037,0.2318499386310577,0.2356805801391601,0.2343769073486328,0.2368777990341186,0.3068327307701111,0.2210740149021148,0.1806090027093887,0.1564060747623443,0.1434073746204376,0.1635340750217437,0.2456775456666946,0.2488657683134079,0.2500372529029846,0.2498362064361572,0.3126421272754669,0.2954915463924408,0.3750432133674621,0.3452531993389129,0.3318794369697571,0.3486018776893616,0.5041522979736328,0.5098819732666016,0.5115565061569214,0.5110069513320923,0.553950846195221,0.5398982763290405,0.582094132900238,0.5449352264404297,0.5406190752983093,0.5571754574775696,0.0148388789966702,0.0146324094384908,0.0178505517542362,0.0151528473943471,0.0113995308056473,0.0752239152789115,0.1944648027420044,0.1888582110404968,0.1885005235671997,0.1850780993700027,1.0,1.0,1.0,1.0,0.6363636255264282,0.800000011920929,1.0,1.0,1.0,1.0
/Users/josephkamil/Desktop/Capstone/Oly_Data/segmented/split_jerk/split_jerk_from_cj_0032.mp4,split_jerk,split_jerk_from_cj_0032.mp4,0.13,split_jerk,,yes,,olympic,split_jerk_sha_2594a6ff1e77fbdf,train,2594a6ff1e77fbdfa50291bbf9d0c940b364a18dfa4908e1424b4cf1a9064d75,1.0,2594a6ff1e77fbdfa50291bbf9d0c940b364a18dfa4908e1424b4cf1a9064d75,125,125,1.0,125.0,0.9279999732971193,0.0,1.0,1.0,2.0,0.4354838728904724,0.4354838728904724,0.0467472076416015,0.0035703536123037,0.0354198217391967,0.003406140487641,177.35084533691406,179.02670288085938,179.3548126220703,174.56259155273438,156.15647888183594,165.74974060058594,166.2010040283203,176.55987548828125,166.5776824951172,176.65914916992188,174.62510681152344,173.96380615234375,174.49688720703125,172.70664978027344,161.4735870361328,174.99102783203125,174.66729736328125,175.81761169433594,169.9318389892578,171.13233947753906,30.842164993286133,28.456050872802734,27.272138595581055,38.371524810791016,30.526296615600582,134.21859741210938,166.6730499267578,168.2957305908203,167.73394775390625,170.3029022216797,1.3032625913619995,1.1008367538452148,1.308404564857483,1.6328351497650146,1.7276005744934082,0.8733559250831604,1.2950439453125,0.5543934106826782,0.7704152464866638,0.7876900434494019,0.4331606924533844,0.4351762235164642,0.4361597597599029,0.423462450504303,0.4756731986999511,0.338591605424881,0.3122460842132568,0.2609200775623321,0.2367435693740844,0.2225629985332489,0.4433025121688843,0.4432694315910339,0.4430437982082367,0.4370912313461303,0.4754259288311004,0.5109882354736328,0.5179237723350525,0.4620788395404815,0.4369688332080841,0.4313684999942779,0.6698288321495056,0.6697762608528137,0.6682050228118896,0.6655616164207458,0.6999502778053284,0.7508558034896851,0.7722373008728027,0.7024914026260376,0.6821510195732117,0.6841273903846741,0.0125260921195149,0.0089344810694456,0.0083568608388304,0.0156648084521293,0.0119701512157917,0.1724361032247543,0.2056885808706283,0.2011744827032089,0.2002261877059936,0.2088344395160675,1.0,1.0,1.0,1.0,0.25,1.0,1.0,1.0,1.0,1.0
/Users/josephkamil/Desktop/Capstone/Oly_Data/segmented/split_jerk/split_jerk_from_cj_0130.mp4,split_jerk,split_jerk_from_cj_0130.mp4,0.06,split_jerk,,yes,,olympic,split_jerk_sha_2ad88f1dbe694c7c,train,2ad88f1dbe694c7c65279339ed6891ca71f4e15abd28a0db38bcc097df83e7b2,1.0,2ad88f1dbe694c7c65279339ed6891ca71f4e15abd28a0db38bcc097df83e7b2,84,84,1.0,84.0,0.5714285969734192,0.0361445769667625,1.0,0.9642857313156128,9.0,0.759036123752594,0.4457831382751465,0.0398115664720535,0.005699791945517,0.0170933604240417,0.0030174837447702,177.95167541503906,177.77047729492188,175.7706756591797,175.89312744140625,178.2474365234375,175.19668579101562,175.03814697265625,175.2207794189453,175.54946899414062,179.0395050048828,169.98886108398438,171.0828857421875,170.21234130859375,170.13082885742188,168.75494384765625,171.611572265625,174.39593505859375,171.76718139648438,169.08140563964844,173.22686767578125,16.998573303222656,18.87609481811523,10.177532196044922,22.748233795166016,9.861283302307127,3.659366369247437,26.048768997192383,136.03475952148438,176.76199340820312,170.5391082763672,0.8798239827156067,0.809795618057251,0.5316410064697266,0.6057591438293457,0.4160763025283813,1.7748229503631592,3.4387784004211426,0.9120705127716064,0.7358289361000061,0.7789088487625122,0.3409290611743927,0.3396872282028198,0.3419141173362732,0.3331745266914367,0.3530765473842621,0.4078990519046783,0.3386489152908325,0.2433620542287826,0.2231360524892807,0.1975857764482498,0.3349263668060303,0.3441981971263885,0.3401226997375488,0.343542069196701,0.3416840434074402,0.3979838788509369,0.3586093187332153,0.3501448333263397,0.3703362047672272,0.3389486074447632,0.5102463960647583,0.5194175243377686,0.5154107213020325,0.5159956812858582,0.5181254148483276,0.5584605932235718,0.5302007794380188,0.525965690612793,0.5435618162155151,0.5235198140144348,0.0112465824931859,0.0137115940451622,0.0060895746573805,0.0164460241794586,0.0125503288581967,0.0121219167485833,0.0276163350790739,0.1071633324027061,0.1472065597772598,0.1413715183734893,0.125,0.375,0.4444444477558136,0.75,0.0,0.125,0.875,1.0,1.0,1.0
/Users/josephkamil/Desktop/Capstone/Oly_Data/segmented/split_jerk/split_jerk_from_cj_0150.mp4,split_jerk,split_jerk_from_cj_0150.mp4,0.12,split_jerk,,yes,,olympic,split_jerk_sha_eef3f3da912aa3c5,train,eef3f3da912aa3c5f2ed39c9c65251764501017f60d7c654821ceda6e4d01424,2.0,eef3f3da912aa3c5f2ed39c9c65251764501017f60d7c654821ceda6e4d01424,125,51,0.408,51.0,1.0,0.0,1.0,1.0,0.0,1.0,0.5,0.0457293987274169,0.007765925489366,0.0114045143127441,0.0026193261146545,160.17922973632812,151.23599243164062,156.8899688720703,145.87832641601562,142.0776824951172,155.2308349609375,172.5782470703125,139.68638610839844,120.5227279663086,97.49066162109376,175.81716918945312,177.02952575683594,178.1970977783203,173.32630920410156,169.12423706054688,169.1272430419922,174.26052856445312,169.69940185546875,169.1520538330078,174.75048828125,169.12368774414062,170.84432983398438,167.3545684814453,170.33909606933594,150.98883056640625,146.5384063720703,153.39187622070312,152.32412719726562,153.59295654296875,168.0568389892578,0.7568221092224121,0.4106951355934143,0.3887258470058441,0.8354490995407104,1.5139517784118652,2.850987434387207,2.225398302078247,1.8170015811920168,1.4484435319900513,1.8835926055908203,0.3155332207679748,0.3243905007839203,0.3276477754116058,0.3131710290908813,0.3036865592002868,0.2871222198009491,0.2709597945213318,0.2783540189266205,0.2707751095294952,0.2530317902565002,0.4530900418758392,0.4669522643089294,0.4685619473457336,0.4462557733058929,0.4266948103904724,0.4035798013210296,0.391873300075531,0.3791014552116394,0.3740479350090027,0.3673385083675384,0.6144618988037109,0.6345006227493286,0.6364794969558716,0.624529242515564,0.6061685681343079,0.588678240776062,0.5790976285934448,0.5710262060165405,0.5664407014846802,0.562619149684906,0.1388192176818847,0.1426518857479095,0.1410321593284607,0.1334404349327087,0.1235159039497375,0.117303267121315,0.1224297508597374,0.1007797494530677,0.1033603325486183,0.1220267415046691,1.0,1.0,1.0,1.0,1.0,1.0,1.0,1.0,1.0,1.0
/Users/josephkamil/Desktop/Capstone/Oly_Data/segmented/split_jerk/split_jerk_from_cj_0100.mp4,split_jerk,split_jerk_from_cj_0100.mp4,0.15,split_jerk,,yes,,olympic,split_jerk_sha_16d61609756a259a,train,16d61609756a259a39aa08077377dfc2eb957d9f5cba6a804089b8b047d8caef,1.0,16d61609756a259a39aa08077377dfc2eb957d9f5cba6a804089b8b047d8caef,125,125,1.0,125.0,1.0,0.0,1.0,1.0,0.0,0.6612903475761414,0.6612903475761414,0.0538388192653656,0.003146321279928,0.0444369316101074,0.0027262130752205,171.505615234375,171.92449951171875,172.4108428955078,172.64073181152344,173.12437438964844,172.84738159179688,156.3148956298828,171.4246368408203,174.9181365966797,172.349853515625,163.74452209472656,162.45208740234375,162.1247100830078,162.38088989257812,162.77224731445312,162.60568237304688,155.02340698242188,163.55445861816406,165.20790100097656,168.1399688720703,26.937414169311523,25.81995964050293,23.85640525817871,24.242168426513672,24.46135711669922,24.94533920288086,27.83677864074707,108.71660614013672,156.0376434326172,157.15606689453125,0.5695583820343018,0.2656757235527038,0.3579901754856109,0.1898562610149383,0.1655938029289245,0.2055455148220062,0.3286425769329071,0.4988484680652618,0.352090448141098,1.0790730714797974,0.2150121927261352,0.2158112823963165,0.2167281955480575,0.2176877409219741,0.2181935459375381,0.2200339585542678,0.2828014492988586,0.1662283539772033,0.1491422355175018,0.1124869585037231,0.2342190891504287,0.2333104908466339,0.233095183968544,0.2332566827535629,0.2331550568342209,0.2327067106962204,0.2923512160778045,0.3080937266349792,0.3431832790374756,0.3053529560565948,0.4989475011825561,0.494144469499588,0.4933255612850189,0.4928148090839386,0.4933425188064575,0.4926450550556183,0.5428317189216614,0.5540845394134521,0.5641523003578186,0.5395028591156006,0.0196856204420328,0.0183202512562274,0.0177122112363576,0.016644911840558,0.0159873981028795,0.0135785192251205,0.0098668681457638,0.1418889462947845,0.1941187381744384,0.1929555684328079,1.0,1.0,1.0,1.0,1.0,1.0,1.0,1.0,1.0,1.0
/Users/josephkamil/Desktop/Capstone/Oly_Data/segmented/split_jerk/split_jerk_from_cj_0018.mp4,split_jerk,split_jerk_from_cj_0018.mp4,0.1,split_jerk,,yes,,olympic,split_jerk_sha_feed5a96310cc281,train,feed5a96310cc28146a613d5dc60b95b959de088fc1c734af787ebe38532b7cd,2.0,feed5a96310cc28146a613d5dc60b95b959de088fc1c734af787ebe38532b7cd,106,106,1.0,106.0,1.0,0.0,1.0,1.0,0.0,0.761904776096344,0.761904776096344,0.0384339392185211,0.0041822735220193,0.0351238250732421,0.0033297061454504,176.71189880371094,178.96559143066406,177.47579956054688,175.3538360595703,176.6377716064453,162.22293090820312,174.3031005859375,160.25735473632812,173.29273986816406,173.04071044921875,168.05557250976562,167.14627075195312,166.70468139648438,167.12640380859375,168.42201232910156,174.91171264648438,174.13363647460938,163.39846801757812,174.18174743652344,171.73159790039062,133.60769653320312,117.3093032836914,66.96151733398438,50.497291564941406,82.24710083007812,30.501056671142575,124.61489868164062,176.45213317871094,177.99949645996094,178.16835021972656,3.6893699169158936,2.7623167037963867,2.64061975479126,1.460179090499878,2.863215684890747,2.789426565170288,3.238077402114868,2.682772159576416,2.016692638397217,0.8686193227767944,0.3821693062782287,0.4020156562328338,0.4124828279018402,0.4198391735553741,0.4278973639011383,0.4768996238708496,0.3662138879299164,0.3272543847560882,0.2767349481582641,0.2956852614879608,0.3956749737262726,0.411248117685318,0.4227723479270935,0.4266732335090637,0.4343239665031433,0.4790271818637848,0.4319788813591003,0.4681952595710754,0.4195326566696167,0.4282563924789428,0.5542707443237305,0.5719903111457825,0.5824824571609497,0.5854570865631104,0.5922458171844482,0.6315125226974487,0.5909035205841064,0.628970742225647,0.5968542695045471,0.5993598699569702,0.0185134001076221,0.0148049145936965,0.0160483308136463,0.0159181728959083,0.0141840437427163,0.0161308087408542,0.0703228265047073,0.1410658359527588,0.1430607885122299,0.1334673315286636,1.0,1.0,1.0,1.0,1.0,1.0,1.0,1.0,1.0,1.0
/Users/josephkamil/Desktop/Capstone/Oly_Data/segmented/split_jerk/split_jerk_from_cj_0077.mp4,split_jerk,split_jerk_from_cj_0077.mp4,0.15,split_jerk,,yes,,olympic,split_jerk_sha_66d4bd4d75aac374,train,66d4bd4d75aac374be6b96a96eefe541cf9d6b3503de52aff46a6115fe201901,1.0,66d4bd4d75aac374be6b96a96eefe541cf9d6b3503de52aff46a6115fe201901,125,125,1.0,125.0,1.0,0.0,1.0,1.0,0.0,0.6854838728904724,0.6854838728904724,0.0846286416053772,0.0036798845976591,0.0478978157043457,0.0028289149049669,175.83692932128906,175.26222229003906,178.2683563232422,177.97003173828125,172.84336853027344,163.52005004882812,157.4713897705078,169.01434326171875,172.31744384765625,173.25567626953125,166.77464294433594,167.5205841064453,168.71188354492188,168.21119689941406,165.0540008544922,158.7486114501953,152.74520874023438,160.46456909179688,165.43702697753906,167.82516479492188,52.175872802734375,49.41500473022461,50.52439880371094,50.06087875366211,48.74858474731445,58.90652084350586,170.3773956298828,173.56887817382812,174.1477508544922,173.41738891601562,1.541173815727234,1.1695711612701416,0.8244028687477112,0.8287051916122437,1.1357072591781616,2.251878499984741,0.8242988586425781,2.055838108062744,2.8529560565948486,1.5217092037200928,0.216474175453186,0.2200063169002533,0.2230813056230545,0.2244589626789093,0.2267385721206665,0.235210120677948,0.1793107837438583,0.1609160006046295,0.1437741070985794,0.1485169231891632,0.2386891990900039,0.2383331209421157,0.2397502213716507,0.2395069003105163,0.2462095767259597,0.277338445186615,0.3646088540554046,0.3384882509708404,0.3245697319507599,0.3294424414634704,0.50518798828125,0.5035830736160278,0.5022072196006775,0.5039193630218506,0.5091065764427185,0.5342481136322021,0.6053309440612793,0.571704626083374,0.5569548606872559,0.5645347237586975,0.0222203899174928,0.0183500163257122,0.0169319100677967,0.015201698988676,0.0194891635328531,0.0423364453017711,0.1853028982877731,0.177579253911972,0.1808191984891891,0.180948331952095,1.0,1.0,1.0,1.0,1.0,1.0,1.0,1.0,1.0,1.0
/Users/josephkamil/Desktop/Capstone/Oly_Data/segmented/split_jerk/split_jerk_from_cj_0020.mp4,split_jerk,split_jerk_from_cj_0020.mp4,0.05,split_jerk,,yes,,olympic,split_jerk_sha_847e38c7952f8445,train,847e38c7952f84451d25c36622967800d1e1fcc9f1d4f8c704b5069bdaa242d0,1.0,847e38c7952f84451d25c36622967800d1e1fcc9f1d4f8c704b5069bdaa242d0,83,83,1.0,83.0,0.7108433842658997,0.0,1.0,1.0,14.0,0.0243902429938316,0.0243902429938316,0.1196798980236053,0.0139245754107832,0.0329055190086364,0.0047336611896753,123.44185638427734,163.5974884033203,174.79574584960938,170.25025939941406,127.03734588623048,149.15261840820312,144.27281188964844,160.83575439453125,176.01451110839844,170.95289611816406,138.2496337890625,166.2574005126953,178.33877563476562,175.5225372314453,157.57095336914062,167.10940551757812,161.18272399902344,172.0887908935547,176.48577880859375,173.23973083496094,32.4146728515625,24.02243995666504,21.401153564453125,18.27992248535156,115.358642578125,76.3266372680664,133.830078125,155.09288024902344,166.4001007080078,173.1134796142578,4.923831939697266,0.8309112787246704,2.2316486835479736,1.9428250789642336,3.1679506301879883,0.8712169528007507,2.4017155170440674,2.1154208183288574,2.731773614883423,1.0635871887207031,0.3956290483474731,0.3330094814300537,0.3265511095523834,0.3401333093643188,0.4546213746070862,0.3445025086402893,0.2229710668325424,0.1894223541021347,0.163351759314537,0.1567297279834747,0.4111542701721191,0.3363281190395355,0.3260617256164551,0.3325806260108948,0.3869703412055969,0.3281309902667999,0.3405240774154663,0.3216705918312073,0.3073267042636871,0.3052903413772583,0.5682966709136963,0.5076862573623657,0.4938961863517761,0.4974507093429565,0.5496543645858765,0.4997239112854004,0.5203081369400024,0.5066792368888855,0.4940475821495056,0.493423581123352,0.0369653180241584,0.0319801680743694,0.0294528752565383,0.028429239988327,0.0764175951480865,0.051991481333971,0.1233378276228904,0.1339792311191558,0.1441093981266021,0.1491242051124572,1.0,0.625,0.5,0.5555555820465088,0.0,0.375,1.0,1.0,1.0,1.0
/Users/josephkamil/Desktop/Capstone/Oly_Data/segmented/split_jerk/split_jerk_from_cj_0014.mp4,split_jerk,split_jerk_from_cj_0014.mp4,0.13,split_jerk,,yes,,olympic,split_jerk_sha_9d8ea79894c41b53,train,9d8ea79894c41b53ad049e560705c3765be18bf11d958c6103b5e1dffa41843c,1.0,9d8ea79894c41b53ad049e560705c3765be18bf11d958c6103b5e1dffa41843c,95,95,1.0,95.0,0.9894737005233764,0.0,1.0,1.0,2.0,0.5106382966041565,0.6382978558540344,0.0698601305484771,0.0061396448872983,0.0405097007751464,0.0045160786248743,173.05642700195312,174.5396728515625,173.98622131347656,173.66055297851562,161.9240264892578,165.42303466796875,159.33160400390625,162.7862091064453,175.36190795898438,175.75973510742188,165.44329833984375,166.3346405029297,165.75526428222656,165.42581176757812,159.084716796875,161.3831787109375,153.24180603027344,159.63485717773438,166.894775390625,166.30392456054688,46.87260437011719,47.726783752441406,44.59459686279297,43.2317008972168,44.82535171508789,57.4285774230957,160.16946411132812,175.4083709716797,177.34580993652344,177.01895141601562,0.5238637328147888,0.5677059888839722,0.5832629799842834,0.5622276067733765,0.5021672248840332,0.6768044233322144,0.608283281326294,2.2575528621673584,1.172853946685791,0.7195535898208618,0.232249915599823,0.2212797403335571,0.2214766144752502,0.2260969430208206,0.2982748448848724,0.2515766322612762,0.1559852957725525,0.147108256816864,0.0830562263727188,0.108138658106327,0.2491671741008758,0.2458345890045166,0.2470409870147705,0.2477286756038665,0.3137025833129883,0.2844387590885162,0.3549905717372894,0.3468723595142364,0.2854244709014892,0.3052215278148651,0.5141187310218811,0.5124310851097107,0.5129287242889404,0.5129809379577637,0.564177393913269,0.5410196781158447,0.5869510173797607,0.5667372941970825,0.5248264670372009,0.5415304899215698,0.0174503587186336,0.0249477066099643,0.026032418012619,0.0222414974123239,0.0161641258746385,0.0331731624901294,0.1990062445402145,0.1998044848442077,0.202398881316185,0.1970959603786468,1.0,1.0,1.0,1.0,1.0,0.8999999761581421,1.0,1.0,1.0,1.0
/Users/josephkamil/Desktop/Capstone/Oly_Data/segmented/split_jerk/split_jerk_from_cj_0011.mp4,split_jerk,split_jerk_from_cj_0011.mp4,0.15,split_jerk,,yes,,olympic,split_jerk_sha_cd9d33ff0ef7d85e,train,cd9d33ff0ef7d85e9b8a3cc32001813c1454608a7b681e2ca2880b05c41ea72a,2.0,cd9d33ff0ef7d85e9b8a3cc32001813c1454608a7b681e2ca2880b05c41ea72a,125,120,0.96,120.0,0.8500000238418579,0.008403361774981,1.0,0.9916666746139526,9.0,0.4957983195781708,0.0,0.2205540239810943,0.0061943656764924,0.1212488710880279,0.0048605194315314,175.26593017578125,178.72740173339844,178.2681427001953,156.39663696289062,143.02940368652344,110.5705795288086,146.3246612548828,157.36373901367188,175.26800537109375,177.0735321044922,156.0421142578125,171.6862030029297,169.8596954345703,157.00120544433594,145.90304565429688,103.05660247802734,133.6330108642578,149.20164489746094,171.25901794433594,173.10157775878906,59.2724609375,48.01462936401367,46.37128829956055,51.05506896972656,92.7226791381836,177.66868591308594,169.0881805419922,171.61390686035156,172.78416442871094,172.53941345214844,19.585844039916992,1.408210277557373,0.9016423225402832,1.68105947971344,1.093338131904602,3.418060064315796,7.69989013671875,7.862874507904053,5.051578521728516,4.851474285125732,0.4333498477935791,0.4220335185527801,0.4225821793079376,0.4661982953548431,0.4002512991428375,0.3450937271118164,0.3004061877727508,0.2500043213367462,0.2160970121622085,0.2079169154167175,0.4328301846981048,0.4243565499782562,0.4247579872608185,0.4629065692424774,0.4590928852558136,0.5256149768829346,0.4759734570980072,0.4300897121429443,0.3917976319789886,0.3875416815280914,0.5916337966918945,0.6133439540863037,0.6146635413169861,0.6562119126319885,0.6608172655105591,0.7339475154876709,0.6864686608314514,0.6455504298210144,0.6110333204269409,0.6031556129455566,0.0204079840332269,0.0221726074814796,0.0219587385654449,0.0222329292446374,0.0759437903761863,0.1808426231145858,0.1757089495658874,0.1802076697349548,0.1757996678352356,0.1798296421766281,0.9166666865348816,1.0,0.75,0.1666666716337204,0.6666666865348816,1.0,1.0,1.0,1.0,1.0
/Users/josephkamil/Desktop/Capstone/Oly_Data/segmented/split_jerk/split_jerk_from_cj_0033.mp4,split_jerk,split_jerk_from_cj_0033.mp4,0.15,split_jerk,,yes,,olympic,split_jerk_sha_c35373432483f138,train,c35373432483f13884f7f58723983b086d9309f2dd2da0e5cf4c60542842bdee,1.0,c35373432483f13884f7f58723983b086d9309f2dd2da0e5cf4c60542842bdee,125,124,0.992,124.0,0.9354838728904724,0.0,1.0,1.0,2.0,0.7886179089546204,0.6178861856460571,0.5709073543548584,0.0175496097654104,0.97930908203125,0.0162681713700294,179.73133850097656,178.84283447265625,179.1245880126953,178.28379821777344,176.32395935058594,172.5209197998047,172.10650634765625,129.14305114746094,151.3980712890625,175.8649139404297,174.4019775390625,173.9794921875,173.85491943359375,173.96043395996094,175.72390747070312,147.22789001464844,7.450687885284424,8.067008972167969,140.3169403076172,174.09652709960938,21.646146774291992,20.726327896118164,20.964773178100582,21.704988479614254,21.079509735107425,27.987091064453125,172.81922912597656,171.02847290039062,165.7969970703125,170.69297790527344,0.4255666732788086,0.7152003645896912,0.9178330898284912,1.0240933895111084,0.829034686088562,0.6304501891136169,1.2391180992126465,1.99594247341156,2.677988290786743,1.440557599067688,0.581569492816925,0.5871555805206299,0.5897661447525024,0.5790565013885498,0.5769784450531006,0.8305143713951111,0.6547520756721497,0.5970932245254517,0.2828320860862732,0.1814524531364441,0.6075735688209534,0.6111719012260437,0.6117754578590393,0.6129868030548096,0.614780068397522,0.8139889240264893,1.0383305549621582,1.0081053972244265,0.4924209415912628,0.3916197121143341,1.2535055875778198,1.266888976097107,1.2708401679992676,1.2728689908981323,1.2786006927490234,1.4602538347244265,1.6049543619155884,1.5572720766067505,0.7607049942016602,0.5979235172271729,0.0264847669750452,0.0244247559458017,0.0221099983900785,0.0339767970144748,0.0379661954939365,0.1263346225023269,0.3850044310092926,0.4122779965400696,0.2111498117446899,0.2102086246013641,1.0,1.0,1.0,1.0,1.0,0.3333333432674408,1.0,1.0,1.0,1.0
/Users/josephkamil/Desktop/Capstone/Oly_Data/segmented/split_jerk/split_jerk_from_cj_0154.mp4,split_jerk,split_jerk_from_cj_0154.mp4,0.1,split_jerk,,yes,,olympic,split_jerk_sha_f8054dcbf5c021f4,dev,f8054dcbf5c021f4ca6db496417543719b1fd6a873d4fe2eaad54d11ec2de8f5,1.0,f8054dcbf5c021f4ca6db496417543719b1fd6a873d4fe2eaad54d11ec2de8f5,91,91,1.0,91.0,0.4285714328289032,0.5777778029441833,1.0,0.4285714328289032,1.0,0.6333333253860474,0.0333333350718021,0.1020318865776062,0.0083742793649435,0.0145604610443115,0.0023386415559798,177.73995971679688,177.26727294921875,174.96676635742188,170.08680725097656,152.97889709472656,167.7049560546875,146.6623992919922,144.3811798095703,172.18434143066406,178.01040649414062,167.93785095214844,164.73512268066406,166.95523071289062,168.2012939453125,178.15374755859375,170.73138427734375,165.54949951171875,168.7976837158203,167.6439208984375,165.50389099121094,58.899658203125,177.60153198242188,153.40147399902344,27.76902961730957,120.94424438476562,132.49009704589844,147.2478485107422,151.1597137451172,157.80010986328125,166.26512145996094,3.41757869720459,3.4563188552856445,3.9946131706237793,4.889588832855225,7.389827251434326,4.58746337890625,7.882879257202148,6.6558051109313965,4.217489719390869,2.687039613723755,0.3708504140377044,0.4206188321113586,0.3977988958358764,0.3484435081481933,0.4171243011951446,0.3870965242385864,0.221161812543869,0.1868137270212173,0.1573018133640289,0.1581977754831314,0.3302022218704223,0.3236726224422455,0.3203372955322265,0.3264324069023132,0.3457212448120117,0.3141373693943023,0.317523717880249,0.2982106208801269,0.2815806865692138,0.2963941991329193,0.4709374606609344,0.4641256332397461,0.4594329595565796,0.4698622524738312,0.4847612977027893,0.4577893018722534,0.4633127450942993,0.449240893125534,0.4417631924152374,0.4507493376731872,0.0444354563951492,0.0972901582717895,0.0799678862094879,0.0342033803462982,0.0777076780796051,0.0921171829104423,0.0965533927083015,0.111472338438034,0.1242963075637817,0.1382206976413726,0.0,0.0,0.0,0.0,0.0,0.2222222238779068,1.0,1.0,1.0,1.0
/Users/josephkamil/Desktop/Capstone/Oly_Data/segmented/split_jerk/split_jerk_from_cj_0058.mp4,split_jerk,split_jerk_from_cj_0058.mp4,0.06,split_jerk,,yes,,olympic,split_jerk_sha_8d1e1ab6dacd7e71,dev,8d1e1ab6dacd7e71eb028f91c7f42868463e9b02bfab1ebe25e8e8760aff1cf2,2.0,8d1e1ab6dacd7e71eb028f91c7f42868463e9b02bfab1ebe25e8e8760aff1cf2,111,111,1.0,111.0,0.9279279112815856,0.036363635212183,1.0,0.9639639854431152,5.0,0.5,0.5,0.0475717484951019,0.0051701799966394,0.0225828886032104,0.0022723549045622,178.14901733398438,176.72775268554688,177.00924682617188,178.86004638671875,161.90232849121094,152.607421875,154.3189697265625,160.8774871826172,173.98924255371094,178.77198791503906,174.1649169921875,174.11204528808594,174.11656188964844,173.49774169921875,163.5242462158203,161.57815551757812,177.25416564941406,176.64202880859375,169.61456298828125,175.0753936767578,98.60082244873048,78.34659576416016,98.79391479492188,107.39427947998048,98.75210571289062,63.1499137878418,161.568603515625,166.53334045410156,108.4462432861328,163.37704467773438,0.8618784546852112,2.023085832595825,1.3200621604919434,0.9902520775794984,1.1788244247436523,1.216646671295166,1.4583755731582642,4.183027267456055,2.419318199157715,1.4426774978637695,0.4234558939933777,0.4204566180706024,0.4242912530899048,0.4226323366165161,0.4313772320747375,0.4422642588615417,0.3753464818000793,0.3432624042034149,0.3402466475963592,0.3107005953788757,0.4275874197483063,0.4303460419178009,0.4282732009887695,0.4278587102890014,0.4397017657756805,0.449644535779953,0.4676064252853393,0.4418254792690277,0.414101243019104,0.4166395664215088,0.5533074140548706,0.5544939637184143,0.5509555339813232,0.5495252013206482,0.5661661624908447,0.5743066668510437,0.5997848510742188,0.5757291316986084,0.5517045259475708,0.5491327047348022,0.0386169627308845,0.022779768332839,0.0295418817549943,0.0307153221219778,0.0277180429548025,0.0313940308988094,0.0929683223366737,0.0988743528723716,0.0743474066257476,0.1064332127571106,0.6363636255264282,1.0,1.0,1.0,0.9090909361839294,0.7272727489471436,1.0,1.0,1.0,1.0
/Users/josephkamil/Desktop/Capstone/Oly_Data/segmented/split_jerk/split_jerk_from_cj_0106.mp4,split_jerk,split_jerk_from_cj_0106.mp4,0.13,split_jerk,,yes,,olympic,split_jerk_sha_8256647a6185a3aa,dev,8256647a6185a3aad863e8c85f4b53b3c3114a6740fb527bb86d9e70534a9446,1.0,8256647a6185a3aad863e8c85f4b53b3c3114a6740fb527bb86d9e70534a9446,114,114,1.0,114.0,1.0,0.0,1.0,1.0,0.0,0.5398229956626892,0.5398229956626892,0.0369051694869995,0.0032056940253823,0.0590937733650207,0.0036835523787885,177.57908630371094,178.1460723876953,178.00689697265625,162.95660400390625,166.6229248046875,155.83163452148438,169.94361877441406,175.81712341308594,173.92393493652344,175.98236083984375,168.43994140625,168.78477478027344,169.022216796875,161.65171813964844,161.451171875,148.4040985107422,162.39491271972656,169.330810546875,167.22702026367188,167.5282745361328,40.27898788452149,40.72262191772461,39.271392822265625,38.55652618408203,89.75301361083984,177.2548065185547,178.83441162109375,178.49139404296875,176.53794860839844,177.90907287597656,0.2479216456413269,0.1767301261425018,0.1854042410850525,0.308612585067749,1.2098535299301147,1.2964630126953125,1.7198973894119265,0.6441295742988586,0.3275161683559418,0.3225296139717102,0.2807045578956604,0.2784445285797119,0.2781621515750885,0.3251620531082153,0.2444595247507095,0.2201592922210693,0.1792436689138412,0.1500463634729385,0.1599483489990234,0.1623907685279846,0.2988440692424774,0.2981249690055847,0.2982044517993927,0.3408724665641784,0.3406436443328857,0.4217266738414764,0.3655962646007538,0.3436034619808197,0.3456277549266815,0.3484316170215606,0.532717764377594,0.5343587398529053,0.5342645645141602,0.576574981212616,0.5798649191856384,0.6455132365226746,0.5929481983184814,0.5701894760131836,0.5726509690284729,0.5769069790840149,0.0182544514536857,0.0199663564562797,0.0204615704715251,0.0161935053765773,0.0962115228176117,0.2016690224409103,0.1864481121301651,0.1936074346303939,0.1856829077005386,0.186046227812767,1.0,1.0,1.0,1.0,1.0,1.0,1.0,1.0,1.0,1.0
/Users/josephkamil/Desktop/Capstone/Oly_Data/segmented/split_jerk/split_jerk_from_cj_0080.mp4,split_jerk,split_jerk_from_cj_0080.mp4,0.16,split_jerk,,yes,,olympic,split_jerk_sha_6638462a35eb5ebb,dev,6638462a35eb5ebbe2b6b73c20a364885d2b64093cf9b53deaa2eace89c77d48,1.0,6638462a35eb5ebbe2b6b73c20a364885d2b64093cf9b53deaa2eace89c77d48,125,125,1.0,125.0,0.7839999794960022,0.2096774131059646,1.0,0.7919999957084656,3.0,0.338709682226181,0.1935483813285827,0.072145402431488,0.0091854492202401,0.0433880090713501,0.0024412097409367,173.1038055419922,167.83432006835938,169.62318420410156,137.5113983154297,142.9713134765625,146.31739807128906,155.20904541015625,164.65301513671875,172.41314697265625,172.90771484375,175.6641845703125,173.80624389648438,173.17393493652344,171.81520080566406,177.7608184814453,175.91940307617188,174.7413330078125,175.1598358154297,177.8662567138672,176.7029571533203,62.51805114746094,56.983009338378906,76.38677215576172,165.07789611816406,154.47877502441406,158.85934448242188,154.14491271972656,159.7833709716797,169.89727783203125,132.07937622070312,0.5889372229576111,2.230280876159668,1.0353854894638062,2.50799298286438,3.36293888092041,4.569812774658203,3.411818742752075,0.7532201409339905,0.9252963662147522,0.7603131532669067,0.358072966337204,0.402496188879013,0.3433481156826019,0.2892380356788635,0.2499114274978637,0.260878324508667,0.2925881743431091,0.256429374217987,0.2508488595485687,0.2644659280776977,0.3473105430603027,0.3786194026470184,0.3851368725299835,0.4166710674762726,0.3937549591064453,0.3919543623924255,0.3868549764156341,0.3663526773452759,0.3593734204769134,0.3355441391468048,0.513233482837677,0.539837121963501,0.5487019419670105,0.5937563180923462,0.5770192742347717,0.5719696283340454,0.5619489550590515,0.5414844751358032,0.5324097275733948,0.5258060693740845,0.0355307944118976,0.036450371146202,0.0533117465674877,0.1298581957817077,0.1440015584230423,0.1328545212745666,0.0989798307418823,0.1108270958065986,0.1089610755443573,0.0720520690083503,0.0,0.0,0.8333333134651184,1.0,1.0,1.0,1.0,1.0,1.0,1.0
/Users/josephkamil/Desktop/Capstone/Oly_Data/segmented/split_jerk/split_jerk_from_cj_0062.mp4,split_jerk,split_jerk_from_cj_0062.mp4,0.06,split_jerk,,yes,,olympic,split_jerk_sha_7f1fe305b497b842,train,7f1fe305b497b842dbe36e3de1c979056f8be97fd8cd3e7080b73f62d0e2267a,1.0,7f1fe305b497b842dbe36e3de1c979056f8be97fd8cd3e7080b73f62d0e2267a,79,79,1.0,79.0,0.6329113841056824,0.0641025677323341,1.0,0.9367088675498962,11.0,0.6282051205635071,0.5769230723381042,0.0505849719047546,0.0070813726633787,0.0202643871307373,0.0030864141881465,174.59153747558594,175.8136444091797,176.10897827148438,177.99449157714844,176.9676513671875,175.75723266601562,164.8757781982422,174.25428771972656,170.97267150878906,173.0160675048828,172.54019165039062,173.34486389160156,173.67361450195312,172.92221069335938,172.23333740234375,170.977294921875,168.68516540527344,172.90060424804688,177.79441833496094,174.67747497558594,24.72075843811035,59.73462677001953,54.30165481567383,18.332483291625977,19.20860481262207,48.286956787109375,167.94808959960938,150.86398315429688,135.42306518554688,158.47682189941406,1.034626603126526,0.3171622157096863,0.4661776721477508,0.772705078125,1.977899193763733,1.5352683067321775,0.7778645753860474,1.4418654441833496,1.0559039115905762,1.21442449092865,0.347791463136673,0.3433667123317718,0.3503432869911194,0.3859493732452392,0.3995963335037231,0.3006892204284668,0.2354755252599716,0.2286333888769149,0.2378074526786804,0.2497378289699554,0.3396469950675964,0.3377746343612671,0.3392494022846222,0.3738558292388916,0.4027701020240783,0.3311764001846313,0.361769437789917,0.3487998247146606,0.3256030082702636,0.3281529545783996,0.5117332935333252,0.5137828588485718,0.5131097435951233,0.5307779908180237,0.554702639579773,0.5053318738937378,0.5390762090682983,0.5288270115852356,0.5033257007598877,0.5055854916572571,0.0133044579997658,0.0245145354419946,0.0188118051737546,0.0185293667018413,0.0168539192527532,0.0347878634929657,0.1268530786037445,0.1218569725751876,0.0922527834773063,0.0837636664509773,0.2857142984867096,0.25,0.0,0.25,0.625,0.875,1.0,1.0,1.0,1.0
/Users/josephkamil/Desktop/Capstone/Oly_Data/segmented/split_jerk/split_jerk_from_cj_0117.mp4,split_jerk,split_jerk_from_cj_0117.mp4,0.18,split_jerk,,yes,,olympic,split_jerk_sha_c1c8988304f5e044,train,c1c8988304f5e044857f3da8497bd12ff98d73d91358ad9b38555880f1b697ed,1.0,c1c8988304f5e044857f3da8497bd12ff98d73d91358ad9b38555880f1b697ed,125,121,0.968,121.0,0.9752066135406494,0.0,1.0,1.0,2.0,0.7749999761581421,0.3583333194255829,0.0714978575706482,0.0059720394201576,0.0612035989761352,0.0057181469164788,175.65806579589844,176.47125244140625,178.66737365722656,151.8981475830078,150.73194885253906,135.7694549560547,138.62474060058594,121.7553939819336,116.5876235961914,133.44992065429688,177.1761016845703,179.32286071777344,178.3826904296875,163.6241912841797,165.63209533691406,169.03524780273438,170.75865173339844,171.2081298828125,170.4894561767578,171.90512084960938,56.901092529296875,39.5919303894043,41.65974807739258,42.50396728515625,102.40865325927734,163.34043884277344,156.16519165039062,159.2132110595703,164.9617156982422,161.05307006835938,1.0995689630508425,2.1721811294555664,2.199486494064331,1.0164552927017212,2.864513397216797,3.15128493309021,4.856225490570068,1.7241131067276,2.2638494968414307,1.3157827854156494,0.2986235916614532,0.3090610206127167,0.3351221978664398,0.3642213046550751,0.3098354041576385,0.2448478937149047,0.2157925814390182,0.1994955688714981,0.1920655816793441,0.1833658814430236,0.306567519903183,0.3237746953964233,0.3439479172229767,0.3941890895366668,0.4114707410335541,0.462664246559143,0.4275111854076385,0.4042517840862274,0.4099535644054413,0.3986226320266723,0.5299705266952515,0.5445271134376526,0.560441792011261,0.6148137450218201,0.6584530472755432,0.7056034207344055,0.6817941069602966,0.6662795543670654,0.6713893413543701,0.6601765155792236,0.0191341657191514,0.0253917947411537,0.0194348786026239,0.0325362719595432,0.1273362934589386,0.2206389307975769,0.2140363007783889,0.2064903527498245,0.2187582403421402,0.216487780213356,1.0,1.0,1.0,1.0,0.75,1.0,1.0,1.0,1.0,1.0
/Users/josephkamil/Desktop/Capstone/Oly_Data/segmented/split_jerk/split_jerk_from_cj_0004.mp4,split_jerk,split_jerk_from_cj_0004.mp4,0.12,split_jerk,,yes,,olympic,split_jerk_sha_fe6fbb48dfb89596,train,fe6fbb48dfb895960defa6cdb73d188540de8200e8c4351a7b59e66623feffb6,1.0,fe6fbb48dfb895960defa6cdb73d188540de8200e8c4351a7b59e66623feffb6,116,116,1.0,116.0,0.0689655169844627,0.886956512928009,1.0,0.1206896528601646,3.0,0.947826087474823,0.991304337978363,0.0408398509025573,0.0019964813254773,0.0227923393249511,0.0013615763746201,176.55812072753906,178.57545471191406,179.00144958496094,177.4102325439453,176.7865447998047,176.34982299804688,176.3954315185547,175.66098022460938,170.2769317626953,172.39453125,164.34536743164062,163.76011657714844,166.66770935058594,165.01913452148438,166.1128387451172,166.1810302734375,166.2899627685547,165.29507446289062,163.18307495117188,160.7549285888672,30.296039581298828,27.640531539916992,26.290132522583008,30.126686096191406,31.756006240844727,32.136024475097656,34.27546310424805,33.48625183105469,33.900508880615234,51.602264404296875,2.3917105197906494,2.275289297103882,2.674616575241089,2.0040035247802734,2.24250864982605,2.0225648880004883,2.099336862564087,1.9181339740753176,2.590787887573242,2.22145414352417,0.4206430315971374,0.4160384237766266,0.4157731831073761,0.42100989818573,0.4219075441360473,0.4224031567573547,0.423844575881958,0.4200772047042846,0.4351861178874969,0.3994823396205902,0.4160886108875274,0.4132779538631439,0.4111814796924591,0.4147157669067383,0.4165193736553192,0.4146262407302856,0.4156592786312103,0.4147687256336212,0.4328031837940216,0.4277794659137726,0.5888914465904236,0.5857120156288147,0.5815436840057373,0.5845789313316345,0.5856731534004211,0.5821990966796875,0.5844895839691162,0.5851545333862305,0.6003443598747253,0.5995329022407532,0.0061909542419016,0.0052138813771307,0.0050191995687782,0.0066461754031479,0.0057117440737783,0.0082986401394009,0.008429080247879,0.0061179567128419,0.0046335724182426,0.0449557602405548,0.0,0.0,0.0,0.0,0.0,0.0,0.0,0.0,0.1666666716337204,0.5
/Users/josephkamil/Desktop/Capstone/Oly_Data/segmented/split_jerk/split_jerk_from_cj_0125.mp4,split_jerk,split_jerk_from_cj_0125.mp4,0.13,split_jerk,,yes,,olympic,split_jerk_sha_c18d079899463e8b,train,c18d079899463e8bc69bd24e4a73307b4f25e63693906daf0733d0ef030ba07e,2.0,c18d079899463e8bc69bd24e4a73307b4f25e63693906daf0733d0ef030ba07e,125,125,1.0,125.0,0.959999978542328,0.0,1.0,1.0,4.0,0.427419364452362,0.427419364452362,0.0400246381759643,0.0033037166576832,0.0589142441749572,0.0030581161845475,177.6324920654297,176.18812561035156,177.64576721191406,174.4950408935547,161.39344787597656,161.78903198242188,167.6414031982422,171.13723754882812,174.5144805908203,176.55032348632812,167.3169708251953,166.021728515625,166.50401306152344,163.57569885253906,155.11024475097656,154.24180603027344,153.32427978515625,159.10447692871094,167.19862365722656,168.87753295898438,33.58584213256836,31.42995262145996,40.241851806640625,45.141700744628906,27.35969352722168,159.83541870117188,176.6244659423828,173.81015014648438,173.7599334716797,177.98680114746094,0.5488966107368469,0.2617338895797729,0.5382826924324036,1.2184635400772097,1.53902006149292,0.9943342804908752,1.874984860420227,2.719822883605957,2.573026418685913,1.7098000049591064,0.4507300853729248,0.4462488889694214,0.4353033304214477,0.4345920979976654,0.4658669531345367,0.3592494130134582,0.3517009317874908,0.305422306060791,0.2805415689945221,0.2704284489154815,0.4621966183185577,0.4550663232803345,0.4442813098430633,0.4432646930217743,0.4744372367858886,0.5160357356071472,0.5159115195274353,0.4619192779064178,0.4375201165676117,0.4311031103134155,0.6635103225708008,0.6585099101066589,0.6512986421585083,0.6455523371696472,0.6622897982597351,0.7251309752464294,0.7268452644348145,0.6655694246292114,0.6512274146080017,0.6519638895988464,0.013148970901966,0.0104970475658774,0.0094731859862804,0.0087959039956331,0.0120830880478024,0.156919240951538,0.1645643562078476,0.1566243022680282,0.1573186814785003,0.160685509443283,1.0,1.0,1.0,1.0,0.5833333134651184,1.0,1.0,1.0,1.0,1.0
/Users/josephkamil/Desktop/Capstone/Oly_Data/segmented/split_jerk/split_jerk_from_cj_0047.mp4,split_jerk,split_jerk_from_cj_0047.mp4,0.07,split_jerk,,yes,,olympic,split_jerk_sha_5b72e8ca86135b90,test,5b72e8ca86135b90286a9953697be104e187a5770ab245705538b0507326141a,1.0,5b72e8ca86135b90286a9953697be104e187a5770ab245705538b0507326141a,96,93,0.96875,93.0,0.3870967626571655,0.5869565010070801,1.0,0.4193548262119293,3.0,0.6195651888847351,0.782608687877655,0.1344923079013824,0.0092341862618923,0.029629111289978,0.0025737474206835,175.48748779296875,176.3450469970703,177.14089965820312,175.9953155517578,159.1876678466797,165.66864013671875,123.0811004638672,127.6463623046875,160.9524383544922,177.1570587158203,176.45655822753906,176.0704345703125,178.90557861328125,177.9088592529297,164.05633544921875,171.96397399902344,171.99386596679688,169.3427276611328,169.48980712890625,174.9495391845703,143.83287048339844,150.50083923339844,151.61349487304688,153.0670623779297,152.04019165039062,104.2442626953125,157.13232421875,164.0247344970703,135.5379180908203,147.27304077148438,4.308928489685059,0.4720071256160736,1.202187418937683,0.7823684811592102,1.3255491256713867,0.940532684326172,5.463128089904785,8.326908111572266,9.247314453125,3.542914867401123,0.4368628859519958,0.4406307935714721,0.4421830177307129,0.444065511226654,0.4549075663089752,0.4493632912635803,0.4343637824058532,0.3763051331043243,0.3588555157184601,0.3492771983146667,0.4288266897201538,0.427634447813034,0.4282254576683044,0.4302762150764465,0.4473026096820831,0.4404689073562622,0.4910800457000732,0.4699403345584869,0.4440081715583801,0.4290702939033508,0.557260274887085,0.5589921474456787,0.5588959455490112,0.5600757002830505,0.5763576626777649,0.5671424269676208,0.617584228515625,0.6030597686767578,0.5695370435714722,0.5608262419700623,0.0685168206691742,0.0734557807445526,0.082366406917572,0.0796568244695663,0.0783286839723587,0.0575039833784103,0.0775652006268501,0.0960865318775177,0.0856658592820167,0.0823894590139389,0.0,0.0,0.0,0.0,0.0,0.1111111119389534,0.699999988079071,1.0,1.0,1.0
/Users/josephkamil/Desktop/Capstone/Oly_Data/segmented/split_jerk/split_jerk_from_cj_0071.mp4,split_jerk,split_jerk_from_cj_0071.mp4,0.12,split_jerk,,yes,,olympic,split_jerk_sha_9cf6ddca08d1ea8a,test,9cf6ddca08d1ea8abfe489ab9f861237f1ffa8470ceda99f6f487bef53b52792,1.0,9cf6ddca08d1ea8abfe489ab9f861237f1ffa8470ceda99f6f487bef53b52792,104,104,1.0,104.0,1.0,0.0,1.0,1.0,0.0,0.3495145738124847,0.3980582654476166,0.0548275113105773,0.0035556054208427,0.0357951521873474,0.0023217543493956,179.1519012451172,178.676025390625,173.6926727294922,162.50689697265625,174.508544921875,177.30276489257812,177.8092498779297,175.3296661376953,172.72923278808594,177.72886657714844,169.14273071289062,168.56793212890625,166.8620147705078,160.9942169189453,171.81495666503906,173.53616333007812,175.2889862060547,169.12335205078125,165.3309326171875,169.14405822753906,51.62242889404297,48.079368591308594,57.307090759277344,55.0566291809082,141.31866455078125,175.85255432128906,175.19949340820312,178.30450439453125,170.28402709960938,170.36070251464844,1.3450504541397097,1.8089666366577148,2.5292317867279053,2.2806601524353027,2.766636371612549,2.3830137252807617,2.9496400356292725,1.616065263748169,2.0861315727233887,2.6419992446899414,0.3612766563892364,0.3608363568782806,0.360689252614975,0.4094507098197937,0.2860383987426758,0.258647471666336,0.2328327000141143,0.225744679570198,0.2095859050750732,0.197582721710205,0.4007397294044494,0.3954517245292663,0.3926655054092407,0.4367674887180328,0.4260240793228149,0.4317870736122131,0.4044720232486725,0.393995076417923,0.3798602223396301,0.3654380738735199,0.6010373830795288,0.5992264747619629,0.5982311367988586,0.6343209743499756,0.6253536939620972,0.6384252309799194,0.6160150766372681,0.6080823540687561,0.6052852272987366,0.599650502204895,0.0397182032465934,0.0349179916083812,0.0322131477296352,0.0277726799249649,0.1400171369314193,0.1731912642717361,0.1716697514057159,0.1682638227939605,0.1703078299760818,0.1681331992149353,1.0,1.0,1.0,1.0,1.0,1.0,1.0,1.0,1.0,1.0
/Users/josephkamil/Desktop/Capstone/Oly_Data/segmented/split_jerk/split_jerk_from_cj_0028.mp4,split_jerk,split_jerk_from_cj_0028.mp4,0.13,split_jerk,,yes,,olympic,split_jerk_sha_ef998bd10ee9ae79,train,ef998bd10ee9ae79c20ddb952abb56f68df799ea61d70314a24d538b4c3f6f81,1.0,ef998bd10ee9ae79c20ddb952abb56f68df799ea61d70314a24d538b4c3f6f81,125,125,1.0,125.0,1.0,0.0,1.0,1.0,0.0,0.5403226017951965,0.5403226017951965,0.0320906639099121,0.0030334847979247,0.0268570780754089,0.0021059224382042,173.8003387451172,173.89889526367188,173.4818572998047,173.1179962158203,172.66204833984375,166.49319458007812,175.13330078125,177.08871459960938,176.39141845703125,174.053955078125,165.08447265625,163.60374450683594,163.91114807128906,164.177734375,164.50730895996094,160.15615844726562,165.7493438720703,163.98146057128906,169.7703094482422,171.85411071777344,39.25996780395508,39.274925231933594,39.415428161621094,36.915992736816406,37.479122161865234,38.95055389404297,153.74598693847656,170.45907592773438,168.0691375732422,170.27468872070312,0.8418028950691223,1.2511744499206543,0.9021635055541992,1.0137486457824707,0.6990671753883362,0.5413488745689392,1.3099846839904783,1.1687722206115725,1.5201621055603027,0.9650960564613342,0.2139225751161575,0.2156644612550735,0.2152923196554184,0.2142073512077331,0.2155606895685196,0.2556038498878479,0.1668786406517028,0.2199123799800872,0.1821299046278,0.178088292479515,0.2404754906892776,0.2420446127653122,0.2426394671201706,0.2434072792530059,0.2451160550117492,0.2828446626663208,0.3331772685050964,0.380233883857727,0.3446390926837921,0.3427221477031708,0.4974083006381988,0.501308798789978,0.5035670399665833,0.5054057836532593,0.5068171620368958,0.5317732691764832,0.5552471280097961,0.5751031041145325,0.555713951587677,0.5555922985076904,0.028080441057682,0.0270426347851753,0.0284672249108552,0.0310521703213453,0.0311668496578931,0.0288637597113847,0.1663283258676529,0.1603711247444152,0.1626628786325454,0.1646860241889953,1.0,1.0,1.0,1.0,1.0,1.0,1.0,1.0,1.0,1.0
/Users/josephkamil/Desktop/Capstone/Oly_Data/segmented/split_jerk/split_jerk_from_cj_0141.mp4,split_jerk,split_jerk_from_cj_0141.mp4,0.06,split_jerk,,yes,,olympic,split_jerk_sha_bb16615e1636d24c,train,bb16615e1636d24c6399f1a1644b0fefe005d4f4dbf980596d44cb9a6c881ef0,1.0,bb16615e1636d24c6399f1a1644b0fefe005d4f4dbf980596d44cb9a6c881ef0,125,124,0.992,124.0,0.8548387289047241,0.0081300809979438,1.0,0.9919354915618896,15.0,0.7967479825019836,0.0325203239917755,0.0290956497192382,0.0049391826614737,0.0195390582084655,0.0020428285934031,178.39190673828125,178.9753875732422,177.3087615966797,178.33177185058594,177.46038818359375,176.96754455566406,176.52952575683594,175.78880310058594,175.28662109375,176.17356872558594,172.0707244873047,174.70521545410156,174.0303497314453,173.03504943847656,173.36538696289062,173.42845153808594,173.54981994628906,174.07850646972656,173.54058837890625,176.48077392578125,12.771662712097168,22.246000289916992,29.60175323486328,21.74131202697754,17.998966217041016,10.891705513000488,12.386466026306152,11.39681911468506,125.01801300048828,158.9170684814453,1.2357183694839478,3.534928560256958,1.6622445583343506,1.559019684791565,1.82967209815979,1.9721719026565552,1.886010766029358,2.3631670475006104,3.984419107437134,2.220008850097656,0.3352178335189819,0.3397903740406036,0.3473556935787201,0.3448056876659393,0.3436492383480072,0.3455762565135956,0.3585429489612579,0.3542783558368683,0.2464791983366012,0.2156364619731903,0.3406822383403778,0.3555010855197906,0.354617178440094,0.3546895980834961,0.3544605672359466,0.3544644117355346,0.3637634515762329,0.3728893995285034,0.3437674343585968,0.3311414122581482,0.5146386027336121,0.5263497233390808,0.5256361365318298,0.5262619853019714,0.5284707546234131,0.5261128544807434,0.5322611927986145,0.5369153022766113,0.5144408345222473,0.5102852582931519,0.0107655683532357,0.0191803965717554,0.0090866489335894,0.011811289936304,0.0112162893638014,0.0091109992936253,0.0101119223982095,0.0206367280334234,0.097743272781372,0.1160858199000358,0.5833333134651184,0.8333333134651184,0.8461538553237915,0.8333333134651184,1.0,1.0,0.5833333134651184,0.8461538553237915,1.0,1.0
/Users/josephkamil/Desktop/Capstone/Oly_Data/segmented/split_jerk/split_jerk_from_cj_0084.mp4,split_jerk,split_jerk_from_cj_0084.mp4,0.04,split_jerk,,yes,,olympic,split_jerk_sha_6410249f15f69f15,train,6410249f15f69f15ea87ee0c726164e1f174e47d53bb945deb005cc1ed1f1aeb,1.0,6410249f15f69f15ea87ee0c726164e1f174e47d53bb945deb005cc1ed1f1aeb,69,69,1.0,69.0,0.6231883764266968,0.073529414832592,1.0,0.9275362491607666,9.0,0.0,0.0,0.1712492406368255,0.0241371076554059,0.0386106371879577,0.0063272882252931,117.00077056884766,150.5902557373047,176.8103790283203,178.35044860839844,143.83914184570312,134.74496459960938,166.2600555419922,146.2853546142578,173.528076171875,176.16006469726562,134.7966766357422,158.48855590820312,177.5779571533203,178.81234741210938,158.44577026367188,157.73806762695312,176.64480590820312,169.00694274902344,176.30335998535156,177.05992126464844,60.0068244934082,68.40557861328125,18.46009635925293,19.50271224975586,81.62763214111328,167.59335327148438,79.61485290527344,167.2325897216797,174.04931640625,128.62428283691406,5.161940097808838,2.527332305908203,2.9896926879882812,3.7008912563323975,1.4943658113479614,2.442535400390625,3.2161881923675537,0.426747053861618,1.3115862607955933,0.7277870178222656,0.4510684311389923,0.3640998899936676,0.3234504163265228,0.3006220161914825,0.3772341907024383,0.4536085426807403,0.3063822388648987,0.1987534314393997,0.1652118414640426,0.2044695168733596,0.4275777339935303,0.3542168438434601,0.334260880947113,0.3306654989719391,0.3734464347362518,0.3779957890510559,0.2851788401603699,0.3357811272144317,0.3051506578922272,0.3035224080085754,0.570223867893219,0.5144537687301636,0.4916886687278747,0.489446610212326,0.5325130820274353,0.5317423939704895,0.4720580577850342,0.5098344087600708,0.4837501049041748,0.4825430512428283,0.0480940788984298,0.0484774447977542,0.0228745695203542,0.0330780744552612,0.0401828102767467,0.0785416364669799,0.0641858205199241,0.137245312333107,0.1399666965007782,0.1047894954681396,0.1666666716337204,0.5714285969734192,0.8571428656578064,1.0,0.4285714328289032,0.0,0.1428571492433548,1.0,1.0,1.0
/Users/josephkamil/Desktop/Capstone/Oly_Data/segmented/split_jerk/split_jerk_from_cj_0133.mp4,split_jerk,split_jerk_from_cj_0133.mp4,0.1,split_jerk,,yes,,olympic,split_jerk_sha_275227564b30eded,train,275227564b30eded79d7769132035fad29d0222525e97c53c7ed8e7b5bc78b7b,1.0,275227564b30eded79d7769132035fad29d0222525e97c53c7ed8e7b5bc78b7b,80,80,1.0,80.0,0.574999988079071,0.2278480976819992,1.0,0.7749999761581421,7.0,0.5316455960273743,0.5316455960273743,0.0308289527893066,0.0041078450158238,0.0192770957946777,0.0027993563562631,175.74749755859375,174.95016479492188,177.52008056640625,178.70993041992188,175.1402130126953,160.176513671875,168.91888427734375,169.14276123046875,173.57778930664062,178.17324829101562,173.07070922851562,171.90853881835938,172.72344970703125,174.25120544433594,170.51397705078125,162.58840942382812,171.88153076171875,177.5006103515625,173.8146209716797,169.70803833007812,28.983348846435547,31.669828414916992,31.066883087158203,31.575992584228516,31.47334671020508,27.998573303222656,84.52684020996094,148.65667724609375,157.27532958984375,162.0869140625,1.9286489486694336,2.187351703643799,1.5522395372390747,1.8717001676559448,0.7574454545974731,1.132537007331848,2.262205123901367,3.172700881958008,0.8248423337936401,0.9857673048973083,0.4932500720024109,0.4959790706634521,0.4935699105262756,0.5081948041915894,0.5015509128570557,0.5295259356498718,0.4646745920181274,0.393281489610672,0.3427645564079284,0.3316609263420105,0.4873007535934448,0.4915488958358764,0.491842657327652,0.500738799571991,0.501339316368103,0.5348082780838013,0.5087195038795471,0.5223962068557739,0.4828068912029266,0.4699791669845581,0.6267913579940796,0.6295239329338074,0.6277968287467957,0.6367381811141968,0.6414768695831299,0.6726154088973999,0.6461009979248047,0.6724517941474915,0.6473417282104492,0.638675332069397,0.0074339034035801,0.0088578090071678,0.0075274724513292,0.0092384498566389,0.0053344159387052,0.0099423835054039,0.04704075679183,0.1292211711406707,0.1400845348834991,0.1383475810289383,0.0,0.0,0.25,0.0,0.625,1.0,0.875,1.0,1.0,1.0
/Users/josephkamil/Desktop/Capstone/Oly_Data/segmented/split_jerk/split_jerk_from_cj_0038.mp4,split_jerk,split_jerk_from_cj_0038.mp4,0.15,snatch,,yes,,olympic,snatch_sha_997c68259aef7922,test,997c68259aef7922cd5d9d43275388551e9593772a495a902299262015bf4255,1.0,997c68259aef7922cd5d9d43275388551e9593772a495a902299262015bf4255,125,119,0.952,119.0,0.5126050710678101,0.4915254116058349,1.0,0.5126050710678101,1.0,0.1949152499437332,0.1864406764507293,0.6380541920661926,0.0070091900415718,0.1944227218627929,0.0049661067314445,120.0847396850586,130.7174530029297,143.55799865722656,99.05168914794922,134.3872528076172,175.145751953125,175.5476531982422,176.813720703125,174.2930908203125,176.57562255859375,143.94671630859375,141.93223571777344,149.24868774414062,152.3843994140625,156.97142028808594,178.0502471923828,173.2788543701172,172.4175567626953,167.21678161621094,167.79640197753906,173.38270568847656,177.22308349609375,172.6892852783203,169.8378448486328,157.35057067871094,175.0672149658203,173.8637237548828,171.7802734375,172.82325744628906,175.1798553466797,176.55726623535156,175.15660095214844,175.23223876953125,174.43939208984375,162.32928466796875,1.4613045454025269,0.6354585886001587,0.5752977728843689,0.7005184292793274,0.4200533628463745,0.9376811981201172,0.9317578673362732,0.9280219674110411,0.9180140495300292,0.8610548973083496,0.2455561310052871,0.1905571371316909,0.1897893995046615,0.1898736506700515,0.1831079572439193,0.7553121447563171,0.7398079037666321,0.733341634273529,0.7314136624336243,0.729123592376709,0.4409676492214203,0.3844271898269653,0.3791623115539551,0.3732949793338775,0.370085597038269,0.5040550231933594,0.4666293561458587,0.4625946283340454,0.4636179506778717,0.5136352181434631,0.6639445424079895,0.604010283946991,0.5925098061561584,0.5898872017860413,0.5886576771736145,0.1825616210699081,0.1920489817857742,0.1949552744626999,0.1870515197515487,0.1643936485052108,0.1954437643289566,0.1939254403114318,0.1893902420997619,0.1834515482187271,0.1870242804288864,0.0,0.0,0.0,0.0,0.0833333358168602,1.0,1.0,1.0,1.0,1.0
/Users/josephkamil/Desktop/Capstone/Oly_Data/segmented/split_jerk/split_jerk_from_cj_0083.mp4,split_jerk,split_jerk_from_cj_0083.mp4,0.23,split_jerk,,yes,,olympic,split_jerk_sha_5d7b8b35370dd16e,dev,5d7b8b35370dd16ec26ef449b273fe8dd5d254c9f004cc705341404b8919955d,1.0,5d7b8b35370dd16ec26ef449b273fe8dd5d254c9f004cc705341404b8919955d,125,121,0.968,121.0,0.6198347210884094,0.2916666567325592,1.0,0.71074378490448,5.0,0.1833333373069763,0.016666667535901,0.4579790234565735,0.0131996218115091,0.1623193621635437,0.0057373768649995,89.89757537841797,143.7561492919922,170.44281005859375,160.80645751953125,164.2191925048828,150.50221252441406,175.4427490234375,166.53347778320312,170.93507385253906,177.11927795410156,136.401123046875,174.8781280517578,172.3707275390625,167.07066345214844,156.27719116210938,147.23797607421875,167.86029052734375,162.93858337402344,162.46192932128906,172.24765014648438,171.767333984375,176.34796142578125,158.4345245361328,129.74168395996094,130.1943359375,168.06057739257812,172.47039794921875,165.05136108398438,169.99220275878906,167.54905700683594,153.30465698242188,177.91468811035156,120.0368423461914,3.3439509868621826,5.570384979248047,11.794838905334473,11.719310760498049,7.333523273468018,6.812403202056885,5.793425559997559,0.8144302368164062,0.90037602186203,0.744964599609375,0.4708432257175445,0.3811680376529693,0.3014053404331207,0.2700188755989074,0.2691694796085357,0.2659302651882171,0.2701213359832763,0.6578498482704163,0.7423970699310303,0.632129967212677,0.4560064077377319,0.4659405946731567,0.4641259014606476,0.4388139545917511,0.4220612943172455,0.4122042953968048,0.4130449891090393,0.5348637104034424,0.5710665583610535,0.586586594581604,0.6499841809272766,0.655106246471405,0.6617736220359802,0.6304373145103455,0.6214526295661926,0.6105799078941345,0.6099125742912292,0.159791424870491,0.1580109894275665,0.1228972375392913,0.0534631423652172,0.1144636496901512,0.1638293117284774,0.1695206761360168,0.1529768258333206,0.146423727273941,0.1433395445346832,0.0,0.0,0.0833333358168602,0.25,0.8333333134651184,1.0,1.0,1.0,1.0,1.0
/Users/josephkamil/Desktop/Capstone/Oly_Data/segmented/split_jerk/split_jerk_from_cj_0024.mp4,split_jerk,split_jerk_from_cj_0024.mp4,0.06,snatch,,yes,,olympic,snatch_sha_eb123313245e52eb,test,eb123313245e52eb09e4b875bbab2107d509e4a3583335fda73308296ad05d25,1.0,eb123313245e52eb09e4b875bbab2107d509e4a3583335fda73308296ad05d25,72,72,1.0,72.0,0.875,0.1267605572938919,1.0,0.875,1.0,0.3943662047386169,0.2957746386528015,0.0588766932487487,0.0099691404029726,0.0936070680618286,0.0096949553117156,166.18077087402344,169.70272827148438,66.73807525634766,17.750741958618164,102.79474639892578,158.22084045410156,173.47714233398438,175.64059448242188,177.0105438232422,173.83596801757812,171.74244689941406,159.90234375,52.162353515625,2.3676910400390625,119.07087707519533,169.92568969726562,173.54745483398438,173.08212280273438,170.42088317871094,172.54995727539062,161.35874938964844,126.40204620361328,168.85191345214844,177.91896057128906,176.39259338378906,173.21426391601562,175.96095275878906,178.0758056640625,176.546630859375,167.01791381835938,6.870227336883545,9.070516586303713,2.0211665630340576,1.1476566791534424,3.9787111282348633,4.110013484954834,1.1937618255615234,1.4916152954101562,2.4241645336151123,2.2875311374664307,0.4827113151550293,0.3481866419315338,0.4013165831565857,0.4368393719196319,0.3527426719665527,0.2590953409671783,0.171567752957344,0.1465429961681366,0.1268816441297531,0.1206347793340683,0.3208725154399872,0.3726906478404999,0.5701243281364441,0.5999594926834106,0.512187659740448,0.4127383530139923,0.3296103179454803,0.3081681728363037,0.2950372695922851,0.294974148273468,0.5254001617431641,0.5781438946723938,0.7780510187149048,0.8072538375854492,0.7172802686691284,0.6301685571670532,0.5669494271278381,0.551077663898468,0.5340105891227722,0.5301636457443237,0.1623711735010147,0.0749201625585556,0.1692427545785904,0.1637990921735763,0.1603620499372482,0.1547527015209198,0.1588704586029052,0.1624853760004043,0.168640524148941,0.1752262711524963,0.0,0.7142857313156128,1.0,1.0,1.0,1.0,1.0,1.0,1.0,1.0
/Users/josephkamil/Desktop/Capstone/Oly_Data/segmented/split_jerk/split_jerk_from_cj_0146.mp4,split_jerk,split_jerk_from_cj_0146.mp4,0.15,split_jerk,,yes,,olympic,split_jerk_sha_58af8bdc6ef195c2,train,58af8bdc6ef195c29058d47666cdc24005ca758456f0efe8fd3af4f9baffe3be,1.0,58af8bdc6ef195c29058d47666cdc24005ca758456f0efe8fd3af4f9baffe3be,113,113,1.0,113.0,1.0,0.0,1.0,1.0,0.0,0.6160714030265808,0.7946428656578064,0.0371467769145965,0.0049151624552905,0.0477509498596191,0.0035599146503955,177.82766723632812,176.50833129882812,178.16075134277344,177.8087615966797,178.5360870361328,163.96397399902344,150.3552703857422,151.82615661621094,165.1670684814453,175.73902893066406,171.89697265625,167.07339477539062,171.840576171875,173.69505310058594,172.12391662597656,161.5933380126953,154.1515655517578,145.74285888671875,149.23348999023438,167.80284118652344,144.92037963867188,117.4178237915039,77.33365631103516,47.83944320678711,99.73782348632812,137.27865600585938,94.84902954101562,130.75990295410156,168.25387573242188,178.05149841308594,1.074813723564148,0.738888144493103,0.6073358654975891,0.4412908852100372,0.67865389585495,1.374157428741455,1.7826377153396606,1.2517478466033936,2.4236483573913574,2.5606703758239746,0.4587858319282532,0.4753422439098358,0.4740491807460785,0.4617328643798828,0.4506013691425323,0.4611874520778656,0.4804620742797851,0.4233639538288116,0.369322270154953,0.313782662153244,0.4908239245414734,0.4944720566272735,0.49925696849823,0.4944663941860199,0.4860188663005829,0.4902273416519165,0.5034586787223816,0.5516399145126343,0.529005765914917,0.4813397228717804,0.6566813588142395,0.6626672744750977,0.6659290790557861,0.6648192405700684,0.6580489873886108,0.6589460968971252,0.664266049861908,0.7141863107681274,0.6987858414649963,0.6578298211097717,0.0529076717793941,0.0358544550836086,0.0348386839032173,0.0332283750176429,0.0435755066573619,0.0458298362791538,0.0340027995407581,0.1289117187261581,0.1601099818944931,0.1677930504083633,1.0,1.0,1.0,1.0,1.0,1.0,1.0,1.0,1.0,1.0
/Users/josephkamil/Desktop/Capstone/Oly_Data/raw/clean_and_jerk/v_CleanAndJerk_g10_c01.avi,clean_and_jerk,v_CleanAndJerk_g10_c01.avi,0.52,clean_and_jerk,,yes,,olympic,clean_and_jerk_ucf_g10,train,6327e6e5561a146f061bfcc438bbe6cb071853df087b75f0e1a0b3430b9ac59b,1.0,6327e6e5561a146f061bfcc438bbe6cb071853df087b75f0e1a0b3430b9ac59b,194,133,0.6855670103092784,133.0,0.4436090290546417,0.4242424368858337,1.0,0.5789473652839661,7.0,0.7196969985961914,0.0,0.2942000329494476,0.0200846120715141,0.0456090569496154,0.0055107832886278,175.7241973876953,175.0660858154297,176.45733642578125,177.11572265625,177.47438049316406,173.48162841796875,155.5531768798828,138.7256622314453,165.24774169921875,163.7122344970703,164.88067626953125,174.69700622558594,172.63148498535156,172.01480102539062,172.4803009033203,175.2937774658203,173.22402954101562,155.9010009765625,160.86964416503906,168.84664916992188,55.56339263916016,74.44166564941406,46.527122497558594,33.50164031982422,28.21726417541504,18.394145965576172,46.79037094116211,174.19888305664062,170.55430603027344,170.8434295654297,14.906064987182615,1.162551760673523,0.6516265273094177,0.8420003652572632,0.4340475797653198,1.252164363861084,2.1097397804260254,1.5269135236740112,5.193840026855469,4.435353755950928,0.2563234567642212,0.332103431224823,0.3509773015975952,0.3570821285247803,0.3042615056037903,0.3106162250041961,0.3091461360454559,0.2811233699321747,0.2348877340555191,0.1851954013109207,0.2055119723081588,0.2587370276451111,0.2736319303512573,0.2826234400272369,0.2786021828651428,0.2961399555206299,0.3612484335899353,0.4504812061786651,0.4001583456993103,0.3566730618476867,0.4140262603759765,0.4947618842124939,0.5065016746520996,0.5104643702507019,0.5142704248428345,0.5360478162765503,0.5973934531211853,0.6849758625030518,0.642350435256958,0.5989508032798767,0.0627446398139,0.0837172716856002,0.0836628153920173,0.0834402218461036,0.052075907588005,0.0423876233398914,0.0721425414085388,0.1701423972845077,0.1674956530332565,0.1767764389514923,0.0,0.0,0.0,0.0,0.2307692319154739,0.2307692319154739,0.9285714030265808,1.0,1.0,1.0
/Users/josephkamil/Desktop/Capstone/Oly_Data/raw/clean_and_jerk/v_CleanAndJerk_g15_c01.avi,clean_and_jerk,v_CleanAndJerk_g15_c01.avi,0.25,clean_and_jerk,,yes,,olympic,clean_and_jerk_ucf_g15,train,ff6d7c5dd3be208516e9796853ca1c4937f9921fd83a0727dba00ae529a76689,1.0,ff6d7c5dd3be208516e9796853ca1c4937f9921fd83a0727dba00ae529a76689,90,90,1.0,90.0,0.7111111283302307,0.2921348214149475,1.0,0.7111111283302307,1.0,0.0786516889929771,0.0786516889929771,0.1075942814350128,0.0134434821084141,0.0921031236648559,0.0120641328394413,59.27190399169922,139.90350341796875,164.76510620117188,98.20126342773438,69.97834014892578,96.8271026611328,144.76663208007812,172.62161254882812,178.1461181640625,175.76144409179688,51.71882629394531,122.16012573242188,160.6465301513672,103.39822387695312,76.57588958740234,98.81217193603516,138.49270629882812,160.7752227783203,167.98599243164062,166.2381134033203,175.61280822753906,174.61595153808594,168.48851013183594,166.20584106445312,170.0239715576172,173.6792755126953,177.35052490234375,175.6693878173828,172.1162109375,169.7462615966797,3.3666460514068604,3.50492000579834,2.2698912620544434,1.076682209968567,0.2967890501022339,0.3804083168506622,0.9067311882972716,0.98727947473526,0.5399142503738403,0.5435299277305603,0.7609648108482361,0.6509906053543091,0.416465163230896,0.3375611305236816,0.4017205238342285,0.3706575036048889,0.2410542368888855,0.1453827023506164,0.1900491118431091,0.1673693060874939,0.5839460492134094,0.4919324517250061,0.3120340406894684,0.455980896949768,0.5233948230743408,0.4968374669551849,0.3778637647628784,0.286554217338562,0.340311735868454,0.3141136169433594,0.7179205417633057,0.62007737159729,0.5209420919418335,0.668620228767395,0.7302615642547607,0.6951071619987488,0.5996094346046448,0.5206247568130493,0.5807405710220337,0.559777557849884,0.1772025227546692,0.1590655446052551,0.1097861751914024,0.1187221705913543,0.1219148486852645,0.1262832134962082,0.1368160992860794,0.1411927193403244,0.1502975821495056,0.1468125879764557,0.0,0.0,0.1111111119389534,1.0,1.0,1.0,1.0,1.0,1.0,1.0
/Users/josephkamil/Desktop/Capstone/Oly_Data/raw/clean_and_jerk/v_CleanAndJerk_g02_c01.avi,clean_and_jerk,v_CleanAndJerk_g02_c01.avi,0.29,clean_and_jerk,,yes,,olympic,clean_and_jerk_ucf_g02,train,78dff9a1b1eee5ec4cfe1d8a873dc9a9df39e33d002ebaa61898d2001455666b,1.0,78dff9a1b1eee5ec4cfe1d8a873dc9a9df39e33d002ebaa61898d2001455666b,103,103,1.0,103.0,0.7766990065574646,0.2254901975393295,1.0,0.7766990065574646,1.0,0.0098039219155907,0.0098039219155907,0.0264461934566497,0.0051404582336544,0.0313444733619689,0.0054498594254255,94.43109130859376,153.0843505859375,125.2524642944336,60.09576416015625,78.21163940429688,132.71054077148438,170.89344787597656,178.23348999023438,177.83285522460938,178.58799743652344,84.7446060180664,147.36158752441406,122.35465240478516,58.314449310302734,74.55880737304688,131.08816528320312,166.58837890625,177.7707977294922,177.23367309570312,174.27647399902344,176.54977416992188,172.71511840820312,163.4805145263672,170.9829559326172,171.91122436523438,176.26998901367188,171.25648498535156,171.13890075683594,173.62127685546875,173.94012451171875,1.2141540050506592,3.324319362640381,2.363124370574951,3.1619818210601807,4.305106163024902,8.039830207824707,7.746447563171387,3.1221141815185547,3.1615257263183594,3.166029453277588,0.6041990518569946,0.4821123480796814,0.3983714282512665,0.4250228703022003,0.4116196036338806,0.3725264966487884,0.3117482662200928,0.3111328184604645,0.3136160671710968,0.3000865280628204,0.4947804510593414,0.3836383521556854,0.4354498386383056,0.5162237882614136,0.4988639950752258,0.4573566913604736,0.3988092243671417,0.4000954031944275,0.4046069979667663,0.3951581716537475,0.57990562915802,0.5137382745742798,0.5932098627090454,0.6645320057868958,0.6440643668174744,0.5897126197814941,0.548295259475708,0.5649691820144653,0.5701891779899597,0.5578885078430176,0.1095305681228637,0.098684087395668,0.0589472949504852,0.0912532061338424,0.0872526094317436,0.0849041938781738,0.0871065780520439,0.0889801830053329,0.0910241678357124,0.0951207429170608,0.0,0.0,0.699999988079071,1.0,1.0,1.0,1.0,1.0,1.0,1.0
/Users/josephkamil/Desktop/Capstone/Oly_Data/raw/clean_and_jerk/v_CleanAndJerk_g11_c04.avi,clean_and_jerk,v_CleanAndJerk_g11_c04.avi,0.53,clean_and_jerk,,yes,,olympic,clean_and_jerk_ucf_g11,test,d7ca4d0d7b2edf40c376d85a8674f6df5fea4ed1b75c9c7247905a3623dd21bd,1.0,d7ca4d0d7b2edf40c376d85a8674f6df5fea4ed1b75c9c7247905a3623dd21bd,207,207,1.0,207.0,0.8019323945045471,0.1990291327238083,1.0,0.8019323945045471,1.0,0.237864077091217,0.237864077091217,0.0475746989250183,0.0057921456173062,0.0716690421104431,0.0065712253563106,156.40536499023438,162.81607055664062,89.94930267333984,171.12130737304688,177.5267791748047,178.5835723876953,165.444580078125,174.84228515625,177.45994567871094,176.2154998779297,129.23004150390625,157.60617065429688,93.32979583740234,166.79928588867188,172.1170654296875,172.24818420410156,167.0553741455078,175.08514404296875,171.92816162109375,166.8141326904297,175.76051330566406,163.16848754882812,45.27729415893555,48.539546966552734,41.74559783935547,45.88869857788086,48.14773941040039,144.0443572998047,168.07962036132812,168.41073608398438,4.44857120513916,0.989284336566925,0.6255630254745483,0.9589003324508668,1.0899348258972168,0.6956732273101807,0.90099036693573,1.629799246788025,2.018695831298828,1.3821628093719482,0.5760985612869263,0.450796365737915,0.5198352336883545,0.3071051239967346,0.2711464762687683,0.2720930576324463,0.3113451600074768,0.2427054792642593,0.2301229983568191,0.1801043450832367,0.3570559620857239,0.2669181823730469,0.5323470830917358,0.3237888514995575,0.2803545594215393,0.2810311019420624,0.3252646625041961,0.3951013088226318,0.3926240503787994,0.3442120850086212,0.410893440246582,0.4372252523899078,0.7255803346633911,0.5415862798690796,0.5088016986846924,0.5143705010414124,0.5470311045646667,0.6048577427864075,0.5895609855651855,0.5519654750823975,0.2190431356430053,0.1840996295213699,0.0137924719601869,0.0174513347446918,0.0100485784932971,0.0094241602346301,0.0140210166573524,0.1526340395212173,0.1628884971141815,0.1641419827938079,0.0,0.0,1.0,1.0,1.0,1.0,1.0,1.0,1.0,1.0
/Users/josephkamil/Desktop/Capstone/Oly_Data/raw/clean_and_jerk/v_CleanAndJerk_g10_c03.avi,clean_and_jerk,v_CleanAndJerk_g10_c03.avi,0.56,clean_and_jerk,,yes,,olympic,clean_and_jerk_ucf_g10,train,ad6f1652b30ce1f9f08ca04d1538963f00f40706cdc7e535256fded714c24a94,1.0,ad6f1652b30ce1f9f08ca04d1538963f00f40706cdc7e535256fded714c24a94,204,179,0.8774509803921569,179.0,0.8100558519363403,0.0224719103425741,1.0,0.9776536226272584,19.0,0.0224719103425741,0.0056179775856435,0.2418005466461181,0.0259896628558635,0.1293427944183349,0.0077739767730236,158.08810424804688,149.45614624023438,174.31414794921875,176.1107940673828,176.2366180419922,174.5769500732422,160.0677947998047,136.15606689453125,160.34390258789062,172.2987823486328,134.96966552734375,157.8059539794922,171.64910888671875,170.6664581298828,170.57850646972656,170.04515075683594,174.12411499023438,156.43698120117188,161.37930297851562,175.506591796875,110.9644546508789,44.23455810546875,54.22496032714844,34.66664505004883,34.31577682495117,29.427879333496097,35.7860221862793,157.2729949951172,152.1199188232422,146.25149536132812,44.757720947265625,6.998048782348633,1.537470459938049,1.1415457725524902,1.1275451183319092,1.2750611305236816,0.945011019706726,3.8130247592926025,7.260639667510986,4.99055290222168,0.4403881728649139,0.5052011013031006,0.3286482691764831,0.3093126714229584,0.3255633115768432,0.3275013566017151,0.384243905544281,0.3306221663951874,0.4168475568294525,0.3837593197822571,0.3577500283718109,0.5091743469238281,0.3476452529430389,0.3325779139995575,0.3498230278491974,0.3486686050891876,0.4271078407764435,0.4886496961116791,0.4508568942546844,0.3973549306392669,0.4781950116157532,0.6709902286529541,0.5724009275436401,0.5537838935852051,0.5692772269248962,0.5709399580955505,0.6353354454040527,0.699257493019104,0.6734664440155029,0.6391884684562683,0.1022341400384903,0.0268372930586338,0.0546959899365901,0.0482291579246521,0.0483512729406356,0.0461876317858696,0.0541590452194213,0.1590331494808197,0.094964861869812,0.0704134255647659,0.2352941185235977,0.5555555820465088,0.8333333134651184,1.0,1.0,1.0,1.0,1.0,0.7777777910232544,0.6666666865348816
/Users/josephkamil/Desktop/Capstone/Oly_Data/raw/clean_and_jerk/v_CleanAndJerk_g16_c01.avi,clean_and_jerk,v_CleanAndJerk_g16_c01.avi,0.3,clean_and_jerk,,yes,,olympic,clean_and_jerk_ucf_g16,test,5bd4483342ddec5f5fbc708bc020251726a7342737b1a6af11174212c662fdb3,1.0,5bd4483342ddec5f5fbc708bc020251726a7342737b1a6af11174212c662fdb3,104,104,1.0,104.0,0.6634615659713745,0.1941747516393661,1.0,0.807692289352417,11.0,0.291262149810791,0.291262149810791,0.1488573849201202,0.0168938096612691,0.0506516695022583,0.0090354336425662,169.11610412597656,174.09864807128906,169.90333557128906,170.5830535888672,177.35362243652344,177.02572631835938,173.93203735351562,153.8833770751953,166.64889526367188,172.98512268066406,170.75450134277344,176.66806030273438,170.67433166503906,174.10165405273438,172.1722412109375,174.2866973876953,170.59927368164062,156.83692932128906,165.89422607421875,173.51930236816406,167.27932739257812,140.55758666992188,86.12651062011719,61.87140655517578,14.455946922302246,7.495543479919434,21.864971160888672,161.55372619628906,175.71151733398438,168.66139221191406,18.799549102783203,3.9746944904327393,5.387876510620117,4.419188976287842,1.6879557371139526,0.710964024066925,2.0914416313171387,0.9312081933021544,2.0834603309631348,1.4192942380905151,0.6081327199935913,0.4077640175819397,0.3882434964179992,0.3603305220603943,0.1873427331447601,0.2187660932540893,0.2633795142173767,0.1565280109643936,0.1078775972127914,0.0826889052987098,0.395154744386673,0.2248193919658661,0.3905687034130096,0.3495552837848663,0.2097512334585189,0.2304671555757522,0.2843161523342132,0.355356216430664,0.321865975856781,0.2939563989639282,0.50029057264328,0.4423861503601074,0.5695744752883911,0.5409815311431885,0.4531446695327759,0.4717582166194916,0.5201033353805542,0.5886123776435852,0.5609093904495239,0.5427285432815552,0.2148491591215133,0.1846503466367721,0.0445902980864048,0.0239797346293926,0.0370923541486263,0.0337672680616378,0.0417567528784275,0.1995389014482498,0.2143257111310959,0.2124624103307724,0.0,0.0,0.5454545617103577,0.2000000029802322,1.0,0.8999999761581421,0.8999999761581421,1.0,1.0,1.0
/Users/josephkamil/Desktop/Capstone/Oly_Data/raw/clean_and_jerk/v_CleanAndJerk_g06_c04.avi,clean_and_jerk,v_CleanAndJerk_g06_c04.avi,0.64,clean_and_jerk,,yes,,olympic,clean_and_jerk_ucf_g06,dev,057a3e2ad826b4e86708c7be8c35245db88ce132e059a0d88caf87748927e417,1.0,057a3e2ad826b4e86708c7be8c35245db88ce132e059a0d88caf87748927e417,246,246,1.0,246.0,0.792682945728302,0.1469387710094452,1.0,0.8536585569381714,15.0,0.2000000029802322,0.2000000029802322,0.0596961379051208,0.006331767886877,0.0383059978485107,0.0042496146634221,148.57630920410156,105.86288452148438,129.767578125,175.3158416748047,177.21168518066406,178.5022735595703,173.73411560058594,168.2166748046875,175.73797607421875,173.6351318359375,133.85057067871094,116.39591979980467,128.44459533691406,170.58753967285156,171.41424560546875,172.5184783935547,168.93618774414062,169.96812438964844,176.8563232421875,171.6497802734375,168.05348205566406,59.54265594482422,27.164342880249023,31.119890213012695,39.83427810668945,34.81635665893555,35.405609130859375,100.65505981445312,164.11936950683594,169.12522888183594,4.874105453491211,3.3203628063201904,0.9987581372261048,3.1338367462158203,2.404967784881592,2.8910939693450928,2.942434072494507,2.67863392829895,1.987074851989746,2.3645875453948975,0.749106228351593,0.5344927310943604,0.4764635264873504,0.3308669328689575,0.3482123613357544,0.3496838808059692,0.3527597486972809,0.2923093438148498,0.1897852271795272,0.1203925907611846,0.541073203086853,0.4887714684009552,0.4782736003398895,0.3484623730182647,0.3562760055065155,0.3571244776248932,0.3643135130405426,0.4065821468830108,0.3910941183567047,0.3273867070674896,0.6531848311424255,0.6863102912902832,0.6601760983467102,0.5720824003219604,0.5826284885406494,0.584682285785675,0.5892213582992554,0.6243212819099426,0.6210289001464844,0.5857866406440735,0.2080519050359726,0.056021012365818,0.0144831119105219,0.0179821848869323,0.0088104158639907,0.0077185560949146,0.011746309697628,0.1143463626503944,0.2013337761163711,0.2071599811315536,0.0,0.4399999976158142,0.5,0.959999978542328,1.0,1.0,1.0,1.0,1.0,1.0
/Users/josephkamil/Desktop/Capstone/Oly_Data/raw/clean_and_jerk/v_CleanAndJerk_g03_c04.avi,clean_and_jerk,v_CleanAndJerk_g03_c04.avi,0.78,clean_and_jerk,,yes,,olympic,clean_and_jerk_ucf_g03,train,eb4064236c8d70eccb5b0c1be99528bb9b2a185c9c3267e0aad5e412d65600dc,1.0,eb4064236c8d70eccb5b0c1be99528bb9b2a185c9c3267e0aad5e412d65600dc,293,293,1.0,293.0,0.723549485206604,0.2020547986030578,1.0,0.7986348271369934,11.0,0.232876718044281,0.232876718044281,0.1128235459327697,0.0056632966734468,0.0682965517044067,0.0051155751571059,68.53195190429688,155.4265899658203,101.87701416015624,164.313720703125,172.06488037109375,172.75758361816406,173.63754272460938,172.7667236328125,163.94528198242188,174.0162811279297,66.16403198242188,148.93946838378906,104.5793685913086,159.77899169921875,163.6457061767578,163.38096618652344,163.507568359375,163.21058654785156,158.73837280273438,168.23277282714844,143.74815368652344,156.10195922851562,33.00082778930664,38.26991271972656,31.113414764404297,25.060863494873047,24.148344039916992,23.367937088012695,76.50730895996094,147.25730895996094,3.3205156326293945,0.7643685340881348,1.0567458868026731,0.9479559659957886,0.5826400518417358,0.2362367808818817,0.384970098733902,0.4311958253383636,0.8627194762229919,0.688596785068512,0.696948230266571,0.5372487902641296,0.5177814960479736,0.2575041055679321,0.2155753374099731,0.2237351238727569,0.2252357751131057,0.2284214198589325,0.2216036915779113,0.1219261959195137,0.4955918490886688,0.3054093718528747,0.5190263986587524,0.2716934382915497,0.2371073812246322,0.2406964004039764,0.242689698934555,0.2436917871236801,0.320741206407547,0.3268315196037292,0.6235288381576538,0.500767171382904,0.7414902448654175,0.535680890083313,0.50649493932724,0.5055882930755615,0.5058593153953552,0.5068773627281189,0.5726248621940613,0.5797197222709656,0.2014376670122146,0.2319830060005188,0.0089793838560581,0.0179365556687116,0.0219423398375511,0.0175557136535644,0.0176957361400127,0.0154792154207825,0.0997147411108017,0.2049793303012848,0.0,0.0,0.4827586114406585,0.800000011920929,1.0,1.0,1.0,1.0,0.931034505367279,1.0
/Users/josephkamil/Desktop/Capstone/Oly_Data/raw/clean_and_jerk/v_CleanAndJerk_g03_c03.avi,clean_and_jerk,v_CleanAndJerk_g03_c03.avi,0.73,clean_and_jerk,,yes,,olympic,clean_and_jerk_ucf_g03,train,5f4806260efdde00a39638e544786bd8d14d17b805e191e89441599a3dbee45d,1.0,5f4806260efdde00a39638e544786bd8d14d17b805e191e89441599a3dbee45d,276,276,1.0,276.0,0.8514492511749268,0.1236363649368286,1.0,0.8768116235733032,7.0,0.1709090918302536,0.1745454519987106,0.0922344923019409,0.0052724932320415,0.1181856393814086,0.0048719746991992,148.35194396972656,101.77948760986328,164.93125915527344,175.4970703125,176.61033630371094,176.6060791015625,177.6753387451172,175.92832946777344,168.7621307373047,175.18521118164062,134.7890167236328,99.32737731933594,156.27789306640625,164.24160766601562,164.29037475585938,164.27392578125,164.5175018310547,163.69554138183594,162.7961883544922,172.7792205810547,170.27003479003906,67.57036590576172,27.125741958618164,36.79976272583008,36.699432373046875,35.14051055908203,34.32976531982422,33.5019416809082,97.8583755493164,172.8939666748047,0.6168509125709534,0.740898072719574,0.3696604967117309,0.7383353114128113,0.619086742401123,0.4857454299926758,0.4664071500301361,0.4276023209095001,0.8286095261573792,2.5285441875457764,0.5917031764984131,0.4864844381809234,0.2746336460113525,0.1878915727138519,0.1828757673501968,0.185072973370552,0.189178004860878,0.1975935101509094,0.2067780047655105,0.136298730969429,0.3239817917346954,0.451270043849945,0.2930456697940826,0.2127881497144699,0.2128712683916092,0.2146362960338592,0.2169877290725708,0.2240719199180603,0.320743590593338,0.3523599803447723,0.4828632473945617,0.704649806022644,0.5548535585403442,0.4975327849388122,0.4984414875507355,0.4995431303977966,0.4999854862689972,0.503393292427063,0.5755903124809265,0.5968641042709351,0.2677634656429291,0.0519607439637184,0.0203383639454841,0.0249049626290798,0.0300094373524189,0.0295719653367996,0.0278181098401546,0.0264884307980537,0.1144382879137992,0.2160854637622833,0.0,0.6428571343421936,0.8518518805503845,1.0,1.0,1.0,1.0,1.0,1.0,1.0
/Users/josephkamil/Desktop/Capstone/Oly_Data/raw/clean_and_jerk/v_CleanAndJerk_g11_c01.avi,clean_and_jerk,v_CleanAndJerk_g11_c01.avi,0.54,clean_and_jerk,,yes,,olympic,clean_and_jerk_ucf_g11,test,2ee1eaa097ca88b2d954ab8aecd292a94839067bac99fb38def9ec8ce52140e4,1.0,2ee1eaa097ca88b2d954ab8aecd292a94839067bac99fb38def9ec8ce52140e4,207,207,1.0,207.0,0.6811594367027283,0.2621359229087829,1.0,0.739130437374115,7.0,0.3058252334594726,0.2961165010929107,0.0550641417503356,0.0056876856833696,0.1112927496433258,0.0057457559742033,127.70085144042967,143.27328491210938,133.11354064941406,118.70418548583984,169.60263061523438,179.38986206054688,168.98056030273438,160.10745239257812,173.7897491455078,175.06455993652344,121.5351104736328,133.08848571777344,130.1739044189453,115.89825439453124,165.2227325439453,169.72982788085938,164.1385498046875,154.33526611328125,167.61676025390625,168.1300811767578,162.47183227539062,167.29556274414062,108.82675170898438,43.285499572753906,38.22632598876953,37.37300491333008,38.76219940185547,166.67149353027344,178.5776824951172,178.14208984375,0.5008906126022339,0.4397557079792022,0.8253621459007263,2.1030333042144775,0.5737912058830261,0.2348226606845855,0.6173242330551147,1.2644473314285278,0.9602654576301576,0.2905689775943756,0.5905649662017822,0.5712774991989136,0.4285875856876373,0.4695567190647125,0.3039383292198181,0.280859500169754,0.3046850860118866,0.2119786888360977,0.1569334119558334,0.1626632064580917,0.3699644207954407,0.3471081852912903,0.3162263631820678,0.4680500030517578,0.3165936768054962,0.2984134554862976,0.3235796391963959,0.3989979922771454,0.3475836217403412,0.3470138013362884,0.4874939918518066,0.4595339596271515,0.5318148136138916,0.6833627223968506,0.5507392883300781,0.5351929664611816,0.5604386329650879,0.6280600428581238,0.5745913982391357,0.5776723027229309,0.2206250131130218,0.2241942286491394,0.120044469833374,0.0100713297724723,0.0132931387051939,0.0178888700902462,0.0191637594252824,0.1871030032634735,0.1907196342945099,0.1843558847904205,0.0,0.0,0.3333333432674408,0.449999988079071,1.0,1.0,1.0,1.0,1.0,1.0
/Users/josephkamil/Desktop/Capstone/Oly_Data/raw/clean_and_jerk/v_CleanAndJerk_g17_c01.avi,clean_and_jerk,v_CleanAndJerk_g17_c01.avi,0.26,clean_and_jerk,,yes,,olympic,clean_and_jerk_ucf_g17,train,8eab765a7be88f63c44c18f785c38b8ec465e066f4843659bbd3ca588bc524bc,1.0,8eab765a7be88f63c44c18f785c38b8ec465e066f4843659bbd3ca588bc524bc,88,88,1.0,88.0,0.4204545319080353,0.3333333432674408,1.0,0.6704545617103577,5.0,0.0344827584922313,0.1034482792019844,0.0754174292087555,0.0121288187801837,0.0258919596672058,0.0071421647444367,113.7425308227539,150.18618774414062,170.24569702148438,169.44873046875,175.37379455566406,169.4058837890625,163.50445556640625,162.89515686035156,160.55067443847656,175.36239624023438,122.50523376464844,143.40521240234375,168.49578857421875,158.9978790283203,163.33116149902344,170.29931640625,170.48187255859375,161.0543670654297,163.96250915527344,168.32115173339844,169.114990234375,163.77098083496094,93.43049621582033,41.2545166015625,6.689634323120117,43.50838470458984,19.628192901611328,131.58126831054688,169.5826873779297,169.27352905273438,38.305938720703125,31.88467025756836,8.453903198242188,7.654229164123535,5.546857833862305,5.364699363708496,5.884359359741211,8.002006530761719,5.699198246002197,6.780053615570068,0.654819667339325,0.5799948573112488,0.3539296984672546,0.2729796767234802,0.2379585057497024,0.2804702818393707,0.3065458834171295,0.181329995393753,0.1884054541587829,0.1607411503791809,0.4478072822093963,0.384660392999649,0.2458700835704803,0.2529018819332123,0.2395645827054977,0.2499081939458847,0.28872150182724,0.333620011806488,0.3898094892501831,0.3619524836540222,0.5193473100662231,0.4716293513774872,0.4136468470096588,0.4654771089553833,0.4402588009834289,0.452046275138855,0.4898685216903686,0.5341824293136597,0.6069544553756714,0.5784782767295837,0.2071067988872528,0.1954077631235122,0.1087367087602615,0.0343634560704231,0.0195377692580223,0.038920983672142,0.0366515256464481,0.153006374835968,0.2017169445753097,0.2013611793518066,0.0,0.0,0.0,0.2222222238779068,0.5555555820465088,0.0,0.3333333432674408,1.0,1.0,1.0
/Users/josephkamil/Desktop/Capstone/Oly_Data/raw/clean_and_jerk/v_CleanAndJerk_g13_c01.avi,clean_and_jerk,v_CleanAndJerk_g13_c01.avi,0.22,snatch,,yes,,olympic,snatch_and_jerk_ucf_g13,test,bba70a9ed8bc1918ab91212833764eec557974b5e7ebbdfb4b622b84dc1a53f2,1.0,bba70a9ed8bc1918ab91212833764eec557974b5e7ebbdfb4b622b84dc1a53f2,81,81,1.0,81.0,0.4814814925193786,0.4000000059604645,1.0,0.604938268661499,5.0,0.125,0.4875000119209289,0.2489490509033203,0.0264378637075424,0.0399927496910095,0.0076986625790596,62.979270935058594,54.289588928222656,156.8333740234375,165.8546600341797,133.239501953125,172.29617309570312,117.26901245117188,80.74267578125,146.6826629638672,110.414306640625,81.47105407714844,87.76797485351562,130.83444213867188,163.11740112304688,90.68083190917967,13.35605812072754,62.1468620300293,152.90711975097656,170.55194091796875,176.40704345703125,167.28524780273438,171.706787109375,173.54562377929688,170.7628936767578,146.87135314941406,156.89254760742188,162.1162109375,173.91282653808594,173.53204345703125,168.28216552734375,2.7008423805236816,4.76400089263916,2.4119644165039062,2.6311819553375244,0.917375385761261,0.908972978591919,0.7381227612495422,2.6136929988861084,1.0103771686553955,0.728265643119812,0.78084397315979,0.7682693004608154,0.6926654577255249,0.5455460548400879,0.5102404356002808,0.6629804372787476,0.5139791369438171,0.3787378072738647,0.2974851727485657,0.285481333732605,0.640434741973877,0.6296501159667969,0.5476057529449463,0.446258544921875,0.5256112813949585,0.6118715405464172,0.570610761642456,0.4902007579803467,0.4158145785331726,0.4076567888259887,0.7477737069129944,0.7293264865875244,0.669731855392456,0.6124226450920105,0.7020962834358215,0.745773196220398,0.7109449505805969,0.6677563786506653,0.6280304193496704,0.6291832327842712,0.1414339542388916,0.1391260623931884,0.145075038075447,0.0997710227966308,0.076254054903984,0.0975079238414764,0.0938640385866165,0.1115462034940719,0.1183594241738319,0.12219849973917,0.0,0.0,0.0,0.0,0.75,0.25,0.75,1.0,1.0,1.0
/Users/josephkamil/Desktop/Capstone/Oly_Data/raw/clean_and_jerk/v_CleanAndJerk_g15_c04.avi,clean_and_jerk,v_CleanAndJerk_g15_c04.avi,0.29,clean_and_jerk,,yes,,olympic,clean_and_jerk_ucf_g15,train,b5ea08f7ed6afd814d541bb0ce84e6dd7cf26d2ba5b5295f2eeb5e0ee1c88da0,1.0,b5ea08f7ed6afd814d541bb0ce84e6dd7cf26d2ba5b5295f2eeb5e0ee1c88da0,111,111,1.0,111.0,0.6936936974525452,0.3090909123420715,1.0,0.6936936974525452,1.0,0.4000000059604645,0.1000000014901161,0.0423563718795776,0.0079781506210565,0.0656972527503967,0.0073996437713503,93.70053100585938,107.32317352294922,164.88694763183594,94.1688995361328,68.93431854248047,130.56065368652344,168.6099090576172,178.19268798828125,175.16421508789062,176.90638732910156,86.2185287475586,95.4597625732422,155.93504333496094,93.8644790649414,72.02650451660156,126.93427276611328,155.54127502441406,165.30552673339844,165.27952575683594,165.4416046142578,169.7806396484375,174.91607666015625,175.2021026611328,158.78807067871094,162.24945068359375,160.8056640625,168.08175659179688,163.94679260253906,162.74952697753906,160.99017333984375,1.8520954847335815,3.331768274307251,2.7020833492279053,2.119065284729004,2.649482488632202,1.4402787685394287,0.479939192533493,0.2661174833774566,0.2802388966083526,0.6202495694160461,0.753333330154419,0.6955940127372742,0.4770050942897796,0.3700273334980011,0.4100611805915832,0.3105097115039825,0.1738954484462738,0.1381943970918655,0.1342479139566421,0.1332534700632095,0.5757943987846375,0.5277563333511353,0.3372209966182709,0.4588273763656616,0.5243313312530518,0.4193413555622101,0.2877821922302246,0.2572327852249145,0.257129967212677,0.2558989822864532,0.6978960633277893,0.6532320380210876,0.523088276386261,0.6680276393890381,0.7302650809288025,0.6181922554969788,0.5129274129867554,0.4906180500984192,0.4916312098503113,0.4925210475921631,0.1786264777183532,0.1680296510457992,0.1398448348045349,0.1006559357047081,0.1144820749759674,0.1088878884911537,0.113891489803791,0.1190416514873504,0.1228874027729034,0.1226559653878212,0.0,0.0,0.0,0.9090909361839294,1.0,1.0,1.0,1.0,1.0,1.0
/Users/josephkamil/Desktop/Capstone/Oly_Data/raw/clean_and_jerk/v_CleanAndJerk_g22_c04.avi,clean_and_jerk,v_CleanAndJerk_g22_c04.avi,0.64,clean_and_jerk,,yes,,olympic,clean_and_jerk_ucf_g22,dev,6e787d3822b78613955254803d50a10a23fab340344031380e5ba3469334847b,1.0,6e787d3822b78613955254803d50a10a23fab340344031380e5ba3469334847b,242,242,1.0,242.0,0.8181818127632141,0.1659751087427139,1.0,0.8347107172012329,5.0,0.1991701275110244,0.1991701275110244,0.0497073233127594,0.006177894771099,0.0641987919807434,0.0051183947362005,136.48963928222656,136.6332550048828,83.43820190429688,151.2070770263672,175.86248779296875,177.9314422607422,175.3304443359375,162.5482635498047,164.97613525390625,175.87716674804688,130.76406860351562,138.3904571533203,82.50386810302734,152.1317901611328,170.23121643066406,171.1519775390625,170.7147979736328,167.0868682861328,175.18495178222656,174.58201599121094,173.7064971923828,114.48199462890624,40.35011291503906,42.879520416259766,56.24201965332031,37.5141487121582,33.19845199584961,89.84549713134766,175.1353302001953,172.67625427246094,9.670421600341797,4.07597017288208,1.766454815864563,1.8071578741073608,1.2647745609283447,0.7617979645729065,0.4723571836948395,0.7435073256492615,2.110969305038452,1.89165461063385,0.7849008440971375,0.5241075158119202,0.4807395935058594,0.3751747906208038,0.3162663877010345,0.3022654354572296,0.3042372167110443,0.263677567243576,0.1403862833976745,0.1347603648900985,0.5628347992897034,0.4188141822814941,0.5022980570793152,0.393591046333313,0.3255789577960968,0.3148491084575653,0.3211404979228973,0.3638690412044525,0.361284464597702,0.3604241907596588,0.6883969306945801,0.6381304860115051,0.7062187194824219,0.6198633313179016,0.5682753324508667,0.5616347193717957,0.5663590431213379,0.5980561375617981,0.6051295399665833,0.6058425307273865,0.2222812622785568,0.117101214826107,0.0325034968554973,0.0277803670614957,0.0187458898872137,0.0188255980610847,0.0195618793368339,0.1062908098101615,0.2209929674863815,0.2258317619562149,0.0,0.2083333283662796,1.0,0.9583333134651184,1.0,1.0,1.0,1.0,1.0,1.0
/Users/josephkamil/Desktop/Capstone/Oly_Data/raw/clean_and_jerk/v_CleanAndJerk_g01_c01.avi,clean_and_jerk,v_CleanAndJerk_g01_c01.avi,0.3,clean_and_jerk,,yes,,olympic,clean_and_jerk_ucf_g01,test,03a3f82bb8c3dce94b17b25d14747b3378db9e762f6ddecf9212120d40f9806b,1.0,03a3f82bb8c3dce94b17b25d14747b3378db9e762f6ddecf9212120d40f9806b,100,90,0.9,90.0,0.422222226858139,0.1460674107074737,0.6067415475845337,0.4666666686534881,4.0,1.0,1.0,0.157025933265686,0.0157965365797281,0.032167375087738,0.0051960013806819,178.46502685546875,169.13128662109375,173.6020965576172,161.5107421875,173.41082763671875,176.827880859375,175.18934631347656,177.5602569580078,172.88377380371094,154.70863342285156,165.54200744628906,162.85841369628906,167.0084686279297,162.14938354492188,172.28085327148438,170.74575805664062,166.4119873046875,164.82723999023438,159.382080078125,139.05126953125,144.28370666503906,54.515830993652344,32.770660400390625,145.6513671875,166.9290008544922,78.12176513671875,53.08564376831055,136.21641540527344,134.76556396484375,154.93069458007812,1.2419171333312988,1.6792998313903809,1.3878462314605713,1.4866735935211182,1.4316041469573977,0.7515921592712402,0.6787960529327393,1.3044211864471436,3.666658639907837,7.532987594604492,0.4554554224014282,0.3523472845554352,0.3098501861095428,0.2159933000802993,0.1754301041364669,0.2701487839221954,0.3658584356307983,0.4466841518878937,0.5572837591171265,0.7180004715919495,0.3305040597915649,0.3317391872406006,0.3296019732952118,0.3541246652603149,0.3362720906734466,0.3376461267471313,0.3495357930660248,0.3661364614963531,0.4300269484519958,0.5668267607688904,0.5010731220245361,0.5046840906143188,0.5049401521682739,0.5496484041213989,0.5318325161933899,0.5150298476219177,0.5184993743896484,0.5420907735824585,0.5934217572212219,0.6604442000389099,0.1252122223377227,0.0353817157447338,0.0236677099019289,0.1381395757198333,0.1608596742153167,0.0676480010151863,0.0213262140750885,0.0822238773107528,0.1276090443134308,0.1518658995628357,0.0,0.5555555820465088,0.5555555820465088,1.0,1.0,1.0,0.1111111119389534,0.0,0.0,0.0
/Users/josephkamil/Desktop/Capstone/Oly_Data/raw/clean_and_jerk/v_CleanAndJerk_g04_c05.avi,clean_and_jerk,v_CleanAndJerk_g04_c05.avi,0.6,clean_and_jerk,,yes,,olympic,clean_and_jerk_ucf_g04,train,8bb9bef348427fb8412e34d2543bf9c3ee65e5cd6c596b7669ee6f34f4498d2e,1.0,8bb9bef348427fb8412e34d2543bf9c3ee65e5cd6c596b7669ee6f34f4498d2e,237,234,0.9873417721518988,234.0,0.504273533821106,0.0987124443054199,1.0,0.9017093777656556,25.0,0.175965666770935,0.0,0.1060872673988342,0.0074579347856342,0.0356011986732482,0.0037611811421811,167.08372497558594,79.9326400756836,151.2661590576172,176.6433868408203,176.9470672607422,174.8826141357422,176.0445556640625,177.31378173828125,174.7878875732422,174.6884307861328,135.9783172607422,83.59310150146484,146.3034210205078,171.05528259277344,171.27040100097656,174.23199462890625,171.82040405273438,171.05885314941406,174.29327392578125,176.88819885253906,127.54449462890624,21.188373565673828,11.221287727355955,25.78173828125,19.744781494140625,39.22551345825195,26.11243438720703,8.20004653930664,85.34320068359375,171.5640106201172,37.10399627685547,7.97837495803833,2.4519970417022705,0.8690693974494934,1.1596013307571411,3.30090069770813,1.5283877849578855,0.8772883415222168,1.8370792865753176,0.8192568421363831,0.5245866179466248,0.5268625020980835,0.4293783605098724,0.3431901037693023,0.3422216475009918,0.3403237164020538,0.3408081233501434,0.3662184774875641,0.2980286478996277,0.1845847815275192,0.4297204613685608,0.5269280076026917,0.4179181158542633,0.3366250991821289,0.3373366892337799,0.3582069277763366,0.3485976159572601,0.3609173595905304,0.3598140776157379,0.3284357786178589,0.5349839329719543,0.6575364470481873,0.5729113221168518,0.5157518982887268,0.5142940878868103,0.5243348479270935,0.5165377855300903,0.5271656513214111,0.5294669270515442,0.5163658857345581,0.0960164070129394,0.0180444363504648,0.0177064407616853,0.0107668694108724,0.0108204036951065,0.0205103810876607,0.0112674171105027,0.0093050943687558,0.0701522901654243,0.1439821571111679,0.0,0.47826087474823,0.1666666716337204,0.1739130467176437,0.3333333432674408,1.0,0.8695651888847351,0.25,0.782608687877655,1.0
/Users/josephkamil/Desktop/Capstone/Oly_Data/raw/clean_and_jerk/v_CleanAndJerk_g12_c06.avi,clean_and_jerk,v_CleanAndJerk_g12_c06.avi,0.38,clean_and_jerk,,yes,,olympic,clean_and_jerk_ucf_g12,train,00e2337a35e837a68fd00faaec6070e686c231718fadc01a03373cd8a143d840,1.0,00e2337a35e837a68fd00faaec6070e686c231718fadc01a03373cd8a143d840,151,150,0.9933774834437086,150.0,0.6666666865348816,0.0,1.0,1.0,24.0,0.0604026839137077,0.268456369638443,0.1349460482597351,0.0151068093255162,0.0411586761474609,0.0057810172438621,72.65586853027344,132.08114624023438,63.582759857177734,104.03136444091795,163.79937744140625,177.483642578125,173.27389526367188,137.2498321533203,169.73231506347656,177.62496948242188,153.45541381835938,157.69149780273438,78.4107666015625,105.41683959960938,165.27850341796875,175.2222137451172,174.060302734375,163.3645782470703,175.93482971191406,177.64524841308594,148.36109924316406,151.04078674316406,62.26521301269531,44.61793899536133,49.9791145324707,21.845090866088867,20.10705184936523,98.63853454589844,141.2609100341797,167.97671508789062,106.55213928222656,3.636479616165161,10.11045742034912,18.206165313720703,4.575798034667969,4.982133865356445,4.620819568634033,3.7488975524902344,2.6170287132263184,1.5985877513885498,0.5393117666244507,0.4658083617687225,0.5298647284507751,0.4755135774612427,0.3709565103054046,0.3262618482112884,0.3220225274562835,0.410796046257019,0.1904883682727813,0.1503968834877014,0.54446941614151,0.3793903291225433,0.5244038701057434,0.4794337451457977,0.3528212308883667,0.3381388485431671,0.339156299829483,0.3712698817253113,0.305577665567398,0.3052321076393127,0.5532920360565186,0.5340230464935303,0.6621735692024231,0.6057910919189453,0.5158140659332275,0.5060591101646423,0.5039399862289429,0.5325713157653809,0.4898139536380768,0.4903900325298309,0.1126966178417205,0.1005138158798217,0.0458016246557235,0.0441964417695999,0.0458661243319511,0.0325619392096996,0.0289941616356372,0.0696319267153739,0.1182680875062942,0.1548488438129425,0.6666666865348816,0.1333333402872085,0.6666666865348816,0.800000011920929,0.3333333432674408,0.7333333492279053,0.8666666746139526,0.4666666686534881,1.0,1.0
/Users/josephkamil/Desktop/Capstone/Oly_Data/raw/clean_and_jerk/v_CleanAndJerk_g19_c01.avi,clean_and_jerk,v_CleanAndJerk_g19_c01.avi,0.76,clean_and_jerk,,yes,,olympic,clean_and_jerk_ucf_g19,train,080ac19293d3f274343a391057c408f946910d5f10804449f4b9d2693e5ba6f1,1.0,080ac19293d3f274343a391057c408f946910d5f10804449f4b9d2693e5ba6f1,290,289,0.996551724137931,289.0,0.5674740672111511,0.4131944477558136,1.0,0.5882353186607361,9.0,0.4652777910232544,0.1284722238779068,0.0532315671443939,0.0055866222828626,0.107906699180603,0.0047093192115426,154.7828826904297,156.62001037597656,149.66989135742188,136.57325744628906,112.26505279541016,162.88949584960938,177.16555786132812,164.79159545898438,175.40699768066406,176.4405975341797,16.645496368408203,20.72455406188965,30.15386199951172,121.65899658203124,113.74041748046876,158.76895141601562,168.09127807617188,164.35745239257812,174.5758514404297,168.14614868164062,174.89401245117188,174.84149169921875,172.20045471191406,175.14353942871094,53.05216979980469,37.14039611816406,26.987890243530273,56.526763916015625,173.68310546875,173.2926483154297,163.31556701660156,158.90061950683594,146.5275115966797,9.11298656463623,1.8236945867538452,1.11290442943573,0.930693745613098,1.2466095685958862,0.9402280449867249,0.6740502715110779,0.8415637612342834,0.8226755261421204,0.8395498991012573,0.7198122143745422,0.5522168278694153,0.4113701581954956,0.3873060047626495,0.3741239309310913,0.2052032500505447,0.1840530037879943,0.6474714279174805,0.6226109266281128,0.6352983117103577,0.516456663608551,0.5482606291770935,0.4289503097534179,0.4031162858009338,0.4241254031658172,0.400650680065155,0.3718275427818298,0.5617567896842957,0.5545732975006104,0.58318692445755,0.644158124923706,0.7265016436576843,0.6298086047172546,0.6044749617576599,0.6253091096878052,0.6224004030227661,0.5880264043807983,0.195086270570755,0.2003239244222641,0.2043717950582504,0.2034491896629333,0.0291807278990745,0.019468005746603,0.0159429889172315,0.0510296039283275,0.1955445259809494,0.1877969652414322,0.0,0.0,0.0,0.0,0.7241379022598267,0.9655172228813172,1.0,0.9655172228813172,1.0,1.0
/Users/josephkamil/Desktop/Capstone/Oly_Data/raw/clean_and_jerk/v_CleanAndJerk_g24_c02.avi,clean_and_jerk,v_CleanAndJerk_g24_c02.avi,0.79,clean_and_jerk,,yes,,olympic,clean_and_jerk_ucf_g24,train,c936ce721793753ae8000c7b516a26e6f226be3c5b8d99d05774d2db78b164ca,1.0,c936ce721793753ae8000c7b516a26e6f226be3c5b8d99d05774d2db78b164ca,263,234,0.8897338403041825,234.0,0.5982906222343445,0.1888412088155746,1.0,0.811965823173523,23.0,0.227467805147171,0.227467805147171,0.1595820188522339,0.007781280670315,0.1540507674217224,0.0057916566729545,93.2749252319336,142.90211486816406,122.20987701416016,165.3732452392578,175.0464324951172,177.9972381591797,161.48861694335938,126.78214263916016,153.8451690673828,176.1531524658203,74.62439727783203,135.3125457763672,124.90145111083984,159.191650390625,167.7353057861328,171.82241821289062,159.64779663085938,121.87764739990234,142.1688232421875,171.6267547607422,174.57485961914062,169.0001983642578,57.0413932800293,63.41457748413086,60.26655197143555,50.397823333740234,56.78593826293945,139.63246154785156,170.97366333007812,172.671630859375,25.99888038635254,11.171675682067873,1.5381196737289429,1.0462095737457275,0.478926807641983,1.2732479572296145,1.5697736740112305,2.103327989578247,7.393954753875732,5.538379669189453,0.8506730794906616,0.6573217511177063,0.5250611901283264,0.4287897646427154,0.4172146022319793,0.4223282933235168,0.4490572512149811,0.3673992156982422,0.2711837887763977,0.2096730321645736,0.6568266749382019,0.5100477337837219,0.5203638076782227,0.433959424495697,0.422236680984497,0.4241873323917389,0.4467585682868957,0.4944180250167846,0.448261559009552,0.3904193937778473,0.7567808628082275,0.6638429760932922,0.7014498710632324,0.6231001019477844,0.6116783022880554,0.6139213442802429,0.637032151222229,0.7001946568489075,0.6629840731620789,0.6068289875984192,0.1942371726036071,0.1559561938047409,0.0383647680282592,0.0236764680594205,0.0221936553716659,0.0226150266826152,0.023298779502511,0.1361865252256393,0.1771568804979324,0.1809088736772537,0.0,0.0434782616794109,0.4583333432674408,0.739130437374115,1.0,0.5652173757553101,0.304347813129425,0.8333333134651184,1.0,1.0
/Users/josephkamil/Desktop/Capstone/Oly_Data/raw/clean_and_jerk/v_CleanAndJerk_g21_c02.avi,clean_and_jerk,v_CleanAndJerk_g21_c02.avi,0.28,clean_and_jerk,,yes,,olympic,clean_and_jerk_ucf_g21,train,41bf7ddbea17aa565656ab1e7586b280f44c6fd536b5a128cbfe9f0dd8081d2f,1.0,41bf7ddbea17aa565656ab1e7586b280f44c6fd536b5a128cbfe9f0dd8081d2f,95,95,1.0,95.0,0.7157894968986511,0.2872340381145477,1.0,0.7157894968986511,1.0,0.0212765950709581,0.010638297535479,0.1051871180534362,0.01681356318295,0.0582480430603027,0.0077657387591898,31.26558494567871,135.36312866210938,151.97927856445312,69.29776000976562,72.855712890625,151.93003845214844,162.2753448486328,173.08389282226562,174.88018798828125,175.9302215576172,64.8675537109375,130.65921020507812,167.87974548339844,108.8061294555664,82.89315795898438,142.4485626220703,156.39390563964844,170.82275390625,177.02049255371094,174.02401733398438,172.6328887939453,174.08242797851562,154.2547149658203,134.741455078125,153.0380859375,79.83548736572266,143.59893798828125,129.97213745117188,124.915771484375,102.95597839355467,4.178686141967773,9.130765914916992,8.837732315063477,4.959988594055176,5.2940192222595215,9.968169212341309,8.827614784240723,5.090159893035889,4.7993645668029785,4.231759548187256,0.8028562068939209,0.7071307897567749,0.5190278887748718,0.4694431722164154,0.4690816700458526,0.4593690931797027,0.311878353357315,0.3117739558219909,0.332232266664505,0.336473673582077,0.6324496269226074,0.5347498059272766,0.4271138906478882,0.5632432103157043,0.5942606925964355,0.5263965725898743,0.4094703495502472,0.3993379473686218,0.3832817077636719,0.3876487612724304,0.7759130001068115,0.6783172488212585,0.6135990023612976,0.7690854072570801,0.7673241496086121,0.6799466609954834,0.6091939210891724,0.6140581369400024,0.6102225184440613,0.6137253642082214,0.170720100402832,0.1725524961948394,0.1256187558174133,0.1006541401147842,0.1259942650794983,0.0712122246623039,0.0988326519727706,0.0903900191187858,0.0537242703139781,0.055879883468151,0.0,0.0,0.1111111119389534,1.0,1.0,1.0,1.0,1.0,1.0,1.0
/Users/josephkamil/Desktop/Capstone/Oly_Data/raw/clean_and_jerk/v_CleanAndJerk_g09_c01.avi,clean_and_jerk,v_CleanAndJerk_g09_c01.avi,0.6,clean_and_jerk,,yes,,olympic,clean_and_jerk_ucf_g09,dev,3ce3b958e642b3025f9cf7c43ff525086b70528d88c87093d706e64e470c246d,1.0,3ce3b958e642b3025f9cf7c43ff525086b70528d88c87093d706e64e470c246d,253,252,0.9960474308300395,252.0,0.7023809552192688,0.1553784906864166,1.0,0.8452380895614624,17.0,0.7848605513572693,0.7569721341133118,0.5070454478263855,0.0148012293502688,0.6216874122619629,0.0132193332538008,164.0077362060547,134.32925415039062,164.58872985839844,171.44464111328125,179.28073120117188,176.19532775878906,178.03866577148438,140.5865020751953,172.3513641357422,170.50912475585938,144.05990600585938,126.07951354980467,150.91798400878906,164.18138122558594,173.78555297851562,175.32147216796875,174.1826934814453,30.23008728027344,169.94894409179688,173.82293701171875,175.8677520751953,78.51802825927734,23.93948554992676,20.9348201751709,23.662050247192383,21.998760223388672,18.4327392578125,139.8908233642578,169.42222595214844,170.5403594970703,1.7803332805633545,1.4428547620773315,1.8365440368652344,0.4041213095188141,0.7584203481674194,1.0786374807357788,0.7996417880058289,1.007291316986084,1.3715554475784302,0.912055730819702,0.7701939940452576,0.5461441278457642,0.4275328516960144,0.3207117319107055,0.5676307082176208,0.5674704909324646,0.6315186023712158,0.604243814945221,0.1604111641645431,0.1650629639625549,0.5372089147567749,0.4534940719604492,0.4269930124282837,0.3330873548984527,0.5894420742988586,0.6063967347145081,0.6390196084976196,0.8726528882980347,0.3796374499797821,0.3869579434394836,0.6396049857139587,0.6619580984115601,0.635205864906311,0.5768064856529236,1.2183423042297363,1.258656024932861,1.290488600730896,1.3509809970855713,0.6062071323394775,0.5985132455825806,0.2329980283975601,0.0952367037534713,0.0132374158129096,0.0164053123444318,0.0228074863553047,0.0392267927527427,0.026381904259324,0.2954294085502624,0.2193192988634109,0.2225924134254455,0.0,0.1599999964237213,0.3199999928474426,0.8799999952316284,0.9615384340286256,1.0,0.8399999737739563,0.8399999737739563,1.0,1.0
/Users/josephkamil/Desktop/Capstone/Oly_Data/raw/clean_and_jerk/v_CleanAndJerk_g03_c05.avi,clean_and_jerk,v_CleanAndJerk_g03_c05.avi,0.61,clean_and_jerk,,yes,,olympic,clean_and_jerk_ucf_g03,train,5721fb139b84c411f3b2b6da908cbfb0d7a9dcb11b19711d6c6b249d4beb3d77,1.0,5721fb139b84c411f3b2b6da908cbfb0d7a9dcb11b19711d6c6b249d4beb3d77,238,238,1.0,238.0,0.9327731132507324,0.0506329126656055,1.0,0.9495798349380492,5.0,0.0886075943708419,0.0886075943708419,0.1597063243389129,0.0060556004755198,0.1185129284858703,0.0056720674037933,114.71248626708984,125.7542953491211,169.76661682128906,172.34498596191406,173.9892120361328,172.9339141845703,159.6634979248047,163.99386596679688,176.7593994140625,176.73463439941406,113.55596160888672,121.6734390258789,163.08889770507812,166.03213500976562,165.41123962402344,164.7189483642578,156.59300231933594,163.1798553466797,171.5155792236328,169.51087951660156,111.30998229980467,48.87123489379883,41.82374954223633,49.29825973510742,45.5504150390625,46.44475173950195,79.8812255859375,176.3162384033203,178.201171875,177.792236328125,0.7645103335380554,0.2987847626209259,0.696413516998291,1.1149958372116089,0.2519290447235107,0.2057285159826278,0.4288043975830078,1.1986844539642334,2.301851272583008,1.0344237089157104,0.5051220059394836,0.4679299294948578,0.2343666404485702,0.2101226300001144,0.2119463086128235,0.2151424437761306,0.2330691367387771,0.140191376209259,0.1258390396833419,0.1227326020598411,0.3936983048915863,0.4777264297008514,0.2534959316253662,0.2334264516830444,0.2351338416337967,0.2381685078144073,0.3112261891365051,0.3406208753585815,0.3265601396560669,0.3246736228466034,0.6289076805114746,0.6935319900512695,0.5113315582275391,0.4961822926998138,0.4983467161655426,0.5002884864807129,0.5571497678756714,0.5712518095970154,0.5671719312667847,0.5707083344459534,0.1203118786215782,0.0106084095314145,0.0194117445498704,0.023359328508377,0.0234089437872171,0.0230926014482975,0.0781811773777008,0.2005593627691269,0.2008049488067627,0.2020350247621536,0.3478260934352875,0.9583333134651184,1.0,1.0,1.0,1.0,1.0,1.0,1.0,1.0
/Users/josephkamil/Desktop/Capstone/Oly_Data/raw/clean_and_jerk/v_CleanAndJerk_g07_c05.avi,clean_and_jerk,v_CleanAndJerk_g07_c05.avi,0.5,clean_and_jerk,,yes,,olympic,clean_and_jerk_ucf_g07,train,32053334a27d667bbc37e25726425bbedcb44d772b0abb6712a1226a9964fa3e,1.0,32053334a27d667bbc37e25726425bbedcb44d772b0abb6712a1226a9964fa3e,190,190,1.0,190.0,0.7947368621826172,0.1428571492433548,1.0,0.8578947186470032,9.0,0.1851851791143417,0.2010581940412521,0.0716320574283599,0.008358234539628,0.1219406723976135,0.0072943400591611,151.49746704101562,119.087890625,121.38385009765624,167.774169921875,172.96282958984375,175.3234405517578,169.65029907226562,158.3201141357422,175.08628845214844,174.3837890625,137.7003173828125,118.98846435546876,117.09876251220705,160.28651428222656,167.01564025878906,167.0767364501953,164.27854919433594,165.64321899414062,169.02085876464844,168.31890869140625,170.43081665039062,82.78468322753906,41.36680603027344,36.67454147338867,36.2145881652832,30.6018123626709,37.836673736572266,86.25970458984375,176.1792449951172,177.6125946044922,0.8610348701477051,1.0659321546554563,0.6050823330879211,1.4164459705352783,0.5778859257698059,0.6637712121009827,0.3490082919597626,1.1671041250228882,0.3413971960544586,0.7559625506401062,0.6184149384498596,0.447317510843277,0.4619226455688476,0.2702259123325348,0.2449666559696197,0.2344533801078796,0.2491668164730072,0.2368084788322448,0.1622292697429657,0.1535337269306183,0.3816263675689697,0.3801921904087066,0.4679141342639923,0.2776644229888916,0.2530320584774017,0.2482677698135376,0.2614818513393402,0.3241855502128601,0.3522706627845764,0.3410169184207916,0.5052767992019653,0.6185927987098694,0.6907464265823364,0.5325963497161865,0.5072497725486755,0.507034957408905,0.51756352186203,0.5586422681808472,0.5553568005561829,0.5524920225143433,0.2368632853031158,0.0859590172767639,0.0113342469558119,0.0135822184383869,0.0093233762308955,0.0155375720933079,0.015155560337007,0.0884497910737991,0.1900771558284759,0.1875045746564865,0.0,0.3684210479259491,0.8947368264198303,0.8421052694320679,1.0,1.0,0.8421052694320679,1.0,1.0,1.0
/Users/josephkamil/Desktop/Capstone/Oly_Data/raw/clean_and_jerk/v_CleanAndJerk_g15_c02.avi,clean_and_jerk,v_CleanAndJerk_g15_c02.avi,0.24,clean_and_jerk,,yes,,olympic,clean_and_jerk_ucf_g15,train,410697c96338ae13787cd05a4edf5dbc055a0e36da70c209267f820b7e3dbc15,1.0,410697c96338ae13787cd05a4edf5dbc055a0e36da70c209267f820b7e3dbc15,83,80,0.963855421686747,80.0,0.0,1.0,0.0,0.0,0.0,0.949367105960846,0.5189873576164246,0.0229544043540954,0.002242483664304,0.0039715766906738,0.0008723509381525,175.26803588867188,176.255126953125,173.38909912109375,174.93600463867188,172.95181274414062,174.56610107421875,168.8162841796875,171.88092041015625,165.03500366210938,162.07684326171875,172.00927734375,168.83642578125,171.24813842773438,172.0237274169922,172.09442138671875,170.11669921875,173.7034912109375,172.1141357421875,177.2010498046875,177.69705200195312,137.42259216308594,129.57196044921875,139.0404052734375,145.07931518554688,142.78775024414062,137.4287109375,134.6921844482422,138.71365356445312,154.76498413085938,154.72439575195312,3.8320608139038086,3.3070507049560547,4.967268943786621,6.5803022384643555,5.04445743560791,4.424747467041016,4.805716037750244,5.350832939147949,3.1389739513397217,1.80322527885437,0.5452598333358765,0.5568695068359375,0.5501881837844849,0.5538792610168457,0.559264063835144,0.5654028654098511,0.5674166083335876,0.5684399604797363,0.5754761695861816,0.5748221278190613,0.4343549907207489,0.4376585483551025,0.4389614462852478,0.4416095018386841,0.4432227611541748,0.4458317160606384,0.4500322341918945,0.4523337185382843,0.4556506276130676,0.456296443939209,0.5809000730514526,0.5903056263923645,0.5884453654289246,0.5869569778442383,0.589253842830658,0.5926632881164551,0.5934373140335083,0.5948407649993896,0.6014835834503174,0.6051508188247681,0.1121827661991119,0.1204978972673416,0.1132302060723304,0.1145731210708618,0.11683951318264,0.1196442991495132,0.1179619655013084,0.1172192990779876,0.1208460181951522,0.1195317879319191,0.0,0.0,0.0,0.0,0.0,0.0,0.0,0.0,0.0,0.0
/Users/josephkamil/Desktop/Capstone/Oly_Data/raw/clean_and_jerk/v_CleanAndJerk_g21_c01.avi,clean_and_jerk,v_CleanAndJerk_g21_c01.avi,0.31,clean_and_jerk,,yes,,olympic,clean_and_jerk_ucf_g21,train,10b1394d31da81b89a00a642761a92260e71d529612e3e36d9170f4c36d513bc,1.0,10b1394d31da81b89a00a642761a92260e71d529612e3e36d9170f4c36d513bc,101,77,0.7623762376237624,77.0,0.2727272808551788,0.1052631586790084,0.9736841917037964,0.8701298832893372,26.0,0.1315789520740509,0.0,0.1860451102256775,0.0599320754408836,0.1575108170509338,0.0092048626393079,132.08889770507812,65.55671691894531,82.00927734375,38.7402458190918,52.033172607421875,107.66804504394533,141.1048583984375,164.65829467773438,166.2811737060547,171.5617218017578,117.4762725830078,58.996856689453125,80.97853088378906,50.95236587524414,55.97756576538086,105.93031311035156,129.783447265625,161.16622924804688,162.43276977539062,168.1536865234375,156.47970581054688,161.60292053222656,156.43394470214844,165.1569061279297,120.78133392333984,133.5128173828125,162.36231994628906,171.4128875732422,133.84121704101562,142.07089233398438,33.809356689453125,6.738651275634766,8.269363403320312,6.851383686065674,11.0495023727417,13.875852584838867,14.616957664489746,8.608221054077148,5.00937032699585,6.591158390045166,0.6251545548439026,0.6848087906837463,0.5793427228927612,0.6279287934303284,0.565516471862793,0.5425407886505127,0.5123283267021179,0.5746239423751831,0.4014488756656647,0.3857176303863525,0.5050838589668274,0.6470954418182373,0.6040017604827881,0.6267663240432739,0.6004396080970764,0.5271357297897339,0.4636030793190002,0.4184873104095459,0.3751906454563141,0.3634644448757171,0.6120205521583557,0.7588316202163696,0.7443479895591736,0.7772642374038696,0.7535640001296997,0.687875509262085,0.6334505677223206,0.6032172441482544,0.5764907598495483,0.5623403787612915,0.1230922564864158,0.055548895150423,0.0750457048416137,0.0451921410858631,0.0596896037459373,0.0295276194810867,0.0585449524223804,0.1562701761722564,0.0533520951867103,0.049672856926918,0.0,0.125,0.5,0.4285714328289032,0.625,0.25,0.1428571492433548,0.0,0.375,0.25
/Users/josephkamil/Desktop/Capstone/Oly_Data/raw/clean_and_jerk/v_CleanAndJerk_g14_c04.avi,clean_and_jerk,v_CleanAndJerk_g14_c04.avi,0.89,clean_and_jerk,,yes,,olympic,clean_and_jerk_ucf_g14,train,7c2bd4808a02317c4813a7fd05b12934f815af9160e9aaadd59d7d813dcd99e1,1.0,7c2bd4808a02317c4813a7fd05b12934f815af9160e9aaadd59d7d813dcd99e1,345,323,0.936231884057971,323.0,0.5789473652839661,0.0869565233588218,1.0,0.9133126735687256,47.0,0.068322978913784,0.068322978913784,0.1819981336593628,0.0152065875008702,0.1161544322967529,0.0028461285401135,106.27517700195312,138.03453063964844,171.44444274902344,169.12750244140625,171.73709106445312,172.8470001220703,175.17636108398438,148.0215301513672,128.14556884765625,167.90187072753906,113.59393310546876,138.87733459472656,165.96875,166.9303741455078,166.20187377929688,167.19277954101562,169.990966796875,148.52232360839844,118.02468872070312,154.1128692626953,125.71915435791016,57.083255767822266,41.66337585449219,35.983707427978516,11.429889678955078,38.19182586669922,33.61176681518555,90.12448120117188,166.09637451171875,153.5358428955078,9.976357460021973,5.886300086975098,2.535390615463257,2.9760451316833496,4.001348495483398,3.6674447059631343,3.0711910724639893,4.087801933288574,15.125593185424805,18.73854637145996,0.5904001593589783,0.45004802942276,0.4017432332038879,0.4126280844211578,0.4118613302707672,0.4085599184036255,0.3947736322879791,0.4205422103404999,0.4601613879203796,0.3398100733757019,0.5224820375442505,0.4632678627967834,0.4103553891181946,0.4102692604064941,0.4054399728775024,0.4066001176834106,0.4042348861694336,0.4325932562351227,0.4665676951408386,0.4011838734149933,0.6308417320251465,0.5911969542503357,0.546566367149353,0.5487154126167297,0.5460986495018005,0.5430836081504822,0.5380867123603821,0.572808027267456,0.6033374667167664,0.5451521277427673,0.0785830169916153,0.0285374298691749,0.0293522924184799,0.0284177642315626,0.0202429480850696,0.0305931512266397,0.0309170745313167,0.0472150929272174,0.0751888155937194,0.0914608463644981,0.125,0.8125,0.75,0.4545454680919647,0.28125,0.375,1.0,0.71875,0.5,0.7575757503509521
/Users/josephkamil/Desktop/Capstone/Oly_Data/raw/clean_and_jerk/v_CleanAndJerk_g05_c04.avi,clean_and_jerk,v_CleanAndJerk_g05_c04.avi,0.57,clean_and_jerk,,yes,,olympic,clean_and_jerk_ucf_g05,train,cf3edd601d799766bad9026807a005aef19e8b5b0ef16c90376c78aa018b2ea1,1.0,cf3edd601d799766bad9026807a005aef19e8b5b0ef16c90376c78aa018b2ea1,206,206,1.0,206.0,0.8058252334594727,0.1609756052494049,1.0,0.8398058414459229,11.0,0.2048780471086502,0.2487804889678955,0.0458501577377319,0.0063844947144389,0.0659641623497009,0.0050429552793502,141.56204223632812,121.33949279785156,72.00336456298828,148.93482971191406,177.35638427734375,175.9443817138672,176.75953674316406,160.0177764892578,156.51600646972656,171.65232849121094,124.82035064697266,127.9812469482422,73.81919860839844,142.98854064941406,169.63185119628906,169.0112762451172,173.19483947753906,160.60809326171875,151.00669860839844,161.1954345703125,177.00537109375,123.60144805908205,60.83100128173828,73.70916748046875,90.25713348388672,48.127723693847656,47.73579788208008,117.64896392822266,91.05596160888672,175.31375122070312,7.634890556335449,3.046764373779297,3.245861768722534,1.813194990158081,0.7284626364707947,0.7136002779006958,0.6027222275733948,1.0538992881774902,1.3137023448944092,2.5976805686950684,0.7997193336486816,0.6034857630729675,0.6515352129936218,0.5202635526657104,0.4632189571857452,0.4711188673973083,0.4609105587005615,0.4698526859283447,0.4528141915798187,0.3339399993419647,0.6281720995903015,0.5423681139945984,0.6552037000656128,0.5295445919036865,0.4896829128265381,0.4955189228057861,0.4916069507598877,0.4966292381286621,0.5286083817481995,0.4973081052303314,0.7169155478477478,0.7006193995475769,0.7944385409355164,0.6865158081054688,0.6558043956756592,0.6636671423912048,0.6618334650993347,0.664955735206604,0.691950798034668,0.6715721487998962,0.1715657413005828,0.0758757218718528,0.0188595093786716,0.0298828445374965,0.0380550175905227,0.0283104833215475,0.0326168723404407,0.0419131889939308,0.0782880932092666,0.1636125296354293,0.0,0.380952388048172,0.8500000238418579,0.8095238208770752,1.0,1.0,1.0,1.0,1.0,1.0
/Users/josephkamil/Desktop/Capstone/Oly_Data/raw/clean_and_jerk/v_CleanAndJerk_g20_c02.avi,clean_and_jerk,v_CleanAndJerk_g20_c02.avi,0.74,clean_and_jerk,,yes,,olympic,clean_and_jerk_ucf_g20,train,0eddc0e1f03e03ac727c924e96a4ef292598fc54b985fc0b1a6a2f5b3b694160,1.0,0eddc0e1f03e03ac727c924e96a4ef292598fc54b985fc0b1a6a2f5b3b694160,282,145,0.5141843971631206,145.0,0.7034482955932617,0.1944444477558136,1.0,0.8068965673446655,19.0,0.9583333134651184,0.0,0.1892512440681457,0.0182746015489101,0.0360772609710693,0.0034810863435268,157.136962890625,160.73924255371094,173.80726623535156,163.58489990234375,159.63050842285156,174.30783081054688,159.3150634765625,150.06216430664062,163.67227172851562,149.6799774169922,153.29592895507812,164.0330047607422,171.84744262695312,166.46124267578125,167.0513153076172,158.74591064453125,159.72293090820312,176.7275390625,173.20753479003906,171.3133087158203,176.08792114257812,176.7686004638672,62.82419967651367,113.03024291992188,116.34394073486328,92.97584533691406,107.49185943603516,170.8374786376953,164.84451293945312,154.8004913330078,10.01677131652832,3.1235063076019287,1.6712217330932615,1.6529961824417114,1.3455268144607544,15.340134620666504,24.613210678100582,1.1430765390396118,2.360114574432373,2.60058069229126,0.6212313771247864,0.5374985933303833,0.3291665613651275,0.2880054712295532,0.339575707912445,0.4011582136154175,0.399850994348526,0.3200058043003082,0.2801915109157562,0.2447609305381775,0.4622283577919006,0.3880290389060974,0.3327913582324981,0.362177312374115,0.3720155656337738,0.3980494439601898,0.4361288845539093,0.452789157629013,0.4108545780181885,0.3736308217048645,0.5890026092529297,0.5565052032470703,0.51862633228302,0.5433451533317566,0.5508188605308533,0.5630279779434204,0.5876960754394531,0.6248655319213867,0.588176429271698,0.5675762891769409,0.1602973043918609,0.1546930968761444,0.0339370369911193,0.083377905189991,0.0529447421431541,0.0591848269104957,0.0593486987054348,0.1329797655344009,0.1329125016927719,0.1334105432033538,0.0,0.0666666701436042,0.7857142686843872,1.0,0.9285714030265808,0.6000000238418579,0.6428571343421936,1.0,1.0,1.0
/Users/josephkamil/Desktop/Capstone/Oly_Data/raw/clean_and_jerk/v_CleanAndJerk_g19_c02.avi,clean_and_jerk,v_CleanAndJerk_g19_c02.avi,0.59,clean_and_jerk,,yes,,olympic,clean_and_jerk_ucf_g19,train,2e9d7ecd3e034ed34e442f2b5edf2f7a320db4ad1cd0eec5c630d7ecb8432db7,1.0,2e9d7ecd3e034ed34e442f2b5edf2f7a320db4ad1cd0eec5c630d7ecb8432db7,229,229,1.0,229.0,0.7685589790344238,0.2105263173580169,1.0,0.7903929948806763,5.0,0.25,0.25,0.0414755344390869,0.0054211844690144,0.0494716167449951,0.0046312669292092,115.76409149169922,159.13270568847656,89.52226257324219,150.17784118652344,173.07887268066406,176.68936157226562,169.2163848876953,165.18716430664062,171.4690704345703,176.75299072265625,104.51394653320312,146.4185028076172,98.0571746826172,145.77537536621094,164.21682739257812,166.33436584472656,161.28907775878906,156.4014434814453,157.69676208496094,168.34103393554688,168.3115997314453,168.6876220703125,56.1916618347168,36.47935485839844,33.6606330871582,56.51302337646485,36.705936431884766,132.582763671875,175.5529327392578,176.8341522216797,9.582079887390137,5.0377912521362305,1.0184670686721802,0.9154876470565796,0.498821347951889,0.5815302729606628,1.1399904489517212,1.260518193244934,2.682189464569092,2.661266326904297,0.822055459022522,0.6979745030403137,0.5977605581283569,0.4920135140419006,0.4487453401088714,0.4387620091438293,0.4481073915958404,0.3787509202957153,0.3182887434959411,0.2696937918663025,0.6390914916992188,0.5247496962547302,0.602851927280426,0.5026874542236328,0.4586517512798309,0.4528208971023559,0.4571274816989898,0.5012012124061584,0.477592796087265,0.4331510066986084,0.7348243594169617,0.6710463166236877,0.7714385986328125,0.6827553510665894,0.6591681241989136,0.6543600559234619,0.655875563621521,0.7051197290420532,0.6855756640434265,0.6511693596839905,0.1833028346300125,0.1734448671340942,0.0261510200798511,0.016329426318407,0.0115196574479341,0.0149654736742377,0.0094336876645684,0.1227577030658721,0.1594998985528946,0.1636005640029907,0.0,0.0,0.8695651888847351,0.95652174949646,1.0,1.0,0.91304349899292,0.91304349899292,1.0,1.0
/Users/josephkamil/Desktop/Capstone/Oly_Data/raw/clean_and_jerk/v_CleanAndJerk_g18_c02.avi,clean_and_jerk,v_CleanAndJerk_g18_c02.avi,0.63,clean_and_jerk,,yes,,olympic,clean_and_jerk_ucf_g18,train,883a0aaab2e75e21e8effff8c1494d4c4165ff2d2b08c9eaf3c9466eb68cd063,1.0,883a0aaab2e75e21e8effff8c1494d4c4165ff2d2b08c9eaf3c9466eb68cd063,245,245,1.0,245.0,0.8285714387893677,0.1639344245195388,1.0,0.8367347121238708,3.0,0.1885245889425277,0.1885245889425277,0.0530538260936737,0.005233287345618,0.1124425828456878,0.0053880084306001,154.03114318847656,115.51981353759766,105.56636810302734,152.20213317871094,178.0222625732422,178.02476501464844,173.876953125,166.92422485351562,172.0730438232422,174.5370330810547,141.0684051513672,116.822509765625,101.37027740478516,142.16592407226562,169.26632690429688,169.6582489013672,167.78915405273438,165.45216369628906,173.5397186279297,175.35874938964844,173.4890899658203,100.68767547607422,17.656265258789062,16.777570724487305,22.5211238861084,22.630542755126953,23.196372985839844,96.83834838867188,164.26446533203125,162.70574951171875,0.8795297741889954,0.7916035652160645,4.53812837600708,4.21311616897583,0.5732519626617432,0.5046654343605042,0.3801639080047607,0.9406455755233764,2.390949964523315,0.9983837604522704,0.6160137057304382,0.498398095369339,0.4948756694793701,0.3329159915447235,0.228208303451538,0.2315569072961807,0.2448330670595169,0.2390567660331726,0.1818785667419433,0.122449055314064,0.3792401254177093,0.3912029266357422,0.4982783794403076,0.3432676792144775,0.2546371519565582,0.2586331665515899,0.2684683501720428,0.3512419760227203,0.3805855214595794,0.3219062089920044,0.4905802309513092,0.6045836210250854,0.6936206221580505,0.5541310906410217,0.4910564720630646,0.494968444108963,0.5019742250442505,0.5751115679740906,0.5877159237861633,0.5461195111274719,0.2368137836456298,0.1170728132128715,0.0044791009277105,0.0130662266165018,0.0267527606338262,0.0273930709809064,0.0238275527954101,0.112229511141777,0.1987898796796798,0.1995157450437545,0.0,0.3600000143051147,0.9166666865348816,1.0,1.0,1.0,1.0,1.0,1.0,1.0
/Users/josephkamil/Desktop/Capstone/Oly_Data/raw/clean_and_jerk/v_CleanAndJerk_g04_c02.avi,clean_and_jerk,v_CleanAndJerk_g04_c02.avi,0.6,clean_and_jerk,,yes,,olympic,clean_and_jerk_ucf_g04,train,845b5cef0be850e1cb64a03dda5aa0816da2b0b165bfa964113a7bd85d6bc785,1.0,845b5cef0be850e1cb64a03dda5aa0816da2b0b165bfa964113a7bd85d6bc785,237,237,1.0,237.0,0.594936728477478,0.1186440661549568,1.0,0.8818565607070923,43.0,0.1864406764507293,0.1906779706478119,0.0703418850898742,0.0071793566457927,0.0320164561271667,0.0038026724942028,175.71127319335938,106.96305084228516,131.13873291015625,177.24195861816406,178.1416778564453,179.0449981689453,179.02468872070312,178.96202087402344,175.4341278076172,175.50218200683594,171.83367919921875,110.18978118896484,132.8681182861328,170.90274047851562,171.82652282714844,171.1018829345703,170.65673828125,170.97325134277344,173.06556701660156,175.9569854736328,173.18280029296875,49.41639709472656,19.614992141723633,61.25483322143555,13.092610359191896,15.480320930480955,6.66004753112793,8.979874610900879,16.519718170166016,167.9440460205078,4.80082893371582,6.4149250984191895,8.229476928710938,1.3811686038970947,0.8929367065429688,0.8293378949165344,0.6607665419578552,0.3569508492946625,1.1483782529830933,2.9243898391723633,0.6250627636909485,0.4914635121822357,0.4794226586818695,0.3366540074348449,0.34506556391716,0.3396219313144684,0.3458651304244995,0.3462153673171997,0.3512309491634369,0.2147794961929321,0.4716765284538269,0.4775774180889129,0.4816532135009765,0.3404360115528106,0.3394959270954132,0.3474856615066528,0.3492189347743988,0.3479122221469879,0.3607611358165741,0.3392632305622101,0.5795924663543701,0.6153573393821716,0.6098712086677551,0.5094217658042908,0.5141196846961975,0.5184256434440613,0.5147305727005005,0.5148379802703857,0.5295513868331909,0.5127455592155457,0.153594434261322,0.0353616364300251,0.0178651195019483,0.0178311355412006,0.0129428133368492,0.0124504165723919,0.0077413553372025,0.0068830926902592,0.0215018298476934,0.1247709318995475,0.0,0.4583333432674408,0.5833333134651184,0.739130437374115,0.3333333432674408,0.9583333134651184,0.695652186870575,0.7083333134651184,0.4583333432674408,1.0
/Users/josephkamil/Desktop/Capstone/Oly_Data/raw/clean_and_jerk/v_CleanAndJerk_g07_c04.avi,clean_and_jerk,v_CleanAndJerk_g07_c04.avi,0.74,clean_and_jerk,,yes,,olympic,clean_and_jerk_ucf_g07,train,e7dd0843d07f78a2d02af4d89480147d014f4a27893df4b8aedbc126469a9795,1.0,e7dd0843d07f78a2d02af4d89480147d014f4a27893df4b8aedbc126469a9795,285,285,1.0,285.0,0.7929824590682983,0.0950704216957092,1.0,0.9052631855010986,19.0,0.119718313217163,0.1338028162717819,0.0820211172103881,0.0052951243706047,0.1112399101257324,0.004556206986308,147.31936645507812,100.75970458984376,161.6001739501953,170.33616638183594,176.39376831054688,176.3206787109375,176.28736877441406,148.1204833984375,127.40330505371094,168.89593505859375,137.97845458984375,98.62940979003906,157.36961364746094,164.4556121826172,166.371337890625,166.86911010742188,166.7071075439453,156.1878662109375,160.7701873779297,167.9893035888672,143.99465942382812,93.59967041015624,42.01654815673828,35.59833908081055,64.9691390991211,51.39250946044922,22.674707412719727,77.14729309082031,175.0399932861328,176.48931884765625,0.5916010141372681,0.6686065793037415,0.4625711441040039,0.3869052529335022,0.5701479315757751,0.2855526506900787,0.311269074678421,1.5055575370788574,1.525543212890625,0.8516492247581482,0.534568727016449,0.4833535850048065,0.267557680606842,0.2473253309726715,0.2405696809291839,0.2387222200632095,0.2408193349838256,0.2439261078834533,0.1592562347650528,0.098951332271099,0.3224256932735443,0.4801355600357055,0.27884641289711,0.2517443895339966,0.246670588850975,0.2429631799459457,0.241804838180542,0.2967986762523651,0.364818662405014,0.314849317073822,0.5176792144775391,0.7036001086235046,0.5371578931808472,0.5129110217094421,0.5106344223022461,0.5105782151222229,0.5090798139572144,0.5505903363227844,0.6016653776168823,0.5602738857269287,0.2136745154857635,0.0109548270702362,0.0134386476129293,0.0055422922596335,0.0067522348836064,0.0046922056935727,0.0015538709703832,0.0536803565919399,0.2056590765714645,0.2159690260887146,0.0357142873108387,0.3103448152542114,0.7857142686843872,0.9655172228813172,1.0,1.0,0.8571428656578064,0.9655172228813172,1.0,1.0
/Users/josephkamil/Desktop/Capstone/Oly_Data/raw/clean_and_jerk/v_CleanAndJerk_g11_c02.avi,clean_and_jerk,v_CleanAndJerk_g11_c02.avi,0.77,clean_and_jerk,,yes,,olympic,clean_and_jerk_ucf_g11,test,c598c39241163dd47a13c8224eac30db3291a90d967e7973d64387830b9c9338,1.0,c598c39241163dd47a13c8224eac30db3291a90d967e7973d64387830b9c9338,302,302,1.0,302.0,0.8211920261383057,0.1594684422016143,1.0,0.8410596251487732,9.0,0.0299003329128026,0.0265780724585056,0.0467669367790222,0.0047758617438375,0.0637250840663909,0.0052747717127203,95.7628173828125,128.28599548339844,120.84724426269533,171.13558959960938,173.42861938476562,175.0424041748047,174.1431121826172,174.8169708251953,170.97970581054688,177.85316467285156,96.88932037353516,132.1942901611328,121.44405364990234,164.06517028808594,166.19915771484375,167.47251892089844,167.1095733642578,168.06666564941406,165.74374389648438,175.78294372558594,156.414306640625,110.05370330810548,24.943403244018555,46.86516189575195,39.707759857177734,35.50185775756836,33.96782302856445,39.05239486694336,55.72150802612305,178.02647399902344,1.9219629764556885,0.8535193800926208,0.9143924713134766,1.1652101278305054,0.3702675998210907,0.3654611706733703,0.3353090286254883,0.3352829217910766,0.9512609243392944,1.870078682899475,0.5887974500656128,0.4562386870384216,0.4465566873550415,0.2511200606822967,0.2507612109184265,0.2537863850593567,0.2526055872440338,0.2424194365739822,0.2509963810443878,0.1902032941579818,0.3775708973407745,0.3483263552188873,0.455077588558197,0.261725515127182,0.2631288468837738,0.2627758085727691,0.2643949687480926,0.2607949674129486,0.2936123609542846,0.3754298985004425,0.5069685578346252,0.5540173053741455,0.6584489941596985,0.5029464364051819,0.5025803446769714,0.5032956600189209,0.5044277310371399,0.5039123296737671,0.5340883135795593,0.5991542339324951,0.2113001197576522,0.1124531850218772,0.0107013350352644,0.0127021865919232,0.0128036867827177,0.0099600469693541,0.0127639770507812,0.0194855090230703,0.0433052852749824,0.1852633208036422,0.0,0.4000000059604645,0.9666666388511658,0.8333333134651184,1.0,1.0,1.0,1.0,1.0,1.0
/Users/josephkamil/Desktop/Capstone/Oly_Data/raw/clean_and_jerk/v_CleanAndJerk_g03_c02.avi,clean_and_jerk,v_CleanAndJerk_g03_c02.avi,0.68,clean_and_jerk,,yes,,olympic,clean_and_jerk_ucf_g03,train,2bf98f18cce8a5838fc985d1219a6952da2fe79c5c6a8aa86c3adc44d55bd456,1.0,2bf98f18cce8a5838fc985d1219a6952da2fe79c5c6a8aa86c3adc44d55bd456,254,254,1.0,254.0,0.7244094610214233,0.1818181872367859,1.0,0.8188976645469666,7.0,0.2094861716032028,0.2094861716032028,0.0501799285411834,0.0060921609401702,0.0642840266227722,0.0057497969828546,111.21501159667967,141.03863525390625,108.2821044921875,163.7676239013672,172.1214141845703,172.75831604003906,173.89166259765625,173.84396362304688,163.7770233154297,173.43153381347656,104.57276153564452,137.8768310546875,110.54313659667967,158.63697814941406,163.49758911132812,163.13421630859375,163.31109619140625,163.47998046875,159.03244018554688,166.16773986816406,151.1343231201172,119.79498291015624,30.93157958984375,35.895877838134766,29.503612518310547,25.39930725097656,24.505111694335938,25.128074645996097,63.75926208496094,156.42086791992188,1.6892297267913818,0.7141044735908508,1.1625908613204956,0.4778854250907898,0.3179973065853119,0.3474840521812439,0.2070107460021972,0.2725952267646789,0.4092078506946563,0.695820152759552,0.6687764525413513,0.4802837669849396,0.4988298416137695,0.2406426668167114,0.2133121788501739,0.2154829949140548,0.2168718725442886,0.2178096026182174,0.2238757759332656,0.1317328065633773,0.4482244551181793,0.3237409293651581,0.4948294460773468,0.2600136995315552,0.2301481813192367,0.2317654639482498,0.2325095683336258,0.2327798902988433,0.2944471836090088,0.3254281878471374,0.5709997415542603,0.5453028082847595,0.7143226265907288,0.5233258605003357,0.4952356219291687,0.4953965842723846,0.4939101040363312,0.4942749738693237,0.5444003939628601,0.5528887510299683,0.220576211810112,0.1591174602508545,0.0089191412553191,0.0217550136148929,0.017574705183506,0.0169610083103179,0.0163785684853792,0.0153555227443575,0.0708021372556686,0.1937720626592636,0.0,0.1599999964237213,0.2307692319154739,0.8399999737739563,1.0,1.0,1.0,1.0,1.0,1.0
/Users/josephkamil/Desktop/Capstone/Oly_Data/raw/clean_and_jerk/v_CleanAndJerk_g08_c02.avi,clean_and_jerk,v_CleanAndJerk_g08_c02.avi,0.29,clean_and_jerk,,yes,,olympic,clean_and_jerk_ucf_g08,train,9700ae8bcb6f8a644935815d08f8162aa27ef24cb52e6811cfe126af317e2dc3,1.0,9700ae8bcb6f8a644935815d08f8162aa27ef24cb52e6811cfe126af317e2dc3,107,96,0.897196261682243,96.0,0.5729166865348816,0.2526315748691559,0.9894737005233764,0.7395833134651184,18.0,0.3684210479259491,0.0947368443012237,0.1204297244548797,0.0188547745347023,0.0643242597579956,0.0100014070048928,151.33981323242188,127.7022933959961,149.05743408203125,77.94383239746094,80.98970031738281,130.2675323486328,172.68093872070312,164.85145568847656,172.7324676513672,174.0601348876953,108.1520004272461,103.68568420410156,167.83555603027344,100.10980987548828,91.93868255615234,136.97792053222656,167.65789794921875,173.2813262939453,170.86422729492188,173.1658477783203,174.1229248046875,161.65911865234375,134.30039978027344,145.82614135742188,169.61874389648438,126.57845306396484,52.5606803894043,53.23567581176758,33.67140579223633,83.48403930664062,59.84174346923828,40.129337310791016,10.884243965148926,10.095975875854492,15.95631217956543,20.67721176147461,6.890830993652344,6.930390357971191,0.9213916063308716,0.9931438565254213,0.7316114902496338,0.642715334892273,0.4620348513126373,0.51161789894104,0.5048695206642151,0.5204951763153076,0.4253460764884949,0.404037594795227,0.381980687379837,0.3781301975250244,0.6147857308387756,0.5259885191917419,0.4477623701095581,0.5906876921653748,0.5967605710029602,0.5266308784484863,0.4287347793579101,0.3850752115249634,0.4047106802463531,0.403369128704071,0.6526550650596619,0.612948477268219,0.5953434109687805,0.7328187227249146,0.7342977523803711,0.6688269376754761,0.6047417521476746,0.5813064575195312,0.6019874811172485,0.6007195115089417,0.1230210438370704,0.1258359253406524,0.059263925999403,0.0898783877491951,0.0944179445505142,0.0464745610952377,0.0244986712932586,0.0396990254521369,0.0288946293294429,0.0399425141513347,0.0,0.0,0.3333333432674408,0.8999999761581421,1.0,0.5555555820465088,0.5,0.4444444477558136,1.0,0.8999999761581421
/Users/josephkamil/Desktop/Capstone/Oly_Data/raw/clean_and_jerk/v_CleanAndJerk_g13_c02.avi,clean_and_jerk,v_CleanAndJerk_g13_c02.avi,0.28,clean_and_jerk,,yes,,olympic,clean_and_jerk_ucf_g13,test,dabd3af43dbff593e8eeab9dc2da2b8c7d2729a9d691f120d8f6882640eb1d2a,1.0,dabd3af43dbff593e8eeab9dc2da2b8c7d2729a9d691f120d8f6882640eb1d2a,103,103,1.0,103.0,0.5631067752838135,0.4019607901573181,1.0,0.6019417643547058,5.0,0.0294117648154497,0.4901960790157318,0.2326315641403198,0.0139999724924564,0.0420671999454498,0.0072910096496343,121.84913635253906,145.30825805664062,131.17552185058594,170.20509338378906,155.635009765625,132.49769592285156,165.66929626464844,172.99862670898438,170.3146209716797,177.26617431640625,120.8681182861328,129.02427673339844,124.8236312866211,160.4066619873047,74.74242401123047,68.35182189941406,157.0659637451172,172.26907348632812,175.39642333984375,175.51966857910156,175.12283325195312,170.79937744140625,176.4580841064453,175.62188720703125,122.76607513427734,161.60218811035156,174.41159057617188,175.3421630859375,177.72183227539062,175.49501037597656,4.077640056610107,4.567212104797363,2.2640013694763184,1.9480812549591064,1.3570542335510254,1.7125885486602783,1.4619694948196411,1.1767096519470217,2.1629045009613037,1.7412681579589844,0.6468948125839233,0.6373010277748108,0.6015152335166931,0.4529283344745636,0.4542283117771148,0.3611281216144562,0.2768393456935882,0.197404459118843,0.2501524090766907,0.2419959008693695,0.4937361776828766,0.4961455464363098,0.4494474828243255,0.3400667309761047,0.443327248096466,0.4767166078090668,0.3968009054660797,0.3201939165592193,0.3795446753501892,0.3771538734436035,0.5910369157791138,0.6052488684654236,0.5669640898704529,0.5101657509803772,0.6172674298286438,0.6367268562316895,0.5664423704147339,0.5321334600448608,0.6097527146339417,0.6101840734481812,0.1532084643840789,0.141525536775589,0.1521126478910446,0.1129224374890327,0.0719766989350318,0.1157699599862098,0.1199781149625778,0.1228691712021827,0.1294326484203338,0.135588064789772,0.0,0.0,0.0,0.0,0.6000000238418579,1.0,1.0,1.0,1.0,1.0
/Users/josephkamil/Desktop/Capstone/Oly_Data/raw/clean_and_jerk/v_CleanAndJerk_g14_c06.avi,clean_and_jerk,v_CleanAndJerk_g14_c06.avi,0.61,clean_and_jerk,,yes,,olympic,clean_and_jerk_ucf_g14,train,dfe71f79a13625422f66adee063de4087fd54cc9426624e37f2a7e161145e39d,1.0,dfe71f79a13625422f66adee063de4087fd54cc9426624e37f2a7e161145e39d,226,180,0.7964601769911505,180.0,0.894444465637207,0.0446927361190319,1.0,0.9555555582046508,13.0,0.0502793304622173,0.0391061455011367,0.1179921627044677,0.0075058005750179,0.1284976601600647,0.004437465686351,138.5609130859375,173.80690002441406,177.42645263671875,176.72451782226562,178.20046997070312,164.49624633789062,155.55377197265625,158.91172790527344,176.45550537109375,178.63919067382812,69.81484985351562,170.87815856933594,176.6471405029297,175.2718048095703,175.33242797851562,165.85690307617188,169.72091674804688,176.0060272216797,169.90330505371094,173.28341674804688,115.77762603759766,104.90386199951172,104.66651916503906,98.2053451538086,106.40950775146484,87.0423583984375,104.7590789794922,172.3270263671875,169.55743408203125,175.2664794921875,100.12054443359376,1.1077632904052734,0.5495829582214355,1.83437979221344,0.7703131437301636,0.6759469509124756,1.221553087234497,3.6243624687194824,2.005558490753174,2.5754926204681396,0.6063482761383057,0.4228717088699341,0.417101502418518,0.4174082577228546,0.41639244556427,0.4336010217666626,0.4188603162765503,0.3490684926509857,0.304633617401123,0.3024181425571441,0.5332145690917969,0.4269864857196808,0.4281919002532959,0.4315569996833801,0.4305899143218994,0.4414999783039093,0.4609858691692352,0.4535115957260132,0.4166410565376282,0.4156280755996704,0.5405144691467285,0.5601565837860107,0.5606892108917236,0.5602141618728638,0.5574720501899719,0.569347083568573,0.5911418795585632,0.586115837097168,0.5533985495567322,0.5543793439865112,0.0844102650880813,0.0551621206104755,0.0373654998838901,0.032547540962696,0.0317844524979591,0.0311967656016349,0.056861262768507,0.1051218584179878,0.1125438064336776,0.1139854341745376,0.2222222238779068,0.8333333134651184,1.0,1.0,1.0,1.0,0.8888888955116272,1.0,1.0,1.0
/Users/josephkamil/Desktop/Capstone/Oly_Data/raw/clean_and_jerk/v_CleanAndJerk_g07_c02.avi,clean_and_jerk,v_CleanAndJerk_g07_c02.avi,0.79,clean_and_jerk,,yes,,olympic,clean_and_jerk_ucf_g07,train,a62d93848e77d1d0562afb031fbb311d441784d8eaeb725f6c35c49d2170e683,1.0,a62d93848e77d1d0562afb031fbb311d441784d8eaeb725f6c35c49d2170e683,304,304,1.0,304.0,0.7368420958518982,0.066006600856781,1.0,0.9342105388641356,19.0,0.0891089141368866,0.0924092382192611,0.0627089142799377,0.0050910906866192,0.1065749824047088,0.0044951532036066,122.46926879882812,143.62197875976562,164.1576385498047,171.3122100830078,175.20684814453125,175.9291534423828,171.67431640625,128.6685333251953,160.70155334472656,170.84228515625,118.20943450927734,136.1678466796875,161.17359924316406,165.36050415039062,166.87271118164062,167.40560913085938,164.57022094726562,159.02943420410156,163.38551330566406,167.79754638671875,115.44625854492188,51.268516540527344,68.64832305908203,49.192928314208984,24.88669204711914,45.75768280029297,64.69945526123047,124.11540222167967,175.76300048828125,175.81552124023438,1.0626112222671509,0.8299657702445984,0.8747984170913696,0.2376706898212433,0.4523745775222778,0.3658934533596039,0.6312552094459534,1.0837514400482178,0.976319134235382,1.0818108320236206,0.5170227289199829,0.3909867703914642,0.2667790949344635,0.2572558224201202,0.2617276310920715,0.2549165189266205,0.2544172704219818,0.2321669161319732,0.1255267113447189,0.1136346757411956,0.3700691759586334,0.3940068483352661,0.2724192440509796,0.2599965333938598,0.2591564357280731,0.2558597028255462,0.2632169127464294,0.3534778356552124,0.3352140784263611,0.3298730254173279,0.5884900689125061,0.634648859500885,0.5371994376182556,0.5268920063972473,0.5296152234077454,0.5289880633354187,0.5320695638656616,0.6013014316558838,0.5748133063316345,0.5794530510902405,0.1528348624706268,0.012908442877233,0.0074051679112017,0.0067901816219091,0.0036680302582681,0.0036151269450783,0.0089496811851859,0.122046560049057,0.2098043859004974,0.2163239270448684,0.2666666805744171,0.5666666626930237,0.8709677457809448,0.6000000238418579,0.2903225719928741,0.7666666507720947,1.0,1.0,1.0,1.0
/Users/josephkamil/Desktop/Capstone/Oly_Data/raw/clean_and_jerk/v_CleanAndJerk_g18_c04.avi,clean_and_jerk,v_CleanAndJerk_g18_c04.avi,0.59,clean_and_jerk,,yes,,olympic,clean_and_jerk_ucf_g18,train,7ce3bebfe4bf0b40d64e279571a5484c66715bd562ad84a0324f839dabb3f2f7,1.0,7ce3bebfe4bf0b40d64e279571a5484c66715bd562ad84a0324f839dabb3f2f7,227,227,1.0,227.0,0.8281938433647156,0.1238938048481941,1.0,0.8766520023345947,9.0,0.1592920422554016,0.1592920422554016,0.0419977307319641,0.0060488418675959,0.0696279406547546,0.0056672184728085,172.74331665039062,64.85891723632812,161.81494140625,169.36306762695312,176.19651794433594,176.55027770996094,176.69781494140625,167.25692749023438,159.65077209472656,175.20147705078125,159.0823974609375,62.6659049987793,155.412353515625,166.6618194580078,169.41366577148438,169.36363220214844,169.15672302246094,164.1444091796875,152.10464477539062,169.33807373046875,171.48574829101562,36.81623458862305,16.572742462158203,26.838829040527344,27.79840087890625,26.62781524658203,28.041772842407227,35.66747283935547,170.6186065673828,168.7901611328125,2.605285882949829,0.9892771244049072,0.6906179189682007,0.5035057067871094,0.5217361450195312,0.2112278342247009,0.3322046101093292,0.5806937217712402,1.235640048980713,1.2840973138809204,0.5415694713592529,0.5014986991882324,0.430959403514862,0.2543939650058746,0.2302236706018448,0.2326193004846573,0.2301924377679824,0.2436127066612243,0.1982053518295288,0.1611972749233245,0.2883860766887665,0.4809727966785431,0.4349839687347412,0.2738156914710998,0.2539763748645782,0.2523986995220184,0.2523058652877807,0.2789081633090973,0.386130541563034,0.3394437134265899,0.4415029287338257,0.7108713388442993,0.6391119956970215,0.5218874216079712,0.5086684823036194,0.5065262913703918,0.5059491991996765,0.5304508805274963,0.5927015542984009,0.5475230813026428,0.2532890439033508,0.0450039319694042,0.0079097785055637,0.0202035084366798,0.0239738244563341,0.0199775416404008,0.0225571673363447,0.0356156304478645,0.1879375278949737,0.1782566159963607,0.0,0.739130437374115,0.5652173757553101,1.0,1.0,1.0,1.0,0.95652174949646,1.0,1.0
/Users/josephkamil/Desktop/Capstone/Oly_Data/raw/clean_and_jerk/v_CleanAndJerk_g02_c02.avi,clean_and_jerk,v_CleanAndJerk_g02_c02.avi,0.64,clean_and_jerk,,yes,,olympic,clean_and_jerk_ucf_g02,train,18212e92700f1ab5def2eabbb47f861b2530bca2467e04dd4cc0582a3ee4fdd1,1.0,18212e92700f1ab5def2eabbb47f861b2530bca2467e04dd4cc0582a3ee4fdd1,245,245,1.0,245.0,0.3469387888908386,0.13934426009655,1.0,0.8612244725227356,13.0,0.1557376980781555,0.1557376980781555,0.0501563549041748,0.0054697603918612,0.0367558598518371,0.0041003949008882,147.32701110839844,105.5966796875,170.4010772705078,176.50828552246094,175.0044403076172,174.48455810546875,173.8033447265625,168.7742919921875,167.3456268310547,177.69552612304688,144.05604553222656,101.8613739013672,160.5784454345703,165.78489685058594,167.5044403076172,167.1249542236328,166.32286071777344,161.5540771484375,166.5286102294922,175.8888702392578,175.3978729248047,70.94068145751953,31.936256408691406,36.31047058105469,38.15890121459961,41.656394958496094,39.47037506103515,76.26884460449219,173.6876983642578,176.28111267089844,6.769612789154053,2.976890802383423,4.234096527099609,2.5793426036834717,2.168663740158081,2.5724987983703613,2.0016238689422607,2.69666051864624,4.306568145751953,4.4543962478637695,0.6228817105293274,0.4538403451442718,0.3635969161987304,0.3662042915821075,0.409869909286499,0.4415584206581116,0.4472330510616302,0.4271899461746216,0.3395282328128814,0.2553812265396118,0.4517856538295746,0.4372765719890594,0.3577145636081695,0.3490024507045746,0.3987637758255005,0.411271333694458,0.4309221506118774,0.4628742337226867,0.4805750548839569,0.3931087553501129,0.573137104511261,0.6084135174751282,0.5278053879737854,0.5234646201133728,0.5713916420936584,0.5779723525047302,0.5936765074729919,0.6262094974517822,0.650555431842804,0.5702002048492432,0.171220064163208,0.0314600504934787,0.0238396022468805,0.0188477281481027,0.0115102268755435,0.0309472661465406,0.0169883575290441,0.0478594489395618,0.1410628110170364,0.1377386897802353,0.0,0.4399999976158142,0.5,0.0799999982118606,0.0,0.0,0.0,0.4399999976158142,1.0,1.0
/Users/josephkamil/Desktop/Capstone/Oly_Data/raw/clean_and_jerk/v_CleanAndJerk_g25_c02.avi,clean_and_jerk,v_CleanAndJerk_g25_c02.avi,0.47,clean_and_jerk,,yes,,olympic,clean_and_jerk_ucf_g25,dev,e1c9ae7139b22718c7d45247044f4da97dd41d4cd3ba59fda243cd1d94e31d76,1.0,e1c9ae7139b22718c7d45247044f4da97dd41d4cd3ba59fda243cd1d94e31d76,193,193,1.0,193.0,0.7564767003059387,0.2083333283662796,1.0,0.7927461266517639,7.0,0.2604166567325592,0.25,0.0409467220306396,0.0063990503549575,0.040734052658081,0.0047589750029146,123.56188201904295,170.31724548339844,76.86656188964844,128.31375122070312,173.9185791015625,178.48435974121094,177.2049560546875,168.72515869140625,165.35191345214844,174.4501953125,119.13677978515624,171.27947998046875,88.85623931884766,140.94776916503906,169.11492919921875,167.1840362548828,167.57687377929688,173.99607849121094,168.5322265625,173.49609375,167.22097778320312,156.3727569580078,74.1315689086914,37.93539047241211,111.5703353881836,129.7508544921875,79.06785583496094,50.71041488647461,166.125,178.25482177734375,22.323225021362305,10.38275146484375,1.4742491245269775,2.3596885204315186,4.280628681182861,2.9887707233428955,1.8826265335083008,3.110642671585083,2.8691794872283936,0.9759929776191713,0.6704500913619995,0.5369716882705688,0.527384877204895,0.4781147837638855,0.3771832585334778,0.4025563299655914,0.4212770462036133,0.4482580423355102,0.3309150338172912,0.2856892049312591,0.5177555084228516,0.4123444259166717,0.5311405062675476,0.4904309213161468,0.3916005492210388,0.4141564965248108,0.4274999499320984,0.4537726044654846,0.4563537538051605,0.4231515824794769,0.608608067035675,0.5443578958511353,0.668578565120697,0.6376321911811829,0.5482504367828369,0.570965588092804,0.5853143334388733,0.6103119850158691,0.6166130304336548,0.5949228405952454,0.1527352333068847,0.1257841736078262,0.0382929928600788,0.0282973982393741,0.0194048155099153,0.0173604805022478,0.0143674314022064,0.0136085795238614,0.1269322633743286,0.1376511007547378,0.0,0.0,0.6842105388641357,1.0,1.0,1.0,1.0,0.8421052694320679,1.0,1.0
/Users/josephkamil/Desktop/Capstone/Oly_Data/raw/clean_and_jerk/v_CleanAndJerk_g16_c02.avi,clean_and_jerk,v_CleanAndJerk_g16_c02.avi,0.3,clean_and_jerk,,yes,,olympic,clean_and_jerk_ucf_g16,test,110a5ff7800167cf3e26a1960e1b1a26c98a811edebffd756de58d6935ac348d,1.0,110a5ff7800167cf3e26a1960e1b1a26c98a811edebffd756de58d6935ac348d,102,102,1.0,102.0,0.6470588445663452,0.2574257552623749,1.0,0.7450980544090271,3.0,0.2772277295589447,0.2772277295589447,0.0877860188484191,0.0119845112785696,0.03590989112854,0.0084284050390124,172.30238342285156,176.3577880859375,145.0815887451172,169.8984375,175.3574981689453,177.52944946289062,177.58065795898438,164.1291961669922,162.27064514160156,169.74703979492188,174.03390502929688,173.86178588867188,142.63137817382812,170.1246795654297,171.9613037109375,171.70523071289062,174.05319213867188,160.95220947265625,159.13279724121094,168.97975158691406,158.6545867919922,146.1035614013672,26.843759536743164,25.75795555114746,9.398632049560549,7.872091770172119,4.816651821136475,88.14372253417969,170.59329223632812,172.30795288085938,19.623775482177734,3.7297096252441406,5.607001304626465,5.7056403160095215,2.117203950881958,1.5914146900177002,1.560821294784546,1.6140931844711304,2.046553611755371,3.6176400184631343,0.731727123260498,0.5421077609062195,0.5551837682723999,0.4892875254154205,0.3410145938396454,0.3126710057258606,0.3456680178642273,0.2225821018218994,0.1756531149148941,0.1150237768888473,0.534824013710022,0.3618698120117187,0.5301734209060669,0.466801643371582,0.3364145457744598,0.3293801546096802,0.3565712869167328,0.3429864645004272,0.3802910447120666,0.3221161067485809,0.6408571004867554,0.5800808072090149,0.7011879682540894,0.662084698677063,0.569652795791626,0.5719045996665955,0.5918856859207153,0.5832160115242004,0.6174027919769287,0.562644362449646,0.1984843313694,0.1816593706607818,0.0477418266236782,0.0411515720188617,0.0398353971540927,0.0353373661637306,0.0329975299537181,0.1273871958255767,0.205163836479187,0.2071850895881652,0.0,0.0,0.4000000059604645,0.3000000119209289,0.7272727489471436,1.0,1.0,1.0,1.0,1.0
/Users/josephkamil/Desktop/Capstone/Oly_Data/raw/clean_and_jerk/v_CleanAndJerk_g09_c04.avi,clean_and_jerk,v_CleanAndJerk_g09_c04.avi,0.57,clean_and_jerk,,yes,,olympic,clean_and_jerk_ucf_g09,dev,b9b517517550b3d041b2ce51a0ef54ce06a44397157a91e5ebbe4744f707a9be,1.0,b9b517517550b3d041b2ce51a0ef54ce06a44397157a91e5ebbe4744f707a9be,232,231,0.9956896551724138,231.0,0.6103895902633667,0.1304347813129425,1.0,0.8701298832893372,15.0,0.908695638179779,0.895652174949646,0.4814269542694092,0.025017911568284,0.5618025064468384,0.0166797433048486,166.4666748046875,115.63800048828124,164.6923370361328,167.9659423828125,179.41429138183594,178.58375549316406,176.64056396484375,170.51748657226562,167.68898010253906,140.9829559326172,149.95596313476562,108.12492370605467,154.97071838378906,164.4376220703125,174.90277099609375,174.19801330566406,175.11276245117188,131.73097229003906,7.731003284454346,85.13188934326172,173.30575561523438,63.73399353027344,22.963560104370117,25.16514587402344,23.33226776123047,21.757123947143555,21.902681350708008,52.3275032043457,172.02146911621094,162.9102020263672,0.7386563420295715,2.771742582321167,2.196045160293579,0.680803120136261,0.3962658643722534,0.6596403121948242,0.9818040728569032,0.7143719792366028,1.3831597566604614,3.161013603210449,0.6200653910636902,0.4572904706001282,0.3214090168476105,0.368956059217453,0.572156548500061,0.5862409472465515,0.580579936504364,0.714110255241394,0.6351394057273865,0.6301991939544678,0.3407256007194519,0.4119409024715423,0.309987723827362,0.3565286993980407,0.6012352705001831,0.6111467480659485,0.610801100730896,0.7941949367523193,1.0179708003997805,0.78875333070755,0.5166693329811096,0.6499590873718262,0.5447917580604553,0.6627710461616516,1.2362847328186035,1.2671301364898682,1.2718240022659302,1.4311546087265017,1.5361706018447876,1.1856142282485962,0.2793743908405304,0.0622544027864933,0.0204501450061798,0.0295388083904981,0.030273113399744,0.0251240860670804,0.0303721316158771,0.1568053364753723,0.3830251395702362,0.2101832777261734,0.0,0.1304347813129425,0.0434782616794109,0.52173912525177,0.95652174949646,1.0,1.0,0.6086956262588501,1.0,0.8333333134651184
/Users/josephkamil/Desktop/Capstone/Oly_Data/raw/clean_and_jerk/v_CleanAndJerk_g08_c04.avi,clean_and_jerk,v_CleanAndJerk_g08_c04.avi,0.75,clean_and_jerk,,yes,,olympic,clean_and_jerk_ucf_g08,train,d12d30c161f08f9feec0d41c480febc8c9d627fb45fa3e93f93a54282496cde9,1.0,d12d30c161f08f9feec0d41c480febc8c9d627fb45fa3e93f93a54282496cde9,278,270,0.9712230215827338,270.0,0.6555555462837219,0.1635687798261642,1.0,0.8370370268821716,19.0,0.1672862470149994,0.1672862470149994,0.1395612955093383,0.0122249955311417,0.0764362514019012,0.0070386668667197,110.27144622802734,124.3024444580078,144.28070068359375,171.61851501464844,171.39706420898438,174.52919006347656,175.0106201171875,142.43873596191406,130.02157592773438,99.35436248779295,79.37671661376953,142.34555053710938,150.95579528808594,177.15846252441406,176.80743408203125,177.51953125,177.3312225341797,164.6910858154297,171.74864196777344,170.66033935546875,169.39590454101562,85.22576904296875,37.47426223754883,45.850345611572266,59.720184326171875,59.70403289794922,53.22278594970703,104.72147369384766,143.51312255859375,160.44752502441406,51.61248397827149,4.81463623046875,6.217587471008301,4.12229061126709,4.561960697174072,2.881025791168213,1.787988305091858,2.2000279426574707,3.404432773590088,2.1508920192718506,0.6392832398414612,0.4209573566913605,0.3390510082244873,0.2254836857318878,0.2257694900035858,0.2746313214302063,0.3317988216876983,0.3175746202468872,0.2199998944997787,0.1913540214300155,0.4273148775100708,0.3527881205081939,0.3123700618743896,0.2298044860363006,0.239653006196022,0.287458062171936,0.3458164632320404,0.4280733466148376,0.4146144092082977,0.4067869782447815,0.5050755143165588,0.5398479104042053,0.5048101544380188,0.4532731771469116,0.4660957157611847,0.5088294148445129,0.5647445321083069,0.6663143038749695,0.6750666499137878,0.6699030995368958,0.2150909453630447,0.0866885855793953,0.0449044965207576,0.0361561067402362,0.0387079864740371,0.0308061819523572,0.0262441672384738,0.1240668892860412,0.1974105238914489,0.2165102958679199,0.0,0.0740740746259689,0.1481481492519378,0.6666666865348816,0.8148148059844971,0.9629629850387572,1.0,0.8888888955116272,1.0,1.0
/Users/josephkamil/Desktop/Capstone/Oly_Data/raw/clean_and_jerk/v_CleanAndJerk_g04_c03.avi,clean_and_jerk,v_CleanAndJerk_g04_c03.avi,0.4,clean_and_jerk,,yes,,olympic,clean_and_jerk_ucf_g04,train,df46248063eee5661dd1028b012b5ea19b824095a2ecd0ef00d2574f3212a6eb,1.0,df46248063eee5661dd1028b012b5ea19b824095a2ecd0ef00d2574f3212a6eb,146,146,1.0,146.0,0.4520547986030578,0.158620685338974,1.0,0.8424657583236694,23.0,0.3103448152542114,0.3103448152542114,0.0402880907058715,0.0095955086871981,0.030487835407257,0.0052031776867806,171.83607482910156,169.32980346679688,69.14640808105469,108.11107635498048,174.0778045654297,173.21702575683594,172.77723693847656,171.0572967529297,173.7025604248047,177.19186401367188,171.9702606201172,164.5139923095703,71.11811828613281,105.789306640625,170.70860290527344,174.0860595703125,171.80946350097656,172.47860717773438,177.8651580810547,177.71176147460938,175.02041625976562,107.48377990722656,6.315592288970947,4.438832759857178,45.6962890625,29.21415901184082,13.680890083312988,17.988876342773438,166.31520080566406,153.06602478027344,5.673272609710693,2.249561548233032,4.395174026489258,2.823883056640625,1.657785177230835,0.9641356468200684,0.4054297506809234,1.110568284988403,2.7976536750793457,1.302557349205017,0.6364089846611023,0.4578387141227722,0.5320383310317993,0.495158314704895,0.350270539522171,0.3388184010982513,0.3686101138591766,0.3429486751556396,0.2111133635044098,0.2183963656425476,0.4861500263214111,0.3919996917247772,0.5331512689590454,0.4887407422065735,0.3511250615119934,0.33443683385849,0.3577147126197815,0.3615243434906006,0.345539391040802,0.3192186653614044,0.5957531332969666,0.5421503782272339,0.668422520160675,0.6297103762626648,0.5248781442642212,0.5114582777023315,0.527762770652771,0.5320076942443848,0.5229793787002563,0.5010374784469604,0.150364950299263,0.0830261185765266,0.0162641573697328,0.0117210317403078,0.013867006637156,0.0088766580447554,0.0122164133936166,0.0279724597930908,0.1345854550600052,0.1026741340756416,0.0,0.2666666805744171,0.4285714328289032,0.2000000029802322,0.6000000238418579,0.2857142984867096,0.1333333402872085,0.5714285969734192,1.0,1.0
/Users/josephkamil/Desktop/Capstone/Oly_Data/raw/clean_and_jerk/v_CleanAndJerk_g24_c04.avi,clean_and_jerk,v_CleanAndJerk_g24_c04.avi,0.44,clean_and_jerk,,yes,,olympic,clean_and_jerk_ucf_g24,train,525ed3107bcc20c3d183719bbc34fbeecc2a53e6fec618cc5d3fa61be83f4a1c,1.0,525ed3107bcc20c3d183719bbc34fbeecc2a53e6fec618cc5d3fa61be83f4a1c,131,131,1.0,131.0,0.3053435087203979,0.699999988079071,1.0,0.3053435087203979,1.0,0.7615384459495544,0.0076923076994717,0.1016576886177063,0.0143696162849664,0.0668117403984069,0.0068593053147196,88.17288970947266,146.46591186523438,163.34002685546875,150.34933471679688,69.1866226196289,77.40161895751953,152.02536010742188,83.9000244140625,103.7064208984375,159.8519287109375,66.54480743408203,119.19896697998048,121.55880737304688,97.74761199951172,57.51158905029297,72.55876159667969,148.05303955078125,100.3395538330078,94.68746948242188,153.2086181640625,173.956298828125,171.93775939941406,173.34803771972656,174.8111114501953,175.78684997558594,174.6183319091797,172.46717834472656,157.90029907226562,155.71783447265625,161.17335510253906,25.882225036621097,41.87931060791016,43.807369232177734,41.164573669433594,23.23896026611328,13.577802658081056,10.00698184967041,6.671270370483398,9.434192657470703,6.769626140594482,0.8717100620269775,0.8141742944717407,0.8004513382911682,0.8247480988502502,0.8623342514038086,0.8392064571380615,0.6490498185157776,0.5249465703964233,0.4658471643924713,0.3328470587730407,0.6987847089767456,0.6785727739334106,0.6784589290618896,0.6843752264976501,0.6982727646827698,0.671646237373352,0.5170447826385498,0.6213428974151611,0.5858892798423767,0.4734649360179901,0.7768173813819885,0.7155167460441589,0.7128287553787231,0.7240195870399475,0.7897084951400757,0.7800172567367554,0.6638567447662354,0.7884331345558167,0.762965202331543,0.6535244584083557,0.173379585146904,0.1356701552867889,0.1220079511404037,0.140461266040802,0.16457399725914,0.1676189750432968,0.1353657096624374,0.1047510355710983,0.1226861104369163,0.1410431414842605,0.0,0.0,0.0,0.0,0.0,0.0,0.0,1.0,1.0,1.0
/Users/josephkamil/Desktop/Capstone/Oly_Data/raw/clean_and_jerk/v_CleanAndJerk_g08_c03.avi,clean_and_jerk,v_CleanAndJerk_g08_c03.avi,0.31,clean_and_jerk,,yes,,olympic,clean_and_jerk_ucf_g08,train,17ccb8920a6b2e3f3bfd7e21edd2b28025a5d2e1c30c6061e4821348318ec961,1.0,17ccb8920a6b2e3f3bfd7e21edd2b28025a5d2e1c30c6061e4821348318ec961,110,90,0.8181818181818182,90.0,0.7222222089767456,0.2471910119056701,1.0,0.7555555701255798,3.0,0.3258427083492279,0.0561797767877578,0.0903905630111694,0.0138191999867558,0.0496784448623657,0.0065591926686465,107.94022369384766,148.32838439941406,79.8333740234375,65.09756469726562,85.58016967773438,121.64253997802734,168.25152587890625,173.0433807373047,174.81382751464844,174.27574157714844,60.56256866455078,123.76433563232422,159.53494262695312,87.29792022705078,100.6348114013672,126.37814331054688,166.69566345214844,168.63433837890625,169.2750244140625,170.30662536621094,165.62852478027344,163.26904296875,111.44984436035156,152.68185424804688,165.4405975341797,150.71160888671875,102.97879028320312,131.1816864013672,61.90557861328125,104.32786560058594,53.39646911621094,28.58508682250977,23.101158142089844,10.009651184082031,13.539255142211914,13.31126880645752,8.93226146697998,4.371307373046875,4.338563919067383,3.3429720401763916,0.6252877712249756,0.4885247647762298,0.4085254967212677,0.4161691963672638,0.3987712264060974,0.3604768812656402,0.3171852827072143,0.2974790036678314,0.3229183554649353,0.3561168015003204,0.5279459357261658,0.4101573228836059,0.4065301418304443,0.4953676462173462,0.4553991556167602,0.4134098291397095,0.3604070544242859,0.3604987561702728,0.3474122583866119,0.3951405584812164,0.5692597031593323,0.4906224608421325,0.5054857134819031,0.6072089076042175,0.5772329568862915,0.5440906882286072,0.494516521692276,0.4955041110515594,0.4855605363845825,0.5227125287055969,0.1035374104976654,0.0841322168707847,0.0483947992324829,0.0797575190663337,0.059457641094923,0.0610217899084091,0.0444156043231487,0.0635414123535156,0.0330076292157173,0.0465157888829708,0.0,0.0,0.5555555820465088,1.0,1.0,1.0,1.0,1.0,0.7777777910232544,0.8888888955116272
/Users/josephkamil/Desktop/Capstone/Oly_Data/raw/real_router/clean_and_jerk/clean_correct_320x240.mp4,clean_and_jerk,clean_correct_320x240.mp4,0.2,clean,,yes,,olympic,clean_sha_d3c896bec613517f,dev,d3c896bec613517f7b219b262c876fc0a3a37217722c08536ce36cdc72973b0e,2.0,d3c896bec613517f7b219b262c876fc0a3a37217722c08536ce36cdc72973b0e,427,417,0.9765807962529274,417.0,0.2206235080957412,0.3100961446762085,0.8774038553237915,0.568345308303833,20.0,0.7067307829856873,0.713942289352417,0.1843709349632263,0.0167015977203845,0.0921251773834228,0.0046675871126353,159.48294067382812,125.62386322021484,130.55352783203125,156.75387573242188,173.3568572998047,161.493896484375,93.1593017578125,134.4635009765625,160.59559631347656,166.62615966796875,59.85700988769531,90.42122650146484,113.8427963256836,164.66249084472656,172.98321533203125,74.05413818359375,85.80941772460938,134.29440307617188,164.94166564941406,133.6197052001953,177.15008544921875,177.87551879882812,164.76393127441406,109.38507843017578,145.2547607421875,177.22769165039062,174.00619506835938,110.09092712402344,123.25595092773438,148.45602416992188,103.21070861816406,40.77749252319336,17.79701805114746,3.1863203048706055,5.285192012786865,86.36051177978516,24.641393661499023,9.156571388244627,2.2149360179901123,35.574092864990234,0.7008857727050781,0.704593300819397,0.661466658115387,0.3307933509349823,0.342801570892334,0.6842684745788574,0.6846369504928589,0.4486646056175232,0.2980147004127502,0.5468676090240479,0.5286585688591003,0.5172539949417114,0.4834603369235992,0.3505860865116119,0.3185606300830841,0.5212193131446838,0.5121557712554932,0.3891120254993438,0.3167751729488373,0.3909282684326172,0.5052067041397095,0.6183624863624573,0.6388030052185059,0.5420367121696472,0.511626660823822,0.5276463031768799,0.6487465500831604,0.5661410093307495,0.5148874521255493,0.5135002732276917,0.1732435971498489,0.1877884119749069,0.1787024736404419,0.0710702165961265,0.1192556694149971,0.1647155433893203,0.1728975474834442,0.0875571593642234,0.0752500146627426,0.1583366692066192,0.0,0.0,0.0,0.707317054271698,0.4523809552192688,0.0,0.0,0.261904776096344,0.7857142686843872,0.0
/Users/josephkamil/Desktop/Capstone/Oly_Data/raw/clean_and_jerk/v_CleanAndJerk_g02_c04.avi,clean_and_jerk,v_CleanAndJerk_g02_c04.avi,0.76,clean_and_jerk,,yes,,olympic,clean_and_jerk_ucf_g02,train,54a0f0616cca6a705ecf01146310c16c065259e4c278d974ea3aff077f87a481,1.0,54a0f0616cca6a705ecf01146310c16c065259e4c278d974ea3aff077f87a481,293,293,1.0,293.0,0.3071672320365906,0.1164383590221405,1.0,0.8839590549468994,7.0,0.1404109597206115,0.1404109597206115,0.057344377040863,0.0056544365361332,0.042567491531372,0.0041449894197285,153.95379638671875,121.19055938720705,176.14205932617188,177.53900146484375,176.83200073242188,176.7549285888672,175.90724182128906,173.33547973632812,156.90359497070312,175.34597778320312,148.56163024902344,119.87669372558594,168.50332641601562,167.34303283691406,168.39712524414062,168.33493041992188,167.50013732910156,164.84326171875,163.77456665039062,178.18263244628906,169.17149353027344,71.86056518554688,13.589740753173828,20.61137962341309,19.6209659576416,15.175644874572754,21.806753158569336,26.89609718322754,173.28370666503906,176.72445678710938,4.848576545715332,3.6945955753326416,2.347764015197754,2.4652719497680664,2.234424114227295,3.1592557430267334,2.906627893447876,3.27622389793396,5.031294822692871,6.2031354904174805,0.6468624472618103,0.528739869594574,0.4298793077468872,0.4064264297485351,0.4115444421768188,0.4124658703804016,0.3717997968196869,0.3768913447856903,0.2839591205120086,0.1993081271648407,0.4934975802898407,0.533939778804779,0.4145008325576782,0.3888792395591736,0.3902453184127807,0.3912638425827026,0.3614123165607452,0.3766593039035797,0.4366237819194793,0.3543414771556854,0.6200446486473083,0.6895028948783875,0.5883181095123291,0.5637797117233276,0.5631586313247681,0.5665534734725952,0.5362817645072937,0.5481240153312683,0.613699734210968,0.5333502292633057,0.1535197496414184,0.0227093305438756,0.0192019399255514,0.0198494661599397,0.0241434015333652,0.0238895416259765,0.0130084799602627,0.025183118879795,0.1527173668146133,0.1550490856170654,0.0,0.7931034564971924,0.1034482792019844,0.0,0.0,0.0,0.0,0.1724137961864471,1.0,1.0
/Users/josephkamil/Desktop/Capstone/Oly_Data/raw/clean_and_jerk/v_CleanAndJerk_g10_c04.avi,clean_and_jerk,v_CleanAndJerk_g10_c04.avi,0.73,clean_and_jerk,,yes,,olympic,clean_and_jerk_ucf_g10,train,4c00d4719a11aa4ccb47ad7a5da37e7bc7d7c0ae25f0e85c47648da839d8b820,1.0,4c00d4719a11aa4ccb47ad7a5da37e7bc7d7c0ae25f0e85c47648da839d8b820,261,260,0.9961685823754788,260.0,0.5115384459495544,0.1235521212220192,1.0,0.8769230842590332,27.0,0.2084942013025283,0.2084942013025283,0.1952203512191772,0.0170160979032516,0.0803213715553283,0.0057895802892744,166.64561462402344,171.6826934814453,158.44390869140625,175.17483520507812,176.52207946777344,175.91770935058594,174.09243774414062,178.4588165283203,171.1092071533203,167.82693481445312,172.9479217529297,171.56826782226562,162.638916015625,172.35366821289062,170.6870880126953,170.98146057128906,171.4241485595703,172.36898803710938,170.96826171875,171.68978881835938,171.97576904296875,56.84998321533203,24.545501708984375,69.90043640136719,50.6165771484375,112.56946563720705,130.66915893554688,79.30962371826172,103.08600616455078,176.37374877929688,9.796294212341309,3.456976890563965,4.784186363220215,2.1687989234924316,1.7176668643951416,3.2345962524414062,3.0441768169403076,1.726837396621704,1.1430542469024658,1.851062297821045,0.5185351967811584,0.366322249174118,0.355320394039154,0.2339448183774948,0.311436116695404,0.3510648012161255,0.3594081103801727,0.3712705373764038,0.346419483423233,0.2086322605609893,0.3186496198177337,0.3213356733322143,0.3711168169975281,0.2498192489147186,0.3080258369445801,0.3402799963951111,0.3566703498363495,0.3742461502552032,0.4417100548744201,0.3668220341205597,0.4586722254753113,0.5228191614151001,0.5766922235488892,0.4894781410694122,0.539316713809967,0.5674197673797607,0.5816376805305481,0.604752779006958,0.6537927389144897,0.6118470430374146,0.2005694061517715,0.0618361867964267,0.0295528601855039,0.048785462975502,0.0405146740376949,0.0491598881781101,0.0479296222329139,0.0505714863538742,0.1047897785902023,0.1589917093515396,0.0,0.2692307829856872,0.9230769276618958,0.807692289352417,0.4230769276618957,0.0384615398943424,0.2307692319154739,0.4615384638309479,0.9615384340286256,1.0
/Users/josephkamil/Desktop/Capstone/Oly_Data/raw/snatch_mp4/LBXdfklSpVg_03930_04260.mp4,snatch_mp4,LBXdfklSpVg_03930_04260.mp4,1.11,snatch,,yes,,olympic,snatch_youtube_lbxdfklspvg,test,88979bf15befce5301b4a11893d70f313d01c59751a19e6fc6e922463c5d4426,1.0,88979bf15befce5301b4a11893d70f313d01c59751a19e6fc6e922463c5d4426,331,331,1.0,331.0,0.2990936636924743,0.4121212065219879,0.7090908885002136,0.2990936636924743,2.0,0.4909090995788574,0.3030303120613098,0.0770722329616546,0.0063252984546124,0.0300205945968627,0.003186619374901,126.0348129272461,102.18956756591795,15.49919319152832,98.98966217041016,116.74524688720705,170.96002197265625,178.06411743164062,171.14971923828125,169.20669555664062,166.06236267089844,155.63250732421875,115.48140716552734,24.298742294311523,93.73960876464844,112.52124786376952,171.91000366210938,171.46893310546875,168.71286010742188,171.48776245117188,162.2474365234375,154.922607421875,168.8255157470703,172.7027130126953,173.12081909179688,148.95774841308594,165.74185180664062,166.25665283203125,143.51866149902344,167.25433349609375,165.4888458251953,35.99075698852539,29.7539005279541,21.130462646484375,19.471782684326172,6.5266804695129395,9.763628005981444,4.554561138153076,20.68808364868164,3.277647018432617,4.935716152191162,0.7948744893074036,0.7867386937141418,0.7901438474655151,0.701697051525116,0.3758189976215362,0.2540680468082428,0.1544731706380844,0.597507119178772,0.4865765571594238,0.509732186794281,0.6315107345581055,0.6152398586273193,0.6017377376556396,0.5173837542533875,0.4797081053256988,0.4066089689731598,0.3023404479026794,0.4556462466716766,0.337697684764862,0.3444023430347442,0.7079148888587952,0.7126644253730774,0.7266005873680115,0.6475633382797241,0.6657776832580566,0.6067313551902771,0.5264344215393066,0.5792281031608582,0.5345556735992432,0.5394141674041748,0.1650720983743667,0.1727176159620285,0.1888748556375503,0.1848296225070953,0.1277369409799575,0.1530998796224594,0.1482613086700439,0.1580420434474945,0.1525280475616455,0.1686385124921798,0.0,0.0,0.0,0.0,0.8787878751754761,1.0,1.0,0.1212121248245239,0.0,0.0
/Users/josephkamil/Desktop/Capstone/Oly_Data/raw/snatch_mp4/iEByXfUcsMw_00071_00334.mp4,snatch_mp4,iEByXfUcsMw_00071_00334.mp4,0.55,snatch,,yes,,olympic,snatch_youtube_iebyxfucsmw,train,7e31ba490c08ba11c59caad4370c1e5e0d307d0b9b95d874d60e5f1c3a3706b4,1.0,7e31ba490c08ba11c59caad4370c1e5e0d307d0b9b95d874d60e5f1c3a3706b4,264,263,0.9962121212121212,263.0,0.4486691951751709,0.4274809062480926,0.8740457892417908,0.4486691951751709,2.0,0.4770992398262024,0.2480916082859039,0.0851243734359741,0.0050160703249275,0.030673861503601,0.0021371836774051,121.97057342529295,61.181400299072266,55.347938537597656,111.88280487060548,76.4908447265625,82.87519836425781,163.95632934570312,177.10958862304688,174.6802520751953,174.16966247558594,94.9972686767578,49.94834518432617,46.37500762939453,96.08106231689452,86.4967041015625,77.19548034667969,153.28231811523438,171.39071655273438,165.75880432128906,174.40284729003906,176.8064727783203,178.05125427246094,177.06349182128906,174.8924102783203,163.81715393066406,167.71617126464844,172.98118591308594,168.99835205078125,167.82525634765625,151.0902557373047,31.512117385864254,23.963024139404297,23.500497817993164,21.43571662902832,6.2933349609375,12.799732208251951,6.531630992889404,3.635929107666016,4.64017391204834,1.7201029062271118,0.7186498641967773,0.7107481360435486,0.7226464152336121,0.6818581819534302,0.5249861478805542,0.4754144251346588,0.3549673855304718,0.3525970876216888,0.4004663825035095,0.5394650101661682,0.6288750767707825,0.6245339512825012,0.6235854029655457,0.5770468711853027,0.5552475452423096,0.5686294436454773,0.4537054300308227,0.4406644701957702,0.4490608870983124,0.4458679854869842,0.6774997115135193,0.6818224191665649,0.6835399866104126,0.6472374796867371,0.6710594892501831,0.6755801439285278,0.5821365714073181,0.5750640630722046,0.5735494494438171,0.5654506087303162,0.0906498432159423,0.0867176204919815,0.0998013094067573,0.1050931885838508,0.077274352312088,0.0937100276350975,0.0987667962908744,0.0880883112549781,0.0827038139104843,0.0941947624087333,0.0,0.0,0.0,0.0,0.7307692170143127,1.0,1.0,1.0,0.7692307829856873,0.0
/Users/josephkamil/Desktop/Capstone/Oly_Data/raw/snatch_mp4/LBXdfklSpVg_03373_03870.mp4,snatch_mp4,LBXdfklSpVg_03373_03870.mp4,1.49,snatch,,yes,,olympic,snatch_youtube_lbxdfklspvg,test,49600646f3407aaad583e5c146170fa843af64f921a3e2948de41c24fec9bac3,1.0,49600646f3407aaad583e5c146170fa843af64f921a3e2948de41c24fec9bac3,498,492,0.9879518072289156,492.0,0.2418699115514755,0.0,0.8248472213745117,0.8252032399177551,3.0,0.0,0.5132383108139038,0.0852556228637695,0.0042202058248221,0.0368747115135192,0.0023586540482938,111.9200210571289,87.36044311523438,45.77854919433594,47.37527084350586,35.39041519165039,105.5131607055664,120.27360534667967,173.67137145996094,176.2916259765625,169.3966064453125,113.2742919921875,94.05848693847656,52.56179428100586,57.301483154296875,44.3135986328125,110.93984985351562,126.41246795654295,172.49993896484375,168.84727478027344,159.7919921875,168.8809814453125,177.40599060058594,178.26548767089844,179.13267517089844,176.96078491210938,164.10675048828125,177.03541564941406,176.22889709472656,156.5962371826172,160.9488525390625,23.40939140319824,15.710453033447266,9.3025484085083,8.974346160888672,9.445558547973633,9.81237506866455,6.095691680908203,4.115420341491699,13.898225784301758,14.623403549194336,0.7834605574607849,0.8012877702713013,0.8024704456329346,0.8008122444152832,0.7989354729652405,0.6391823887825012,0.3671591579914093,0.1857606470584869,0.5144320726394653,0.5934555530548096,0.6212183833122253,0.6127713918685913,0.6033416986465454,0.6022970676422119,0.6029345989227295,0.4997616112232208,0.5071362257003784,0.3257271647453308,0.405436098575592,0.4072526693344116,0.6965817809104919,0.7154271006584167,0.737547755241394,0.7405059337615967,0.7426071763038635,0.6528086066246033,0.6984437704086304,0.5453994870185852,0.5500845313072205,0.5491694211959839,0.1642909944057464,0.189394012093544,0.1994374096393585,0.1986739486455917,0.196201741695404,0.1628072261810302,0.1410677433013916,0.1402853280305862,0.1682247966527938,0.1876883953809738,0.0204081628471612,0.0,0.0,0.0,0.0,0.1428571492433548,1.0,1.0,0.2653061151504516,0.0
/Users/josephkamil/Desktop/Capstone/Oly_Data/raw/snatch_mp4/iEByXfUcsMw_08951_09530.mp4,snatch_mp4,iEByXfUcsMw_08951_09530.mp4,1.18,snatch,,yes,,olympic,snatch_youtube_iebyxfucsmw,train,719c364d09dea3f5ca72d2835a240f26659af20e1d8d850695dd05b3c1ebd3ab,1.0,719c364d09dea3f5ca72d2835a240f26659af20e1d8d850695dd05b3c1ebd3ab,580,579,0.9982758620689656,579.0,0.1364421397447586,0.7197231650352478,0.85467129945755,0.1364421397447586,2.0,0.742214560508728,0.6401383876800537,0.0645143985748291,0.0031842701137065,0.0293974876403808,0.0015189556870609,169.7178192138672,161.79574584960938,154.22250366210938,130.1628875732422,119.8631820678711,94.14694213867188,102.42716979980467,116.72933959960938,171.45877075195312,174.3831787109375,168.695556640625,125.30970001220705,106.74108123779295,82.4554672241211,76.47811889648438,58.56188201904297,67.57646942138672,116.98575592041016,165.34071350097656,173.63079833984375,134.6632080078125,170.74034118652344,168.21795654296875,170.30068969726562,174.22955322265625,175.72189331054688,176.63009643554688,169.62188720703125,162.7124481201172,162.45619201660156,3.302706003189087,38.80319595336914,76.67479705810547,71.50479888916016,55.8006591796875,52.3754997253418,47.96122360229492,8.213177680969238,7.179033279418945,4.141579627990723,0.5621213316917419,0.6878374218940735,0.7724955081939697,0.7671105861663818,0.7603327035903931,0.7615590691566467,0.7458822727203369,0.5123639702796936,0.4890416860580444,0.5731879472732544,0.4777575135231018,0.5804009437561035,0.6672993898391724,0.6663679480552673,0.663043737411499,0.6660383939743042,0.6489420533180237,0.5583780407905579,0.4915409982204437,0.4659248888492584,0.5966131687164307,0.6379724144935608,0.6751211285591125,0.6800440549850464,0.6904327273368835,0.6968948841094971,0.6860567331314087,0.6788329482078552,0.6146454811096191,0.5792361497879028,0.0847643688321113,0.1096664518117904,0.1102184206247329,0.1047301068902015,0.0986937507987022,0.0970900580286979,0.0982273295521736,0.0754927843809127,0.0920667871832847,0.1078460738062858,0.0,0.0,0.0,0.0,0.0,0.0,0.0,0.8103448152542114,0.5517241358757019,0.0
/Users/josephkamil/Desktop/Capstone/Oly_Data/raw/snatch_mp4/GLoKBmPQzDo_00196_00635.mp4,snatch_mp4,GLoKBmPQzDo_00196_00635.mp4,1.87,snatch,,yes,,olympic,snatch_youtube_glokbmpqzdo,train,b090b496fc74b75bc635d5c7d5b72c56ff16ab194648b55d06f44bc9a421639a,1.0,b090b496fc74b75bc635d5c7d5b72c56ff16ab194648b55d06f44bc9a421639a,440,437,0.9931818181818182,437.0,0.267734557390213,0.5848624110221863,0.8509174585342407,0.267734557390213,2.0,0.6192660331726074,0.027522936463356,0.1022687256336212,0.007960763759911,0.1196592450141906,0.0041154916398227,163.8331298828125,164.7656707763672,162.2996368408203,152.4665069580078,154.32247924804688,164.4481964111328,122.23340606689452,170.64442443847656,175.00404357910156,175.49063110351562,44.62131881713867,18.32135009765625,17.41335678100586,23.83458709716797,28.70220375061035,153.82542419433594,128.25917053222656,175.5459442138672,176.2569580078125,173.4202880859375,165.29421997070312,175.0598602294922,174.97161865234375,170.82901000976562,168.5761260986328,160.91146850585938,161.61196899414062,166.96041870117188,138.48223876953125,159.20550537109375,127.56068420410156,145.31890869140625,143.96128845214844,132.11965942382812,131.31016540527344,26.30242156982422,6.659518718719482,2.2965404987335205,1.818601965904236,0.9551272988319396,0.761059045791626,0.7480838298797607,0.7607893347740173,0.7496782541275024,0.7548094391822815,0.5414360165596008,0.2657028138637543,0.2178402841091156,0.3650582432746887,0.5245554447174072,0.5829616189002991,0.5606880784034729,0.5757316946983337,0.5480980277061462,0.5374464392662048,0.4046001732349396,0.4168919026851654,0.4018532037734985,0.3887039124965668,0.3691455721855163,0.5097223520278931,0.4653085768222809,0.4837082028388977,0.4864513874053955,0.4789597392082214,0.536629855632782,0.6270602345466614,0.6776251792907715,0.6675000786781311,0.5762434601783752,0.1793392598628997,0.1879874616861343,0.1865934431552887,0.2020686119794845,0.2204044759273529,0.169882446527481,0.1523678302764892,0.1843789219856262,0.1701828837394714,0.1576280295848846,0.0,0.0,0.0,0.0,0.0,0.159090906381607,1.0,1.0,0.5227272510528564,0.0
/Users/josephkamil/Desktop/Capstone/Oly_Data/raw/snatch_mp4/aPfHtLdduD4_00599_00987.mp4,snatch_mp4,aPfHtLdduD4_00599_00987.mp4,1.09,snatch,,yes,,olympic,snatch_youtube_apfhtlddud4,train,4cd87993352d09ce4192ab0c62a7254ca59d26a24f519fddf1c85b9c1970b8e5,1.0,4cd87993352d09ce4192ab0c62a7254ca59d26a24f519fddf1c85b9c1970b8e5,389,388,0.9974293059125964,388.0,0.5386598110198975,0.2894056737422943,0.8268733620643616,0.5386598110198975,2.0,0.0258397925645113,0.0465116277337074,0.0752870440483093,0.0059113823808729,0.0817748308181762,0.005753322970122,115.44072723388672,136.1804962158203,105.67024993896484,55.942569732666016,90.55909729003906,148.87660217285156,162.0604705810547,177.61520385742188,156.35012817382812,101.7038116455078,11.259652137756348,45.58567810058594,99.9116668701172,51.32811737060547,78.31865692138672,128.17245483398438,151.93576049804688,164.0772247314453,137.40628051757812,93.15828704833984,164.05787658691406,173.4029083251953,170.92237854003906,160.77017211914062,162.7478790283203,160.909423828125,168.76303100585938,168.31512451171875,151.90853881835938,170.4568634033203,167.40869140625,97.72111511230467,1.3633300065994265,0.8058894872665405,3.4740726947784424,7.005474090576172,3.5547356605529785,3.744242668151855,9.485008239746094,3.070277214050293,0.715004563331604,0.7710749506950378,0.5645625591278076,0.3595144152641296,0.3491581082344055,0.2599645853042602,0.1647174060344696,0.1721291691064834,0.5338908433914185,0.8086476922035217,0.5434665679931641,0.5530360341072083,0.3836042582988739,0.5207841396331787,0.5013815760612488,0.4036383628845215,0.3134043514728546,0.3178364038467407,0.4740270972251892,0.6112703084945679,0.5044676065444946,0.5817242860794067,0.5946978330612183,0.7599275708198547,0.7193373441696167,0.6186367869377136,0.5746268033981323,0.5755050778388977,0.6182343363761902,0.739223062992096,0.1724149882793426,0.2181185632944107,0.1969690024852752,0.1613506525754928,0.152245283126831,0.1437023729085922,0.1487154364585876,0.1457384079694748,0.1379412412643432,0.1978456974029541,0.0,0.0,0.1025641039013862,1.0,1.0,1.0,1.0,1.0,0.2820512950420379,0.0
/Users/josephkamil/Desktop/Capstone/Oly_Data/raw/snatch_mp4/1DX0IXizcHg_02338_02511.mp4,snatch_mp4,1DX0IXizcHg_02338_02511.mp4,0.76,snatch,,yes,,olympic,snatch_youtube_1dx0ixizchg,test,dd009c65311cfc5445abb9dd6eb9ee32c102f63c676ac37256b343e4ef972bad,1.0,dd009c65311cfc5445abb9dd6eb9ee32c102f63c676ac37256b343e4ef972bad,173,141,0.815028901734104,141.0,0.5531914830207825,0.1500000059604644,0.9428571462631226,0.7943262457847595,12.0,0.1000000014901161,0.3714285790920257,0.2238414287567138,0.0305745638906955,0.1334149837493896,0.0100342780351638,42.92863845825195,99.79517364501952,147.959228515625,49.60266876220703,53.02338790893555,106.813232421875,168.3595733642578,178.0074005126953,168.5632781982422,158.78933715820312,73.84747314453125,125.33440399169922,163.8716583251953,76.24291229248047,70.93762969970703,106.4729995727539,161.75511169433594,176.04391479492188,163.54737854003906,151.03692626953125,177.09410095214844,100.10567474365234,161.5876922607422,148.57310485839844,162.1758270263672,156.25978088378906,153.60794067382812,115.5961456298828,141.75950622558594,132.6378631591797,8.990790367126465,4.159587860107422,9.77610683441162,5.416402339935303,10.06466007232666,14.99396514892578,7.662230491638184,3.3200221061706543,2.9987127780914307,5.1564106941223145,0.719511091709137,0.4995673298835754,0.3986549973487854,0.3526489734649658,0.4194223284721374,0.1536362916231155,0.1012392193078994,0.254856139421463,0.359855979681015,0.4917475581169128,0.4989073276519775,0.4337905347347259,0.2555737197399139,0.4510700404644012,0.4707526564598083,0.3277585208415985,0.2555811405181885,0.3826280236244201,0.4099060595035553,0.4132353365421295,0.7094807028770447,0.6426124572753906,0.5080520510673523,0.6916986107826233,0.6973138451576233,0.5899897813796997,0.548181414604187,0.6786274313926697,0.6880407333374023,0.6658947467803955,0.2222788482904434,0.092732086777687,0.1825804859399795,0.1224968284368515,0.1059671491384506,0.1749857515096664,0.1592156440019607,0.1354568749666214,0.1425808817148208,0.1330247819423675,0.0,0.2857142984867096,0.2142857164144516,0.8571428656578064,0.5714285969734192,1.0,1.0,1.0,0.5714285969734192,0.0666666701436042
/Users/josephkamil/Desktop/Capstone/Oly_Data/raw/snatch_mp4/8fcBgQUr4ek_04882_05148.mp4,snatch_mp4,8fcBgQUr4ek_04882_05148.mp4,0.92,snatch,,yes,,olympic,snatch_youtube_8fcbgqur4ek,train,630e7bff04133739e7a18da72351340042ffb749a4adf1ade158c6edf8cf8180,1.0,630e7bff04133739e7a18da72351340042ffb749a4adf1ade158c6edf8cf8180,266,228,0.8571428571428571,228.0,0.5482456088066101,0.4052863419055938,0.9515418410301208,0.5482456088066101,2.0,0.2687224745750427,0.1806167364120483,0.0981624722480773,0.0067836665548384,0.0693925619125366,0.0081831719726324,118.92932891845705,136.05230712890625,65.4099349975586,160.59815979003906,67.7258071899414,122.97217559814452,168.2416534423828,177.5107421875,177.2034912109375,177.3592529296875,98.41094207763672,74.27648162841797,48.786277770996094,145.2621612548828,60.628692626953125,108.27082061767578,166.69351196289062,170.5074462890625,173.3586883544922,169.94818115234375,146.22235107421875,152.55145263671875,169.5228271484375,170.01815795898438,171.02642822265625,172.82247924804688,168.9004364013672,173.84878540039062,173.91934204101562,154.33065795898438,6.481351852416992,58.279781341552734,11.363131523132324,1.576989769935608,0.9862041473388672,3.377526044845581,2.825549840927124,0.8745797276496887,0.6621180176734924,1.1850202083587646,0.6540266871452332,0.660636842250824,0.7136959433555603,0.5575922131538391,0.3746147155761719,0.3082731962203979,0.2144842594861984,0.2460795938968658,0.254300981760025,0.4463210701942444,0.4292747378349304,0.4087480902671814,0.4326319396495819,0.3276326656341553,0.5157241225242615,0.4625189900398254,0.3564256727695465,0.3725165426731109,0.3766058087348938,0.4309727549552917,0.4769468009471893,0.430090993642807,0.6288633346557617,0.5308926701545715,0.7765859365463257,0.6775045394897461,0.5862739086151123,0.5864900946617126,0.5799856781959534,0.5969026684761047,0.2251487821340561,0.2519294619560241,0.2810912430286407,0.230006605386734,0.1471166312694549,0.154717668890953,0.1419561207294464,0.1264509707689285,0.1223266199231147,0.11048524081707,0.0,0.0,0.0,0.0,0.95652174949646,1.0,1.0,1.0,1.0,0.52173912525177
/Users/josephkamil/Desktop/Capstone/Oly_Data/raw/snatch_mp4/-tl9NgfDKus_09414_10021.mp4,snatch_mp4,-tl9NgfDKus_09414_10021.mp4,3.71,snatch,,yes,,olympic,snatch_youtube_-tl9ngfdkus,train,cb9e2e8e58f3e040043c9df54aa365c68c1294b977fea368d0edbc384689abec,1.0,cb9e2e8e58f3e040043c9df54aa365c68c1294b977fea368d0edbc384689abec,607,607,1.0,607.0,0.2635914385318756,0.7095709443092346,0.971947193145752,0.2635914385318756,2.0,0.7277227640151978,0.6402640342712402,0.0472624897956848,0.0036005941219627,0.0534720420837402,0.0055677760392427,174.42568969726562,119.35498046875,131.8059844970703,92.2408447265625,103.05548858642578,161.11166381835938,91.00324249267578,89.9765396118164,170.60926818847656,173.78001403808594,167.0286102294922,117.65005493164062,116.06292724609376,85.01837921142578,68.35586547851562,63.953163146972656,89.57202911376953,89.04731750488281,160.81736755371094,165.09695434570312,159.49111938476562,150.44326782226562,149.2612762451172,155.31935119628906,176.18675231933594,171.25660705566406,177.33975219726562,170.2266845703125,174.12510681152344,165.9612579345703,1.161100149154663,7.5125250816345215,8.062933921813965,5.589810848236084,44.167110443115234,131.9337921142578,2.550449848175049,1.0034188032150269,0.6755090355873108,0.4494105577468872,0.6340999603271484,0.7836171388626099,0.7367446422576904,0.676880419254303,0.6632252335548401,0.6839145421981812,0.67896968126297,0.3838360905647278,0.2390341162681579,0.3440911173820495,0.5177904367446899,0.6418523788452148,0.5889711976051331,0.5086961388587952,0.4517802000045776,0.4246089160442352,0.4349519610404968,0.5092284679412842,0.3716595470905304,0.3883292078971863,0.6612583994865417,0.7139604091644287,0.6632093191146851,0.6122623085975647,0.535663902759552,0.4258246123790741,0.6122941970825195,0.7380368113517761,0.5958143472671509,0.5927810072898865,0.1164979040622711,0.1418748646974563,0.1481476724147796,0.1684842556715011,0.2115059942007064,0.2599994242191314,0.2440931051969528,0.149672195315361,0.1326465904712677,0.1268576085567474,0.0,0.0,0.0,0.0,0.0,0.0,0.0,0.9016393423080444,1.0,0.7213114500045776
/Users/josephkamil/Desktop/Capstone/Oly_Data/raw/snatch_mp4/HKGVFaRRHPE_00127_00357.mp4,snatch_mp4,HKGVFaRRHPE_00127_00357.mp4,0.85,snatch,,yes,,olympic,snatch_youtube_hkgvfarrhpe,train,8b305665f588545fc3ef330b45c9db5a8f0a0a2b29af24296eda2035af6c79d3,1.0,8b305665f588545fc3ef330b45c9db5a8f0a0a2b29af24296eda2035af6c79d3,230,229,0.9956521739130436,229.0,0.6462882161140442,0.0,0.8771929740905762,0.8777292370796204,3.0,0.1622807085514068,0.0921052619814872,0.2499419450759887,0.0073917326517403,0.0499907135963439,0.0051871924661099,153.52703857421875,86.7297134399414,136.94912719726562,61.92576599121094,95.23062896728516,159.5408935546875,168.20506286621094,177.08111572265625,173.5612335205078,175.55006408691406,55.532833099365234,54.023136138916016,129.4642333984375,54.60498046875,85.25463104248047,141.81787109375,162.6551055908203,164.52760314941406,164.06724548339844,162.24879455566406,161.2119598388672,172.80532836914062,163.59251403808594,159.46728515625,160.2068328857422,161.3679656982422,162.18421936035156,163.92526245117188,160.82200622558594,160.8801727294922,55.07680892944336,23.92031478881836,0.5286691784858704,0.7325233817100525,2.1597790718078613,4.225485324859619,1.1497331857681274,1.218754768371582,1.0590590238571167,1.844815015792847,0.5137914419174194,0.5944483280181885,0.3868202865123749,0.3533882796764374,0.3122931718826294,0.1813846230506897,0.1632872968912124,0.1691587120294571,0.2623894214630127,0.5388078093528748,0.4228981733322143,0.4141886830329895,0.3084957599639892,0.4932951331138611,0.4516148269176483,0.3234261572360992,0.3130303025245666,0.3143757581710815,0.3409614861011505,0.3774378001689911,0.4273324906826019,0.5116399526596069,0.4972624480724334,0.7090795636177063,0.6565972566604614,0.5481870770454407,0.5618095397949219,0.562412440776825,0.5701562166213989,0.5478459000587463,0.1441318690776825,0.180286094546318,0.146180585026741,0.1399127542972564,0.139349490404129,0.1421039700508117,0.1497738808393478,0.1452295631170272,0.1221145987510681,0.1615364551544189,0.3636363744735718,0.0,0.304347813129425,1.0,1.0,1.0,1.0,1.0,0.782608687877655,0.0
/Users/josephkamil/Desktop/Capstone/Oly_Data/raw/snatch_mp4/1DX0IXizcHg_01292_01617.mp4,snatch_mp4,1DX0IXizcHg_01292_01617.mp4,1.38,snatch,,yes,,olympic,snatch_youtube_1dx0ixizchg,test,2bec19b338694739c0cc7990bcc8dcba26a912e6c78bf3a3985b60f801da8e04,1.0,2bec19b338694739c0cc7990bcc8dcba26a912e6c78bf3a3985b60f801da8e04,325,312,0.96,312.0,0.4230769276618957,0.3858520984649658,0.8070739507675171,0.4230769276618957,2.0,0.3151125311851501,0.440514475107193,0.1085433065891265,0.0098565453663468,0.087041825056076,0.0074122636578977,95.1543960571289,92.65111541748048,70.62274932861328,131.3759765625,85.93470764160156,175.36935424804688,171.93519592285156,170.1748809814453,126.03358459472656,161.78927612304688,136.1020965576172,119.97901153564452,75.67886352539062,137.36041259765625,83.470947265625,176.0973358154297,174.7283172607422,172.5645294189453,130.84994506835938,148.771240234375,156.90023803710938,172.40318298339844,175.78396606445312,146.76731872558594,163.50143432617188,170.76593017578125,172.0901336669922,166.94149780273438,140.86212158203125,130.37339782714844,42.48375701904297,4.142200946807861,7.45858097076416,10.801865577697754,11.325243949890137,6.484894275665283,4.956272125244141,6.401993751525879,12.212994575500488,22.478761672973633,0.750588595867157,0.7434309124946594,0.7360711097717285,0.5057047605514526,0.2494995594024658,0.2406463772058487,0.2414427399635315,0.2547804415225982,0.7171194553375244,0.6925283074378967,0.6349522471427917,0.5439326763153076,0.537473201751709,0.3698690831661224,0.4136691689491272,0.4176989197731018,0.4196363389492035,0.4271703362464905,0.5518316626548767,0.529198408126831,0.7041144371032715,0.6866520047187805,0.6826460957527161,0.5672765970230103,0.6234959959983826,0.673852264881134,0.6787098050117493,0.6846503615379333,0.7271021008491516,0.6747497320175171,0.1257265359163284,0.2012843787670135,0.1997114419937133,0.1703287363052368,0.1651158630847931,0.1772448867559433,0.1792258322238922,0.1738849431276321,0.1915383785963058,0.1745050549507141,0.0,0.0,0.0,0.1290322542190551,1.0,1.0,1.0,1.0,0.0967741906642913,0.0
/Users/josephkamil/Desktop/Capstone/Oly_Data/raw/snatch_mp4/-tl9NgfDKus_02564_02754.mp4,snatch_mp4,-tl9NgfDKus_02564_02754.mp4,1.43,snatch,,yes,,olympic,snatch_youtube_-tl9ngfdkus,train,2c02440524986b132dd0035e46728228706caa19ee4b45a94d451aca6c504569,1.0,2c02440524986b132dd0035e46728228706caa19ee4b45a94d451aca6c504569,191,191,1.0,191.0,0.5287958383560181,0.2789473831653595,0.8473684191703796,0.5706806182861328,4.0,0.0,0.0,0.0861981809139251,0.0117705799639225,0.0600125789642334,0.0085219731554389,56.56095886230469,112.28325653076172,145.52146911621094,52.20293426513672,152.85018920898438,165.5786895751953,167.81358337402344,166.7207794189453,172.9961395263672,160.37696838378906,53.6612434387207,106.98898315429688,142.3164825439453,42.795623779296875,144.62506103515625,157.39773559570312,160.5942840576172,159.6978302001953,164.05960083007812,170.20169067382812,178.53179931640625,175.00970458984375,167.1103057861328,167.20164489746094,164.64614868164062,169.14715576171875,166.2980499267578,155.25738525390625,162.70166015625,157.70062255859375,0.6530908346176147,0.7165096402168274,1.3727186918258667,0.6199100017547607,2.656139373779297,0.8730890154838562,0.603607177734375,1.4234542846679688,2.684591293334961,4.101358413696289,0.7099693417549133,0.7254235744476318,0.5013815760612488,0.3369874358177185,0.2281224578619003,0.1339895278215408,0.1722429245710373,0.3105162978172302,0.4357263147830963,0.8394221067428589,0.4600231647491455,0.4490594863891601,0.3599597811698913,0.5315794348716736,0.4089560210704803,0.3134383857250213,0.3403871059417724,0.3592248857021332,0.3810044527053833,0.4772312045097351,0.6549423933029175,0.6227499842643738,0.6234040260314941,0.7589136958122253,0.6188257336616516,0.5671722888946533,0.5794020891189575,0.5775163769721985,0.6212912797927856,0.8524160385131836,0.2499556541442871,0.2763828635215759,0.1841628551483154,0.1946143060922622,0.1808631867170334,0.1795028001070022,0.168184608221054,0.1106898561120033,0.1338329017162323,0.363234132528305,0.0,0.0,0.2105263173580169,1.0,1.0,1.0,1.0,0.6315789222717285,0.4736842215061188,0.0
/Users/josephkamil/Desktop/Capstone/Oly_Data/raw/snatch_mp4/1DX0IXizcHg_00270_00428.mp4,snatch_mp4,1DX0IXizcHg_00270_00428.mp4,0.75,snatch,,yes,,olympic,snatch_youtube_1dx0ixizchg,test,7677548fb6f8a27732283b8fafe94064b9a3c807f4812598b2a6fc2baf0528be,1.0,7677548fb6f8a27732283b8fafe94064b9a3c807f4812598b2a6fc2baf0528be,158,140,0.8860759493670886,140.0,0.2071428596973419,0.280575543642044,0.4964028894901275,0.2214285731315612,6.0,0.5755395889282227,0.0215827338397502,0.1706629991531372,0.0157650299370288,0.1540039479732513,0.0110605796799063,52.693565368652344,57.430908203125,159.79074096679688,83.1778793334961,113.34479522705078,123.2018814086914,99.72193908691406,151.82479858398438,144.08433532714844,150.53260803222656,63.3387565612793,74.7805404663086,169.58949279785156,120.48528289794922,127.96163177490234,124.63831329345705,96.13237762451172,151.76126098632812,162.96034240722656,156.0284423828125,174.0654754638672,165.252685546875,152.12850952148438,90.05709075927734,74.1943588256836,60.739959716796875,47.42254257202149,38.43538665771485,118.38719177246094,131.7420654296875,2.4865946769714355,9.744085311889648,7.977276802062988,5.431217670440674,14.87860107421875,53.1611328125,80.52873229980469,25.587615966796875,7.87616491317749,7.563769340515137,0.7033095955848694,0.7010541558265686,0.5217520594596863,0.4935254156589508,0.4932804405689239,0.5148442387580872,0.5365375876426697,0.4194752275943756,0.5565754771232605,0.5880098938941956,0.5874970555305481,0.5731577277183533,0.4460768401622772,0.5661581158638,0.5226430296897888,0.3945236206054687,0.3729935586452484,0.3556829988956451,0.4542704224586487,0.4958376288414001,0.687864363193512,0.6752638816833496,0.5858979225158691,0.7178224921226501,0.6597475409507751,0.4725373685359955,0.4021320343017578,0.4897378087043762,0.5952313542366028,0.621412456035614,0.1165263578295707,0.1285188049077987,0.1047018021345138,0.083202950656414,0.0391536317765712,0.123072013258934,0.1642383188009262,0.0690250769257545,0.1092135086655616,0.0979569777846336,0.0,0.0,0.2142857164144516,1.0,0.8571428656578064,0.0,0.0,0.0,0.0,0.0
/Users/josephkamil/Desktop/Capstone/Oly_Data/raw/snatch_mp4/eVqGMfMXG24_00001_00224.mp4,snatch_mp4,eVqGMfMXG24_00001_00224.mp4,0.52,snatch,,yes,,olympic,snatch_youtube_evqgmfmxg24,train,1621a76c0188298a5e3a569b538046013fcdc37960c4543774dc9d240a6c12f8,1.0,1621a76c0188298a5e3a569b538046013fcdc37960c4543774dc9d240a6c12f8,224,212,0.9464285714285714,212.0,0.4575471580028534,0.2511848211288452,0.9194312691688538,0.6698113083839417,6.0,0.549763023853302,0.2654028534889221,0.0626679062843322,0.0069562247954308,0.0327121615409851,0.0029105660505592,132.72433471679688,144.76109313964844,153.3229217529297,119.53115844726562,143.72117614746094,54.853248596191406,129.64535522460938,174.00347900390625,175.9340362548828,176.76255798339844,47.02830123901367,71.49392700195312,81.20413970947266,58.88785934448242,129.1844940185547,64.05941772460938,129.22702026367188,167.49588012695312,173.0804443359375,161.28456115722656,166.83328247070312,172.68014526367188,135.32345581054688,162.73220825195312,172.10601806640625,174.8936004638672,176.1419677734375,172.3868865966797,174.20018005371094,147.73370361328125,134.48294067382812,134.56869506835938,126.7190399169922,49.888206481933594,19.121427536010746,6.638857364654541,11.381227493286133,4.914652347564697,3.575551271438598,6.63282585144043,0.741260826587677,0.742120087146759,0.6885330677032471,0.6999636292457581,0.551803708076477,0.4526456296443939,0.3745050728321075,0.2913814187049866,0.2918451726436615,0.4871455430984497,0.6280112266540527,0.6487400531768799,0.6566604971885681,0.6201541423797607,0.4631528556346893,0.5546956062316895,0.4730147421360016,0.3983554244041443,0.3957676589488983,0.4182694554328918,0.5892424583435059,0.5999248027801514,0.6242559552192688,0.6417737603187561,0.5701648592948914,0.688262403011322,0.606085479259491,0.5568997263908386,0.5539922118186951,0.5498560667037964,0.1138927116990089,0.0942241102457046,0.0504983738064765,0.0818034037947654,0.0961487516760826,0.1022368147969245,0.0986025184392929,0.1072590574622154,0.1042441502213478,0.0888220146298408,0.0,0.0,0.2857142984867096,0.0,0.0909090936183929,1.0,1.0,1.0,1.0,0.2272727340459823
/Users/josephkamil/Desktop/Capstone/Oly_Data/raw/snatch_mp4/QWN_unS5o8I_00130_00373.mp4,snatch_mp4,QWN_unS5o8I_00130_00373.mp4,0.48,snatch,,yes,,olympic,snatch_youtube_qwn_uns5o8i,dev,f3850a6e88365c681c4320f5c36fb9ab2caabd1187ece9238a83c6ce1abcb10c,1.0,f3850a6e88365c681c4320f5c36fb9ab2caabd1187ece9238a83c6ce1abcb10c,243,243,1.0,243.0,0.7818930149078369,0.1735537201166153,0.9545454382896424,0.7818930149078369,2.0,0.0082644624635577,0.0082644624635577,0.0620409250259399,0.0043149515986442,0.035366415977478,0.0033308693673461,151.04193115234375,158.79010009765625,58.7411994934082,53.553184509277344,50.68599319458008,147.2129669189453,177.7445831298828,174.8330535888672,175.16156005859375,170.0919189453125,124.556640625,156.5260772705078,55.04337692260742,57.13853454589844,54.180511474609375,148.4304656982422,176.40472412109375,176.86285400390625,177.23822021484375,171.97079467773438,172.54638671875,146.3269805908203,167.67620849609375,169.77670288085938,167.25390625,165.95716857910156,166.63165283203125,165.1897735595703,164.2572784423828,141.79393005371094,19.027528762817383,11.086105346679688,2.0890862941741943,4.184557914733887,5.147560119628906,6.880819797515869,2.859496831893921,2.9454433917999268,2.816077947616577,4.373088359832764,0.7150261402130127,0.5129282474517822,0.4444207847118377,0.435266762971878,0.432504266500473,0.3510629832744598,0.2550676167011261,0.247705340385437,0.2471574395895004,0.4126608967781067,0.579045832157135,0.453185111284256,0.5604574084281921,0.5482385754585266,0.542815625667572,0.464901328086853,0.3736703097820282,0.3654723167419433,0.365135908126831,0.4155710935592651,0.6419559121131897,0.5810711979866028,0.7084047198295593,0.6904069781303406,0.6842941641807556,0.6104444861412048,0.5349729061126709,0.524811327457428,0.5237535834312439,0.5535894632339478,0.1361057013273239,0.1006041765213012,0.1167503595352172,0.1139080449938774,0.1109951511025428,0.1146673336625099,0.1189534068107605,0.1181828752160072,0.118240438401699,0.1067408397793769,0.0,0.25,1.0,1.0,1.0,1.0,1.0,1.0,1.0,0.5600000023841858
/Users/josephkamil/Desktop/Capstone/Oly_Data/raw/snatch_mp4/1DX0IXizcHg_02569_02687.mp4,snatch_mp4,1DX0IXizcHg_02569_02687.mp4,0.48,snatch,,yes,,olympic,snatch_youtube_1dx0ixizchg,test,a7c2a9884da8afc7fa664721825f49c4598382d1a279ce1b1191d64b0b2bfeab,1.0,a7c2a9884da8afc7fa664721825f49c4598382d1a279ce1b1191d64b0b2bfeab,118,117,0.9915254237288136,117.0,0.6495726704597473,0.2844827473163605,1.0,0.7179487347602844,5.0,0.4224137961864471,0.3879310488700866,0.1005880236625671,0.0200801491737365,0.0973042249679565,0.0091640949249267,83.98267364501953,105.09793853759766,150.27474975585938,60.08445739746094,52.7517204284668,120.43712615966795,161.86260986328125,178.6021728515625,176.23756408691406,158.5522003173828,83.0129165649414,121.3828125,165.80784606933594,87.56548309326172,71.47552490234375,119.21691131591795,158.1597900390625,175.4115753173828,176.58692932128906,160.84747314453125,171.50912475585938,172.1650390625,149.47811889648438,167.99395751953125,143.13494873046875,164.81320190429688,149.22471618652344,122.47854614257812,123.49620819091795,147.85003662109375,14.834247589111328,8.866278648376465,9.954179763793944,5.5920515060424805,10.715008735656738,15.259869575500488,8.395270347595215,4.99849271774292,4.880173206329346,4.824211597442627,0.6983489394187927,0.6200377941131592,0.3913508951663971,0.3392559289932251,0.3676610887050628,0.298321396112442,0.2744635641574859,0.4226501286029815,0.2710354328155517,0.3120171427726745,0.5293287634849548,0.4285133779048919,0.2831092476844787,0.4865385890007019,0.4862942397594452,0.4272843301296234,0.3921967446804046,0.4078198969364166,0.3679296970367431,0.3893641233444214,0.696036159992218,0.6124188303947449,0.4939098060131073,0.7251322865486145,0.7142975926399231,0.6475828289985657,0.6302699446678162,0.6496747136116028,0.6088367104530334,0.6244926452636719,0.1694486588239669,0.1922953128814697,0.1434479504823684,0.1503971964120865,0.1233805194497108,0.129749909043312,0.1185215786099433,0.0432646684348583,0.0994056835770607,0.1036483719944953,0.0,0.0,0.1666666716337204,1.0,1.0,1.0,1.0,0.3333333432674408,1.0,1.0
/Users/josephkamil/Desktop/Capstone/Oly_Data/raw/snatch_mp4/6L4a8jKc-nM_00001_00299.mp4,snatch_mp4,6L4a8jKc-nM_00001_00299.mp4,0.54,snatch,,yes,,olympic,snatch_youtube_6l4a8jkc-nm,train,92f92d65ee8f8107e1219bee1058c70614960f1f245b9d7c6fa125c72dd7059d,1.0,92f92d65ee8f8107e1219bee1058c70614960f1f245b9d7c6fa125c72dd7059d,299,299,1.0,299.0,0.4682274162769317,0.3456375896930694,0.8120805621147156,0.4682274162769317,2.0,0.4026845693588257,0.0503355711698532,0.1039161384105682,0.0090493615716695,0.0515450835227966,0.0037700049579143,150.51235961914062,143.26849365234375,93.89002227783205,112.52775573730467,38.70878982543945,66.84298706054688,160.4279022216797,178.00125122070312,173.84410095214844,166.4532012939453,39.71708297729492,91.23096466064452,80.16630554199219,115.21035766601562,45.0402717590332,67.99022674560547,150.31922912597656,166.83401489257812,166.35409545898438,170.9203338623047,173.1987762451172,175.04812622070312,176.0546875,168.57423400878906,164.6653594970703,176.05337524414062,175.85400390625,175.89405822753906,129.13221740722656,137.88311767578125,118.86988830566406,68.63259887695312,27.67349624633789,13.867775917053224,12.292372703552246,13.536065101623535,10.820356369018556,6.49146842956543,6.355950355529785,7.595922470092773,0.7498441338539124,0.7585441470146179,0.7434700727462769,0.4230057001113891,0.4223844707012176,0.3510467112064361,0.1530835181474685,0.1384493857622146,0.4203363955020904,0.4844813048839569,0.5911139249801636,0.576909065246582,0.5525568127632141,0.4098567962646484,0.5538167357444763,0.5064860582351685,0.3087111711502075,0.2816359400749206,0.2956403791904449,0.3038405478000641,0.5297338962554932,0.6089959740638733,0.6650933623313904,0.5877310037612915,0.7367884516716003,0.690252423286438,0.5198944807052612,0.4979433119297027,0.4970375895500183,0.4950166344642639,0.1645868718624115,0.185106098651886,0.1914671063423156,0.135684460401535,0.1391236335039138,0.1562129110097885,0.1559992432594299,0.1448257565498352,0.1527396291494369,0.1812567114830017,0.0,0.0,0.0,0.5333333611488342,1.0,1.0,1.0,1.0,0.1333333402872085,0.0
/Users/josephkamil/Desktop/Capstone/Oly_Data/raw/snatch_mp4/vYVUB81VKEk_00001_00569.mp4,snatch_mp4,vYVUB81VKEk_00001_00569.mp4,2.76,snatch,,yes,,olympic,snatch_youtube_vyvub81vkek,train,25fb6f50e2c6364d4ea595423c840b4da99cfefa794a57ba30fc9b551185e9ac,1.0,25fb6f50e2c6364d4ea595423c840b4da99cfefa794a57ba30fc9b551185e9ac,569,532,0.9349736379613356,532.0,0.0488721802830696,0.1751412451267242,0.7928436994552612,0.6184210777282715,18.0,0.1035781577229499,0.0546139366924762,0.1614828109741211,0.0179245956242084,0.0888929963111877,0.0062696663662791,161.38938903808594,118.71340942382812,126.35765838623048,148.75213623046875,133.52676391601562,104.49972534179688,103.6218490600586,170.2611083984375,156.28121948242188,162.44984436035156,106.63457489013672,48.99198532104492,54.20867538452149,57.390098571777344,77.802734375,81.08850860595703,115.89102172851562,153.52479553222656,130.71994018554688,162.6688232421875,137.82498168945312,158.89891052246094,163.23971557617188,167.17872619628906,162.79788208007812,169.8459930419922,144.05416870117188,109.1591339111328,167.3348846435547,151.40859985351562,78.13601684570312,128.78128051757812,111.6507339477539,116.53173065185548,93.15328979492188,41.46546936035156,8.235308647155762,17.134302139282227,25.42412376403809,5.428152561187744,0.6035079956054688,0.6946608424186707,0.6685135364532471,0.6360394358634949,0.6451740264892578,0.6354455947875977,0.4292406737804413,0.4257193505764007,0.5169883370399475,0.4876824021339416,0.4943310022354126,0.5987952351570129,0.5661759376525879,0.502264142036438,0.5631477236747742,0.5067414045333862,0.424245536327362,0.3259940147399902,0.3910362720489502,0.3427851498126983,0.5276917219161987,0.5318687558174133,0.5275919437408447,0.4555158019065857,0.5578352808952332,0.5812790989875793,0.5954371690750122,0.482659637928009,0.5089718699455261,0.5091127157211304,0.1126812323927879,0.1160677671432495,0.1219465807080268,0.1427748650312423,0.1138548702001571,0.1317708790302276,0.0402337610721588,0.1165755912661552,0.1326612830162048,0.1464316993951797,0.0,0.0188679248094558,0.0,0.0,0.0,0.0,0.3962264060974121,0.0754716992378234,0.0,0.0
/Users/josephkamil/Desktop/Capstone/Oly_Data/raw/snatch_mp4/300i1qmyl-k_00721_01185.mp4,snatch_mp4,300i1qmyl-k_00721_01185.mp4,1.16,snatch,,yes,,olympic,snatch_youtube_300i1qmyl-k,train,cb7b9ab5b6af7d23bcc9e02079a62d076039644a55794fd3422deeca1dc0e23a,1.0,cb7b9ab5b6af7d23bcc9e02079a62d076039644a55794fd3422deeca1dc0e23a,465,448,0.9634408602150538,448.0,0.1540178507566452,0.646532416343689,0.7986577153205872,0.1540178507566452,2.0,0.5570470094680786,0.4697986543178558,0.1230058968067169,0.0062766354531049,0.0948966443538665,0.0038756495341658,172.39768981933594,155.30711364746094,79.91873931884766,44.960792541503906,42.05755615234375,49.03764724731445,99.83668518066406,144.7281494140625,174.7922821044922,170.7964630126953,153.9463653564453,84.89971160888672,55.419532775878906,39.42249298095703,38.64535903930664,53.64690780639648,105.45933532714844,148.76748657226562,168.57501220703125,172.94422912597656,173.20932006835938,175.91387939453125,160.9352569580078,149.5337371826172,152.7939453125,178.3505096435547,168.53924560546875,150.08355712890625,172.17088317871094,153.40658569335938,10.839137077331545,65.65094757080078,24.979156494140625,10.54210090637207,9.47028923034668,5.9846954345703125,8.152949333190918,3.3816134929656982,4.673868179321289,2.812278509140014,0.3968345522880554,0.6418948173522949,0.6506758332252502,0.6524109244346619,0.6526434421539307,0.6465358734130859,0.2849467694759369,-0.0713784322142601,0.3514687716960907,0.3006348609924316,0.1440307050943374,0.3944051563739776,0.4477566480636596,0.4570282697677612,0.452565848827362,0.4245456457138061,0.2847760021686554,0.1096904724836349,0.1399881392717361,0.0886482372879982,0.3606149852275848,0.4114392697811126,0.558355450630188,0.6288607120513916,0.62929767370224,0.6159704923629761,0.5096885561943054,0.3992500603199005,0.3696140646934509,0.3377924263477325,0.2540877163410187,0.2509217858314514,0.2043847441673278,0.1958128660917282,0.2003737837076187,0.2222415059804916,0.1918482035398483,0.1838391572237014,0.2119842767715454,0.2143034785985946,0.0,0.0,0.0,0.0,0.0,0.0,0.5333333611488342,1.0,0.0,0.0
/Users/josephkamil/Desktop/Capstone/Oly_Data/raw/snatch_mp4/1DX0IXizcHg_01620_01856.mp4,snatch_mp4,1DX0IXizcHg_01620_01856.mp4,1.36,snatch,,yes,,olympic,snatch_youtube_1dx0ixizchg,test,315bfd7d6e9b1c90317960f209088cb1b34aa371f2ffbc6f6dfd014dbbbdd238,1.0,315bfd7d6e9b1c90317960f209088cb1b34aa371f2ffbc6f6dfd014dbbbdd238,236,226,0.9576271186440678,226.0,0.5707964897155762,0.2711111009120941,0.8444444537162781,0.5752212405204773,4.0,0.1511111110448837,0.1244444474577903,0.139696717262268,0.0158564336597919,0.0897722840309143,0.006519881542772,31.830738067626953,42.56985855102539,146.28480529785156,32.520599365234375,99.23773193359376,151.71185302734375,174.67401123046875,175.23191833496094,164.1281280517578,163.79441833496094,22.349010467529297,24.10360336303711,147.42901611328125,58.38963317871094,112.6277847290039,150.75318908691406,167.8164520263672,172.42237854003906,159.18536376953125,138.70339965820312,177.9498748779297,158.22525024414062,155.15911865234375,164.8035125732422,166.95896911621094,172.40406799316406,167.09796142578125,162.8519744873047,162.1543426513672,176.57533264160156,10.136604309082031,11.177411079406738,10.489143371582031,3.1102237701416016,13.43054485321045,2.749904155731201,1.2393394708633425,1.3004587888717651,4.300540924072266,19.8455867767334,0.6943331360816956,0.6625782251358032,0.4166404604911804,0.329971969127655,0.2310795187950134,0.2028862088918686,0.235482856631279,0.2592276334762573,0.4756841957569122,0.6379931569099426,0.5299078822135925,0.535173773765564,0.3337055444717407,0.4686407148838043,0.4104834794998169,0.4015028178691864,0.4260315299034118,0.4368913471698761,0.4601583778858185,0.4116759896278381,0.658598005771637,0.6340528130531311,0.5146176815032959,0.6692745685577393,0.6133037805557251,0.6687682867050171,0.7010785937309265,0.7178650498390198,0.6968927979469299,0.5622742176055908,0.1646646112203598,0.1281720697879791,0.1154919192194938,0.1450148075819015,0.179443821310997,0.1995631754398346,0.1920524537563324,0.1786477267742157,0.1710815727710724,0.228664830327034,0.0,0.0,0.2727272808551788,0.95652174949646,1.0,1.0,1.0,1.0,0.47826087474823,0.0
/Users/josephkamil/Desktop/Capstone/Oly_Data/raw/snatch_mp4/4_jMgAJ5Wu0_00574_00740.mp4,snatch_mp4,4_jMgAJ5Wu0_00574_00740.mp4,0.85,snatch,,yes,,olympic,snatch_youtube_4_jmgaj5wu0,test,d94c0d20eeed040a79f26f2f7e19a01e499527e9000317c98166d5cc43ee5298,1.0,d94c0d20eeed040a79f26f2f7e19a01e499527e9000317c98166d5cc43ee5298,166,160,0.963855421686747,160.0,0.21875,0.2138364762067794,0.7547169923782349,0.543749988079071,10.0,0.0503144636750221,0.2830188572406769,0.2507398724555969,0.0329213514924049,0.073638379573822,0.007535153068602,105.75054168701172,152.4620361328125,100.7187042236328,75.22258758544922,148.20401000976562,172.71734619140625,177.11865234375,167.04989624023438,154.71112060546875,165.7952880859375,138.71762084960938,161.34646606445312,113.29997253417967,80.90031433105469,140.64480590820312,172.72244262695312,176.9899444580078,165.49969482421875,144.42166137695312,121.00768280029295,56.25602722167969,133.8334197998047,117.49252319335938,160.30368041992188,141.67779541015625,173.59133911132812,158.23587036132812,145.87271118164062,136.8387451171875,152.65411376953125,175.580810546875,70.2542953491211,9.629073143005373,19.59579086303711,15.84724235534668,2.936049461364746,2.3664755821228027,3.4450507164001465,20.22172164916992,38.341209411621094,0.7535684108734131,0.5397736430168152,0.3637914657592773,0.3792750537395477,0.3497499823570251,0.4445646107196808,0.3957688808441162,0.4258385598659515,0.4645183980464935,0.4905911982059479,0.7049487829208374,0.4619700312614441,0.4037623405456543,0.4479750990867615,0.3320366442203522,0.2758258581161499,0.2675390839576721,0.3091688454151153,0.3680405616760254,0.3945456147193908,0.5680038928985596,0.4970555603504181,0.584097683429718,0.6013641357421875,0.492532879114151,0.4497642517089844,0.4418375492095947,0.478981077671051,0.5039622783660889,0.4960319399833679,0.0546491295099258,0.0870910063385963,0.0710692778229713,0.0721532478928566,0.0673039257526397,0.1701532006263733,0.1334672719240188,0.1245821714401245,0.0995198637247085,0.098639041185379,0.0,0.0,0.8125,0.9375,0.375,0.0,0.0,0.0625,0.0,0.0
/Users/josephkamil/Desktop/Capstone/Oly_Data/raw/snatch_mp4/N_RWv4k-O-I_00140_00501.mp4,snatch_mp4,N_RWv4k-O-I_00140_00501.mp4,1.07,snatch,,yes,,olympic,snatch_youtube_n_rwv4k-o-i,train,e328639da94a420eb38e68fb0cc987cd03241a9dfa37c6ba6a4ff405a0219799,1.0,e328639da94a420eb38e68fb0cc987cd03241a9dfa37c6ba6a4ff405a0219799,362,362,1.0,362.0,0.1740331500768661,0.692520797252655,0.8642659187316895,0.1740331500768661,2.0,0.7645429372787476,0.390581727027893,0.0661300420761108,0.0052682724781334,0.0290837287902832,0.0024423764552921,178.2818603515625,177.36012268066406,171.7786102294922,160.3647918701172,147.9419403076172,121.16395568847656,151.2965545654297,92.28313446044922,174.44789123535156,169.7761993408203,172.8043212890625,174.57376098632812,135.65626525878906,85.55537414550781,89.80521392822266,110.3221664428711,142.8026885986328,103.75218200683594,172.67208862304688,121.16618347167967,175.05291748046875,173.87120056152344,169.2473907470703,162.69937133789062,158.74057006835938,174.18055725097656,164.7527618408203,159.32745361328125,149.08575439453125,165.1494140625,1.7345373630523682,0.7810393571853638,7.280767440795898,46.74477005004883,40.02352523803711,1.3142447471618652,1.430595636367798,0.664876401424408,0.765727162361145,46.198360443115234,0.4726156592369079,0.479217380285263,0.6042259931564331,0.6913138031959534,0.7019504308700562,0.6943259239196777,0.5576006770133972,0.3956844210624695,0.2828305959701538,0.6423422694206238,0.3205415904521942,0.3156627714633941,0.4521196782588959,0.5522592663764954,0.5674100518226624,0.5497093796730042,0.4500265121459961,0.5014103055000305,0.3125666379928589,0.465492308139801,0.4858740568161011,0.4928435087203979,0.5291869640350342,0.559884786605835,0.5750294327735901,0.6184629797935486,0.5592031478881836,0.6405863761901855,0.5012974739074707,0.5232678055763245,0.1520998626947403,0.1636882424354553,0.1522128582000732,0.1390825510025024,0.1345635950565338,0.1446458995342254,0.1149717271327972,0.1058177426457405,0.1103619635105133,0.1771606057882309,0.0,0.0,0.0,0.0,0.0,0.0,0.0833333358168602,1.0,0.6666666865348816,0.0
/Users/josephkamil/Desktop/Capstone/Oly_Data/raw/snatch_mp4/PWNoy3RLmEY_00459_00587.mp4,snatch_mp4,PWNoy3RLmEY_00459_00587.mp4,0.51,snatch,,yes,,olympic,snatch_youtube_pwnoy3rlmey,train,3e5232c526edfab77a1fc6866fb327d68ea8c65adc4b99bf882f7bee7096997e,1.0,3e5232c526edfab77a1fc6866fb327d68ea8c65adc4b99bf882f7bee7096997e,129,123,0.9534883720930232,123.0,0.3983739912509918,0.2868852317333221,0.6803278923034668,0.3983739912509918,2.0,0.0819672122597694,0.0327868834137916,0.2726048231124878,0.0225656256079673,0.1360619962215423,0.0078942012041807,145.41978454589844,119.97100830078124,152.8743438720703,136.93045043945312,151.44326782226562,165.03269958496094,172.91766357421875,176.1201934814453,174.8031005859375,167.56707763671875,65.32006072998047,79.88069915771484,155.83460998535156,168.6695098876953,172.9075164794922,172.5218505859375,175.39794921875,168.12232971191406,159.40953063964844,135.67710876464844,119.28386688232422,137.42149353027344,162.0095977783203,153.88270568847656,167.8327178955078,141.9720001220703,145.9905548095703,172.0308837890625,170.8142547607422,176.571533203125,120.47786712646484,101.1412353515625,15.48282241821289,3.620537042617798,2.46657657623291,4.187933921813965,3.671196937561035,2.5299341678619385,10.365962982177734,24.432838439941406,0.7070851922035217,0.751986563205719,0.4255584180355072,0.2703434228897095,0.1842648535966873,0.1674270629882812,0.2196418941020965,0.4751881062984466,0.4868707656860351,0.6301651000976562,0.5709093809127808,0.5735355615615845,0.2879448533058166,0.4169743955135345,0.345812439918518,0.262010782957077,0.2468248754739761,0.2750217616558075,0.3039248883724212,0.4469065070152282,0.522814154624939,0.5500256419181824,0.4938797950744629,0.660343587398529,0.5908658504486084,0.522216796875,0.5099557638168335,0.5164128541946411,0.5169497132301331,0.5723757147789001,0.1512017697095871,0.1971194744110107,0.1555802524089813,0.1527993530035019,0.1620008945465088,0.1276319324970245,0.1001108959317207,0.2009695023298263,0.1843060106039047,0.1834376901388168,0.0,0.0,0.0833333358168602,1.0,1.0,1.0,0.8461538553237915,0.0,0.0,0.0
/Users/josephkamil/Desktop/Capstone/Oly_Data/raw/snatch_mp4/wYyhpNEQuLM_00700_01056.mp4,snatch_mp4,wYyhpNEQuLM_00700_01056.mp4,1.13,snatch,,yes,,olympic,snatch_youtube_wyyhpnequlm,test,b48282441c356eaa5cc52235ff0174bc22c21a900cb0bdf0a39eafa6227e4faf,1.0,b48282441c356eaa5cc52235ff0174bc22c21a900cb0bdf0a39eafa6227e4faf,356,276,0.7752808988764045,276.0,0.3731884062290191,0.2000000029802322,0.8799999952316284,0.6811594367027283,46.0,0.0436363629996776,0.0072727273218333,0.1947777867317199,0.0294573698192834,0.069928765296936,0.0042335879988968,60.30136489868164,132.73495483398438,62.75988006591797,53.93731689453125,136.94418334960938,168.6121826171875,164.3888397216797,163.8503875732422,158.011474609375,165.34677124023438,76.4466323852539,118.89971160888672,87.48333740234375,64.15956115722656,144.67823791503906,173.86085510253906,171.36293029785156,172.80491638183594,165.31143188476562,157.87344360351562,157.18801879882812,150.8230743408203,163.12501525878906,163.7638397216797,148.79150390625,149.85406494140625,50.863285064697266,43.42428207397461,93.92144775390624,132.1249542236328,93.76345825195312,39.491004943847656,7.809552669525147,11.524648666381836,15.160025596618652,4.130561828613281,6.226165771484375,5.655264377593994,9.707798957824709,11.583054542541504,0.7888915538787842,0.6384428143501282,0.5992897152900696,0.5465000867843628,0.4690786302089691,0.3450885415077209,0.3666733801364898,0.3891897201538086,0.4537330269813537,0.5582411289215088,0.6725242137908936,0.5056010484695435,0.5987807512283325,0.6162933111190796,0.4605769515037536,0.3812417387962341,0.3735700249671936,0.3825561702251434,0.4138814806938171,0.4391726553440094,0.667949378490448,0.6162024736404419,0.7587648034095764,0.7625808119773865,0.627581775188446,0.5710695385932922,0.56754070520401,0.5732814073562622,0.583707332611084,0.5801231265068054,0.121397465467453,0.1425035297870636,0.0726839378476142,0.0893869176506996,0.055078737437725,0.0710847303271293,0.0400707758963108,0.020563056692481,0.0556034483015537,0.1319294273853302,0.0,0.0,0.5185185074806213,0.8928571343421936,0.6785714030265808,0.7777777910232544,0.4285714328289032,0.3333333432674408,0.1071428582072258,0.0
/Users/josephkamil/Desktop/Capstone/Oly_Data/raw/snatch_mp4/-38xT-m3Fr4_01080_01414.mp4,snatch_mp4,-38xT-m3Fr4_01080_01414.mp4,1.06,snatch,,yes,,olympic,snatch_youtube_-38xt-m3fr4,train,d58ff7ff566d4315471eb282e7374218460502df95a115748de497f86e445494,1.0,d58ff7ff566d4315471eb282e7374218460502df95a115748de497f86e445494,335,334,0.9970149253731344,334.0,0.4520958065986633,0.3663663566112518,0.8168168067932129,0.4520958065986633,2.0,0.5555555820465088,0.0120120123028755,0.0780873298645019,0.0056089768186211,0.0881803035736084,0.0041025765240192,111.50379180908205,126.89725494384766,51.32323455810547,122.00389099121094,38.778099060058594,43.89667892456055,148.6367950439453,174.91574096679688,160.4689483642578,172.1468505859375,52.5098991394043,70.30216217041016,43.879608154296875,123.24613189697266,45.842079162597656,54.75887298583984,140.40631103515625,166.63040161132812,137.34104919433594,163.90255737304688,174.4145050048828,173.24765014648438,172.7987823486328,174.02635192871094,177.67282104492188,177.25445556640625,171.76502990722656,170.9952850341797,165.25567626953125,168.650146484375,72.440673828125,51.56186294555664,10.524075508117676,5.249581336975098,1.6460058689117432,2.593043088912964,5.231687545776367,2.8178882598876953,14.042558670043944,7.060640335083008,0.7819344997406006,0.7990533709526062,0.8054599761962891,0.5582224726676941,0.5166700482368469,0.5106849074363708,0.3774115145206451,0.3144779503345489,0.6848638653755188,0.5950108766555786,0.6268622279167175,0.6461000442504883,0.6568484306335449,0.5144941210746765,0.6241132616996765,0.6239184737205505,0.4776733219623565,0.432832270860672,0.5692376494407654,0.4363697171211242,0.6362614631652832,0.6853427290916443,0.7795253396034241,0.6836571097373962,0.8153520226478577,0.8113235831260681,0.6692469120025635,0.6365408897399902,0.6681257486343384,0.6008250117301941,0.155976116657257,0.1530945897102356,0.1489670127630233,0.1203283071517944,0.1074854210019111,0.1132940873503685,0.1004687696695327,0.1184199526906013,0.1440207809209823,0.1602429151535034,0.0,0.0,0.0,0.3333333432674408,1.0,1.0,1.0,1.0,0.1818181872367859,0.0
/Users/josephkamil/Desktop/Capstone/Oly_Data/raw/snatch_mp4/Ne6x-EYnC1Q_00840_01096.mp4,snatch_mp4,Ne6x-EYnC1Q_00840_01096.mp4,0.82,snatch,,yes,,olympic,snatch_youtube_ne6x-eync1q,train,c20ce68563eef5cee2b4fe20e36fb3f0fdf7d352d93be0114fd66e7a01d12b7b,1.0,c20ce68563eef5cee2b4fe20e36fb3f0fdf7d352d93be0114fd66e7a01d12b7b,257,251,0.9766536964980544,251.0,0.1394422352313995,0.5600000023841858,0.7279999852180481,0.1713147461414337,12.0,0.1000000014901161,0.1040000021457672,0.1396343410015106,0.0109136942774057,0.0389674305915832,0.004865616094321,133.79335021972656,76.71867370605469,107.94329071044922,119.58946990966795,114.15203094482422,127.0508041381836,159.78684997558594,178.32791137695312,141.87718200683594,121.23319244384766,51.057899475097656,50.568504333496094,54.36529922485352,56.23231506347656,55.073829650878906,132.59886169433594,164.0215606689453,178.1732635498047,132.47727966308594,46.10633087158203,175.56951904296875,174.4239044189453,172.82814025878906,177.26499938964844,175.90908813476562,147.1699981689453,65.8692626953125,53.333518981933594,162.9856719970703,175.36830139160156,92.89784240722656,79.66314697265625,77.10504150390625,82.67378234863281,80.36988830566406,20.00693130493164,3.161907911300659,2.186434030532837,30.204700469970703,86.7857666015625,0.6968790292739868,0.6970512866973877,0.7406479120254517,0.7317366003990173,0.7281226515769958,0.4260109066963196,0.280680239200592,0.2807940542697906,0.6055720448493958,0.8251429200172424,0.5396142601966858,0.5338180065155029,0.5541403293609619,0.5499995946884155,0.5454084873199463,0.3493359088897705,0.2939387559890747,0.2696040272712707,0.467081218957901,0.6396355032920837,0.5338826179504395,0.5550864934921265,0.5804161429405212,0.5647452473640442,0.5649871826171875,0.5386284589767456,0.5521394610404968,0.5268597602844238,0.603885293006897,0.6456009745597839,0.1625912636518478,0.1682071536779403,0.1884053200483322,0.1839199811220169,0.1848586201667785,0.0918655395507812,0.0229315869510173,0.0198517590761184,0.1411256641149521,0.187737300992012,0.0,0.0,0.0,0.0,0.0,0.2800000011920929,0.8399999737739563,0.2800000011920929,0.0,0.0
/Users/josephkamil/Desktop/Capstone/Oly_Data/raw/snatch_mp4/Ne6x-EYnC1Q_00239_00412.mp4,snatch_mp4,Ne6x-EYnC1Q_00239_00412.mp4,0.54,snatch,,yes,,olympic,snatch_youtube_ne6x-eync1q,train,b0aa33b35642d8fa3fd87735df40eea78d02096361eaeb04b2f116e41ed5890a,1.0,b0aa33b35642d8fa3fd87735df40eea78d02096361eaeb04b2f116e41ed5890a,174,171,0.9827586206896552,171.0,0.2748537957668304,0.364705890417099,0.7470588088035583,0.3859649002552032,10.0,0.294117659330368,0.9882352948188782,0.0798621475696563,0.009261779487133,0.0474671125411987,0.0057988655753433,130.4707489013672,110.38629913330078,126.7017059326172,131.5463104248047,118.4133071899414,175.84617614746094,177.5806884765625,170.80152893066406,129.1060791015625,129.88377380371094,50.0438346862793,54.14763641357422,60.519474029541016,133.7971649169922,122.4918441772461,175.1265869140625,177.23770141601562,176.81564331054688,87.58098602294922,47.9826774597168,175.74525451660156,177.26475524902344,176.3599090576172,118.84039306640624,100.60652160644533,126.3084487915039,46.35013198852539,80.11775207519531,172.0916290283203,173.1265411376953,83.99022674560547,86.79297637939453,84.732421875,23.48173713684082,15.399110794067385,3.5707499980926514,1.595299243927002,2.8261044025421143,50.661834716796875,83.9877700805664,0.7955631017684937,0.7918031215667725,0.7765665054321289,0.5033581852912903,0.4382092952728271,0.309092104434967,0.325370043516159,0.4252163469791412,0.7299577593803406,0.808986246585846,0.6379187107086182,0.6394534111022949,0.6189641952514648,0.4366282820701599,0.4878203868865967,0.3232027590274811,0.3170466125011444,0.3797957897186279,0.5784445405006409,0.6439985036849976,0.6482524871826172,0.644950270652771,0.628134548664093,0.5862542986869812,0.6765449643135071,0.572721540927887,0.5589529871940613,0.584402322769165,0.6518527865409851,0.6541515588760376,0.1603802144527435,0.1554680615663528,0.1602850407361984,0.0939735621213913,0.0505004003643989,0.0233995169401168,0.0161545686423778,0.0626423582434654,0.1520011574029922,0.1661196202039718,0.0,0.0,0.0,0.3529411852359772,1.0,0.8235294222831726,0.2352941185235977,0.3529411852359772,0.0,0.0
/Users/josephkamil/Desktop/Capstone/Oly_Data/raw/snatch_mp4/0L-eq_vImgA_00001_00810.mp4,snatch_mp4,0L-eq_vImgA_00001_00810.mp4,1.84,snatch,,yes,,olympic,snatch_youtube_0l-eq_vimga,train,b588f0d9b9d83722e1072baa7b5918180b58f788a3b53cd69e50b2c12a8ce201,1.0,b588f0d9b9d83722e1072baa7b5918180b58f788a3b53cd69e50b2c12a8ce201,810,520,0.6419753086419753,520.0,0.3730769157409668,0.0,1.0,1.0,8.0,0.2562620341777801,0.2581888139247894,0.377825915813446,0.011996173299849,0.1668906211853027,0.003981270827353,172.02931213378906,141.20742797851562,60.02798843383789,52.21178436279297,23.868480682373047,108.59266662597656,167.64559936523438,176.45791625976562,172.83517456054688,171.8284454345703,161.43698120117188,135.7574920654297,74.53952026367188,47.17278671264648,33.50526428222656,104.01651763916016,163.60153198242188,171.68283081054688,169.52090454101562,168.04949951171875,150.2186279296875,160.27967834472656,127.79199981689452,173.0011444091797,176.60243225097656,154.39292907714844,166.27825927734375,162.39016723632812,143.36993408203125,154.1487274169922,7.349477767944336,31.909421920776367,52.585205078125,2.2471959590911865,1.5634117126464844,3.419006586074829,2.936757326126098,0.6572673320770264,2.771383047103882,3.311321496963501,0.6584678292274475,0.6894387006759644,0.8179881572723389,0.8244409561157227,0.8216211795806885,0.6324249505996704,0.4458693265914917,0.4268879890441894,0.5458570122718811,0.5094844698905945,0.5647071003913879,0.5735921859741211,0.7433281540870667,0.7112699151039124,0.7092479467391968,0.6281224489212036,0.540807843208313,0.5215925574302673,0.551066517829895,0.5288993120193481,0.6780824661254883,0.6715621948242188,0.78013676404953,0.81322181224823,0.8141868114471436,0.7435286045074463,0.6859667897224426,0.6735247373580933,0.6865586042404175,0.6674903631210327,0.0950488224625587,0.1171372979879379,0.0872742608189582,0.1133127361536026,0.1125834435224533,0.0796219035983085,0.0966288670897483,0.0949266329407692,0.0821446031332016,0.0903813764452934,0.0192307699471712,0.0,0.0576923079788684,0.0,0.0,0.5,1.0,1.0,0.5384615659713745,0.6153846383094788
/Users/josephkamil/Desktop/Capstone/Oly_Data/raw/snatch_mp4/1DX0IXizcHg_02062_02337.mp4,snatch_mp4,1DX0IXizcHg_02062_02337.mp4,1.72,snatch,,yes,,olympic,snatch_youtube_1dx0ixizchg,test,ca17c29ae1b0369390b3d76e080b0d085b2acdeb4babbda0d5845a23113212f6,1.0,ca17c29ae1b0369390b3d76e080b0d085b2acdeb4babbda0d5845a23113212f6,275,259,0.9418181818181818,259.0,0.6216216087341309,0.2713178396224975,0.8914728760719299,0.6216216087341309,2.0,0.3255814015865326,0.0232558138668537,0.1733504831790924,0.0150016052648425,0.0927770733833313,0.0061899847351014,112.8823013305664,82.25206756591797,135.42282104492188,39.897193908691406,87.00765991210938,148.04811096191406,167.42298889160156,166.73672485351562,164.91763305664062,158.61663818359375,78.8401107788086,73.64141082763672,139.30332946777344,55.16816711425781,75.42089080810547,134.13526916503906,167.5475311279297,166.8505859375,168.32215881347656,147.10472106933594,176.29591369628906,176.53041076660156,167.83641052246094,174.40652465820312,173.09210205078125,154.90895080566406,124.47135925292967,120.29549407958984,153.00428771972656,157.51036071777344,56.83369064331055,10.28524398803711,9.265816688537598,2.3262786865234375,11.995988845825195,10.92682933807373,4.469241619110107,3.097306966781616,2.7489500045776367,22.459247589111328,0.7634328603744507,0.6999325156211853,0.4403681457042694,0.3637581169605255,0.322449654340744,0.2157267928123474,0.0405395030975341,0.1613238155841827,0.22585329413414,0.6273912787437439,0.5644081234931946,0.5297113656997681,0.3578729033470154,0.5315219759941101,0.477273017168045,0.3381300270557403,0.2337057739496231,0.3174698948860168,0.353016048669815,0.4137533903121948,0.6039654016494751,0.6691551208496094,0.5802841782569885,0.7597798705101013,0.6812058091163635,0.573657751083374,0.4937785565853119,0.5794209837913513,0.6115010976791382,0.6056482791900635,0.1992848366498947,0.1712382733821869,0.14286969602108,0.1683076024055481,0.1582945883274078,0.1237283572554588,0.1940499246120453,0.1573041826486587,0.1711410880088806,0.2148210406303405,0.0,0.0,0.2692307829856872,1.0,1.0,1.0,1.0,1.0,0.9230769276618958,0.0
/Users/josephkamil/Desktop/Capstone/Oly_Data/raw/snatch_mp4/Vl7SQWaLh-I_00240_00569.mp4,snatch_mp4,Vl7SQWaLh-I_00240_00569.mp4,0.7,snatch,,yes,,olympic,snatch_youtube_vl7sqwalh-i,train,df2550e3ce3ade6dda6bc6e52b1c302c4fb78696889b4495d8721fd9810c3dff,1.0,df2550e3ce3ade6dda6bc6e52b1c302c4fb78696889b4495d8721fd9810c3dff,330,330,1.0,330.0,0.2515151500701904,0.5319148898124695,0.8176291584968567,0.2878787815570831,10.0,0.4103343486785888,0.3282674849033355,0.1935793757438659,0.0124465022236108,0.0667012929916381,0.0036468168254941,100.71168518066406,71.84947204589844,26.596141815185547,15.650150299072266,55.81245040893555,134.005859375,176.41419982910156,175.588623046875,169.28688049316406,151.62966918945312,66.8867416381836,72.58467864990234,44.76619720458984,7.458928108215332,59.633338928222656,138.16880798339844,174.27777099609375,178.3884735107422,163.2459716796875,143.76170349121094,163.9100799560547,177.67886352539062,177.46714782714844,175.03318786621094,142.59364318847656,164.11831665039062,178.20802307128906,178.32647705078125,160.5884246826172,169.96795654296875,79.4330062866211,72.32443237304688,50.64356231689453,25.508169174194336,22.690893173217773,6.396483421325684,5.7260355949401855,5.7224016189575195,15.702333450317385,35.003273010253906,0.8736134767532349,0.8785486221313477,0.8758548498153687,0.8729543089866638,0.7948482632637024,0.4649255275726318,0.3278496861457824,0.2657748162746429,0.5554972290992737,0.7354568243026733,0.6772827506065369,0.6754531860351562,0.658827543258667,0.6574693322181702,0.607596755027771,0.4832972288131714,0.3405322134494781,0.3282133936882019,0.4047220647335052,0.4907557666301727,0.6954089999198914,0.7079763412475586,0.7271841168403625,0.7789114117622375,0.7424963116645813,0.703822135925293,0.5858427882194519,0.5717179775238037,0.584563136100769,0.5989134311676025,0.1987300962209701,0.2061932384967804,0.2185164391994476,0.2158409655094146,0.1879322081804275,0.1340558975934982,0.0601151511073112,0.0765306204557418,0.1928702741861343,0.2448605895042419,0.0,0.0,0.0,0.0,0.0,0.5757575631141663,0.7575757503509521,1.0,0.1818181872367859,0.0
/Users/josephkamil/Desktop/Capstone/Oly_Data/raw/snatch_mp4/-R8O1oRTmaw_01565_01796.mp4,snatch_mp4,-R8O1oRTmaw_01565_01796.mp4,1.01,snatch,,yes,,olympic,snatch_youtube_-r8o1ortmaw,train,053f82333957f00461143115d3637ec1a2e054e96003392167123ec5031ed699,1.0,053f82333957f00461143115d3637ec1a2e054e96003392167123ec5031ed699,232,232,1.0,232.0,0.4353448152542114,0.3679653704166412,0.8008658289909363,0.4353448152542114,2.0,0.2294372320175171,0.4155844151973724,0.0526595711708068,0.0065033598802983,0.0641775727272033,0.0046961451880633,138.34793090820312,129.6094207763672,75.78265380859375,134.69052124023438,69.62393188476562,163.72109985351562,175.4213409423828,174.8190460205078,171.1817626953125,164.961669921875,107.12736511230467,108.8533706665039,71.83446502685547,130.4551239013672,56.47908401489258,149.5999755859375,161.66236877441406,164.49136352539062,152.7767333984375,164.6146240234375,176.48965454101562,177.9570770263672,176.80508422851562,165.37184143066406,171.86956787109375,166.81539916992188,171.49838256835938,166.2366180419922,168.02760314941406,168.3260040283203,2.879289388656616,1.7038753032684326,1.2343294620513916,0.8439909219741821,1.8704851865768433,2.66394567489624,1.957080960273743,1.6991699934005735,4.149404525756836,7.276987552642822,0.6938115358352661,0.693006694316864,0.6816560626029968,0.4363224506378174,0.4063068926334381,0.2905122935771942,0.268799215555191,0.2891712188720703,0.637290358543396,0.4768663942813873,0.4921670258045196,0.486711174249649,0.4644410908222198,0.3407707512378692,0.5295881628990173,0.4115138351917267,0.3957855701446533,0.4090121388435364,0.4905756115913391,0.368830919265747,0.5343927145004272,0.5487686395645142,0.6110495328903198,0.5182136297225952,0.6898607611656189,0.5807603597640991,0.6146944761276245,0.6204462647438049,0.5906365513801575,0.5415639281272888,0.2016829401254654,0.2062978893518448,0.2172306925058365,0.154114156961441,0.1232908144593238,0.1210267022252082,0.1269992291927337,0.1198984831571579,0.1500197499990463,0.1095758080482482,0.0,0.0,0.0,0.304347813129425,1.0,1.0,1.0,1.0,0.0434782616794109,0.0
/Users/josephkamil/Desktop/Capstone/Oly_Data/raw/snatch_mp4/qnkisPB3PPY_00154_00427.mp4,snatch_mp4,qnkisPB3PPY_00154_00427.mp4,0.4,snatch,,yes,,olympic,snatch_youtube_qnkispb3ppy,dev,6a3798b85399b27e0dd1f4989524d796d35b45dd0f4c75b383f610b6cd288c96,1.0,6a3798b85399b27e0dd1f4989524d796d35b45dd0f4c75b383f610b6cd288c96,274,180,0.656934306569343,180.0,0.6333333253860474,0.0279329605400562,0.9050279259681702,0.8777777552604675,18.0,0.7765362858772278,0.7597765326499939,0.3235541582107544,0.023793077096343,0.159150093793869,0.007596478331834,135.8393096923828,153.51669311523438,167.2931671142578,172.36756896972656,176.82070922851562,174.92755126953125,176.2460479736328,129.98757934570312,143.92718505859375,160.51585388183594,121.19850158691406,158.9992218017578,163.30523681640625,175.93630981445312,176.27783203125,175.61561584472656,171.16741943359375,102.2238540649414,144.48065185546875,160.150634765625,137.2381591796875,134.024658203125,161.89306640625,151.1740264892578,159.65528869628906,163.536865234375,121.28855895996094,124.583251953125,148.57147216796875,166.61309814453125,106.37744140625,176.31036376953125,88.75190734863281,1.2405351400375366,0.7405030131340027,1.9492865800857544,1.3985217809677124,108.72245025634766,176.420654296875,31.54413604736328,0.5261576771736145,0.6614854335784912,0.5352320075035095,0.3598763942718506,0.3575963675975799,0.3577718734741211,0.3826760053634643,0.5115765333175659,0.5330639481544495,0.4222815632820129,0.5090853571891785,0.629368007183075,0.5244656801223755,0.4334769248962402,0.4370474219322204,0.4389877915382385,0.4429100453853607,0.4989428520202636,0.6203776001930237,0.3027913570404053,0.4743334054946899,0.5162028074264526,0.5315972566604614,0.5466920137405396,0.5493190288543701,0.550238847732544,0.5508249998092651,0.4519347548484802,0.4743658304214477,0.4458707273006439,0.046718031167984,0.0403949618339538,0.0830290019512176,0.0742868408560752,0.0811042189598083,0.0824709832668304,0.0610757395625114,0.0676350072026252,0.1020685955882072,0.1440064311027526,0.3333333432674408,0.1111111119389534,0.5,1.0,1.0,1.0,1.0,0.4444444477558136,0.8888888955116272,0.0555555559694767
/Users/josephkamil/Desktop/Capstone/Oly_Data/raw/snatch_mp4/DX9_nCDNVfk_00120_00450.mp4,snatch_mp4,DX9_nCDNVfk_00120_00450.mp4,0.76,snatch,,yes,,olympic,snatch_youtube_dx9_ncdnvfk,train,eec25e399b70e8cb2ef4c5055849508899368c627e06e12f3cf528e4762aaec1,1.0,eec25e399b70e8cb2ef4c5055849508899368c627e06e12f3cf528e4762aaec1,331,291,0.879154078549849,291.0,0.3092783391475677,0.0206896550953388,0.7172414064407349,0.6975945234298706,6.0,0.0931034460663795,0.1724137961864471,0.1724565625190735,0.0074708494357764,0.089242398738861,0.003944999538362,60.583683013916016,15.738248825073242,26.077600479125977,69.14913940429688,140.87423706054688,167.91036987304688,174.49432373046875,162.2429962158203,175.66653442382812,167.56173706054688,85.11405944824219,23.82377243041992,39.595340728759766,79.86192321777344,143.84909057617188,162.57383728027344,173.61590576171875,169.6863555908203,172.70419311523438,158.17457580566406,146.38612365722656,170.24644470214844,163.30348205566406,161.88427734375,165.69044494628906,169.35060119628906,169.22592163085938,155.53933715820312,173.91700744628906,167.89349365234375,62.9500846862793,4.394289970397949,7.186524868011475,6.740796089172363,13.169946670532228,9.002352714538574,1.4542590379714966,2.9509410858154297,2.7935543060302734,7.216155052185059,0.7412489056587219,0.7848981618881226,0.78853839635849,0.7790235877037048,0.6333674192428589,0.443067729473114,0.4169902801513672,0.5921232104301453,0.6252183318138123,0.6503685712814331,0.7472366690635681,0.6887627243995667,0.6897836923599243,0.6796354055404663,0.5887700319290161,0.5340740084648132,0.5187804698944092,0.5341077446937561,0.5181872248649597,0.551115870475769,0.7797377109527588,0.7947801947593689,0.7923583984375,0.7615841627120972,0.7005918622016907,0.6740710735321045,0.6738865375518799,0.6646503210067749,0.6429930329322815,0.654879629611969,0.0863239467144012,0.0963265225291252,0.0989296659827232,0.099661499261856,0.0858870893716812,0.0943204909563064,0.1044016331434249,0.0920866876840591,0.1071951910853385,0.1003471985459327,0.6206896305084229,0.0,0.0,0.0,0.2758620679378509,1.0,1.0,0.2068965584039688,0.0,0.0
/Users/josephkamil/Desktop/Capstone/Oly_Data/raw/snatch_mp4/-tl9NgfDKus_02564_02720.mp4,snatch_mp4,-tl9NgfDKus_02564_02720.mp4,1.16,snatch,,yes,,olympic,snatch_youtube_-tl9ngfdkus,train,fdf43542e58bd62449ba58a5fdbe613d5a81ac001aae6407679b47150e661488,1.0,fdf43542e58bd62449ba58a5fdbe613d5a81ac001aae6407679b47150e661488,156,156,1.0,156.0,0.6153846383094788,0.3354838788509369,1.0,0.6666666865348816,3.0,0.0193548388779163,0.0,0.0901207327842712,0.0091906078159809,0.0489895343780517,0.0072550997138023,45.868995666503906,102.22208404541016,146.57681274414062,104.32032012939452,73.03634643554688,156.21734619140625,164.233154296875,166.37258911132812,166.48098754882812,168.60142517089844,43.4156494140625,97.07274627685548,143.13668823242188,97.63880157470705,63.14739608764648,148.9745635986328,156.25143432617188,158.77340698242188,160.44540405273438,160.23712158203125,178.46897888183594,175.4194793701172,175.84669494628906,159.35560607910156,168.64187622070312,164.20404052734375,169.2677001953125,168.0692901611328,159.27761840820312,153.73892211914062,0.5880019068717957,0.611903727054596,1.689994215965271,0.9285084009170532,0.8567440509796143,2.922196626663208,0.8537100553512573,0.841511607170105,0.500335693359375,2.304351329803467,0.7093180418014526,0.7369066476821899,0.6531553864479065,0.3728586137294769,0.3227279782295227,0.2217235565185547,0.1326934099197387,0.1590924113988876,0.1935250759124755,0.3569517135620117,0.4599148333072662,0.4680616557598114,0.3785122036933899,0.4266413450241089,0.5157804489135742,0.402406245470047,0.3133892714977264,0.3287020623683929,0.3522294163703918,0.3585326969623565,0.6669875979423523,0.6382936239242554,0.602125883102417,0.6813279390335083,0.7323816418647766,0.6135241985321045,0.5663548707962036,0.5748167634010315,0.5810375213623047,0.5735855102539062,0.2494185417890548,0.2688490152359009,0.2748061418533325,0.1395496129989624,0.1930581182241439,0.1807296872138977,0.1807678192853927,0.1696593314409256,0.1587275862693786,0.0819058939814567,0.0,0.0,0.0,0.625,1.0,1.0,1.0,1.0,1.0,0.5
/Users/josephkamil/Desktop/Capstone/Oly_Data/raw/snatch_mp4/YInVzhc2KAo_00001_00298.mp4,snatch_mp4,YInVzhc2KAo_00001_00298.mp4,1.92,snatch,,yes,,olympic,snatch_youtube_yinvzhc2kao,train,e2e73916c3f488f8ad1e4a6eb4d3e6b5c5f706b1f658c5fde4bfa59f9ae3fb72,1.0,e2e73916c3f488f8ad1e4a6eb4d3e6b5c5f706b1f658c5fde4bfa59f9ae3fb72,298,296,0.9932885906040269,296.0,0.5067567825317383,0.3016949295997619,0.989830493927002,0.6891891956329346,4.0,0.4474576413631439,0.810169517993927,0.0790101289749145,0.0122023718431591,0.0416645407676696,0.0058324299752712,164.38482666015625,164.14144897460938,163.0142822265625,122.25926971435548,91.70042419433594,161.15415954589844,166.8030548095703,169.44488525390625,148.85113525390625,163.74258422851562,162.00624084472656,154.63844299316406,147.08738708496094,139.4599151611328,109.20714569091795,161.83016967773438,173.58203125,141.48158264160156,110.77933502197266,171.53224182128906,172.79429626464844,176.2156524658203,158.79177856445312,157.7333221435547,158.37557983398438,169.8737030029297,150.3617401123047,147.76516723632812,103.65579223632812,121.69873046875,12.9518461227417,27.123512268066406,27.79163932800293,7.894991874694824,15.381032943725586,11.347270011901855,2.7995266914367676,34.53292465209961,40.49347305297851,2.7521281242370605,0.5670748353004456,0.6837997436523438,0.6003321409225464,0.2429654002189636,0.3179903030395508,0.1059034392237663,0.0876118466258049,0.5716181993484497,0.5098909139633179,0.0738930478692054,0.3336278796195984,0.4485802054405212,0.389050155878067,0.4045112431049347,0.5012613534927368,0.3084901571273803,0.2694513499736786,0.3921236395835876,0.3690197765827179,0.1919227689504623,0.498705506324768,0.5599343776702881,0.524238646030426,0.6383540034294128,0.6955267190933228,0.5715336203575134,0.5608932375907898,0.5347991585731506,0.4943787753582001,0.4480992257595062,0.2345065623521804,0.2356937825679779,0.2127485573291778,0.1796857863664627,0.1862672418355941,0.2065774947404861,0.1854380816221237,0.1851518005132675,0.1680595278739929,0.1354514062404632,0.0,0.0,0.0,0.9666666388511658,1.0,1.0,1.0,0.0344827584922313,0.1333333402872085,0.8999999761581421
/Users/josephkamil/Desktop/Capstone/Oly_Data/raw/snatch_mp4/Vl7SQWaLh-I_01040_01378.mp4,snatch_mp4,Vl7SQWaLh-I_01040_01378.mp4,0.84,snatch,,yes,,olympic,snatch_youtube_vl7sqwalh-i,train,8ebd97445a98b90346bad8430d220f174fd3d972844d529330abff01bdf16220,1.0,8ebd97445a98b90346bad8430d220f174fd3d972844d529330abff01bdf16220,339,331,0.976401179941003,331.0,0.2719033360481262,0.4969696998596191,0.8606060743331909,0.365558922290802,10.0,0.3393939435482025,0.3636363744735718,0.2785615026950836,0.0200613420456647,0.07597017288208,0.0057040392421185,44.34055709838867,32.15886688232422,48.16724395751953,14.261990547180176,102.1655502319336,89.46454620361328,165.81231689453125,171.10931396484375,146.1122589111328,153.49200439453125,76.6683578491211,80.22496032714844,67.98511505126953,7.876550674438477,112.6011199951172,90.01590728759766,172.2854766845703,177.1094970703125,128.00242614746094,151.8135986328125,174.0102081298828,175.44894409179688,176.02542114257812,176.86392211914062,170.42086791992188,167.83517456054688,163.72706604003906,133.93798828125,140.95970153808594,170.9827880859375,76.15536499023438,67.95796203613281,52.385498046875,31.80614471435547,19.603178024291992,14.90650749206543,5.917797088623047,2.228161334991455,60.85194778442383,32.535118103027344,0.8544535040855408,0.8553335070610046,0.868794322013855,0.8754158616065979,0.6910805702209473,0.4819389283657074,0.2105778455734253,0.2125337421894073,0.6266183257102966,0.6909515261650085,0.6843061447143555,0.6648988127708435,0.6598588824272156,0.664338231086731,0.507347822189331,0.5693013668060303,0.2827827334403991,0.2618522346019745,0.4845958948135376,0.4500907659530639,0.7064085006713867,0.7009899616241455,0.7181980013847351,0.7736450433731079,0.6681702733039856,0.7675026655197144,0.5469033122062683,0.5378862023353577,0.5880802869796753,0.5817608833312988,0.1720046401023864,0.1920987963676452,0.2098176032304763,0.21165731549263,0.189855471253395,0.099367156624794,0.1017683744430542,0.1129554659128189,0.1744844615459442,0.2410731613636016,0.0,0.0,0.0,0.0,0.0303030312061309,1.0,0.7272727489471436,0.7575757503509521,0.2121212184429168,0.0
/Users/josephkamil/Desktop/Capstone/Oly_Data/raw/snatch_mp4/E9sPllx4G8M_01430_01678.mp4,snatch_mp4,E9sPllx4G8M_01430_01678.mp4,0.87,snatch,,yes,,olympic,snatch_youtube_e9spllx4g8m,test,e17bcc6eb0013be881d9f4fd4b9c66388cd74c09df824a05ecf229884cf2bc5d,1.0,e17bcc6eb0013be881d9f4fd4b9c66388cd74c09df824a05ecf229884cf2bc5d,249,240,0.963855421686747,240.0,0.699999988079071,0.175732210278511,1.0,0.824999988079071,3.0,0.2301255166530609,0.2301255166530609,0.0410952568054199,0.0069785458035767,0.0578896403312683,0.0048813177272677,92.2255859375,130.1237030029297,54.607364654541016,149.87242126464844,168.1381072998047,177.6260223388672,173.89772033691406,146.4573211669922,155.0989532470703,175.8236083984375,89.17005157470703,134.31488037109375,63.04328536987305,145.73001098632812,158.11033630371094,164.72189331054688,163.50904846191406,134.84640502929688,156.94212341308594,162.16326904296875,164.4716339111328,157.6088409423828,170.7981719970703,172.9760284423828,169.73594665527344,171.41925048828125,164.4814910888672,125.73505401611328,129.7875518798828,153.3047332763672,1.1687968969345093,1.067940592765808,0.6284144520759583,1.0671155452728271,1.0757317543029783,0.5452053546905518,0.5510578751564026,3.0785818099975586,0.9772782325744628,0.4954499900341034,0.7229192852973938,0.4330253601074219,0.4186564981937408,0.2646297514438629,0.2310847789049148,0.2792315781116485,0.3757892549037933,0.6116023659706116,0.4491482675075531,0.4422835409641266,0.5521723628044128,0.3494313955307007,0.5400277376174927,0.3789546489715576,0.3490709066390991,0.3819200992584228,0.4263271391391754,0.5324648022651672,0.4861348867416382,0.4814061820507049,0.6504136919975281,0.5462926030158997,0.7328460812568665,0.5603799223899841,0.561643123626709,0.5670448541641235,0.5770602822303772,0.5998673439025879,0.603926420211792,0.5893780589103699,0.1709626913070678,0.1292277872562408,0.1213727369904518,0.1143832430243492,0.118010014295578,0.1027065515518188,0.0703263580799102,0.0793887376785278,0.0377379395067691,0.0392423383891582,0.0,0.25,1.0,1.0,1.0,1.0,0.7916666865348816,0.0,0.9583333134651184,1.0
/Users/josephkamil/Desktop/Capstone/Oly_Data/raw/snatch_mp4/iEByXfUcsMw_00339_00684.mp4,snatch_mp4,iEByXfUcsMw_00339_00684.mp4,0.65,snatch,,yes,,olympic,snatch_youtube_iebyxfucsmw,train,e8dd73f6c960941e2173c65318e98ede54dddc6ee95225ae29a7a5212a007d1e,1.0,e8dd73f6c960941e2173c65318e98ede54dddc6ee95225ae29a7a5212a007d1e,346,345,0.9971098265895952,345.0,0.0840579718351364,0.7093023061752319,0.8779069781303406,0.1710144877433776,4.0,0.8604651093482971,0.171511635184288,0.0625295639038086,0.0029907815624028,0.0419321060180664,0.002145251026377,131.52658081054688,135.7073211669922,132.8173828125,131.68673706054688,130.6833953857422,144.21804809570312,144.82797241210938,117.4131851196289,58.46741485595703,137.0313262939453,46.96281814575195,37.14788436889648,36.88883209228515,38.04960250854492,41.60213851928711,40.4920768737793,48.27894592285156,105.78044128417967,72.39476776123047,98.44889831542967,177.1058349609375,175.4757537841797,174.51702880859375,177.2713623046875,177.98117065429688,178.15284729003906,176.3806915283203,167.05587768554688,170.59194946289062,173.07920837402344,124.0674285888672,121.73223876953124,120.63777923583984,122.0124740600586,123.90892028808594,123.72891998291016,127.84220123291016,27.055742263793945,4.489840507507324,39.96805191040039,0.7082279324531555,0.7147664427757263,0.7208309173583984,0.7185550332069397,0.7211748361587524,0.7222074866294861,0.717963457107544,0.632725715637207,0.5303636193275452,0.6808283925056458,0.6183876991271973,0.6172233819961548,0.6188443899154663,0.6194435954093933,0.6203847527503967,0.6210577487945557,0.6172788739204407,0.5492346882820129,0.567850649356842,0.5560123324394226,0.5888370871543884,0.590821385383606,0.5939440727233887,0.5947173237800598,0.5951890349388123,0.5964522957801819,0.5864453315734863,0.6225314736366272,0.6776015758514404,0.5964158773422241,0.0899188369512558,0.0976239964365959,0.1021500453352928,0.0992134287953376,0.1009329184889793,0.101287193596363,0.1009082794189453,0.0871042162179946,0.0694841295480728,0.1249018386006355,0.0,0.0,0.0,0.0,0.0,0.0,0.0,0.0571428574621677,0.7941176295280457,0.0
/Users/josephkamil/Desktop/Capstone/Oly_Data/raw/snatch_mp4/1DX0IXizcHg_01872_02045.mp4,snatch_mp4,1DX0IXizcHg_01872_02045.mp4,1.13,snatch,,yes,,olympic,snatch_youtube_1dx0ixizchg,test,b87a27bf73c2f5f6c38fc3bdbaa24f1968f4068e107866c67d05d53b52ef7f4d,1.0,b87a27bf73c2f5f6c38fc3bdbaa24f1968f4068e107866c67d05d53b52ef7f4d,173,173,1.0,173.0,0.589595377445221,0.2906976640224457,0.8779069781303406,0.589595377445221,2.0,0.075581394135952,0.075581394135952,0.1596842408180236,0.0143727455288171,0.1134883165359497,0.006889394018799,50.09992599487305,100.85946655273438,145.53909301757812,52.07599258422851,86.45201110839844,146.02374267578125,170.86590576171875,173.7115478515625,160.69435119628906,108.47557830810548,47.020843505859375,88.15587615966797,148.35952758789062,74.95161437988281,94.73856353759766,140.72691345214844,167.22900390625,170.53421020507812,154.05201721191406,99.49628448486328,175.09439086914062,167.85353088378906,154.8607940673828,148.96673583984375,149.28097534179688,159.0875701904297,163.65682983398438,157.02767944335938,159.9514617919922,163.66287231445312,12.97321319580078,14.286949157714844,10.86688995361328,1.564131259918213,3.5394113063812256,6.142141342163086,0.4711615145206451,0.4300385117530823,4.030865669250488,24.88977813720703,0.8296805620193481,0.7578504085540771,0.4709183275699615,0.4714665412902832,0.4144060611724853,0.2903004884719848,0.2609485983848572,0.2481684684753418,0.376094102859497,0.8213312029838562,0.6023260951042175,0.5311823487281799,0.3298470675945282,0.5743476748466492,0.5353257060050964,0.4364899098873138,0.4159875512123108,0.4211876392364502,0.4657070636749267,0.607162356376648,0.7497993111610413,0.6766427755355835,0.5656234622001648,0.8221962451934814,0.7734243869781494,0.706426739692688,0.7161459922790527,0.7294574975967407,0.743913471698761,0.7470269203186035,0.2276495993137359,0.2269484549760818,0.1703366339206695,0.1071668043732643,0.1240642666816711,0.148796334862709,0.1569758057594299,0.1752873510122299,0.1406672000885009,0.2163819223642349,0.0,0.0,0.0588235296308994,1.0,1.0,1.0,1.0,1.0,0.8235294222831726,0.0
/Users/josephkamil/Desktop/Capstone/Oly_Data/raw/snatch_mp4/DzxjlFoyd8U_00240_00623.mp4,snatch_mp4,DzxjlFoyd8U_00240_00623.mp4,2.18,snatch,,yes,,olympic,snatch_youtube_dzxjlfoyd8u,train,5a443aa9c062bf00ef1dfad62353665184c03d1b019c1461507f1d4696ea14f7,1.0,5a443aa9c062bf00ef1dfad62353665184c03d1b019c1461507f1d4696ea14f7,384,377,0.9817708333333334,377.0,0.3501326143741607,0.417553186416626,0.7739361524581909,0.358090192079544,6.0,0.2101063877344131,0.2819148898124695,0.1456024050712585,0.0155110843479633,0.1038451194763183,0.0074840886518359,69.54039001464844,89.27336883544922,14.65802764892578,81.8886947631836,96.1992416381836,26.8255558013916,151.00942993164062,162.67092895507812,148.03759765625,153.77024841308594,164.65318298339844,108.02935028076172,15.06651210784912,76.78910064697266,105.69264221191406,34.483604431152344,144.4491729736328,173.16209411621094,157.9138946533203,169.87124633789062,146.04803466796875,143.2640838623047,137.4225616455078,163.95782470703125,141.59765625,137.7692413330078,165.99232482910156,154.10484313964844,167.68153381347656,147.87232971191406,31.40886688232422,23.773374557495117,19.783422470092773,50.56044387817383,15.851080894470217,13.34793472290039,17.515514373779297,5.3200364112854,13.626394271850586,3.2383975982666016,0.5602867603302002,0.6355388760566711,0.6666324734687805,0.6415418386459351,0.3473708033561706,0.4915829598903656,0.2696844339370727,0.3577381670475006,0.7022989392280579,0.620975911617279,0.4826529324054718,0.5230068564414978,0.5292702913284302,0.4364576041698456,0.4107319414615631,0.5848265290260315,0.3974805474281311,0.4121461808681488,0.4423384964466095,0.357625812292099,0.5819093585014343,0.6563672423362732,0.6911664009094238,0.5356385707855225,0.6563944816589355,0.826981246471405,0.6514878273010254,0.7045049667358398,0.6634474992752075,0.6614187359809875,0.0822172909975051,0.1166614592075347,0.1392726451158523,0.2064263820648193,0.1216391548514366,0.0943406447768211,0.1345076262950897,0.139064684510231,0.2649149000644684,0.2645329535007477,0.0,0.0,0.0,0.0,0.7894737124443054,1.0,0.945945918560028,0.7631579041481018,0.0,0.0
/Users/josephkamil/Desktop/Capstone/Oly_Data/raw/snatch_mp4/8ayxz86QCng_00001_00552.mp4,snatch_mp4,8ayxz86QCng_00001_00552.mp4,1.8,snatch,,yes,,olympic,snatch_youtube_8ayxz86qcng,dev,5ad8a9a6031ad29edfa68241cbc22c35c93c80e0927d7d5115d385a5cf87c6ab,1.0,5ad8a9a6031ad29edfa68241cbc22c35c93c80e0927d7d5115d385a5cf87c6ab,552,389,0.7047101449275363,389.0,0.1491002589464187,0.5154638886451721,0.8917526006698608,0.3778920173645019,26.0,0.5154638886451721,0.6030927896499634,0.0898951888084411,0.0073910797946155,0.1239416599273681,0.0049831643700599,170.1490478515625,170.501220703125,167.48818969726562,169.82797241210938,155.46798706054688,92.90149688720705,146.7165069580078,167.26510620117188,168.1974639892578,149.7090606689453,173.82627868652344,170.3406219482422,171.64964294433594,174.5944061279297,161.70916748046875,104.37357330322266,141.2946014404297,170.1072235107422,170.35598754882812,162.9599151611328,158.80477905273438,158.6585693359375,157.325439453125,144.3321075439453,149.4393310546875,65.50352478027344,117.9482192993164,140.93211364746094,152.98863220214844,154.67864990234375,7.388370037078857,1.554254412651062,1.3215782642364502,3.115017890930176,21.75367546081543,108.36654663085938,37.14229965209961,13.810872077941896,20.053539276123047,8.54857349395752,0.4613997340202331,0.4547033607959747,0.4516426920890808,0.4495812952518463,0.4859989881515503,0.5737119913101196,0.4784163534641266,0.3582741022109985,0.3386535346508026,0.4563220143318176,0.3769535422325134,0.3650366365909576,0.3593814074993133,0.3523939251899719,0.3849601149559021,0.5550007224082947,0.4519743323326111,0.3746019005775451,0.3220722377300262,0.3751021027565002,0.4566048979759216,0.4620510935783386,0.4514827728271484,0.4582530260086059,0.4764865040779114,0.523154616355896,0.5054551959037781,0.4804875254631042,0.4246365129947662,0.4685883522033691,0.0847242921590805,0.0900909900665283,0.0925604328513145,0.0977822542190551,0.1019256561994552,0.0283489413559436,0.0537841618061065,0.0388434864580631,0.064758762717247,0.0835002660751342,0.0,0.0,0.0,0.0,0.0,0.1794871836900711,0.3076923191547394,0.7179487347602844,0.2820512950420379,0.0
/Users/josephkamil/Desktop/Capstone/Oly_Data/raw/snatch_mp4/xJGHLhnJVFs_01193_01411.mp4,snatch_mp4,xJGHLhnJVFs_01193_01411.mp4,0.67,snatch,,yes,,olympic,snatch_youtube_xjghlhnjvfs,train,2aee1ae284b37e4c6900d3c9842fe87b400cdec815ea02d53c45179819024028,1.0,2aee1ae284b37e4c6900d3c9842fe87b400cdec815ea02d53c45179819024028,219,219,1.0,219.0,0.6164383292198181,0.1330275237560272,0.747706413269043,0.6164383292198181,2.0,0.1605504602193832,0.2477064281702041,0.1110336184501648,0.0078074824996292,0.1432645320892334,0.0036361035890877,144.84860229492188,97.56812286376952,41.555179595947266,85.53748321533203,159.31471252441406,177.71002197265625,178.32545471191406,177.59129333496094,177.98004150390625,177.97341918945312,135.67453002929688,100.0349578857422,47.04177474975586,84.46589660644531,156.54344177246094,172.6339569091797,177.47068786621094,174.900634765625,176.1776123046875,174.60247802734375,176.1240997314453,171.78443908691406,176.7749481201172,176.54673767089844,177.0629425048828,178.19207763671875,177.21726989746094,161.89178466796875,166.10009765625,176.61634826660156,1.8917874097824097,0.666114866733551,1.3579750061035156,0.9618505835533142,0.8745853900909424,0.7129344940185547,0.3133207559585571,0.3823622763156891,0.6704526543617249,1.7639206647872925,0.6390417814254761,0.4422701895236969,0.4595130085945129,0.4080733358860016,0.2543774843215942,0.1954130679368972,0.199147880077362,0.3606533706188202,0.447250485420227,0.4752072095870971,0.4970147609710693,0.4882453083992004,0.5914814472198486,0.5417751669883728,0.3887787163257599,0.3390969932079315,0.3433494865894317,0.3498940765857696,0.334057480096817,0.3207790851593017,0.5906197428703308,0.6693931221961975,0.7822631597518921,0.7167001366615295,0.5820115804672241,0.5564095973968506,0.5639672875404358,0.5570809841156006,0.5350441336631775,0.5142678022384644,0.1420837044715881,0.1140606477856636,0.1319725811481475,0.1337118297815323,0.1344389915466308,0.1437375098466873,0.144203171133995,0.120929054915905,0.1154829934239387,0.1553115844726562,0.0,0.6363636255264282,1.0,1.0,1.0,1.0,1.0,0.5,0.0,0.0
/Users/josephkamil/Desktop/Capstone/Oly_Data/raw/snatch_mp4/9n9JfJKIUwU_00001_00177.mp4,snatch_mp4,9n9JfJKIUwU_00001_00177.mp4,0.9,snatch,,yes,,olympic,snatch_youtube_9n9jfjkiuwu,train,1391f40d4d9f41f8924050bdc70fbb3472adaacd1dbebe21a8f00b110fad18f1,1.0,1391f40d4d9f41f8924050bdc70fbb3472adaacd1dbebe21a8f00b110fad18f1,177,174,0.9830508474576272,174.0,0.2988505661487579,0.6127167344093323,0.9075144529342652,0.2988505661487579,2.0,0.5491329431533813,0.7052023410797119,0.0838516354560852,0.0121940271928906,0.0870906114578247,0.0073657697066664,169.36900329589844,172.49993896484375,157.2532196044922,129.950439453125,94.99713134765624,109.63897705078124,59.29214096069336,144.80453491210938,174.0260467529297,162.7108612060547,176.82827758789062,176.9207305908203,115.47064971923828,43.196189880371094,66.94944763183594,109.51416015625,53.82017135620117,149.25584411621094,174.23348999023438,167.03956604003906,161.0914306640625,163.19882202148438,150.77633666992188,156.48171997070312,168.38958740234375,171.38706970214844,159.6625518798828,173.61480712890625,175.52542114257812,102.2886734008789,2.8072469234466553,6.67283821105957,63.7801513671875,101.26129150390624,41.47959899902344,9.600641250610352,1.8189115524291992,7.205047607421875,1.7127867937088013,6.593694686889648,0.469830721616745,0.5074835419654846,0.5987400412559509,0.6744022369384766,0.6886869072914124,0.6585783958435059,0.4280882477760315,0.332717090845108,0.2167781293392181,0.4826728999614715,0.3335111141204834,0.355334460735321,0.4883806407451629,0.5464957356452942,0.550021767616272,0.5203787684440613,0.5149326324462891,0.4462733268737793,0.3375134468078613,0.4201361238956451,0.4782534837722778,0.4986963272094726,0.5223522186279297,0.5360165238380432,0.6198833584785461,0.6365938782691956,0.680280864238739,0.6020443439483643,0.5280167460441589,0.5802769064903259,0.1367450952529907,0.1525178402662277,0.1148788630962371,0.1295605599880218,0.1410185545682907,0.1383055299520492,0.098446324467659,0.1136544793844223,0.1208761557936668,0.0810226649045944,0.0,0.0,0.0,0.0,0.0,0.0,0.8823529481887817,1.0,1.0,0.1111111119389534
/Users/josephkamil/Desktop/Capstone/Oly_Data/raw/snatch_mp4/1DX0IXizcHg_01068_01291.mp4,snatch_mp4,1DX0IXizcHg_01068_01291.mp4,0.99,snatch,,yes,,olympic,snatch_youtube_1dx0ixizchg,test,18a1f71c3602b975dfb19123dfa7b18381aa518cb660ee35d19627e7cd96729f,1.0,18a1f71c3602b975dfb19123dfa7b18381aa518cb660ee35d19627e7cd96729f,223,222,0.9955156950672646,222.0,0.5540540814399719,0.3846153914928436,0.9366515874862672,0.5540540814399719,2.0,0.4343891441822052,0.4343891441822052,0.2227106690406799,0.013079316355288,0.0963483452796936,0.0062987273558974,92.9379653930664,152.2906036376953,84.91790771484375,164.82801818847656,59.40336990356445,136.9800567626953,170.17105102539062,173.6938018798828,175.25656127929688,161.09161376953125,102.75324249267578,157.67434692382812,97.14892578125,165.81983947753906,58.645137786865234,134.27174377441406,171.72567749023438,176.68643188476562,178.38372802734375,169.1995849609375,176.10531616210938,175.07530212402344,176.47723388671875,154.05718994140625,136.11061096191406,149.9533233642578,160.5898895263672,170.90476989746094,178.09864807128906,137.0290985107422,13.354114532470703,24.450763702392575,16.317842483520508,11.946450233459473,8.757826805114746,15.700572967529297,6.661680221557617,6.218104839324951,6.203530788421631,10.007681846618652,0.8081624507904053,0.8220354318618774,0.810344934463501,0.5190024375915527,0.3875304162502289,0.3037455677986145,0.2096940577030182,0.2229157835245132,0.2165883183479309,0.5172088742256165,0.5902390480041504,0.5962388515472412,0.588854968547821,0.394782155752182,0.5278847813606262,0.4587696194648742,0.3724839985370636,0.3991930186748504,0.4082152545452118,0.4592693448066711,0.7195281982421875,0.6981629729270935,0.7374024987220764,0.594649076461792,0.7512707710266113,0.6803341507911682,0.6163996458053589,0.6383230686187744,0.657222330570221,0.644249439239502,0.2179884910583496,0.2258519679307937,0.2216610014438629,0.1678949445486068,0.1504001021385193,0.1570235788822174,0.1644386500120163,0.1786154359579086,0.191664233803749,0.1750109046697616,0.0,0.0,0.0,0.1363636404275894,1.0,1.0,1.0,1.0,1.0,0.3913043439388275
/Users/josephkamil/Desktop/Capstone/Oly_Data/raw/snatch_mp4/iEByXfUcsMw_01636_01920.mp4,snatch_mp4,iEByXfUcsMw_01636_01920.mp4,0.61,snatch,,yes,,olympic,snatch_youtube_iebyxfucsmw,train,cd1fc7b9a061d8d72b0237dfa125340972ef92812d3b8ec70d18eee84991ecbc,1.0,cd1fc7b9a061d8d72b0237dfa125340972ef92812d3b8ec70d18eee84991ecbc,285,269,0.9438596491228072,269.0,0.4832713901996612,0.3955223858356476,0.9813432693481444,0.5873606204986572,6.0,0.0298507455736398,0.0298507455736398,0.1675850749015808,0.0057700998149812,0.0339964628219604,0.0023595965467393,57.96623229980469,53.07989883422851,56.905738830566406,128.4570770263672,76.12725067138672,141.8561553955078,172.39659118652344,176.8293914794922,159.91046142578125,163.91217041015625,42.79016876220703,50.58018493652344,48.25889205932617,122.18824005126952,90.17737579345705,133.3421630859375,165.1698455810547,174.09898376464844,157.71437072753906,165.5325927734375,176.59683227539062,176.33050537109375,177.22946166992188,170.61581420898438,165.03555297851562,173.34300231933594,172.51512145996094,174.98777770996094,170.3355255126953,132.86761474609375,14.247699737548828,17.789539337158203,18.700105667114254,14.631446838378906,9.402888298034668,11.58428955078125,5.730073928833008,5.837508678436279,6.461275577545166,1.3389488458633425,0.7758684158325195,0.7739270329475403,0.7722329497337341,0.6696147918701172,0.600990355014801,0.4530950784683227,0.4145886600017547,0.4146797657012939,0.5593018531799316,0.524712324142456,0.6638990044593811,0.6642173528671265,0.6643102169036865,0.581261396408081,0.6639319062232971,0.5374076962471008,0.4965135455131531,0.4992179870605469,0.5349896550178528,0.5102706551551819,0.7340551018714905,0.7341576814651489,0.7329704165458679,0.6701313853263855,0.7511736750602722,0.6559349298477173,0.6293457746505737,0.638461172580719,0.6576547026634216,0.6346110105514526,0.1126089990139007,0.1107730492949485,0.1089792102575302,0.0916018038988113,0.0683301985263824,0.0844826027750969,0.0821127817034721,0.0847054123878479,0.0860317796468734,0.0623786114156246,0.0,0.0,0.0,0.0370370373129844,0.92592591047287,1.0,1.0,1.0,0.3703703582286834,0.4814814925193786
/Users/josephkamil/Desktop/Capstone/Oly_Data/raw/snatch_mp4/2Rms41zxbqI_00060_00434.mp4,snatch_mp4,2Rms41zxbqI_00060_00434.mp4,0.97,snatch,,yes,,olympic,snatch_youtube_2rms41zxbqi,train,f6c8b00404ab0e9c99c59d8a402c75194d0205594c8f0847efadcd8c6bfbd58b,1.0,f6c8b00404ab0e9c99c59d8a402c75194d0205594c8f0847efadcd8c6bfbd58b,374,374,1.0,374.0,0.5080214142799377,0.4182305634021759,0.9249329566955566,0.5080214142799377,2.0,0.445040225982666,0.4477211833000183,0.3175606727600097,0.00708419829607,0.1313989162445068,0.0042943712323904,130.33897399902344,130.48602294921875,120.8263931274414,131.2816162109375,62.4178352355957,51.04867935180664,151.516845703125,175.88601684570312,176.45831298828125,163.74880981445312,59.33548355102539,60.47051239013672,53.2656364440918,83.1089096069336,74.0749740600586,59.762733459472656,143.9325408935547,168.16763305664062,170.4571533203125,157.66854858398438,177.5191650390625,174.39053344726562,177.3611297607422,174.38558959960938,161.90097045898438,157.95228576660156,160.67987060546875,163.566650390625,159.9100799560547,164.1557159423828,74.69865417480469,73.17002868652344,70.95301055908203,44.55805206298828,3.1396377086639404,3.685809135437012,6.023468017578125,1.7271878719329834,0.867261528968811,3.525184631347656,0.71621173620224,0.7277430295944214,0.7232051491737366,0.6660913228988647,0.3482095897197723,0.3524688184261322,0.173874944448471,0.0871890559792518,0.1096203252673149,0.4619872868061065,0.4991370141506195,0.5177688002586365,0.511771023273468,0.4488744437694549,0.449896901845932,0.5141222476959229,0.3490759432315826,0.2762242257595062,0.294559121131897,0.3825796544551849,0.5231850147247314,0.5429562330245972,0.5415806770324707,0.5433400273323059,0.6786118149757385,0.7408908605575562,0.6282430291175842,0.5756460428237915,0.5902242660522461,0.6161468625068665,0.2180611342191696,0.2108592242002487,0.2124975323677063,0.2181498557329177,0.1469034999608993,0.162818431854248,0.1760819852352142,0.2023113667964935,0.1869643330574035,0.1792289316654205,0.0,0.0,0.0,0.0,0.8157894611358643,1.0,1.0,1.0,1.0,0.2631579041481018
/Users/josephkamil/Desktop/Capstone/Oly_Data/raw/snatch_mp4/LBXdfklSpVg_05368_05760.mp4,snatch_mp4,LBXdfklSpVg_05368_05760.mp4,1.13,snatch,,yes,,olympic,snatch_youtube_lbxdfklspvg,test,fe326e4e0d84764203ecd3ae6ef129ce1b867bd64403473bdae8e52cdb85cdeb,1.0,fe326e4e0d84764203ecd3ae6ef129ce1b867bd64403473bdae8e52cdb85cdeb,393,393,1.0,393.0,0.2595419883728027,0.5561224222183228,0.8137755393981934,0.2595419883728027,2.0,0.4795918464660644,0.4770408272743225,0.0395454466342926,0.0031892496626824,0.026616096496582,0.0025830627419054,93.31759643554688,52.74762725830078,26.116300582885746,33.177635192871094,90.28147888183594,151.88905334472656,102.98184967041016,176.1671600341797,174.18746948242188,165.92173767089844,109.2740249633789,49.30364990234375,43.72509765625,43.189735412597656,73.64415740966797,152.2049102783203,105.0886688232422,177.3913116455078,174.50393676757812,172.28077697753906,162.42388916015625,158.21971130371094,159.92860412597656,165.61309814453125,177.4710693359375,160.0140380859375,172.46994018554688,169.23330688476562,161.86288452148438,172.93858337402344,33.91301345825195,27.421104431152344,27.448657989501953,25.99297523498535,34.12165451049805,9.199871063232422,12.59909725189209,5.147019386291504,7.41412353515625,7.799788475036621,0.7498881816864014,0.7554203867912292,0.7524293065071106,0.7491351366043091,0.7500410079956055,0.4985692501068115,0.3877843022346496,0.2381711304187774,0.5125207901000977,0.5624445080757141,0.614513635635376,0.611879825592041,0.6180108189582825,0.6125262379646301,0.5960870981216431,0.4687018394470215,0.4975789189338684,0.3506232798099518,0.3833522200584411,0.3846355974674225,0.690463125705719,0.7005559802055359,0.7064957618713379,0.7040964961051941,0.6804965734481812,0.6172606945037842,0.6506863832473755,0.536858081817627,0.541385293006897,0.5380047559738159,0.1356858909130096,0.1438001692295074,0.1348204612731933,0.1369044333696365,0.1540806144475937,0.1125616505742073,0.1102559193968772,0.1126279011368751,0.1516903191804886,0.1792083233594894,0.0,0.0,0.0,0.0,0.0,0.4358974397182464,1.0,1.0,0.1538461595773697,0.0
/Users/josephkamil/Desktop/Capstone/Oly_Data/raw/snatch_mp4/cSxxajrTO5w_00365_00710.mp4,snatch_mp4,cSxxajrTO5w_00365_00710.mp4,0.73,snatch,,yes,,olympic,snatch_youtube_csxxajrto5w,dev,e69a8be5499a3e85b331d1da7c508d8f586dbb848fd2bcff31325e04dc0e2962,1.0,e69a8be5499a3e85b331d1da7c508d8f586dbb848fd2bcff31325e04dc0e2962,346,266,0.7687861271676301,266.0,0.169172927737236,0.3132075369358063,0.8264151215553284,0.5150375962257385,22.0,0.1660377383232116,0.2075471729040146,0.2734132409095764,0.0142998388037085,0.0800044536590576,0.005792748183012,121.90597534179688,92.35491180419922,124.07791137695312,65.41423797607422,91.50159454345705,167.111572265625,176.13388061523438,171.28038024902344,169.7880096435547,170.41592407226562,146.89210510253906,140.93466186523438,112.38314819335938,80.14369201660156,89.65462493896484,166.93649291992188,176.05105590820312,172.2494354248047,173.66326904296875,174.24053955078125,148.18399047851562,144.24481201171875,151.15447998046875,146.82327270507812,138.2715301513672,157.46128845214844,163.82240295410156,117.71437072753906,108.85972595214844,112.20072174072266,39.0599479675293,45.20829391479492,26.75390625,9.456513404846191,14.991670608520508,8.16628646850586,2.7887158393859863,3.1958491802215576,1.74345862865448,1.4443700313568115,0.7471290826797485,0.7457295656204224,0.6725296378135681,0.6228695511817932,0.5912929773330688,0.4038049280643463,0.3527634441852569,0.3713662922382355,0.5368289351463318,0.6165200471878052,0.6804972887039185,0.6723507642745972,0.5499807000160217,0.5689529776573181,0.5690476298332214,0.390379399061203,0.3610143661499023,0.3819360733032226,0.4755699634552002,0.5540955662727356,0.7325538992881775,0.7326253056526184,0.6447490453720093,0.7188994884490967,0.698090136051178,0.5682111382484436,0.5485069751739502,0.5475138425827026,0.6369818449020386,0.7022755742073059,0.0746760666370391,0.0832690820097923,0.1240689307451248,0.0695696696639061,0.0525993034243583,0.0534923300147056,0.0547633692622184,0.0675257965922355,0.081496849656105,0.0700115859508514,0.0,0.0,0.0,0.0370370373129844,0.1851851791143417,0.1923076957464218,0.4444444477558136,0.692307710647583,0.1481481492519378,0.0
/Users/josephkamil/Desktop/Capstone/Oly_Data/raw/real_snatch/snatch_correct_320x240.mp4,real_snatch,snatch_correct_320x240.mp4,0.28,snatch,,yes,,olympic,snatch_sha_71df866b99014d4d,dev,71df866b99014d4df4d698f7a58e24b98910db6f80a00116ef5c7fb91563375b,2.0,71df866b99014d4df4d698f7a58e24b98910db6f80a00116ef5c7fb91563375b,678,666,0.9823008849557522,666.0,0.1681681722402572,0.4496240615844726,0.9082706570625304,0.4594594538211822,20.0,0.7624059915542603,0.4541353285312652,0.2039754837751388,0.0127959689125418,0.1319783329963684,0.0042735771276056,160.79884338378906,160.0972137451172,162.14706420898438,116.05886840820312,111.002685546875,160.99473571777344,144.11505126953125,117.13411712646484,128.89378356933594,167.61715698242188,37.89728164672851,36.20027923583984,41.83870697021485,82.24107360839844,103.77427673339844,158.8335723876953,53.599361419677734,122.978515625,134.8576202392578,140.8180389404297,177.5723114013672,171.6573486328125,172.41171264648438,175.1407012939453,111.6156768798828,128.01466369628906,173.1092071533203,159.27882385253906,120.41654205322266,140.14353942871094,128.0689239501953,128.9132537841797,122.65911102294922,52.722110748291016,15.220937728881836,7.836419105529785,102.29016876220705,15.74100399017334,5.915787220001221,31.332002639770508,0.7682443857192993,0.7731226682662964,0.7672080993652344,0.7544873952865601,0.5471051335334778,0.3828316032886505,0.7490002512931824,0.6413176655769348,0.3705897629261017,0.5347095727920532,0.6136350035667419,0.6210412979125977,0.6104332208633423,0.5877607464790344,0.5098763108253479,0.3944804072380066,0.5888421535491943,0.5039934515953064,0.3962356746196747,0.4219617843627929,0.5405312776565552,0.5449104309082031,0.5475142598152161,0.6640264391899109,0.6772516965866089,0.5800290107727051,0.567473828792572,0.6695749759674072,0.6499965190887451,0.5507383942604065,0.1602418273687362,0.1567516028881073,0.1605976969003677,0.167819082736969,0.098955325782299,0.0879748314619064,0.1625208556652069,0.1433660686016082,0.0728080570697784,0.1224156022071838,0.0,0.0,0.0,0.0,0.4776119291782379,0.5909090638160706,0.0,0.0151515156030654,0.5522388219833374,0.0447761192917823
/Users/josephkamil/Desktop/Capstone/Oly_Data/raw/real_snatch/snatch- correct.mov,real_snatch,snatch- correct.mov,67.18,snatch,,yes,,olympic,snatch_sha_6ef0832af7d18fe5,train,6ef0832af7d18fe5ffd17d71afd67671f470e308a2d563f37b44fc5b445e6f64,1.0,6ef0832af7d18fe5ffd17d71afd67671f470e308a2d563f37b44fc5b445e6f64,938,825,0.8795309168443497,825.0,0.2339393943548202,0.4563106894493103,0.9138349294662476,0.4581818282604217,8.0,0.6771844625473022,0.0800970867276191,0.2392516732215881,0.0086257895454764,0.0669881105422973,0.0027775838971138,133.46664428710938,158.01795959472656,152.55528259277344,98.82771301269533,115.84977722167967,141.0303497314453,79.81341552734375,102.59607696533205,108.5249481201172,164.05459594726562,39.04292297363281,36.23632049560547,41.54072570800781,64.6351089477539,106.61363983154295,139.7614288330078,57.05937957763672,87.11636352539062,106.79296875,139.10256958007812,176.30796813964844,177.53616333007812,173.01254272460938,175.3292999267578,124.94581604003906,114.82723236083984,175.14984130859375,172.348876953125,85.8888168334961,155.04600524902344,120.90322875976562,123.46206665039062,119.37946319580078,59.03404998779297,20.81449317932129,8.746561050415039,100.21414947509766,29.002649307250977,12.792285919189451,30.87421989440918,0.7916886210441589,0.8064663410186768,0.7807410359382629,0.7849546670913696,0.5558050870895386,0.3747703731060028,0.766947329044342,0.7355931401252747,0.387875497341156,0.5632030367851257,0.6132224798202515,0.6231206655502319,0.6112374663352966,0.588355302810669,0.4878242313861847,0.3945076763629913,0.5807716846466064,0.5339264869689941,0.4428307116031647,0.4226078689098358,0.5580395460128784,0.5609390139579773,0.5582261681556702,0.6548141837120056,0.6551482677459717,0.6032839417457581,0.5643146634101868,0.6674841046333313,0.6569179892539978,0.5627301335334778,0.1827496886253357,0.1864287257194519,0.1721565127372741,0.1973508596420288,0.1325486898422241,0.0852521434426307,0.1886841505765915,0.2033165842294693,0.0635554119944572,0.1603958010673523,0.0,0.0,0.0,0.0,0.4390243887901306,0.7831325531005859,0.0,0.0,0.9878048896789552,0.1325301229953766
/Users/josephkamil/Desktop/Capstone/Oly_Data/raw/real_clean/clean-correct.mov,real_clean,clean-correct.mov,42.11,clean,,yes,,olympic,clean_sha_b7912661a32fb269,train,b7912661a32fb269b1106f5db4c33fd204488f3be28c6dc63b95fd47de2d0bbf,1.0,b7912661a32fb269b1106f5db4c33fd204488f3be28c6dc63b95fd47de2d0bbf,550,520,0.9454545454545454,520.0,0.2076923102140426,0.0019267823081463,0.8786126971244812,0.8769230842590332,22.0,0.0500963404774665,0.0134874759241938,0.1002475023269653,0.010264472104609,0.0428714752197265,0.0036258720792829,82.57746887207031,112.42070770263672,102.9677276611328,148.59854125976562,171.79673767089844,153.60198974609375,101.73582458496094,132.61538696289062,164.377197265625,163.65155029296875,92.38662719726562,73.96951293945312,83.12499237060547,149.12713623046875,173.1923065185547,72.08199310302734,78.49102020263672,129.8976593017578,166.39947509765625,133.70913696289062,152.78683471679688,177.4457244873047,174.86080932617188,67.04824829101562,81.90077209472656,173.74191284179688,176.28118896484375,106.03104400634766,29.96427345275879,168.6062774658203,111.74015045166016,45.70278549194336,27.74256134033203,9.455798149108888,2.9624078273773193,86.20384979248047,33.31206130981445,13.78024196624756,2.704726219177246,34.791019439697266,0.7059571146965027,0.7496989369392395,0.7500698566436768,0.4102121889591217,0.3476244509220123,0.7116562128067017,0.7389383316040039,0.5121427178382874,0.3256227374076843,0.5977962017059326,0.5885957479476929,0.5214475989341736,0.5105321407318115,0.3690231442451477,0.3019274771213531,0.5136061310768127,0.5167927145957947,0.3946495056152344,0.3128869235515594,0.3969071209430694,0.5856211185455322,0.613539457321167,0.6464828848838806,0.5544426441192627,0.5112727880477905,0.521837055683136,0.6388031840324402,0.5728340744972229,0.5215902924537659,0.5263110399246216,0.125347226858139,0.2284578382968902,0.2395543903112411,0.0840649455785751,0.0845904648303985,0.1998161375522613,0.2223412096500396,0.1228841245174408,0.0404908396303653,0.2025361210107803,0.0769230797886848,0.0,0.0,0.5961538553237915,0.5769230723381042,0.0,0.0,0.1346153914928436,0.692307710647583,0.0
/Users/josephkamil/Desktop/Capstone/Oly_Data/raw/jerk/splitjerk-correct.mov,jerk,splitjerk-correct.mov,198.33,split_jerk,,yes,,olympic,split_jerk_sha_4a4c4eb1674cee28,dev,4a4c4eb1674cee2810f4c5f7d6d903cf1d957a81f6dc431fb751ea1200d6eda0,1.0,4a4c4eb1674cee2810f4c5f7d6d903cf1d957a81f6dc431fb751ea1200d6eda0,4342,4341,0.999769691386458,4341.0,0.77125084400177,0.0,1.0,1.0,120.0,0.7276497483253479,0.7255760431289673,0.2802412509918213,0.0062549710273742,0.0709193646907806,0.002214097417891,174.59327697753906,164.40687561035156,169.80654907226562,165.6346435546875,168.5377960205078,166.50885009765625,167.5027313232422,151.77871704101562,167.21090698242188,176.4401092529297,175.1420135498047,166.99911499023438,174.26373291015625,174.3118133544922,173.4782257080078,172.27166748046875,172.8420867919922,161.09976196289062,169.56275939941406,172.53135681152344,86.07911682128906,130.79954528808594,116.18572998046876,87.4525146484375,135.85325622558594,97.8959503173828,114.0694808959961,80.68028259277344,133.5747528076172,77.33375549316406,1.205025553703308,1.7932052612304688,1.5060471296310425,1.629993915557861,2.449544906616211,2.3074913024902344,2.355259418487549,1.8361941576004028,2.2997376918792725,1.7776628732681274,0.2680014371871948,0.2517967522144317,0.3052260279655456,0.2621155083179474,0.3232342302799225,0.3534827828407287,0.3024716675281524,0.2586633265018463,0.2414928674697876,0.1996627002954483,0.3406243324279785,0.3183839023113251,0.3405280113220215,0.3611864447593689,0.338222861289978,0.3862594962120056,0.3830946087837219,0.3326163589954376,0.3366659879684448,0.2868026196956634,0.5608879327774048,0.5599984526634216,0.5545532703399658,0.579585075378418,0.5618675947189331,0.6048438549041748,0.6120420098304749,0.5606541633605957,0.5636364817619324,0.5223433971405029,0.0940181463956832,0.1391523331403732,0.1015039533376693,0.1052475348114967,0.1278322637081146,0.0770139992237091,0.0922875106334686,0.0896195620298385,0.1580385118722915,0.0877938792109489,0.9470046162605286,0.6336405277252197,0.6820276379585266,0.9769585132598876,0.6336405277252197,0.5299538969993591,0.8940092325210571,0.7695852518081665,0.6451612710952759,1.0
/Users/josephkamil/Desktop/Capstone/Oly_Data/raw/not_oly/v_PushUps_g14_c03.avi,not_oly,v_PushUps_g14_c03.avi,0.21,non_olympic,,yes,,non_olympic,non_olympic_ucf_g14,dev,2ee76dda56d36b3d52dcffa84609901fa1914e51eebe3c5e20122f5e9336748d,1.0,2ee76dda56d36b3d52dcffa84609901fa1914e51eebe3c5e20122f5e9336748d,100,100,1.0,100.0,0.0,1.0,0.0,0.0,0.0,0.2222222238779068,0.4242424368858337,0.0286481976509094,0.0044254641979932,0.0632340312004089,0.0180653147399425,164.17068481445312,140.1637725830078,93.28648376464844,124.30562591552734,167.7655487060547,156.99014282226562,132.95892333984375,103.64654541015624,145.4351806640625,160.45263671875,158.88082885742188,169.50112915039062,169.87913513183594,165.31214904785156,152.29483032226562,162.58670043945312,177.69207763671875,173.11312866210938,167.2296142578125,154.7948455810547,110.8853988647461,100.28801727294922,104.92520904541016,100.26748657226562,90.3758316040039,103.9147491455078,103.64933013916016,109.0050811767578,103.5456314086914,94.27371978759766,116.7459716796875,103.9309539794922,95.18793487548828,105.1385498046875,119.4040298461914,112.34122467041016,96.73512268066406,87.52754211425781,99.6364288330078,116.0304183959961,0.7317975163459778,0.7222521901130676,0.7312743663787842,0.7388514876365662,0.7166405916213989,0.7355443239212036,0.7171421051025391,0.7384709715843201,0.7372653484344482,0.7104936242103577,0.3709591627120971,0.5016990900039673,0.5989333391189575,0.6002629995346069,0.4580742418766022,0.4132281243801117,0.542887806892395,0.5842012166976929,0.5851093530654907,0.4378731846809387,0.1806917935609817,0.4039124846458435,0.5619332790374756,0.4940318465232849,0.2477446794509887,0.2511820495128631,0.4958696365356445,0.6022953987121582,0.5192667841911316,0.2555899620056152,0.4323264956474304,0.3624901175498962,0.3351783752441406,0.3133499026298523,0.3393603861331939,0.4152231216430664,0.3397704064846039,0.3539441227912903,0.3242241740226745,0.3522792458534241,0.0,0.0,0.0,0.0,0.0,0.0,0.0,0.0,0.0,0.0
/Users/josephkamil/Desktop/Capstone/Oly_Data/raw/not_oly/v_PushUps_g07_c02.avi,not_oly,v_PushUps_g07_c02.avi,0.22,non_olympic,,yes,,non_olympic,non_olympic_ucf_g07,train,e4637d8a2dfc32509b07b7045d3d08f05122abf7579c07a03723d6afca10d0d6,1.0,e4637d8a2dfc32509b07b7045d3d08f05122abf7579c07a03723d6afca10d0d6,77,77,1.0,77.0,0.0,1.0,0.0,0.0,0.0,0.013157894834876,0.8552631735801697,0.0480028986930847,0.0100632226094603,0.0484562516212463,0.0101453782990574,168.94190979003906,172.46875,170.2299346923828,169.62451171875,168.05674743652344,166.72372436523438,165.6917266845703,171.11932373046875,168.04232788085938,166.3035888671875,162.65879821777344,175.26824951171875,160.7429962158203,159.3916778564453,161.4213104248047,161.59063720703125,161.0067138671875,171.35494995117188,156.86776733398438,158.91705322265625,136.37428283691406,98.65060424804688,144.64974975585938,158.0452880859375,161.6457061767578,160.51211547851562,151.39404296875,109.1645050048828,136.0064697265625,158.72067260742188,86.56908416748047,88.52667236328125,82.66993713378906,74.70551300048828,74.7722396850586,75.3646469116211,78.18997955322266,89.00642395019531,87.18208312988281,75.2113037109375,0.7087414860725403,0.7447147369384766,0.6764280796051025,0.5989149212837219,0.6394639611244202,0.6441494822502136,0.6632442474365234,0.7434347867965698,0.6961008310317993,0.5921048521995544,0.4510383903980255,0.5505802035331726,0.4053522944450378,0.3456276059150696,0.3612022399902344,0.367767184972763,0.3895274996757507,0.5432758331298828,0.4436931312084198,0.3352190852165222,0.4676431715488434,0.5581790208816528,0.4427235424518585,0.4233620166778564,0.4378392696380615,0.4406806826591491,0.448063313961029,0.5482572317123413,0.4580289125442505,0.4108139276504516,0.2620706856250763,0.2131193876266479,0.2753780484199524,0.2539487183094024,0.2784364223480224,0.2766982018947601,0.2742258608341217,0.2137800306081771,0.2590194940567016,0.2576914429664612,0.0,0.0,0.0,0.0,0.0,0.0,0.0,0.0,0.0,0.0
/Users/josephkamil/Desktop/Capstone/Oly_Data/raw/not_oly/v_BenchPress_g14_c06.avi,not_oly,v_BenchPress_g14_c06.avi,0.49,bench_press,,yes,,non_olympic,bench_press_ucf_g14,train,b27dd65e3f49d79e9fcd2d4dd9599d94a20e37fb7ee01a7d8eb6b15ff1f7ab00,2.0,b27dd65e3f49d79e9fcd2d4dd9599d94a20e37fb7ee01a7d8eb6b15ff1f7ab00,178,170,0.9550561797752808,170.0,0.8294117450714111,0.0,1.0,1.0,12.0,0.1183431968092918,0.1183431968092918,0.6025421619415283,0.0256142187863588,0.1067622900009155,0.0029345552902668,95.23258209228516,92.68400573730467,99.98117065429688,99.54059600830078,100.20941162109376,103.50545501708984,98.99158477783205,97.82743072509766,99.9044952392578,99.86924743652344,138.1143035888672,133.20367431640625,148.88417053222656,148.79933166503906,149.50804138183594,156.561279296875,148.56973266601562,149.05189514160156,152.800048828125,149.0599365234375,95.12995910644533,118.88007354736328,155.95704650878906,149.59762573242188,138.10011291503906,151.31175231933594,146.37648010253906,162.3832244873047,149.19248962402344,152.8035888671875,45.05571365356445,59.187164306640625,53.08170700073242,52.86250686645508,52.138092041015625,56.35279846191406,51.72723007202149,51.252197265625,52.937713623046875,51.569114685058594,0.4419009685516357,0.5351390838623047,0.5520360469818115,0.4552976191043854,0.520116925239563,0.557558536529541,0.3947406113147735,0.3355426490306854,0.324413925409317,0.3137278258800506,0.498479276895523,0.5459166169166565,0.5507473349571228,0.5480955839157104,0.5439144372940063,0.5504764318466187,0.530697226524353,0.536450207233429,0.5374248027801514,0.5346214771270752,0.6578533053398132,0.6565750241279602,0.6805610656738281,0.6749282479286194,0.6764777898788452,0.6714825630187988,0.6639121770858765,0.6695500612258911,0.6628632545471191,0.6647615432739258,0.097332552075386,0.1261703222990036,0.0859714969992637,0.1104847863316536,0.1065036952495575,0.1313945204019546,0.1428604871034622,0.2020912021398544,0.2141538113355636,0.2221750915050506,0.8823529481887817,0.7058823704719543,0.529411792755127,0.9411764740943908,0.6470588445663452,0.5882353186607361,1.0,1.0,1.0,1.0
/Users/josephkamil/Desktop/Capstone/Oly_Data/raw/not_oly/v_Pullup_g27_c02.avi,not_oly,v_Pullup_g27_c02.avi,0.32,non_olympic,,yes,,non_olympic,non_olympic_ucf_g27,train,0e5652dcfa15f8225b3cdb1acca48f703d30124c48cfa4796d371849eda5a171,1.0,0e5652dcfa15f8225b3cdb1acca48f703d30124c48cfa4796d371849eda5a171,123,123,1.0,123.0,1.0,0.0,1.0,1.0,0.0,0.8032786846160889,0.8196721076965332,0.0126998797059059,0.002686999971047,0.0285806953907012,0.0117761604487895,175.7750244140625,177.5076141357422,175.83534240722656,174.49668884277344,176.57403564453125,177.75352478027344,177.15150451660156,176.8172149658203,175.0500946044922,177.5702362060547,172.33172607421875,176.96449279785156,176.0830535888672,174.65281677246094,175.94195556640625,176.93675231933594,175.47467041015625,176.09117126464844,175.23658752441406,176.48907470703125,130.2821502685547,82.31269073486328,158.56805419921875,99.89827728271484,139.6130828857422,140.8817596435547,82.63394165039062,158.2613525390625,78.9252700805664,141.97486877441406,1.2772269248962402,0.6832043528556824,0.6705010533332825,0.7740262746810913,1.463142991065979,0.8372980952262878,1.0105713605880735,0.5717877149581909,0.954289972782135,0.4978163838386535,0.0843721106648445,0.0916829705238342,0.0956232324242591,0.0952454879879951,0.0944242477416992,0.0891407802700996,0.0907837152481079,0.0943736359477043,0.0964160561561584,0.0945263430476188,0.237369880080223,0.1690617352724075,0.2682755291461944,0.1881542205810547,0.2401483058929443,0.2365241646766662,0.179720938205719,0.2718272507190704,0.1713499277830124,0.2476065754890442,0.462233692407608,0.382464200258255,0.5093669295310974,0.3954980969429016,0.4695103466510772,0.4615118503570556,0.3901562690734863,0.5100170373916626,0.3787532746791839,0.4808770418167114,0.1534605920314788,0.0798311457037925,0.1731166392564773,0.0950040444731712,0.1485771685838699,0.1478151679039001,0.0910539776086807,0.1782034188508987,0.0758558884263038,0.1532700061798095,1.0,1.0,1.0,1.0,1.0,1.0,1.0,1.0,1.0,1.0
/Users/josephkamil/Desktop/Capstone/Oly_Data/raw/not_oly/v_BenchPress_g24_c05.avi,not_oly,v_BenchPress_g24_c05.avi,0.32,non_olympic,,yes,,non_olympic,non_olympic_ucf_g24,train,9f0c1a261f53860712f583af96d645e3c64d364d3e73578f217ce9eba80fcb71,1.0,9f0c1a261f53860712f583af96d645e3c64d364d3e73578f217ce9eba80fcb71,111,70,0.6306306306306306,70.0,0.4428571462631225,0.0,0.5797101259231567,0.5857142806053162,9.0,0.5797101259231567,0.52173912525177,0.2507446408271789,0.0252768285572528,0.2535813450813293,0.012864732183516,112.22276306152344,78.14649963378906,151.37948608398438,153.45030212402344,127.41416931152344,61.69480514526367,167.2490234375,178.59762573242188,171.2233123779297,155.61489868164062,95.1550750732422,110.28395080566406,139.2958221435547,153.28990173339844,99.47483825683594,63.572662353515625,148.8451690673828,172.009521484375,172.1670684814453,164.69004821777344,95.90108489990234,131.2791290283203,80.37226104736328,57.28404998779297,64.27294158935547,111.87847900390624,142.81527709960938,132.58956909179688,97.99532318115234,93.49485778808594,24.365663528442383,27.03718376159668,63.86738204956055,78.8188705444336,82.54103088378906,86.35987854003906,14.353985786437988,2.39697265625,0.6535364985466003,0.6956176161766052,0.5476343035697937,0.4339843392372131,0.3672066330909729,0.3003713190555572,0.3061868846416473,0.3262301981449127,0.4133663177490234,0.4412470459938049,0.3954982459545135,0.3689624667167663,0.5534815192222595,0.4503078758716583,0.3989776968955993,0.3590742647647857,0.3570905327796936,0.3438396453857422,0.251677930355072,0.2443619519472122,0.2501134574413299,0.2494972199201584,0.6630476713180542,0.5874619483947754,0.4533686637878418,0.3807854652404785,0.3706587255001068,0.3492676913738251,0.4612953662872314,0.4857528507709503,0.4956722855567932,0.4706255495548248,0.0757113844156265,0.0464436002075672,0.0573877282440662,0.0639924928545951,0.0613706409931182,0.0473305247724056,0.1638976335525512,0.1969082206487655,0.1465993076562881,0.1220320463180542,0.2857142984867096,0.7142857313156128,0.7142857313156128,1.0,1.0,0.7142857313156128,0.0,0.0,0.0,0.0
/Users/josephkamil/Desktop/Capstone/Oly_Data/raw/not_oly/v_PushUps_g04_c05.avi,not_oly,v_PushUps_g04_c05.avi,0.34,non_olympic,,yes,,non_olympic,non_olympic_ucf_g04,train,5aebec9b6027dfed5521b4f66aee8e2481c73890d004a92930151cca619b5f91,1.0,5aebec9b6027dfed5521b4f66aee8e2481c73890d004a92930151cca619b5f91,134,134,1.0,134.0,0.0,1.0,0.0,0.0,0.0,0.6541353464126587,1.0,0.0103267431259155,0.0008976544486358,0.0201331973075866,0.0032392884604632,174.52513122558594,176.69647216796875,176.11534118652344,175.11181640625,171.75479125976562,167.529541015625,168.7078399658203,176.919677734375,170.09701538085938,177.8548583984375,169.85867309570312,178.2715606689453,175.7807159423828,170.6241912841797,168.67466735839844,166.57601928710938,169.9988555908203,171.57821655273438,175.55101013183594,162.82652282714844,169.8865509033203,169.0615234375,161.95631408691406,131.28111267089844,107.39514923095705,102.06570434570312,101.03400421142578,155.8384246826172,172.17117309570312,171.63198852539062,51.067378997802734,48.820064544677734,48.852901458740234,54.33518600463867,66.44361114501953,71.45631408691406,66.89602661132812,48.62898635864258,48.12860870361328,54.02047348022461,0.8035415410995483,0.8066319823265076,0.805326521396637,0.8056830167770386,0.8013808131217957,0.8054994940757751,0.7996439337730408,0.8106951713562012,0.806376576423645,0.8040077090263367,0.4804480671882629,0.4755200743675232,0.4914127886295318,0.5718231201171875,0.6748253703117371,0.7300043702125549,0.6795130372047424,0.5092383623123169,0.4668453931808471,0.4870631992816925,0.6081857085227966,0.6168701648712158,0.6441028714179993,0.7120412588119507,0.7712749242782593,0.8076642155647278,0.7733792066574097,0.6652817130088806,0.610160231590271,0.6007089614868164,0.3238014578819275,0.3325152397155761,0.3233546316623688,0.259962260723114,0.2073507606983184,0.1862638741731643,0.189932718873024,0.30788254737854,0.3397307395935058,0.3186745047569275,0.0,0.0,0.0,0.0,0.0,0.0,0.0,0.0,0.0,0.0
/Users/josephkamil/Desktop/Capstone/Oly_Data/raw/not_oly/v_BenchPress_g16_c04.avi,not_oly,v_BenchPress_g16_c04.avi,0.63,non_olympic,,yes,,non_olympic,non_olympic_ucf_g16,train,2bb3371468f591e81a614d9ce1d8e27d5a4a1ff7e069de99f40088623d6fa928,1.0,2bb3371468f591e81a614d9ce1d8e27d5a4a1ff7e069de99f40088623d6fa928,218,54,0.2477064220183486,54.0,0.1296296268701553,0.0,0.1132075488567352,0.1296296268701553,1.0,0.0188679248094558,0.0943396240472793,0.1886684596538543,0.0200683567672967,0.3467638492584228,0.0127588668838143,74.27156066894531,167.33567810058594,175.09751892089844,175.3472137451172,177.79774475097656,177.6082305908203,177.83038330078125,178.93243408203125,178.7490997314453,177.7123260498047,167.81687927246094,164.33770751953125,178.2911376953125,177.41098022460938,177.7865447998047,175.42068481445312,174.28797912597656,176.40838623046875,178.1792755126953,176.0359344482422,159.33822631835938,111.3426284790039,151.8090057373047,145.28939819335938,89.8962631225586,49.21590042114258,73.48524475097656,115.70357513427734,80.87406158447266,32.98445129394531,120.54740142822266,2.873875856399536,2.406609296798706,3.0027194023132324,2.727670907974243,3.39901351928711,2.863126277923584,1.0917738676071167,1.3690921068191528,1.2017194032669067,0.1991248130798339,0.3508114814758301,0.4520453214645386,0.4192206263542175,0.418161541223526,0.4262754917144775,0.4323998391628265,0.4465866982936859,0.4432622790336609,0.4087888896465301,0.3417880833148956,0.3796178102493286,0.3658925592899322,0.3581162095069885,0.3649662435054779,0.3592564165592193,0.3574080765247345,0.3612300157546997,0.3657248914241791,0.3715665340423584,0.2804588377475738,0.4331557750701904,0.4832668304443359,0.4731442034244537,0.4880125820636749,0.4879390597343445,0.4847440123558044,0.48238006234169,0.4820283353328705,0.4889422953128814,0.1432711631059646,0.0400574579834938,0.0865586027503013,0.0614940710365772,0.0534282028675079,0.0680742710828781,0.0751867741346359,0.0854452028870582,0.0776801109313964,0.0373944006860256,1.0,0.4000000059604645,0.0,0.0,0.0,0.0,0.0,0.0,0.0,0.0
/Users/josephkamil/Desktop/Capstone/Oly_Data/raw/not_oly/v_PushUps_g08_c03.avi,not_oly,v_PushUps_g08_c03.avi,0.22,non_olympic,,yes,,non_olympic,non_olympic_ucf_g08,dev,541d1045a6b98f602158e27bca853f0762a7c3c6cc2c63f29a16f9d7e43c621d,1.0,541d1045a6b98f602158e27bca853f0762a7c3c6cc2c63f29a16f9d7e43c621d,84,84,1.0,84.0,0.0,1.0,0.0,0.0,0.0,0.3855421543121338,0.3855421543121338,0.0214720964431762,0.0032800149638205,0.0478492379188537,0.0085615320131182,135.4989471435547,147.3148193359375,126.99412536621094,139.01275634765625,154.51754760742188,169.05125427246094,134.95657348632812,158.36972045898438,147.71913146972656,141.09765625,160.56442260742188,151.9683837890625,127.81727600097656,130.6398162841797,147.92832946777344,150.27899169921875,155.24453735351562,165.71922302246094,158.26687622070312,152.64918518066406,131.11622619628906,132.3501434326172,126.88987731933594,125.66781616210938,128.2305145263672,123.08851623535156,124.96358489990234,134.4997100830078,123.26468658447266,117.36080169677734,25.837779998779297,23.398948669433594,20.0457763671875,23.935245513916016,24.50511932373047,26.08464813232422,29.575729370117188,25.73160743713379,26.58230972290039,29.77694320678711,0.7052676677703857,0.7085855603218079,0.716649055480957,0.727491021156311,0.724125325679779,0.6811761856079102,0.6353186964988708,0.6056935787200928,0.6100473999977112,0.6152321100234985,0.4940489828586578,0.4791425168514251,0.5053060054779053,0.5007034540176392,0.4868672788143158,0.4659622013568878,0.4180496335029602,0.3657139837741852,0.3885572552680969,0.4005614519119262,0.6301641464233398,0.6508328914642334,0.6710106730461121,0.6797323226928711,0.6691480278968811,0.6370726227760315,0.5921042561531067,0.5563862919807434,0.5762856006622314,0.5776143670082092,0.2116398960351944,0.2298468053340912,0.2114859670400619,0.226865530014038,0.2375587821006775,0.2154226899147033,0.2178474217653274,0.2406347393989563,0.2222500592470169,0.2151886969804763,0.0,0.0,0.0,0.0,0.0,0.0,0.0,0.0,0.0,0.0
/Users/josephkamil/Desktop/Capstone/Oly_Data/raw/not_oly/v_BenchPress_g05_c07.avi,not_oly,v_BenchPress_g05_c07.avi,0.21,non_olympic,,yes,,non_olympic,non_olympic_ucf_g05,train,4cb5ea3e3f7042ae361e40d61048ab4a2e07a796d0e65e8729ab3752c5c8d989,1.0,4cb5ea3e3f7042ae361e40d61048ab4a2e07a796d0e65e8729ab3752c5c8d989,64,26,0.40625,26.0,0.5769230723381042,0.0,1.0,1.0,6.0,0.1199999973177909,0.3600000143051147,0.2788628339767456,0.0511296242475509,0.0683726072311401,0.0127659514546394,136.5560760498047,83.14907836914062,84.98272705078125,118.9617691040039,129.7825164794922,117.74259948730467,111.63665771484376,113.77796936035156,118.48391723632812,132.40322875976562,111.83633422851562,52.33280944824219,49.969696044921875,64.98186492919922,99.30429077148438,152.6788330078125,118.37323760986328,75.25807189941406,65.87555694580078,39.64860916137695,150.47805786132812,166.7085418701172,151.13818359375,158.1697998046875,128.14906311035156,137.41107177734375,91.13961029052734,134.5696258544922,59.37019729614258,46.289794921875,31.522464752197266,22.72646141052246,20.554542541503903,32.48627853393555,67.65750122070312,57.907447814941406,15.792922019958496,105.375732421875,93.19491577148438,85.1314468383789,0.6609565019607544,0.7492216229438782,0.7391681671142578,0.690936803817749,0.6063387393951416,0.5241951942443848,0.5314328670501709,0.607255756855011,0.7067010998725891,0.7346042990684509,0.6982674598693848,0.6669895052909851,0.6568204760551453,0.6878748536109924,0.7055318355560303,0.6968280076980591,0.6404960751533508,0.7407190203666687,0.7521345019340515,0.7366764545440674,0.7635061740875244,0.7807103991508484,0.8042609095573425,0.7560787200927734,0.7309722304344177,0.7115248441696167,0.7171671390533447,0.7346007823944092,0.7448339462280273,0.738597571849823,0.1327555924654007,0.1130554303526878,0.1099495217204094,0.1198010742664337,0.1366639137268066,0.1743912696838379,0.111663818359375,0.1414346992969513,0.0624118000268936,0.0399473793804645,0.5,0.0,0.0,0.3333333432674408,0.6666666865348816,1.0,1.0,1.0,0.6666666865348816,0.6666666865348816
/Users/josephkamil/Desktop/Capstone/Oly_Data/raw/not_oly/v_BenchPress_g12_c03.avi,not_oly,v_BenchPress_g12_c03.avi,0.56,non_olympic,,yes,,non_olympic,non_olympic_ucf_g12,test,4e5f7b808ce14a54faaaa3dc73affda37d3ff5b59fa54cb6dd5942145da3f7dd,1.0,4e5f7b808ce14a54faaaa3dc73affda37d3ff5b59fa54cb6dd5942145da3f7dd,194,55,0.2835051546391752,55.0,0.0,1.0,0.0,0.0,0.0,0.7037037014961243,0.8333333134651184,0.1022487580776214,0.0083585269749164,0.2121452987194061,0.0140974689275026,123.72804260253906,148.760009765625,168.20468139648438,157.78851318359375,124.0569076538086,89.22884368896484,71.89423370361328,79.14661407470703,155.26478576660156,156.12205505371094,144.41909790039062,161.49244689941406,166.66842651367188,160.5027313232422,139.0401153564453,142.5295867919922,145.6984100341797,150.1128387451172,144.49868774414062,153.5260467529297,169.8610076904297,173.0200653076172,177.0865020751953,175.05345153808594,173.10446166992188,172.7503204345703,170.3666534423828,170.55409240722656,175.138427734375,170.47755432128906,1.052193284034729,1.073283076286316,2.1528549194335938,2.739365577697754,1.8384621143341064,4.9516167640686035,5.811907768249512,6.015544414520264,33.80816650390625,7.815927982330322,0.3906318545341491,0.3858775198459625,0.3779283165931701,0.3827308416366577,0.3888350129127502,0.3837354183197021,0.3738397061824798,0.3583381474018097,0.3229766488075256,0.4078293740749359,0.1596557796001434,0.1619542241096496,0.1609758585691452,0.1670773774385452,0.1689663231372833,0.1576492935419082,0.140348732471466,0.1275888234376907,0.1245503202080726,0.1584496647119522,0.4220296442508697,0.3963659703731537,0.3796195685863495,0.3811508119106293,0.4100549221038818,0.4352146685123443,0.4324003159999847,0.4299209117889404,0.247480109333992,0.4020025730133056,0.231012612581253,0.2239639908075332,0.2170048952102661,0.2157917767763137,0.2201219052076339,0.2261907458305359,0.2335423678159713,0.2308669835329055,0.2037213742733001,0.249834656715393,0.0,0.0,0.0,0.0,0.0,0.0,0.0,0.0,0.0,0.0
/Users/josephkamil/Desktop/Capstone/Oly_Data/raw/not_oly/v_Pullup_g10_c01.avi,not_oly,v_Pullup_g10_c01.avi,0.32,non_olympic,,yes,,non_olympic,non_olympic_ucf_g10,train,d1ca34418ceeab6bc2502f7431fcfdc846fd6ce993bcd6fa1d48d39a46c7144f,1.0,d1ca34418ceeab6bc2502f7431fcfdc846fd6ce993bcd6fa1d48d39a46c7144f,142,142,1.0,142.0,0.8943662047386169,0.0,1.0,1.0,4.0,0.758865237236023,0.7801418304443359,0.3258966207504272,0.0155573785305023,0.0276614427566528,0.0134456073865294,178.525634765625,168.24229431152344,156.7848358154297,160.24000549316406,176.23387145996094,177.21888732910156,168.09315490722656,137.2679901123047,162.52232360839844,172.62423706054688,177.9064178466797,175.6653594970703,165.74351501464844,168.7173614501953,176.78330993652344,175.3680419921875,177.7998046875,163.52049255371094,168.87428283691406,174.10105895996094,173.34078979492188,123.50450134277344,29.706689834594727,72.83454132080078,153.5974578857422,170.3903350830078,143.40306091308594,41.49696731567383,43.37338638305664,141.97613525390625,5.662481784820557,11.819354057312012,6.952254772186279,10.14151096343994,8.346654891967773,6.24938440322876,10.140363693237305,8.892260551452637,10.69205379486084,10.162914276123049,0.1594036072492599,0.1088591367006301,0.1199084669351577,0.0867848172783851,0.0901082381606102,0.0958901494741439,0.1160378530621528,0.1103940978646278,0.1082541495561599,0.0938824340701103,0.4867145121097564,0.3345966339111328,0.1344150602817535,0.2442338466644287,0.4545572996139526,0.498937577009201,0.3473638594150543,0.1734080165624618,0.1853268593549728,0.4217036366462707,0.8772072196006775,0.6758182644844055,0.5056285262107849,0.5967872738838196,0.851398229598999,0.9174989461898804,0.7017067074775696,0.5366789698600769,0.5221989154815674,0.8072757720947266,0.3277022838592529,0.226885512471199,0.0539289638400077,0.1609627902507782,0.3647953569889068,0.4035942852497101,0.2336736768484115,0.0720744282007217,0.0975434035062789,0.3280647397041321,1.0,1.0,0.5,1.0,1.0,1.0,1.0,0.7857142686843872,0.6428571343421936,1.0
/Users/josephkamil/Desktop/Capstone/Oly_Data/raw/not_oly/v_BenchPress_g07_c02.avi,not_oly,v_BenchPress_g07_c02.avi,0.22,bench_press,,yes,,non_olympic,bench_press_ucf_g07,dev,e1e3b69d8f662e720d3a404301420af6655079aafb373758228d41505537c1a3,2.0,e1e3b69d8f662e720d3a404301420af6655079aafb373758228d41505537c1a3,71,37,0.5211267605633803,37.0,1.0,0.0,1.0,1.0,0.0,0.0,0.0,0.3742417693138122,0.0391012281179428,0.0351191759109497,0.0044632190838456,99.0161361694336,112.16024780273438,127.21888732910156,118.00460052490234,115.98544311523438,119.51051330566406,115.31988525390624,104.52043151855467,111.43048095703124,118.79703521728516,85.3631820678711,98.03382873535156,112.82819366455078,108.01825714111328,107.7759017944336,109.27561950683594,96.83094024658205,89.90989685058594,105.30758666992188,118.12611389160156,117.04947662353516,77.59578704833984,100.38172912597656,129.3146209716797,93.40283966064452,56.10711669921875,51.439056396484375,111.54290008544922,119.41062927246094,94.53059387207033,1.8459076881408691,1.89431893825531,0.5365515351295471,1.168288230895996,1.8656411170959473,3.675516366958618,2.4127047061920166,1.6358087062835691,1.1129422187805176,27.25999641418457,0.3628839552402496,0.427942544221878,0.4203588962554931,0.3687664568424225,0.40286785364151,0.5013960599899292,0.4778347909450531,0.3992931544780731,0.3997119069099426,0.5166094899177551,0.5857172608375549,0.5827456712722778,0.580934464931488,0.5727692246437073,0.5665424466133118,0.6009061336517334,0.6047732830047607,0.5852570533752441,0.5721393823623657,0.6379983425140381,0.8015362620353699,0.8057127594947815,0.785560667514801,0.7934131622314453,0.8012439608573914,0.8027611970901489,0.8109890818595886,0.8113114833831787,0.7935993671417236,0.7831288576126099,0.223055362701416,0.1550649553537368,0.1608768105506897,0.2042198628187179,0.1639609783887863,0.1019195169210434,0.1278783082962036,0.1863279640674591,0.172713041305542,0.1279452443122863,1.0,1.0,1.0,1.0,1.0,1.0,1.0,1.0,1.0,1.0
/Users/josephkamil/Desktop/Capstone/Oly_Data/raw/not_oly/v_BenchPress_g25_c01.avi,not_oly,v_BenchPress_g25_c01.avi,0.3,non_olympic,,yes,,non_olympic,non_olympic_ucf_g25,train,97d12353b1e5d33f4877097c76d7c7917fd00d76424c84367a40e4dc6548f8dc,1.0,97d12353b1e5d33f4877097c76d7c7917fd00d76424c84367a40e4dc6548f8dc,107,42,0.3925233644859813,42.0,0.976190447807312,0.0,1.0,1.0,2.0,0.9268292784690856,0.3902438879013061,0.3676190674304962,0.0629646703600883,0.4197174608707428,0.0650252625346183,175.2737274169922,169.0843963623047,167.46041870117188,165.02845764160156,143.2430877685547,164.97984313964844,161.10858154296875,172.64854431152344,142.57119750976562,117.9773178100586,169.63563537597656,151.2947540283203,154.11285400390625,132.82958984375,100.94285583496094,123.30421447753906,140.95355224609375,127.27952575683594,166.26455688476562,114.64900970458984,138.36593627929688,94.0151824951172,175.08006286621094,127.64520263671876,107.4617691040039,148.06680297851562,174.98159790039062,158.11349487304688,138.68902587890625,112.66214752197266,160.927001953125,153.66766357421875,109.8558578491211,153.52645874023438,127.57076263427734,100.3328857421875,104.02508544921876,116.4139404296875,175.7865447998047,85.81343841552734,0.1583923399448394,0.3293185830116272,0.296774685382843,0.2499507218599319,0.4119253158569336,0.2802661657333374,0.2659624814987182,0.2471236586570739,0.0676530227065086,0.1490761041641235,0.3654276430606842,0.4251270592212677,0.5552388429641724,0.4059757590293884,0.5004267692565918,0.4584773778915405,0.5346037149429321,0.489330530166626,0.2868692576885223,0.347594678401947,0.1914911866188049,0.3075645267963409,0.5031933188438416,0.2916887998580932,0.4485610425472259,0.4284434914588928,0.4954501688480377,0.4166167378425598,0.178765133023262,0.3383211195468902,0.2072458416223526,0.1067461967468261,0.2603537440299988,0.1579575836658477,0.0935329794883728,0.1801989078521728,0.2711131870746612,0.2459965944290161,0.2208474278450012,0.1998541504144668,1.0,0.75,1.0,1.0,1.0,1.0,1.0,1.0,1.0,1.0
/Users/josephkamil/Desktop/Capstone/Oly_Data/raw/not_oly/v_PushUps_g01_c03.avi,not_oly,v_PushUps_g01_c03.avi,0.1,non_olympic,,yes,,non_olympic,non_olympic_ucf_g01,test,b51d2f1c0071e57cc679fb823437a273b2431b3905ba14d32fdbbaa9857de710,1.0,b51d2f1c0071e57cc679fb823437a273b2431b3905ba14d32fdbbaa9857de710,51,51,1.0,51.0,0.0,1.0,0.0,0.0,0.0,0.0,0.0,0.0189884901046752,0.0029921722598373,0.0427280068397522,0.0125709678977727,159.74607849121094,161.9419403076172,163.87289428710938,162.8861846923828,163.44070434570312,163.1649627685547,163.06915283203125,163.0403594970703,161.77810668945312,161.79348754882812,154.10336303710938,155.9384002685547,165.2652587890625,163.56459045410156,159.6460418701172,157.35232543945312,156.751953125,168.69432067871094,166.85903930664062,161.5028839111328,162.07174682617188,122.29541015625,68.50042724609375,85.59127044677734,149.28955078125,158.0130157470703,124.1669921875,62.64119338989258,96.8831024169922,155.86624145507812,81.50150299072266,89.71626281738281,92.98008728027344,90.50537109375,81.91165924072266,81.33979034423828,90.33324432373048,90.89431762695312,88.4217529296875,80.19542694091797,0.845552921295166,0.8393961787223816,0.8380473852157593,0.8317744135856628,0.8404514193534851,0.8399966955184937,0.8458538055419922,0.8373000025749207,0.8403428792953491,0.8453074097633362,0.5382915735244751,0.6378602981567383,0.7274335622787476,0.694427490234375,0.5669801235198975,0.549454391002655,0.648604154586792,0.7267016172409058,0.6948481798171997,0.5641041398048401,0.5734626650810242,0.638928234577179,0.7152798771858215,0.6923554539680481,0.5992552042007446,0.5846786499023438,0.6472083330154419,0.7230120897293091,0.7011993527412415,0.6031619906425476,0.3083244562149048,0.2066223621368408,0.1147868484258651,0.1425294429063797,0.2750416398048401,0.2914955019950866,0.2019114047288894,0.1141249388456344,0.1472352445125579,0.2823841571807861,0.0,0.0,0.0,0.0,0.0,0.0,0.0,0.0,0.0,0.0
/Users/josephkamil/Desktop/Capstone/Oly_Data/raw/not_oly/v_Pullup_g15_c03.avi,not_oly,v_Pullup_g15_c03.avi,0.45,non_olympic,,yes,,non_olympic,non_olympic_ucf_g15,train,14f5a29243db80af96e313f9c232c619050d251549807383505185774ad96352,1.0,14f5a29243db80af96e313f9c232c619050d251549807383505185774ad96352,207,170,0.821256038647343,170.0,0.9470587968826294,0.0,1.0,1.0,8.0,0.6982248425483704,0.9822485446929932,0.3661794662475586,0.0254632737487554,0.2614083290100097,0.0140927322208881,161.70352172851562,139.9273681640625,138.21043395996094,109.68090057373048,168.23573303222656,176.35955810546875,114.20813751220705,153.49684143066406,127.47933197021484,145.2333526611328,169.61717224121094,166.65951538085938,159.04017639160156,139.95362854003906,128.02659606933594,126.06198120117188,170.9659881591797,167.70700073242188,156.78392028808594,69.77716064453125,143.64532470703125,88.51945495605469,70.25270080566406,104.0558624267578,148.189208984375,125.35040283203124,111.3342514038086,103.45288848876952,105.5323257446289,148.19586181640625,85.86396026611328,10.617937088012695,12.780128479003906,9.943735122680664,93.89226531982422,100.81707000732422,12.584720611572266,11.523429870605469,11.523780822753906,32.55198669433594,0.3646115064620971,0.2583278119564056,0.2760620415210724,0.2370861321687698,0.4194029867649078,0.4265617132186889,0.2406283766031265,0.2636608183383941,0.2861101329326629,0.2729816734790802,0.5198130011558533,0.3397844433784485,0.3029488623142242,0.3768911957740783,0.5288159847259521,0.5424758791923523,0.3717908561229706,0.2936761975288391,0.3498419225215912,0.413291186094284,0.563980758190155,0.5724730491638184,0.50758957862854,0.640049934387207,0.5397553443908691,0.5308442115783691,0.6162726879119873,0.5073016285896301,0.5870269536972046,0.5372253656387329,0.1603339314460754,0.119414635002613,0.0979136824607849,0.1524704098701477,0.1114960387349128,0.1164674013853073,0.1348714530467987,0.1217041015625,0.1318394243717193,0.1443202793598175,1.0,1.0,0.8235294222831726,1.0,1.0,1.0,1.0,0.8823529481887817,0.7647058963775635,1.0
/Users/josephkamil/Desktop/Capstone/Oly_Data/raw/not_oly/v_BenchPress_g12_c02.avi,not_oly,v_BenchPress_g12_c02.avi,0.2,non_olympic,,yes,,non_olympic,non_olympic_ucf_g12,test,1179214055fad2acb6690549bf953992c8e0f056116da9fd2e4b558db646f56c,1.0,1179214055fad2acb6690549bf953992c8e0f056116da9fd2e4b558db646f56c,63,56,0.8888888888888888,56.0,0.0,1.0,0.0,0.0,0.0,0.6727272868156433,0.3454545438289642,0.1142178922891616,0.0274072177708148,0.0658566057682037,0.0035613516811281,154.242431640625,141.9434814453125,141.2806396484375,159.47547912597656,172.8377227783203,158.54452514648438,127.73209381103516,162.6546173095703,158.0204315185547,154.01866149902344,75.06512451171875,85.2931900024414,92.7500457763672,95.56400299072266,134.73191833496094,126.2075424194336,116.13431549072266,126.45695495605467,134.3336944580078,137.02178955078125,149.3446502685547,165.49610900878906,165.9959716796875,130.94046020507812,165.10330200195312,170.4693603515625,177.7120819091797,174.2739715576172,174.1134490966797,141.287109375,143.3349609375,146.16465759277344,146.23728942871094,114.31216430664062,53.35444259643555,56.88774871826172,61.627288818359375,66.25907897949219,69.66158294677734,72.2630386352539,0.252301961183548,0.2178099900484085,0.2567037045955658,0.2508912086486816,0.2305707186460495,0.2887973189353943,0.2550541162490845,0.230244368314743,0.2423954457044601,0.2084987163543701,0.2038307934999466,0.2039798349142074,0.2191324681043625,0.1742215156555175,0.0892218574881553,0.084352970123291,0.0903960540890693,0.099315121769905,0.1001030802726745,0.1091547012329101,0.0751451030373573,0.0789736583828926,0.0887428969144821,0.1102726459503173,0.1583588272333145,0.1562576293945312,0.1582813709974289,0.1570928990840912,0.1453528851270675,0.1476275622844696,0.0857858955860138,0.0685618370771408,0.0724491029977798,0.0919967666268348,0.1449367254972458,0.2082269936800003,0.1661980003118515,0.1346528083086013,0.1431762129068374,0.1001481190323829,0.0,0.0,0.0,0.0,0.0,0.0,0.0,0.0,0.0,0.0
/Users/josephkamil/Desktop/Capstone/Oly_Data/raw/not_oly/v_PushUps_g14_c01.avi,not_oly,v_PushUps_g14_c01.avi,0.22,non_olympic,,yes,,non_olympic,non_olympic_ucf_g14,dev,0d0fe2ca50e0b23394496e81a7820041688dfa6bb74f0c29730c20d27a4d4835,1.0,0d0fe2ca50e0b23394496e81a7820041688dfa6bb74f0c29730c20d27a4d4835,103,103,1.0,103.0,0.0,1.0,0.0,0.0,0.0,0.0686274543404579,0.0686274543404579,0.0316324234008789,0.0039788987487554,0.0630810558795929,0.0138915050774812,44.745567321777344,52.65055465698242,60.202110290527344,75.46885681152344,79.25668334960938,101.697998046875,130.89581298828125,127.57781982421876,111.8379898071289,143.83880615234375,141.5506134033203,144.61192321777344,148.683837890625,175.2803955078125,168.25967407226562,177.506103515625,175.68807983398438,174.45401000976562,170.32290649414062,163.520751953125,121.8982925415039,111.88389587402344,110.8592300415039,103.2238540649414,103.2981185913086,92.5468978881836,102.44525909423828,99.316162109375,117.1583480834961,87.62769317626953,90.57606506347656,87.504638671875,90.3477783203125,87.69424438476562,97.54075622558594,107.73309326171876,109.8685531616211,102.16197204589844,96.9544448852539,116.32516479492188,0.6956256628036499,0.6862279772758484,0.7146321535110474,0.7291893362998962,0.7207980155944824,0.6774463653564453,0.7063806056976318,0.714021623134613,0.7193334698677063,0.7139707803726196,0.3573747277259826,0.4461999535560608,0.5518895983695984,0.6058390140533447,0.5682680010795593,0.4666748046875,0.4226711094379425,0.5518331527709961,0.6033376455307007,0.525787353515625,0.3532627522945404,0.4644675850868225,0.5493150949478149,0.6227658987045288,0.5136584639549255,0.3393863141536712,0.2787047326564789,0.4651446938514709,0.5551981925964355,0.3390820026397705,0.4380059242248535,0.3824009299278259,0.3634913861751556,0.3406663537025451,0.3369576036930084,0.3205324113368988,0.3781272172927856,0.3292080461978912,0.3394010961055755,0.3152201771736145,0.0,0.0,0.0,0.0,0.0,0.0,0.0,0.0,0.0,0.0
/Users/josephkamil/Desktop/Capstone/Oly_Data/raw/not_oly/v_Pullup_g23_c03.avi,not_oly,v_Pullup_g23_c03.avi,0.45,pull_up,,yes,,non_olympic,pull_up_ucf_g23,train,f1c1f8445f681a81a35839e1928020cd497b16d112ae12e4ab4bbf7d91fde201,2.0,f1c1f8445f681a81a35839e1928020cd497b16d112ae12e4ab4bbf7d91fde201,187,187,1.0,187.0,0.9197860956192015,0.0,1.0,1.0,10.0,0.2473118305206298,0.2473118305206298,0.0254189670085906,0.0022466832306236,0.0518675446510314,0.0095631051808595,116.03069305419922,166.4545440673828,113.420654296875,155.36837768554688,124.95153045654295,158.29347229003906,127.75790405273438,163.2353057861328,112.21692657470705,163.9259796142578,130.4134521484375,163.0797882080078,124.01911926269533,156.52601623535156,137.9962921142578,158.8806610107422,135.49717712402344,161.1156768798828,124.90937042236328,163.36831665039062,121.42691040039062,99.08517456054688,111.13446807861328,115.619140625,117.0721206665039,111.4025650024414,114.76055145263672,112.5410385131836,112.17283630371094,128.0745849609375,0.9393528699874878,0.8575196266174316,0.7766615152359009,1.1166913509368896,0.7261418700218201,1.2325563430786133,1.8435921669006348,2.553500175476074,2.281193733215332,1.7256126403808594,0.316161036491394,0.2942233383655548,0.2861185371875763,0.2874254286289215,0.2946234345436096,0.2877137660980224,0.3022893965244293,0.2902198135852813,0.2787995636463165,0.2548552453517914,0.4258033633232116,0.3801634013652801,0.378981202840805,0.3897804319858551,0.3985385000705719,0.3880605101585388,0.3986337780952453,0.3911592662334442,0.3653723895549774,0.3705158829689026,0.6145610809326172,0.5656612515449524,0.5752972960472107,0.5864124298095703,0.5905044078826904,0.5795938372612,0.5918319821357727,0.5805670619010925,0.5547391772270203,0.5727890133857727,0.1096560060977935,0.0926146879792213,0.0960737913846969,0.1034808903932571,0.1045124977827072,0.1012434735894203,0.1009168326854705,0.1024336293339729,0.0924477130174636,0.1162732392549514,1.0,0.8947368264198303,0.7894737124443054,1.0,0.9473684430122375,0.9473684430122375,0.8888888955116272,0.9473684430122375,0.8421052694320679,0.9473684430122375
/Users/josephkamil/Desktop/Capstone/data/dataset_v2/raw/squat_back/squat_19.mp4,squat_back,squat_19.mp4,2.34,squat_back,,yes,,non_olympic,squat_back_sha_e1788ea9284d4565,test,e1788ea9284d45656fc04dd771117522714dbbd59cea51d830d26a8b9f9f80fe,1.0,e1788ea9284d45656fc04dd771117522714dbbd59cea51d830d26a8b9f9f80fe,143,143,1.0,143.0,0.1748251765966415,0.2112676054239273,0.8591549396514893,0.6503496766090393,8.0,0.7816901206970215,0.7816901206970215,0.0217117667198181,0.0071861124597489,0.0121803283691406,0.0049476749263703,179.0597686767578,174.4043426513672,162.99168395996094,168.5249786376953,178.6158447265625,178.8212432861328,174.90293884277344,162.02430725097656,166.23934936523438,177.82000732421875,170.23753356933594,167.7943115234375,159.6986846923828,164.6125946044922,169.17446899414062,169.85313415527344,167.3560333251953,160.03651428222656,163.0793914794922,169.48402404785156,176.808349609375,131.30130004882812,28.704256057739254,75.98778533935547,176.57662963867188,177.38987731933594,174.50575256347656,21.95412254333496,64.90316772460938,164.58302307128906,0.6194967031478882,0.4123018682003021,0.2783429324626922,0.256281316280365,0.9099311232566832,0.8453459739685059,0.702304482460022,0.5040403008460999,0.3738217949867248,0.7499350309371948,0.5197988748550415,0.4141395688056946,0.4320254623889923,0.3822906613349914,0.4592817723751068,0.5232251882553101,0.4570006430149078,0.4234016239643097,0.3829860985279083,0.4324012696743011,0.2466664612293243,0.3142021298408508,0.4332917034626007,0.3675827383995056,0.2497136145830154,0.2466055303812027,0.2945139706134796,0.4206611812114715,0.3810060024261474,0.2563162446022033,0.4909625351428985,0.5500921010971069,0.6478997468948364,0.5933163166046143,0.497800201177597,0.4902898967266083,0.5332108736038208,0.6377722024917603,0.6055984497070312,0.5047289729118347,0.2731582522392273,0.1004094555974006,0.0070381318219006,0.0184695962816476,0.2099076062440872,0.2767072021961212,0.1626562476158142,0.0120382234454154,0.0129880318418145,0.1762715131044387,0.0,0.0,0.5,0.2000000029802322,0.0,0.0,0.0,0.5,0.5714285969734192,0.0
/Users/josephkamil/Desktop/Capstone/data/dataset_v2/raw/squat_back/squat_5.MOV,squat_back,squat_5.MOV,56.78,squat_back,,yes,,non_olympic,squat_back_sha_96aa295a1f87d255,train,96aa295a1f87d255bf96616a459a26568bca210d1713902d819bccf1dc0ac728,1.0,96aa295a1f87d255bf96616a459a26568bca210d1713902d819bccf1dc0ac728,656,656,1.0,656.0,0.0487804859876632,0.132824420928955,0.9786259531974792,0.8460366129875183,10.0,0.676335871219635,0.8213740587234497,0.0734261274337768,0.0087743876501917,0.020028531551361,0.0030840320978313,169.27798461914062,174.85903930664062,178.59095764160156,144.35659790039062,149.65982055664062,123.25785064697266,111.53758239746094,142.10595703125,115.46456146240234,174.59747314453125,169.05857849121094,170.6605682373047,175.7187957763672,149.8982696533203,152.7183837890625,130.5087432861328,119.64019775390624,148.54881286621094,118.5924835205078,172.91310119628906,162.897705078125,96.04415893554688,148.38525390625,146.96250915527344,127.76084899902344,139.75601196289062,164.46864318847656,150.49200439453125,124.85074615478516,48.93901824951172,3.502810001373291,3.6937472820281982,1.8227972984313965,4.932788848876953,5.220365524291992,8.385671615600586,7.550529956817627,4.889357089996338,7.681880474090576,2.8912200927734375,0.5248339176177979,0.430911123752594,0.4651899635791778,0.5649667382240295,0.5220643877983093,0.602188229560852,0.6385008692741394,0.5482190847396851,0.5791167616844177,0.4076879918575287,0.4128001630306244,0.3876669704914093,0.3680625259876251,0.4759635329246521,0.4353678822517395,0.5300318002700806,0.5441833734512329,0.4481852352619171,0.5229407548904419,0.376906543970108,0.7092595100402832,0.6921828985214233,0.688350260257721,0.7544175982475281,0.7247555255889893,0.7693377137184143,0.7966382503509521,0.7355391979217529,0.7742843627929688,0.7060073018074036,0.1172647327184677,0.0552372299134731,0.1017829552292823,0.0943158939480781,0.0919555649161338,0.0782613232731819,0.0990047678351402,0.1062176823616027,0.0629540160298347,0.0396207086741924,0.0,0.2575757503509521,0.0,0.0,0.0,0.0153846153989434,0.0,0.0,0.0,0.2121212184429168
/Users/josephkamil/Desktop/Capstone/data/dataset_v2/raw/squat_back/squat_18.mp4,squat_back,squat_18.mp4,1.52,squat_back,,yes,,non_olympic,squat_back_sha_662ea3e16246fcbb,train,662ea3e16246fcbba11e67b9424bdf1fb7cb65df2dd9542196aaed23e7cc2aa3,1.0,662ea3e16246fcbba11e67b9424bdf1fb7cb65df2dd9542196aaed23e7cc2aa3,93,93,1.0,93.0,0.1290322542190551,0.2282608747482299,0.3478260934352875,0.1290322542190551,2.0,0.260869562625885,0.27173912525177,0.0168754756450653,0.0060294554568827,0.0099430084228515,0.0048263338394463,175.8983154296875,169.32757568359375,160.3773956298828,163.95770263671875,172.019775390625,177.54714965820312,179.22677612304688,178.74803161621094,176.98463439941406,171.88502502441406,166.50527954101562,163.30093383789062,157.11166381835938,158.9237060546875,166.68637084960938,169.40565490722656,170.3769989013672,170.47511291503906,167.91127014160156,165.5731964111328,173.54100036621094,152.1031036376953,38.07643127441406,38.337608337402344,137.9126434326172,174.26148986816406,178.47608947753906,178.1967010498047,176.71632385253906,152.7129669189453,1.534894943237305,0.8675510883331299,0.7531852722167969,1.0859049558639526,0.5977305173873901,0.9202243089675904,1.0017750263214111,0.994144320487976,1.1832674741744995,0.5517500638961792,0.5171708464622498,0.4387960433959961,0.4265557527542114,0.4233705997467041,0.3812275230884552,0.4381453692913055,0.5171679258346558,0.5246368050575256,0.5234467387199402,0.4282539486885071,0.3013518750667572,0.3755978941917419,0.4305555522441864,0.4260834157466888,0.3264673948287964,0.2599635422229767,0.2447445839643478,0.2451518326997757,0.2724559307098388,0.3516247570514679,0.5356329679489136,0.5954641103744507,0.6423943638801575,0.6355945467948914,0.5595203638076782,0.5078378915786743,0.4885683059692383,0.4878783226013183,0.5127306580543518,0.581131100654602,0.2158264070749282,0.0633197724819183,0.0160907283425331,0.0101572852581739,0.054995372891426,0.1784150600433349,0.2726012170314789,0.2796081900596618,0.2510339617729187,0.0768329873681068,0.0,0.0,0.6666666865348816,0.6000000238418579,0.0,0.0,0.0,0.0,0.0,0.0
/Users/josephkamil/Desktop/Capstone/data/dataset_v2/raw/squat_back/squat_8.mp4,squat_back,squat_8.mp4,1.46,squat_back,,yes,,non_olympic,squat_back_sha_62c49aa6c19eaf30,test,62c49aa6c19eaf30b42795adbbd97ccaf393c9821e13cca7ce448cd85ed66773,1.0,62c49aa6c19eaf30b42795adbbd97ccaf393c9821e13cca7ce448cd85ed66773,360,360,1.0,360.0,0.0,1.0,0.0,0.0,0.0,0.2869080901145935,0.2785515189170837,0.0171831846237182,0.0031858547590672,0.0087016820907592,0.0018200430786237,163.67437744140625,140.9706573486328,112.16580200195312,137.0625,171.86386108398438,178.59375,153.00347900390625,125.03694915771484,127.48619079589844,167.0954132080078,164.20382690429688,137.82362365722656,104.74539947509766,132.73886108398438,170.55926513671875,177.01304626464844,152.9273223876953,122.11349487304688,125.92070770263672,164.28030395507812,7.7540154457092285,13.52959156036377,16.660388946533203,12.253759384155272,4.749240875244141,8.902206420898438,5.427586078643799,12.538686752319336,11.71744155883789,2.621812105178833,1.8181798458099363,5.5352301597595215,10.92442798614502,6.9656853675842285,2.4406118392944336,3.79124116897583,2.4548275470733643,7.38303804397583,7.0096259117126465,1.713497757911682,0.3736408948898315,0.4150800406932831,0.4816925823688507,0.3328339755535126,0.2568904161453247,0.3398192226886749,0.392452597618103,0.5164434313774109,0.4636487364768982,0.2939253747463226,0.3059811294078827,0.3663949072360992,0.4379273951053619,0.294489324092865,0.1606639176607132,0.2032644599676132,0.3158054947853088,0.475057452917099,0.4257583618164062,0.2120422720909118,0.6494612693786621,0.6232608556747437,0.6448228359222412,0.5521346926689148,0.515521228313446,0.5603821277618408,0.6089283227920532,0.6814245581626892,0.647630512714386,0.5401914119720459,0.0830390602350235,0.0785906612873077,0.0802431926131248,0.072338692843914,0.1075289547443389,0.1404368132352829,0.0888063907623291,0.0695993602275848,0.06523397564888,0.0925935804843902,0.0,0.0,0.0,0.0,0.0,0.0,0.0,0.0,0.0,0.0
/Users/josephkamil/Desktop/Capstone/data/dataset_v2/raw/squat_back/squat_16.mp4,squat_back,squat_16.mp4,1.4,squat_back,,yes,,non_olympic,squat_back_sha_06787667e242c7d0,train,06787667e242c7d0c22e6677ef300c209acdf771817c01cb023afeb41f6b508c,1.0,06787667e242c7d0c22e6677ef300c209acdf771817c01cb023afeb41f6b508c,47,47,1.0,47.0,0.5744680762290955,0.0,0.804347813129425,0.8085106611251831,7.0,0.54347825050354,0.54347825050354,0.1387653946876526,0.0284003634005785,0.0254990458488464,0.0086186695843935,138.17295837402344,132.7198028564453,118.4874496459961,101.35257720947266,84.0293197631836,74.73238372802734,89.2477035522461,125.52272033691406,148.8822784423828,170.2460479736328,142.06790161132812,136.7603302001953,122.08854675292967,107.52581787109376,91.79547882080078,80.98695373535156,91.2941436767578,124.0843276977539,147.83343505859375,169.2105712890625,80.57691955566406,9.410334587097168,93.50760650634766,81.00328826904297,89.10763549804688,68.49691772460938,110.73904418945312,64.89728546142578,102.34930419921876,159.43804931640625,14.856890678405762,16.172954559326172,17.659269332885742,17.718116760253906,17.365345001220703,18.84868431091309,20.596664428710938,20.76202964782715,15.398943901062012,8.94287395477295,0.3732974529266357,0.3959235548973083,0.4009954333305359,0.4910703897476196,0.5469613075256348,0.6603314280509949,0.5816168785095215,0.4128631949424743,0.4405657351016998,0.3241310119628906,0.3921855986118316,0.4306148886680603,0.4788805842399597,0.5206689238548279,0.5475314259529114,0.5660175085067749,0.5381680727005005,0.4645468294620514,0.3622508645057678,0.2680325806140899,0.6232630014419556,0.6525309681892395,0.6959481835365295,0.7405409812927246,0.7652316093444824,0.7717171907424927,0.7501073479652405,0.6807441115379333,0.6106703877449036,0.5480483770370483,0.0239367671310901,0.0434782728552818,0.0846757665276527,0.0442510545253753,0.0357536301016807,0.0955363065004348,0.0628314316272735,0.0734218433499336,0.1108436211943626,0.0668729543685913,1.0,0.800000011920929,1.0,1.0,0.6000000238418579,0.0,0.25,1.0,0.2000000029802322,0.0
/Users/josephkamil/Desktop/Capstone/data/dataset_v2/raw/squat_back/squat_3.mp4,squat_back,squat_3.mp4,10.37,squat_back,,yes,,non_olympic,squat_back_sha_3a22d2ea0721c419,test,3a22d2ea0721c419cecd96a0f38808d069adb23452599c3e772c779cf11db0b0,1.0,3a22d2ea0721c419cecd96a0f38808d069adb23452599c3e772c779cf11db0b0,279,279,1.0,279.0,0.0,1.0,0.0,0.0,0.0,0.3741007149219513,0.6510791182518005,0.0276809334754943,0.009902206249535,0.0471282005310058,0.0089652948081493,153.4583740234375,103.38031005859376,178.1293487548828,88.94975280761719,155.4499053955078,156.00247192382812,72.36150360107422,176.22872924804688,128.3563995361328,107.22224426269533,155.14846801757812,116.2127914428711,173.82496643066406,103.91978454589844,153.787841796875,158.67013549804688,82.37062072753906,172.5019989013672,132.93136596679688,112.29676818847656,175.5433349609375,174.84671020507812,173.4521484375,176.0624237060547,175.2742462158203,176.04075622558594,175.5786895751953,176.51185607910156,174.57510375976562,175.88308715820312,0.4843270480632782,0.861031174659729,0.2829059958457947,1.1556243896484375,0.7496690154075623,0.9504843950271606,0.6184741854667664,0.4167812168598175,0.3416450023651123,0.6504386067390442,0.7592568397521973,0.871519148349762,0.6207799911499023,0.8722670674324036,0.7220708131790161,0.6967290043830872,0.8883090615272522,0.6594557166099548,0.7763178944587708,0.8540387153625488,0.4818835854530334,0.6306307911872864,0.3244693875312805,0.6536232829093933,0.4467838704586029,0.4230513870716095,0.7013337016105652,0.3560919463634491,0.5377028584480286,0.6165772676467896,0.7301371693611145,0.8357551693916321,0.625064492225647,0.8472386598587036,0.702203094959259,0.694549024105072,0.8826025724411011,0.6492891907691956,0.7722163200378418,0.8217334747314453,0.277398943901062,0.240940436720848,0.2963155210018158,0.2186673879623413,0.2753255069255829,0.2737387418746948,0.1872217506170272,0.3033783733844757,0.2386561334133148,0.237526461482048,0.0,0.0,0.0,0.0,0.0,0.0,0.0,0.0,0.0,0.0
/Users/josephkamil/Desktop/Capstone/data/dataset_v2/raw/squat_back/Back squats- heel rise.mov,squat_back,Back squats- heel rise.mov,45.48,squat_back,,yes,,non_olympic,squat_back_sha_90f8d6cabfefe8b0,train,90f8d6cabfefe8b056b10097f66dd30f03fb99c7f19513793771e15125d6a3a3,1.0,90f8d6cabfefe8b056b10097f66dd30f03fb99c7f19513793771e15125d6a3a3,1060,925,0.8726415094339622,925.0,0.476756751537323,0.0086580086499452,0.931818187236786,0.9232432246208192,94.0,0.9967532753944396,0.992424249649048,1.0435224771499634,0.0147683732211589,1.3629982471466064,0.004826582968235,164.4525146484375,166.47000122070312,158.2801513671875,148.15382385253906,170.83876037597656,146.57984924316406,151.8967742919922,165.00099182128906,147.186279296875,169.0565643310547,177.20736694335938,171.65896606445312,154.8087158203125,154.73959350585938,171.29783630371094,147.97523498535156,156.2581787109375,166.33909606933594,147.83197021484375,160.24728393554688,53.50884246826172,9.927970886230469,11.858506202697754,9.875285148620604,18.90241241455078,17.62479019165039,10.735865592956545,18.103330612182617,16.244478225708008,100.04437255859376,17.525711059570312,4.412552356719971,12.394351959228516,8.086275100708008,4.154507160186768,12.102989196777344,8.03124713897705,5.392848968505859,12.48801612854004,25.741064071655273,0.2989320456981659,0.2956524193286896,0.2756603360176086,0.287863165140152,0.2271537333726883,0.3048359453678131,0.2954554259777069,0.264605313539505,0.3305799961090088,0.3394097089767456,0.2327482253313064,0.2423101812601089,0.2896744012832641,0.2991453111171722,0.2459980547428131,0.3196093738079071,0.2946148812770843,0.2589257061481476,0.3138030767440796,0.1173487827181816,0.4497702717781067,0.4736386835575104,0.49833545088768,0.5180575251579285,0.4788033366203308,0.5256016254425049,0.5123305320739746,0.4869187474250793,0.5210539698600769,0.2468999475240707,0.0924199074506759,0.0576111525297164,0.0349032320082187,0.0480191260576248,0.0558646284043788,0.042121447622776,0.0395550914108753,0.0405359044671058,0.0375087410211563,0.2639603614807129,0.3152174055576324,0.1290322542190551,0.6847826242446899,0.6666666865348816,0.6413043737411499,0.698924720287323,0.5652173757553101,0.4516128897666931,0.4347825944423675,0.1827957034111023
/Users/josephkamil/Desktop/Capstone/data/dataset_v2/raw/squat_back/squat_11.mp4,squat_back,squat_11.mp4,3.98,squat_back,,yes,,non_olympic,squat_back_sha_8ba02cc8cfa2837e,train,8ba02cc8cfa2837ec5f7b20625d195f56c5dd0334cd3dcb8d396b2d31507a116,1.0,8ba02cc8cfa2837ec5f7b20625d195f56c5dd0334cd3dcb8d396b2d31507a116,144,144,1.0,144.0,0.2986111044883728,0.2377622425556183,0.6713286638259888,0.4375,10.0,0.4195804297924042,0.4195804297924042,0.1013079285621643,0.0143246734514832,0.0133059024810791,0.0041300640441477,173.38870239257812,160.38539123535156,133.98916625976562,92.47537994384766,71.40906524658203,112.49991607666016,144.90628051757812,170.34231567382812,174.2707061767578,174.21099853515625,173.1265869140625,162.10292053222656,138.0088653564453,97.88065338134766,76.03401947021484,109.91149139404295,141.5059051513672,168.5655059814453,173.1129150390625,172.78208923339844,156.63681030273438,162.1822052001953,95.20504760742188,116.12982940673828,73.89647674560547,40.251953125,51.6827507019043,171.2332000732422,170.45970153808594,165.4677276611328,7.751580238342285,10.017499923706056,16.04039764404297,18.701370239257812,21.22913360595703,22.038894653320312,17.59136199951172,8.88634967803955,7.1544718742370605,6.996417045593262,0.2919720113277435,0.3437417447566986,0.3815349042415619,0.5195424556732178,0.6491722464561462,0.4474158883094787,0.3574586808681488,0.3048218488693237,0.3186707198619842,0.3232907354831695,0.2192800194025039,0.2802161276340484,0.407100111246109,0.5180463790893555,0.5700732469558716,0.4817311465740204,0.3784725368022918,0.2582235336303711,0.2540426552295685,0.2601107954978943,0.5038237571716309,0.5517464876174927,0.6445431113243103,0.7394684553146362,0.7702346444129944,0.6885470747947693,0.6037773489952087,0.5227111577987671,0.5119600892066956,0.5123881101608276,0.0785067901015281,0.0727365091443061,0.0625757649540901,0.0550554394721984,0.0873871520161628,0.0542784668505191,0.0427657887339592,0.0566202364861965,0.0698335394263267,0.066877581179142,0.0,0.0,0.5333333611488342,0.6428571343421936,0.0666666701436042,1.0,0.7857142686843872,0.0,0.0,0.0
/Users/josephkamil/Desktop/Capstone/data/dataset_v2/raw/squat_back/71ef5d06-bfea-449b-8ff3-b428ae7dbaa7.mp4,squat_back,71ef5d06-bfea-449b-8ff3-b428ae7dbaa7.mp4,0.72,squat_back,,yes,,non_olympic,squat_back_sha_f8e3166fe219bdc5,train,f8e3166fe219bdc588acbe6b7d43bc3b402ac15bf12b4f046c147c125c4a21e0,1.0,f8e3166fe219bdc588acbe6b7d43bc3b402ac15bf12b4f046c147c125c4a21e0,240,240,1.0,240.0,0.4958333373069763,0.0,0.9330543875694276,0.9333333373069764,21.0,0.7071129679679871,0.7071129679679871,0.9217913150787354,0.030234046280384,0.1848569810390472,0.006789915729314,179.20635986328125,171.4200439453125,127.56983184814452,123.111328125,173.0409698486328,158.12107849121094,108.21634674072266,120.72561645507812,172.28387451171875,166.5119171142578,174.097900390625,173.5327606201172,123.14807891845705,111.88961791992188,165.82081604003906,154.58351135253906,97.40425872802734,109.8460922241211,169.3258819580078,168.94297790527344,111.1963119506836,103.4392318725586,108.75989532470705,167.13731384277344,165.63673400878906,167.7060089111328,38.78538513183594,67.13626861572266,136.42324829101562,121.83560943603516,0.7289412617683411,3.3146321773529053,19.230865478515625,23.594446182250977,7.863268375396728,8.801386833190918,24.65421485900879,23.931921005249023,7.544914245605469,6.190284252166748,0.2426212280988693,0.2924295961856842,0.3560408651828766,0.2363263517618179,-0.3702041208744049,-0.1022461578249931,0.326678067445755,0.2338314801454544,-0.0924754440784454,0.3487442433834076,0.2565099895000458,0.2992330491542816,0.3196614682674408,0.1931574493646621,-0.070187009871006,0.0268188137561082,0.2951066195964813,0.2279520481824875,0.0826203748583793,0.3426309823989868,0.4804315865039825,0.5174065828323364,0.5816940665245056,0.5164830088615417,0.3262050449848175,0.400965541601181,0.6138947606086731,0.5582190155982971,0.4061643183231354,0.5458535552024841,0.026893051341176,0.0310656204819679,0.1073797717690467,0.1351015269756317,0.3128427565097809,0.19655542075634,0.1225401535630226,0.1218311786651611,0.2081706970930099,0.0382948741316795,1.0,0.7083333134651184,0.0,0.0833333358168602,0.875,0.6666666865348816,0.0,0.4166666567325592,0.875,0.3333333432674408
/Users/josephkamil/Desktop/Capstone/data/dataset_v2/raw/squat_back/squat_17.mp4,squat_back,squat_17.mp4,1.72,squat_back,,yes,,non_olympic,squat_back_sha_b9783cba71742468,dev,b9783cba7174246884865b903d78c2c2d279528a0b2be03d95a25a529b4c7b1d,1.0,b9783cba7174246884865b903d78c2c2d279528a0b2be03d95a25a529b4c7b1d,110,110,1.0,110.0,0.2090909034013748,0.4587155878543854,0.6605504751205444,0.2090909034013748,2.0,0.5412843823432922,0.5412843823432922,0.0469372868537902,0.0059506096877157,0.0125613808631896,0.0037305234000086,156.04161071777344,172.97267150878906,172.01007080078125,150.13070678710938,128.83245849609375,114.16860961914062,129.07957458496094,155.90811157226562,173.56068420410156,171.69447326660156,159.10546875,177.74864196777344,175.83184814453125,152.07608032226562,129.5187225341797,113.05207061767578,129.43951416015625,159.32899475097656,177.96507263183594,175.46185302734375,160.26016235351562,175.3297119140625,174.21006774902344,159.86642456054688,155.97715759277344,146.64039611816406,152.27560424804688,162.0835723876953,175.49575805664062,175.24432373046875,5.196591377258301,0.3566175401210785,0.8709052801132202,6.845849990844727,12.215615272521973,15.179315567016602,13.426547050476074,5.067672252655029,1.1812971830368042,1.1861437559127808,0.405277818441391,0.5171887874603271,0.5260098576545715,0.4577454328536987,0.3769370019435882,0.3640347421169281,0.3556057214736938,0.4235468208789825,0.5250052809715271,0.5288660526275635,0.2685861587524414,0.2330926358699798,0.2318846583366394,0.2884700894355774,0.3696418106555938,0.4211957156658172,0.3690765500068664,0.2678581774234772,0.2333867996931076,0.2361237853765487,0.5158067345619202,0.4864414036273956,0.4882642924785614,0.536838948726654,0.6048906445503235,0.6445503234863281,0.5983176231384277,0.5154653191566467,0.4887337386608124,0.4903062582015991,0.1989883780479431,0.2864317893981933,0.2957358360290527,0.218333438038826,0.1650688052177429,0.1706365197896957,0.1638728380203247,0.2061929553747177,0.2923807203769684,0.2951636910438537,0.0,0.0,0.0,0.0,0.4545454680919647,1.0,0.6363636255264282,0.0,0.0,0.0
/Users/josephkamil/Desktop/Capstone/data/dataset_v2/raw/squat_back/Back Squats- Depth.mov,squat_back,Back Squats- Depth.mov,49.8,squat_back,,yes,,non_olympic,squat_back_sha_99897ce7b14be76b,train,99897ce7b14be76be69e6b265ed5a38c4f71477a7103db1d6393473f69b60628,1.0,99897ce7b14be76be69e6b265ed5a38c4f71477a7103db1d6393473f69b60628,1159,1114,0.9611734253666956,1114.0,0.5879712700843811,0.0026954177301377,0.9649595618247986,0.9622980356216432,140.0,0.0017969452310353,0.946990132331848,0.8194469213485718,0.0178407784551382,0.753067672252655,0.0051521039567887,169.97279357910156,166.564697265625,168.72830200195312,164.21066284179688,168.30088806152344,166.14012145996094,170.71670532226562,165.6683807373047,167.57298278808594,175.78089904785156,177.2799835205078,176.1914825439453,174.7334442138672,167.71209716796875,164.31396484375,166.2134552001953,168.2110595703125,173.8400115966797,173.82046508789062,158.75741577148438,73.15308380126953,12.535720825195312,19.724374771118164,24.29522132873535,21.330326080322266,19.225929260253903,23.70007705688477,42.26820755004883,34.800601959228516,118.1477508544922,5.697633266448975,1.8221787214279177,1.138238549232483,4.202484130859375,7.60697078704834,5.6540703773498535,6.32135009765625,1.0570539236068726,0.8810645937919617,50.18490219116211,0.1614249348640442,0.2363388538360595,0.1881109476089477,0.2121366262435913,0.2322170436382293,0.1993377953767776,0.197960078716278,0.2284102141857147,0.1939968317747116,0.5056743621826172,0.1879578679800033,0.2006189525127411,0.2068995386362075,0.2270946055650711,0.2244771271944046,0.2295372784137725,0.2178232967853546,0.2210770845413208,0.2121380120515823,0.1297928392887115,0.4620128571987152,0.4775398671627044,0.4815801084041595,0.4944594502449035,0.4846384227275848,0.494692325592041,0.4793070256710052,0.4915199279785156,0.4827603995800018,0.4225926399230957,0.0629899352788925,0.0621867291629314,0.04490951821208,0.0466149114072322,0.0365022420883178,0.0429561957716941,0.0361007042229175,0.0408389307558536,0.0527142100036144,0.4448300898075104,0.7207207083702087,0.2882882952690124,0.6964285969734192,0.6576576828956604,0.5178571343421936,0.8738738894462585,0.7297297120094299,0.4821428656578064,0.6666666865348816,0.25
/Users/josephkamil/Desktop/Capstone/data/dataset_v2/raw/squat_back/6dddd176-2460-48cf-bd01-3eaaa0dc754f.mp4,squat_back,6dddd176-2460-48cf-bd01-3eaaa0dc754f.mp4,1.93,squat_back,,yes,,non_olympic,squat_back_sha_30a49e729ef02da4,train,30a49e729ef02da47fe436f9d003da3e0be5eb57a60535be527401b536ae2167,1.0,30a49e729ef02da47fe436f9d003da3e0be5eb57a60535be527401b536ae2167,300,300,1.0,300.0,0.0,1.0,0.0,0.0,0.0,0.953177273273468,0.953177273273468,0.0617189407348632,0.0084524797275662,0.0134754478931427,0.0050704455934464,127.854248046875,108.0294189453125,155.7489471435547,87.75157165527344,163.50994873046875,173.08802795410156,99.04645538330078,134.64952087402344,162.72589111328125,87.62078094482422,135.23036193847656,113.55074310302734,160.90428161621094,92.04666137695312,165.88345336914062,175.04995727539062,103.35841369628906,140.23171997070312,167.37078857421875,91.44890594482422,27.00828742980957,25.82748031616211,21.338939666748047,18.39338493347168,25.568134307861328,20.25792121887207,17.87381935119629,21.38905143737793,21.714181900024418,19.3521785736084,5.885184288024902,9.81417179107666,2.569096326828003,11.914135932922363,3.1182706356048584,1.9493247270584104,9.846402168273926,6.48863410949707,2.3685829639434814,12.008137702941896,0.3785582184791565,0.4440882503986358,0.297432005405426,0.4983794093132019,0.2827989161014557,0.2536907494068146,0.473380982875824,0.3660564422607422,0.2730826139450073,0.5022860169410706,0.3516769707202911,0.4126335978507995,0.2770523726940155,0.4698365032672882,0.2567162811756134,0.2334165424108505,0.4457730948925018,0.3366720974445343,0.2536532580852508,0.4689116775989532,0.5569815039634705,0.5966809391975403,0.507118821144104,0.6355169415473938,0.4886589348316192,0.4761645495891571,0.6213333010673523,0.543640673160553,0.4903997778892517,0.6350443363189697,0.0527617186307907,0.0527563095092773,0.0494258515536785,0.0522519536316394,0.0513080470263958,0.0486377403140068,0.0515879727900028,0.0521657019853591,0.0482552796602249,0.0552965514361858,0.0,0.0,0.0,0.0,0.0,0.0,0.0,0.0,0.0,0.0
/Users/josephkamil/Desktop/Capstone/data/dataset_v2/raw/squat_back/897f5a21-f1a1-477e-aa8b-11b7ee9378d2.mp4,squat_back,897f5a21-f1a1-477e-aa8b-11b7ee9378d2.mp4,1.17,squat_back,,yes,,non_olympic,squat_back_sha_ea8be1b29dbeb4d7,train,ea8be1b29dbeb4d70f3e51d7afb38923b7153dd4b5219607f3e7bd27ef183135,1.0,ea8be1b29dbeb4d70f3e51d7afb38923b7153dd4b5219607f3e7bd27ef183135,180,180,1.0,180.0,0.0,1.0,0.0,0.0,0.0,0.3687150776386261,0.3687150776386261,0.0244834125041961,0.0074020870961248,0.0148284435272216,0.0047435807064175,153.22723388671875,178.23057556152344,161.2406005859375,132.52716064453125,158.0271453857422,177.59149169921875,158.41673278808594,137.44944763183594,163.22398376464844,178.05484008789062,161.79046630859375,174.0216522216797,171.77650451660156,145.04302978515625,166.51165771484375,174.79017639160156,169.9018096923828,151.52374267578125,169.80325317382812,169.5845489501953,30.481224060058594,36.45404815673828,33.04683303833008,31.34583854675293,31.28064346313477,37.88341522216797,33.93873596191406,30.92643928527832,32.80125045776367,35.681270599365234,5.251516342163086,1.3087623119354248,1.8424540758132937,6.17236328125,4.442581653594971,0.7772110104560852,2.1700193881988525,5.741394996643066,3.775747060775757,3.544602632522583,0.4129396080970764,0.277543693780899,0.390905350446701,0.5216429233551025,0.3895716369152069,0.2928667366504669,0.4196244776248932,0.5213199257850647,0.3701304197311401,0.2646609246730804,0.3550301194190979,0.2324368953704834,0.3354351222515106,0.4578856229782104,0.3338750600814819,0.2415788918733596,0.3604210019111633,0.4594890773296356,0.3161574602127075,0.2366551011800766,0.5449436902999878,0.4700728058815002,0.5389402508735657,0.6224014163017273,0.5353927612304688,0.4802942276000976,0.5536101460456848,0.6226537823677063,0.5215722918510437,0.4733115434646606,0.0692624747753143,0.0606293678283691,0.0699885338544845,0.0731987655162811,0.0683102160692215,0.0653529912233352,0.0714938938617706,0.0697507560253143,0.0669205486774444,0.0526760257780551,0.0,0.0,0.0,0.0,0.0,0.0,0.0,0.0,0.0,0.0
/Users/josephkamil/Desktop/Capstone/data/dataset_v2/raw/squat_back/squat_4.mp4,squat_back,squat_4.mp4,19.73,squat_back,,yes,,non_olympic,squat_back_sha_828b0a5dd419f241,dev,828b0a5dd419f241db5c05375fb77cd234b73149df39a597ea19605499a5d5e3,1.0,828b0a5dd419f241db5c05375fb77cd234b73149df39a597ea19605499a5d5e3,527,526,0.9981024667931688,526.0,0.0,1.0,0.0,0.0,0.0,0.0590476207435131,0.0571428574621677,0.0291401147842407,0.0070734964683651,0.0336377620697021,0.0077612129971385,108.1077880859375,124.24979400634766,143.26846313476562,114.58428955078124,102.82659912109376,154.53851318359375,121.32845306396484,105.30290222167967,156.1852569580078,118.06499481201172,108.4665985107422,124.89471435546876,141.5025634765625,112.08809661865234,103.14388275146484,152.68922424316406,119.39630126953124,105.95064544677734,154.352294921875,114.7821807861328,177.9628143310547,177.5902099609375,177.80152893066406,176.32278442382812,175.82913208007812,176.26133728027344,176.6392059326172,173.84666442871094,175.51571655273438,176.55569458007812,6.148365497589111,3.5318994522094727,4.416213035583496,8.473021507263184,8.71710205078125,4.765162467956543,7.393892288208008,8.520657539367676,4.5091471672058105,8.83295726776123,0.8560717105865479,0.780254602432251,0.7290948033332825,0.7634537220001221,0.7491391897201538,0.6594336032867432,0.7201111316680908,0.7050710320472717,0.6314038634300232,0.7114418745040894,0.6215063333511353,0.5461203455924988,0.5042792558670044,0.5865673422813416,0.615800678730011,0.4672771692276001,0.5538375973701477,0.605407178401947,0.4596658051013946,0.5654299855232239,0.7825517058372498,0.7413249015808105,0.7074023485183716,0.7652269005775452,0.7878699898719788,0.6807957887649536,0.7434692978858948,0.7817933559417725,0.6737595796585083,0.7486278414726257,0.2348253726959228,0.2344732284545898,0.2268409430980682,0.1909638047218322,0.1576079130172729,0.2056059092283249,0.182431474328041,0.1303319185972213,0.188870221376419,0.1681468486785888,0.0,0.0,0.0,0.0,0.0,0.0,0.0,0.0,0.0,0.0
/Users/josephkamil/Desktop/Capstone/data/dataset_v2/raw/squat_back/squat_23.mp4,squat_back,squat_23.mp4,8.77,squat_back,,yes,,non_olympic,squat_back_sha_bb3d2a0291c1d875,dev,bb3d2a0291c1d875ba32c5c76c04318f10c01123525a5c9e2699329b529fed59,1.0,bb3d2a0291c1d875ba32c5c76c04318f10c01123525a5c9e2699329b529fed59,432,431,0.9976851851851852,431.0,0.4153132140636444,0.0,1.0,1.0,38.0,0.8255813717842102,0.8255813717842102,0.0874707475304603,0.007607189938426,0.2490054368972778,0.004738216754049,171.28089904785156,122.1522979736328,22.494199752807617,89.96206665039062,170.2439422607422,175.5984649658203,153.5449676513672,37.68234634399414,54.46584701538086,167.9779052734375,169.5948486328125,123.88560485839844,27.38520622253418,93.19295501708984,170.1914520263672,174.0218963623047,154.12574768066406,42.908084869384766,59.38712310791016,168.7720184326172,98.99075317382812,67.6274185180664,29.91409683227539,45.303977966308594,121.42235565185548,136.22991943359375,51.04267883300781,20.9620361328125,24.526636123657227,118.54623413085938,1.3586692810058594,0.4898188710212707,0.5644320845603943,0.2219188809394836,0.9972556233406068,1.7332258224487305,0.6197806596755981,0.5187888741493225,0.4315823316574096,1.6300185918807983,0.0944031029939651,0.2404055297374725,0.4056133925914764,0.2767828702926636,0.0904802903532981,0.0828645452857017,0.1559504270553589,0.3763653934001922,0.3804095983505249,0.1015848815441131,0.1137102469801902,0.2180050015449524,0.3934880197048187,0.2657884955406189,0.1098104193806648,0.1453654766082763,0.1339866369962692,0.3658164739608764,0.3517127931118011,0.1337059587240219,0.3367915451526642,0.5417965650558472,0.7031204104423523,0.5832188129425049,0.3323110342025757,0.2957842648029327,0.4597223401069641,0.6783118844032288,0.6585642099380493,0.348774254322052,0.0691555365920066,0.0277333091944456,0.0275224223732948,0.0203924961388111,0.0679989457130432,0.0848405808210372,0.030249522998929,0.018795071169734,0.0289236884564161,0.0665883347392082,0.6279069781303406,0.2325581461191177,0.4186046421527862,0.4651162922382355,0.5116279125213623,0.8372092843055725,0.1627907007932663,0.3720930218696594,0.0,0.5227272510528564
/Users/josephkamil/Desktop/Capstone/data/dataset_v2/raw/squat_back/Back squats- hip depth.mov,squat_back,Back squats- hip depth.mov,36.64,squat_back,,yes,,non_olympic,squat_back_sha_fe53a5ef631b206b,train,fe53a5ef631b206b43485454a41b7e7f4425020c72364da1957a9b381d309147,1.0,fe53a5ef631b206b43485454a41b7e7f4425020c72364da1957a9b381d309147,854,767,0.8981264637002342,767.0,0.1121251657605171,0.0091383811086416,0.9281984567642212,0.9191655516624452,24.0,0.9164490699768066,0.915143609046936,0.3595340847969055,0.0070718475617468,1.8872601985931396,0.0072114500217139,175.2240753173828,174.08566284179688,170.4593963623047,163.41671752929688,157.99087524414062,174.53103637695312,166.73411560058594,168.32669067382812,177.29571533203125,104.13312530517578,176.78887939453125,179.36532592773438,173.5496826171875,164.20094299316406,159.79444885253906,173.14974975585938,167.7674560546875,167.3957061767578,176.3076171875,96.44178771972656,53.882938385009766,24.62674140930176,36.67636489868164,18.122583389282227,20.424110412597656,26.05084228515625,20.624975204467773,17.24892807006836,93.73629760742188,150.4603729248047,0.944918155670166,2.0992257595062256,2.585502862930298,5.442800998687744,6.830384731292725,3.3356430530548096,4.904120445251465,5.7167253494262695,1.1011089086532593,30.158288955688477,0.329801857471466,0.4855536818504333,0.5032297968864441,0.509892463684082,0.5227757096290588,0.5070785880088806,0.5028989911079407,0.5142669081687927,0.4466438889503479,0.7683766484260559,0.3120599091053009,0.4189186990261078,0.4438228905200958,0.4635581374168396,0.4751666784286499,0.4392204284667969,0.4582108557224273,0.4587125778198242,0.3389277458190918,0.1254826188087463,0.6242484450340271,0.6351522207260132,0.6581324934959412,0.6739996671676636,0.6811918616294861,0.6510005593299866,0.6689111590385437,0.6636242270469666,0.6184520721435547,0.6214220523834229,0.0665792003273963,0.0677391290664672,0.0614790357649326,0.0543854683637619,0.0515233762562274,0.0686503201723098,0.0470977649092674,0.0565971098840236,0.1322778612375259,0.6537812352180481,0.4868420958518982,0.0,0.0519480518996715,0.1578947305679321,0.0909090936183929,0.0129870129749178,0.0921052619814872,0.064935065805912,0.1558441519737243,0.0129870129749178
/Users/josephkamil/Desktop/Capstone/data/dataset_v2/raw/squat_back/squat_1.mp4,squat_back,squat_1.mp4,20.41,squat_back,,yes,,non_olympic,squat_back_sha_9f62738a00501e99,train,9f62738a00501e99fd15e214130f4db60712178056f694b7adab9a02c0cc920a,1.0,9f62738a00501e99fd15e214130f4db60712178056f694b7adab9a02c0cc920a,545,544,0.998165137614679,544.0,0.0,1.0,0.0,0.0,0.0,0.8066298365592957,0.1952117830514907,0.039452850818634,0.0076351761817932,0.0338128209114074,0.0075709321536123,115.94774627685548,139.8035430908203,150.24166870117188,99.14878845214844,148.06561279296875,123.71317291259766,90.1457061767578,124.71925354003906,138.20993041992188,90.60895538330078,117.98681640625,140.24339294433594,148.0107879638672,102.43334197998048,148.1873779296875,123.5481414794922,93.94622802734376,126.5302734375,137.72195434570312,94.6327667236328,174.45082092285156,176.3944091796875,175.21780395507812,177.81756591796875,175.9789581298828,175.50204467773438,177.9153289794922,177.6630401611328,177.06419372558594,173.7849578857422,0.7336100935935974,0.7905754446983337,1.1098649501800537,0.9942638278007508,0.4404782354831695,0.512609601020813,0.6629593372344971,0.5224968194961548,0.7103866934776306,0.373735249042511,0.8536948561668396,0.7685713768005371,0.7322132587432861,0.8008984327316284,0.7459514737129211,0.7735387086868286,0.851817786693573,0.7561659216880798,0.7555984258651733,0.844704270362854,0.6130291819572449,0.5384135842323303,0.4976160526275635,0.646376371383667,0.5213965177536011,0.5622006058692932,0.670712947845459,0.5566043257713318,0.5461720824241638,0.6671118140220642,0.788055956363678,0.7343189120292664,0.7114604711532593,0.8146485090255737,0.7214041948318481,0.7569069862365723,0.8292624354362488,0.7505010366439819,0.7415851354598999,0.8281601667404175,0.2406906932592392,0.2301871329545974,0.2346134334802627,0.1545420289039611,0.2245648801326751,0.2113741636276245,0.1811728775501251,0.1995773166418075,0.209453746676445,0.1776458621025085,0.0,0.0,0.0,0.0,0.0,0.0,0.0,0.0,0.0,0.0
/Users/josephkamil/Desktop/Capstone/data/dataset_v2/raw/squat_back/yt_001.mp4,squat_back,yt_001.mp4,112.16,squat_back,,yes,,non_olympic,squat_back_sha_576ab543986d4705,train,576ab543986d470578beb8efe4906fcf649a564e93d1999a4408dd7441a3b7ae,1.0,576ab543986d470578beb8efe4906fcf649a564e93d1999a4408dd7441a3b7ae,23888,22672,0.9490957803081044,22672.0,0.0586185604333877,0.0029112081974744,0.9642274379730223,0.9613178968429564,164.0,0.7958625555038452,0.7092761397361755,0.7505767941474915,0.0080300653353333,0.7742852568626404,0.0034231173340231,117.58710479736328,40.560272216796875,171.38734436035156,171.69442749023438,172.25987243652344,175.50074768066406,174.18814086914062,173.74386596679688,117.66926574707033,177.7818603515625,114.42936706542967,45.98784255981445,166.80470275878906,147.75831604003906,169.57814025878906,168.16207885742188,168.43931579589844,166.79122924804688,107.92051696777344,175.28370666503906,130.7429656982422,136.32159423828125,149.8323211669922,147.35423278808594,146.22409057617188,147.2875518798828,135.83383178710938,147.66488647460938,155.71681213378906,144.82955932617188,5.624557971954346,5.618866443634033,1.4184753894805908,27.66086196899414,10.05161476135254,8.129816055297852,8.639755249023438,18.39027976989746,47.934059143066406,1.5123125314712524,0.738586962223053,0.6389040350914001,0.4642647802829742,0.4800898730754852,0.4828642904758453,0.4546224772930145,0.451468676328659,0.5146650075912476,0.5056926608085632,0.6658470630645752,0.4246214926242828,0.3591843247413635,0.2617693543434143,0.2552377581596374,0.2730113267898559,0.2405391782522201,0.2477390319108963,0.2587161958217621,0.4756319224834442,0.3647077679634094,0.8627879619598389,0.6286273002624512,0.527397096157074,0.4634977579116821,0.5139362812042236,0.4939506649971008,0.4871868789196014,0.5209815502166748,0.6205121278762817,0.8019821643829346,0.322672963142395,0.2852066457271576,0.202814981341362,0.2283041477203369,0.2127091139554977,0.2173946499824524,0.2135345786809921,0.2648651897907257,0.2076030075550079,0.302888423204422,0.100132331252098,0.0022055581212043,0.0,0.0079400092363357,0.003086419776082,0.0070577855221927,0.0260255839675664,0.0339655950665473,0.4005293250083923,0.0052910051308572
/Users/josephkamil/Desktop/Capstone/data/dataset_v2/raw/squat_back/Backsquat- correct.mov,squat_back,Backsquat- correct.mov,43.02,squat_back,,yes,,non_olympic,squat_back_sha_de5ddc1025d2314e,train,de5ddc1025d2314e35ea9915ce3471583dfc4cb43103b62ca938a95675eaaa37,1.0,de5ddc1025d2314e35ea9915ce3471583dfc4cb43103b62ca938a95675eaaa37,1000,959,0.959,959.0,0.1136600598692894,0.0083507308736443,0.940501034259796,0.9322210550308228,50.0,0.9290187954902648,0.9603340029716492,0.7217296361923218,0.017113834619522,1.0499058961868286,0.0078877676278352,154.98638916015625,147.8543243408203,158.81983947753906,155.7316131591797,138.56610107421875,139.9696502685547,165.82302856445312,138.2715301513672,176.92486572265625,146.1112060546875,155.81353759765625,144.91893005371094,155.01446533203125,152.5272674560547,131.01100158691406,133.4156036376953,162.25389099121094,129.3826904296875,176.4967041015625,69.20995330810547,71.23209381103516,17.263856887817383,14.10871410369873,22.188833236694336,20.60601234436035,18.858219146728516,29.78279685974121,34.51161193847656,122.00653076171876,136.99423217773438,39.53485870361328,14.528279304504396,11.356963157653809,11.61002254486084,20.90910530090332,19.8394718170166,9.160740852355955,21.829092025756836,1.284704327583313,132.48199462890625,0.3491600751876831,0.4153838455677032,0.3916530609130859,0.3991932868957519,0.440421462059021,0.449702113866806,0.3969595432281494,0.4522431194782257,0.3965308666229248,0.613201916217804,0.3311334252357483,0.3813460171222687,0.3547801077365875,0.3581430613994598,0.4128763675689697,0.4088785350322723,0.3345598876476288,0.4155119657516479,0.2664808928966522,0.1630678176879882,0.4483666718006134,0.5552199482917786,0.5340191721916199,0.5379156470298767,0.5656680464744568,0.5617779493331909,0.5200597643852234,0.5674389004707336,0.5025148391723633,-0.3643077313899994,0.0810999423265457,0.0393054112792015,0.0421186499297618,0.0466801971197128,0.0329417176544666,0.0429384112358093,0.064079076051712,0.0423711836338043,0.1350848227739334,0.4975740909576416,0.4315789341926574,0.0833333358168602,0.1145833358168602,0.1979166716337204,0.0833333358168602,0.0,0.0,0.0416666679084301,0.03125,0.15625
/Users/josephkamil/Desktop/Capstone/data/dataset_v2/raw/squat_back/Back squats- bar drift.mov,squat_back,Back squats- bar drift.mov,41.87,squat_back,,yes,,non_olympic,squat_back_sha_eaffb80eed14d80d,train,eaffb80eed14d80da5fdbd1086996f49b92d3a32010f095e083fd76cc440267e,1.0,eaffb80eed14d80da5fdbd1086996f49b92d3a32010f095e083fd76cc440267e,971,905,0.9320288362512872,905.0,0.110497236251831,0.0,0.9579645991325378,0.958011031150818,55.0,0.0176991149783134,0.0188053101301193,0.8476037979125977,0.0150617184117436,1.6859042644500732,0.0106870410963892,118.75694274902344,161.69845581054688,167.12130737304688,161.9261016845703,140.34725952148438,155.41766357421875,162.6363525390625,162.22235107421875,162.2814178466797,148.7721405029297,103.50314331054688,153.63414001464844,157.79063415527344,148.30589294433594,120.62438201904295,142.1607208251953,146.6322021484375,149.67860412597656,148.28843688964844,144.99737548828125,100.07784271240234,17.63953971862793,11.44214153289795,16.438676834106445,24.97751808166504,21.564363479614254,18.61675262451172,22.839677810668945,38.93898391723633,137.991455078125,111.7056121826172,16.42011260986328,15.1455078125,21.708158493041992,34.654293060302734,23.94648170471191,22.84427833557129,20.211334228515625,21.013511657714844,24.76222038269043,0.3895776867866516,0.4704284965991974,0.4542559683322906,0.4538946151733398,0.5287156701087952,0.500542163848877,0.4987894296646118,0.4871640801429748,0.452765017747879,0.6087104678153992,0.1943702101707458,0.4330623745918274,0.4215354025363922,0.4401285350322723,0.511299192905426,0.4620534777641296,0.4461458027362823,0.4410317242145538,0.4336068034172058,0.1818775385618209,-0.2586186230182647,0.6088297367095947,0.6040380001068115,0.6041535139083862,0.6399326324462891,0.6209694147109985,0.6042702794075012,0.6085906624794006,0.6006066203117371,0.5323558449745178,0.2308769673109054,0.0420972257852554,0.0357780642807483,0.0303514152765274,0.0327101610600948,0.0423615388572216,0.054224606603384,0.0493778623640537,0.0529507063329219,0.4519466459751129,0.1888888925313949,0.0439560450613498,0.0555555559694767,0.2747252881526947,0.2111111134290695,0.0219780225306749,0.0222222227603197,0.0,0.233333334326744,0.0549450553953647
/Users/josephkamil/Desktop/Capstone/data/dataset_v2/raw/squat_front/yt_002.mp4,squat_front,yt_002.mp4,4.2,squat_front,,yes,,non_olympic,squat_front_sha_0a4e3823e25b761a,test,0a4e3823e25b761aad7a0d43b204195ddca6bcf9bdc96e1af0cc6a505aeb76c4,1.0,0a4e3823e25b761aad7a0d43b204195ddca6bcf9bdc96e1af0cc6a505aeb76c4,1216,1137,0.935032894736842,1137.0,0.0167106427252292,0.7570422291755676,0.797535240650177,0.041336853057146,4.0,0.7808098793029785,0.6470070481300354,0.0468319654464721,0.0037035618443042,0.0172419846057891,0.0013265159213915,174.3550567626953,175.3445281982422,176.6359100341797,138.9213104248047,153.54620361328125,175.72882080078125,154.61094665527344,131.53982543945312,174.974609375,179.17071533203125,174.73959350585938,174.9073486328125,174.98321533203125,135.177978515625,158.48760986328125,175.82029724121094,136.78231811523438,131.11740112304688,172.09112548828125,170.8955535888672,175.5750274658203,115.04993438720705,85.5301742553711,154.53924560546875,118.12933349609376,104.88317108154295,133.25094604492188,160.68148803710938,139.14759826660156,131.46571350097656,0.3123593926429748,0.4264686703681946,0.7243022322654724,15.95443630218506,5.461983680725098,1.2240924835205078,25.479400634765625,12.054978370666504,1.6229043006896973,0.8010078072547913,0.4012190997600555,0.3140754699707031,0.3024264276027679,0.3306517004966736,0.3364523947238922,0.3062770366668701,0.4573472142219543,0.3380771577358246,0.3447380661964416,0.3712416887283325,0.1837625652551651,0.1790443062782287,0.1770075559616089,0.2430799156427383,0.2058215290307998,0.1746059358119964,0.2665781378746032,0.2429877668619156,0.1742270439863205,0.1845275312662124,0.4155929088592529,0.4100373685359955,0.4089653491973877,0.4524159431457519,0.4319730103015899,0.407869279384613,0.436432421207428,0.461940586566925,0.4064483642578125,0.4120610952377319,0.2174638211727142,0.1353823244571685,0.1255185008049011,0.1548464745283126,0.1494008153676986,0.1339656859636306,0.1938617378473281,0.1635365188121795,0.1736787110567093,0.1867967694997787,0.0,0.0,0.0,0.0,0.0,0.0,0.0,0.1666666716337204,0.0,0.0
/Users/josephkamil/Desktop/Capstone/data/dataset_v2/raw/squat_front/yt_001.mp4,squat_front,yt_001.mp4,2.27,squat_front,,yes,,non_olympic,squat_front_sha_7370ac86e783157c,train,7370ac86e783157c76bcae5b368cf48db01046a834a148a6fd957ae40a1a2ba3,1.0,7370ac86e783157c76bcae5b368cf48db01046a834a148a6fd957ae40a1a2ba3,1236,997,0.8066343042071198,997.0,0.1795386224985122,0.0512048192322254,0.9789156913757324,0.9277833700180054,40.0,0.9377509951591492,0.3012048304080963,0.6466744542121887,0.0123765170574188,0.5486289262771606,0.0079011535272002,63.49814987182617,150.5996856689453,172.48609924316406,167.29415893554688,155.5355987548828,130.97129821777344,67.85860443115234,46.946189880371094,64.29484558105469,106.29956817626952,89.6856918334961,147.2347869873047,124.06828308105467,131.62393188476562,105.27092742919922,79.2533950805664,80.4673843383789,66.61032104492188,85.32743072509766,88.51202392578125,72.89933776855469,49.741981506347656,146.3680877685547,151.2374725341797,165.68832397460938,156.7467041015625,119.779052734375,131.1427459716797,128.6324920654297,97.66072082519533,62.87771224975586,47.60752487182617,34.11762619018555,27.9077091217041,25.349302291870117,24.22586441040039,23.756879806518555,26.730104446411133,14.330662727355955,29.89440155029297,0.5234841108322144,0.5457131266593933,0.484059065580368,0.4734075665473938,0.3331691026687622,0.3353019058704376,0.473308652639389,0.4688524901866913,0.4079116582870483,0.6712434887886047,0.4084375500679016,0.4109097421169281,0.3017700314521789,0.2854682505130768,0.2629732191562652,0.2980392575263977,0.3147710263729095,0.352074533700943,0.2487250715494156,0.5658223032951355,0.5270663499832153,0.6755353808403015,0.4838887155056,0.4552260041236877,0.4218558073043823,0.4144007563591003,0.5595487952232361,0.5438715219497681,0.6691393256187439,0.8017674088478088,0.2086715847253799,0.1796436309814453,0.2278039753437042,0.2131812423467636,0.1768048107624054,0.1159675121307373,0.3033584952354431,0.2391818463802337,0.4775828421115875,0.2247683703899383,0.1515151560306549,0.1599999964237213,0.1199999973177909,0.0202020201832056,0.4300000071525574,0.5899999737739563,0.0,0.0,0.0,0.3199999928474426
/Users/josephkamil/Desktop/Capstone/data/dataset_v2/raw/squat_front/Front Squat- Depth.mov,squat_front,Front Squat- Depth.mov,56.3,squat_front,,yes,,non_olympic,squat_front_sha_f85b5b766a9541e1,train,f85b5b766a9541e1a72f2ff478fc5e4a92aa03a99cd7d90addac68d7287f9d9a,1.0,f85b5b766a9541e1a72f2ff478fc5e4a92aa03a99cd7d90addac68d7287f9d9a,1311,1267,0.9664378337147216,1267.0,0.9250197410583496,0.0142180090770125,1.0,0.9857932329177856,13.0,0.2116903662681579,0.973143756389618,0.5296388864517212,0.0069090207107365,0.4956158995628357,0.0059543750248849,172.63783264160156,171.26187133789062,168.54249572753906,171.11203002929688,169.56996154785156,169.63328552246094,169.63401794433594,172.35206604003906,171.1804656982422,176.01226806640625,177.18800354003906,176.41600036621094,177.49380493164062,177.40853881835938,177.7265625,177.74588012695312,177.85543823242188,178.50209045410156,178.35105895996094,177.2303009033203,53.131595611572266,53.8944091796875,62.32270812988281,70.25790405273438,60.52041244506836,70.4895248413086,77.73057556152344,81.19151306152344,76.08710479736328,85.49409484863281,2.3881757259368896,4.509443283081055,3.748431205749512,3.543330192565918,2.835195541381836,3.5117874145507812,3.099665880203247,2.1836342811584473,3.422041177749634,50.0501594543457,0.2471234500408172,0.2676949203014374,0.2732543647289276,0.2709428668022156,0.2760896682739258,0.2724435031414032,0.2726304233074188,0.2586622834205627,0.2654211521148681,0.3639703094959259,0.2598099410533905,0.295242428779602,0.3047410249710083,0.3046274781227112,0.3112694025039673,0.3095056116580963,0.3139673769474029,0.306637167930603,0.3064421713352203,0.2756955027580261,0.5663157105445862,0.5562357306480408,0.5706961750984192,0.5623646974563599,0.5695769786834717,0.5719422698020935,0.5736601948738098,0.5611004829406738,0.5618268847465515,0.345637559890747,0.0841677337884903,0.0555270165205001,0.0579390861093997,0.0598481707274913,0.0586884766817092,0.0641141980886459,0.0680043920874595,0.0724528804421424,0.0678229033946991,0.1770816892385482,0.8492063283920288,1.0,1.0,1.0,1.0,1.0,1.0,1.0,1.0,0.4015747904777527
/Users/josephkamil/Desktop/Capstone/data/dataset_v2/raw/squat_front/Front squats- butt wink .mov,squat_front,Front squats- butt wink .mov,45.07,squat_front,,yes,,non_olympic,squat_front_sha_75257ee81d3d0722,test,75257ee81d3d072233e448120c70163c704d5a38c847d4dedef0558559b1c55b,1.0,75257ee81d3d072233e448120c70163c704d5a38c847d4dedef0558559b1c55b,1051,943,0.8972407231208372,943.0,0.3404029607772827,0.0,0.9469214677810668,0.9469777345657348,33.0,0.9447982907295228,0.93736732006073,0.8604552745819092,0.0091894967481493,2.15853500366211,0.0074413456022739,168.0032196044922,151.4029541015625,162.08282470703125,151.73782348632812,155.59857177734375,146.1997528076172,163.85572814941406,132.78985595703125,164.01348876953125,151.36814880371094,177.2948760986328,152.21682739257812,143.56910705566406,149.97909545898438,132.26742553710938,141.41229248046875,144.55096435546875,120.2521743774414,150.93824768066406,121.03883361816406,29.67599868774414,31.01499366760254,28.914724349975582,29.820423126220703,26.9920711517334,29.149133682250977,24.588237762451172,28.88845443725586,58.12898254394531,149.9873809814453,12.741023063659668,11.497028350830078,22.182458877563477,10.907059669494627,27.74346351623535,15.176067352294922,22.921327590942383,23.605863571166992,16.569608688354492,42.37165069580078,0.3088321089744568,0.3797852396965027,0.4119741916656494,0.3814643025398254,0.4509063959121704,0.4150657951831817,0.4194829165935516,0.4770958125591278,0.4201562404632568,0.6988929510116577,0.2804763615131378,0.3802692294120788,0.3959101438522339,0.3818289041519165,0.4255689978599548,0.4080590903759002,0.3972209393978119,0.4589775502681732,0.3609296381473541,0.0878732651472091,0.5092747807502747,0.5685110092163086,0.5564540028572083,0.574368953704834,0.5704614520072937,0.5862500071525574,0.5535149574279785,0.6133489012718201,0.5513769388198853,0.502252459526062,0.0733907967805862,0.0447925589978694,0.0457592569291591,0.0455100610852241,0.0465295985341072,0.0467525981366634,0.0459401868283748,0.0504016615450382,0.0763500109314918,0.629901111125946,0.2978723347187042,0.6382978558540344,0.3617021143436432,0.6631578803062439,0.1170212775468826,0.521276593208313,0.3157894611358642,0.3404255211353302,0.1170212775468826,0.0315789468586444
/Users/josephkamil/Desktop/Capstone/data/dataset_v2/raw/squat_front/Front squat- heel rise.mov,squat_front,Front squat- heel rise.mov,39.16,squat_front,,yes,,non_olympic,squat_front_sha_cc8a6dd5b7179fd4,train,cc8a6dd5b7179fd470233cc7f0b513c056debc4ee32927d582811357178ce501,1.0,cc8a6dd5b7179fd470233cc7f0b513c056debc4ee32927d582811357178ce501,915,712,0.7781420765027323,712.0,0.3932584226131439,0.0028129394631832,0.9620253443717957,0.959269642829895,74.0,0.9732770919799804,0.9845288395881652,1.42289137840271,0.0164986811578273,2.6823580265045166,0.011853190138936,175.4803924560547,174.76785278320312,152.55975341796875,153.32969665527344,134.21023559570312,143.60972595214844,131.76348876953125,164.8818359375,135.47613525390625,160.42501831054688,177.4865264892578,177.92420959472656,146.2913818359375,158.1840362548828,142.8656463623047,149.29176330566406,142.45260620117188,165.91958618164062,145.76516723632812,134.95143127441406,101.78156280517578,70.07362365722656,43.67353057861328,45.290340423583984,37.20750045776367,34.02583694458008,39.8179931640625,49.48704528808594,33.99964141845703,87.30553436279297,1.176658272743225,1.904672384262085,14.612385749816896,5.732304573059082,9.285921096801758,7.466788291931152,7.980573654174805,5.932401657104492,7.870163440704346,36.21247863769531,-0.0099359136074781,0.0090724658221006,0.103799320757389,0.1000141873955726,0.1158751100301742,0.0775220766663551,0.104063369333744,0.0361629053950309,0.1059139147400856,0.3094185590744018,0.0574769452214241,0.0112472549080848,0.0851466581225395,0.0787729322910308,0.1040515229105949,0.0743571370840072,0.1014366894960403,0.0388527438044548,0.0962384417653083,0.0036722822114825,0.2787652015686035,0.2471127808094024,0.293351262807846,0.3036735653877258,0.3351454436779022,0.3109146952629089,0.3332843780517578,0.2741828858852386,0.3292526006698608,0.1744305491447448,0.0828555673360824,0.0451665297150611,0.0559418760240078,0.0490243472158908,0.0505169928073883,0.0472872667014598,0.0530828684568405,0.0458759777247905,0.0534661635756492,0.3322329521179199,0.9154929518699646,0.4366197288036346,0.3802816867828369,0.1549295783042907,0.1527777761220932,0.4084506928920746,0.591549277305603,0.577464759349823,0.1408450752496719,0.1805555522441864
/Users/josephkamil/Desktop/Capstone/data/dataset_v2/raw/squat_front/Front squat- depth(1).mov,squat_front,Front squat- depth(1).mov,26.66,squat_front,,yes,,non_olympic,squat_front_sha_1350f556c0ec9ecf,train,1350f556c0ec9ecfedf3b315a20fc282ab48b8dcd1a3d859e7848cff76c1fabc,1.0,1350f556c0ec9ecfedf3b315a20fc282ab48b8dcd1a3d859e7848cff76c1fabc,622,549,0.882636655948553,549.0,0.7777777910232544,0.0,1.0,1.0,24.0,1.0,0.9908758997917176,0.5453565120697021,0.0084820315241813,1.9773489236831665,0.0100475484505295,168.9575958251953,171.85101318359375,166.59976196289062,151.46470642089844,172.76402282714844,171.6447296142578,163.3436279296875,163.3345947265625,160.52484130859375,169.26712036132812,173.478515625,178.54611206054688,171.76406860351562,159.2097625732422,170.06809997558594,164.386962890625,154.4139862060547,157.74185180664062,157.07064819335938,149.46449279785156,45.92848205566406,39.40514373779297,35.63527297973633,33.07881546020508,36.20526123046875,28.91719436645508,28.650005340576172,31.045879364013672,32.86213684082031,144.06199645996094,20.48519515991211,3.0700175762176514,1.1427630186080933,4.4787397384643555,4.416445732116699,7.59969425201416,11.617999076843262,9.963105201721191,9.646872520446776,4.957976341247559,0.2912031710147857,0.3966215550899505,0.4385524690151214,0.474440336227417,0.4391712546348572,0.4534346759319305,0.4826231300830841,0.4760580360889435,0.480090856552124,0.4473915696144104,0.2870388329029083,0.4225224256515503,0.4597232341766357,0.4954439401626587,0.4516215026378631,0.4607601463794708,0.4902657866477966,0.4780645072460174,0.4714642465114593,0.3573086857795715,0.5639299750328064,0.6480890512466431,0.6634372472763062,0.7031335234642029,0.6532564759254456,0.6635830998420715,0.6924415826797485,0.6748418211936951,0.6763197183609009,0.7306318879127502,0.1113549768924713,0.0547407418489456,0.0437730848789215,0.0487151406705379,0.041117824614048,0.043121863156557,0.0462394095957279,0.0455156899988651,0.0502089448273181,0.2723238170146942,0.6851851940155029,0.9454545378684998,1.0,1.0,0.9636363387107848,0.9272727370262146,0.8181818127632141,0.7454545497894287,0.5636363625526428,0.1272727251052856
/Users/josephkamil/Desktop/Capstone/data/dataset_v2/raw/squat_front/Front squat- correct.mov,squat_front,Front squat- correct.mov,41.11,squat_front,,yes,,non_olympic,squat_front_sha_9d16fdbff067a197,dev,9d16fdbff067a1973c9feb1fcdeb2e02029be7742a7a278194ba1464c06c2eca,1.0,9d16fdbff067a1973c9feb1fcdeb2e02029be7742a7a278194ba1464c06c2eca,958,845,0.8820459290187892,845.0,0.446153849363327,0.0023696683347225,0.8815165758132935,0.8792899250984192,56.0,0.0154028432443737,0.0,0.6783061027526855,0.0071398303844034,0.3693520426750183,0.0048448396846652,164.12490844726562,171.14065551757812,170.91748046875,137.62318420410156,172.2011260986328,143.01321411132812,127.92850494384766,155.44842529296875,153.7481231689453,152.2690887451172,164.68434143066406,178.04556274414062,178.265625,136.2371368408203,170.3580322265625,135.34957885742188,118.80611419677734,150.1803436279297,147.0576934814453,140.967041015625,41.01115798950195,31.287240982055664,33.84693908691406,31.752065658569336,25.152328491210938,27.409822463989254,32.38665008544922,27.06480598449707,34.761566162109375,150.91282653808594,30.215463638305664,4.401255130767822,3.783471584320069,15.051945686340332,4.963984966278076,17.454816818237305,20.60214614868164,11.549519538879396,13.038469314575195,1.0966241359710691,0.2996153831481933,0.2854157984256744,0.2846399545669555,0.3962848782539367,0.3086488842964172,0.4082143306732178,0.4347803592681885,0.3637390732765198,0.3756602704524994,0.6344273090362549,0.2865208089351654,0.2947643399238586,0.2925125956535339,0.3935262262821197,0.3044726848602295,0.3954539000988006,0.4306814670562744,0.3566902577877044,0.3601558804512024,0.109596811234951,0.4858789443969726,0.4993521273136139,0.4925791025161743,0.5732852816581726,0.512894868850708,0.5723742246627808,0.5982117652893066,0.5479047894477844,0.546662449836731,0.6421739459037781,0.070981465280056,0.0369377918541431,0.0339138284325599,0.043570652604103,0.0370684675872325,0.04346938803792,0.0485964678227901,0.0405899062752723,0.0488183796405792,0.5298894047737122,0.5357142686843872,0.9058823585510254,0.9166666865348816,0.3294117748737335,0.5833333134651184,0.1647058874368667,0.488095223903656,0.3764705955982208,0.1666666716337204,0.0
/Users/josephkamil/Desktop/Capstone/data/dataset_v2/raw/squat_front/yt_003.mp4,squat_front,yt_003.mp4,37.48,squat_front,,yes,,non_olympic,squat_front_sha_d830364e7e9b564c,train,d830364e7e9b564cf35d95992e70eddf0ef005645257dbea59bd5838c10cdea0,1.0,d830364e7e9b564cf35d95992e70eddf0ef005645257dbea59bd5838c10cdea0,15579,15218,0.9768277809872264,15218.0,0.3425548672676086,0.0450154431164264,0.9862653613090516,0.9412537813186646,128.0,0.3510547280311584,0.0450811609625816,0.7285242080688477,0.0047412421554327,1.2455756664276123,0.0015750630991533,175.39007568359375,178.18690490722656,178.03868103027344,100.20230102539062,159.41665649414062,144.62074279785156,167.9393768310547,162.353759765625,169.54122924804688,169.78273010253906,174.70236206054688,178.14039611816406,174.76272583007812,120.49230194091795,159.10733032226562,145.720947265625,162.88504028320312,159.982421875,169.6600341796875,172.67864990234375,110.95085144042967,25.45008087158203,34.86676788330078,42.157997131347656,17.348159790039062,112.52276611328124,120.11676788330078,41.57004165649414,104.57471466064452,43.86712646484375,1.5293867588043213,0.8323392271995544,3.5227949619293213,28.92288589477539,5.35859489440918,1.620721697807312,1.1048587560653689,5.101363182067871,3.281123638153076,1.9877171516418457,0.8668968677520752,0.292994737625122,0.3173168301582336,0.5047187209129333,0.3050689995288849,0.5359591245651245,0.5020710825920105,0.4122006595134735,0.4194332063198089,0.36787149310112,0.5073095560073853,0.3199423551559448,0.3311278223991394,0.4638210833072662,0.3083083927631378,0.3692915141582489,0.3217809498310089,0.320745587348938,0.2719621956348419,0.2741498649120331,1.0679553747177124,0.630904495716095,0.6524825096130371,0.6381182074546814,0.5515012145042419,0.5949413180351257,0.5531917214393616,0.5487096905708313,0.5216245651245117,0.5161902904510498,0.3653428554534912,0.0496433489024639,0.0675230622291565,0.0750404968857765,0.0413610823452472,0.1680669784545898,0.1825517863035202,0.0985459685325622,0.1532545834779739,0.0985211357474327,0.0703484565019607,0.770039439201355,0.8180026412010193,0.7884362936019897,0.8488830327987671,0.0269559491425752,0.0295663606375455,0.037450723350048,0.0111695136874914,0.0243101175874471
/Users/josephkamil/Desktop/Capstone/data/dataset_v2/raw/squat_front/Front squat- forward lean.mov,squat_front,Front squat- forward lean.mov,36.67,squat_front,,yes,,non_olympic,squat_front_sha_2f82882131728736,dev,2f8288213172873699e6ac74b50cad28467b897aa5d8dd30d94aa46df8e504ea,1.0,2f8288213172873699e6ac74b50cad28467b897aa5d8dd30d94aa46df8e504ea,850,741,0.8717647058823529,741.0,0.3468286097049713,0.0108108110725879,0.9391891956329346,0.928475022315979,50.0,0.9486486315727234,0.9432432651519777,0.9552240371704102,0.0084701599553227,1.548222303390503,0.0094869071617722,172.03892517089844,162.18637084960938,162.87777709960938,163.82627868652344,170.34190368652344,167.83892822265625,162.47366333007812,161.7093048095703,174.18084716796875,145.39596557617188,177.1790008544922,155.3876953125,155.43472290039062,147.8667449951172,159.8739776611328,160.00291442871094,146.41355895996094,143.92222595214844,167.57537841796875,138.3221435546875,27.252342224121097,27.056947708129883,27.960128784179688,32.124149322509766,28.92064094543457,32.6601448059082,30.432485580444336,34.895286560058594,68.7092514038086,160.1459197998047,2.0452065467834473,14.441922187805176,15.89016819000244,20.608776092529297,14.091869354248049,12.589802742004396,21.50351905822754,24.926456451416016,8.356751441955566,16.57455825805664,0.3090675771236419,0.4882859885692596,0.4881417155265808,0.5151067972183228,0.4772095084190368,0.4772234261035919,0.5146468281745911,0.534580409526825,0.4769002497196197,0.7823933362960815,0.3129526078701019,0.4741874933242798,0.473791629076004,0.4942412078380584,0.4640215933322906,0.4682100713253021,0.4954452514648437,0.5118308663368225,0.4223141968250274,0.1917837709188461,0.620406985282898,0.6490781903266907,0.6430357098579407,0.65145343542099,0.6400186419487,0.645346999168396,0.6536816954612732,0.6579627990722656,0.6335271596908569,0.6845730543136597,0.0671494528651237,0.0408233739435672,0.0388564020395278,0.0461970716714859,0.0360047519207,0.0374686457216739,0.0409319065511226,0.0429078601300716,0.0682802647352218,0.6064361333847046,0.6216216087341309,0.4054054021835327,0.4594594538211822,0.3648648560047149,0.3783783912658691,0.5,0.3648648560047149,0.1621621549129486,0.2027027010917663,0.0133333336561918
/Users/josephkamil/Desktop/Capstone/data/dataset_v2/raw/squat_front/Front squats- bar drift.mov,squat_front,Front squats- bar drift.mov,46.81,squat_front,,yes,,non_olympic,squat_front_sha_b1569cf660f47692,train,b1569cf660f47692965cd2a6e22340d4dc0d262629a876f1acbc4225eb7b7d91,1.0,b1569cf660f47692965cd2a6e22340d4dc0d262629a876f1acbc4225eb7b7d91,1095,961,0.8776255707762557,961.0,0.4151925146579742,0.0666666701436042,0.9947916865348816,0.9281997680664062,24.0,0.9885416626930236,0.9916666746139526,0.6503552794456482,0.0103406477719545,2.499950170516968,0.0092513049021363,128.06600952148438,167.17933654785156,152.6971435546875,142.4186248779297,170.89064025878906,137.82310485839844,155.0836639404297,146.92208862304688,137.65269470214844,163.23423767089844,129.50538635253906,166.29612731933594,142.37078857421875,128.9851837158203,169.49000549316406,133.17039489746094,155.8272247314453,141.44815063476562,131.87628173828125,152.13226318359375,129.15988159179688,41.30926132202149,42.61331558227539,36.72404861450195,45.07590866088867,36.972415924072266,47.325931549072266,43.85986328125,42.86814498901367,99.33618927001952,120.31463623046876,8.407371520996094,18.041221618652344,24.813980102539062,5.329908847808838,18.40897750854492,8.272904396057129,15.513320922851562,19.128084182739254,11.9611177444458,0.5721806883811951,0.1433461904525756,0.2270940989255905,0.2852477729320526,0.12543286383152,0.263290137052536,0.1746240854263305,0.2260917276144027,0.2793554961681366,0.2554555833339691,0.3623561561107635,0.1470735520124435,0.217152401804924,0.2580262124538421,0.143899992108345,0.2559472620487213,0.1921001225709915,0.2284394055604934,0.2612243592739105,0.2681996822357178,0.1975032687187194,0.3738124668598175,0.4109676778316498,0.4336093962192535,0.3799986839294433,0.4493926763534546,0.4118020236492157,0.4309911727905273,0.4542357623577118,0.6511179804801941,0.2354152053594589,0.0521824955940246,0.0633106529712677,0.065837413072586,0.0551492609083652,0.0560256652534008,0.0597484819591045,0.0584081262350082,0.0627461522817611,0.2711760997772217,0.3333333432674408,0.6875,0.3958333432674408,0.1770833283662796,0.7395833134651184,0.2604166567325592,0.59375,0.4895833432674408,0.2395833283662796,0.2371134012937545
/Users/josephkamil/Desktop/Capstone/data/dataset_v2/raw/squat_front/Front squat- elbow drop.mov,squat_front,Front squat- elbow drop.mov,53.8,squat_front,,yes,,non_olympic,squat_front_sha_388cd9a9a8616d9e,train,388cd9a9a8616d9e317d134e84f85ba9b3c4fb109482df696b663efb60aeeb4a,1.0,388cd9a9a8616d9e317d134e84f85ba9b3c4fb109482df696b663efb60aeeb4a,1256,1197,0.9530254777070064,1197.0,0.4870509505271911,0.0008361203945241,0.9005016684532166,0.8997493982315063,46.0,0.0058528427034616,0.0033444815780967,0.6654326319694519,0.0079066855832934,0.9370256662368774,0.0060374219901859,158.93040466308594,149.78958129882812,151.40188598632812,160.17352294921875,174.16168212890625,155.0807342529297,160.09446716308594,173.12515258789062,152.90171813964844,162.43124389648438,155.86376953125,150.66696166992188,149.74212646484375,155.50762939453125,174.59414672851562,152.4356231689453,157.7806396484375,173.96412658691406,153.54644775390625,160.46060180664062,40.69953918457031,28.768171310424805,27.83983612060547,39.14237594604492,29.16220474243164,32.918941497802734,33.83066940307617,29.80727195739746,32.33949279785156,136.75958251953125,35.44339370727539,12.77371597290039,17.308015823364258,14.844003677368164,4.19432258605957,11.995842933654783,11.99860382080078,4.4702301025390625,12.86332893371582,2.3840622901916504,0.388378232717514,0.5536500215530396,0.5592676997184753,0.5316571593284607,0.4668181538581848,0.5306267142295837,0.5238549709320068,0.4679523408412933,0.5384223461151123,0.7554498910903931,0.3858317732810974,0.5287238359451294,0.5322011113166809,0.5183443427085876,0.4703179001808166,0.5242693424224854,0.5134690999984741,0.4722607433795929,0.5256079435348511,0.2765803933143616,0.509695827960968,0.7110341191291809,0.7012093663215637,0.6915829181671143,0.6687721610069275,0.7070320844650269,0.6925601363182068,0.6712830662727356,0.7041000723838806,0.7529429197311401,0.0824795737862587,0.0459965318441391,0.048315230756998,0.0487071685492992,0.0358287319540977,0.0454871505498886,0.0476096831262111,0.0387627445161342,0.0472521930932998,0.4863310158252716,0.7899159789085388,0.2416666597127914,0.116666667163372,0.4873949587345123,0.8166666626930237,0.550000011920929,0.6218487620353699,0.7416666746139526,0.5,0.0083333337679505
/Users/josephkamil/Desktop/Capstone/data/dataset_v2/raw/squat_front/Front squat- knee valgus.mov,squat_front,Front squat- knee valgus.mov,32.68,squat_front,,yes,,non_olympic,squat_front_sha_2febb302fcea8623,train,2febb302fcea8623830d0e747d78419a3f47bd6496a71735f50edaaa7e739663,1.0,2febb302fcea8623830d0e747d78419a3f47bd6496a71735f50edaaa7e739663,761,700,0.9198423127463864,700.0,0.4057142734527588,0.0,0.9370529055595398,0.937142848968506,63.0,0.0143061513081192,0.0185979977250099,0.7298049926757812,0.0096062803640961,1.5525262355804443,0.0097017996013164,161.4808807373047,170.9051055908203,142.5104522705078,173.5916748046875,139.32052612304688,157.34457397460938,159.62469482421875,143.070068359375,175.88226318359375,142.4344940185547,159.14723205566406,178.69955444335938,146.07345581054688,177.29388427734375,146.3671875,163.4598846435547,162.91970825195312,152.32798767089844,175.7151641845703,131.11949157714844,27.572330474853516,33.97397232055664,33.508426666259766,35.731727600097656,24.788249969482425,26.26101303100586,27.4497127532959,32.95657730102539,65.89044189453125,141.84507751464844,36.859527587890625,1.7487497329711914,10.516392707824709,1.3925011157989502,8.879618644714355,4.421154499053955,6.207783222198486,6.740262985229492,2.373905658721924,27.724849700927734,0.2793606221675873,0.4457010626792907,0.5360912680625916,0.4362823367118835,0.5469668507575989,0.4908502995967865,0.489792913198471,0.5217466354370117,0.4606894850730896,0.8061445951461792,0.2867811620235443,0.4315133988857269,0.5319552421569824,0.4438522160053253,0.5347608327865601,0.4870343208312988,0.4837450385093689,0.5250656008720398,0.398182213306427,0.1821504384279251,0.4652021825313568,0.6441192626953125,0.7231811285018921,0.6386393308639526,0.7317100167274475,0.6839892268180847,0.6786853671073914,0.721912682056427,0.639717698097229,0.6653966903686523,0.1029940247535705,0.0417427867650985,0.0469361245632171,0.0372009426355361,0.045932974666357,0.0398613139986991,0.0373205989599227,0.0449999794363975,0.0783286541700363,0.6402100324630737,0.7428571581840515,0.2857142984867096,0.4285714328289032,0.7857142686843872,0.2285714298486709,0.4142857193946838,0.4142857193946838,0.5714285969734192,0.1428571492433548,0.0428571440279483
/Users/josephkamil/Desktop/Capstone/Oly_Data/raw/overhead_squat/OverHeadSquat2.mov,overhead_squat,OverHeadSquat2.mov,13.27,overhead_squat,,yes,,non_olympic,overhead_squat_sha_466e187238d12dc7,train,466e187238d12dc78d56d82032c880e62caffde6809a479fc1ea6478dbeee61d,1.0,466e187238d12dc78d56d82032c880e62caffde6809a479fc1ea6478dbeee61d,409,409,1.0,409.0,1.0,0.0,1.0,1.0,0.0,0.3823529481887817,0.3480392098426819,0.0219427943229675,0.0019158498616889,0.0207994282245636,0.001267067505978,130.16055297851562,127.97776794433594,98.32360076904295,36.199893951416016,118.50833892822266,156.60702514648438,147.07484436035156,93.09294891357422,82.10957336425781,122.09818267822266,141.51235961914062,139.47174072265625,96.93292999267578,48.77268600463867,122.17121124267578,166.75021362304688,159.16363525390625,70.43478393554688,73.03939819335938,125.96749877929688,165.248779296875,165.58578491210938,167.9608917236328,173.4765625,168.54025268554688,169.19984436035156,175.41246032714844,174.299072265625,174.5254364013672,169.69395446777344,19.22646141052246,19.418136596679688,27.234195709228516,33.28572082519531,26.30504989624023,14.907844543457031,16.638967514038086,28.165252685546875,31.86526679992676,21.387542724609375,0.2603686153888702,0.2610750198364258,0.2890052199363708,0.344624400138855,0.2454782128334045,0.2087396085262298,0.2192426025867462,0.3061276972293854,0.3033697307109833,0.2546032965183258,0.343911737203598,0.3449472188949585,0.3743225336074829,0.4264562726020813,0.3382479846477508,0.3061963319778442,0.3126926720142364,0.3874101638793945,0.3890674710273742,0.343536227941513,0.4851863980293274,0.4857036173343658,0.5052834749221802,0.5494096279144287,0.4752571284770965,0.4534376561641693,0.4542989134788513,0.5108829140663147,0.5104426145553589,0.4786148965358734,0.0863509550690651,0.0867911130189895,0.0893861800432205,0.0833139866590499,0.0930530205368995,0.0994579419493675,0.1032339334487915,0.0879029780626297,0.0923990905284881,0.0951078087091445,1.0,1.0,1.0,1.0,1.0,1.0,1.0,1.0,1.0,1.0
/Users/josephkamil/Desktop/Capstone/Oly_Data/raw/overhead_squat/overhead_squat_crossfit_01.mov,overhead_squat,overhead_squat_crossfit_01.mov,63.42,overhead_squat,,yes,,non_olympic,overhead_squat_sha_9ba43bfe41627c27,test,9ba43bfe41627c2715ca14c3525f74cccc43bebe85e195db1c15ea26773f5692,1.0,9ba43bfe41627c2715ca14c3525f74cccc43bebe85e195db1c15ea26773f5692,2678,2448,0.9141150112023898,2448.0,0.9808006286621094,0.0,0.99959135055542,0.9995915293693542,23.0,0.9644462466239928,0.9644462466239928,0.1050029397010803,0.0030819259118288,0.0493173599243164,0.0015887260669842,147.27659606933594,140.96493530273438,133.40567016601562,153.71340942382812,133.7368927001953,131.37693786621094,137.01559448242188,145.15379333496094,150.4363250732422,157.46719360351562,149.38047790527344,140.92774963378906,135.00390625,155.8885040283203,136.3721466064453,132.27630615234375,136.48719787597656,144.14076232910156,149.13287353515625,152.94984436035156,176.20425415039062,170.3638458251953,170.9793243408203,175.48619079589844,175.6566925048828,149.24656677246094,130.10775756835938,132.17640686035156,173.13442993164062,171.9002227783203,5.604686260223389,0.6725313067436218,0.6417253613471985,4.805050373077393,7.135924816131592,11.010854721069336,11.484637260437012,8.942241668701172,4.216419219970703,2.548574209213257,0.2952650785446167,0.2587875127792358,0.2770870923995971,0.2807445228099823,0.3220101594924927,0.359299749135971,0.376980572938919,0.3322886526584625,0.3140592873096466,0.2744911611080169,0.4172849953174591,0.3831446468830108,0.4000590145587921,0.4032620787620544,0.4421450793743133,0.4293233454227447,0.419473648071289,0.4050248265266418,0.43216273188591,0.3920289874076843,0.5748381018638611,0.5551918745040894,0.5697594285011292,0.5636599063873291,0.5932490229606628,0.5791479349136353,0.5680772662162781,0.5595887303352356,0.5845986008644104,0.5547247529029846,0.1224436834454536,0.1243624910712242,0.1230908781290054,0.1227690726518631,0.1205010414123535,0.0720497369766235,0.0471862703561782,0.0732918232679367,0.1186326891183853,0.118511714041233,1.0,1.0,1.0,1.0,1.0,0.9631147384643556,0.8571428656578064,0.9918367266654968,1.0,0.9959183931350708
/Users/josephkamil/Desktop/Capstone/data/dataset_v2/raw/overhead_squat/overhead_squat_good_01.mov,overhead_squat,overhead_squat_good_01.mov,23.75,overhead_squat,,yes,,non_olympic,overhead_squat_sha_f2c109a8d90d297a,train,f2c109a8d90d297a5eada2d7a8ff00283c1f1c47d3cf961c3ca2882b3c892a36,1.0,f2c109a8d90d297a5eada2d7a8ff00283c1f1c47d3cf961c3ca2882b3c892a36,722,722,1.0,722.0,1.0,0.0,1.0,1.0,0.0,0.1872399449348449,0.4549237191677093,0.0217374563217163,0.0022578367497771,0.0218012928962707,0.0014989977935329,172.8809051513672,135.7900390625,163.60858154296875,141.50161743164062,133.6688690185547,173.16444396972656,172.76004028320312,172.92752075195312,172.09356689453125,171.54661560058594,176.14556884765625,146.21636962890625,167.421630859375,146.31488037109375,137.67800903320312,176.528076171875,176.28265380859375,176.346923828125,176.29095458984375,176.07785034179688,168.615234375,163.1267852783203,168.36097717285156,161.51910400390625,162.1737060546875,169.54885864257812,169.1922149658203,168.566162109375,167.98837280273438,168.09774780273438,0.1929491758346557,5.723478317260742,3.1755547523498535,5.785044193267822,7.06903600692749,0.1751482188701629,0.1749105155467987,0.1785470992326736,0.1764504760503769,0.1966493129730224,0.3115107715129852,0.4343981742858886,0.3551167845726013,0.4313801229000091,0.44693723320961,0.3050810098648071,0.3055193424224853,0.306837797164917,0.3066272735595703,0.3057926297187805,0.4478717446327209,0.5431315302848816,0.4719863533973694,0.5371860861778259,0.551732063293457,0.4468074440956116,0.4472988843917846,0.4479265213012695,0.4485888481140136,0.4488233923912048,0.664047122001648,0.7462320923805237,0.6865198612213135,0.7408323287963867,0.7520415186882019,0.6628157496452332,0.662613570690155,0.6630887985229492,0.6636807918548584,0.6635638475418091,0.1363681554794311,0.108929619193077,0.1169653609395027,0.1059291064739227,0.1048994064331054,0.1417276263236999,0.1417805105447769,0.1410894691944122,0.1419617831707,0.1430307477712631,1.0,1.0,1.0,1.0,1.0,1.0,1.0,1.0,1.0,1.0
/Users/josephkamil/Desktop/Capstone/data/dataset_v2/raw/overhead_squat/OverheadSquat- correct4.mov,overhead_squat,OverheadSquat- correct4.mov,88.35,overhead_squat,,yes,,non_olympic,overhead_squat_sha_af12257e55589eb4,train,af12257e55589eb48f87e52dda701969a1b2cf502aa78fb08c186c04643ee791,1.0,af12257e55589eb48f87e52dda701969a1b2cf502aa78fb08c186c04643ee791,1445,1194,0.8262975778546713,1194.0,0.9162479043006896,0.0,1.0,1.0,12.0,0.0586756095290184,0.010058675892651,0.7824105024337769,0.0093739870935678,0.2287907302379608,0.0037709353491663,161.67678833007812,166.19027709960938,161.72377014160156,171.2828369140625,167.5463409423828,162.79615783691406,168.39520263671875,175.7747344970703,158.34706115722656,170.36312866210938,174.6525421142578,171.3722381591797,168.2654571533203,174.3198699951172,170.02587890625,168.52101135253906,171.68014526367188,176.95042419433594,164.96678161621094,169.03610229492188,153.11257934570312,131.5829620361328,125.42467498779295,118.59680938720705,125.4385223388672,143.93399047851562,115.46607971191406,91.83557891845705,152.5983123779297,89.44440460205078,102.3114242553711,1.3702492713928225,1.880727171897888,1.2695720195770264,1.616735577583313,1.584751844406128,1.1365220546722412,0.7245400547981262,2.509963274002075,5.576589107513428,0.4476037621498108,0.0652761906385421,0.0927732288837432,0.052737433463335,0.058924164623022,0.0724383890628814,0.0706574544310569,0.0402537696063518,0.0994252264499664,0.1327263861894607,0.3540785014629364,0.1995327770709991,0.223865196108818,0.1559300869703292,0.1723596900701522,0.2212041467428207,0.1807875335216522,0.1366050094366073,0.2441990673542022,0.1450292617082595,0.322544515132904,0.5017474293708801,0.5161193013191223,0.4555485248565674,0.4663030803203583,0.5190895199775696,0.4750689268112182,0.4392028748989105,0.5353766083717346,0.4389925599098205,0.1529875844717025,0.1347040235996246,0.1320617049932479,0.1062057167291641,0.1138137653470039,0.1491890698671341,0.1107377856969833,0.0969278439879417,0.1453854739665985,0.0501482561230659,0.4453781545162201,1.0,1.0,0.9663865566253662,1.0,1.0,1.0,1.0,1.0,0.75
/Users/josephkamil/Desktop/Capstone/data/dataset_v2/raw/overhead_squat/OverheadSquats- correct3.mov,overhead_squat,OverheadSquats- correct3.mov,94.33,overhead_squat,,yes,,non_olympic,overhead_squat_sha_b143735771d0b7a3,train,b143735771d0b7a39609c227b3533374ae60ec10a5007962bedca4e5022e00e8,1.0,b143735771d0b7a39609c227b3533374ae60ec10a5007962bedca4e5022e00e8,1531,1531,1.0,1531.0,0.9725669622421264,0.0,0.9928104281425476,0.9928151369094848,5.0,0.9379084706306458,0.9385620951652528,0.1075577437877655,0.0050121517851948,0.0408575534820556,0.0008960901759564,171.27853393554688,116.85928344726562,170.6907196044922,160.24928283691406,143.1886749267578,92.99300384521484,75.94837951660156,97.59153747558594,164.01873779296875,139.7096405029297,169.71417236328125,118.94313049316406,169.0836944580078,157.6411590576172,143.20843505859375,96.58892822265624,79.45635223388672,101.2135772705078,163.04347229003906,140.76254272460938,174.8391571044922,173.83168029785156,173.98873901367188,173.9252471923828,175.4474639892578,175.2880859375,178.20396423339844,177.88327026367188,175.61273193359375,173.98411560058594,3.234426736831665,8.731998443603516,4.624706268310547,7.362649917602539,8.928680419921875,11.220017433166504,13.383500099182127,13.722078323364258,5.26112174987793,6.696763038635254,0.2042076289653778,0.318865567445755,0.1961660981178283,0.241955429315567,0.3088503181934356,0.379252552986145,0.4210588037967682,0.3757406175136566,0.2857983410358429,0.3086847960948944,0.334224134683609,0.4436570703983307,0.3263657987117767,0.3700055778026581,0.411796510219574,0.4961996674537658,0.5295488238334656,0.5041967630386353,0.35366952419281,0.4038755297660827,0.5482893586158752,0.6354031562805176,0.5475134253501892,0.5705009698867798,0.6055842638015747,0.6755633354187012,0.7028849124908447,0.6781795620918274,0.5588223934173584,0.6000954508781433,0.1301039904356002,0.1250257790088653,0.1308866739273071,0.1282496303319931,0.1031490638852119,0.1171726137399673,0.1087141335010528,0.1285064816474914,0.0768160447478294,0.1175822988152504,1.0,1.0,1.0,1.0,1.0,1.0,1.0,1.0,0.7973856329917908,0.9285714030265808
/Users/josephkamil/Desktop/Capstone/data/dataset_v2/raw/overhead_squat/OverheadSquat- correct5.mov,overhead_squat,OverheadSquat- correct5.mov,95.69,overhead_squat,,yes,,non_olympic,overhead_squat_sha_dd29adb85f11f4b7,dev,dd29adb85f11f4b72597f53384934f4c1e045f5db4a1b40ea313be8babd61887,1.0,dd29adb85f11f4b72597f53384934f4c1e045f5db4a1b40ea313be8babd61887,1291,1291,1.0,1291.0,0.9620449542999268,0.0,1.0,1.0,24.0,0.3852713108062744,0.3852713108062744,0.3213415145874023,0.0118225133046507,0.1140508651733398,0.005742403678596,172.8717803955078,154.87982177734375,112.34593200683594,119.21228790283205,124.38427734375,130.0502471923828,131.4495391845703,132.4791259765625,132.0231170654297,130.5512237548828,178.5732879638672,159.39642333984375,126.43975067138672,133.44268798828125,137.90567016601562,142.06558227539062,143.07591247558594,142.40760803222656,141.97964477539062,139.92051696777344,171.3344268798828,152.22933959960938,146.1668243408203,166.1545867919922,138.58729553222656,161.0772705078125,162.18801879882812,140.76451110839844,134.44261169433594,141.27139282226562,1.0430792570114136,3.2856574058532715,7.835044384002685,7.668445110321045,7.866059303283691,7.583408832550049,6.777425289154053,7.016044616699219,7.451694965362549,7.398276805877685,0.1592877954244613,0.1298468261957168,0.2103709429502487,0.1919832229614257,0.1908432990312576,0.1496804356575012,0.1356243789196014,0.1391593962907791,0.1511044204235077,0.1733374148607254,0.3624631762504577,0.2641787827014923,0.3853324651718139,0.3752932846546173,0.3849402666091919,0.3219285905361175,0.2928042113780975,0.2820267677307129,0.2844069600105285,0.2897005081176758,0.676581084728241,0.5710568428039551,0.6933748126029968,0.6819079518318176,0.6972256302833557,0.6312235593795776,0.5974121689796448,0.5788899660110474,0.5816776752471924,0.5888144969940186,0.2043536603450775,0.1345628201961517,0.1761054247617721,0.1834366470575332,0.1942674815654754,0.1724082827568054,0.1574386209249496,0.1459586024284362,0.1422937363386154,0.1590206176042556,0.961240291595459,1.0,0.9844961166381836,1.0,1.0,1.0,1.0,0.9534883499145508,0.8992248177528381,0.8230769038200378
/Users/josephkamil/Desktop/Capstone/data/dataset_v2/raw/push_press/shoulder press_18.mp4,push_press,shoulder press_18.mp4,0.69,push_press,,yes,,non_olympic,push_press_sha_5947a6534418a9dc,train,5947a6534418a9dc099b0eab3453289f1a7fca37bd129d93fc03366bc0a35e59,1.0,5947a6534418a9dc099b0eab3453289f1a7fca37bd129d93fc03366bc0a35e59,233,233,1.0,233.0,1.0,0.0,1.0,1.0,0.0,0.517241358757019,0.9698275923728944,0.0433488190174102,0.0117763755843043,0.0172247886657714,0.003339007962495,178.88710021972656,178.95767211914062,178.3072509765625,179.21630859375,179.10623168945312,177.8597412109375,179.21630859375,179.33518981933594,178.8130340576172,179.2462921142578,177.9837646484375,178.28363037109375,178.94972229003906,177.4859161376953,177.67710876464844,178.6764373779297,178.1245574951172,177.68421936035156,178.85574340820312,177.8037872314453,51.82046127319336,132.48056030273438,154.9542694091797,71.28545379638672,95.36753845214844,169.99134826660156,104.38890838623048,66.18938446044922,156.7182159423828,100.22737884521484,0.2320992648601532,0.6018723249435425,1.03424870967865,0.8197337985038757,0.5795965194702148,0.6269289255142212,0.6124943494796753,0.5785173177719116,0.8136207461357117,0.9474056363105774,0.5759823322296143,0.285497099161148,0.1882549971342086,0.4961707890033722,0.4176092445850372,0.1438528299331665,0.3800446093082428,0.5239577889442444,0.1688665598630905,0.3740517199039459,0.76073157787323,0.7369058728218079,0.7254132032394409,0.7604487538337708,0.7521114945411682,0.7183963060379028,0.7488077282905579,0.7616731524467468,0.7336201667785645,0.7503330707550049,1.4156341552734375,1.378608226776123,1.3671603202819824,1.4479069709777832,1.4132181406021118,1.3512779474258425,1.4321664571762085,1.4370965957641602,1.3726060390472412,1.4258928298950195,0.1847645789384842,0.4514234066009521,0.5371608138084412,0.2643013298511505,0.3345077335834503,0.5745483636856079,0.3687856495380401,0.2377496808767318,0.5648172497749329,0.376347929239273,1.0,1.0,1.0,1.0,1.0,1.0,1.0,1.0,1.0,1.0
/Users/josephkamil/Desktop/Capstone/data/dataset_v2/raw/push_press/shoulder press_5.mp4,push_press,shoulder press_5.mp4,8.22,push_press,,yes,,non_olympic,push_press_sha_3678ac4a229a5b27,train,3678ac4a229a5b27ee71cc4604efbdaa6ac86822d049ef188691f5fa5f64f3a2,1.0,3678ac4a229a5b27ee71cc4604efbdaa6ac86822d049ef188691f5fa5f64f3a2,292,292,1.0,292.0,0.9109588861465454,0.01374570466578,1.0,0.9863013625144958,7.0,0.7525773048400879,0.7525773048400879,0.0385950058698654,0.0074411951936781,0.0064591765403747,0.0009823369327932,127.74494934082033,131.39381408691406,127.81877136230467,135.30728149414062,126.32102966308594,133.12095642089844,133.03024291992188,123.94159698486328,132.39088439941406,130.87071228027344,149.5152587890625,150.2826690673828,147.32852172851562,153.20437622070312,144.07876586914062,152.48184204101562,151.12191772460938,141.8523712158203,151.0452880859375,149.04122924804688,15.367528915405272,169.89840698242188,80.51002502441406,8.673882484436035,167.544921875,49.60136413574219,60.12302017211914,148.47276306152344,12.637962341308594,159.76498413085938,10.364422798156738,10.291680335998535,10.18889331817627,10.505328178405762,9.688272476196287,10.487112998962402,10.51384162902832,10.523839950561523,11.398011207580566,10.425302505493164,0.3423400521278381,0.1053470596671104,0.246253028512001,0.3492949604988098,0.1053878813982009,0.2987175583839416,0.279369592666626,0.1526128649711609,0.3438178300857544,0.1207879111170768,0.3627258539199829,0.3506304323673248,0.3686113655567169,0.3624131381511688,0.351331353187561,0.3725062608718872,0.366380363702774,0.3633049130439758,0.3674615621566772,0.3567721545696258,0.6108702421188354,0.6324203014373779,0.6418448686599731,0.6232799887657166,0.6379963159561157,0.6381365656852722,0.6284688711166382,0.6448523998260498,0.6275397539138794,0.6324895024299622,0.0323884710669517,0.2458785027265548,0.1234486922621727,0.0255901049822568,0.2465793490409851,0.0776373073458671,0.0931321159005165,0.2112203240394592,0.032809630036354,0.2367715686559677,0.4827586114406585,1.0,1.0,0.6896551847457886,1.0,1.0,1.0,1.0,0.931034505367279,1.0
/Users/josephkamil/Desktop/Capstone/data/dataset_v2/raw/push_press/shoulder press_17.mp4,push_press,shoulder press_17.mp4,7.37,push_press,,yes,,non_olympic,push_press_sha_d90a89c0411b4b15,train,d90a89c0411b4b15849b4a89842fc181b4a0ea69faeda48a96fe733ca0363c79,1.0,d90a89c0411b4b15849b4a89842fc181b4a0ea69faeda48a96fe733ca0363c79,249,249,1.0,249.0,0.9196786880493164,0.0,1.0,1.0,8.0,0.5967742204666138,0.8870967626571655,0.0595670938491821,0.0105853993445634,0.0048296451568603,0.0006788637256249,175.9364013671875,142.6597900390625,128.5277862548828,164.15029907226562,173.0041961669922,145.04547119140625,151.48545837402344,167.2269744873047,149.14210510253906,147.17164611816406,175.877197265625,162.5699005126953,148.67042541503906,175.8019561767578,175.32582092285156,164.23226928710938,168.26528930664062,178.5718994140625,164.91673278808594,164.29029846191406,34.89454650878906,154.37684631347656,166.4788818359375,61.75614929199219,63.30719375610352,145.66844177246094,109.38107299804688,61.284786224365234,122.96443176269533,108.426025390625,7.0040717124938965,5.969766139984131,5.658493518829346,6.955686569213867,7.511169910430908,6.5360107421875,6.634089469909668,7.511782169342041,7.018129825592041,6.460031032562256,0.5190319418907166,0.2529680132865906,0.2306729108095169,0.4564637243747711,0.5548616647720337,0.2632756233215332,0.3436285853385925,0.566268265247345,0.3135758936405182,0.341432124376297,0.5600478649139404,0.5434566736221313,0.5447373390197754,0.5608086585998535,0.5684933066368103,0.5450295805931091,0.5531657934188843,0.5716667771339417,0.5502223372459412,0.5541969537734985,0.901447296142578,0.9094786643981934,0.918947458267212,0.9001347422599792,0.8966206312179565,0.9064854383468628,0.9140949845314026,0.9064794778823853,0.9082608819007874,0.914109706878662,0.044998675584793,0.2910759449005127,0.3146162331104278,0.1058196648955345,0.0312650762498378,0.2823774814605713,0.2105744332075119,0.0269052386283874,0.2376503348350525,0.2135038375854492,0.75,1.0,1.0,1.0,0.800000011920929,1.0,1.0,0.6399999856948853,1.0,1.0
/Users/josephkamil/Desktop/Capstone/data/dataset_v2/raw/push_press/shoulder press_8.mp4,push_press,shoulder press_8.mp4,3.41,push_press,,yes,,non_olympic,push_press_sha_7eacdfa8e3f9d8b1,train,7eacdfa8e3f9d8b116cbcaa46a32dc15ad99f15c8df37f7ce4d170003c51a029,1.0,7eacdfa8e3f9d8b116cbcaa46a32dc15ad99f15c8df37f7ce4d170003c51a029,118,118,1.0,118.0,0.5677965879440308,0.1452991515398025,0.9145299196243286,0.7711864113807678,4.0,0.0598290599882602,0.0598290599882602,0.0565545856952667,0.0188911352306604,0.0525141954421997,0.0042931889183819,165.1602020263672,172.0873260498047,174.91261291503906,178.12115478515625,178.4785919189453,177.62303161621094,178.4336700439453,178.7257537841797,179.31959533691406,177.4196319580078,167.8658905029297,176.6637420654297,174.63336181640625,175.62286376953125,171.67579650878906,172.26210021972656,172.13612365722656,173.22186279296875,173.96556091308594,172.03575134277344,21.84838104248047,21.95369529724121,142.89732360839844,135.15267944335938,18.5185604095459,13.270471572875977,12.181265830993652,123.67700958251952,93.34973907470705,4.8853325843811035,11.924078941345217,13.717967987060549,8.64919376373291,4.426509380340576,5.1780686378479,4.639455795288086,5.462080001831055,4.772845268249512,4.747996807098389,4.702622890472412,0.6109263896942139,0.4976302683353424,0.2463195919990539,0.2605599462985992,0.5765475630760193,0.703812837600708,0.609602689743042,0.2182637304067611,0.2466164827346801,0.6292064785957336,0.4860603511333465,0.5093428492546082,0.5501036047935486,0.5701470971107483,0.6120997071266174,0.5981860160827637,0.5671690106391907,0.5275065302848816,0.5245330929756165,0.553422749042511,0.8602022528648376,0.8965506553649902,0.979389488697052,1.0274617671966553,1.0235538482666016,1.0325212478637695,1.0098522901535034,0.9869750142097472,0.987426459789276,0.9948320984840392,0.1339963227510452,0.1174215078353881,0.313349962234497,0.3174289762973785,0.1116582453250885,0.118004709482193,0.1076957210898399,0.3185270428657532,0.2852616310119629,0.0999677404761314,0.0,0.5,1.0,1.0,0.5833333134651184,0.0,0.3333333432674408,1.0,1.0,0.1666666716337204
/Users/josephkamil/Desktop/Capstone/data/dataset_v2/raw/push_press/shoulder press_15.mp4,push_press,shoulder press_15.mp4,5.38,push_press,,yes,,non_olympic,push_press_sha_00e6ce2b9ae9863f,dev,00e6ce2b9ae9863ff1da9770d87fec1bbc7a527e4f1385fc003a94f902853a13,1.0,00e6ce2b9ae9863ff1da9770d87fec1bbc7a527e4f1385fc003a94f902853a13,288,288,1.0,288.0,1.0,0.0,1.0,1.0,0.0,0.895470380783081,0.895470380783081,0.0158931612968444,0.0049508712254464,0.0009553432464599,0.0002032273332588,101.14569854736328,98.74539184570312,99.07073974609376,97.37427520751952,99.54470825195312,95.51359558105467,92.90697479248048,90.92431640625,89.91731262207031,92.5891571044922,108.54680633544922,105.0918197631836,106.50431823730467,103.83899688720705,105.55917358398438,102.61779022216795,98.5062026977539,96.45830535888672,96.46011352539062,98.10983276367188,138.8879852294922,46.73762512207031,139.1364288330078,72.9713363647461,91.39187622070312,145.38038635253906,45.42903518676758,115.60360717773438,137.69818115234375,36.56913757324219,7.858043670654297,7.587972164154053,7.391872406005859,7.388650894165039,7.132965564727783,7.564960479736328,7.834091663360596,6.852860927581787,7.655035018920898,7.441355228424072,0.262509822845459,0.390879362821579,0.2643500864505768,0.3486760854721069,0.3292459547519684,0.250611662864685,0.3867397010326385,0.2932726442813873,0.2600448727607727,0.3994183242321014,0.4263117909431457,0.4382533431053161,0.42531618475914,0.430801510810852,0.4305565953254699,0.4219405055046081,0.4338828921318054,0.4267377853393554,0.4216524660587311,0.4332074820995331,0.6058053374290466,0.6040399670600891,0.6042938232421875,0.6029726266860962,0.600232720375061,0.603333592414856,0.5982297658920288,0.5994216203689575,0.6015421152114868,0.5962463021278381,0.1640036851167678,0.0531688071787357,0.1612247824668884,0.0861357152462005,0.1038560643792152,0.1714576482772827,0.0529066435992717,0.1341288387775421,0.161814883351326,0.0404562056064605,1.0,1.0,1.0,1.0,1.0,1.0,1.0,1.0,1.0,1.0
/Users/josephkamil/Desktop/Capstone/data/dataset_v2/raw/push_press/shoulder press_3.mp4,push_press,shoulder press_3.mp4,18.36,push_press,,yes,,non_olympic,push_press_sha_721905af80f293a0,train,721905af80f293a0cfa147e7647e60da51173ad64c97201d4a390bed2dc00cf0,1.0,721905af80f293a0cfa147e7647e60da51173ad64c97201d4a390bed2dc00cf0,491,491,1.0,491.0,0.7983706593513489,0.0489795915782451,0.9979591965675354,0.9490835070610046,14.0,0.00204081623815,0.8244897723197937,0.0526683032512664,0.0123449470847845,0.0142725706100463,0.0014672802062705,176.9710235595703,177.4454345703125,178.34715270996094,178.55108642578125,178.36068725585938,178.15345764160156,177.7911376953125,177.65806579589844,177.83938598632812,178.35755920410156,176.25665283203125,175.40414428710938,175.6591796875,175.73130798339844,175.419921875,175.04344177246094,175.41075134277344,175.13604736328125,174.6875762939453,175.66748046875,71.7199935913086,76.01725006103516,81.87576293945312,83.33358764648438,94.53636169433594,96.09459686279295,97.12319946289062,110.13290405273438,107.9356460571289,90.80347442626952,1.330735683441162,1.6873890161514282,1.170544981956482,1.0834556818008425,1.1381109952926636,1.319788932800293,1.5931243896484375,1.6436207294464111,1.7037965059280396,1.2103757858276367,0.2738337218761444,0.2719536125659942,0.2606091499328613,0.2514997720718384,0.228123664855957,0.2304163426160812,0.233578622341156,0.1983888149261474,0.2045817822217941,0.2271263003349304,0.3690017759799957,0.3687777519226074,0.3691858649253845,0.3670764565467834,0.364656925201416,0.3647683262825012,0.3633746802806854,0.3587015867233276,0.3595769107341766,0.3596669137477875,0.6394089460372925,0.64111328125,0.6400426626205444,0.6371708512306213,0.6373608112335205,0.6366666555404663,0.6337347030639648,0.6320906281471252,0.632304310798645,0.63826584815979,0.1190089136362075,0.1250798106193542,0.1309492290019989,0.1355267763137817,0.1494050770998001,0.1433051526546478,0.138092502951622,0.1613225936889648,0.1557987183332443,0.1350019872188568,0.5102040767669678,0.6530612111091614,0.7142857313156128,0.7142857313156128,0.795918345451355,0.8163265585899353,0.795918345451355,1.0,1.0,0.9800000190734864
/Users/josephkamil/Desktop/Capstone/data/dataset_v2/raw/push_press/Push press- knee cave.mov,push_press,Push press- knee cave.mov,41.62,push_press,,yes,,non_olympic,push_press_sha_b0cd5f5fe7c2eb90,train,b0cd5f5fe7c2eb90a753d3b73299e5f4c594b6fa3d96c65b59719e6ed0d88d37,1.0,b0cd5f5fe7c2eb90a753d3b73299e5f4c594b6fa3d96c65b59719e6ed0d88d37,970,873,0.9,873.0,0.7926689386367798,0.0470183491706848,0.9919725060462952,0.945017158985138,22.0,0.0607798174023628,0.013761468231678,1.006822109222412,0.018625097349286,1.7809970378875732,0.0121431350708007,119.52605438232422,161.8947296142578,163.6387481689453,172.7990264892578,164.9088592529297,174.7415313720703,164.75025939941406,175.03611755371094,163.30662536621094,169.03855895996094,45.50495529174805,152.37379455566406,170.52154541015625,174.05477905273438,168.22853088378906,176.91323852539062,166.8599395751953,177.29867553710938,163.48690795898438,163.40390014648438,115.71900939941406,64.47342681884766,34.81471633911133,98.75579071044922,81.56499481201172,60.952518463134766,81.22016906738281,61.190284729003906,82.68877410888672,118.66806030273438,179.3640899658203,27.876005172729492,5.11040735244751,5.287834167480469,5.27085542678833,3.369879722595215,4.697052478790283,3.451862096786499,5.983213901519775,19.277490615844727,0.5262959599494934,0.2915350496768951,0.276443600654602,0.1633705496788025,0.2170165479183197,0.2168349623680114,0.2233844250440597,0.2137655913829803,0.2231899499893188,0.3490063846111297,0.145985946059227,0.2647165656089782,0.2997602224349975,0.2715243101119995,0.2949444949626922,0.2731733322143554,0.3018217384815216,0.2725736200809479,0.3036734163761139,0.154163509607315,-0.8754875063896179,0.3713823854923248,0.5033238530158997,0.4818037152290344,0.5055785179138184,0.4787715673446655,0.5162162184715271,0.4812460243701935,0.514879047870636,0.3435317575931549,0.3952477872371673,0.086262822151184,0.0479811206459999,0.120591714978218,0.0974198281764984,0.0760110765695571,0.099283367395401,0.0761023163795471,0.10092244297266,0.2430619299411773,0.0459770113229751,0.8160919547080994,1.0,1.0,1.0,1.0,0.9886363744735718,1.0,0.9655172228813172,0.1136363670229911
/Users/josephkamil/Desktop/Capstone/data/dataset_v2/raw/push_press/shoulder press_10.mp4,push_press,shoulder press_10.mp4,6.44,push_press,,yes,,non_olympic,push_press_sha_17b5e2db7c8c96bd,dev,17b5e2db7c8c96bd671373679519c224be1553f730a64a81a9f55148039682f0,1.0,17b5e2db7c8c96bd671373679519c224be1553f730a64a81a9f55148039682f0,384,384,1.0,384.0,0.9296875,0.0600522197782993,1.0,0.9401041865348816,7.0,1.0,0.0652741491794586,0.0334850698709487,0.0094118788838386,0.075812816619873,0.0062870881520211,179.03155517578125,179.35247802734375,179.40077209472656,179.1212921142578,179.6282501220703,178.50465393066406,179.4103240966797,179.22549438476562,179.076416015625,178.3938751220703,174.8323516845703,177.7958221435547,177.958251953125,177.4601287841797,177.9647216796875,173.36293029785156,178.0144500732422,174.56805419921875,175.91213989257812,175.71864318847656,12.607220649719238,150.1087188720703,67.32780456542969,31.688814163208008,136.19129943847656,16.287073135375977,131.1143035888672,29.943164825439453,117.34313201904295,59.5510368347168,2.3407421112060547,1.4934165477752686,1.4196953773498535,1.6802037954330444,1.803395390510559,2.450662136077881,0.8553792238235474,3.460099458694458,1.682775378227234,2.576323986053467,0.5301070809364319,0.2615810632705688,0.4874758720397949,0.5508001446723938,0.1931751817464828,0.5507089495658875,0.2758994996547699,0.4045445024967193,0.2079635560512542,0.2848535478115082,0.5534300804138184,0.7356871366500854,0.7462453842163086,0.6849911212921143,0.6322618126869202,0.625654935836792,0.7015106081962585,0.525421142578125,0.5933425426483154,0.5085991024971008,1.043830633163452,1.2904443740844729,1.2825714349746704,1.1750117540359497,1.182467699050903,1.0790714025497437,1.2392765283584597,1.0284547805786133,1.1119152307510376,1.0456434488296509,0.0889028534293174,0.474120944738388,0.2594500184059143,0.1357485502958297,0.4394731223583221,0.0797032192349433,0.4257287383079529,0.1269207596778869,0.3857625722885132,0.2248191088438034,0.3947368562221527,1.0,1.0,1.0,1.0,0.9473684430122375,1.0,0.9487179517745972,1.0,1.0
/Users/josephkamil/Desktop/Capstone/data/dataset_v2/raw/push_press/555859e7-8a16-4494-8dca-dff27cbdd9c8.mp4,push_press,555859e7-8a16-4494-8dca-dff27cbdd9c8.mp4,2.15,push_press,,yes,,non_olympic,push_press_sha_76c5f2ddaf373e54,test,76c5f2ddaf373e54fee777541304387b6453dedc7421a24e5239317491b10cec,1.0,76c5f2ddaf373e54fee777541304387b6453dedc7421a24e5239317491b10cec,299,299,1.0,299.0,1.0,0.0,1.0,1.0,0.0,0.224832221865654,0.4060402810573578,0.0075532495975494,0.0020630608778446,0.0012063384056091,0.0002410353772575,66.11060333251953,62.17277145385742,61.43879318237305,64.82231903076172,72.55921173095703,66.74563598632812,68.08797454833984,75.99858856201172,72.25755310058594,67.62882232666016,85.72799682617188,86.86293029785156,86.75181579589844,86.27645874023438,84.70922088623047,86.7171630859375,88.27104949951172,88.95072937011719,87.66189575195312,86.66828918457031,58.70921325683594,64.93373107910156,56.79868698120117,66.57450103759766,57.358585357666016,67.51475524902344,52.49641799926758,50.75279998779297,70.70165252685547,78.42886352539062,3.34781813621521,2.2246038913726807,2.5505218505859375,1.8056389093399048,2.9588160514831543,2.6017026901245117,5.517294883728027,5.081307888031006,3.469412326812744,2.6024832725524902,0.3698149621486664,0.3322538733482361,0.374257892370224,0.3466321229934692,0.3613571524620056,0.3309730887413025,0.3743452429771423,0.3536238074302673,0.3311493694782257,0.3335624635219574,0.4076749980449676,0.3978863954544067,0.4160884916782379,0.406186580657959,0.4053821861743927,0.3981800377368927,0.4048601388931274,0.4056297838687897,0.4035289585590362,0.402616947889328,0.496074229478836,0.4933366477489471,0.5032169222831726,0.499810129404068,0.4943994581699371,0.4927912950515747,0.4911007285118103,0.4976699650287628,0.4994163513183594,0.4970983564853668,0.0383532419800758,0.0657471716403961,0.0419085659086704,0.0596840716898441,0.0442008525133132,0.0674879923462867,0.0307635329663753,0.0523159988224506,0.0726422443985939,0.0692695677280426,1.0,1.0,1.0,1.0,1.0,1.0,1.0,1.0,1.0,1.0
/Users/josephkamil/Desktop/Capstone/data/dataset_v2/raw/push_press/shoulder press_16.mp4,push_press,shoulder press_16.mp4,6.97,push_press,,yes,,non_olympic,push_press_sha_cdfb32fa3bbb058e,train,cdfb32fa3bbb058eb49c5e31e6c3e32beef8b9755df159cae6ef6a70057a5701,1.0,cdfb32fa3bbb058eb49c5e31e6c3e32beef8b9755df159cae6ef6a70057a5701,312,312,1.0,312.0,1.0,0.0,1.0,1.0,0.0,0.762057900428772,0.9614148139953612,0.0177347660064697,0.0052263629622757,0.0022456645965576,0.0003665355907287,130.50350952148438,134.19683837890625,128.6569366455078,131.7339324951172,125.85073852539062,119.71376037597656,119.47682189941406,113.86775207519533,128.63995361328125,125.41522216796876,143.6509246826172,143.2426300048828,143.37545776367188,141.89527893066406,143.82676696777344,143.29550170898438,143.52337646484375,141.23309326171875,140.16741943359375,138.3170166015625,92.02489471435548,96.78326416015624,154.8428497314453,73.76217651367188,149.55047607421875,102.59713745117188,115.61888885498048,146.2178497314453,65.40873718261719,151.13438415527344,7.227800369262695,6.8979973793029785,7.3532633781433105,7.036554336547852,7.220541954040527,7.091883659362793,6.967546463012695,6.832015514373779,7.350879192352295,8.188026428222656,0.3279273211956024,0.3177953958511352,0.2199067324399948,0.3625942766666412,0.237185999751091,0.3164170980453491,0.2878128290176391,0.2350171953439712,0.3802525997161865,0.2332403510808944,0.4545513987541199,0.4540306329727173,0.4472472071647644,0.4621650278568268,0.4539783298969269,0.4613421559333801,0.4522008001804352,0.4463362395763397,0.4613286256790161,0.4555110335350036,0.7154604196548462,0.7094547152519226,0.716354489326477,0.7165960073471069,0.7187098264694214,0.7167938351631165,0.7121878862380981,0.7150852084159851,0.7088520526885986,0.7153525352478027,0.1286804974079132,0.1379562765359878,0.2276472747325897,0.1014085337519645,0.2171991765499115,0.1461219787597656,0.1655505150556564,0.2117686718702316,0.0842399075627327,0.2226081788539886,1.0,1.0,1.0,1.0,1.0,1.0,1.0,1.0,1.0,1.0
/Users/josephkamil/Desktop/Capstone/data/dataset_v2/raw/push_press/Push press- bar drift.mov,push_press,Push press- bar drift.mov,75.62,push_press,,yes,,non_olympic,push_press_sha_5e21bb2637de31c7,train,5e21bb2637de31c7e9e736fb18b1d214a8ca6c540ad630cdf30c3d9d6e43d249,1.0,5e21bb2637de31c7e9e736fb18b1d214a8ca6c540ad630cdf30c3d9d6e43d249,1767,1622,0.9179400113186192,1622.0,0.7934648394584656,0.0006169031257741,0.970388650894165,0.9697903990745544,14.0,0.0030845156870782,0.0030845156870782,0.7380250692367554,0.0064436653628945,0.756716787815094,0.0042810249142348,170.29733276367188,174.12596130371094,165.43031311035156,169.5427703857422,172.28533935546875,172.84756469726562,172.19119262695312,171.69593811035156,171.69456481933594,153.56439208984375,173.23785400390625,174.9949493408203,176.36968994140625,176.9109344482422,177.1001739501953,175.24057006835938,176.9133758544922,176.2828369140625,175.6380157470703,149.3850860595703,58.92725372314453,106.53665161132812,75.16703796386719,79.47920227050781,88.53727722167969,89.09233093261719,76.17549133300781,54.32820510864258,69.8445816040039,116.97438049316406,10.253135681152344,3.09329891204834,2.9729349613189697,2.682383298873902,2.3411405086517334,1.7929213047027588,0.6530417203903198,1.228953838348389,1.40722918510437,6.2310662269592285,0.4950754642486572,0.4477598369121551,0.2920088171958923,0.2830860614776611,0.2670865058898926,0.255471408367157,0.2844823598861694,0.3131618499755859,0.2867308259010315,0.531084418296814,0.4727438986301422,0.297502338886261,0.3586131036281585,0.3608279824256897,0.3556572794914245,0.3531581163406372,0.3562623262405395,0.3610231280326843,0.3602147400379181,0.2173381000757217,0.6916441917419434,0.6000634431838989,0.5772861242294312,0.5796695351600647,0.575824499130249,0.5816786289215088,0.5773116946220398,0.5740765929222107,0.5789757966995239,0.6428321599960327,0.0850732028484344,0.1691797226667404,0.0890965312719345,0.0934898629784584,0.1048593372106552,0.1114563792943954,0.0922149866819381,0.0643460974097251,0.089974969625473,0.3770675659179687,0.6296296119689941,0.1234567910432815,0.9938271641731262,1.0,1.0,1.0,1.0,1.0,1.0,0.1901840418577194
/Users/josephkamil/Desktop/Capstone/data/dataset_v2/raw/push_press/Push Press- Head Clearance .mov,push_press,Push Press- Head Clearance .mov,54.08,push_press,,yes,,non_olympic,push_press_sha_6226aae0de00ef24,test,6226aae0de00ef2426121165936d6965bb678bdf2141f89134667f2ef00c3387,1.0,6226aae0de00ef2426121165936d6965bb678bdf2141f89134667f2ef00c3387,1259,1247,0.9904686258935664,1247.0,0.5870088338851929,0.0008025682182051,0.9670947194099426,0.9663191437721252,62.0,0.0256821829825639,0.0329052954912185,0.4256157875061035,0.0104201501235365,0.5177485942840576,0.0035561588592827,147.15476989746094,175.08172607421875,175.72621154785156,176.31349182128906,176.7254180908203,176.38853454589844,176.5022430419922,176.4120635986328,177.0905303955078,150.1360321044922,79.2336196899414,177.55470275878906,176.12355041503906,176.27879333496094,178.17710876464844,177.34681701660156,177.99398803710938,177.0684051513672,177.6327362060547,169.68568420410156,110.88143920898438,88.69127655029297,93.52075958251952,125.77393341064452,95.06290435791016,104.74797058105467,61.162498474121094,58.20042419433594,111.56830596923828,140.768798828125,119.23397064208984,1.5903555154800415,1.4072884321212769,1.2480844259262085,0.7135659456253052,0.6538015007972717,0.8975257277488708,0.6747397780418396,2.287102460861206,22.205644607543945,0.5532169342041016,0.2903141379356384,0.2701727747917175,0.230975404381752,0.2778939604759216,0.263981282711029,0.3283397555351257,0.3242118656635284,0.3481231927871704,0.6428893208503723,0.5060187578201294,0.354691594839096,0.3540887236595154,0.3520133793354034,0.3538284301757812,0.3533344566822052,0.3586341142654419,0.3592623472213745,0.3650453984737396,0.2725410163402557,0.3433679044246673,0.5693692564964294,0.5719062685966492,0.5760912895202637,0.572969913482666,0.5723494291305542,0.5703738331794739,0.5714654326438904,0.569685161113739,0.5384171605110168,0.133710965514183,0.0928377583622932,0.1012159213423729,0.1333600133657455,0.094234324991703,0.1087019294500351,0.0637305900454521,0.0625502318143844,0.1024308651685714,0.3830172419548034,0.3306451737880707,0.5519999861717224,0.800000011920929,0.8467742204666138,0.6639999747276306,0.7839999794960022,0.5322580933570862,0.656000018119812,0.671999990940094,0.0320000015199184
/Users/josephkamil/Desktop/Capstone/data/dataset_v2/raw/push_press/Push press- diptiming.mov,push_press,Push press- diptiming.mov,42.55,push_press,,yes,,non_olympic,push_press_sha_ceb891410460883a,train,ceb891410460883a1d71e493e2784e00e37271e8739c920208f59ce81e73c74b,1.0,ceb891410460883a1d71e493e2784e00e37271e8739c920208f59ce81e73c74b,994,957,0.9627766599597586,957.0,0.7596656084060669,0.0,0.9529288411140442,0.9529780745506288,31.0,0.94351464509964,0.9445606470108032,0.6140835881233215,0.0075320550240576,1.2290856838226318,0.0054919430986046,169.58213806152344,161.38438415527344,175.95347595214844,166.8551483154297,168.2096710205078,177.89292907714844,168.22837829589844,169.15565490722656,175.82470703125,127.7999038696289,166.33657836914062,168.9097442626953,175.28672790527344,168.44873046875,172.1212158203125,173.7275390625,172.552490234375,176.1549530029297,176.3863067626953,102.8419418334961,65.74950408935547,37.16978073120117,104.60713958740234,89.10531616210938,65.6844711303711,149.97203063964844,94.9374771118164,68.6777114868164,129.1065673828125,129.1586151123047,11.33689308166504,5.843446731567383,2.8207740783691406,3.65351939201355,3.305227279663086,3.9186294078826904,2.237182378768921,3.15033221244812,1.8596848249435425,46.6209602355957,0.3738021552562713,0.4316600859165191,0.2856006920337677,0.3224622011184692,0.3663785457611084,0.2080830335617065,0.3083613216876983,0.3363731801509857,0.3349727094173431,0.6464931964874268,0.3094149827957153,0.4379764497280121,0.3909741938114166,0.4203494489192962,0.4232039153575897,0.3853947222232818,0.412958413362503,0.4089164733886719,0.3790059983730316,0.1680366396903991,0.5820075869560242,0.6543198823928833,0.63364577293396,0.6593260765075684,0.6465848088264465,0.6375913023948669,0.6532284617424011,0.6419419646263123,0.633248507976532,0.4687213599681854,0.0999713689088821,0.0470540784299373,0.1250533908605575,0.1135834977030754,0.0785624012351036,0.1831163913011551,0.1184216365218162,0.0906575992703437,0.154780313372612,0.4968942701816559,0.3263157904148102,0.75,0.8541666865348816,1.0,1.0,1.0,1.0,1.0,0.6041666865348816,0.0625
/Users/josephkamil/Desktop/Capstone/BenchPress/v_BenchPress_g02_c02.avi,BenchPress,v_BenchPress_g02_c02.avi,0.33,bench_press,,yes,,non_olympic,bench_press_ucf_g02,train,289953231de7a6844a7fb67e4f6bfab9fd025a9be2829757c937ac43ae523c0b,1.0,289953231de7a6844a7fb67e4f6bfab9fd025a9be2829757c937ac43ae523c0b,98,40,0.4081632653061224,40.0,0.949999988079071,0.0,1.0,1.0,4.0,0.2564102709293365,0.7179487347602844,0.268130362033844,0.0599397085607051,0.0433411598205566,0.011705775745213,147.85073852539062,149.20025634765625,142.11068725585938,144.8679962158203,154.0068359375,168.3898468017578,151.97164916992188,145.99130249023438,145.2783966064453,153.75657653808594,143.0934600830078,145.47918701171875,138.85382080078125,132.64990234375,146.09986877441406,152.00094604492188,143.97210693359375,131.69000244140625,138.94515991210938,144.67076110839844,105.60332489013672,132.35690307617188,98.93633270263672,109.30694580078124,129.5408172607422,113.16439056396484,103.16172790527344,125.93106842041016,85.10301208496094,57.78209686279297,4.236086368560791,14.288625717163086,14.827388763427734,20.04319953918457,18.922914505004883,19.23992156982422,9.05461883544922,6.885790824890137,13.74019718170166,12.679594039916992,0.3495640158653259,0.5908359885215759,0.3563506007194519,0.2921894490718841,0.2595648169517517,0.2790192365646362,0.4171993732452392,0.2586830854415893,0.2703192830085754,0.382235437631607,0.5106829404830933,0.5961188673973083,0.525787353515625,0.4542638957500458,0.4680876135826111,0.4729301631450653,0.5162976980209351,0.5118169188499451,0.4098457098007202,0.4449224472045898,0.6951272487640381,0.7228368520736694,0.6882684826850891,0.6572030186653137,0.6994659900665283,0.7014104127883911,0.6940838098526001,0.6655913591384888,0.6592663526535034,0.6975926160812378,0.16978220641613,0.0728167444467544,0.1746656894683838,0.162155270576477,0.2085251063108444,0.1939795762300491,0.1266922950744629,0.2579056024551391,0.1404702961444854,0.0643048360943794,1.0,0.75,1.0,1.0,1.0,1.0,0.75,1.0,1.0,1.0
/Users/josephkamil/Desktop/Capstone/BenchPress/v_BenchPress_g11_c05.avi,BenchPress,v_BenchPress_g11_c05.avi,0.33,bench_press,,yes,,non_olympic,bench_press_ucf_g11,train,08522508b696a5121a3b065c750b07c81c991c2ee23a0a912d57899aee6ca1de,1.0,08522508b696a5121a3b065c750b07c81c991c2ee23a0a912d57899aee6ca1de,114,114,1.0,114.0,0.0,1.0,0.0,0.0,0.0,0.0176991149783134,0.7876105904579163,0.0336725711822509,0.0061166728846728,0.0124761462211608,0.0025253053754568,69.45703887939453,139.98822021484375,81.62454986572266,65.83261108398438,118.06909942626952,117.7144012451172,106.32400512695312,103.03518676757812,123.7252426147461,143.95330810546875,178.09600830078125,173.0810089111328,175.13134765625,177.62034606933594,178.1326904296875,178.52459716796875,176.7078094482422,172.3159942626953,171.70204162597656,177.23468017578125,113.2065658569336,106.7113265991211,114.9632797241211,118.2304916381836,103.3951187133789,109.7725601196289,121.43283081054688,116.39739227294922,111.8401336669922,116.93450927734376,1.1480578184127808,0.3376668989658355,0.7959528565406799,0.4603054821491241,1.2555861473083496,0.7524489760398865,1.2561163902282717,0.9494390487670898,1.3489336967468262,1.9819684028625488,0.4901401400566101,0.44397833943367,0.4393130242824554,0.4638893008232116,0.4437893629074096,0.4586195945739746,0.4716083705425262,0.4817959368228912,0.4736523330211639,0.4834334552288055,0.2760519087314605,0.2644071877002716,0.2508694231510162,0.2633697092533111,0.2742622792720794,0.2719780206680298,0.2699571847915649,0.2745097577571869,0.2793855369091034,0.2804294228553772,0.5501208305358887,0.5525384545326233,0.5444511771202087,0.5438478589057922,0.5706644058227539,0.5680872797966003,0.5491934418678284,0.5625147223472595,0.564228355884552,0.5641649961471558,0.2188609987497329,0.1848867088556289,0.1981260329484939,0.2062567174434662,0.1752129346132278,0.1926096528768539,0.2055360376834869,0.2124571800231933,0.2002307325601577,0.2065346091985702,0.0,0.0,0.0,0.0,0.0,0.0,0.0,0.0,0.0,0.0
/Users/josephkamil/Desktop/Capstone/Archived_Datasets/ucf50/UCF50/BenchPress/v_BenchPress_g04_c06.avi,BenchPress,v_BenchPress_g04_c06.avi,0.5,bench_press,,yes,,non_olympic,bench_press_ucf_g04,train,2a461f46704de994cf43b70935a0a391af599d0ac93e054856ec0ecbf387d978,1.0,2a461f46704de994cf43b70935a0a391af599d0ac93e054856ec0ecbf387d978,176,175,0.9943181818181818,175.0,0.0,1.0,0.0,0.0,0.0,0.6149425506591797,0.4080459773540497,0.026943564414978,0.0041223000735044,0.0224574208259582,0.0023067374713718,175.43365478515625,174.9403076171875,175.8486328125,173.35818481445312,171.6923065185547,169.61280822753906,151.10459899902344,178.0204315185547,174.99755859375,150.52056884765625,168.72055053710938,169.65264892578125,171.99136352539062,172.00506591796875,167.8031005859375,168.05355834960938,171.19984436035156,174.97955322265625,170.1228485107422,169.67486572265625,171.99024963378906,167.68753051757812,172.73602294921875,167.07984924316406,166.24224853515625,168.5865020751953,169.5001983642578,170.15562438964844,170.2828369140625,170.07449340820312,2.3478477001190186,2.3413612842559814,5.834934234619141,1.6996039152145386,3.2842516899108887,2.2748734951019287,4.107698440551758,1.313084602355957,0.2954072654247284,0.266610324382782,0.4205352067947387,0.4627489447593689,0.4574408829212188,0.4858086407184601,0.47775998711586,0.4848105609416961,0.5066460371017456,0.5011761784553528,0.5094530582427979,0.5317655205726624,0.1253723800182342,0.1298737674951553,0.1273934692144394,0.1498994082212448,0.1596651822328567,0.1632224172353744,0.1695809960365295,0.16842682659626,0.1854396760463714,0.2041384279727935,0.4787885546684265,0.4899196624755859,0.4939669370651245,0.5147427320480347,0.5124273300170898,0.5202600955963135,0.5366879105567932,0.5333507061004639,0.5522102117538452,0.5608632564544678,0.2955265641212463,0.3332523703575134,0.3313392102718353,0.3360812962055206,0.3185023963451385,0.3216810226440429,0.3380153179168701,0.3328684568405151,0.3240449130535126,0.3276505470275879,0.0,0.0,0.0,0.0,0.0,0.0,0.0,0.0,0.0,0.0
/Users/josephkamil/Desktop/Capstone/Archived_Datasets/ucf50/UCF50/BenchPress/v_BenchPress_g10_c02.avi,BenchPress,v_BenchPress_g10_c02.avi,0.3,bench_press,,yes,,non_olympic,bench_press_ucf_g10,train,c12c5552d5e0e84c4c3d44b09bae9c96b02643f1c0e51fcba5640cb127665ab8,1.0,c12c5552d5e0e84c4c3d44b09bae9c96b02643f1c0e51fcba5640cb127665ab8,108,104,0.9629629629629628,104.0,0.4134615361690521,0.116504855453968,0.5728155374526978,0.4615384638309479,8.0,0.1359223276376724,0.058252427726984,0.2989096045494079,0.0223196987062692,0.1483584642410278,0.0076812482438981,118.86224365234376,89.96936798095703,80.77420043945312,73.37492370605469,82.43367004394531,111.51885986328124,161.9695587158203,150.01760864257812,161.18405151367188,163.95230102539062,111.40135192871094,130.94105529785156,159.96673583984375,161.7350311279297,165.2594757080078,148.87783813476562,171.10748291015625,165.37681579589844,162.29429626464844,163.90318298339844,84.23234558105469,141.44534301757812,168.56564331054688,171.98373413085938,150.03500366210938,96.67465209960938,126.35353088378906,163.61395263671875,163.83416748046875,151.88546752929688,6.487558841705322,47.154815673828125,74.97409057617188,81.83503723144531,82.07717895507812,46.56148147583008,3.486572742462158,2.1084513664245605,1.3825122117996216,0.7540094256401062,0.4220786094665527,0.4867275357246399,0.5451148748397827,0.4400311410427093,0.5088425874710083,0.4318703711032867,0.3106964230537414,0.3135308027267456,0.3289730250835418,0.3858786821365356,0.2989459037780761,0.4765922427177429,0.6050584316253662,0.6203973889350891,0.6233921647071838,0.4542222917079925,0.2343957871198654,0.2332851886749267,0.2486501485109329,0.2579982578754425,0.5473437309265137,0.617544412612915,0.6462454795837402,0.6452412009239197,0.6438688635826111,0.5633560419082642,0.436894029378891,0.4322303533554077,0.4288463592529297,0.4461409449577331,0.1249749884009361,0.0756729319691658,0.1326687484979629,0.1892566382884979,0.1335023641586303,0.0589891672134399,0.0872525870800018,0.0936813876032829,0.0896076560020446,0.1281190812587738,0.0,0.699999988079071,0.7272727489471436,1.0,1.0,0.699999988079071,0.0,0.0,0.0,0.0
/Users/josephkamil/Desktop/Capstone/Archived_Datasets/ucf50/UCF50/BenchPress/v_BenchPress_g02_c04.avi,BenchPress,v_BenchPress_g02_c04.avi,0.32,bench_press,,yes,,non_olympic,bench_press_ucf_g02,train,d239df83644df98b21e1a09a8e8dde2f3bfa69a306b0e78ea54ecfc0d900ff7e,1.0,d239df83644df98b21e1a09a8e8dde2f3bfa69a306b0e78ea54ecfc0d900ff7e,95,37,0.3894736842105263,37.0,0.9729729890823364,0.0,1.0,1.0,2.0,0.4444444477558136,0.4166666567325592,0.3225753903388977,0.039670493453741,0.0800946950912475,0.0112567311152815,164.17601013183594,164.0583953857422,159.9252471923828,161.2926025390625,149.62240600585938,152.57098388671875,159.51707458496094,160.46890258789062,151.57843017578125,155.06314086914062,148.28311157226562,146.58529663085938,144.5537567138672,144.3929443359375,144.1509552001953,144.85919189453125,146.03627014160156,153.9810791015625,148.9390411376953,141.3272247314453,157.81800842285156,156.79730224609375,140.77671813964844,95.8177490234375,122.24803161621094,145.4732666015625,109.76090240478516,65.92579650878906,72.26213073730469,121.32321166992188,16.507253646850586,17.649335861206055,16.907020568847656,17.97452735900879,14.58967113494873,15.109676361083984,17.604572296142578,29.334672927856445,26.7069149017334,15.724374771118164,0.1995043307542801,0.2040943205356598,0.2273997068405151,0.2804149687290191,0.3466303944587707,0.2323422729969024,0.2801117897033691,0.3746614754199981,0.3414139151573181,0.2711798846721649,0.4638983309268951,0.4769186973571777,0.469840258359909,0.4586158692836761,0.5205796957015991,0.4800431430339813,0.4672563970088959,0.4850233197212219,0.4605485200881958,0.4673671722412109,0.6774352192878723,0.6918308734893799,0.6960898637771606,0.6957377791404724,0.6583369374275208,0.6593868732452393,0.6748178005218506,0.6582837104797363,0.6513547301292419,0.6713705062866211,0.2644292116165161,0.2728609144687652,0.2425204366445541,0.1782155632972717,0.1950593441724777,0.247759997844696,0.1874347925186157,0.1157997697591781,0.1198376938700676,0.1964273005723953,1.0,1.0,1.0,1.0,0.75,1.0,1.0,1.0,1.0,1.0
/Users/josephkamil/Desktop/Capstone/Archived_Datasets/ucf50/UCF50/BenchPress/v_BenchPress_g18_c01.avi,BenchPress,v_BenchPress_g18_c01.avi,0.27,bench_press,,yes,,non_olympic,bench_press_ucf_g18,train,6f74860636e83550faf4672c16d86d4b4c7663f49a5131ea6dea8145949d3b30,1.0,6f74860636e83550faf4672c16d86d4b4c7663f49a5131ea6dea8145949d3b30,93,16,0.1720430107526881,16.0,0.0,1.0,0.0,0.0,0.0,0.5333333611488342,0.4000000059604645,0.2632301449775696,0.0645921900868415,0.0355774164199829,0.0082063479349017,115.8445816040039,117.58323669433594,117.51539611816406,110.23016357421876,160.5430145263672,76.88059997558594,133.4442138671875,97.96672821044922,109.34249877929688,119.4607391357422,126.69420623779295,131.97494506835938,132.20431518554688,135.21331787109375,79.44105529785156,118.71890258789062,99.0282211303711,142.27883911132812,134.0023956298828,128.7025146484375,32.74367904663086,38.29386901855469,44.399070739746094,83.5447006225586,169.09820556640625,170.4036865234375,170.63287353515625,65.7235336303711,76.07957458496094,35.26860046386719,2.7660701274871826,3.5400543212890625,4.077447891235352,45.908878326416016,89.38883972167969,90.6080551147461,93.4432373046875,97.17810821533205,49.84434127807617,4.438292026519775,0.5086914300918579,0.4303657412528991,0.422498881816864,0.5687528848648071,0.7108798027038574,0.7072196006774902,0.7791743278503418,0.6760303974151611,0.5158963203430176,0.4338676929473877,0.2973979115486145,0.2484376430511474,0.2452310919761657,0.3866706490516662,0.5404771566390991,0.5391062498092651,0.555970311164856,0.5741297006607056,0.427128791809082,0.2779815196990967,0.5061616897583008,0.5056225657463074,0.5098391175270081,0.5256033539772034,0.5423340201377869,0.5371615290641785,0.5435116291046143,0.5488568544387817,0.5313917398452759,0.5101627111434937,0.2119035422801971,0.182468444108963,0.1773754209280014,0.182338148355484,0.183123379945755,0.1880818605422973,0.2317373007535934,0.1093366518616676,0.0920194908976554,0.1562073826789856,0.0,0.0,0.0,0.0,0.0,0.0,0.0,0.0,0.0,0.0
/Users/josephkamil/Desktop/Capstone/BenchPress/v_BenchPress_g04_c07.avi,BenchPress,v_BenchPress_g04_c07.avi,0.22,bench_press,,yes,,non_olympic,bench_press_ucf_g04,train,f0b0e5e84852de9d8ed8e72dfb699b8fce1d39b414cacd1db305c751c9c3fc52,1.0,f0b0e5e84852de9d8ed8e72dfb699b8fce1d39b414cacd1db305c751c9c3fc52,75,75,1.0,75.0,0.0,1.0,0.0,0.0,0.0,0.0675675645470619,0.0675675645470619,0.0536250174045562,0.0075879516080021,0.0161215662956237,0.0033970468211919,149.35691833496094,171.14511108398438,173.4154815673828,171.17184448242188,175.11825561523438,172.76278686523438,173.47158813476562,172.31051635742188,175.94241333007812,177.57183837890625,167.48545837402344,166.28182983398438,169.0799102783203,175.46981811523438,165.18650817871094,167.19577026367188,172.9500274658203,163.67813110351562,166.87826538085938,173.13641357421875,173.3834686279297,169.71563720703125,168.80918884277344,166.4737548828125,169.6195526123047,164.93861389160156,167.8702850341797,153.33494567871094,175.90725708007812,170.96603393554688,0.3498736917972564,1.8707181215286257,1.9481124877929688,1.3567171096801758,1.8055305480957031,1.579155683517456,1.3539788722991943,1.5056800842285156,0.9585752487182616,0.4354469180107116,0.4059922397136688,0.3998020589351654,0.4045288264751434,0.4076032340526581,0.3953817784786224,0.3928694128990173,0.4150373041629791,0.3910108208656311,0.4064125418663025,0.4165787100791931,0.1516530215740203,0.1416658610105514,0.143911525607109,0.1449097096920013,0.1403944939374923,0.1412282288074493,0.1549912840127945,0.1460868418216705,0.1367211043834686,0.1441099494695663,0.4646435379981994,0.5002484917640686,0.5098699331283569,0.511278510093689,0.5188866853713989,0.517589807510376,0.5320435762405396,0.5318248271942139,0.520937442779541,0.5244551301002502,0.254396378993988,0.2584733366966247,0.2610700130462646,0.2628734111785888,0.2555207908153534,0.2524394989013672,0.2602177858352661,0.2460963129997253,0.2699185311794281,0.2725707292556762,0.0,0.0,0.0,0.0,0.0,0.0,0.0,0.0,0.0,0.0
/Users/josephkamil/Desktop/Capstone/Archived_Datasets/ucf50/UCF50/BenchPress/v_BenchPress_g23_c03.avi,BenchPress,v_BenchPress_g23_c03.avi,0.49,bench_press,,yes,,non_olympic,bench_press_ucf_g23,train,99b608de623374477ece80d45a18cf40b7da3e9daad7aba65dc9dcf6975321d5,1.0,99b608de623374477ece80d45a18cf40b7da3e9daad7aba65dc9dcf6975321d5,176,76,0.4318181818181818,76.0,0.4342105388641357,0.0266666673123836,1.0,0.9736841917037964,5.0,0.2266666740179062,0.2000000029802322,0.2437969744205474,0.0183598231524229,0.0439622402191162,0.0078373309224843,137.55877685546875,10.407028198242188,7.054677486419678,46.374290466308594,162.45663452148438,151.1505126953125,136.27294921875,143.50912475585938,138.11666870117188,133.40794372558594,131.5946044921875,5.127350330352783,1.815934181213379,32.855831146240234,158.20449829101562,164.61453247070312,148.11181640625,156.75637817382812,130.0042724609375,109.8062515258789,113.06656646728516,127.70928955078124,131.26658630371094,97.12142944335938,32.675846099853516,5.864469051361084,15.308587074279783,7.494822978973389,4.021975994110107,45.375457763671875,4.431787967681885,3.9437410831451416,7.487053394317627,5.03081750869751,4.830255031585693,3.4900076389312744,3.3574094772338867,3.374736785888672,6.461564064025879,43.629608154296875,0.3891197741031647,0.4027698338031769,0.387145847082138,0.3756420016288757,0.3851770162582397,0.4146121442317962,0.3840839862823486,0.3728957772254944,0.3874673545360565,0.401193767786026,0.4851755499839782,0.5327655076980591,0.5297057628631592,0.4925195574760437,0.3332414031028747,0.3316685259342193,0.3612832725048065,0.329461395740509,0.3275225162506103,0.4106370806694031,0.612553596496582,0.6815783977508545,0.6629384756088257,0.6528480052947998,0.5621598362922668,0.5484668016433716,0.5562645792961121,0.5481225252151489,0.5749671459197998,0.5883946418762207,0.1509511470794677,0.1314290165901184,0.1431896686553955,0.119071714580059,0.0702392682433128,0.0875402688980102,0.0597883872687816,0.0611985996365547,0.0758194178342819,0.0728536695241928,0.7142857313156128,1.0,1.0,1.0,0.125,0.0,0.375,0.0,0.0,0.125
/Users/josephkamil/Desktop/Capstone/BenchPress/v_BenchPress_g10_c03.avi,BenchPress,v_BenchPress_g10_c03.avi,0.65,bench_press,,yes,,non_olympic,bench_press_ucf_g10,train,becf5ea4fa3430cbf687c79902dc10de24f83ea77de8312dfe22d261c57faedc,1.0,becf5ea4fa3430cbf687c79902dc10de24f83ea77de8312dfe22d261c57faedc,243,211,0.8683127572016461,211.0,0.3507108986377716,0.0,0.8809523582458496,0.8815165758132935,15.0,0.9428571462631226,0.0190476197749376,0.3936377763748169,0.0228841602802276,0.103546142578125,0.0065416926518082,88.68985748291016,88.68492889404297,77.70381927490234,111.24918365478516,92.91758728027344,89.63919830322266,83.2531509399414,98.76355743408205,90.75814056396484,111.27678680419922,85.04549407958984,101.62364196777344,139.56710815429688,108.41180419921876,126.2502670288086,154.7947998046875,156.4281463623047,86.88108825683594,96.87742614746094,101.5911636352539,107.0627670288086,86.9244384765625,119.24061584472656,139.7616729736328,125.083984375,149.14208984375,155.18026733398438,109.27294921875,71.41864013671875,127.35549926757812,13.206846237182615,20.059818267822266,59.58091354370117,16.032094955444336,45.942535400390625,72.15176391601562,73.07200622558594,12.938639640808104,17.3627986907959,48.36513900756836,0.5396688580513,0.5308317542076111,0.4557421207427978,0.5208196043968201,0.4990205764770508,0.4139341115951538,0.4152097105979919,0.5861250758171082,0.5396748781204224,0.6789950132369995,0.4937804043292999,0.4567695260047912,0.5624925494194031,0.3762235045433044,0.5082226991653442,0.606846034526825,0.6063075661659241,0.5269010663032532,0.5164529085159302,0.5545215010643005,0.6581879258155823,0.6516112685203552,0.6501163840293884,0.5895445942878723,0.6454336047172546,0.6596258282661438,0.6584576368331909,0.6767017245292664,0.6843317747116089,0.6749563813209534,0.0819998607039451,0.0766282752156257,0.1325422972440719,0.1526339799165725,0.1180052533745765,0.1942223310470581,0.1965985000133514,0.0786311253905296,0.0379025302827358,0.127052292227745,0.095238097012043,0.0,0.7142857313156128,0.0476190485060215,0.4285714328289032,1.0,1.0,0.095238097012043,0.1428571492433548,0.0
/Users/josephkamil/Desktop/Capstone/Archived_Datasets/ucf50/UCF50/BenchPress/v_BenchPress_g12_c06.avi,BenchPress,v_BenchPress_g12_c06.avi,0.23,bench_press,,yes,,non_olympic,bench_press_ucf_g12,test,20f3ca4f4372a587dcfd23affb7f1be723391fa08fa3ab7dcc0577b0455b3893,1.0,20f3ca4f4372a587dcfd23affb7f1be723391fa08fa3ab7dcc0577b0455b3893,73,56,0.7671232876712328,56.0,0.1071428582072258,0.2181818187236786,0.6727272868156433,0.4642857015132904,8.0,0.4363636374473572,0.7272727489471436,0.1210866868495941,0.0318433381617069,0.0485306680202484,0.0043878457508981,151.3314971923828,138.47720336914062,78.63417053222656,35.54050827026367,19.20384407043457,58.10541915893555,131.74679565429688,130.3069610595703,121.58980560302734,112.32804107666016,76.74224853515625,93.4606704711914,80.90657806396484,79.06474304199219,80.35298919677734,89.46327209472656,77.74201202392578,63.36824417114258,116.92019653320312,116.35919952392578,128.2932891845703,133.666015625,158.27713012695312,112.61139678955078,112.81464385986328,137.48495483398438,158.67124938964844,160.59779357910156,165.9084014892578,161.07752990722656,147.61032104492188,149.75144958496094,150.17520141601562,151.8499298095703,152.47598266601562,150.7644805908203,149.70855712890625,124.1494598388672,42.55980682373047,42.01728820800781,0.323819637298584,0.2776399850845337,0.2984400987625122,0.347134381532669,0.3414635956287384,0.2470725029706955,0.2397345155477523,0.4354226589202881,0.2969379127025604,0.3335902392864227,0.249264508485794,0.2339413166046142,0.2414465397596359,0.2534051239490509,0.249452531337738,0.2327257692813873,0.2244599312543869,0.2707590460777282,0.1080840751528739,0.1145767346024513,0.091104082763195,0.0867320224642753,0.0857142433524131,0.0996172130107879,0.0917997732758522,0.0782325714826583,0.0735712945461273,0.1223306059837341,0.1774404793977737,0.1873281747102737,0.0895502716302871,0.0609135031700134,0.0721948519349098,0.0955839157104492,0.094995878636837,0.0620179362595081,0.0574489571154117,0.1665733754634857,0.1890368014574051,0.2191259413957595,0.0,0.0,0.2000000029802322,0.0,0.0,0.4000000059604645,0.5,0.0,0.0,0.0
/Users/josephkamil/Desktop/Capstone/BenchPress/v_BenchPress_g13_c03.avi,BenchPress,v_BenchPress_g13_c03.avi,0.57,bench_press,,yes,,non_olympic,bench_press_ucf_g13,test,2533dbab8e97dfc5f99affca365b8c451fbe099f6c7661a3dfa2753d0ae599ca,1.0,2533dbab8e97dfc5f99affca365b8c451fbe099f6c7661a3dfa2753d0ae599ca,200,12,0.06,12.0,0.9166666865348816,0.0,1.0,1.0,2.0,1.0,0.4545454680919647,0.0582678914070129,0.022894887253642,0.031899094581604,0.0073934360407292,160.531005859375,169.18385314941406,133.82479858398438,172.79295349121094,133.4023895263672,171.6119384765625,176.2790985107422,140.87103271484375,167.37420654296875,123.04164123535156,137.5571746826172,176.46046447753906,149.72848510742188,176.4561767578125,148.71810913085938,151.99391174316406,155.06509399414062,125.79841613769533,139.57666015625,178.46029663085938,167.23968505859375,101.86099243164062,134.59500122070312,173.28424072265625,23.014732360839844,111.0691909790039,69.02976989746094,36.09552764892578,33.293880462646484,63.81410598754883,158.40940856933594,158.30673217773438,159.48214721679688,159.94186401367188,151.3768768310547,149.84780883789062,149.02572631835938,149.3101043701172,149.19447326660156,149.85000610351562,0.5504788160324097,0.6087467074394226,0.5937278866767883,0.6197832226753235,0.6667947173118591,0.6843749284744263,0.6575713753700256,0.6486632823944092,0.6239451766014099,0.6044964790344238,0.5989649295806885,0.6189400553703308,0.6208113431930542,0.6326491832733154,0.6775785684585571,0.6685193777084351,0.6692344546318054,0.6620771884918213,0.6596455574035645,0.6627471446990967,0.491201639175415,0.5116751194000244,0.5211361646652222,0.5231150388717651,0.5567474365234375,0.560319185256958,0.5595563650131226,0.5525038242340088,0.5520499348640442,0.5539071559906006,0.0659420266747474,0.0124123850837349,0.0275903064757585,0.0414408259093761,0.0376367531716823,0.0615808367729187,0.0565215349197387,0.0323438495397567,0.0387656167149543,0.0592355504631996,1.0,1.0,1.0,1.0,1.0,0.0,1.0,1.0,1.0,1.0
/Users/josephkamil/Desktop/Capstone/BenchPress/v_BenchPress_g02_c07.avi,BenchPress,v_BenchPress_g02_c07.avi,0.27,bench_press,,yes,,non_olympic,bench_press_ucf_g02,train,f4e5b9bf0f2e76d102d8cecad2acc63606dd90861d8e2f79df641d60169a7930,1.0,f4e5b9bf0f2e76d102d8cecad2acc63606dd90861d8e2f79df641d60169a7930,78,36,0.4615384615384615,36.0,0.8888888955116272,0.0,1.0,1.0,2.0,0.9714285731315612,0.3714285790920257,0.3260975778102875,0.0523477606475353,0.0533397793769836,0.0104633383452892,136.46461486816406,148.13626098632812,152.36183166503906,149.20065307617188,151.01654052734375,152.4414520263672,151.65399169921875,159.80726623535156,156.81512451171875,151.81906127929688,133.95985412597656,139.61392211914062,143.64405822753906,139.92437744140625,137.69622802734375,138.63905334472656,134.46627807617188,143.79823303222656,144.6612548828125,145.5324249267578,121.04874420166016,84.66584014892578,133.05091857910156,111.9630126953125,115.95309448242188,105.99569702148438,91.41535949707033,120.71004486083984,121.70338439941406,87.01782989501953,17.64362144470215,19.838809967041016,16.30946159362793,16.557310104370117,17.103565216064453,17.137901306152344,16.91556739807129,14.849921226501465,14.178613662719728,21.903162002563477,0.2306181937456131,0.2895568907260895,0.5706453919410706,0.4250448048114776,0.2209098637104034,0.2615765333175659,0.3252226114273071,0.2387624979019165,0.2404029369354248,0.3430768549442291,0.4456993639469147,0.4412645697593689,0.5482921600341797,0.5001041293144226,0.4476112127304077,0.4393993318080902,0.4510101675987243,0.4531921446323395,0.4477788805961609,0.4605967104434967,0.6419824957847595,0.6468314528465271,0.6677765250205994,0.6461687684059143,0.6471236944198608,0.6486307382583618,0.6566141843795776,0.645220935344696,0.6603547930717468,0.6505654454231262,0.2151393890380859,0.1521057784557342,0.0960005223751068,0.130074068903923,0.2267319858074188,0.1779081672430038,0.1262649595737457,0.2154275923967361,0.2082675099372863,0.1267421245574951,1.0,1.0,0.3333333432674408,0.5,1.0,1.0,1.0,1.0,1.0,1.0
/Users/josephkamil/Desktop/Capstone/Archived_Datasets/ucf50/UCF50/BenchPress/v_BenchPress_g19_c03.avi,BenchPress,v_BenchPress_g19_c03.avi,0.22,bench_press,,yes,,non_olympic,bench_press_ucf_g19,train,3ba36bf8f23ce630aa30d77864feba34f25755729757d9029c04387e8c638f23,1.0,3ba36bf8f23ce630aa30d77864feba34f25755729757d9029c04387e8c638f23,82,61,0.7439024390243902,61.0,0.934426248073578,0.0666666701436042,1.0,0.934426248073578,1.0,0.9666666388511658,0.9666666388511658,0.1930052042007446,0.0248960573226213,0.3845908045768738,0.0086872251704335,123.99536895751952,71.33734893798828,71.24932098388672,73.9181137084961,74.00138854980469,64.02326202392578,67.72615814208984,76.78206634521484,67.96833038330078,61.77047348022461,172.89210510253906,156.58961486816406,159.45587158203125,159.51840209960938,158.73094177246094,153.4911346435547,157.41200256347656,160.61805725097656,161.0879364013672,154.51197814941406,155.66421508789062,112.58181762695312,79.5836410522461,80.74536895751953,111.12902069091795,96.3730239868164,113.79402923583984,87.73223114013672,86.84477996826172,92.97058868408205,16.312440872192383,46.36637878417969,48.09920120239258,48.086090087890625,45.919342041015625,45.317047119140625,48.381439208984375,48.48634719848633,45.95844650268555,44.36847686767578,0.4304471015930176,0.4245021343231201,0.5545695424079895,0.5513374209403992,0.5599400401115417,0.4677175283432007,0.4659253060817718,0.5135297179222107,0.5451144576072693,0.4667118489742279,0.2737543284893036,0.623572826385498,0.6246587634086609,0.617004930973053,0.6077327132225037,0.6124141812324524,0.6224732995033264,0.6117153763771057,0.6016612648963928,0.6079009771347046,0.5104170441627502,0.7884275913238525,0.787126362323761,0.7805287837982178,0.7718008160591125,0.7773704528808594,0.7819229960441589,0.787667989730835,0.7909526228904724,0.7879447937011719,0.2325746566057205,0.2011724114418029,0.0963713303208351,0.0726897194981575,0.0626435354351997,0.1481720954179763,0.1593483090400695,0.1088720560073852,0.0884958133101463,0.1440885812044143,0.3333333432674408,1.0,1.0,1.0,1.0,1.0,1.0,1.0,1.0,1.0
/Users/josephkamil/Desktop/Capstone/Archived_Datasets/ucf50/UCF50/BenchPress/v_BenchPress_g12_c07.avi,BenchPress,v_BenchPress_g12_c07.avi,0.22,bench_press,,yes,,non_olympic,bench_press_ucf_g12,test,fc47d7599d6e1eff2e28a9591849861d8f4bda35122a8f0ef32d6e59229e16ad,1.0,fc47d7599d6e1eff2e28a9591849861d8f4bda35122a8f0ef32d6e59229e16ad,68,64,0.9411764705882352,64.0,0.0,1.0,0.0,0.0,0.0,0.3333333432674408,0.2539682686328888,0.1139224171638488,0.022101292386651,0.0695441663265228,0.005744993686676,104.84850311279295,115.06451416015624,134.93276977539062,66.60814666748047,166.80712890625,154.17449951171875,129.2451934814453,136.68397521972656,116.69739532470705,114.03936767578124,82.37586975097656,76.02054595947266,43.99446487426758,54.275630950927734,145.56768798828125,156.9414825439453,141.6542205810547,131.64366149902344,122.02951049804688,80.00444030761719,128.67913818359375,76.29021453857422,125.1164093017578,142.565185546875,153.8466796875,153.26626586914062,162.73748779296875,160.88426208496094,163.67111206054688,167.2345428466797,117.45931243896484,118.85843658447266,127.66605377197266,135.6488494873047,58.21995162963867,44.46075820922851,41.70534896850586,43.44063186645508,38.57081985473633,36.69667434692383,0.3096332252025604,0.2922952473163605,0.3060003817081451,0.3422193825244903,0.2332551628351211,0.2578580677509308,0.3216966092586517,0.2901214063167572,0.3173748552799225,0.3105103373527527,0.190899908542633,0.2031782865524292,0.2039858847856521,0.2224061042070388,0.1129409074783325,0.0937191471457481,0.0948741659522056,0.0922718718647956,0.1010994017124176,0.1149570792913436,0.1066246256232261,0.1179790496826171,0.0992932170629501,0.0935359597206115,0.1498791873455047,0.1608124524354934,0.1645871549844741,0.1637286841869354,0.1882786750793457,0.1926939934492111,0.1264238804578781,0.0957058146595954,0.1211704388260841,0.1309898346662521,0.1346344500780105,0.1707923412322998,0.2268568277359008,0.1990193873643875,0.2164385169744491,0.1956485509872436,0.0,0.0,0.0,0.0,0.0,0.0,0.0,0.0,0.0,0.0
/Users/josephkamil/Desktop/Capstone/Archived_Datasets/ucf50/UCF50/BenchPress/v_BenchPress_g09_c01.avi,BenchPress,v_BenchPress_g09_c01.avi,0.26,bench_press,,yes,,non_olympic,bench_press_ucf_g09,train,80519fce17dcc71233446d52929e812e6e36bce7053d1e16bae45655e63ebfbc,1.0,80519fce17dcc71233446d52929e812e6e36bce7053d1e16bae45655e63ebfbc,85,82,0.9647058823529412,82.0,0.8414633870124817,0.0,1.0,1.0,6.0,0.7037037014961243,0.7037037014961243,0.1742472648620605,0.0316824316978454,0.0366816520690918,0.0073551684617996,118.16302490234376,132.33392333984375,74.2415542602539,56.396034240722656,82.25731658935547,43.042625427246094,46.22441101074219,59.69515228271485,116.4285125732422,53.06642532348633,137.99630737304688,164.59869384765625,133.7639923095703,126.77674865722656,148.23577880859375,121.50863647460938,129.92007446289062,131.5189208984375,153.66273498535156,125.72599029541016,69.52940368652344,111.29304504394533,133.47918701171875,139.9871368408203,137.85557556152344,99.59434509277344,147.46047973632812,167.714599609375,60.68709564208984,121.82864379882812,112.34857177734376,105.50292205810548,106.06684112548828,107.19590759277344,106.10437774658205,102.38558959960938,105.44660949707033,107.54013061523438,102.2482452392578,105.52496337890624,0.6534301042556763,0.7140197157859802,0.62994784116745,0.5576625466346741,0.7428402304649353,0.6581754684448242,0.5304175615310669,0.6233495473861694,0.6997160911560059,0.5740258097648621,0.7310051321983337,0.719620943069458,0.7125765085220337,0.71632319688797,0.7244258522987366,0.7303654551506042,0.711694061756134,0.7148417234420776,0.743789553642273,0.7041618824005127,0.6476430892944336,0.6442725658416748,0.6327329874038696,0.6323314905166626,0.6398077607154846,0.6634241342544556,0.6349688172340393,0.6250029802322388,0.6785764694213867,0.6264921426773071,0.1013463884592056,0.1397701799869537,0.120327703654766,0.1754881590604782,0.1561484783887863,0.1063238605856895,0.2036318033933639,0.1365546435117721,0.115579716861248,0.1584995836019516,1.0,0.375,1.0,1.0,0.2222222238779068,1.0,1.0,0.875,1.0,1.0
/Users/josephkamil/Desktop/Capstone/Archived_Datasets/ucf50/UCF50/BenchPress/v_BenchPress_g17_c02.avi,BenchPress,v_BenchPress_g17_c02.avi,0.18,bench_press,,yes,,non_olympic,bench_press_ucf_g17,dev,a9c3bcc199482fe203487ca993a6825ccb882d88e0090b7b6c0747a26ae905ec,1.0,a9c3bcc199482fe203487ca993a6825ccb882d88e0090b7b6c0747a26ae905ec,68,32,0.4705882352941176,32.0,0.3125,0.0322580635547637,0.9677419066429138,0.9375,12.0,0.2258064448833465,0.4516128897666931,0.3019410967826843,0.0833460539579391,0.2167640328407287,0.0221524331718683,174.5719451904297,178.8475341796875,69.35640716552734,103.33435821533205,107.1896514892578,165.4508056640625,162.3916778564453,138.8551483154297,164.72605895996094,169.33753967285156,149.88523864746094,151.3728485107422,166.5396270751953,171.2502899169922,151.5715789794922,151.00079345703125,141.5101318359375,161.7737579345703,149.78663635253906,139.16493225097656,166.45448303222656,102.17362213134766,112.204833984375,107.85066986083984,92.92585754394533,163.46876525878906,145.6630401611328,130.3520965576172,123.42176055908205,94.67445373535156,80.01847076416016,73.53497314453125,70.1686782836914,72.0814208984375,68.85682678222656,72.4810562133789,71.94599151611328,71.29652404785156,71.0506362915039,70.79640197753906,0.7285828590393066,0.8046951293945312,0.7851274609565735,0.7761854529380798,0.8949993848800659,0.8042823672294617,0.7535052299499512,0.8102877140045166,0.8193917274475098,0.7825605273246765,0.7987025380134583,0.7540047764778137,0.7621212005615234,0.7637488842010498,0.820624053478241,0.8469448089599609,0.820339024066925,0.772562563419342,0.7548359036445618,0.7619572877883911,0.8688089847564697,0.8569071888923645,0.8751263618469238,0.869010865688324,0.9665557146072388,0.9904252886772156,0.9614604115486144,0.9023559093475342,0.8638848662376404,0.8823767304420471,0.175816535949707,0.1482781320810318,0.1713049858808517,0.1563168913125991,0.2518117129802704,0.3343985974788666,0.2323298901319503,0.225868210196495,0.1268247663974762,0.0910506024956703,0.6666666865348816,0.0,0.3333333432674408,0.3333333432674408,0.25,0.3333333432674408,0.3333333432674408,0.3333333432674408,0.0,0.5
/Users/josephkamil/Desktop/Capstone/_Duplicate_Backups/UCF50/PullUps/v_Pullup_g09_c01.avi,PullUps,v_Pullup_g09_c01.avi,0.3,pull_up,,yes,,non_olympic,pull_up_ucf_g09,train,692b4372998a2aa7f856ee0031e8e976c36ce16e37a29428532195cbe4451577,1.0,692b4372998a2aa7f856ee0031e8e976c36ce16e37a29428532195cbe4451577,107,107,1.0,107.0,0.7943925261497498,0.0,1.0,1.0,8.0,0.3301886916160583,0.3207547068595886,0.1015259772539138,0.0116823706775903,0.0611386895179748,0.0176807008683681,145.45022583007812,116.7392120361328,160.1000213623047,122.19075775146484,163.14207458496094,161.18353271484375,154.7789764404297,103.6591796875,151.93116760253906,144.81088256835938,56.46074295043945,143.5956268310547,170.93016052246094,103.9199676513672,171.173583984375,176.43295288085938,55.434791564941406,61.78904724121094,173.71942138671875,143.14430236816406,174.7937469482422,124.74990844726562,118.09835815429688,175.5416717529297,120.14981079101562,67.98040008544922,168.3553924560547,152.58616638183594,90.1323699951172,157.5760040283203,5.969512939453125,16.475711822509766,13.080313682556152,5.7995452880859375,11.7966947555542,11.523116111755373,9.507131576538086,10.118165016174316,14.578827857971191,8.87090015411377,0.1396726816892624,0.1829427629709243,0.1966278403997421,0.1834346354007721,0.222844511270523,0.2759011387825012,0.243483155965805,0.2464070171117782,0.2928666472434997,0.2378800511360168,0.3874357342720032,0.2392086833715438,0.2877830564975738,0.4179170131683349,0.3409847915172577,0.2879392206668854,0.459682285785675,0.4243264198303222,0.2625557780265808,0.4214207530021667,0.6688156127929688,0.5064103007316589,0.5750231146812439,0.7321808338165283,0.6481034755706787,0.5588002800941467,0.7387612462043762,0.72182697057724,0.523625910282135,0.7155231833457947,0.2497158795595169,0.129912868142128,0.1434056311845779,0.235646054148674,0.1538023799657821,0.0928438976407051,0.2193421125411987,0.1912424117326736,0.0929875299334526,0.1921889781951904,1.0,0.5454545617103577,0.8181818127632141,1.0,1.0,0.3636363744735718,1.0,1.0,0.2727272808551788,1.0
/Users/josephkamil/Desktop/Capstone/_Duplicate_Backups/UCF50/PullUps/v_Pullup_g13_c01.avi,PullUps,v_Pullup_g13_c01.avi,0.24,pull_up,,yes,,non_olympic,pull_up_ucf_g13,train,96590a4e2d70e33ec715abf9867d37d41bf71aed13535a2aa95708c391df4e55,1.0,96590a4e2d70e33ec715abf9867d37d41bf71aed13535a2aa95708c391df4e55,93,90,0.967741935483871,90.0,0.9888888597488404,0.0,1.0,1.0,2.0,0.4943820238113403,0.7977527976036072,0.1003918051719665,0.0071059772744774,0.1095550060272216,0.0125428717583417,173.95887756347656,175.79234313964844,174.12213134765625,171.06716918945312,156.88343811035156,175.424560546875,178.50123596191406,175.746337890625,174.4986572265625,177.1936492919922,176.7526092529297,174.134765625,177.85540771484375,176.13250732421875,175.28485107421875,175.6126251220703,174.50625610351562,176.3134765625,176.4690399169922,176.5369110107422,154.74522399902344,129.57078552246094,35.51312255859375,116.23212432861328,162.69851684570312,162.11781311035156,111.58612823486328,35.795650482177734,140.8289794921875,167.92547607421875,3.572218656539917,4.438479900360107,3.205775737762451,5.9634480476379395,4.132766246795654,3.0659539699554443,4.621425151824951,3.032801628112793,3.421788454055786,3.971673011779785,0.3417962491512298,0.2959586381912231,0.3356999158859253,0.3153391778469085,0.2669788002967834,0.1920377910137176,0.176575481891632,0.2042581588029861,0.1624548882246017,0.1422904133796692,0.506817638874054,0.4476387798786163,0.3764280080795288,0.4443033039569855,0.4905894696712494,0.4079269170761108,0.3122326135635376,0.2522661089897156,0.3287752866744995,0.375162124633789,0.7210988998413086,0.6950655579566956,0.5971314311027527,0.7022141218185425,0.7605092525482178,0.6941583156585693,0.5577462315559387,0.4938928782939911,0.5878550410270691,0.6522778272628784,0.1657729893922805,0.1535642594099044,0.0463862679898738,0.1294798105955124,0.2236154079437255,0.2159767597913742,0.1387611925601959,0.0582106634974479,0.1686966717243194,0.233745127916336,1.0,1.0,1.0,1.0,1.0,1.0,1.0,0.8888888955116272,1.0,1.0
/Users/josephkamil/Desktop/Capstone/PullUps/v_PullUps_g24_c02.avi,PullUps,v_PullUps_g24_c02.avi,0.4,pull_up,,yes,,non_olympic,pull_up_ucf_g24,dev,48be6ef22a167276029ee33290a3b435677fd506f25cbe1a2dcbf172fb4e5617,1.0,48be6ef22a167276029ee33290a3b435677fd506f25cbe1a2dcbf172fb4e5617,192,192,1.0,192.0,1.0,0.0,1.0,1.0,0.0,0.7329843044281006,0.2984293103218078,0.0034425258636474,0.0006036098347976,0.0106448531150817,0.0032800438348203,159.62942504882812,165.30361938476562,160.1425323486328,153.3260498046875,159.51351928710938,164.2353973388672,162.3589324951172,153.7483673095703,156.2818145751953,161.4613037109375,168.940185546875,171.37533569335938,167.2698516845703,164.31829833984375,170.27926635742188,171.40724182128906,168.78707885742188,164.88796997070312,167.70191955566406,169.43893432617188,177.2008056640625,160.6886749267578,60.53433990478515,146.2661590576172,176.3710479736328,177.95147705078125,154.0630645751953,44.68412780761719,128.80194091796875,176.65652465820312,0.280933141708374,0.7114849090576172,1.840091109275818,2.3867313861846924,0.4899643957614898,0.802088737487793,1.7402998208999634,1.2377598285675049,1.4766416549682615,0.4714991152286529,0.3277267515659332,0.3199772536754608,0.3257279098033905,0.3220589756965637,0.322802871465683,0.3175729215145111,0.3199929296970367,0.3351185619831085,0.3357316553592682,0.3347444534301758,0.4765209853649139,0.4361713230609894,0.366596519947052,0.4238963425159454,0.4696549773216247,0.4661214649677276,0.426616758108139,0.3649050295352936,0.4291779398918152,0.4833671152591705,0.6287446022033691,0.5760869383811951,0.4965986907482147,0.5515141487121582,0.6226016283035278,0.621719241142273,0.5600495338439941,0.4963320195674896,0.5601351261138916,0.634294867515564,0.1488531976938247,0.1162542402744293,0.0409659780561924,0.1019334271550178,0.1469042599201202,0.148584708571434,0.1066595762968063,0.0299466308206319,0.0935520157217979,0.1486709862947464,1.0,1.0,1.0,1.0,1.0,1.0,1.0,1.0,1.0,1.0
/Users/josephkamil/Desktop/Capstone/_Duplicate_Backups/UCF50/PullUps/v_Pullup_g21_c01.avi,PullUps,v_Pullup_g21_c01.avi,0.42,pull_up,,yes,,non_olympic,pull_up_ucf_g21,train,d37d3564446ac13e776da2e63f0332028884d7c85ee66fdf1c90ae22df63f54c,1.0,d37d3564446ac13e776da2e63f0332028884d7c85ee66fdf1c90ae22df63f54c,165,38,0.2303030303030303,38.0,0.5263158082962036,0.0,1.0,1.0,18.0,0.8918918967247009,0.945945918560028,0.6727091073989868,0.1990377306938171,0.2553905844688415,0.0547108389437198,128.9761199951172,153.96185302734375,172.73587036132812,109.77171325683594,154.06719970703125,140.3464813232422,128.615234375,178.387451171875,122.53311920166016,132.43988037109375,160.19793701171875,173.84127807617188,172.56109619140625,147.8231201171875,169.733642578125,153.3802947998047,153.32037353515625,176.07830810546875,152.75430297851562,132.75094604492188,109.85285186767578,171.60589599609375,63.80584335327149,144.4038848876953,156.06027221679688,133.4608612060547,101.4042510986328,81.30795288085938,173.42466735839844,146.87281799316406,10.693665504455566,7.69163703918457,179.2344512939453,56.9877815246582,109.21317291259766,119.02291870117188,98.30731201171876,178.9833984375,96.61468505859376,123.04469299316406,0.080881655216217,0.1440762430429458,0.5708705186843872,0.2194235920906067,0.4779746532440185,0.4778765439987182,0.3704085946083069,0.604092001914978,0.3477587401866913,0.4497507214546203,0.1701394319534301,0.1413534581661224,0.5590475797653198,0.3101800084114074,0.4905838668346405,0.4889855682849884,0.3732927143573761,0.606586217880249,0.4263551235198974,0.4833874702453613,0.3423024713993072,0.3279585838317871,0.3434647917747497,0.3907833397388458,0.4566724598407745,0.4550580084323883,0.358132928609848,0.3972267210483551,0.4141566157341003,0.4261192083358764,0.1004219874739646,0.0895083844661712,0.0418190211057662,0.1041915938258171,0.0922616124153137,0.1184708252549171,0.0704802423715591,0.0543514229357242,0.1051095873117446,0.0724263414740562,1.0,0.5,0.5,0.75,0.25,0.3333333432674408,0.5,0.5,0.5,0.5
/Users/josephkamil/Desktop/Capstone/PullUps/v_PullUps_g04_c04.avi,PullUps,v_PullUps_g04_c04.avi,0.33,pull_up,,yes,,non_olympic,pull_up_ucf_g04,test,ade81f66dbbf9214674534b3c76d7b04f7629fe96b07bb09eaa8827469698835,2.0,ade81f66dbbf9214674534b3c76d7b04f7629fe96b07bb09eaa8827469698835,138,138,1.0,138.0,0.52173912525177,0.0,0.8540145754814148,0.8550724387168884,5.0,0.8613138794898987,0.1897810250520706,0.0762671381235122,0.0087691796943545,0.0362004041671752,0.0062135960906744,173.6488494873047,174.84681701660156,172.8856201171875,173.30810546875,175.32508850097656,176.63307189941406,175.47286987304688,175.5278778076172,166.77841186523438,176.27427673339844,175.34344482421875,169.21240234375,168.91270446777344,171.9413604736328,174.57191467285156,175.49644470214844,176.21432495117188,171.09658813476562,174.23141479492188,173.31556701660156,177.84622192382812,119.16490936279295,54.54610824584961,87.15924835205078,79.71684265136719,156.35679626464844,175.7857666015625,164.91036987304688,53.68693161010742,79.92706298828125,4.847419261932373,4.05979585647583,4.400641918182373,7.562079429626465,2.7344071865081787,3.909428834915161,3.51967191696167,5.928309917449951,2.872769594192505,5.906965732574463,0.1311073899269104,0.1746812164783477,0.2041205316781997,0.230113536119461,0.2315834909677505,0.1749918609857559,0.1885497123003006,0.1574967056512832,0.1520441770553589,0.157103806734085,0.3041534423828125,0.230493888258934,0.1693859994411468,0.1838110834360122,0.2000166177749633,0.3070337176322937,0.3669852912425995,0.2960712015628814,0.1531512588262558,0.1194722130894661,0.5011067390441895,0.3986288011074066,0.321587860584259,0.3337841928005218,0.3618457019329071,0.4888772368431091,0.568151593208313,0.4791076481342315,0.3118681311607361,0.277034193277359,0.1732707619667053,0.0792590230703353,0.0351437889039516,0.0473820008337497,0.0512471012771129,0.1328420341014862,0.1786235272884369,0.1402619481086731,0.0253942068666219,0.0401825122535228,1.0,0.7142857313156128,0.0,0.0,0.2142857164144516,1.0,1.0,1.0,0.3571428656578064,0.0
/Users/josephkamil/Desktop/Capstone/_Duplicate_Backups/UCF50/PullUps/v_Pullup_g19_c01.avi,PullUps,v_Pullup_g19_c01.avi,0.2,pull_up,,yes,,non_olympic,pull_up_ucf_g19,train,595bb3b0ec4a8b144046c98942bd8721a9c556a8745d128322194d2139eb8600,1.0,595bb3b0ec4a8b144046c98942bd8721a9c556a8745d128322194d2139eb8600,111,111,1.0,111.0,1.0,0.0,1.0,1.0,0.0,0.6272727251052856,0.6181818246841431,0.0103031694889068,0.0017028602305799,0.025364875793457,0.0099029587581753,89.87773895263672,167.275146484375,175.77435302734375,168.60023498535156,105.34252166748048,100.50564575195312,135.14784240722656,175.81715393066406,177.95684814453125,101.2684555053711,162.5656280517578,166.60220336914062,174.7406005859375,170.54991149902344,163.07745361328125,162.19625854492188,161.37466430664062,166.3418426513672,163.64065551757812,164.8667755126953,174.88055419921875,167.82162475585938,62.40394592285156,145.73101806640625,174.8880615234375,176.24066162109375,172.6794891357422,36.08735275268555,163.5880889892578,176.05564880371094,7.865294933319092,17.676658630371094,19.62592506408691,13.762412071228027,8.671398162841797,4.568376064300537,13.281932830810549,19.492162704467773,21.36390495300293,10.80877685546875,0.1314552724361419,0.1244884729385376,0.1319472193717956,0.136672630906105,0.1327724605798721,0.1327084004878997,0.1235157549381256,0.1356427818536758,0.1347025781869888,0.1399716287851333,0.3566490411758423,0.2849637567996979,0.2022325992584228,0.2652251422405243,0.3503797054290771,0.3627250492572784,0.2699806988239288,0.1910751461982727,0.2882404029369354,0.3602936267852783,0.6051198840141296,0.4802917540073395,0.3641857802867889,0.4642787873744964,0.5857141017913818,0.6135411858558655,0.4797719717025757,0.3567263782024383,0.4735038876533508,0.5938937664031982,0.225490003824234,0.1641695201396942,0.0770214572548866,0.1332646310329437,0.2194272130727768,0.2302926927804947,0.1529904305934906,0.06279918551445,0.1562633365392685,0.2212219387292862,1.0,1.0,1.0,1.0,1.0,1.0,1.0,1.0,1.0,1.0
/Users/josephkamil/Desktop/Capstone/_Duplicate_Backups/UCF50/PullUps/v_Pullup_g28_c02.avi,PullUps,v_Pullup_g28_c02.avi,0.53,pull_up,,yes,,non_olympic,pull_up_ucf_g28,train,145b622a0927e6357343b77bd0f21fb55d9d2583ea41338710fa5628ed56a965,1.0,145b622a0927e6357343b77bd0f21fb55d9d2583ea41338710fa5628ed56a965,218,218,1.0,218.0,0.9816513657569884,0.0,1.0,1.0,4.0,0.7788018584251404,0.7142857313156128,0.0199925154447555,0.0023184046149253,0.0435019731521606,0.0079366490244865,175.74453735351562,173.43663024902344,171.41082763671875,177.29380798339844,170.32383728027344,170.969970703125,172.9640655517578,174.51571655273438,174.78453063964844,174.20510864257812,165.166748046875,175.43626403808594,169.6064453125,164.5810546875,175.43907165527344,171.73117065429688,169.48768615722656,171.0338134765625,172.67637634277344,172.04290771484375,164.90020751953125,38.39306640625,150.51580810546875,172.8505401611328,70.12891387939453,114.22532653808594,174.6871795654297,89.13459777832031,88.18641662597656,174.2971649169922,5.41840934753418,11.401015281677246,10.92867660522461,3.2922356128692627,10.895468711853027,13.41076946258545,4.035826206207275,9.48253059387207,12.07186222076416,4.563961982727051,0.1224921345710754,0.1302984803915023,0.1375950872898101,0.1343040466308593,0.1214003041386604,0.1243191212415695,0.1250922083854675,0.1212675124406814,0.1301801651716232,0.118787981569767,0.314734935760498,0.1617491096258163,0.3079531490802765,0.3556441068649292,0.1883262693881988,0.2473424673080444,0.3529000580310821,0.2116032093763351,0.2087805718183517,0.3467397391796112,0.5901355743408203,0.4105031192302704,0.5551037192344666,0.6353057622909546,0.4324057400226593,0.4870360791683197,0.6300632953643799,0.4690077900886535,0.450056254863739,0.6224541664123535,0.1939247846603393,0.050637412816286,0.1776114106178283,0.2220518589019775,0.0769313350319862,0.1321133971214294,0.2285299301147461,0.1022367179393768,0.0950732678174972,0.2293076664209365,1.0,1.0,1.0,1.0,1.0,1.0,1.0,1.0,0.8181818127632141,1.0
/Users/josephkamil/Desktop/Capstone/PullUps/v_PullUps_g19_c04.avi,PullUps,v_PullUps_g19_c04.avi,0.18,pull_up,,yes,,non_olympic,pull_up_ucf_g19,train,7ecc4b9cfaa4fd368ee3384298c6806fe52ce107fde2f3f2775325fde040832e,2.0,7ecc4b9cfaa4fd368ee3384298c6806fe52ce107fde2f3f2775325fde040832e,104,104,1.0,104.0,1.0,0.0,1.0,1.0,0.0,0.3980582654476166,0.6116504669189453,0.0092208236455917,0.0016662433044984,0.0336059927940368,0.0097263185307383,86.36426544189453,144.08914184570312,173.7327117919922,167.4818878173828,87.36117553710938,89.86348724365234,149.80484008789062,177.75128173828125,178.37586975097656,122.21282196044922,162.99853515625,163.95358276367188,170.80531311035156,165.1732940673828,164.563720703125,161.74203491210938,162.5565948486328,168.99896240234375,165.1719512939453,165.60813903808594,175.9546356201172,167.44180297851562,55.94906234741211,132.94671630859375,174.44691467285156,174.92605590820312,168.39633178710938,30.000612258911133,145.45977783203125,174.2313690185547,9.924044609069824,16.07777976989746,14.71636962890625,13.45985221862793,10.44398307800293,8.236668586730957,15.22692584991455,14.431536674499512,16.07173728942871,11.49977207183838,0.135973185300827,0.1255854368209839,0.1367790102958679,0.1382751166820526,0.1440375745296478,0.1348035782575607,0.1254230439662933,0.1405618041753769,0.1382918953895568,0.1422115713357925,0.3618461489677429,0.2785824537277221,0.1956048011779785,0.2592633068561554,0.3552444279193878,0.3595916628837585,0.2674777507781982,0.1946152746677398,0.2702949345111847,0.3601816892623901,0.6005517840385437,0.4766930937767029,0.3749115169048309,0.4586075842380523,0.5816168785095215,0.5955043435096741,0.4636300206184387,0.3746834099292755,0.4646714329719543,0.5888872146606445,0.2261470258235931,0.1593457758426666,0.0711736157536506,0.1258767545223236,0.2125319391489029,0.2252306044101715,0.1491331309080124,0.0633114501833915,0.1354016661643982,0.2191875129938125,1.0,1.0,1.0,1.0,1.0,1.0,1.0,1.0,1.0,1.0
/Users/josephkamil/Desktop/Capstone/_Duplicate_Backups/UCF50/PullUps/v_Pullup_g11_c03.avi,PullUps,v_Pullup_g11_c03.avi,0.21,pull_up,,yes,,non_olympic,pull_up_ucf_g11,train,d4729dc87ce0e01c09f0afeb697cbad966329cd906408c054204b9803a9e7ef8,1.0,d4729dc87ce0e01c09f0afeb697cbad966329cd906408c054204b9803a9e7ef8,91,91,1.0,91.0,0.8131868243217468,0.0,1.0,1.0,4.0,0.644444465637207,0.1111111119389534,0.0281993746757507,0.0043396521359682,0.0227347016334533,0.0091172689571976,139.5617218017578,148.4009552001953,178.02755737304688,176.13461303710938,175.61094665527344,164.5728759765625,117.88959503173828,168.76541137695312,174.3120880126953,169.2502899169922,158.99411010742188,156.92657470703125,172.75230407714844,176.53114318847656,175.1507110595703,174.74488830566406,156.15882873535156,171.0487060546875,175.34051513671875,171.9099578857422,162.5791473388672,63.79910659790039,10.797422409057615,92.39864349365234,164.44992065429688,166.95449829101562,124.35707092285156,19.426944732666016,44.65573501586914,156.1040496826172,1.317545771598816,3.546955108642578,4.05861759185791,7.517412185668945,2.944262981414795,0.3800320625305176,1.7738031148910522,1.3863197565078735,3.8577961921691895,2.3552069664001465,0.1157362610101699,0.1288740783929824,0.1680232733488083,0.1378917396068573,0.1187478825449943,0.0887678861618042,0.0794672220945358,0.1578386574983596,0.1731516867876052,0.1564976274967193,0.3003664016723633,0.1956821233034134,0.1482166945934295,0.2466174811124801,0.32201087474823,0.3057933449745178,0.2144365459680557,0.1487369835376739,0.2119050621986389,0.3483433723449707,0.5618675351142883,0.4532436728477478,0.4088566899299621,0.5048189163208008,0.5840255618095398,0.5733575820922852,0.4834679067134857,0.4043439030647278,0.4680355787277221,0.6120087504386902,0.1852138936519622,0.0821062996983528,0.033747624605894,0.1155882179737091,0.2033644914627075,0.2171537280082702,0.143166571855545,0.0541165098547935,0.0712068974971771,0.1921668201684951,1.0,0.8888888955116272,0.1111111119389534,1.0,1.0,1.0,1.0,0.4444444477558136,0.6666666865348816,1.0
/Users/josephkamil/Desktop/Capstone/PullUps/v_PullUps_g08_c03.avi,PullUps,v_PullUps_g08_c03.avi,0.26,pull_up,,yes,,non_olympic,pull_up_ucf_g08,train,05e1a01a5900017bc01fcba9eb240540f0597003872c8618c0bff3c9383999b2,1.0,05e1a01a5900017bc01fcba9eb240540f0597003872c8618c0bff3c9383999b2,104,104,1.0,104.0,0.9903846383094788,0.0,1.0,1.0,2.0,0.116504855453968,0.0873786434531211,0.0471261143684387,0.0065501849167048,0.0518824458122253,0.0177634190768003,172.59442138671875,147.59713745117188,140.13018798828125,177.36669921875,134.63446044921875,142.63998413085938,162.36358642578125,170.58558654785156,153.72671508789062,166.614013671875,173.27670288085938,165.7163543701172,167.83013916015625,176.159912109375,166.22540283203125,164.42642211914062,171.74862670898438,173.0741424560547,162.87673950195312,167.35203552246094,164.4267578125,118.9480209350586,96.6781234741211,160.6816864013672,126.31232452392578,54.99298095703125,150.87322998046875,162.0686798095703,78.63858032226562,121.8486328125,4.6577253341674805,10.387289047241213,5.865374565124512,2.741820812225342,4.775266170501709,3.0978293418884277,3.8043150901794434,4.589332103729248,7.318006992340088,4.512029647827148,0.2865164577960968,0.2797167897224426,0.2852564752101898,0.2486436367034912,0.2584106624126434,0.3155129551887512,0.2797760665416717,0.2493838369846344,0.2655742764472961,0.2692287564277649,0.5742241144180298,0.4326822757720947,0.4114384651184082,0.5254106521606445,0.4363205730915069,0.3494937419891357,0.5129439830780029,0.5128713846206665,0.3535272479057312,0.4550173580646515,0.918409526348114,0.7031770944595337,0.6896135807037354,0.8728135228157043,0.7405266165733337,0.6230263710021973,0.8223980069160461,0.8416109681129456,0.6102675199508667,0.759390115737915,0.2877675890922546,0.1548093110322952,0.1262893378734588,0.2769193947315216,0.1806400418281555,0.0486115328967571,0.233647421002388,0.2635722458362579,0.0888425409793853,0.1858908236026764,1.0,1.0,1.0,1.0,1.0,0.8999999761581421,1.0,1.0,1.0,1.0
/Users/josephkamil/Desktop/Capstone/PullUps/v_PullUps_g03_c02.avi,PullUps,v_PullUps_g03_c02.avi,0.54,pull_up,,yes,,non_olympic,pull_up_ucf_g03,train,569211d6bc9b5de40f0cd0d27c370d4f9b98cc4dbf1171e7456d36a96acdab51,1.0,569211d6bc9b5de40f0cd0d27c370d4f9b98cc4dbf1171e7456d36a96acdab51,208,208,1.0,208.0,0.692307710647583,0.0,1.0,1.0,10.0,0.0241545885801315,0.0144927538931369,0.094395488500595,0.0065704649314284,0.0369905829429626,0.0070479782298207,159.89776611328125,170.6481475830078,178.60379028320312,177.5686798095703,176.0661163330078,173.70225524902344,171.52040100097656,178.0427703857422,175.02223205566406,176.21966552734375,128.90536499023438,174.64768981933594,174.38343811035156,173.8916778564453,173.48345947265625,174.8577880859375,173.4146270751953,172.88763427734375,174.18055725097656,172.65493774414062,177.65182495117188,122.19017028808594,75.21532440185547,61.87858200073242,173.06346130371094,177.99179077148438,164.73060607910156,43.67190933227539,37.94414138793945,133.27145385742188,1.5241984128952026,1.334525227546692,0.5961835384368896,0.7481001615524292,0.2920457422733307,0.2558141946792602,1.5729016065597534,0.6499261260032654,0.3875181078910827,0.1963250041007995,0.3822178542613983,0.3708303272724151,0.4288252890110016,0.3866349756717682,0.3515314757823944,0.3764695525169372,0.3609498143196106,0.3953629434108734,0.4094538390636444,0.3580076992511749,0.6134212613105774,0.4986092746257782,0.3312510251998901,0.415238469839096,0.5637482404708862,0.6135668754577637,0.5544750094413757,0.3660514056682586,0.3401896953582763,0.4944632947444916,0.8480310440063477,0.7614432573318481,0.5865731239318848,0.681479811668396,0.8367400169372559,0.8962959051132202,0.8330052495002747,0.6300047636032104,0.6014658808708191,0.7690166234970093,0.2312833815813064,0.1328060328960418,0.0977845638990402,0.0625742673873901,0.2123946398496627,0.2371090352535247,0.1938368529081344,0.0557605363428592,0.07127396017313,0.1371798068284988,1.0,0.8571428656578064,0.0,0.6666666865348816,1.0,1.0,1.0,0.380952388048172,0.095238097012043,0.9523809552192688
/Users/josephkamil/Desktop/Capstone/PullUps/v_PullUps_g17_c04.avi,PullUps,v_PullUps_g17_c04.avi,0.44,pull_up,,yes,,non_olympic,pull_up_ucf_g17,train,cde615a278a6f9c27e9868c3d151dc41bbfa9d236d450e441278571fd0abd98c,1.0,cde615a278a6f9c27e9868c3d151dc41bbfa9d236d450e441278571fd0abd98c,226,226,1.0,226.0,1.0,0.0,1.0,1.0,0.0,0.7822222113609314,0.804444432258606,0.0053983479738235,0.0006032263627275,0.0208966434001922,0.0056293155066668,175.32203674316406,174.5226593017578,177.0998077392578,176.5514373779297,177.9036407470703,176.2460479736328,173.94395446777344,174.42835998535156,173.5725555419922,175.19215393066406,176.32485961914062,176.59571838378906,179.01683044433594,177.64515686035156,174.0626220703125,175.3715057373047,176.26722717285156,175.76918029785156,174.55331420898438,176.36752319335938,178.3678741455078,159.36929321289062,30.11426544189453,71.5628662109375,174.47007751464844,177.3713836669922,162.81161499023438,52.91433334350586,34.782718658447266,165.5671844482422,0.4036755859851837,1.8854904174804688,2.6856329441070557,1.5480109453201294,1.0428773164749146,0.4306268393993377,2.312067747116089,3.01876163482666,1.1545400619506836,1.1495486497879028,0.1531012058258056,0.1378661394119262,0.1343896239995956,0.1367959082126617,0.1463433504104614,0.1492431312799453,0.1358537077903747,0.1311491131782531,0.1359388679265976,0.1408539861440658,0.3911939859390259,0.3194565773010254,0.1928983330726623,0.237746775150299,0.3795168101787567,0.3905198276042938,0.3240898251533508,0.2075647860765457,0.1937865316867828,0.3585405051708221,0.6421099305152893,0.5402241945266724,0.3800956010818481,0.4496249258518219,0.6305956244468689,0.6415944695472717,0.5481313467025757,0.3938909769058227,0.3914486765861511,0.6019209623336792,0.2380971312522888,0.1816057711839676,0.0591715686023235,0.1014492213726043,0.2331869155168533,0.2412783503532409,0.1882442831993103,0.0768513977527618,0.0591998249292373,0.2176974266767501,1.0,1.0,1.0,1.0,1.0,1.0,1.0,1.0,1.0,1.0
/Users/josephkamil/Desktop/Capstone/_Duplicate_Backups/UCF50/PullUps/v_Pullup_g30_c03.avi,PullUps,v_Pullup_g30_c03.avi,0.25,pull_up,,yes,,non_olympic,pull_up_ucf_g30,train,f65495891699e580514cb022522b4240699978c7ee97da1cc450ef28704801d2,1.0,f65495891699e580514cb022522b4240699978c7ee97da1cc450ef28704801d2,102,99,0.9705882352941176,99.0,1.0,0.0,1.0,1.0,0.0,0.6632652878761292,0.6632652878761292,0.037173718214035,0.0043609021231532,0.0829269886016845,0.0207327529788017,168.9256134033203,177.66152954101562,163.14065551757812,145.59033203125,169.31439208984375,176.13719177246094,132.26544189453125,170.39056396484375,174.745361328125,168.72360229492188,171.34571838378906,175.10235595703125,166.0900421142578,150.84898376464844,171.24273681640625,174.138671875,142.54217529296875,174.29544067382812,174.91697692871094,169.8812713623047,94.46428680419922,79.47541809082031,103.8464126586914,113.7555923461914,78.06275939941406,81.11543273925781,121.7187271118164,86.56092071533203,66.02037048339844,106.5781021118164,0.2833423614501953,0.3156841695308685,0.4244702756404876,0.2191365659236908,0.205259770154953,0.2290374785661697,0.288181722164154,0.720293402671814,0.1842137277126312,0.2398826330900192,0.1234039962291717,0.1126004233956337,0.1068085804581642,0.1354229152202606,0.1127662658691406,0.1005019396543502,0.121990367770195,0.1240586265921592,0.1091684326529502,0.113876387476921,0.3075475096702575,0.1898680925369262,0.3653615713119507,0.4057582020759582,0.2221756428480148,0.2797241806983948,0.4351811408996582,0.2867316305637359,0.195398211479187,0.3787252008914947,0.8139267563819885,0.6683815717697144,0.8870934247970581,0.93658447265625,0.7176932096481323,0.7823249101638794,0.9707225561141968,0.7995225191116333,0.6728522181510925,0.9016095399856568,0.1857735216617584,0.0793279185891151,0.2586656212806701,0.2705049812793731,0.1099025011062622,0.1793548464775085,0.3132471442222595,0.162769466638565,0.0862918868660926,0.2649212777614593,1.0,1.0,1.0,1.0,1.0,1.0,1.0,1.0,1.0,1.0
/Users/josephkamil/Desktop/Capstone/PullUps/v_PullUps_g05_c03.avi,PullUps,v_PullUps_g05_c03.avi,0.27,pull_up,,yes,,non_olympic,pull_up_ucf_g05,train,c30965bfd75d6065fd14a718489823f968a0cb722bb9a165742f573cf566790c,1.0,c30965bfd75d6065fd14a718489823f968a0cb722bb9a165742f573cf566790c,108,107,0.9907407407407408,107.0,0.990654230117798,0.0,1.0,1.0,2.0,0.5094339847564697,0.2264150977134704,0.2931410074234009,0.0234678983688354,0.1252094507217407,0.017563471570611,155.62384033203125,151.6707763671875,139.64251708984375,175.11314392089844,168.61148071289062,117.7498016357422,161.6694793701172,145.3846435546875,172.40289306640625,156.1789093017578,163.48703002929688,162.66250610351562,147.62278747558594,177.93203735351562,176.97669982910156,159.03448486328125,156.85769653320312,159.28868103027344,177.1211395263672,171.81126403808594,177.6819610595703,173.96328735351562,161.71212768554688,86.36984252929688,172.3744659423828,177.98033142089844,176.82260131835938,155.92803955078125,148.20587158203125,175.93603515625,7.6214423179626465,1.934519648551941,15.976190567016602,16.7598934173584,21.442651748657227,7.169878959655762,2.3212201595306396,20.007970809936523,18.47556495666504,17.068147659301758,0.3770330846309662,0.247996523976326,0.2132727205753326,0.1939165592193603,0.2098564654588699,0.141064777970314,0.0794632583856582,0.0776924416422844,0.0956435427069664,0.0675056055188179,0.5339120030403137,0.5186462998390198,0.4020076096057892,0.2505048811435699,0.4650261700153351,0.3857232928276062,0.3367763161659241,0.1944230198860168,0.1939541399478912,0.3366429507732391,0.8280990719795227,0.8238428235054016,0.674905002117157,0.5148056745529175,0.7351524233818054,0.6845237612724304,0.65800940990448,0.4220066964626312,0.4332906007766723,0.637420117855072,0.1636711359024047,0.2747876644134521,0.2193534970283508,0.0685456246137619,0.2575583755970001,0.2487163692712783,0.2649166882038116,0.1561527997255325,0.1146733537316322,0.271717756986618,1.0,1.0,1.0,1.0,1.0,1.0,1.0,1.0,0.9090909361839294,1.0
/Users/josephkamil/Desktop/Capstone/_Duplicate_Backups/UCF50/PullUps/v_Pullup_g25_c02.avi,PullUps,v_Pullup_g25_c02.avi,0.09,pull_up,,yes,,non_olympic,pull_up_ucf_g25,dev,1682d1ca50e7f92b9e17efaee806a237004bdbc54bf3eb8c77164e9f7589110f,1.0,1682d1ca50e7f92b9e17efaee806a237004bdbc54bf3eb8c77164e9f7589110f,110,110,1.0,110.0,1.0,0.0,1.0,1.0,0.0,0.1926605552434921,1.0,0.0094768404960632,0.0015821227570995,0.015968918800354,0.0052130296826362,176.54371643066406,162.17852783203125,162.92787170410156,166.4129180908203,177.90533447265625,175.9673309326172,170.3268280029297,173.06260681152344,166.02821350097656,155.9507598876953,175.0557403564453,170.26889038085938,176.4675750732422,175.64541625976562,176.81329345703125,177.63282775878906,177.27198791503906,176.490234375,171.1057586669922,169.44595336914062,164.9337921142578,149.82606506347656,113.70085906982422,68.51396942138672,36.874996185302734,51.05422592163086,94.5978775024414,130.22940063476562,143.8965301513672,150.79664611816406,4.273717880249023,5.607071876525879,8.810078620910645,10.10531234741211,6.970187187194824,10.118460655212402,14.025879859924316,15.181829452514648,15.395305633544922,13.958817481994627,0.2541064023971557,0.2417440861463546,0.2244637459516525,0.2290077060461044,0.219863474369049,0.2230993658304214,0.2250993102788925,0.2332682609558105,0.2326919883489608,0.2228577733039856,0.5000194311141968,0.4617488980293274,0.3793967366218567,0.2968591153621673,0.2547965943813324,0.28542360663414,0.3569033741950989,0.4204080700874328,0.4529741406440735,0.4704298675060272,0.8350976705551147,0.8056604266166687,0.6942857503890991,0.5818092226982117,0.5427899956703186,0.5758098363876343,0.6421797871589661,0.7146228551864624,0.7526988983154297,0.7790838479995728,0.2548708021640777,0.2285436242818832,0.1741056591272354,0.1087822467088699,0.0666873753070831,0.0988255515694618,0.1590111404657364,0.2031902372837066,0.230559155344963,0.2545585632324219,1.0,1.0,1.0,1.0,1.0,1.0,1.0,1.0,1.0,1.0
/Users/josephkamil/Desktop/Capstone/PullUps/v_PullUps_g17_c03.avi,PullUps,v_PullUps_g17_c03.avi,0.38,pull_up,,yes,,non_olympic,pull_up_ucf_g17,train,44080a2b597200b7d169799f87d99c6b22e47f63eb960e2511ebd8fa9b94871b,1.0,44080a2b597200b7d169799f87d99c6b22e47f63eb960e2511ebd8fa9b94871b,202,202,1.0,202.0,1.0,0.0,1.0,1.0,0.0,0.1144278571009635,0.447761207818985,0.0037115216255187,0.0006453049136325,0.0183938145637512,0.0062506604008376,176.2200164794922,173.88180541992188,174.87203979492188,174.93751525878906,177.57276916503906,176.12149047851562,174.50685119628906,175.8259735107422,176.174072265625,177.3118438720703,175.79600524902344,176.46640014648438,179.28884887695312,177.13124084472656,174.5098419189453,176.19100952148438,177.88400268554688,178.82962036132812,178.53546142578125,176.05189514160156,177.0972137451172,160.83457946777344,29.869556427001953,61.76245880126953,171.52505493164062,177.06143188476562,156.78662109375,29.19320297241211,52.19194412231445,168.52859497070312,0.7278250455856323,2.232779026031494,4.1256489753723145,2.9698874950408936,1.4769083261489868,0.549149215221405,1.6651557683944702,4.339942455291748,1.8562796115875244,0.9440228343009948,0.1525188386440277,0.1391763687133789,0.132416546344757,0.1375364661216735,0.1454016864299774,0.1513752043247223,0.1373207867145538,0.1355531513690948,0.1364832818508148,0.1453396081924438,0.3893905878067016,0.320772647857666,0.1898064464330673,0.222110629081726,0.3704703748226166,0.3841172754764557,0.3139340281486511,0.1944441497325897,0.2107799500226974,0.3669280409812927,0.6408438086509705,0.5429667234420776,0.3828985691070556,0.428790807723999,0.6161869764328003,0.6336237788200378,0.5355032086372375,0.3837180733680725,0.416795551776886,0.6131898164749146,0.2368729412555694,0.181645780801773,0.0580353550612926,0.0851731151342392,0.2250720858573913,0.2327501028776168,0.1766488254070282,0.0596597306430339,0.0753801614046096,0.2215964049100875,1.0,1.0,1.0,1.0,1.0,1.0,1.0,1.0,1.0,1.0
/Users/josephkamil/Desktop/Capstone/Back squats- forward lean.mov,Capstone_unused,Back squats- forward lean.mov,,squat_back,,yes,,non_olympic,temporal_hardneg_squat_back_f37f3fb1ccd1dbbd,train,,,f37f3fb1ccd1dbbd6ecd0c0cd09731db1857a33e7e577fd1197f57e1d3465e72,697,635,0.9110473457675752,635.0,0.110236220061779,0.0,0.9305993914604188,0.930708646774292,27.0,0.003154574194923,0.9006308913230896,0.5710079073905945,0.0130504136905074,1.7995489835739136,0.0113463448360562,170.34849548339844,168.4454345703125,152.0487060546875,160.33218383789062,174.16119384765625,159.96336364746094,162.38551330566406,172.09764099121094,145.83277893066406,128.83529663085938,170.93223571777344,169.50820922851562,154.18572998046875,141.2930908203125,171.80645751953125,138.90292358398438,145.6617431640625,166.35507202148438,129.9012451171875,83.98799896240234,56.71841812133789,15.069009780883787,15.065352439880373,16.89432716369629,14.933484077453612,21.2078857421875,33.47660446166992,27.727231979370117,127.9988021850586,131.30615234375,12.506464958190918,5.440962791442871,14.794660568237305,27.18274688720703,5.908509254455566,27.21051788330078,23.185617446899418,8.584339141845703,61.28126907348633,48.188724517822266,0.2788880169391632,0.5166832208633423,0.5331801176071167,0.5625920295715332,0.500316321849823,0.5594800710678101,0.556554913520813,0.4556098282337188,0.3896625936031341,0.8439854979515076,0.2717369794845581,0.448005735874176,0.4819045066833496,0.5213947892189026,0.4412921667098999,0.5274664163589478,0.5112401843070984,0.4453967213630676,0.2532798647880554,0.2500290274620056,0.5102171897888184,0.6506725549697876,0.6614127159118652,0.6670780181884766,0.6491425037384033,0.6750451326370239,0.667131245136261,0.646298885345459,0.3845774233341217,0.669123649597168,0.0764777734875679,0.0691137686371803,0.0529845878481864,0.0454586520791053,0.0597477704286575,0.0376763865351676,0.0506686195731163,0.0549226775765419,0.139522522687912,0.6377786993980408,0.6349206566810608,0.0,0.0317460335791111,0.0,0.0317460335791111,0.015625,0.0,0.3125,0.0158730167895555,0.0625
/Users/josephkamil/Desktop/Capstone/backsquat_short.mov,Capstone_unused,backsquat_short.mov,,squat_back,,yes,,non_olympic,temporal_hardneg_squat_back_4e0f10b64ee6e810,train,,,4e0f10b64ee6e8106f011c6b196be9442bd8db2edea54585b55fb969aadc66c7,240,239,0.9958333333333332,239.0,0.1589958220720291,0.0,0.5126050710678101,0.5146443247795105,5.0,0.5546218752861023,0.5546218752861023,0.1335937082767486,0.0077936663292348,0.0649255514144897,0.0027735696639865,175.08880615234375,174.2901611328125,172.3554229736328,169.68992614746094,136.94842529296875,118.5787353515625,166.3437042236328,178.04576110839844,173.6595001220703,144.12074279785156,175.96340942382812,176.78271484375,177.0720672607422,171.98883056640625,130.34898376464844,112.02259063720705,162.32760620117188,177.51548767089844,169.04527282714844,135.93722534179688,65.07459259033203,80.91691589355469,1.9165735244750977,14.96569538116455,19.16520118713379,15.962302207946776,36.73509979248047,9.75547981262207,12.771611213684082,21.349740982055664,1.029364824295044,0.5567755103111267,0.8312967419624329,3.156754732131958,20.772994995117188,25.70461082458496,9.02565097808838,2.6156551837921143,6.804681301116943,18.923185348510746,0.2043008208274841,0.306787371635437,0.3743746280670166,0.3694403171539306,0.4378335773944855,0.4725427329540252,0.4056898653507232,0.3708172738552093,0.3779071867465973,0.4384947717189789,0.2344245463609695,0.3249101340770721,0.3100252151489258,0.323986142873764,0.418027400970459,0.4532318115234375,0.3334119617938995,0.2983244955539703,0.3158128261566162,0.4022132158279419,0.505028247833252,0.5349785089492798,0.5156009197235107,0.5275197625160217,0.5729261040687561,0.596345841884613,0.5281946063041687,0.4928982257843017,0.509599506855011,0.5670639276504517,0.06350739300251,0.0731095448136329,0.0643769428133964,0.0459362119436264,0.0274012740701437,0.0242892000824213,0.073675088584423,0.0725225284695625,0.062199842184782,0.0377338714897632,0.8695651888847351,0.5833333134651184,0.0,0.0,0.0,0.1666666716337204,0.0,0.0,0.0,0.0
/Users/josephkamil/Desktop/Capstone/backsquat_test_8s.mov,Capstone_unused,backsquat_test_8s.mov,,squat_back,,yes,,non_olympic,temporal_hardneg_squat_back_cf3eb3107327e58a,train,,,cf3eb3107327e58aae8cbfd31290def319068aeb996f8ada648b8b0a76694190,241,212,0.8796680497925311,212.0,0.2169811278581619,0.0142180090770125,0.6398104429244995,0.6273584961891174,6.0,0.0900473967194557,0.0,0.5517153739929199,0.0179685782641172,0.3168445229530334,0.0076382630504667,110.42467498779295,178.55685424804688,175.3336944580078,172.30125427246094,173.09852600097656,169.4022674560547,142.57518005371094,116.373046875,148.7708740234375,178.9208526611328,89.92855072021484,176.7503662109375,176.4615478515625,177.05563354492188,176.41070556640625,171.61167907714844,137.36793518066406,110.20932006835938,144.18724060058594,175.8769073486328,148.24766540527344,23.840349197387695,91.07289123535156,38.22935485839844,2.906893730163574,14.396206855773926,19.894948959350582,16.27399444580078,40.307315826416016,14.10269546508789,167.8634033203125,0.6729944944381714,0.5264927744865417,0.4446828067302704,1.1191478967666626,3.1210169792175293,17.374298095703125,25.977460861206055,15.290586471557615,4.077088356018066,0.6609285473823547,0.1617414653301239,0.2236436158418655,0.3561877906322479,0.3744759857654571,0.3710566163063049,0.4319706857204437,0.4771734774112701,0.4421854019165039,0.3664416074752807,0.5280072093009949,0.1676204651594162,0.2765951752662658,0.3215038180351257,0.3145699799060821,0.3246634900569916,0.4092199802398681,0.4599582254886627,0.3755767345428467,0.3040757775306701,0.203077495098114,0.4952654540538788,0.5296850800514221,0.5195059776306152,0.5166184306144714,0.5278568267822266,0.5722748637199402,0.6015202403068542,0.5537352561950684,0.5014249086380005,0.1805831640958786,0.0333810858428478,0.0632404685020446,0.0537591837346553,0.0599458701908588,0.0467424765229225,0.0301979668438434,0.0220679901540279,0.0681602582335472,0.0625993907451629,0.0476190485060215,0.761904776096344,1.0,0.2380952388048172,0.0,0.0,0.1428571492433548,0.0,0.0,0.0
/Users/josephkamil/Desktop/Capstone/OverheadSquat_one_rep_720p.mp4,Capstone_unused,OverheadSquat_one_rep_720p.mp4,,overhead_squat,,yes,,non_olympic,temporal_hardneg_overhead_squat_96718fa46b1ce7ea,train,,,96718fa46b1ce7ea204f5ca5bb1f1d99273c4b240c6f57e64d4f4b8efa6797be,144,144,1.0,144.0,0.9375,0.0,1.0,1.0,10.0,0.6153846383094788,0.5874125957489014,0.1248917877674102,0.0145623916760087,0.0389220714569091,0.0052716913633048,178.87088012695312,179.08154296875,170.48927307128906,132.92771911621094,63.37666320800781,43.339481353759766,53.7594108581543,144.95774841308594,179.19895935058594,178.7342987060547,176.34828186035156,175.6837158203125,172.64976501464844,147.9534912109375,87.9207992553711,69.23904418945312,78.5062026977539,150.1974639892578,177.6836395263672,176.83799743652344,155.28309631347656,124.652099609375,146.6531524658203,149.18186950683594,168.73931884765625,175.68017578125,172.8496551513672,157.12435913085938,47.05637741088867,69.03977966308594,0.8310461044311523,0.6539463996887207,2.5756638050079346,7.78926944732666,10.729805946350098,10.674833297729492,11.596413612365724,10.901296615600586,3.2619786262512207,1.917337417602539,0.1443792879581451,0.1382592767477035,0.1247801482677459,0.122384488582611,0.2661529779434204,0.3076385855674743,0.3080698847770691,0.1331262290477752,0.1439227312803268,0.1022619754076004,0.1990347206592559,0.1779830902814865,0.1837229877710342,0.3206795156002044,0.476614385843277,0.5171018242835999,0.5121476054191589,0.3563271164894104,0.2420420497655868,0.2192365378141403,0.5033661127090454,0.4726728796958923,0.4870091378688812,0.6323150992393494,0.7797978520393372,0.8106695413589478,0.8063386082649231,0.6626098155975342,0.5684633851051331,0.5465181469917297,0.0716054365038871,0.0474459528923034,0.0716173127293586,0.1983110755681991,0.2107294648885727,0.2102986574172973,0.2043508142232895,0.223314106464386,0.098448134958744,0.1174160316586494,0.7857142686843872,0.7857142686843872,0.800000011920929,1.0,1.0,1.0,1.0,1.0,1.0,1.0
/Users/josephkamil/Desktop/Capstone/IdealPushPress2.mov,Capstone_unused,IdealPushPress2.mov,,push_press,,yes,,non_olympic,temporal_hardneg_push_press_aa2bad500a5f0f59,train,,,aa2bad500a5f0f59e48923b42b6fa820f3910c48bfc303a2b27909e436f98812,845,758,0.8970414201183432,758.0,0.5923482775688171,0.0,0.9960370063781738,0.9960421919822692,53.0,0.7490092515945435,0.5099075436592102,0.1596942842006683,0.0089395800605416,0.0273913145065307,0.0009547127992846,172.32418823242188,177.47528076171875,178.5546875,175.15476989746094,177.4421844482422,175.1517791748047,177.4486083984375,171.4427032470703,177.7230224609375,176.9768829345703,177.57733154296875,177.8515167236328,177.44911193847656,175.7685546875,176.478759765625,174.20135498046875,175.9449462890625,174.12559509277344,177.3466796875,174.41612243652344,51.336524963378906,34.85115432739258,19.112720489501953,80.64627075195312,61.70836639404297,131.75430297851562,13.855306625366213,59.03114700317383,127.8570327758789,29.219331741333008,0.7600829005241394,0.5128030776977539,0.3344034254550934,1.146578311920166,1.2471786737442017,2.052363872528076,0.7975335121154785,1.7272870540618896,1.7338329553604126,1.295417070388794,0.3897098898887634,0.367112785577774,0.3541441857814789,0.3290199637413025,0.3176256418228149,0.2935000658035278,0.3608548939228058,0.3399646282196045,0.2201660573482513,0.3781730830669403,0.3644285202026367,0.3616177141666412,0.3602331280708313,0.3607847988605499,0.3589276373386383,0.3581390976905823,0.3589923083782196,0.3662271201610565,0.3502790033817291,0.3627863228321075,0.5716516375541687,0.5832436084747314,0.5836157202720642,0.5827246904373169,0.580115795135498,0.5809720158576965,0.5777941346168518,0.5851461291313171,0.5730041265487671,0.5818371772766113,0.0418369956314563,0.0251500159502029,0.0210646986961364,0.0413446314632892,0.0628084987401962,0.0697082355618476,0.0233550425618886,0.03802390396595,0.1347646266222,0.0242512859404087,0.0133333336561918,0.6052631735801697,0.921052634716034,0.8421052694320679,0.5263158082962036,0.9066666960716248,0.2236842066049575,0.7894737124443054,0.907894730567932,0.1842105239629745
/Users/josephkamil/Desktop/Capstone/idealPushPress.mov,Capstone_unused,idealPushPress.mov,,push_press,,yes,,non_olympic,temporal_hardneg_push_press_5490577aab813bf3,train,,,5490577aab813bf36c61608773f68ebf30c3214df057848e652d0b97da7dc425,217,195,0.8986175115207373,195.0,0.9846153855323792,0.0,1.0,1.0,2.0,0.2525773048400879,0.3350515365600586,0.1698723882436752,0.0025335645768791,0.0202580690383911,0.0009366694721393,179.19912719726562,178.0828857421875,164.65948486328125,178.84446716308594,177.2360382080078,178.5092010498047,179.0209503173828,179.0523681640625,178.9378662109375,179.00787353515625,174.50218200683594,175.3074493408203,175.11236572265625,169.94879150390625,173.6258544921875,174.84097290039062,174.45913696289062,174.60287475585938,174.6365966796875,174.82809448242188,4.6739301681518555,2.8824563026428223,5.092347145080566,116.5263900756836,176.153564453125,98.99635314941406,1.4671621322631836,1.3295804262161257,1.3150142431259155,1.3427926301956177,0.3271970450878143,0.2287179231643676,1.1052201986312866,3.3691577911376953,0.6455909609794617,0.5842592716217041,0.3311714828014374,0.3307808339595794,0.3144717514514923,0.3637369275093078,0.4058283865451813,0.4055982530117035,0.4415927827358246,0.3049937188625335,0.2372918426990509,0.3118732273578644,0.4027924537658691,0.4029704630374908,0.4029490053653717,0.4030607640743255,0.4132748246192932,0.4149029850959778,0.4506745636463165,0.3949518799781799,0.3918343484401703,0.3974790871143341,0.4101901650428772,0.4112981259822845,0.4120867848396301,0.4122200608253479,0.5943077206611633,0.5964975357055664,0.6284230947494507,0.5760830640792847,0.5884321331977844,0.5896275043487549,0.5913093686103821,0.5916448831558228,0.5918216705322266,0.5918739438056946,0.0159111469984054,0.0135303195565938,0.0151498140767216,0.0913852602243423,0.1546205133199691,0.0897726565599441,0.0120866112411022,0.0129248769953846,0.0133159486576914,0.0133551135659217,1.0,1.0,1.0,1.0,1.0,0.8500000238418579,1.0,1.0,1.0,1.0
/Users/josephkamil/Desktop/Capstone/pushpress-youtube.mov,Capstone_unused,pushpress-youtube.mov,,push_press,,yes,,non_olympic,temporal_hardneg_push_press_07b62af6eff2c63c,train,,,07b62af6eff2c63cf81a90a6dc24f9d05a65a53a2e3aecde81963941008943af,621,617,0.9935587761674718,617.0,1.0,0.0,1.0,1.0,0.0,0.2094155848026275,0.8409090638160706,0.0404949337244033,0.0030248216353356,0.0160260200500488,0.0011662715114653,175.60675048828125,165.80906677246094,165.13319396972656,166.3474578857422,174.34584045410156,168.59292602539062,176.3291015625,173.32986450195312,173.3741455078125,177.5955352783203,171.63848876953125,171.3594207763672,170.0126495361328,170.38836669921875,169.1629638671875,170.7038116455078,171.5571746826172,169.0001983642578,169.09999084472656,172.8774871826172,22.102569580078125,8.947333335876465,12.835561752319336,14.343098640441896,87.27140808105469,16.788148880004883,169.075927734375,59.10920715332031,54.45852279663086,175.80105590820312,0.5226151347160339,3.5029075145721436,4.820779323577881,4.364718914031982,3.4143383502960205,4.082735061645508,1.3167587518692017,3.7607736587524414,3.690016031265259,0.5897777676582336,0.3806579113006592,0.4040521383285522,0.4317343235015869,0.429858922958374,0.3297800123691559,0.4038223624229431,0.2516098916530609,0.3584931790828705,0.3568685948848724,0.2399886846542358,0.3959433734416961,0.4161716103553772,0.4436735510826111,0.4399213194847107,0.3871510326862335,0.4155058562755584,0.367088258266449,0.3968456387519836,0.3961888551712036,0.3651416599750519,0.540378749370575,0.5597727298736572,0.5824578404426575,0.5790339112281799,0.5400562882423401,0.5585213899612427,0.530851423740387,0.5460239052772522,0.5466604828834534,0.5331580638885498,0.0181813482195138,0.0171215422451496,0.0153232514858245,0.0141042526811361,0.0600778758525848,0.0177478175610303,0.1156518161296844,0.0424648448824882,0.0439725406467914,0.125333771109581,1.0,1.0,1.0,1.0,1.0,1.0,1.0,1.0,1.0,1.0
/Users/josephkamil/Desktop/Capstone/bench press/bench press_57.mp4,Capstone_unused,bench press_57.mp4,,bench_press,,yes,,non_olympic,temporal_hardneg_bench_press_e93ea911ea313036,train,,,e93ea911ea3130362522a9e8c405aa850343428c88ec6535037044b8f581923b,100,91,0.91,91.0,1.0,0.0,1.0,1.0,0.0,0.6222222447395325,0.4000000059604645,0.1183750927448272,0.0134898805990815,0.0868135094642639,0.0077994782477617,122.57161712646484,140.65530395507812,133.2858123779297,92.8355712890625,96.40831756591795,65.7224349975586,61.10218811035156,76.67071533203125,85.64249420166016,90.06764221191406,172.90167236328125,176.44216918945312,171.7353973388672,132.1834716796875,80.09669494628906,87.21906280517578,91.4708251953125,88.77281188964844,84.19737243652344,100.22135925292967,171.36814880371094,170.08135986328125,165.802490234375,100.25542449951172,50.98392868041992,53.23971939086914,57.77735900878906,62.67875289916992,75.9131851196289,128.6518096923828,73.35401153564453,72.65841674804688,72.96554565429688,85.74424743652344,57.77558135986328,68.8575439453125,69.70027923583984,72.56129455566406,74.76416778564453,97.3617706298828,0.342140793800354,0.3383635282516479,0.3401975333690643,0.5634893774986267,0.6068345308303833,0.5757508277893066,0.5365475416183472,0.5098884105682373,0.4924341738224029,0.4552677571773529,0.726241409778595,0.7223227620124817,0.7144523859024048,0.7189574837684631,0.6258284449577332,0.6490122675895691,0.6440775990486145,0.6234917640686035,0.5803855061531067,0.7716244459152222,0.7941696643829346,0.7944612503051758,0.7849010825157166,0.735877275466919,0.7610194087028503,0.7454158067703247,0.7363080978393555,0.7010087966918945,0.653438150882721,0.7282414436340332,0.3854348957538605,0.3857522308826446,0.3766332268714905,0.2176315188407898,0.1388763785362243,0.1909362226724624,0.2107751667499542,0.2028743773698806,0.1810819506645202,0.3969656229019165,1.0,1.0,1.0,1.0,1.0,1.0,1.0,1.0,1.0,1.0
/Users/josephkamil/Desktop/Capstone/bench press/bench press_58.mp4,Capstone_unused,bench press_58.mp4,,bench_press,,yes,,non_olympic,temporal_hardneg_bench_press_eb5ec7ef3b76fa5c,train,,,eb5ec7ef3b76fa5c15ae1bdf0a07b6400b50b5d47c8cfb81b05658be63bc0062,46,44,0.9565217391304348,44.0,1.0,0.0,1.0,1.0,0.0,0.2790697813034057,0.3488371968269348,0.0580398440361022,0.0121577372774481,0.0068109035491943,0.0016700431006029,113.47900390625,129.27651977539062,115.11949157714844,136.7370147705078,137.2386932373047,135.11700439453125,122.23658752441406,112.6364974975586,114.72547149658205,121.0691375732422,164.8262481689453,143.79457092285156,131.86085510253906,111.3071746826172,119.56242370605467,125.79290008544922,142.14369201660156,142.53579711914062,143.1840362548828,132.735107421875,142.2914276123047,120.83757781982422,54.66144561767578,56.447696685791016,47.583866119384766,113.00881958007812,148.83807373046875,153.52505493164062,148.26495361328125,150.83218383789062,74.81336212158203,80.12921142578125,81.68843078613281,84.05390167236328,83.8930435180664,87.0245361328125,81.8182144165039,85.23657989501953,86.51165008544922,91.0521011352539,0.359296590089798,0.4153399169445038,0.4042073786258697,0.4153696298599243,0.4097848534584045,0.398652970790863,0.3685892820358276,0.3257721066474914,0.2992385923862457,0.2896875441074371,0.4308094978332519,0.4329231977462768,0.4360014498233795,0.4414511024951935,0.4416612684726715,0.4325587749481201,0.4313034117221832,0.4345598816871643,0.4353397786617279,0.4423863291740417,0.4554964005947113,0.4489673674106598,0.4495120644569397,0.4509959816932678,0.4516779482364654,0.4372647404670715,0.4435431361198425,0.441986083984375,0.4407591819763183,0.4407373368740082,0.0751783698797226,0.0368032716214656,0.0365944802761077,0.0363757573068141,0.0425343587994575,0.0494152307510376,0.0642548352479934,0.1101161614060401,0.1366538107395172,0.1531322300434112,1.0,1.0,1.0,1.0,1.0,1.0,1.0,1.0,1.0,1.0
/Users/josephkamil/Desktop/Capstone/bench press/bench press_59.mp4,Capstone_unused,bench press_59.mp4,,bench_press,,yes,,non_olympic,temporal_hardneg_bench_press_0250fd49e9c324d3,train,,,0250fd49e9c324d3ce915dfdaed424fc40d4e8b2e2d15ec92d52971d0856a101,150,150,1.0,150.0,0.8399999737739563,0.0,1.0,1.0,6.0,0.1006711423397064,0.0335570462048053,0.0364330410957336,0.0082990685477852,0.0064114332199096,0.0010905878152698,122.0034637451172,132.18235778808594,150.10394287109375,144.56918334960938,151.5500030517578,132.72586059570312,148.63803100585938,133.1904754638672,131.80474853515625,156.13385009765625,164.00196838378906,166.2515411376953,165.6614532470703,172.83433532714844,178.3407440185547,173.66543579101562,168.62232971191406,174.73597717285156,170.19406127929688,175.87930297851562,98.05509948730467,106.39445495605467,104.9911117553711,153.32748413085938,170.25262451171875,147.23280334472656,106.526123046875,115.26367950439452,110.74852752685548,156.5803680419922,58.86338806152344,64.6328125,60.96685028076172,59.93429946899414,60.746280670166016,61.13118743896485,61.1117057800293,67.48140716552734,63.15816116333008,61.86977005004883,0.4849917590618133,0.6123901009559631,0.5242220759391785,0.3750782012939453,0.3565839231014251,0.3911215364933014,0.5276619791984558,0.6253032088279724,0.5006965398788452,0.36721071600914,0.5966184139251709,0.6077575087547302,0.6009296774864197,0.5909923911094666,0.5904861092567444,0.5951508283615112,0.6035749316215515,0.6197341680526733,0.6071141958236694,0.5937953591346741,0.6570590734481812,0.6547309160232544,0.6588525176048279,0.656611979007721,0.6542827486991882,0.6585012674331665,0.6623625159263611,0.660617470741272,0.6628847122192383,0.6581547856330872,0.1145384088158607,0.0296421330422163,0.0876341685652732,0.2170120179653167,0.2344081997871399,0.2046559751033783,0.079041339457035,0.0154428845271468,0.1080203875899314,0.2275685966014862,1.0,0.3333333432674408,0.800000011920929,1.0,1.0,1.0,1.0,0.2666666805744171,1.0,1.0
/Users/josephkamil/Desktop/Capstone/pull Up/pull up_22.mp4,Capstone_unused,pull up_22.mp4,,pull_up,,yes,,non_olympic,temporal_hardneg_pull_up_86157240b3c1a09c,train,,,86157240b3c1a09cab32d5085c16e165a42d331b0d8cf25d284f96cdc10dd2dc,210,208,0.9904761904761904,208.0,1.0,0.0,1.0,1.0,0.0,0.0434782616794109,0.0144927538931369,0.0345659106969833,0.0036636530421674,0.0803966522216796,0.0144153032451868,139.28292846679688,177.3417205810547,178.8003692626953,158.2703857421875,178.2604217529297,177.79270935058594,179.31617736816406,177.3332061767578,178.601806640625,177.861572265625,122.11751556396484,179.08670043945312,179.2301483154297,158.20187377929688,178.1986846923828,178.5499725341797,178.27322387695312,179.1913299560547,178.2832794189453,178.47097778320312,104.8462142944336,32.454795837402344,130.20848083496094,172.2287139892578,90.71187591552734,27.926265716552734,131.01319885253906,173.22540283203125,92.02352142333984,36.62958908081055,12.021657943725586,9.339595794677734,6.397292137145996,3.669589519500733,5.02063512802124,7.566757202148437,6.709170341491699,4.143790245056152,6.1475830078125,8.667707443237305,0.163062036037445,0.2041517943143844,0.2259717881679535,0.2147525548934936,0.2190618216991424,0.2384135425090789,0.2280314266681671,0.211138904094696,0.1790430843830108,0.1616892367601394,0.4204626083374023,0.3420667052268982,0.6229376196861267,0.7475491166114807,0.5344620943069458,0.3865804672241211,0.6640620231628418,0.7863258123397827,0.524177074432373,0.3606789112091064,0.7276195287704468,0.8171877861022949,1.1556004285812378,1.3227375745773315,1.1094335317611694,0.90785950422287,1.2487815618515017,1.3615978956222534,1.125335693359375,0.8875004053115845,0.2588994204998016,0.1412356495857238,0.3978360891342163,0.533133327960968,0.3166044950485229,0.150326058268547,0.4371020495891571,0.5752784609794617,0.3456060588359833,0.2000966817140579,1.0,1.0,1.0,1.0,1.0,1.0,1.0,1.0,1.0,1.0
/Users/josephkamil/Desktop/Capstone/pull Up/pull up_23.mp4,Capstone_unused,pull up_23.mp4,,pull_up,,yes,,non_olympic,temporal_hardneg_pull_up_ba7910005de4aa67,train,,,ba7910005de4aa67eda193cfb6bdb2b15cdcd24016c43cfcbfc8ef2783ec33e7,126,126,1.0,126.0,0.9047619104385376,0.0,1.0,1.0,2.0,0.8880000114440918,0.9120000004768372,0.0050334930419921,0.0006657986668869,0.022732138633728,0.0065876794978976,168.38710021972656,159.51004028320312,124.36883544921876,177.37960815429688,174.07156372070312,175.6973876953125,175.13938903808594,172.79937744140625,136.11485290527344,100.588134765625,168.85963439941406,157.89793395996094,100.51287078857422,174.29383850097656,172.5957794189453,172.8106689453125,172.71168518066406,171.24334716796875,136.6591796875,4.23267936706543,123.156005859375,150.92393493652344,153.46189880371094,88.88394165039062,31.21413230895996,25.6542911529541,59.954105377197266,107.97137451171876,149.2790069580078,167.3414764404297,2.155759572982788,2.276472568511963,1.9936370849609375,1.205688714981079,0.8207612633705139,0.7574307322502136,1.26989483833313,1.6724365949630735,2.012040615081787,1.947332978248596,0.3305678069591522,0.3313487768173218,0.3338764011859894,0.3359178006649017,0.337984025478363,0.3352333307266235,0.3266576528549194,0.32642462849617,0.3238735795021057,0.3306638598442077,0.5635946393013,0.6281249523162842,0.6362895369529724,0.4919296503067016,0.3576404154300689,0.3388696014881134,0.4388993978500366,0.5335310101509094,0.6174212098121643,0.659431517124176,0.9781705737113952,1.0227867364883425,1.0174278020858765,0.913262665271759,0.760733962059021,0.7440823912620544,0.8555928468704224,0.9627267718315125,1.02686607837677,1.0389912128448486,0.2330639809370041,0.2968197762966156,0.3024967610836029,0.1562441438436508,0.0307617653161287,0.0240362081676721,0.1125719472765922,0.207247719168663,0.2936208546161651,0.3288599252700805,1.0,1.0,1.0,1.0,0.6153846383094788,0.4166666567325592,1.0,1.0,1.0,1.0
/Users/josephkamil/Desktop/Capstone/pull Up/pull up_24.mp4,Capstone_unused,pull up_24.mp4,,pull_up,,yes,,non_olympic,temporal_hardneg_pull_up_998a9967105c99d3,train,,,998a9967105c99d38dc31d27153bcfa5196b201dc7ad926952c24a4fbed2bbd5,93,93,1.0,93.0,0.8064516186714172,0.0217391308397054,1.0,0.9784946441650392,5.0,0.760869562625885,0.8913043737411499,0.1786212921142578,0.0171848069876432,0.0763828754425048,0.0081628169864416,143.72869873046875,138.9986572265625,150.12884521484375,177.87472534179688,178.39317321777344,177.70997619628906,178.96670532226562,152.97181701660156,169.36141967773438,173.7277069091797,40.504878997802734,16.01284408569336,98.78611755371094,175.34707641601562,175.37904357910156,174.01690673828125,175.15476989746094,118.84967803955078,4.171926975250244,3.00484299659729,90.94589233398438,70.79410552978516,28.409557342529297,18.898231506347656,9.585566520690918,13.466556549072266,24.08780288696289,45.93898010253906,105.9128189086914,153.92645263671875,21.800073623657227,17.888858795166016,10.759454727172852,2.7914786338806152,4.392745494842529,3.759978771209717,3.285857677459717,1.6579968929290771,1.240308165550232,0.8488568067550659,0.4081074297428131,0.2968874871730804,0.3074646592140198,0.3258957862854004,0.31551393866539,0.3151983022689819,0.312597393989563,0.2863637804985046,0.3299825191497803,0.2747483253479004,0.5464567542076111,0.5155813694000244,0.4622856676578522,0.3874850869178772,0.3078321814537048,0.2836926579475403,0.360643208026886,0.4538918733596802,0.5659564733505249,0.6428864598274231,0.7929865717887878,0.7995545864105225,0.8770161271095276,0.9787150621414183,0.9471191763877868,0.9326472878456116,0.9677504301071168,1.0501823425292969,1.1086804866790771,1.1544653177261353,0.2121681272983551,0.2304208576679229,0.1669970154762268,0.0821318924427032,0.0635283216834068,0.0714775621891021,0.080470286309719,0.1799335181713104,0.2380155473947525,0.3703817427158355,0.7777777910232544,1.0,1.0,1.0,0.3333333432674408,0.0,0.8999999761581421,1.0,1.0,1.0
