path,folder,filename,size_mb,reviewed_label,angle,include,notes,olympic_gate_label,source_id,split,content_sha256,duplicate_count,canonical_content_sha256,total_frames,pose_frames,pose_ratio,frame_count,overhead_ratio,first_overhead_pct,last_overhead_pct,overhead_span_pct,overhead_transition_count,min_knee_time_pct,min_hip_time_pct,max_wrist_motion,mean_wrist_motion,max_hip_motion,mean_hip_motion,knee_angle_bin_00,knee_angle_bin_01,knee_angle_bin_02,knee_angle_bin_03,knee_angle_bin_04,knee_angle_bin_05,knee_angle_bin_06,knee_angle_bin_07,knee_angle_bin_08,knee_angle_bin_09,hip_angle_bin_00,hip_angle_bin_01,hip_angle_bin_02,hip_angle_bin_03,hip_angle_bin_04,hip_angle_bin_05,hip_angle_bin_06,hip_angle_bin_07,hip_angle_bin_08,hip_angle_bin_09,elbow_angle_bin_00,elbow_angle_bin_01,elbow_angle_bin_02,elbow_angle_bin_03,elbow_angle_bin_04,elbow_angle_bin_05,elbow_angle_bin_06,elbow_angle_bin_07,elbow_angle_bin_08,elbow_angle_bin_09,torso_angle_bin_00,torso_angle_bin_01,torso_angle_bin_02,torso_angle_bin_03,torso_angle_bin_04,torso_angle_bin_05,torso_angle_bin_06,torso_angle_bin_07,torso_angle_bin_08,torso_angle_bin_09,wrist_y_bin_00,wrist_y_bin_01,wrist_y_bin_02,wrist_y_bin_03,wrist_y_bin_04,wrist_y_bin_05,wrist_y_bin_06,wrist_y_bin_07,wrist_y_bin_08,wrist_y_bin_09,shoulder_y_bin_00,shoulder_y_bin_01,shoulder_y_bin_02,shoulder_y_bin_03,shoulder_y_bin_04,shoulder_y_bin_05,shoulder_y_bin_06,shoulder_y_bin_07,shoulder_y_bin_08,shoulder_y_bin_09,hip_y_bin_00,hip_y_bin_01,hip_y_bin_02,hip_y_bin_03,hip_y_bin_04,hip_y_bin_05,hip_y_bin_06,hip_y_bin_07,hip_y_bin_08,hip_y_bin_09,wrist_shoulder_distance_bin_00,wrist_shoulder_distance_bin_01,wrist_shoulder_distance_bin_02,wrist_shoulder_distance_bin_03,wrist_shoulder_distance_bin_04,wrist_shoulder_distance_bin_05,wrist_shoulder_distance_bin_06,wrist_shoulder_distance_bin_07,wrist_shoulder_distance_bin_08,wrist_shoulder_distance_bin_09,overhead_ratio_bin_00,overhead_ratio_bin_01,overhead_ratio_bin_02,overhead_ratio_bin_03,overhead_ratio_bin_04,overhead_ratio_bin_05,overhead_ratio_bin_06,overhead_ratio_bin_07,overhead_ratio_bin_08,overhead_ratio_bin_09,overhead_head_ratio,overhead_tail_ratio,max_overhead_run_pct,overhead_run_count,knee_at_first_overhead,hip_at_first_overhead,first_overhead_minus_min_knee_pct,first_overhead_minus_min_hip_pct,max_upward_wrist_velocity_pct,max_upward_hip_velocity_pct,wrist_hip_upward_peak_delay_pct,pre_overhead_knee_range,post_overhead_knee_range,pre_overhead_hip_range,post_overhead_hip_range,deep_knee_dip_count,deep_hip_dip_count
/Users/josephkamil/Desktop/Capstone/Oly_Data/segmented/clean/clean_from_cj_0009.mp4,clean,clean_from_cj_0009.mp4,0.16,clean,,yes,,olympic,clean_sha_624c00d8eafd2d9e,train,624c00d8eafd2d9e4cf04417930b1100b4c796bd330c4a1b66375f5e22dbc713,2.0,624c00d8eafd2d9e4cf04417930b1100b4c796bd330c4a1b66375f5e22dbc713,125,114,0.912,114.0,0.2017543911933899,0.4601770043373108,1.0,0.5438596606254578,7.0,0.5398229956626892,0.5398229956626892,0.04839223623275757,0.008254789747297764,0.04848963022232056,0.004204708617180586,78.66439819335938,83.92305755615234,89.79082489013672,144.4895782470703,138.13479614257812,54.92510986328125,49.54573059082031,163.53126525878906,176.13966369628906,173.79603576660156,107.76481628417969,91.03526306152344,111.3938980102539,145.1716766357422,126.37174224853516,38.24055480957031,28.9622802734375,156.89083862304688,167.08935546875,165.81546020507812,168.94186401367188,160.92156982421875,141.75868225097656,171.91177368164062,117.96800994873047,148.6055908203125,151.77610778808594,124.29680633544922,97.7395248413086,81.14788055419922,18.557518005371094,4.055997848510742,2.834362030029297,2.3144612312316895,1.1564106941223145,3.386054039001465,5.604767799377441,1.07988703250885,0.6867215037345886,0.8701993823051453,0.5729799866676331,0.5759094953536987,0.5567500591278076,0.5232236981391907,0.5096490383148193,0.6163066625595093,0.631702184677124,0.5803900361061096,0.5089654922485352,0.4813345670700073,0.49431172013282776,0.49647700786590576,0.4813317358493805,0.43878892064094543,0.4727441370487213,0.5518189072608948,0.5573675632476807,0.544218122959137,0.5141882300376892,0.49981454014778137,0.5495169162750244,0.5636091828346252,0.5465395450592041,0.5226709842681885,0.5753075480461121,0.6142780780792236,0.603293776512146,0.6324207186698914,0.624126672744751,0.6149159073829651,0.07874008268117905,0.07965344935655594,0.07551462203264236,0.08504973351955414,0.04101555421948433,0.06466364860534668,0.07549799233675003,0.03738176450133324,0.011256118305027485,0.022431781515479088,0.0,0.0,0.0,0.0,0.0833333358168602,0.0,0.0,0.0833333358168602,0.8181818127632141,1.0,0.0,0.9130434989929199,0.1666666716337204,4.0,121.37150573730469,105.48226928710938,-0.0796460211277008,-0.0796460211277008,0.6517857313156128,0.6517857313156128,0.0,157.02542114257812,177.22897338867188,100.51617431640625,161.7227783203125,4.0,4.0
/Users/josephkamil/Desktop/Capstone/Oly_Data/segmented/clean/clean_from_cj_0084.mp4,clean,clean_from_cj_0084.mp4,0.13,clean,,yes,,olympic,clean_sha_f79539f1f60fea5e,dev,f79539f1f60fea5ef73eb32bad2f4db4cbb5f3a2da07e5a0911c4162864aee81,1.0,f79539f1f60fea5ef73eb32bad2f4db4cbb5f3a2da07e5a0911c4162864aee81,93,93,1.0,93.0,0.5806451439857483,0.3586956560611725,1.0,0.6451612710952759,11.0,0.489130437374115,0.5869565010070801,0.056205689907073975,0.00780836958438158,0.05072987079620361,0.006378184072673321,132.017578125,149.48817443847656,162.3839874267578,118.7112808227539,56.420997619628906,62.02580261230469,98.34132385253906,137.04217529296875,176.3914794921875,178.87147521972656,118.59011840820312,132.3594970703125,154.0238494873047,128.3360595703125,78.56783294677734,63.8636474609375,86.94337463378906,134.88877868652344,165.52748107910156,168.89498901367188,177.36927795410156,178.73471069335938,163.47042846679688,92.946044921875,129.19171142578125,33.41495895385742,37.62018585205078,60.57810974121094,100.73741912841797,153.2301483154297,6.076791763305664,7.705203533172607,4.549213886260986,2.6269283294677734,0.9952782392501831,3.0537428855895996,5.479241847991943,1.9907686710357666,0.39151015877723694,0.33588454127311707,0.831986129283905,0.798084020614624,0.6448520421981812,0.5739168524742126,0.6556136012077332,0.656548023223877,0.6167597770690918,0.5270349979400635,0.4668588638305664,0.464864581823349,0.6577125787734985,0.6156588792800903,0.4966725707054138,0.5440045595169067,0.6629122495651245,0.6606141328811646,0.6182820796966553,0.5381345152854919,0.48681938648223877,0.4893016219139099,0.7448587417602539,0.7056502103805542,0.6356661319732666,0.7029186487197876,0.8073828220367432,0.8029729723930359,0.7634036540985107,0.6965548992156982,0.6480419039726257,0.653398871421814,0.17428602278232574,0.18245679140090942,0.14873766899108887,0.04594273120164871,0.03636075556278229,0.018816813826560974,0.017762187868356705,0.01954091340303421,0.0357402041554451,0.05397946760058403,0.0,0.0,0.0,0.4000000059604645,1.0,0.7777777910232544,0.699999988079071,0.8888888955116272,1.0,1.0,0.0,1.0,0.29032257199287415,6.0,95.79995727539062,106.94666290283203,-0.1304347813129425,-0.22826087474822998,0.16483516991138458,0.16483516991138458,0.0,76.11318969726562,132.63833618164062,59.87451934814453,122.47008514404297,2.0,2.0
/Users/josephkamil/Desktop/Capstone/Oly_Data/segmented/clean/clean_from_cj_0117.mp4,clean,clean_from_cj_0117.mp4,0.12,clean,,yes,,olympic,clean_sha_fa79cf8aa392e18d,train,fa79cf8aa392e18ddaef264e244b52a39b41917765b45c2a554cc906bfac5e12,1.0,fa79cf8aa392e18ddaef264e244b52a39b41917765b45c2a554cc906bfac5e12,115,115,1.0,115.0,0.3478260934352875,0.4736842215061188,1.0,0.530434787273407,13.0,0.6140350699424744,0.5350877046585083,0.03680822253227234,0.008746586740016937,0.07379060983657837,0.007582312915474176,134.40736389160156,130.44459533691406,136.0447540283203,176.9117431640625,173.41351318359375,62.3675422668457,76.0138931274414,153.7193145751953,169.7973175048828,173.2731475830078,121.21442413330078,118.82396697998047,130.50624084472656,176.47161865234375,171.54925537109375,61.77299499511719,93.36459350585938,166.23489379882812,168.62596130371094,171.7020721435547,174.62794494628906,171.26068115234375,172.36585998535156,166.77859497070312,105.66513061523438,51.18917465209961,47.552268981933594,80.24019622802734,107.45508575439453,118.599609375,54.64877700805664,44.22481155395508,20.386646270751953,10.87956714630127,2.303889036178589,0.9762349128723145,3.8110196590423584,3.5546514987945557,0.8550148010253906,0.7162876129150391,0.6497881412506104,0.639385998249054,0.628941535949707,0.5420637130737305,0.4360335171222687,0.5725573897361755,0.5137474536895752,0.4224386513233185,0.31039997935295105,0.3092569410800934,0.43518778681755066,0.4417361915111542,0.43245458602905273,0.3490511476993561,0.3457224667072296,0.5723710656166077,0.5154454708099365,0.42351219058036804,0.32125595211982727,0.32428231835365295,0.47649189829826355,0.5059547424316406,0.5454000234603882,0.4954085052013397,0.5400261878967285,0.7423103451728821,0.6850921511650085,0.6104959845542908,0.5208593010902405,0.5202141404151917,0.21482495963573456,0.19782190024852753,0.19666145741939545,0.19325177371501923,0.09396002441644669,0.048061553388834,0.03126019239425659,0.021979233250021935,0.021727081388235092,0.02119063027203083,0.0,0.0,0.0,0.0,0.09090909361839294,0.3333333432674408,0.4545454680919647,0.5833333134651184,1.0,1.0,0.0,1.0,0.260869562625885,7.0,176.63304138183594,164.38705444335938,-0.14035087823867798,-0.061403509229421616,0.4247787594795227,0.6194690465927124,-0.1946902722120285,75.17211151123047,176.48025512695312,77.49695587158203,177.0769500732422,3.0,3.0
/Users/josephkamil/Desktop/Capstone/Oly_Data/segmented/clean/clean_from_cj_0144.mp4,clean,clean_from_cj_0144.mp4,0.13,clean,,yes,,olympic,clean_sha_d2013fdd9120c7df,train,d2013fdd9120c7df320316adbcee519931556f8c3c49faf136af69f21b24930f,1.0,d2013fdd9120c7df320316adbcee519931556f8c3c49faf136af69f21b24930f,110,110,1.0,110.0,0.6181818246841431,0.35779815912246704,1.0,0.6454545259475708,7.0,0.4220183491706848,0.4220183491706848,0.047608375549316406,0.007449960336089134,0.11725395917892456,0.008437390439212322,140.11497497558594,165.44322204589844,169.9449462890625,108.55535125732422,51.21339416503906,118.24276733398438,124.8449935913086,145.54855346679688,168.36737060546875,176.8773193359375,130.76455688476562,149.58827209472656,163.33062744140625,111.27342987060547,58.04776382446289,112.19013214111328,116.40580749511719,132.22085571289062,159.99534606933594,168.22695922851562,170.9776153564453,174.75144958496094,171.1043243408203,77.08346557617188,24.968029022216797,18.76615333557129,16.05733299255371,15.084314346313477,20.33905792236328,22.097137451171875,0.5246401429176331,1.0399258136749268,0.792732834815979,0.4943965971469879,0.6036478877067566,4.838973522186279,7.505092144012451,6.104628086090088,1.4341076612472534,1.0286681652069092,0.6475217938423157,0.5987362265586853,0.499470055103302,0.46290552616119385,0.5771490335464478,0.48688438534736633,0.43735405802726746,0.3713088035583496,0.2500244677066803,0.23223818838596344,0.41182491183280945,0.3609876334667206,0.26519691944122314,0.40472733974456787,0.5894742608070374,0.4884165823459625,0.441548228263855,0.37523993849754333,0.27253174781799316,0.2552398443222046,0.5203835368156433,0.46737223863601685,0.4446203112602234,0.6333065629005432,0.7933390140533447,0.6817542314529419,0.6372063755989075,0.5791569352149963,0.49879902601242065,0.4934035539627075,0.2357051968574524,0.23780177533626556,0.23441310226917267,0.07172223925590515,0.012560520321130753,0.002530366415157914,0.005975763313472271,0.008722931146621704,0.022756727412343025,0.023099899291992188,0.0,0.0,0.0,0.4545454680919647,1.0,0.7272727489471436,1.0,1.0,1.0,1.0,0.0,1.0,0.4000000059604645,4.0,91.0208740234375,95.41631317138672,-0.06422018259763718,-0.06422018259763718,0.8333333134651184,0.4722222089767456,0.3611111044883728,80.52691650390625,141.77267456054688,71.3813705444336,126.51383972167969,2.0,3.0
/Users/josephkamil/Desktop/Capstone/Oly_Data/segmented/clean/clean_from_cj_0220.mp4,clean,clean_from_cj_0220.mp4,0.16,clean,,yes,,olympic,clean_sha_9d430da8ae1e75d6,train,9d430da8ae1e75d6695cef9dfa635fe55fee373ea33c07b168ecb5636bd897ee,1.0,9d430da8ae1e75d6695cef9dfa635fe55fee373ea33c07b168ecb5636bd897ee,123,73,0.5934959349593496,73.0,0.5479452013969421,0.0,1.0,1.0,10.0,0.1111111119389534,0.0,0.22710466384887695,0.010043912567198277,0.15815749764442444,0.007489371579140425,72.19319152832031,69.13468933105469,126.49879455566406,162.87655639648438,160.1440887451172,171.170654296875,172.30987548828125,172.7643585205078,178.121826171875,168.88629150390625,23.923587799072266,44.85501480102539,124.44171142578125,165.54074096679688,162.981689453125,169.4290771484375,169.9534149169922,175.28738403320312,173.05398559570312,175.025390625,128.29026794433594,128.3734130859375,111.22040557861328,51.25290298461914,98.70136260986328,98.42597198486328,96.90995788574219,98.35121154785156,97.7551498413086,113.96992492675781,79.49512481689453,76.2598648071289,75.29985809326172,71.51412200927734,61.671504974365234,0.7189520001411438,1.1147618293762207,0.4358493983745575,0.4554687440395355,0.658187747001648,0.5723461508750916,0.5235759615898132,0.5203961133956909,0.575190007686615,0.5127723813056946,0.3329731523990631,0.335316002368927,0.3420504033565521,0.35053226351737976,0.33649250864982605,0.5893000364303589,0.5828595757484436,0.5959571003913879,0.609296441078186,0.5755044221878052,0.3296983540058136,0.32894593477249146,0.32967808842658997,0.3322588801383972,0.33141136169433594,0.6119667291641235,0.6118419766426086,0.6259211301803589,0.6442528963088989,0.6288555264472961,0.4968926012516022,0.49865931272506714,0.4975441098213196,0.4997425675392151,0.5040380954742432,0.04650251939892769,0.06571607291698456,0.08492034673690796,0.042369768023490906,0.07632533460855484,0.05120694264769554,0.04126662760972977,0.039002515375614166,0.04687229543924332,0.049537576735019684,0.7142857313156128,1.0,1.0,1.0,1.0,0.4285714328289032,0.125,0.0,0.0,0.25,0.8666666746139526,0.13333334028720856,0.4109589159488678,6.0,61.76862335205078,8.74779987335205,-0.1111111119389534,0.0,0.47887325286865234,0.47887325286865234,0.0,0.0,125.00804138183594,0.0,169.20541381835938,1.0,1.0
/Users/josephkamil/Desktop/Capstone/Oly_Data/segmented/clean/clean_from_cj_0113.mp4,clean,clean_from_cj_0113.mp4,0.04,clean,,yes,,olympic,clean_sha_ad05499c6bf60de5,train,ad05499c6bf60de55e4cae9ecad15b66c5f4e7ce8356e8f1fe1b95c2e78eb955,1.0,ad05499c6bf60de55e4cae9ecad15b66c5f4e7ce8356e8f1fe1b95c2e78eb955,63,60,0.9523809523809523,60.0,0.0833333358168602,0.0,1.0,1.0,4.0,0.033898305147886276,0.6610169410705566,0.14186829328536987,0.019981645047664642,0.04397428035736084,0.009512197226285934,134.17384338378906,136.04730224609375,156.5084686279297,121.13763427734375,94.21028900146484,105.56143188476562,94.75244140625,97.44501495361328,118.2398452758789,142.5474090576172,122.42505645751953,123.94136810302734,162.27894592285156,149.721923828125,121.99407958984375,111.9336166381836,86.4581527709961,105.13434600830078,138.736083984375,158.44102478027344,168.6573486328125,164.3129119873047,150.8630828857422,150.24232482910156,99.16144561767578,104.0220718383789,83.23665618896484,136.31333923339844,151.04412841796875,118.09329223632812,76.92769622802734,26.705759048461914,4.43905782699585,1.3419194221496582,1.7314071655273438,3.99931263923645,6.701261043548584,6.97048807144165,4.822712421417236,1.6965252161026,0.5855157971382141,0.5255887508392334,0.4285646975040436,0.5002322793006897,0.5190579891204834,0.589374840259552,0.5739636421203613,0.5142934322357178,0.5125324726104736,0.4262191355228424,0.4942973554134369,0.3780798614025116,0.32022854685783386,0.421408087015152,0.4804801940917969,0.52101731300354,0.5229392647743225,0.4587028920650482,0.4301629066467285,0.3659939467906952,0.5350707173347473,0.503940761089325,0.4698443114757538,0.571345329284668,0.6186620593070984,0.6609671115875244,0.6616950631141663,0.6163551807403564,0.5648139715194702,0.529010534286499,0.1170361340045929,0.14839135110378265,0.11435426026582718,0.08469144254922867,0.05181322619318962,0.07149433344602585,0.05538986995816231,0.06114979460835457,0.09051606804132462,0.07956195622682571,0.3333333432674408,0.0,0.0,0.0,0.1666666716337204,0.0,0.0,0.0,0.0,0.3333333432674408,0.1666666716337204,0.1666666716337204,0.03333333507180214,3.0,152.74476623535156,140.6295928955078,-0.033898305147886276,-0.6610169410705566,0.982758641242981,0.2068965584039688,0.7758620977401733,0.0,125.47085571289062,0.0,117.50555419921875,3.0,3.0
/Users/josephkamil/Desktop/Capstone/Oly_Data/segmented/clean/clean_from_cj_0068.mp4,clean,clean_from_cj_0068.mp4,0.09,clean,,yes,,olympic,clean_sha_37fce67b65d5d955,dev,37fce67b65d5d9555c6aa0b86f0f14a60324abaecb2d645468d4b34915298590,1.0,37fce67b65d5d9555c6aa0b86f0f14a60324abaecb2d645468d4b34915298590,66,66,1.0,66.0,0.5151515007019043,0.35384616255760193,0.9384615421295166,0.5909090638160706,8.0,0.0,0.0,0.07677304744720459,0.007171578239649534,0.04851090908050537,0.005606889724731445,109.74950408935547,165.8784637451172,171.5030975341797,136.82948303222656,157.944580078125,174.3048858642578,177.44203186035156,176.9245147705078,177.11135864257812,178.7715301513672,85.00868225097656,143.09239196777344,159.69168090820312,169.5059051513672,174.73855590820312,173.310302734375,176.2088623046875,171.8873291015625,172.87498474121094,174.85791015625,170.11402893066406,169.22695922851562,114.1759033203125,68.38719940185547,32.384674072265625,31.154386520385742,36.76618576049805,33.197227478027344,29.03228759765625,32.619606018066406,12.916386604309082,12.652007102966309,3.498152017593384,1.6024104356765747,2.0999085903167725,1.3840746879577637,1.1022435426712036,0.500015914440155,1.6883115768432617,2.1024584770202637,0.8152555823326111,0.7323809862136841,0.6026365160942078,0.5581895112991333,0.5754981637001038,0.5174260139465332,0.49977895617485046,0.5035937428474426,0.4919649660587311,0.4909326732158661,0.6523887515068054,0.597378671169281,0.5133707523345947,0.5499431490898132,0.5730260014533997,0.5299541354179382,0.5066773295402527,0.5089574456214905,0.49364805221557617,0.49133405089378357,0.7334192395210266,0.6588948369026184,0.6303775906562805,0.6888003349304199,0.7087483406066895,0.6640501618385315,0.640860378742218,0.6458424925804138,0.6350935101509094,0.6320897936820984,0.16313214600086212,0.13624969124794006,0.08939141035079956,0.028832389041781425,0.0076970127411186695,0.014036518521606922,0.009457854554057121,0.006707316730171442,0.004557060543447733,0.007263525389134884,0.0,0.0,0.0,0.4285714328289032,0.4285714328289032,1.0,1.0,1.0,0.8571428656578064,0.4285714328289032,0.0,0.6153846383094788,0.3030303120613098,4.0,125.37451934814453,173.47792053222656,0.35384616255760193,0.35384616255760193,0.15625,0.078125,0.078125,130.7948760986328,74.26346588134766,143.80438232421875,8.707733154296875,1.0,0.0
/Users/josephkamil/Desktop/Capstone/Oly_Data/segmented/clean/clean_from_cj_0104.mp4,clean,clean_from_cj_0104.mp4,0.12,clean,,yes,,olympic,clean_sha_bf2b633684004f85,test,bf2b633684004f85e308cd1e0e56fc4b9e3ec20e0327de4542a45c707aecbea7,1.0,bf2b633684004f85e308cd1e0e56fc4b9e3ec20e0327de4542a45c707aecbea7,63,58,0.9206349206349206,58.0,0.5862069129943848,0.42105263471603394,1.0,0.5862069129943848,1.0,0.5438596606254578,0.0,0.12499797344207764,0.028325866907835007,0.0977698564529419,0.01290871948003769,127.36534118652344,112.05426025390625,165.55662536621094,158.80181884765625,87.0682601928711,41.89310836791992,37.19557189941406,41.298221588134766,39.93577194213867,37.82087707519531,61.95631790161133,93.73153686523438,162.90855407714844,168.22891235351562,111.61932373046875,64.17828369140625,56.20235824584961,56.65060806274414,45.42581558227539,46.96247863769531,128.5835723876953,170.50059509277344,174.45301818847656,161.2948455810547,148.79226684570312,121.26920318603516,160.0419158935547,162.23341369628906,158.79296875,160.7194061279297,147.79312133789062,35.8177375793457,7.4764323234558105,9.224689483642578,5.619595050811768,1.980639100074768,4.593377113342285,7.799890995025635,9.912671089172363,10.178258895874023,0.8767920732498169,0.7908144593238831,0.6978577971458435,0.5767014622688293,0.5422990918159485,0.6227723360061646,0.631181001663208,0.5331436991691589,0.4765852987766266,0.4662754535675049,0.8134644627571106,0.6235784888267517,0.5012140274047852,0.4441268742084503,0.5963415503501892,0.6899527907371521,0.6902845501899719,0.6545271873474121,0.6357981562614441,0.6258236765861511,0.696875274181366,0.707963764667511,0.6687038540840149,0.6334670782089233,0.7709026336669922,0.8476632237434387,0.8566799163818359,0.8338972926139832,0.8220533728599548,0.8165724873542786,0.09661442041397095,0.16959743201732635,0.19747567176818848,0.1675129383802414,0.0964624211192131,0.0782061517238617,0.07206182926893234,0.12284016609191895,0.15924806892871857,0.15961335599422455,0.0,0.0,0.0,0.0,0.8333333134651184,1.0,1.0,1.0,1.0,1.0,0.0,1.0,0.5862069129943848,1.0,94.46463012695312,121.2404556274414,-0.12280701845884323,0.42105263471603394,0.6964285969734192,0.01785714365541935,0.6785714030265808,144.57643127441406,64.59049224853516,136.06520080566406,77.41287231445312,3.0,3.0
/Users/josephkamil/Desktop/Capstone/Oly_Data/segmented/clean/clean_from_cj_0177.mp4,clean,clean_from_cj_0177.mp4,0.1,clean,,yes,,olympic,clean_sha_cc548845cd8296ed,dev,cc548845cd8296edeb19f8dcad8d485ddd85fd82a72a080c88901b4c2343bc9e,2.0,cc548845cd8296edeb19f8dcad8d485ddd85fd82a72a080c88901b4c2343bc9e,63,63,1.0,63.0,0.5873016119003296,0.4193548262119293,1.0,0.5873016119003296,1.0,0.6290322542190552,0.6290322542190552,0.03423154354095459,0.01024292130023241,0.05756884813308716,0.009657980874180794,99.32971954345703,98.9826431274414,147.5226287841797,163.79673767089844,114.40901947021484,45.25689697265625,37.84983444213867,92.84838104248047,136.28546142578125,163.88504028320312,78.22527313232422,86.14141845703125,129.74302673339844,159.04812622070312,120.75334930419922,54.620758056640625,43.563499450683594,92.40715789794922,132.7877960205078,155.04159545898438,178.6073455810547,177.94703674316406,176.95526123046875,165.0232696533203,165.7469940185547,152.4458465576172,161.4022674560547,166.5462188720703,156.9525146484375,171.9810028076172,11.668594360351562,8.501422882080078,10.455235481262207,3.6267383098602295,2.16945743560791,3.2858941555023193,4.978293418884277,6.085659027099609,6.027601718902588,3.9452528953552246,0.8000381588935852,0.7716696262359619,0.6736195683479309,0.5387490391731262,0.4548623859882355,0.4783831834793091,0.47727903723716736,0.4193619191646576,0.3398275375366211,0.28216153383255005,0.6451104283332825,0.6092293858528137,0.5186225771903992,0.4173935353755951,0.5086891055107117,0.629062831401825,0.6217374801635742,0.553363561630249,0.4871688783168793,0.4327976107597351,0.7056612968444824,0.6897415518760681,0.6298630237579346,0.5932818651199341,0.7022777199745178,0.8173887133598328,0.8115525245666504,0.743821382522583,0.687762975692749,0.6311081647872925,0.1550767421722412,0.1625705510377884,0.15504588186740875,0.121753990650177,0.07189786434173584,0.15075387060642242,0.14446690678596497,0.13405285775661469,0.14736367762088776,0.15066848695278168,0.0,0.0,0.0,0.0,0.8333333134651184,1.0,1.0,1.0,1.0,1.0,0.0,1.0,0.5873016119003296,1.0,138.71405029296875,145.16970825195312,-0.20967741310596466,-0.20967741310596466,0.32786884903907776,0.7213114500045776,-0.39344263076782227,80.32528686523438,144.08746337890625,96.32374572753906,127.60182189941406,2.0,2.0
/Users/josephkamil/Desktop/Capstone/Oly_Data/segmented/clean/clean_from_cj_0185.mp4,clean,clean_from_cj_0185.mp4,0.17,clean,,yes,,olympic,clean_sha_cf763ab684c0b201,train,cf763ab684c0b20145ddfcb7b664cb519cba283e74b4cb9f2285df8eb1bafe98,1.0,cf763ab684c0b20145ddfcb7b664cb519cba283e74b4cb9f2285df8eb1bafe98,105,105,1.0,105.0,0.3142857253551483,0.4038461446762085,1.0,0.6000000238418579,7.0,0.5,0.5865384340286255,0.14806050062179565,0.009907495230436325,0.04730236530303955,0.006045927293598652,137.1707305908203,103.11219024658203,154.33685302734375,156.86026000976562,75.167236328125,39.1310920715332,91.8878402709961,130.77122497558594,160.68223571777344,162.43563842773438,136.67967224121094,95.54533386230469,129.59002685546875,154.03085327148438,92.857421875,44.47801208496094,83.92597961425781,127.66230773925781,172.42074584960938,171.9620819091797,144.52012634277344,175.68211364746094,178.3048858642578,173.91159057617188,130.14407348632812,101.63803100585938,98.11332702636719,135.7490692138672,169.4898681640625,166.31430053710938,14.367622375488281,18.061845779418945,22.101165771484375,6.940433025360107,1.7800426483154297,1.9673759937286377,6.088284015655518,4.4242167472839355,0.5755273103713989,0.6578452587127686,0.6241945028305054,0.631047248840332,0.562747597694397,0.4363984167575836,0.4845694601535797,0.540248453617096,0.5084183812141418,0.4572077691555023,0.37372344732284546,0.32751044631004333,0.4844563901424408,0.4774310290813446,0.4088887572288513,0.3135887682437897,0.4762953817844391,0.5396955013275146,0.4856545925140381,0.43545180559158325,0.3863772749900818,0.35659217834472656,0.591328501701355,0.5709303021430969,0.5091689825057983,0.4789983928203583,0.6353343725204468,0.6909765601158142,0.6307049989700317,0.5896036624908447,0.5575171709060669,0.5320494174957275,0.14083231985569,0.15524186193943024,0.15442171692848206,0.13195234537124634,0.03568575158715248,0.022860001772642136,0.029844045639038086,0.06406064331531525,0.045908670872449875,0.05265692248940468,0.0,0.0,0.0,0.0,0.4000000059604645,0.6363636255264282,0.10000000149011612,0.0,1.0,1.0,0.0,1.0,0.20000000298023224,4.0,108.46649932861328,126.56195831298828,-0.09615384787321091,-0.18269230425357819,0.446601927280426,0.223300963640213,0.223300963640213,86.96270751953125,138.72056579589844,90.66104125976562,141.23675537109375,3.0,2.0
/Users/josephkamil/Desktop/Capstone/Oly_Data/segmented/clean/clean_from_cj_0055.mp4,clean,clean_from_cj_0055.mp4,0.11,clean,,yes,,olympic,clean_sha_b6979c9ace8e5ffb,dev,b6979c9ace8e5ffbf3c65f8e66792b9b55a435de3344a286db4cba0d68018e51,1.0,b6979c9ace8e5ffbf3c65f8e66792b9b55a435de3344a286db4cba0d68018e51,103,103,1.0,103.0,0.446601927280426,0.5,1.0,0.5048543810844421,7.0,0.5686274766921997,0.5686274766921997,0.05154597759246826,0.008401076309382915,0.04761087894439697,0.006470540072768927,106.48078918457031,93.83741760253906,124.57737731933594,170.40867614746094,143.1753692626953,73.31642150878906,101.95068359375,140.08517456054688,172.50973510742188,170.13572692871094,82.60881042480469,82.46485137939453,114.2371597290039,155.9025421142578,144.51194763183594,86.97108459472656,104.62417602539062,138.40223693847656,163.97470092773438,162.2957305908203,167.7367401123047,168.26856994628906,172.25729370117188,171.19590759277344,109.61360168457031,59.01890182495117,37.83365249633789,41.78908920288086,20.194833755493164,20.956905364990234,21.927616119384766,12.20887565612793,6.353658676147461,5.734621047973633,1.0519461631774902,0.7685877680778503,0.5027357339859009,1.4338274002075195,0.3292694687843323,0.8494765758514404,0.8210851550102234,0.8188106417655945,0.8085023760795593,0.6825931668281555,0.5526665449142456,0.6344771385192871,0.5880340933799744,0.5177774429321289,0.43599849939346313,0.4475066363811493,0.6414703130722046,0.6346620321273804,0.6190255284309387,0.5038186311721802,0.4837923049926758,0.6404851675033569,0.5961069464683533,0.5251368880271912,0.4445393979549408,0.45593854784965515,0.729105532169342,0.7362672090530396,0.7295791506767273,0.6502569317817688,0.6827458739280701,0.801561176776886,0.7497787475585938,0.7007039189338684,0.6441895365715027,0.6616345047950745,0.18011188507080078,0.18448098003864288,0.1895831674337387,0.1789902299642563,0.07707174122333527,0.021862145513296127,0.01760290563106537,0.014951573684811592,0.01316131092607975,0.012268700636923313,0.0,0.0,0.0,0.0,0.0,0.800000011920929,0.7272727489471436,1.0,0.8999999761581421,1.0,0.0,0.9523809552192688,0.18446601927280426,4.0,99.46356201171875,109.75093841552734,-0.06862745434045792,-0.06862745434045792,0.39603960514068604,0.2772277295589447,0.11881188303232193,90.68638610839844,123.02864837646484,94.03242492675781,96.98025512695312,2.0,2.0
/Users/josephkamil/Desktop/Capstone/Oly_Data/segmented/clean/clean_from_cj_0015.mp4,clean,clean_from_cj_0015.mp4,0.09,clean,,yes,,olympic,clean_sha_1c6388efe03a691d,train,1c6388efe03a691debb4c8b37ee0bbbba99201158027a31460a70cf0bafa32e6,1.0,1c6388efe03a691debb4c8b37ee0bbbba99201158027a31460a70cf0bafa32e6,94,94,1.0,94.0,0.521276593208313,0.47311827540397644,1.0,0.5319148898124695,3.0,0.5698924660682678,0.5268816947937012,0.044690728187561035,0.010073747485876083,0.04259133338928223,0.006774993147701025,162.4266815185547,127.58809661865234,173.98098754882812,170.7664031982422,156.27627563476562,11.358540534973145,57.23048400878906,146.19285583496094,168.85951232910156,175.05532836914062,150.82211303710938,131.5313262939453,176.01731872558594,176.9572296142578,171.29148864746094,29.393850326538086,76.7724380493164,162.60366821289062,172.0064697265625,167.6904754638672,160.5883331298828,168.7019500732422,167.0681610107422,166.39486694335938,90.234130859375,87.56838989257812,71.41315460205078,85.43826293945312,90.78040313720703,131.2411651611328,32.04034423828125,18.53194236755371,12.069229125976562,5.6261138916015625,3.668907880783081,1.562593936920166,1.9077913761138916,1.5465312004089355,3.726529121398926,5.572927951812744,0.6910210847854614,0.6979729533195496,0.6222264170646667,0.5083114504814148,0.4412860870361328,0.5470334887504578,0.5047104954719543,0.4335538446903229,0.3616863191127777,0.34953486919403076,0.55265873670578,0.5362328290939331,0.4723643362522125,0.3680444359779358,0.41622114181518555,0.5521306991577148,0.5152691006660461,0.4433864653110504,0.37136781215667725,0.36142539978027344,0.619128406047821,0.6305243372917175,0.57501220703125,0.5165572762489319,0.5585124492645264,0.6868062615394592,0.6572557687759399,0.5883914232254028,0.5258621573448181,0.5172909498214722,0.1387341171503067,0.16176800429821014,0.1500050276517868,0.14137296378612518,0.05390404909849167,0.011966567486524582,0.025953374803066254,0.0331047959625721,0.02752706967294216,0.019754452630877495,0.0,0.0,0.0,0.0,0.30000001192092896,0.8888888955116272,1.0,1.0,1.0,1.0,0.0,1.0,0.44680851697921753,2.0,142.5525665283203,167.11383056640625,-0.09677419066429138,-0.05376344174146652,0.22826087474822998,0.33695653080940247,-0.10869564861059189,86.56580352783203,176.5438232421875,83.30375671386719,164.3564910888672,2.0,2.0
/Users/josephkamil/Desktop/Capstone/Oly_Data/segmented/clean/clean_from_cj_0198.mp4,clean,clean_from_cj_0198.mp4,0.08,clean,,yes,,olympic,clean_sha_105aae86cd00cbf3,train,105aae86cd00cbf3d31b90f7d85c0aacb2302ec7b71d61bf7c561e5c08670497,1.0,105aae86cd00cbf3d31b90f7d85c0aacb2302ec7b71d61bf7c561e5c08670497,63,63,1.0,63.0,0.60317462682724,0.4032258093357086,1.0,0.60317462682724,1.0,0.0,0.0,0.08063322305679321,0.013020315207540989,0.025609314441680908,0.005925723817199469,134.8050994873047,158.8282470703125,168.58395385742188,173.8813018798828,147.8632354736328,146.0042724609375,165.43202209472656,179.1933135986328,177.08338928222656,176.52964782714844,119.0935287475586,134.64036560058594,153.98472595214844,163.5135040283203,152.6337127685547,151.51573181152344,161.75253295898438,170.3036346435547,167.59710693359375,167.0302734375,118.64643096923828,165.54476928710938,162.18167114257812,104.73492431640625,28.765417098999023,41.868770599365234,54.31528854370117,60.9374885559082,61.507511138916016,57.65249252319336,5.079127788543701,8.67653751373291,2.8971927165985107,1.6526435613632202,3.4819300174713135,1.7882881164550781,1.7009927034378052,2.1627750396728516,0.7936902642250061,0.5118687152862549,0.7865392565727234,0.7426385283470154,0.6154592037200928,0.44844117760658264,0.40709829330444336,0.4244767427444458,0.38208505511283875,0.34097322821617126,0.3459568917751312,0.3444966673851013,0.6192687153816223,0.5606293678283691,0.43842604756355286,0.34193795919418335,0.42116212844848633,0.4294009208679199,0.3939265310764313,0.36645087599754333,0.3674074113368988,0.36573153734207153,0.7130160331726074,0.6485275030136108,0.6083150506019592,0.5705996751785278,0.6346576809883118,0.6357786059379578,0.6074855923652649,0.5885083675384521,0.587576687335968,0.5893754959106445,0.16896474361419678,0.18238355219364166,0.17703992128372192,0.10667737573385239,0.015607766807079315,0.005929976236075163,0.012316523119807243,0.025848904624581337,0.022601453587412834,0.021834639832377434,0.0,0.0,0.0,0.0,1.0,1.0,1.0,1.0,1.0,1.0,0.0,1.0,0.60317462682724,1.0,160.28009033203125,158.5019989013672,0.4032258093357086,0.4032258093357086,0.24590164422988892,0.09836065769195557,0.14754098653793335,61.496604919433594,35.898834228515625,57.688262939453125,20.566055297851562,1.0,0.0
/Users/josephkamil/Desktop/Capstone/Oly_Data/segmented/clean/clean_from_cj_0025.mp4,clean,clean_from_cj_0025.mp4,0.04,clean,,yes,,olympic,clean_sha_4dc95a5566db57e2,train,4dc95a5566db57e21fdd7b5d053523aed5a3876d26627e5c19eab698d2625f16,1.0,4dc95a5566db57e21fdd7b5d053523aed5a3876d26627e5c19eab698d2625f16,68,62,0.9117647058823529,62.0,0.33870968222618103,0.3442623019218445,0.9836065769195557,0.6451612710952759,10.0,0.5901639461517334,0.6065573692321777,0.13929614424705505,0.01774953305721283,0.05961716175079346,0.009309053421020508,154.84393310546875,151.2421417236328,135.15892028808594,117.10771942138672,91.0289077758789,57.67694091796875,62.39628982543945,100.0160140991211,119.3927001953125,145.39163208007812,147.52000427246094,152.1683807373047,155.11595153808594,151.94451904296875,118.50843811035156,72.2968521118164,72.87779235839844,104.43189239501953,123.65373992919922,151.06617736816406,168.72332763671875,169.8210906982422,156.5496826171875,123.92891693115234,134.623779296875,47.71660232543945,43.71977615356445,41.89960479736328,88.2064208984375,130.08006286621094,19.17857551574707,9.478821754455566,3.2349660396575928,3.8391828536987305,4.465261936187744,10.188141822814941,14.096293449401855,16.909399032592773,15.183226585388184,6.264456272125244,0.5931282043457031,0.49095675349235535,0.4650053083896637,0.4409151077270508,0.5421937704086304,0.5426107048988342,0.5314573049545288,0.4873533248901367,0.46697530150413513,0.44522759318351746,0.43110156059265137,0.34088560938835144,0.36078545451164246,0.41588374972343445,0.48319604992866516,0.5448400378227234,0.5417001247406006,0.4909360706806183,0.4424532651901245,0.3730638027191162,0.5477612018585205,0.49663493037223816,0.5079749226570129,0.574161946773529,0.6295139193534851,0.6722352504730225,0.6641014814376831,0.6161389946937561,0.5800653100013733,0.5308004021644592,0.162750244140625,0.1530040055513382,0.11466125398874283,0.07324022799730301,0.06772888451814651,0.033625151962041855,0.039902880787849426,0.04081388935446739,0.057923823595047,0.08317714184522629,0.0,0.0,0.0,0.5,0.0,0.6666666865348816,1.0,0.6666666865348816,0.5,0.1428571492433548,0.0,0.25,0.19354838132858276,5.0,115.65888977050781,149.02389526367188,-0.24590164422988892,-0.26229506731033325,0.9833333492279053,0.15000000596046448,0.8333333134651184,44.31597900390625,108.54176330566406,27.882308959960938,99.67123413085938,2.0,2.0
/Users/josephkamil/Desktop/Capstone/Oly_Data/segmented/clean/clean_from_cj_0030.mp4,clean,clean_from_cj_0030.mp4,0.11,clean,,yes,,olympic,clean_sha_e52b1cf0c9a40c16,train,e52b1cf0c9a40c167fd26344901569a3f5d2839e35dfab3ee0e8b99b1d405249,2.0,e52b1cf0c9a40c167fd26344901569a3f5d2839e35dfab3ee0e8b99b1d405249,93,93,1.0,93.0,0.301075279712677,0.5869565010070801,1.0,0.4193548262119293,5.0,0.6847826242446899,0.6847826242446899,0.0693405270576477,0.008491632528603077,0.1108483076095581,0.008358626626431942,133.35842895507812,129.6959991455078,137.6834259033203,148.7052001953125,165.321533203125,157.590576171875,69.21058654785156,106.09085083007812,151.2476806640625,161.70423889160156,125.53988647460938,120.16586303710938,127.52857971191406,137.53433227539062,153.86563110351562,153.10159301757812,73.57386779785156,101.10449981689453,148.06472778320312,161.74488830566406,163.114501953125,162.84226989746094,163.89971923828125,167.78463745117188,171.8204345703125,117.08588409423828,47.09450149536133,34.25937271118164,45.43748474121094,37.3187370300293,0.9112562537193298,0.9532455801963806,0.821429431438446,0.5909250974655151,0.4667157530784607,0.33690160512924194,1.4870660305023193,1.7784695625305176,2.6700196266174316,0.7539013028144836,0.5895031690597534,0.5896744132041931,0.5901957750320435,0.5849431753158569,0.4794394075870514,0.3591708540916443,0.51349276304245,0.4798111915588379,0.41485512256622314,0.31749415397644043,0.37115907669067383,0.3699633777141571,0.3685351610183716,0.35438594222068787,0.24731643497943878,0.21782854199409485,0.5270960330963135,0.49162593483924866,0.40620094537734985,0.3313780128955841,0.4905169904232025,0.48575687408447266,0.4752243757247925,0.4644710421562195,0.39443784952163696,0.46075958013534546,0.745984673500061,0.7063515186309814,0.6276311874389648,0.5641067624092102,0.21837963163852692,0.21971642971038818,0.2216639518737793,0.23056606948375702,0.23218338191509247,0.14473196864128113,0.018222784623503685,0.013775297440588474,0.012850016355514526,0.015114816837012768,0.0,0.0,0.0,0.0,0.0,0.1111111119389534,0.6000000238418579,1.0,0.2222222238779068,1.0,0.0,0.6315789222717285,0.12903225421905518,3.0,110.41543579101562,112.42045593261719,-0.09782608598470688,-0.09782608598470688,0.8791208863258362,0.4395604431629181,0.4395604431629181,66.85169982910156,118.60511779785156,54.83766174316406,109.11946868896484,2.0,2.0
/Users/josephkamil/Desktop/Capstone/Oly_Data/segmented/clean/clean_from_cj_0171.mp4,clean,clean_from_cj_0171.mp4,0.06,clean,,yes,,olympic,clean_sha_0e8973efc1a0dd69,test,0e8973efc1a0dd696708da197cf84a4dc16fe2038bbb132e00f3b29dcc3ddd4e,2.0,0e8973efc1a0dd696708da197cf84a4dc16fe2038bbb132e00f3b29dcc3ddd4e,79,49,0.620253164556962,49.0,0.26530611515045166,0.0,0.875,0.8775510191917419,5.0,0.1666666716337204,0.1875,0.09704917669296265,0.014485885389149189,0.35890358686447144,0.017667781561613083,178.05911254882812,114.53292083740234,166.04916381835938,155.02084350585938,118.554931640625,132.41629028320312,140.60081481933594,154.8732452392578,177.6393585205078,175.79371643066406,174.726318359375,69.30612182617188,142.19093322753906,170.67091369628906,163.6541748046875,158.92469787597656,156.293212890625,160.48812866210938,175.08148193359375,173.0852813720703,72.58541107177734,136.1841583251953,60.1161003112793,30.6802921295166,17.653247833251953,69.48176574707031,110.67631530761719,141.77090454101562,159.0253448486328,135.44326782226562,176.85092163085938,158.40731811523438,176.70001220703125,174.80108642578125,174.1280059814453,174.6068878173828,71.35235595703125,1.0045106410980225,2.4460034370422363,1.5866444110870361,0.5984551906585693,0.5746303200721741,0.5417667627334595,0.559918999671936,0.5251219868659973,0.5163976550102234,0.49394840002059937,0.45202121138572693,0.42465725541114807,0.4297625422477722,0.6644082069396973,0.5848473310470581,0.5498135685920715,0.515114426612854,0.4790732264518738,0.4573189616203308,0.465169757604599,0.44595035910606384,0.42236772179603577,0.4209825396537781,0.4559006094932556,0.4998464584350586,0.3910270631313324,0.2980320155620575,0.2723999619483948,0.24771690368652344,0.4567614495754242,0.5775051116943359,0.5545419454574585,0.55116868019104,0.06957000494003296,0.06675362586975098,0.027078062295913696,0.04693274945020676,0.048145778477191925,0.060689955949783325,0.062189389020204544,0.06060303375124931,0.06947159767150879,0.07329420745372772,1.0,0.6000000238418579,0.800000011920929,0.0,0.0,0.0,0.0,0.0,0.4000000059604645,0.0,0.800000011920929,0.20000000298023224,0.12244898080825806,3.0,175.7379150390625,171.5361785888672,-0.1666666716337204,-0.1875,0.1489361673593521,0.23404255509376526,-0.08510638028383255,0.0,174.40325927734375,0.0,159.37677001953125,3.0,1.0
/Users/josephkamil/Desktop/Capstone/Oly_Data/segmented/clean/clean_from_cj_0082.mp4,clean,clean_from_cj_0082.mp4,0.14,clean,,yes,,olympic,clean_sha_b1135c02352446f7,train,b1135c02352446f7eae54bc5d6494b9c21d3f63ceee746a641115d04de0ea7a6,1.0,b1135c02352446f7eae54bc5d6494b9c21d3f63ceee746a641115d04de0ea7a6,122,122,1.0,122.0,0.6393442749977112,0.3305785059928894,1.0,0.6721311211585999,7.0,0.041322313249111176,0.041322313249111176,0.056402504444122314,0.007834594696760178,0.050570666790008545,0.005993743427097797,37.82718276977539,115.0918960571289,175.1286163330078,116.84000396728516,85.16639709472656,126.57678985595703,164.36720275878906,172.3661651611328,175.0362091064453,176.75364685058594,35.650936126708984,105.97842407226562,166.45547485351562,125.34518432617188,99.14599609375,131.54881286621094,163.95494079589844,177.57530212402344,176.54876708984375,176.9267578125,178.7197723388672,177.2341766357422,174.29905700683594,89.11112213134766,42.82614517211914,55.30220031738281,38.9933967590332,39.82896041870117,42.90435791015625,51.77022933959961,6.185865879058838,9.936408996582031,5.050858020782471,1.5577579736709595,2.0807108879089355,3.5519402027130127,1.1070784330368042,1.4652141332626343,2.3757834434509277,2.1284615993499756,0.7923842072486877,0.7697510123252869,0.5850616097450256,0.461005300283432,0.5331608653068542,0.4168109595775604,0.3202345669269562,0.3103809058666229,0.3102266192436218,0.3347243070602417,0.5676805377006531,0.5341309905052185,0.3715527057647705,0.4484427869319916,0.5399383306503296,0.43561968207359314,0.3513428866863251,0.3392963707447052,0.3324042558670044,0.35636788606643677,0.7516106963157654,0.6943287253379822,0.5889527201652527,0.6799607872962952,0.7481269240379333,0.6572811603546143,0.6057853102684021,0.5858344435691833,0.5730040073394775,0.5959762334823608,0.22481095790863037,0.23566733300685883,0.2144533395767212,0.04513461887836456,0.030959485098719597,0.024222515523433685,0.03217088803648949,0.030328599736094475,0.025271475315093994,0.0265288557857275,0.0,0.0,0.0,0.6666666865348816,0.692307710647583,1.0,1.0,1.0,1.0,1.0,0.0,1.0,0.5409836173057556,4.0,119.26460266113281,128.05299377441406,0.28925618529319763,0.28925618529319763,0.25,0.125,0.125,149.321044921875,103.24279022216797,148.21575927734375,86.82905578613281,2.0,2.0
/Users/josephkamil/Desktop/Capstone/Oly_Data/segmented/clean/clean_from_cj_0207.mp4,clean,clean_from_cj_0207.mp4,0.18,clean,,yes,,olympic,clean_sha_be04f3d2aa0a1183,train,be04f3d2aa0a1183f9a7e27366328f28484567a42e871d752536ccffb190789a,2.0,be04f3d2aa0a1183f9a7e27366328f28484567a42e871d752536ccffb190789a,125,125,1.0,125.0,0.6079999804496765,0.2177419364452362,1.0,0.7839999794960022,15.0,0.2661290466785431,0.27419355511665344,0.08865982294082642,0.008451441302895546,0.11620265245437622,0.0071793473325669765,153.0501708984375,162.57252502441406,52.03754806518555,111.04039001464844,157.8009033203125,160.70018005371094,161.71804809570312,167.19467163085938,173.32464599609375,177.49298095703125,138.46368408203125,155.38943481445312,60.01912307739258,102.93376159667969,151.9513397216797,155.97152709960938,160.4320831298828,163.11680603027344,166.07139587402344,166.79420471191406,168.81626892089844,150.9154052734375,57.53903579711914,64.25497436523438,65.56541442871094,38.266212463378906,34.476905822753906,12.481029510498047,36.332603454589844,71.47376251220703,0.44693759083747864,0.4813176393508911,0.38782787322998047,0.9779829382896423,0.31233200430870056,0.45830294489860535,0.5543760061264038,0.4175180196762085,0.2277396321296692,0.4205806851387024,0.6313498616218567,0.4573042690753937,0.5522524118423462,0.4837714731693268,0.3310241997241974,0.26827847957611084,0.26017042994499207,0.25075486302375793,0.24543142318725586,0.2410661280155182,0.3676992654800415,0.24028044939041138,0.5505885481834412,0.48387956619262695,0.33374860882759094,0.28169673681259155,0.2655642330646515,0.25370171666145325,0.2497992366552353,0.24673348665237427,0.5066294074058533,0.4739578068256378,0.7850294709205627,0.6941513419151306,0.5782819986343384,0.5415764451026917,0.5239687561988831,0.5139638185501099,0.5107366442680359,0.5111254453659058,0.26366522908210754,0.2170790582895279,0.008324735797941685,0.011309047229588032,0.013705060817301273,0.01546837855130434,0.006446348037570715,0.004410924389958382,0.0062350803054869175,0.006672903895378113,0.0,0.0,0.4166666567325592,0.6153846383094788,0.5833333134651184,0.6153846383094788,0.8333333134651184,1.0,1.0,1.0,0.0,1.0,0.3840000033378601,8.0,61.089900970458984,64.6747055053711,-0.04838709533214569,-0.05645161122083664,0.47154471278190613,0.47154471278190613,0.0,109.41731262207031,142.58055114746094,96.51619720458984,125.01112365722656,2.0,1.0
/Users/josephkamil/Desktop/Capstone/Oly_Data/segmented/clean/clean_from_cj_0097.mp4,clean,clean_from_cj_0097.mp4,0.09,clean,,yes,,olympic,clean_sha_80d4c82694ef42d5,dev,80d4c82694ef42d5ae5dfe711e330300865b013de8da609f56bdeffe6eb12974,1.0,80d4c82694ef42d5ae5dfe711e330300865b013de8da609f56bdeffe6eb12974,74,74,1.0,74.0,0.04054053872823715,0.7123287916183472,0.7534246444702148,0.054054055362939835,4.0,0.6438356041908264,0.7808219194412231,0.05607318878173828,0.008802806958556175,0.02702808380126953,0.0050579821690917015,174.96559143066406,171.26345825195312,172.260986328125,174.4639129638672,176.623046875,160.1900177001953,134.7042694091797,166.18231201171875,157.25778198242188,175.00482177734375,173.50111389160156,170.42776489257812,176.15274047851562,174.85511779785156,170.16311645507812,160.2738800048828,167.71725463867188,155.56005859375,168.2351837158203,164.58424377441406,172.62484741210938,170.94432067871094,175.7696990966797,163.47434997558594,149.68405151367188,66.92516326904297,20.613229751586914,1.7367215156555176,15.055818557739258,58.23511505126953,23.47901725769043,22.32718276977539,12.483649253845215,13.524941444396973,4.383063316345215,6.072428226470947,5.809855937957764,5.05898380279541,6.881886005401611,4.735898017883301,0.6461374163627625,0.6470418572425842,0.6456238031387329,0.5747140049934387,0.479946106672287,0.38713982701301575,0.3836524188518524,0.33850812911987305,0.351940393447876,0.3755163550376892,0.49319988489151,0.49656447768211365,0.49202725291252136,0.4371332824230194,0.3564116358757019,0.34675332903862,0.36597150564193726,0.3337315320968628,0.3169415593147278,0.3293437957763672,0.5273790955543518,0.534061849117279,0.5487056374549866,0.5020018219947815,0.46865394711494446,0.4836660325527191,0.5093600749969482,0.47802960872650146,0.45743826031684875,0.4726037383079529,0.15294766426086426,0.15052805840969086,0.15368500351905823,0.13807524740695953,0.12380985915660858,0.04139835387468338,0.021628398448228836,0.012207664549350739,0.036205586045980453,0.04878846928477287,0.0,0.0,0.0,0.0,0.0,0.0,0.0,0.375,0.0,0.0,0.0,0.0,0.027027027681469917,2.0,167.41827392578125,154.06735229492188,0.06849315017461777,-0.06849315017461777,0.4861111044883728,0.02777777798473835,0.4583333432674408,67.98870849609375,40.270233154296875,26.125946044921875,25.60784912109375,2.0,0.0
/Users/josephkamil/Desktop/Capstone/Oly_Data/segmented/clean/clean_from_cj_0093.mp4,clean,clean_from_cj_0093.mp4,0.1,clean,,yes,,olympic,clean_sha_94d831f002b53f0d,train,94d831f002b53f0d6faf94cbdb7d73a673920b73864e9ce81b33d78846246ea9,1.0,94d831f002b53f0d6faf94cbdb7d73a673920b73864e9ce81b33d78846246ea9,73,14,0.1917808219178082,14.0,0.2142857164144516,0.6153846383094788,0.8461538553237915,0.2857142984867096,4.0,0.07692307978868484,0.07692307978868484,0.16860386729240417,0.029124388471245766,0.02134150266647339,0.009548141621053219,124.67072296142578,117.61046600341797,137.71603393554688,134.41091918945312,142.4205322265625,144.97047424316406,160.0754852294922,165.6917724609375,157.4047088623047,174.69313049316406,151.43946838378906,126.62156677246094,140.14068603515625,140.20281982421875,149.36737060546875,149.99368286132812,169.37924194335938,167.62869262695312,175.95481872558594,171.92820739746094,32.46403884887695,36.237548828125,63.32261657714844,29.16695785522461,9.24225902557373,16.85931396484375,2.585218667984009,45.48957824707031,63.16437530517578,18.205204010009766,6.685471057891846,7.310083389282227,3.0184500217437744,2.094992160797119,3.235372304916382,3.971608877182007,4.785672187805176,4.436583995819092,6.032959938049316,1.0314767360687256,0.6125195026397705,0.6097650527954102,0.44495105743408203,0.4483869969844818,0.4091467261314392,0.38552120327949524,0.3578152060508728,0.34151363372802734,0.3049904704093933,0.335688054561615,0.47628384828567505,0.4676094651222229,0.42077431082725525,0.40465444326400757,0.3764932155609131,0.3739946484565735,0.35907304286956787,0.3447018265724182,0.3364553153514862,0.3297554850578308,0.6324748992919922,0.625930905342102,0.6002510786056519,0.5913740992546082,0.5762006640434265,0.5701818466186523,0.553615927696228,0.5405166745185852,0.5360057353973389,0.5244108438491821,0.13627518713474274,0.1421789675951004,0.06618611514568329,0.07458534091711044,0.05910022556781769,0.04165969043970108,0.0038968052249401808,0.03665388748049736,0.04508208483457565,0.008915781043469906,0.0,0.0,0.0,0.0,0.0,0.0,1.0,0.5,1.0,0.0,0.0,0.3333333432674408,0.1428571492433548,2.0,160.0754852294922,169.37924194335938,0.5384615659713745,0.5384615659713745,0.0833333358168602,0.0833333358168602,0.0,42.46501922607422,20.5843505859375,42.75767517089844,13.719940185546875,0.0,1.0
/Users/josephkamil/Desktop/Capstone/Oly_Data/segmented/clean/clean_from_cj_0018.mp4,clean,clean_from_cj_0018.mp4,0.04,clean,,yes,,olympic,clean_sha_771b761080f7db45,train,771b761080f7db45aa074f5dc26d8a9d07981773ab77cd5d7e70b5bf7981f292,1.0,771b761080f7db45aa074f5dc26d8a9d07981773ab77cd5d7e70b5bf7981f292,63,63,1.0,63.0,0.1111111119389534,0.6612903475761414,0.8870967626571655,0.2380952388048172,8.0,0.8225806355476379,0.8709677457809448,0.11945682764053345,0.014730139635503292,0.0639391541481018,0.008333586156368256,101.20278930664062,99.66815185546875,111.18123626708984,149.6477508544922,146.86865234375,150.04713439941406,114.69266510009766,78.07367706298828,44.48191833496094,76.6723861694336,63.667362213134766,65.23006439208984,70.4194107055664,92.7360610961914,123.74429321289062,149.26284790039062,140.3026580810547,102.52733612060547,61.1546630859375,87.57203674316406,172.38111877441406,170.82652282714844,168.2088165283203,168.09434509277344,162.08413696289062,150.212890625,93.7378921508789,65.11466217041016,48.12054443359375,47.55557632446289,66.82340240478516,65.93671417236328,66.65119171142578,62.70465087890625,31.18536376953125,8.741106986999512,2.387444257736206,7.1903076171875,11.968368530273438,15.120786666870117,0.6829304695129395,0.6819474101066589,0.6842352747917175,0.6309098601341248,0.5200601816177368,0.42936694622039795,0.4620996117591858,0.49850836396217346,0.553959846496582,0.5269381403923035,0.5284349322319031,0.5284194946289062,0.5256454348564148,0.46715134382247925,0.3686404228210449,0.3314334452152252,0.4070603847503662,0.4945645034313202,0.5519616603851318,0.5230891108512878,0.5636693239212036,0.5679779648780823,0.564918577671051,0.5105951428413391,0.48389291763305664,0.4632140100002289,0.5705953240394592,0.6407201886177063,0.6811167597770691,0.648828387260437,0.15736939013004303,0.1564420610666275,0.16151387989521027,0.16543936729431152,0.15223689377307892,0.10232261568307877,0.08158065378665924,0.04398477077484131,0.04623821750283241,0.04088751599192619,0.0,0.0,0.0,0.0,0.0,0.0,0.1428571492433548,0.5,0.5,0.0,0.0,0.23076923191547394,0.0476190485060215,4.0,110.48770141601562,134.92189025878906,-0.16129031777381897,-0.20967741310596466,0.6393442749977112,0.49180328845977783,0.14754098653793335,64.08898162841797,69.64013671875,93.22116088867188,77.6280288696289,3.0,2.0
/Users/josephkamil/Desktop/Capstone/Oly_Data/segmented/clean/clean_from_cj_0079.mp4,clean,clean_from_cj_0079.mp4,0.18,clean,,yes,,olympic,clean_sha_74fce40d0da966d1,train,74fce40d0da966d175a1497ec9cacd04f9e51230277f4be1974db18335b30b4b,1.0,74fce40d0da966d175a1497ec9cacd04f9e51230277f4be1974db18335b30b4b,125,125,1.0,125.0,0.6480000019073486,0.25,1.0,0.7519999742507935,13.0,0.3145161271095276,0.3467741906642914,0.0469287633895874,0.008356950245797634,0.06554657220840454,0.007092551793903112,120.8309097290039,165.45278930664062,105.91625213623047,60.50813293457031,126.38797760009766,149.12840270996094,169.1726837158203,175.45111083984375,177.75396728515625,178.35385131835938,104.3335189819336,155.4609375,112.2669448852539,69.37118530273438,117.64117431640625,153.60560607910156,170.23464965820312,170.767822265625,174.1357421875,176.16477966308594,176.2864227294922,175.96304321289062,60.812408447265625,48.36008834838867,30.984651565551758,23.984424591064453,50.35833740234375,77.45401000976562,80.2431640625,79.26255798339844,18.666105270385742,10.77792739868164,3.8021278381347656,4.902890682220459,9.187668800354004,3.169544219970703,1.6266087293624878,0.6936353445053101,1.1760324239730835,1.3805091381072998,0.7389016151428223,0.5640987157821655,0.47211313247680664,0.5307849645614624,0.4268554747104645,0.32759347558021545,0.2740059792995453,0.2949879765510559,0.3032640516757965,0.2919655740261078,0.49729135632514954,0.3447052240371704,0.44870808720588684,0.5324124693870544,0.42708098888397217,0.33129045367240906,0.28811439871788025,0.3119828402996063,0.3122599422931671,0.301607221364975,0.6290781497955322,0.5539875626564026,0.6653751730918884,0.7401930689811707,0.6269133687019348,0.5665315985679626,0.54156893491745,0.5633764266967773,0.5647032856941223,0.554561972618103,0.24188560247421265,0.22244225442409515,0.053463999181985855,0.028744371607899666,0.030319489538669586,0.024961281567811966,0.026096582412719727,0.03419715538620949,0.028785184025764465,0.02953539416193962,0.0,0.0,0.5,0.8461538553237915,0.5,0.6153846383094788,1.0,1.0,1.0,1.0,0.0,1.0,0.4320000112056732,7.0,103.40988159179688,111.0436019897461,-0.06451612710952759,-0.09677419066429138,0.5447154641151428,0.3658536672592163,0.17886178195476532,78.09721374511719,137.09799194335938,88.90515899658203,119.85107421875,2.0,1.0
/Users/josephkamil/Desktop/Capstone/Oly_Data/segmented/clean/clean_from_cj_0147.mp4,clean,clean_from_cj_0147.mp4,0.14,clean,,yes,,olympic,clean_sha_312dda9f57b00792,train,312dda9f57b00792a6d8597390dd7b6f109468f720dd13fd3e2b4e63340bbb49,1.0,312dda9f57b00792a6d8597390dd7b6f109468f720dd13fd3e2b4e63340bbb49,102,102,1.0,102.0,0.6470588445663452,0.3465346395969391,1.0,0.656862735748291,3.0,0.4455445408821106,0.029702970758080482,0.03731256723403931,0.00908730085939169,0.08274409174919128,0.008786911144852638,83.6914291381836,161.75848388671875,168.11622619628906,133.4396514892578,71.74536895751953,146.74472045898438,169.71893310546875,174.10708618164062,172.17855834960938,173.63223266601562,75.40385437011719,142.78651428222656,160.3560028076172,136.33558654785156,86.40182495117188,140.88973999023438,161.7029266357422,165.86917114257812,164.81399536132812,162.427490234375,170.8890380859375,170.96047973632812,161.69956970214844,71.65758514404297,97.20165252685547,43.116943359375,40.44972610473633,57.85724639892578,44.8833122253418,40.127967834472656,0.32265833020210266,0.7995107769966125,0.42950791120529175,0.5764452219009399,0.34807249903678894,1.7599830627441406,0.8844782114028931,1.118239402770996,1.3034274578094482,1.1410247087478638,0.6614226698875427,0.6045575737953186,0.4304947853088379,0.3470042943954468,0.45514795184135437,0.34486812353134155,0.20761337876319885,0.20093050599098206,0.21602925658226013,0.2168738692998886,0.40935689210891724,0.3590633273124695,0.20316119492053986,0.3189548850059509,0.4681849181652069,0.35101422667503357,0.22658725082874298,0.22356367111206055,0.24141371250152588,0.24349568784236908,0.5838353037834167,0.46408382058143616,0.40946921706199646,0.5652750730514526,0.6966584920883179,0.5711314678192139,0.4686554968357086,0.47337833046913147,0.49272412061691284,0.4984506666660309,0.2520815134048462,0.24551673233509064,0.22739747166633606,0.0514959916472435,0.014575216919183731,0.008590235374867916,0.019806519150733948,0.02309907227754593,0.026754111051559448,0.027500899508595467,0.0,0.0,0.0,0.5,1.0,0.8999999761581421,1.0,1.0,1.0,1.0,0.0,1.0,0.4901960790157318,2.0,128.85365295410156,132.35333251953125,-0.09900990128517151,0.31683167815208435,0.25,0.10000000149011612,0.15000000596046448,106.68401336669922,114.09498596191406,106.68509674072266,89.5562744140625,2.0,2.0
/Users/josephkamil/Desktop/Capstone/Oly_Data/segmented/clean/clean_from_cj_0143.mp4,clean,clean_from_cj_0143.mp4,0.2,clean,,yes,,olympic,clean_sha_9c52fe76c0e991d1,dev,9c52fe76c0e991d135d69c5f7ca99980c3b26ad745de52176a53e7602e7af704,1.0,9c52fe76c0e991d135d69c5f7ca99980c3b26ad745de52176a53e7602e7af704,117,117,1.0,117.0,0.49572649598121643,0.26724138855934143,1.0,0.7350427508354187,13.0,0.0,0.0,0.18279312551021576,0.018403107300400734,0.09599965810775757,0.008532785810530186,152.20872497558594,170.47816467285156,175.2469024658203,172.76126098632812,164.99609375,162.3885498046875,170.59466552734375,177.41783142089844,175.32167053222656,178.2124481201172,146.27581787109375,166.06947326660156,173.3139190673828,177.0267791748047,172.49400329589844,168.6885986328125,176.20294189453125,169.8958740234375,170.72398376464844,171.206298828125,172.3675079345703,170.8813018798828,107.82593536376953,143.93325805664062,86.05194854736328,21.2414608001709,33.292457580566406,63.0693473815918,66.4011001586914,36.54701614379883,20.184635162353516,14.203581809997559,4.5060133934021,3.428314208984375,3.7571141719818115,7.02475118637085,3.6849381923675537,2.3190088272094727,3.225862503051758,1.2510676383972168,0.5797507762908936,0.5278174877166748,0.23674970865249634,0.436524361371994,0.47464504837989807,0.368467777967453,0.2646341025829315,0.19882823526859283,0.2721385657787323,0.3054344058036804,0.382306307554245,0.31323811411857605,0.16894888877868652,0.3654959499835968,0.44672372937202454,0.3775726854801178,0.29168495535850525,0.22142718732357025,0.28141453862190247,0.3073255717754364,0.4934711158275604,0.4464169442653656,0.3871665298938751,0.5644470453262329,0.6229118704795837,0.5758193731307983,0.524768590927124,0.4612813889980316,0.5153043866157532,0.5410241484642029,0.19829602539539337,0.21535484492778778,0.09544626623392105,0.07491988688707352,0.0405547209084034,0.01981140673160553,0.03958228603005409,0.049573782831430435,0.036571670323610306,0.03537227585911751,0.0,0.0,0.3333333432674408,0.0,0.3333333432674408,0.9166666865348816,1.0,0.9166666865348816,0.9166666865348816,0.5,0.0,0.695652186870575,0.23076923191547394,7.0,177.7557830810547,167.62608337402344,0.26724138855934143,0.26724138855934143,0.2347826063632965,0.0,0.2347826063632965,172.1862030029297,35.25611877441406,166.21075439453125,19.421127319335938,0.0,0.0
/Users/josephkamil/Desktop/Capstone/Oly_Data/segmented/clean/clean_from_cj_0196.mp4,clean,clean_from_cj_0196.mp4,0.12,clean,,yes,,olympic,clean_sha_c8a4665e34e2af1d,test,c8a4665e34e2af1db856ab3744b333affe0673f676f6992cb9c1d40932964d86,1.0,c8a4665e34e2af1db856ab3744b333affe0673f676f6992cb9c1d40932964d86,63,55,0.873015873015873,55.0,0.41818180680274963,0.5185185074806213,0.9259259104728699,0.41818180680274963,2.0,0.1666666716337204,0.8333333134651184,0.09585613012313843,0.02158854715526104,0.08949160575866699,0.01103934459388256,20.496692657470703,11.110987663269043,11.411381721496582,112.35111236572266,172.49560546875,101.30132293701172,68.32504272460938,35.645652770996094,30.727224349975586,30.422380447387695,82.65516662597656,79.54708099365234,86.36682891845703,129.10728454589844,170.31280517578125,115.51091766357422,66.48758697509766,39.767921447753906,34.40578079223633,38.6688346862793,171.63192749023438,175.7250213623047,176.21176147460938,168.7755126953125,168.8818359375,155.98619079589844,173.70071411132812,139.4889678955078,131.86061096191406,176.95619201660156,5.043124675750732,4.429084777832031,4.846072196960449,3.915996789932251,8.529767990112305,6.155134677886963,3.9327340126037598,8.124755859375,9.422811508178711,10.317960739135742,0.7110673785209656,0.7121192812919617,0.7057327032089233,0.5918412804603577,0.4602743983268738,0.36212238669395447,0.38058769702911377,0.45174074172973633,0.47041577100753784,0.5589020252227783,0.5664020776748657,0.543775737285614,0.5290156602859497,0.42687729001045227,0.3101540505886078,0.4298165738582611,0.5240095257759094,0.5513704419136047,0.5483000874519348,0.5571202635765076,0.7323839068412781,0.7211897969245911,0.7060262560844421,0.6083837151527405,0.5076735019683838,0.6319510340690613,0.7088886499404907,0.7288506031036377,0.7213775515556335,0.7223742008209229,0.14482009410858154,0.1684284657239914,0.1771547645330429,0.166218563914299,0.1753629893064499,0.12588036060333252,0.1434793472290039,0.10191699117422104,0.08410955220460892,0.06176752224564552,0.0,0.0,0.0,0.0,0.0,0.8333333134651184,1.0,1.0,1.0,0.3333333432674408,0.0,0.6363636255264282,0.41818180680274963,1.0,124.1678237915039,148.6504364013672,0.35185185074806213,-0.31481480598449707,0.7358490824699402,0.3207547068595886,0.4150943458080292,178.4215087890625,95.21235656738281,109.61921691894531,117.83638000488281,5.0,3.0
/Users/josephkamil/Desktop/Capstone/Oly_Data/segmented/clean/clean_from_cj_0067.mp4,clean,clean_from_cj_0067.mp4,0.08,clean,,yes,,olympic,clean_sha_7b9bf919112c7963,test,7b9bf919112c7963cca0b93246d1e2637804b0fa90e8be9774b599dd1dc95fe0,1.0,7b9bf919112c7963cca0b93246d1e2637804b0fa90e8be9774b599dd1dc95fe0,74,74,1.0,74.0,0.6081081032752991,0.34246575832366943,0.9863013625144958,0.6486486196517944,6.0,0.42465752363204956,0.42465752363204956,0.03628230094909668,0.01076037622988224,0.06086575984954834,0.008924415335059166,117.5521469116211,169.6417694091797,165.62379455566406,111.58430480957031,62.0918083190918,54.652366638183594,103.08477783203125,137.71441650390625,171.8060302734375,176.6895751953125,105.31096649169922,144.2501983642578,160.99978637695312,114.9837646484375,60.37080383300781,61.3707389831543,98.44190216064453,131.245361328125,162.76828002929688,162.10707092285156,178.0159454345703,173.43894958496094,161.738037109375,70.7762451171875,32.82783508300781,40.324275970458984,38.95359420776367,57.888729095458984,40.02259063720703,40.2432861328125,5.940781593322754,10.09216022491455,2.824366569519043,1.289580225944519,1.4031983613967896,1.3963154554367065,1.5536776781082153,2.4300780296325684,1.2519227266311646,0.7968500256538391,0.7652509808540344,0.6804768443107605,0.5245712995529175,0.4804989993572235,0.5565174221992493,0.5904079079627991,0.5321701169013977,0.45198750495910645,0.36996692419052124,0.3525932729244232,0.5542060732841492,0.4768190085887909,0.36297228932380676,0.4666365087032318,0.5669679641723633,0.6030634641647339,0.5453628301620483,0.465864360332489,0.37432798743247986,0.35676679015159607,0.6648050546646118,0.5929047465324402,0.5534741282463074,0.6512969732284546,0.7330431938171387,0.769019603729248,0.7038592100143433,0.6323105096817017,0.5645709037780762,0.5559142827987671,0.21113811433315277,0.20396456122398376,0.16187356412410736,0.03542985022068024,0.02108503133058548,0.020884469151496887,0.01963784359395504,0.018542222678661346,0.010915304534137249,0.015996616333723068,0.0,0.0,0.0,0.5714285969734192,0.875,1.0,1.0,1.0,0.7142857313156128,0.875,0.0,0.800000011920929,0.36486485600471497,3.0,107.69416809082031,109.43122100830078,-0.08219178020954132,-0.08219178020954132,0.2361111044883728,0.2361111044883728,0.0,86.63912200927734,143.11744689941406,86.01537322998047,132.98724365234375,1.0,2.0
/Users/josephkamil/Desktop/Capstone/Oly_Data/segmented/clean/clean_from_cj_0101.mp4,clean,clean_from_cj_0101.mp4,0.13,clean,,yes,,olympic,clean_sha_cee7d2f96df947e1,train,cee7d2f96df947e1dddd0d40ecc7f21adacf93fbeb57177453f36899c9d74a9b,1.0,cee7d2f96df947e1dddd0d40ecc7f21adacf93fbeb57177453f36899c9d74a9b,125,71,0.568,71.0,0.2535211145877838,0.0,0.8714285492897034,0.8732394576072693,5.0,0.18571428954601288,0.12857143580913544,0.10645532608032227,0.016574731096625328,0.13342034816741943,0.009366520680487156,95.56752014160156,71.72827911376953,123.10645294189453,170.27455139160156,164.7352752685547,172.17431640625,160.3157501220703,165.06478881835938,169.18006896972656,167.9575653076172,38.599178314208984,35.262271881103516,93.45875549316406,159.20993041992188,166.23130798339844,172.098876953125,169.3516845703125,175.0118865966797,177.96592712402344,170.70693969726562,127.77616882324219,127.95183563232422,121.87593841552734,176.2896270751953,175.3404998779297,172.15687561035156,88.91104888916016,141.32156372070312,113.19792175292969,55.54845428466797,84.82953643798828,79.40313720703125,48.00846481323242,7.815422534942627,2.510784149169922,2.4674088954925537,6.335407733917236,1.4847551584243774,1.415826439857483,6.197578430175781,0.5285705924034119,0.5629273653030396,0.5314693450927734,0.5093763470649719,0.503261923789978,0.4444029927253723,0.4305608570575714,0.4474281668663025,0.41838088631629944,0.41607874631881714,0.5786195397377014,0.5877372622489929,0.5022119879722595,0.35467836260795593,0.3258766829967499,0.29540228843688965,0.35260725021362305,0.37333041429519653,0.36225223541259766,0.3538532555103302,0.59046870470047,0.611257016658783,0.5691061019897461,0.4845033586025238,0.47429513931274414,0.4501209855079651,0.495989054441452,0.5154809951782227,0.5074015855789185,0.4964912533760071,0.052807070314884186,0.05321088060736656,0.10213939845561981,0.15513746440410614,0.179176926612854,0.15239451825618744,0.08296176046133041,0.07540951669216156,0.05794874206185341,0.06504210084676743,1.0,0.8571428656578064,0.5714285969734192,0.0,0.0,0.0,0.0,0.0,0.1428571492433548,0.0,0.9285714030265808,0.0714285746216774,0.14084507524967194,3.0,91.37716674804688,29.715717315673828,-0.18571428954601288,-0.12857143580913544,0.8695651888847351,0.24637681245803833,0.6231883764266968,0.0,120.36183166503906,0.0,158.70223999023438,1.0,1.0
/Users/josephkamil/Desktop/Capstone/Oly_Data/segmented/clean/clean_from_cj_0211.mp4,clean,clean_from_cj_0211.mp4,0.13,clean,,yes,,olympic,clean_sha_f2db1a0183349a33,train,f2db1a0183349a33620450c8058c72546e2f6e45c1ccb07d4743808c6a43063e,1.0,f2db1a0183349a33620450c8058c72546e2f6e45c1ccb07d4743808c6a43063e,111,111,1.0,111.0,0.4864864945411682,0.34545454382896423,1.0,0.6576576828956604,9.0,0.4363636374473572,0.4363636374473572,0.05544722080230713,0.009122675284743309,0.040054917335510254,0.006207457277923822,128.38638305664062,166.0835418701172,162.07269287109375,88.72756958007812,67.89311981201172,142.82032775878906,154.82289123535156,174.16139221191406,177.15802001953125,176.94419860839844,116.79255676269531,146.64649963378906,162.0088653564453,102.8660888671875,77.44155883789062,137.58200073242188,155.80560302734375,170.3101348876953,169.767822265625,170.24111938476562,167.28631591796875,169.89669799804688,128.89474487304688,28.733928680419922,25.257526397705078,27.757251739501953,30.003816604614258,28.6444149017334,35.30583190917969,38.0523567199707,6.372474670410156,5.54915714263916,3.81048583984375,2.423276424407959,2.665907144546509,0.727613091468811,1.8678526878356934,3.5548408031463623,1.9824554920196533,2.342172861099243,0.8159752488136292,0.7201484441757202,0.509442150592804,0.5351361632347107,0.5865007042884827,0.4861758351325989,0.3699815571308136,0.3321039080619812,0.3319343328475952,0.34493160247802734,0.5979562997817993,0.5125637054443359,0.36947008967399597,0.5350180268287659,0.5814258456230164,0.4842372238636017,0.3793655335903168,0.34730836749076843,0.3533286154270172,0.3569953441619873,0.6924645304679871,0.6209563612937927,0.586076021194458,0.7212042212486267,0.754528284072876,0.6567699313163757,0.5923283696174622,0.5677748322486877,0.5783436298370361,0.5848894119262695,0.21803350746631622,0.2076392024755478,0.1406589150428772,0.016398726031184196,0.010945801623165607,0.014730537310242653,0.014707688242197037,0.015249139629304409,0.02154024876654148,0.01232983823865652,0.0,0.0,0.0,0.4545454680919647,0.27272728085517883,0.27272728085517883,0.8181818127632141,1.0,1.0,1.0,0.0,1.0,0.38738739490509033,5.0,85.7862319946289,99.0919189453125,-0.09090909361839294,-0.09090909361839294,0.15596330165863037,0.44954127073287964,-0.29357796907424927,91.51319122314453,136.35171508789062,73.65713500976562,115.7557373046875,2.0,2.0
/Users/josephkamil/Desktop/Capstone/Oly_Data/segmented/clean/clean_from_cj_0069.mp4,clean,clean_from_cj_0069.mp4,0.06,clean,,yes,,olympic,clean_sha_00f6f541496e8893,test,00f6f541496e88938713236812581904b136c57fd16d88c212d858063f6633fa,2.0,00f6f541496e88938713236812581904b136c57fd16d88c212d858063f6633fa,102,85,0.8333333333333334,85.0,0.4117647111415863,0.3571428656578064,0.988095223903656,0.6352941393852234,12.0,0.2857142984867096,0.2857142984867096,0.08537834882736206,0.010517994873225689,0.06972610950469971,0.005319957155734301,152.741455078125,73.77727508544922,21.004852294921875,86.91907501220703,129.11900329589844,156.59274291992188,176.89073181152344,174.0749053955078,177.64462280273438,174.9502410888672,143.30474853515625,92.55658721923828,37.6743278503418,84.79830169677734,117.7189712524414,149.4486846923828,170.41990661621094,173.34161376953125,176.75326538085938,177.06646728515625,162.11431884765625,76.07583618164062,31.44729995727539,47.28969955444336,58.105690002441406,48.86246109008789,90.64179229736328,96.49565887451172,109.07254028320312,109.70053100585938,26.30230712890625,1.9077649116516113,3.040177345275879,3.8300137519836426,8.955551147460938,3.8360888957977295,1.8263133764266968,0.2870466709136963,0.8014545440673828,1.111548900604248,0.576374888420105,0.5973509550094604,0.659171462059021,0.5840356945991516,0.5129598379135132,0.4747554361820221,0.41257861256599426,0.43067142367362976,0.41876015067100525,0.42523491382598877,0.4617864489555359,0.5663653612136841,0.608605146408081,0.5568959712982178,0.5139638781547546,0.4533001184463501,0.4212881922721863,0.4287911355495453,0.4289042055606842,0.43149101734161377,0.5560404062271118,0.6690376996994019,0.7145940661430359,0.6602678894996643,0.6177375912666321,0.5780222415924072,0.5523176789283752,0.5606348514556885,0.559058666229248,0.5569261908531189,0.11722071468830109,0.05083939805626869,0.05508589744567871,0.03810818865895271,0.029205158352851868,0.04824717715382576,0.05493859574198723,0.054174553602933884,0.047015231102705,0.03920653462409973,0.0,0.0,0.0,0.3333333432674408,0.75,0.2222222238779068,1.0,0.0,1.0,0.8888888955116272,0.0,0.9411764740943909,0.1882352977991104,6.0,67.2979965209961,62.36878967285156,0.0714285746216774,0.0714285746216774,0.0,0.27710843086242676,-0.27710843086242676,170.5878448486328,111.8830337524414,167.08355712890625,115.25904846191406,1.0,2.0
/Users/josephkamil/Desktop/Capstone/Oly_Data/segmented/clean/clean_from_cj_0016.mp4,clean,clean_from_cj_0016.mp4,0.12,clean,,yes,,olympic,clean_sha_6d28077db6fd270c,train,6d28077db6fd270c8bd8f0770bc314e9e5d772d052c2d7b66f76d33f761c9fd6,2.0,6d28077db6fd270c8bd8f0770bc314e9e5d772d052c2d7b66f76d33f761c9fd6,77,77,1.0,77.0,0.7402597665786743,0.2631579041481018,1.0,0.7402597665786743,1.0,0.42105263471603394,0.42105263471603394,0.08725035190582275,0.013656120747327805,0.1117517352104187,0.012169168330729008,153.56021118164062,166.9405517578125,138.89895629882812,62.136558532714844,79.22252655029297,159.46429443359375,161.20059204101562,172.49411010742188,168.80572509765625,173.81422424316406,144.3861846923828,158.7526397705078,136.92332458496094,69.29271697998047,78.41084289550781,152.59844970703125,157.72457885742188,165.13389587402344,162.9451904296875,166.18402099609375,172.73728942871094,170.86282348632812,103.2345199584961,56.57990264892578,53.013370513916016,45.64806365966797,47.4213981628418,46.36705017089844,52.77642822265625,49.68390655517578,2.3726844787597656,1.4312748908996582,0.47017452120780945,0.9824995994567871,0.6587832570075989,0.48781314492225647,0.3857021927833557,0.2444339096546173,0.28623175621032715,0.5164755582809448,0.5836132764816284,0.45060408115386963,0.4158616065979004,0.558477520942688,0.5382102727890015,0.4258107542991638,0.3060542643070221,0.21310177445411682,0.2551126480102539,0.22404707968235016,0.3195597231388092,0.18633008003234863,0.32571619749069214,0.5713802576065063,0.5546435117721558,0.4359928369522095,0.3169580101966858,0.2498011589050293,0.2657911777496338,0.2402951419353485,0.44956591725349426,0.40250006318092346,0.5801740884780884,0.797912061214447,0.7690176963806152,0.640845775604248,0.5530417561531067,0.5152550935745239,0.5242153406143188,0.5108943581581116,0.2640954256057739,0.26451241970062256,0.10390922427177429,0.013113749213516712,0.01703060045838356,0.011456841602921486,0.012187649495899677,0.03689297288656235,0.010801415890455246,0.016435297206044197,0.0,0.0,0.375,1.0,1.0,1.0,1.0,1.0,1.0,1.0,0.0,1.0,0.7402597665786743,1.0,108.37174224853516,110.87586975097656,-0.15789473056793213,-0.15789473056793213,0.4266666769981384,0.4266666769981384,0.0,68.69083404541016,133.6881866455078,53.6214599609375,121.56001281738281,1.0,1.0
/Users/josephkamil/Desktop/Capstone/Oly_Data/segmented/clean/clean_from_cj_0189.mp4,clean,clean_from_cj_0189.mp4,0.08,clean,,yes,,olympic,clean_sha_3751dc71aa457382,test,3751dc71aa45738216e8a4aa1226689d39721cf93d161a87050ff793d591e177,1.0,3751dc71aa45738216e8a4aa1226689d39721cf93d161a87050ff793d591e177,107,100,0.9345794392523364,100.0,0.5400000214576721,0.0,0.9595959782600403,0.9599999785423279,23.0,0.3737373650074005,0.020202020183205605,0.09524446725845337,0.012481555342674255,0.04464149475097656,0.006584666203707457,126.6796646118164,175.87245178222656,151.225830078125,32.70209503173828,52.05864334106445,159.69906616210938,177.36294555664062,179.1798858642578,178.24636840820312,178.3141632080078,115.02750396728516,177.67864990234375,151.58407592773438,39.605735778808594,56.78049850463867,161.16421508789062,170.34967041015625,168.20016479492188,171.6521453857422,172.6580047607422,170.43121337890625,159.87908935546875,33.61955642700195,25.51248550415039,34.7131462097168,19.246379852294922,54.80668258666992,30.598526000976562,41.53859329223633,11.078396797180176,58.62627029418945,3.2020392417907715,3.4326720237731934,9.994382858276367,12.736151695251465,8.559883117675781,1.4430787563323975,1.1355880498886108,1.6496015787124634,2.470604181289673,0.6216675043106079,0.49702268838882446,0.4463144838809967,0.5674722790718079,0.5500979423522949,0.4508299231529236,0.3503534197807312,0.33921128511428833,0.3419801592826843,0.355430543422699,0.5431795120239258,0.36457905173301697,0.44672641158103943,0.5694056153297424,0.5664902925491333,0.45846885442733765,0.3496800661087036,0.3429078459739685,0.34816449880599976,0.35676032304763794,0.5662041902542114,0.5166240930557251,0.5894778370857239,0.6901092529296875,0.6723304986953735,0.5840416550636292,0.5189507007598877,0.5133589506149292,0.5140746831893921,0.5272974371910095,0.11045485734939575,0.13280317187309265,0.023972894996404648,0.028557289391756058,0.030350318178534508,0.023653700947761536,0.013536940328776836,0.012933662161231041,0.016513299196958542,0.010817700996994972,0.4000000059604645,0.0,0.5,0.4000000059604645,0.800000011920929,0.5,0.5,0.8999999761581421,0.8999999761581421,0.5,0.20000000298023224,0.699999988079071,0.11999999731779099,12.0,30.340736389160156,15.484210968017578,-0.3737373650074005,-0.020202020183205605,0.4183673560619354,0.4591836631298065,-0.040816325694322586,0.0,162.2777862548828,0.0,169.29095458984375,1.0,1.0
/Users/josephkamil/Desktop/Capstone/Oly_Data/segmented/clean/clean_from_cj_0114.mp4,clean,clean_from_cj_0114.mp4,0.17,clean,,yes,,olympic,clean_sha_4bb45e89b7cdf1c1,train,4bb45e89b7cdf1c182de7d658de4d47cae73a1b0e7b302fc02a70e7c00ff50d0,1.0,4bb45e89b7cdf1c182de7d658de4d47cae73a1b0e7b302fc02a70e7c00ff50d0,103,93,0.9029126213592233,93.0,0.04301075264811516,0.44565218687057495,0.6195651888847351,0.1827957034111023,4.0,0.32608696818351746,0.043478261679410934,0.29380568861961365,0.013910973444581032,0.15844011306762695,0.008132209070026875,81.43667602539062,135.01844787597656,164.653076171875,56.52354049682617,94.69192504882812,154.57357788085938,176.16665649414062,167.0550079345703,168.97039794921875,173.9606475830078,78.01876068115234,121.82533264160156,165.41717529296875,71.01302337646484,98.89678955078125,157.7499542236328,165.81005859375,168.7722625732422,171.11602783203125,171.20309448242188,174.70819091796875,178.25234985351562,166.94964599609375,141.79141235351562,132.3123321533203,129.06884765625,93.33133697509766,116.28717803955078,131.83050537109375,126.52230072021484,13.400506973266602,14.547490119934082,4.548501014709473,1.5774062871932983,2.5427794456481934,1.816180944442749,1.1790395975112915,3.185192584991455,3.6074845790863037,1.854275107383728,0.8268327713012695,0.729528546333313,0.559005618095398,0.6419510245323181,0.5766736268997192,0.48595327138900757,0.4198225140571594,0.42626824975013733,0.4324657917022705,0.43311986327171326,0.6272392272949219,0.5487120151519775,0.42761099338531494,0.6094595193862915,0.5626876354217529,0.47115761041641235,0.4139941334724426,0.4161580502986908,0.41690874099731445,0.4173325002193451,0.7426226139068604,0.6727620363235474,0.6089718341827393,0.7897454500198364,0.7460969686508179,0.64528489112854,0.5894235968589783,0.5956144332885742,0.5963390469551086,0.6019896864891052,0.19992607831954956,0.1810467541217804,0.13472865521907806,0.0651959478855133,0.05402305722236633,0.050035510212183,0.03308143839240074,0.056409869343042374,0.044691815972328186,0.038626424968242645,0.0,0.0,0.0,0.0,0.2222222238779068,0.0,0.20000000298023224,0.0,0.0,0.0,0.0,0.0,0.02150537632405758,2.0,89.72758483886719,97.17575073242188,0.1195652186870575,0.4021739065647125,0.3076923191547394,0.5054945349693298,-0.19780220091342926,134.63565063476562,89.88275909423828,127.69158935546875,82.01614379882812,2.0,1.0
/Users/josephkamil/Desktop/Capstone/Oly_Data/segmented/clean/clean_from_cj_0159.mp4,clean,clean_from_cj_0159.mp4,0.13,clean,,yes,,olympic,clean_clean_from_cj_0159,dev,87cfbe76c74dbbc00ba499b1d4cf66637aefe0e0328ab178be40e6a57a4b5eca,1.0,87cfbe76c74dbbc00ba499b1d4cf66637aefe0e0328ab178be40e6a57a4b5eca,125,124,0.992,124.0,0.016129031777381897,0.9918699264526367,1.0,0.016129031777381897,1.0,0.7560975551605225,0.642276406288147,0.04727894067764282,0.0076268198899924755,0.07508647441864014,0.004499359987676144,150.7532196044922,160.26039123535156,150.51214599609375,151.8480987548828,159.02780151367188,156.21612548828125,138.36802673339844,100.33834075927734,164.99851989746094,153.2955780029297,9.619793891906738,19.382164001464844,23.672800064086914,18.681692123413086,24.80465316772461,20.785367965698242,37.187400817871094,77.07261657714844,146.52403259277344,152.44606018066406,171.9765167236328,174.2845001220703,175.74697875976562,173.759521484375,175.93031311035156,177.12962341308594,171.96571350097656,175.95167541503906,178.05548095703125,111.76299285888672,162.302734375,159.1004180908203,157.88792419433594,157.52276611328125,159.50079345703125,159.6181182861328,110.6890869140625,21.725486755371094,7.523793697357178,2.069667339324951,0.8244842886924744,0.7984645366668701,0.8271104097366333,0.830247163772583,0.8444395661354065,0.8568973541259766,0.8231390118598938,0.8051837086677551,0.6974549293518066,0.5188760757446289,0.6463533639907837,0.6382115483283997,0.6270742416381836,0.6258884072303772,0.6363919377326965,0.6352696418762207,0.624175488948822,0.5931364297866821,0.4840260446071625,0.4304051399230957,0.5685011148452759,0.5708104372024536,0.5606657862663269,0.55876225233078,0.5620756149291992,0.5658669471740723,0.6079005599021912,0.6798368692398071,0.6099454164505005,0.629447340965271,0.18137390911579132,0.16143883764743805,0.20018604397773743,0.20453767478466034,0.20833998918533325,0.22177858650684357,0.19980263710021973,0.212248295545578,0.21353566646575928,0.09478238224983215,0.0,0.0,0.0,0.0,0.0,0.0,0.0,0.0,0.0,0.1538461595773697,0.0,0.07999999821186066,0.016129031777381897,1.0,113.52120208740234,113.0322494506836,0.23577235639095306,0.34959349036216736,0.9180327653884888,0.7950819730758667,0.12295082211494446,93.74992370605469,3.4976882934570312,174.08126831054688,1.4795455932617188,3.0,6.0
/Users/josephkamil/Desktop/Capstone/Oly_Data/segmented/clean/clean_from_cj_0111.mp4,clean,clean_from_cj_0111.mp4,0.18,clean,,yes,,olympic,clean_sha_c264775670f2c865,train,c264775670f2c86577e52c2b9c4e84b99567b5850645afc400ddf929677b8278,1.0,c264775670f2c86577e52c2b9c4e84b99567b5850645afc400ddf929677b8278,125,125,1.0,125.0,0.4880000054836273,0.16129031777381897,0.8387096524238586,0.6800000071525574,14.0,0.2177419364452362,0.2338709682226181,0.06360572576522827,0.008091816678643227,0.11384022235870361,0.007682827766984701,162.5720672607422,117.21241760253906,61.66718673706055,155.92819213867188,171.1455841064453,162.64923095703125,164.4344024658203,167.09420776367188,173.47300720214844,173.07638549804688,151.87100219726562,116.68762969970703,59.73597717285156,149.13958740234375,162.5060577392578,158.71595764160156,161.8786163330078,164.60311889648438,165.88272094726562,166.24603271484375,170.22108459472656,84.84033966064453,68.32086181640625,36.480491638183594,39.50016403198242,60.06825637817383,83.77548217773438,41.01285171508789,28.905122756958008,36.32072830200195,0.8103707432746887,0.9505470991134644,0.9101801514625549,0.701425313949585,0.8079511523246765,0.9632325768470764,0.4220731556415558,0.32983875274658203,0.19258636236190796,0.19183465838432312,0.5299710631370544,0.4718306362628937,0.5775237679481506,0.40515339374542236,0.2609180510044098,0.2768775224685669,0.2621995508670807,0.25529611110687256,0.2581263482570648,0.26455381512641907,0.2682061493396759,0.3734639286994934,0.5757108926773071,0.4028991162776947,0.2753521203994751,0.28302353620529175,0.2674597203731537,0.26103320717811584,0.25781920552253723,0.25801020860671997,0.4383770525455475,0.6339473724365234,0.802141010761261,0.6300820112228394,0.5426363348960876,0.5500055551528931,0.5308745503425598,0.5254334807395935,0.526511013507843,0.5273316502571106,0.26178178191185,0.1058729887008667,0.00860522873699665,0.004841414745897055,0.018151938915252686,0.007602527737617493,0.00541600352153182,0.00614994065836072,0.003569121239706874,0.00662183528766036,0.0,0.3076923191547394,0.25,0.23076923191547394,0.8333333134651184,0.8461538553237915,1.0,1.0,0.4166666567325592,0.0,0.1599999964237213,0.20000000298023224,0.328000009059906,7.0,59.48361587524414,64.189697265625,-0.05645161122083664,-0.07258064299821854,0.39024388790130615,0.39024388790130615,0.0,111.58824157714844,137.3256378173828,98.95594787597656,126.64289093017578,1.0,1.0
/Users/josephkamil/Desktop/Capstone/Oly_Data/segmented/clean/clean_from_cj_0075.mp4,clean,clean_from_cj_0075.mp4,0.06,clean,,yes,,olympic,clean_sha_a47c333ab3d663fd,test,a47c333ab3d663fd70d0620f990cf7f1ab022c739f19f738b79444d3eba51f17,1.0,a47c333ab3d663fd70d0620f990cf7f1ab022c739f19f738b79444d3eba51f17,66,65,0.9848484848484849,65.0,0.3692307770252228,0.375,1.0,0.6307692527770996,11.0,0.640625,0.671875,0.05357193946838379,0.012922254391014576,0.02943253517150879,0.008741001598536968,171.00880432128906,170.30349731445312,177.1909637451172,167.0235137939453,130.070556640625,56.89456558227539,39.24138259887695,106.77793884277344,155.95455932617188,173.7857208251953,173.66148376464844,171.20419311523438,176.0653076171875,162.11660766601562,134.2050018310547,60.76784133911133,38.78620529174805,104.5813980102539,154.5428466796875,168.07485961914062,176.74267578125,177.31808471679688,170.832275390625,74.8151626586914,16.96001625061035,10.652504920959473,13.957564353942871,4.045177936553955,2.744518995285034,32.310848236083984,4.320347785949707,4.364092826843262,3.703796625137329,0.5095635652542114,6.433355808258057,7.041294574737549,3.0493316650390625,1.0345526933670044,1.5937315225601196,1.2429358959197998,0.6825480461120605,0.6091408729553223,0.530366063117981,0.4397285282611847,0.47784483432769775,0.5534468293190002,0.5496512651443481,0.5046762824058533,0.44357261061668396,0.356477826833725,0.5192734599113464,0.4699043333530426,0.38138890266418457,0.38499170541763306,0.4879944622516632,0.5543772578239441,0.5643734335899353,0.49787047505378723,0.4399687945842743,0.3588361144065857,0.6234292984008789,0.5801598429679871,0.5276889204978943,0.5368769764900208,0.622993528842926,0.6788267493247986,0.6895856261253357,0.6343657374382019,0.5830278396606445,0.5268575549125671,0.16328218579292297,0.13925199210643768,0.14919455349445343,0.06563284248113632,0.021382980048656464,0.01718844659626484,0.025756819173693657,0.01284153014421463,0.011257623322308064,0.011692961677908897,0.0,0.0,0.0,0.2857142984867096,1.0,0.5714285969734192,0.8333333134651184,0.1428571492433548,0.3333333432674408,0.5714285969734192,0.0,0.4615384638309479,0.1846153885126114,6.0,161.390869140625,157.62774658203125,-0.265625,-0.296875,0.920634925365448,0.0,0.920634925365448,18.030136108398438,142.38214111328125,20.17291259765625,137.33197021484375,1.0,1.0
/Users/josephkamil/Desktop/Capstone/Oly_Data/segmented/clean/clean_from_cj_0140.mp4,clean,clean_from_cj_0140.mp4,0.05,clean,,yes,,olympic,clean_sha_488d7797cd80a9b1,train,488d7797cd80a9b1a0be37067f2cca2c5a558d8583e5008026b0e58fd2bf2031,1.0,488d7797cd80a9b1a0be37067f2cca2c5a558d8583e5008026b0e58fd2bf2031,63,62,0.9841269841269841,62.0,0.0,1.0,0.0,0.0,0.0,0.7868852615356445,0.7868852615356445,0.16187268495559692,0.015368260443210602,0.045697927474975586,0.0073995767161250114,172.21266174316406,166.15843200683594,160.20074462890625,156.4862823486328,153.522705078125,164.1230010986328,120.75855255126953,122.51354217529297,148.5838623046875,170.25711059570312,156.70799255371094,169.6896209716797,164.82394409179688,171.77317810058594,161.0988006591797,172.63836669921875,128.2085418701172,116.65949249267578,153.2938995361328,169.3009033203125,162.10374450683594,151.05714416503906,146.9305877685547,129.2784881591797,170.1744384765625,174.9134063720703,172.74603271484375,178.07200622558594,169.67616271972656,164.34925842285156,31.16994285583496,32.81535720825195,36.75312423706055,38.72260665893555,33.207828521728516,27.68742561340332,21.807050704956055,15.810783386230469,12.996500968933105,13.133283615112305,0.693720281124115,0.6886990666389465,0.6905631422996521,0.6703636050224304,0.7080093026161194,0.6988253593444824,0.7079178690910339,0.7132387161254883,0.674870491027832,0.5553566813468933,0.597165584564209,0.5422820448875427,0.511350154876709,0.5032128691673279,0.524928629398346,0.5337970852851868,0.5311465859413147,0.525401771068573,0.4907301366329193,0.3749978244304657,0.6352019906044006,0.591349720954895,0.5650887489318848,0.5570132732391357,0.595000147819519,0.6304306983947754,0.6476911902427673,0.6557485461235046,0.6261149048805237,0.5467290878295898,0.10006330162286758,0.14675693213939667,0.17948293685913086,0.1675475686788559,0.18384014070034027,0.16577006876468658,0.17764778435230255,0.18807046115398407,0.18415798246860504,0.18043778836727142,0.0,0.0,0.0,0.0,0.0,0.0,0.0,0.0,0.0,0.0,0.0,0.0,0.0,0.0,180.0,180.0,0.21311475336551666,0.21311475336551666,0.0,0.06666667014360428,-0.06666667014360428,172.22518920898438,0.0,169.51718139648438,0.0,3.0,2.0
/Users/josephkamil/Desktop/Capstone/Oly_Data/segmented/clean/clean_from_cj_0205.mp4,clean,clean_from_cj_0205.mp4,0.13,clean,,yes,,olympic,clean_sha_dc8c25fd9c68d12b,train,dc8c25fd9c68d12b3b2d4e51ac0c80a6cc5602373b27bd73a23a7cfca958b718,1.0,dc8c25fd9c68d12b3b2d4e51ac0c80a6cc5602373b27bd73a23a7cfca958b718,63,63,1.0,63.0,0.4444444477558136,0.32258063554763794,1.0,0.682539701461792,7.0,0.4838709533214569,0.4838709533214569,0.09824860095977783,0.021059921011328697,0.042639851570129395,0.010756324976682663,160.42808532714844,174.03392028808594,173.4377899169922,178.38720703125,161.25941467285156,167.84193420410156,177.3567657470703,177.33058166503906,177.87437438964844,175.91793823242188,168.51048278808594,173.19989013671875,175.64068603515625,176.6387176513672,160.7676239013672,173.12628173828125,175.23658752441406,171.63096618652344,174.5820770263672,173.93714904785156,164.63954162597656,164.02806091308594,149.74366760253906,44.953956604003906,140.69590759277344,105.72093963623047,13.868653297424316,7.038877010345459,10.696610450744629,5.7251996994018555,19.134042739868164,15.004169464111328,2.8474628925323486,3.9976234436035156,5.896180629730225,6.713258743286133,2.29996919631958,2.3301186561584473,0.3819951117038727,1.1286293268203735,0.6563164591789246,0.5236385464668274,0.41082248091697693,0.3213614523410797,0.4557810127735138,0.42157283425331116,0.2815573513507843,0.18436144292354584,0.21431787312030792,0.21909210085868835,0.44111523032188416,0.3095634877681732,0.21532519161701202,0.29824286699295044,0.4450991153717041,0.40483352541923523,0.247226282954216,0.21116679906845093,0.23179836571216583,0.235528364777565,0.5309785008430481,0.45691975951194763,0.4451310336589813,0.49296262860298157,0.6159575581550598,0.5815935730934143,0.46924757957458496,0.4532235562801361,0.4717843532562256,0.4760459363460541,0.2164362668991089,0.21614570915699005,0.19704270362854004,0.06582649052143097,0.034891221672296524,0.021403901278972626,0.05407895892858505,0.044490035623311996,0.03549827262759209,0.03733387961983681,0.0,0.0,0.0,0.4285714328289032,0.5,0.1666666716337204,0.2857142984867096,1.0,1.0,1.0,0.0,1.0,0.3333333432674408,4.0,179.36460876464844,173.7921905517578,-0.16129031777381897,-0.16129031777381897,0.31147539615631104,0.5737704634666443,-0.26229506731033325,28.422439575195312,44.291778564453125,15.9423828125,48.82518005371094,0.0,0.0
/Users/josephkamil/Desktop/Capstone/Oly_Data/segmented/clean/clean_from_cj_0183.mp4,clean,clean_from_cj_0183.mp4,0.09,clean,,yes,,olympic,clean_clean_from_cj_0183,test,702cd81b6591b2ecc9c63e4519c8d9a16b8db3ddf0e4a03d43cf7a5181884752,1.0,702cd81b6591b2ecc9c63e4519c8d9a16b8db3ddf0e4a03d43cf7a5181884752,63,61,0.9682539682539683,61.0,0.0,1.0,0.0,0.0,0.0,0.9833333492279053,0.28333333134651184,0.012995243072509766,0.001642851042561233,0.0029528141021728516,0.0007661044364795089,176.4881591796875,178.04071044921875,175.63348388671875,177.8191375732422,177.44268798828125,178.0811004638672,177.51124572753906,177.4019317626953,173.528564453125,172.52549743652344,168.8538360595703,168.67694091796875,166.76092529296875,170.70294189453125,171.473388671875,170.2556610107422,169.85604858398438,170.9477081298828,171.65126037597656,171.30654907226562,133.84706115722656,135.13284301757812,124.7060775756836,125.51541137695312,136.53741455078125,141.99913024902344,138.35606384277344,137.3831329345703,147.20230102539062,149.0721435546875,4.74609899520874,4.404812335968018,3.824044942855835,4.8394293785095215,5.501772403717041,6.123544216156006,5.5992608070373535,3.9294004440307617,3.444134473800659,3.4111766815185547,0.5527186989784241,0.56010502576828,0.5566619038581848,0.5493261218070984,0.5492753982543945,0.5578902959823608,0.5550330281257629,0.554290771484375,0.5617337226867676,0.5660862922668457,0.4369426965713501,0.4393421411514282,0.4426771104335785,0.44114139676094055,0.44123637676239014,0.4457274377346039,0.4426470696926117,0.43952715396881104,0.4444863796234131,0.4474271237850189,0.583832323551178,0.5889011025428772,0.5929915308952332,0.5895934700965881,0.584862470626831,0.5881128907203674,0.5915945768356323,0.5933511257171631,0.5952264070510864,0.5988919138908386,0.11760895699262619,0.12138158082962036,0.1148969829082489,0.109799824655056,0.10972726345062256,0.11345549672842026,0.1138002797961235,0.11623197048902512,0.11856334656476974,0.12007860094308853,0.0,0.0,0.0,0.0,0.0,0.0,0.0,0.0,0.0,0.0,0.0,0.0,0.0,0.0,180.0,180.0,0.01666666753590107,0.7166666388511658,0.35593220591545105,0.38983049988746643,-0.033898305147886276,8.45751953125,0.0,6.409088134765625,0.0,0.0,0.0
/Users/josephkamil/Desktop/Capstone/Oly_Data/segmented/clean/clean_from_cj_0165.mp4,clean,clean_from_cj_0165.mp4,0.15,clean,,yes,,olympic,clean_sha_fa1e3258e924ee9e,train,fa1e3258e924ee9e2a25f3a97859f4f805cdabf85d5aa40dedf62608207cf1b6,1.0,fa1e3258e924ee9e2a25f3a97859f4f805cdabf85d5aa40dedf62608207cf1b6,104,104,1.0,104.0,0.4326923191547394,0.1553398072719574,0.9708737730979919,0.817307710647583,10.0,0.3009708821773529,0.3009708821773529,0.09685158729553223,0.012329768389463425,0.13089817762374878,0.008803837932646275,172.2439727783203,132.40904235839844,56.6976318359375,56.66046142578125,68.4248275756836,150.11717224121094,153.13442993164062,178.12771606445312,177.5104522705078,154.83909606933594,161.42266845703125,131.64688110351562,64.65870666503906,57.578819274902344,66.91107940673828,139.82383728027344,152.68753051757812,169.7816619873047,173.3697967529297,152.01487731933594,175.71102905273438,69.23966217041016,16.482250213623047,17.32373809814453,14.087906837463379,22.094406127929688,13.832743644714355,33.12180709838867,22.529951095581055,41.88996124267578,0.6924741864204407,0.655061662197113,0.7077084183692932,1.423487663269043,0.4687747061252594,0.7364696264266968,1.6621739864349365,1.510710597038269,3.254875659942627,2.509514808654785,0.5682492256164551,0.4072137773036957,0.5143018960952759,0.5253552794456482,0.5326184630393982,0.4439545273780823,0.3546212315559387,0.2672004997730255,0.2913130223751068,0.37141740322113037,0.3006390631198883,0.3398657441139221,0.518118679523468,0.5256667137145996,0.5312331318855286,0.42448681592941284,0.34872889518737793,0.2822248339653015,0.2975313067436218,0.34241312742233276,0.5080236196517944,0.5911197662353516,0.7282407879829407,0.7166416049003601,0.7209683060646057,0.6032487154006958,0.5707696676254272,0.5232739448547363,0.5303851366043091,0.5736108422279358,0.26762837171554565,0.07921256124973297,0.012217607349157333,0.012611627578735352,0.006448495201766491,0.021296575665473938,0.009763017296791077,0.017068175598978996,0.0068794540129601955,0.041770610958337784,0.0,0.4000000059604645,0.6363636255264282,0.5,0.27272728085517883,0.0,0.0,0.9090909361839294,1.0,0.5454545617103577,0.2380952388048172,0.761904776096344,0.24038460850715637,5.0,110.15928649902344,111.17604064941406,-0.1456310749053955,-0.1456310749053955,0.09803921729326248,0.686274528503418,-0.5882353186607361,66.06796264648438,135.07339477539062,55.62054443359375,129.63304138183594,3.0,2.0
/Users/josephkamil/Desktop/Capstone/Oly_Data/segmented/clean/clean_from_cj_0119.mp4,clean,clean_from_cj_0119.mp4,0.18,clean,,yes,,olympic,clean_sha_256cffb8bec04356,train,256cffb8bec04356b0bf7bd630ac465e446086ee9a1c174a74f7fa02f213d8d0,1.0,256cffb8bec04356b0bf7bd630ac465e446086ee9a1c174a74f7fa02f213d8d0,125,125,1.0,125.0,0.36800000071525574,0.47580644488334656,1.0,0.527999997138977,11.0,0.5483871102333069,0.5483871102333069,0.12774884700775146,0.009590943343937397,0.07104235887527466,0.009067022241652012,71.24726104736328,63.38582229614258,137.64698791503906,164.1412811279297,131.65762329101562,57.13728332519531,155.1995086669922,160.4427947998047,168.17776489257812,171.01271057128906,67.75041961669922,61.96825408935547,128.7009735107422,155.80731201171875,134.80966186523438,64.89404296875,149.56512451171875,156.53207397460938,161.70521545410156,163.8015899658203,142.14718627929688,136.98886108398438,169.7613525390625,167.7521209716797,90.60924530029297,36.232749938964844,29.50990867614746,36.89522933959961,41.017032623291016,33.26949691772461,3.8405802249908447,4.54143762588501,1.3429545164108276,0.9155537486076355,1.2700363397598267,0.7607638239860535,1.1018502712249756,0.7385098338127136,0.9104084372520447,1.0932776927947998,0.6981893181800842,0.6991413831710815,0.6601678133010864,0.5391916632652283,0.4455982744693756,0.595650315284729,0.43907031416893005,0.2890476882457733,0.23458009958267212,0.2260705530643463,0.5098088383674622,0.5040302276611328,0.4024483263492584,0.2802724242210388,0.34044304490089417,0.5985186696052551,0.4352751076221466,0.2963290810585022,0.2545090913772583,0.24326041340827942,0.6237732768058777,0.6288346648216248,0.5336876511573792,0.4654887616634369,0.6070044636726379,0.8298646211624146,0.6455867886543274,0.5503696203231812,0.5242630839347839,0.5131171345710754,0.1885361224412918,0.1952793449163437,0.25774404406547546,0.25922515988349915,0.10781162232160568,0.007582433987408876,0.007311076391488314,0.015990743413567543,0.022364497184753418,0.017793875187635422,0.0,0.0,0.0,0.0,0.25,0.692307710647583,0.25,0.5384615659713745,0.9166666865348816,1.0,0.0,0.9599999785423279,0.14399999380111694,6.0,87.60478973388672,101.19773864746094,-0.07258064299821854,-0.07258064299821854,0.34959349036216736,0.6260162591934204,-0.27642276883125305,115.34126281738281,131.58343505859375,106.7649917602539,115.00685119628906,3.0,3.0
/Users/josephkamil/Desktop/Capstone/Oly_Data/segmented/split_jerk/split_jerk_from_cj_0107.mp4,split_jerk,split_jerk_from_cj_0107.mp4,0.21,split_jerk,,yes,,olympic,split_jerk_sha_7606ae27e1913541,dev,7606ae27e19135415963496c1804628eaae84376631005c88e1a49504f91f420,2.0,7606ae27e19135415963496c1804628eaae84376631005c88e1a49504f91f420,125,120,0.96,120.0,0.7833333611488342,0.0,1.0,1.0,8.0,0.756302535533905,0.7394958138465881,0.17877739667892456,0.015200519002974033,0.058395445346832275,0.004988112021237612,169.8587188720703,171.3083953857422,175.9603271484375,178.91595458984375,178.66558837890625,178.4268035888672,176.69683837890625,157.4932861328125,169.4134521484375,164.1925506591797,171.29437255859375,170.5563201904297,170.2731170654297,170.49090576171875,171.76307678222656,173.53697204589844,174.66656494140625,168.2837371826172,169.895751953125,176.9940643310547,55.66218566894531,79.2209243774414,134.03355407714844,108.41114044189453,123.61173248291016,35.93766784667969,41.067710876464844,150.82154846191406,172.49842834472656,176.92262268066406,2.358053684234619,3.7252891063690186,3.356632947921753,2.8971107006073,1.877734661102295,1.6524367332458496,0.9620428085327148,2.003673553466797,2.5859873294830322,0.9915345311164856,0.34315118193626404,0.3390794098377228,0.35447943210601807,0.3688742220401764,0.358620285987854,0.3941907584667206,0.41426464915275574,0.28944045305252075,0.20459826290607452,0.16736583411693573,0.3495813310146332,0.3490276038646698,0.3542475700378418,0.3633780777454376,0.3546825349330902,0.3990726172924042,0.45688411593437195,0.4255293309688568,0.3864555358886719,0.33342301845550537,0.5754364728927612,0.572204053401947,0.577355682849884,0.5894609093666077,0.5859065055847168,0.621168315410614,0.6724419593811035,0.6116240620613098,0.6293960213661194,0.5811097025871277,0.028407970443367958,0.02850348688662052,0.04860370233654976,0.036249518394470215,0.0633525475859642,0.03976220265030861,0.04960542917251587,0.13815481960773468,0.18253165483474731,0.16707879304885864,1.0,1.0,0.4166666567325592,0.25,0.5,0.6666666865348816,1.0,1.0,1.0,1.0,1.0,1.0,0.46666666865348816,5.0,178.95433044433594,170.6063995361328,-0.756302535533905,-0.7394958138465881,0.7542372941970825,0.6864407062530518,0.06779661029577255,0.0,68.05644989013672,0.0,30.908798217773438,1.0,0.0
/Users/josephkamil/Desktop/Capstone/Oly_Data/segmented/split_jerk/split_jerk_from_cj_0110.mp4,split_jerk,split_jerk_from_cj_0110.mp4,0.11,split_jerk,,yes,,olympic,split_jerk_sha_3802ce6244b15b7c,train,3802ce6244b15b7c6b3c234300498fdffbf391df2832f63e2feb1a980cdb8747,1.0,3802ce6244b15b7c6b3c234300498fdffbf391df2832f63e2feb1a980cdb8747,125,125,1.0,125.0,1.0,0.0,1.0,1.0,0.0,0.6451612710952759,0.6451612710952759,0.040281325578689575,0.0031336748506873846,0.06529673933982849,0.003541534533724189,174.99546813964844,175.25009155273438,175.59474182128906,175.72718811035156,176.0259552001953,175.06539916992188,164.80992126464844,177.1314239501953,177.9097137451172,177.6520233154297,167.38983154296875,167.23512268066406,167.67173767089844,167.89585876464844,167.6015167236328,166.93679809570312,163.13685607910156,172.76356506347656,178.32762145996094,172.7928924560547,35.62289047241211,34.39390563964844,33.840576171875,41.912353515625,33.75886535644531,36.24351501464844,37.38387680053711,141.77041625976562,176.7272186279297,175.88491821289062,0.28278085589408875,0.35995814204216003,0.3288004994392395,0.403751015663147,0.5484529137611389,0.5258212685585022,0.5242384672164917,1.4706991910934448,2.5215847492218018,1.9095388650894165,0.25476211309432983,0.2525549530982971,0.25129032135009766,0.24267131090164185,0.246303990483284,0.24574120342731476,0.3003762364387512,0.19171689450740814,0.19988389313220978,0.17496827244758606,0.26638907194137573,0.2660670876502991,0.2652434706687927,0.25975149869918823,0.26280727982521057,0.26311028003692627,0.3147790729999542,0.3551015555858612,0.3903621733188629,0.3498634099960327,0.5070760846138,0.5076611042022705,0.5063044428825378,0.5053157806396484,0.5047892928123474,0.5071831941604614,0.5471387505531311,0.5971670746803284,0.61687171459198,0.5643156170845032,0.011977750808000565,0.014036374166607857,0.014472432434558868,0.017869018018245697,0.018187982961535454,0.019188331440091133,0.015180747024714947,0.16345030069351196,0.19050250947475433,0.17495380342006683,1.0,1.0,1.0,1.0,1.0,1.0,1.0,1.0,1.0,1.0,1.0,1.0,1.0,1.0,173.69607543945312,167.95252990722656,-0.6451612710952759,-0.6451612710952759,0.6829268336296082,0.6829268336296082,0.0,0.0,19.681716918945312,0.0,18.499862670898438,0.0,0.0
/Users/josephkamil/Desktop/Capstone/Oly_Data/segmented/split_jerk/split_jerk_from_cj_0144.mp4,split_jerk,split_jerk_from_cj_0144.mp4,0.05,split_jerk,,yes,,olympic,split_jerk_sha_242df91dd96739af,test,242df91dd96739afe5b7dd713b83967f1ae062ffe8347bf9d0c70868526cf841,1.0,242df91dd96739afe5b7dd713b83967f1ae062ffe8347bf9d0c70868526cf841,104,102,0.9807692307692307,102.0,0.6470588445663452,0.13861386477947235,1.0,0.8627451062202454,3.0,0.5643564462661743,0.4554455578327179,0.07098513841629028,0.006422038190066814,0.025647878646850586,0.0023480895906686783,171.57427978515625,177.84043884277344,177.37484741210938,176.73793029785156,161.69552612304688,147.4807891845703,136.39527893066406,164.72036743164062,174.3992156982422,173.18934631347656,168.78005981445312,176.2570343017578,177.37017822265625,176.18728637695312,162.9974822998047,174.52239990234375,170.67410278320312,170.0980224609375,169.90374755859375,168.94967651367188,105.90330505371094,114.0020751953125,121.22425842285156,131.95333862304688,141.64984130859375,149.5425262451172,170.57997131347656,169.96641540527344,106.09834289550781,43.263973236083984,1.8667539358139038,0.3978121280670166,0.4947883188724518,0.5348362922668457,1.1078550815582275,3.080822706222534,7.229647159576416,9.282811164855957,5.020444869995117,4.186439514160156,0.4446285367012024,0.431535542011261,0.42952466011047363,0.4351082742214203,0.4621391296386719,0.410484254360199,0.3682291507720947,0.33466047048568726,0.362254798412323,0.3755842447280884,0.4372197091579437,0.4319123327732086,0.43151432275772095,0.43173980712890625,0.4503336250782013,0.46894654631614685,0.47963419556617737,0.4394877851009369,0.42792367935180664,0.42703282833099365,0.5618199706077576,0.5608646869659424,0.5611360669136047,0.5611770153045654,0.5742943286895752,0.5942158699035645,0.6071857213973999,0.5658726096153259,0.5553423166275024,0.5532116293907166,0.0598442479968071,0.07085372507572174,0.07389809936285019,0.06969179213047028,0.06552351266145706,0.07997818291187286,0.11274589598178864,0.10547938197851181,0.06630153208971024,0.05215808004140854,0.0,0.6000000238418579,1.0,0.10000000149011612,0.0,0.800000011920929,1.0,1.0,1.0,1.0,0.30000001192092896,1.0,0.4803921580314636,2.0,178.38571166992188,176.30838012695312,-0.42574256658554077,-0.31683167815208435,0.5199999809265137,0.49000000953674316,0.029999999329447746,20.176116943359375,51.049285888671875,16.203781127929688,25.807464599609375,1.0,0.0
/Users/josephkamil/Desktop/Capstone/Oly_Data/segmented/split_jerk/split_jerk_from_cj_0057.mp4,split_jerk,split_jerk_from_cj_0057.mp4,0.06,split_jerk,,yes,,olympic,split_jerk_sha_d8d3f92db94826db,test,d8d3f92db94826db7ab97eaa7651c3e5e72eb7eec4dcb710fc00dc5bb593a072,1.0,d8d3f92db94826db7ab97eaa7651c3e5e72eb7eec4dcb710fc00dc5bb593a072,80,80,1.0,80.0,0.612500011920929,0.050632912665605545,1.0,0.949999988079071,5.0,0.607594907283783,0.3291139304637909,0.04550737142562866,0.005509778391569853,0.01924532651901245,0.0028110092971473932,174.24203491210938,176.67466735839844,175.8321533203125,178.37603759765625,175.80410766601562,173.85919189453125,172.00624084472656,173.70559692382812,173.17601013183594,173.73715209960938,174.77288818359375,173.3499298095703,172.36917114257812,172.21804809570312,175.9697265625,175.06396484375,176.23883056640625,178.88623046875,178.40316772460938,178.23219299316406,12.078531265258789,12.025835990905762,9.159972190856934,5.020064830780029,9.07211685180664,5.924952507019043,134.35736083984375,168.58404541015625,159.42474365234375,145.8929443359375,1.183748722076416,0.757888913154602,0.4500804543495178,0.9501262307167053,4.409310340881348,2.1287224292755127,2.4835331439971924,1.83639395236969,0.6729577779769897,1.0864803791046143,0.3352999687194824,0.34294986724853516,0.3464432656764984,0.3566223382949829,0.40842297673225403,0.3260140120983124,0.2293446660041809,0.21892735362052917,0.2117622196674347,0.22481176257133484,0.3328859806060791,0.3347785472869873,0.335068941116333,0.34950393438339233,0.41512811183929443,0.3501477837562561,0.3457528054714203,0.34686893224716187,0.3232347071170807,0.3191033601760864,0.5137951374053955,0.5122460126876831,0.5103560090065002,0.5229387879371643,0.5633851885795593,0.524999737739563,0.5193281769752502,0.5244444608688354,0.5074054598808289,0.49915432929992676,0.004276978317648172,0.008218161761760712,0.011480823159217834,0.010185406543314457,0.010017426684498787,0.025654491037130356,0.11653457581996918,0.12798291444778442,0.11264081299304962,0.09575031697750092,0.125,0.0,0.0,0.125,0.875,1.0,1.0,1.0,1.0,1.0,0.0625,1.0,0.5625,3.0,174.60723876953125,174.97023010253906,-0.5569620132446289,-0.27848100662231445,0.5641025900840759,0.5641025900840759,0.0,1.8158111572265625,13.097091674804688,0.7186737060546875,8.584869384765625,0.0,0.0
/Users/josephkamil/Desktop/Capstone/Oly_Data/segmented/split_jerk/split_jerk_from_cj_0096.mp4,split_jerk,split_jerk_from_cj_0096.mp4,0.04,split_jerk,,yes,,olympic,split_jerk_sha_3c4f91e6b02d7253,train,3c4f91e6b02d72535c2e7c05e1c3fee68e8d9eec0e785f5ae20b02ee9427e151,1.0,3c4f91e6b02d72535c2e7c05e1c3fee68e8d9eec0e785f5ae20b02ee9427e151,75,75,1.0,75.0,0.6399999856948853,0.04054053872823715,1.0,0.9599999785423279,11.0,0.027027027681469917,0.027027027681469917,0.11871400475502014,0.018367908895015717,0.029288768768310547,0.005754983983933926,112.39717864990234,140.1741180419922,167.76004028320312,165.12631225585938,177.88912963867188,141.01919555664062,124.73567962646484,161.44744873046875,142.6359100341797,173.16329956054688,125.76583099365234,146.35830688476562,173.0016632080078,173.19784545898438,177.25634765625,157.0399169921875,152.67820739746094,177.26556396484375,171.94175720214844,176.029296875,42.90509033203125,68.0846176147461,51.90365219116211,32.418479919433594,33.707157135009766,60.35348892211914,104.6551284790039,89.62026977539062,169.47206115722656,174.55271911621094,11.140953063964844,10.05620002746582,2.513193130493164,1.3296787738800049,1.0103702545166016,1.3214280605316162,0.9165862202644348,4.381072998046875,3.4660773277282715,1.7932746410369873,0.48164913058280945,0.41424161195755005,0.3417593836784363,0.32285383343696594,0.3030366897583008,0.3562811315059662,0.40835413336753845,0.2786627411842346,0.20123866200447083,0.16406482458114624,0.4738251864910126,0.3918434679508209,0.33326536417007446,0.3367708921432495,0.33635303378105164,0.3691425323486328,0.3820691704750061,0.3000551164150238,0.3438863158226013,0.30969858169555664,0.6071872115135193,0.5418394207954407,0.49727562069892883,0.5019463300704956,0.5001878142356873,0.5275412201881409,0.5397911667823792,0.47394514083862305,0.5203337073326111,0.49024903774261475,0.04401162266731262,0.05789868161082268,0.05435280129313469,0.03930021822452545,0.042971737682819366,0.050245240330696106,0.052666399627923965,0.06843578815460205,0.1432364135980606,0.14571119844913483,0.1428571492433548,0.0,0.7142857313156128,0.875,1.0,0.75,0.4285714328289032,0.5,1.0,1.0,0.06666667014360428,1.0,0.25333333015441895,6.0,105.76710510253906,116.33041381835938,0.013513513840734959,0.013513513840734959,0.6575342416763306,0.698630154132843,-0.04109589010477066,20.14013671875,73.52935791015625,31.185653686523438,63.13450622558594,3.0,1.0
/Users/josephkamil/Desktop/Capstone/Oly_Data/segmented/split_jerk/split_jerk_from_cj_0031.mp4,split_jerk,split_jerk_from_cj_0031.mp4,0.14,split_jerk,,yes,,olympic,split_jerk_sha_52ed85ba79fb4f9c,train,52ed85ba79fb4f9c56aababf13d823b5493079c7866d8c306a1fea6e2a2d8074,1.0,52ed85ba79fb4f9c56aababf13d823b5493079c7866d8c306a1fea6e2a2d8074,125,125,1.0,125.0,1.0,0.0,1.0,1.0,0.0,0.42741936445236206,0.5564516186714172,0.02997221052646637,0.0036587745416909456,0.055540382862091064,0.0036739129573106766,172.15142822265625,172.83349609375,173.417724609375,169.0943145751953,149.2687225341797,163.21022033691406,166.63450622558594,171.27310180664062,172.46995544433594,174.2930450439453,165.54473876953125,165.24417114257812,166.0578155517578,163.24476623535156,153.0203399658203,144.11849975585938,148.7745819091797,158.55368041992188,171.35887145996094,169.74105834960938,32.06575393676758,30.801029205322266,32.18485641479492,31.795207977294922,37.07198715209961,127.09152221679688,173.04359436035156,171.6223907470703,173.26593017578125,173.21128845214844,0.36298540234565735,0.4768197238445282,0.465913325548172,0.7221907377243042,0.821845293045044,1.760646939277649,2.0161755084991455,2.9683070182800293,1.2236701250076294,1.7188225984573364,0.26533499360084534,0.2651694416999817,0.2634248435497284,0.26943856477737427,0.33176812529563904,0.21712034940719604,0.20651127398014069,0.1441529244184494,0.1334816813468933,0.13032004237174988,0.2835153043270111,0.28377673029899597,0.28387847542762756,0.28868356347084045,0.35078275203704834,0.3663520812988281,0.3894828259944916,0.3273159861564636,0.3191147744655609,0.3202386200428009,0.5202484726905823,0.5222027897834778,0.5238327383995056,0.526723325252533,0.5779904723167419,0.5983609557151794,0.5986602902412415,0.5470243692398071,0.546075165271759,0.5541314482688904,0.01824318803846836,0.018695993348956108,0.020461304113268852,0.019279025495052338,0.019056683406233788,0.1493605077266693,0.18303751945495605,0.18322616815567017,0.18568526208400726,0.189936563372612,1.0,1.0,1.0,1.0,1.0,1.0,1.0,1.0,1.0,1.0,1.0,1.0,1.0,1.0,170.41050720214844,166.2866973876953,-0.42741936445236206,-0.5564516186714172,0.5040650367736816,0.6585366129875183,-0.15447154641151428,0.0,35.42845153808594,0.0,35.201263427734375,1.0,1.0
/Users/josephkamil/Desktop/Capstone/Oly_Data/segmented/split_jerk/split_jerk_from_cj_0103.mp4,split_jerk,split_jerk_from_cj_0103.mp4,0.12,split_jerk,,yes,,olympic,split_jerk_split_jerk_from_cj_0103,train,84be885fb3cc6cd8107eb051c50547691f0f96a02199f2a00a4c325825664c7d,1.0,84be885fb3cc6cd8107eb051c50547691f0f96a02199f2a00a4c325825664c7d,72,65,0.9027777777777778,65.0,0.446153849363327,0.5,0.9375,0.446153849363327,2.0,0.109375,0.03125,0.5016173720359802,0.02101503312587738,0.14156216382980347,0.013630648143589497,54.4010009765625,53.12459945678711,95.05290985107422,145.03030395507812,162.15786743164062,109.46875,104.18902587890625,121.07671356201172,150.2522735595703,168.96009826660156,43.03389358520508,57.28721237182617,86.34102630615234,132.55734252929688,164.21746826171875,122.34785461425781,109.90230560302734,119.17705535888672,139.7738800048828,165.8675079345703,175.4038848876953,173.44676208496094,174.842529296875,174.94532775878906,149.33216857910156,168.5169219970703,159.7477569580078,155.02099609375,156.86940002441406,161.95494079589844,11.221625328063965,11.223912239074707,13.467108726501465,11.39653205871582,8.15457820892334,6.140055179595947,15.816411018371582,11.341097831726074,8.180211067199707,103.41351318359375,0.8728951811790466,0.8650926947593689,0.8107993006706238,0.6985446214675903,0.5564283728599548,0.5033425092697144,0.5120884776115417,0.45862212777137756,0.37215566635131836,0.6465482711791992,0.6933176517486572,0.6897599101066589,0.6494739651679993,0.5518595576286316,0.47923457622528076,0.5870756506919861,0.6103641390800476,0.5765104293823242,0.5022197961807251,0.586247980594635,0.8254623413085938,0.8197015523910522,0.757544994354248,0.6831546425819397,0.6437327861785889,0.7576693892478943,0.7761359810829163,0.7444958686828613,0.6893210411071777,0.5670453310012817,0.17985115945339203,0.1754341423511505,0.16135571897029877,0.14825692772865295,0.09840453416109085,0.11870092898607254,0.12097068876028061,0.11911758035421371,0.13169148564338684,0.16137881577014923,0.0,0.0,0.0,0.0,0.0,1.0,1.0,1.0,1.0,0.4285714328289032,0.0,0.692307710647583,0.446153849363327,1.0,138.18020629882812,168.90725708007812,0.390625,0.46875,0.4444444477558136,0.9523809552192688,-0.5079365372657776,132.92005920410156,120.5874252319336,135.2191925048828,100.55416107177734,4.0,2.0
/Users/josephkamil/Desktop/Capstone/Oly_Data/segmented/split_jerk/split_jerk_from_cj_0053.mp4,split_jerk,split_jerk_from_cj_0053.mp4,0.07,split_jerk,,yes,,olympic,split_jerk_sha_4aace02838885ba7,test,4aace02838885ba740e0570113a430442b984f245f1d9938a52846af83d33349,2.0,4aace02838885ba740e0570113a430442b984f245f1d9938a52846af83d33349,124,124,1.0,124.0,0.9596773982048035,0.008130080997943878,1.0,0.9919354915618896,3.0,0.4065040647983551,0.4065040647983551,0.04048842191696167,0.0028254694771021605,0.022845149040222168,0.0020685589406639338,176.64308166503906,177.0137176513672,174.51242065429688,163.5552520751953,150.29312133789062,153.5364532470703,155.1028594970703,171.53213500976562,178.3626251220703,178.69232177734375,175.7843780517578,175.64801025390625,172.375244140625,163.811767578125,158.84994506835938,175.6014404296875,176.98350524902344,170.7029571533203,173.4652557373047,173.56918334960938,104.113037109375,116.62710571289062,116.16244506835938,102.3140869140625,61.31072235107422,163.01136779785156,168.37327575683594,160.6712188720703,164.8994903564453,170.31167602539062,1.4333330392837524,1.7395025491714478,0.9020818471908569,1.523172378540039,1.160159707069397,1.8926997184753418,4.239088535308838,1.9033979177474976,1.6999951601028442,3.384207010269165,0.42414072155952454,0.4188944101333618,0.416321337223053,0.4233952462673187,0.4483639597892761,0.3771626055240631,0.34547045826911926,0.30811262130737305,0.3119926154613495,0.31049731373786926,0.43246161937713623,0.43252336978912354,0.4301164448261261,0.43624934554100037,0.4514268636703491,0.4750419557094574,0.45101311802864075,0.4151943624019623,0.41522812843322754,0.41532912850379944,0.5588672757148743,0.5605313181877136,0.5567378401756287,0.5648887753486633,0.5802374482154846,0.6089195609092712,0.5859469771385193,0.5543264150619507,0.5521922707557678,0.554534375667572,0.034775614738464355,0.03595317527651787,0.03551460802555084,0.03231054171919823,0.028718721121549606,0.09890621900558472,0.10625308752059937,0.10760772973299026,0.10414456576108932,0.10540783405303955,0.9166666865348816,1.0,1.0,1.0,0.692307710647583,1.0,1.0,1.0,1.0,1.0,0.9599999785423279,1.0,0.5403226017951965,2.0,177.79507446289062,174.70870971679688,-0.3983739912509918,-0.3983739912509918,0.5081967115402222,0.44262295961380005,0.06557376682758331,5.2597808837890625,52.578704833984375,0.464019775390625,39.56036376953125,2.0,1.0
/Users/josephkamil/Desktop/Capstone/Oly_Data/segmented/split_jerk/split_jerk_from_cj_0102.mp4,split_jerk,split_jerk_from_cj_0102.mp4,0.04,split_jerk,,yes,,olympic,split_jerk_sha_3121625924316671,train,31216259243166715740d48e88f922a55b1201cc4e26c24aaa85664705fcd698,2.0,31216259243166715740d48e88f922a55b1201cc4e26c24aaa85664705fcd698,83,83,1.0,83.0,0.6746987700462341,0.0,1.0,1.0,4.0,0.5121951103210449,0.5121951103210449,0.08161506056785583,0.009052261710166931,0.03290921449661255,0.0029609487392008305,176.96585083007812,178.73545837402344,177.55374145507812,178.8396453857422,151.51611328125,124.52288818359375,167.12103271484375,171.21273803710938,178.6021728515625,175.8115234375,176.33749389648438,174.79275512695312,176.64556884765625,176.4955596923828,166.23782348632812,155.16978454589844,174.70603942871094,176.14794921875,175.20840454101562,178.60838317871094,26.490882873535156,13.439149856567383,19.130809783935547,16.58547592163086,57.09741973876953,157.83444213867188,67.3582992553711,165.8955078125,168.96224975585938,169.8518829345703,2.2440402507781982,4.697395324707031,3.549987316131592,3.9552433490753174,2.3804657459259033,1.4527497291564941,3.3677937984466553,1.4549133777618408,0.3128426671028137,2.2978193759918213,0.3369641900062561,0.3572062849998474,0.32023563981056213,0.3250097930431366,0.3540593981742859,0.47711485624313354,0.2634292244911194,0.1780434399843216,0.15617036819458008,0.15248285233974457,0.3325154185295105,0.3337811529636383,0.335360050201416,0.3336194157600403,0.36139416694641113,0.3966815769672394,0.30254194140434265,0.30824610590934753,0.3062145709991455,0.3039384186267853,0.5022537112236023,0.5006930828094482,0.5005947947502136,0.4965673089027405,0.5235626697540283,0.5530086755752563,0.4803678095340729,0.49266576766967773,0.49033215641975403,0.48959964513778687,0.03342823684215546,0.03557984530925751,0.03159341216087341,0.023377323523163795,0.04850342497229576,0.08591800928115845,0.06711076200008392,0.13055945932865143,0.15004968643188477,0.15148261189460754,0.5,0.0,0.875,1.0,0.75,0.0,0.5555555820465088,1.0,1.0,1.0,0.23529411852359772,1.0,0.3614457845687866,3.0,172.9406280517578,177.83316040039062,-0.5121951103210449,-0.5121951103210449,0.5679012537002563,0.5802469253540039,-0.012345679104328156,0.0,61.194313049316406,0.0,26.438385009765625,1.0,0.0
/Users/josephkamil/Desktop/Capstone/Oly_Data/segmented/split_jerk/split_jerk_from_cj_0145.mp4,split_jerk,split_jerk_from_cj_0145.mp4,0.17,split_jerk,,yes,,olympic,split_jerk_sha_55873f9c1d3dbbd0,train,55873f9c1d3dbbd040aad4c0d46fd78e386fd2edb8987ac21018698df9c8b058,1.0,55873f9c1d3dbbd040aad4c0d46fd78e386fd2edb8987ac21018698df9c8b058,125,125,1.0,125.0,1.0,0.0,1.0,1.0,0.0,0.7096773982048035,0.8709677457809448,0.052533864974975586,0.004628595430403948,0.06316590309143066,0.004496970679610968,175.5769805908203,175.7176055908203,175.9573211669922,175.02622985839844,175.73118591308594,177.3778533935547,172.46636962890625,158.6036834716797,157.9777069091797,172.19960021972656,175.9292449951172,177.8618927001953,177.23280334472656,177.52398681640625,177.30369567871094,175.92022705078125,170.60205078125,163.67506408691406,152.6147003173828,166.99127197265625,51.52268600463867,46.07631301879883,44.49039077758789,43.13066101074219,46.29692077636719,44.554508209228516,52.913150787353516,50.71107482910156,161.49822998046875,170.38717651367188,1.8780817985534668,2.9104573726654053,2.0786023139953613,2.4165167808532715,2.3239402770996094,2.23899507522583,0.8553917407989502,0.709441602230072,3.7164299488067627,5.533463001251221,0.30205872654914856,0.31120970845222473,0.32867327332496643,0.33102652430534363,0.31346848607063293,0.2999282777309418,0.32661980390548706,0.33126968145370483,0.22505046427249908,0.1572822630405426,0.3288186490535736,0.3390233814716339,0.35679903626441956,0.36050325632095337,0.34167882800102234,0.329183429479599,0.3536187410354614,0.3728256821632385,0.44083526730537415,0.39135581254959106,0.5694272518157959,0.5796308517456055,0.6018998622894287,0.6036891341209412,0.5865829586982727,0.575792670249939,0.6004599332809448,0.6147903203964233,0.69321608543396,0.6692702770233154,0.03283797204494476,0.03232753276824951,0.03310496732592583,0.03336302936077118,0.032941292971372604,0.032695963978767395,0.030984951183199883,0.04637937992811203,0.21587900817394257,0.23423020541667938,1.0,1.0,1.0,1.0,1.0,1.0,1.0,1.0,1.0,1.0,1.0,1.0,1.0,1.0,174.92710876464844,179.35321044921875,-0.7096773982048035,-0.8709677457809448,0.7560975551605225,0.7560975551605225,0.0,0.0,37.05375671386719,0.0,32.69773864746094,1.0,0.0
/Users/josephkamil/Desktop/Capstone/Oly_Data/segmented/split_jerk/split_jerk_from_cj_0086.mp4,split_jerk,split_jerk_from_cj_0086.mp4,0.12,split_jerk,,yes,,olympic,split_jerk_sha_756a8df909827a34,train,756a8df909827a342a11938272d4b61e87314b82efea3b3f0567ccb4dc0f65c3,1.0,756a8df909827a342a11938272d4b61e87314b82efea3b3f0567ccb4dc0f65c3,125,125,1.0,125.0,1.0,0.0,1.0,1.0,0.0,0.6209677457809448,0.6935483813285828,0.03981146961450577,0.005296948365867138,0.04952186346054077,0.0048013669438660145,177.5229949951172,178.19839477539062,177.9826202392578,177.62860107421875,167.0188751220703,169.25323486328125,152.51658630371094,156.56231689453125,164.56846618652344,175.9722442626953,167.49603271484375,167.98544311523438,168.62734985351562,168.70797729492188,175.8032684326172,173.90054321289062,153.11695861816406,163.94801330566406,174.31410217285156,172.97726440429688,92.09033203125,105.12886047363281,115.93927764892578,106.8798828125,66.37638092041016,79.07943725585938,176.1058807373047,177.48855590820312,176.9351348876953,178.46337890625,0.6672913432121277,0.3213483691215515,0.2833796441555023,0.34565526247024536,0.577254593372345,0.45904672145843506,5.092043876647949,7.7234015464782715,1.2088462114334106,0.7676969170570374,0.32340914011001587,0.31552499532699585,0.31278738379478455,0.30320531129837036,0.3378368318080902,0.2820579409599304,0.2186337560415268,0.17419782280921936,0.11781957745552063,0.17353343963623047,0.33472195267677307,0.3271380066871643,0.325471431016922,0.31682702898979187,0.3469219207763672,0.32463976740837097,0.3962017297744751,0.3586013913154602,0.30558517575263977,0.3548925220966339,0.5291150212287903,0.5229867696762085,0.522413432598114,0.5133232474327087,0.5385850071907043,0.518450140953064,0.5961511731147766,0.5678623914718628,0.5237459540367126,0.5747062563896179,0.0159919410943985,0.015649011358618736,0.016237830743193626,0.016690563410520554,0.014552459120750427,0.05012296885251999,0.1777276247739792,0.18449100852012634,0.1880285143852234,0.18143156170845032,1.0,1.0,1.0,1.0,1.0,1.0,1.0,1.0,1.0,1.0,1.0,1.0,1.0,1.0,178.37173461914062,169.90284729003906,-0.6209677457809448,-0.6935483813285828,0.5365853905677795,0.5365853905677795,0.0,0.0,36.15287780761719,0.0,33.728179931640625,2.0,0.0
/Users/josephkamil/Desktop/Capstone/Oly_Data/segmented/split_jerk/split_jerk_from_cj_0017.mp4,split_jerk,split_jerk_from_cj_0017.mp4,0.04,split_jerk,,yes,,olympic,split_jerk_sha_fdf49ddfe3fa00b9,train,fdf49ddfe3fa00b993b440c9693f06a89b2b9e772424423cad52519bfa2db691,2.0,fdf49ddfe3fa00b993b440c9693f06a89b2b9e772424423cad52519bfa2db691,75,75,1.0,75.0,0.8399999737739563,0.0,1.0,1.0,14.0,0.013513513840734959,0.013513513840734959,0.09320154786109924,0.013363382779061794,0.03265294432640076,0.0047471774742007256,122.031494140625,153.90419006347656,175.96595764160156,172.45155334472656,174.78402709960938,176.3200225830078,150.1824951171875,126.15728759765625,171.07748413085938,144.57232666015625,132.16485595703125,159.40025329589844,177.53955078125,179.06817626953125,178.05520629882812,177.10598754882812,163.57850646972656,150.931640625,175.4457244873047,167.54855346679688,77.11421966552734,48.758323669433594,23.443939208984375,23.635425567626953,25.347108840942383,29.006149291992188,46.290184020996094,52.79819869995117,46.09142303466797,154.1715087890625,10.893561363220215,2.9048166275024414,2.6176421642303467,2.3759074211120605,3.0498344898223877,4.279082298278809,1.9845390319824219,2.354652166366577,1.8398786783218384,0.7055956721305847,0.45460015535354614,0.35320132970809937,0.31890669465065,0.3157317042350769,0.3073335289955139,0.30891990661621094,0.34089359641075134,0.36630523204803467,0.2827341854572296,0.20225657522678375,0.4321933686733246,0.3486641049385071,0.32858577370643616,0.33068034052848816,0.3289702832698822,0.3288125693798065,0.3588896095752716,0.39618581533432007,0.2986275553703308,0.3309086561203003,0.5742055773735046,0.5178259015083313,0.5012491345405579,0.49829524755477905,0.49579933285713196,0.4939955472946167,0.5216115117073059,0.5520180463790894,0.4699578285217285,0.5142775774002075,0.05529939383268356,0.04188592731952667,0.034427937120199203,0.03298329561948776,0.03301470726728439,0.03815269097685814,0.04185526445508003,0.052067920565605164,0.048427216708660126,0.12984633445739746,0.5714285969734192,0.625,0.8571428656578064,1.0,1.0,1.0,0.7142857313156128,0.875,0.7142857313156128,1.0,0.6000000238418579,0.8666666746139526,0.3733333349227905,8.0,114.67037200927734,125.7127685546875,-0.013513513840734959,-0.013513513840734959,0.09589041024446487,0.8082191944122314,-0.7123287916183472,0.0,65.01387023925781,0.0,56.704246520996094,2.0,0.0
/Users/josephkamil/Desktop/Capstone/Oly_Data/segmented/split_jerk/split_jerk_from_cj_0068.mp4,split_jerk,split_jerk_from_cj_0068.mp4,0.12,split_jerk,,yes,,olympic,split_jerk_sha_648cf9e756b545f7,train,648cf9e756b545f76014a7f12cf8b403309ae22a2d83d3ea19d86ddcf2ccf21a,1.0,648cf9e756b545f76014a7f12cf8b403309ae22a2d83d3ea19d86ddcf2ccf21a,104,104,1.0,104.0,0.942307710647583,0.0,1.0,1.0,4.0,0.4660194218158722,0.4660194218158722,0.06642231345176697,0.004203481134027243,0.03748679161071777,0.0034466662909835577,173.75059509277344,174.81658935546875,174.60443115234375,173.497802734375,158.47059631347656,168.86148071289062,173.03665161132812,175.60321044921875,173.64981079101562,174.6911163330078,165.67813110351562,165.35311889648438,165.32138061523438,164.8824005126953,158.67572021484375,164.0531768798828,167.5120391845703,169.01414489746094,166.05374145507812,169.3195343017578,31.142847061157227,29.792083740234375,30.362367630004883,35.12153625488281,42.24079513549805,72.88682556152344,169.38522338867188,176.09107971191406,177.43997192382812,178.19107055664062,0.23472988605499268,0.26630300283432007,0.24283738434314728,0.2801143229007721,0.8564640283584595,1.1904401779174805,0.3461516499519348,0.28066208958625793,0.7880568504333496,0.5646418929100037,0.23184993863105774,0.23568058013916016,0.2343769073486328,0.23687779903411865,0.3068327307701111,0.22107401490211487,0.18060900270938873,0.15640607476234436,0.14340737462043762,0.16353407502174377,0.24567754566669464,0.2488657683134079,0.2500372529029846,0.24983620643615723,0.3126421272754669,0.2954915463924408,0.37504321336746216,0.34525319933891296,0.3318794369697571,0.3486018776893616,0.5041522979736328,0.5098819732666016,0.5115565061569214,0.5110069513320923,0.553950846195221,0.5398982763290405,0.582094132900238,0.5449352264404297,0.5406190752983093,0.5571754574775696,0.014838878996670246,0.014632409438490868,0.01785055175423622,0.01515284739434719,0.011399530805647373,0.07522391527891159,0.1944648027420044,0.18885821104049683,0.1885005235671997,0.18507809937000275,1.0,1.0,1.0,1.0,0.6363636255264282,0.800000011920929,1.0,1.0,1.0,1.0,1.0,1.0,0.48076921701431274,3.0,173.05340576171875,166.4461212158203,-0.4660194218158722,-0.4660194218158722,0.529411792755127,0.529411792755127,0.0,0.0,28.050262451171875,0.0,18.855865478515625,0.0,0.0
/Users/josephkamil/Desktop/Capstone/Oly_Data/segmented/split_jerk/split_jerk_from_cj_0032.mp4,split_jerk,split_jerk_from_cj_0032.mp4,0.13,split_jerk,,yes,,olympic,split_jerk_sha_2594a6ff1e77fbdf,dev,2594a6ff1e77fbdfa50291bbf9d0c940b364a18dfa4908e1424b4cf1a9064d75,1.0,2594a6ff1e77fbdfa50291bbf9d0c940b364a18dfa4908e1424b4cf1a9064d75,125,125,1.0,125.0,0.9279999732971191,0.0,1.0,1.0,2.0,0.4354838728904724,0.4354838728904724,0.04674720764160156,0.003570353612303734,0.03541982173919678,0.003406140487641096,177.35084533691406,179.02670288085938,179.3548126220703,174.56259155273438,156.15647888183594,165.74974060058594,166.2010040283203,176.55987548828125,166.5776824951172,176.65914916992188,174.62510681152344,173.96380615234375,174.49688720703125,172.70664978027344,161.4735870361328,174.99102783203125,174.66729736328125,175.81761169433594,169.9318389892578,171.13233947753906,30.842164993286133,28.456050872802734,27.272138595581055,38.371524810791016,30.526296615600586,134.21859741210938,166.6730499267578,168.2957305908203,167.73394775390625,170.3029022216797,1.3032625913619995,1.1008367538452148,1.308404564857483,1.6328351497650146,1.7276005744934082,0.8733559250831604,1.2950439453125,0.5543934106826782,0.7704152464866638,0.7876900434494019,0.4331606924533844,0.43517622351646423,0.43615975975990295,0.423462450504303,0.47567319869995117,0.338591605424881,0.31224608421325684,0.26092007756233215,0.23674356937408447,0.2225629985332489,0.4433025121688843,0.44326943159103394,0.4430437982082367,0.43709123134613037,0.47542592883110046,0.5109882354736328,0.5179237723350525,0.46207883954048157,0.4369688332080841,0.43136849999427795,0.6698288321495056,0.6697762608528137,0.6682050228118896,0.6655616164207458,0.6999502778053284,0.7508558034896851,0.7722373008728027,0.7024914026260376,0.6821510195732117,0.6841273903846741,0.012526092119514942,0.00893448106944561,0.008356860838830471,0.015664808452129364,0.011970151215791702,0.17243610322475433,0.20568858087062836,0.20117448270320892,0.20022618770599365,0.2088344395160675,1.0,1.0,1.0,1.0,0.25,1.0,1.0,1.0,1.0,1.0,1.0,1.0,0.5120000243186951,2.0,176.91270446777344,175.0924072265625,-0.4354838728904724,-0.4354838728904724,0.4878048896789551,0.46341463923454285,0.024390242993831635,0.0,40.59757995605469,0.0,27.993759155273438,1.0,0.0
/Users/josephkamil/Desktop/Capstone/Oly_Data/segmented/split_jerk/split_jerk_from_cj_0130.mp4,split_jerk,split_jerk_from_cj_0130.mp4,0.06,split_jerk,,yes,,olympic,split_jerk_sha_2ad88f1dbe694c7c,test,2ad88f1dbe694c7c65279339ed6891ca71f4e15abd28a0db38bcc097df83e7b2,1.0,2ad88f1dbe694c7c65279339ed6891ca71f4e15abd28a0db38bcc097df83e7b2,84,84,1.0,84.0,0.5714285969734192,0.03614457696676254,1.0,0.9642857313156128,9.0,0.759036123752594,0.4457831382751465,0.03981156647205353,0.005699791945517063,0.017093360424041748,0.0030174837447702885,177.95167541503906,177.77047729492188,175.7706756591797,175.89312744140625,178.2474365234375,175.19668579101562,175.03814697265625,175.2207794189453,175.54946899414062,179.0395050048828,169.98886108398438,171.0828857421875,170.21234130859375,170.13082885742188,168.75494384765625,171.611572265625,174.39593505859375,171.76718139648438,169.08140563964844,173.22686767578125,16.998573303222656,18.876094818115234,10.177532196044922,22.748233795166016,9.861283302307129,3.6593663692474365,26.048768997192383,136.03475952148438,176.76199340820312,170.5391082763672,0.8798239827156067,0.809795618057251,0.5316410064697266,0.6057591438293457,0.41607630252838135,1.7748229503631592,3.4387784004211426,0.9120705127716064,0.7358289361000061,0.7789088487625122,0.3409290611743927,0.3396872282028198,0.3419141173362732,0.33317452669143677,0.3530765473842621,0.40789905190467834,0.3386489152908325,0.24336205422878265,0.2231360524892807,0.19758577644824982,0.3349263668060303,0.34419819712638855,0.34012269973754883,0.34354206919670105,0.3416840434074402,0.3979838788509369,0.35860931873321533,0.3501448333263397,0.3703362047672272,0.3389486074447632,0.5102463960647583,0.5194175243377686,0.5154107213020325,0.5159956812858582,0.5181254148483276,0.5584605932235718,0.5302007794380188,0.525965690612793,0.5435618162155151,0.5235198140144348,0.011246582493185997,0.013711594045162201,0.006089574657380581,0.016446024179458618,0.012550328858196735,0.012121916748583317,0.027616335079073906,0.10716333240270615,0.14720655977725983,0.14137151837348938,0.125,0.375,0.4444444477558136,0.75,0.0,0.125,0.875,1.0,1.0,1.0,0.29411765933036804,1.0,0.3928571343421936,5.0,177.9082794189453,170.49575805664062,-0.7228915691375732,-0.40963855385780334,0.7317073345184326,0.6585366129875183,0.0731707289814949,2.7403411865234375,7.369873046875,0.8170166015625,12.14044189453125,0.0,0.0
/Users/josephkamil/Desktop/Capstone/Oly_Data/segmented/split_jerk/split_jerk_from_cj_0150.mp4,split_jerk,split_jerk_from_cj_0150.mp4,0.12,split_jerk,,yes,,olympic,split_jerk_sha_eef3f3da912aa3c5,train,eef3f3da912aa3c5f2ed39c9c65251764501017f60d7c654821ceda6e4d01424,2.0,eef3f3da912aa3c5f2ed39c9c65251764501017f60d7c654821ceda6e4d01424,125,51,0.408,51.0,1.0,0.0,1.0,1.0,0.0,1.0,0.5,0.04572939872741699,0.0077659254893660545,0.01140451431274414,0.002619326114654541,160.17922973632812,151.23599243164062,156.8899688720703,145.87832641601562,142.0776824951172,155.2308349609375,172.5782470703125,139.68638610839844,120.5227279663086,97.49066162109375,175.81716918945312,177.02952575683594,178.1970977783203,173.32630920410156,169.12423706054688,169.1272430419922,174.26052856445312,169.69940185546875,169.1520538330078,174.75048828125,169.12368774414062,170.84432983398438,167.3545684814453,170.33909606933594,150.98883056640625,146.5384063720703,153.39187622070312,152.32412719726562,153.59295654296875,168.0568389892578,0.7568221092224121,0.4106951355934143,0.3887258470058441,0.8354490995407104,1.5139517784118652,2.850987434387207,2.225398302078247,1.8170015811920166,1.4484435319900513,1.8835926055908203,0.31553322076797485,0.3243905007839203,0.32764777541160583,0.31317102909088135,0.30368655920028687,0.2871222198009491,0.2709597945213318,0.2783540189266205,0.27077510952949524,0.25303179025650024,0.45309004187583923,0.46695226430892944,0.46856194734573364,0.44625577330589294,0.4266948103904724,0.40357980132102966,0.391873300075531,0.3791014552116394,0.3740479350090027,0.36733850836753845,0.6144618988037109,0.6345006227493286,0.6364794969558716,0.624529242515564,0.6061685681343079,0.588678240776062,0.5790976285934448,0.5710262060165405,0.5664407014846802,0.562619149684906,0.13881921768188477,0.14265188574790955,0.1410321593284607,0.13344043493270874,0.12351590394973755,0.117303267121315,0.1224297508597374,0.10077974945306778,0.10336033254861832,0.12202674150466919,1.0,1.0,1.0,1.0,1.0,1.0,1.0,1.0,1.0,1.0,1.0,1.0,1.0,1.0,171.63621520996094,170.00621032714844,-1.0,-0.5,0.5102040767669678,0.5102040767669678,0.0,0.0,83.60469055175781,0.0,13.689605712890625,2.0,0.0
/Users/josephkamil/Desktop/Capstone/Oly_Data/segmented/split_jerk/split_jerk_from_cj_0100.mp4,split_jerk,split_jerk_from_cj_0100.mp4,0.15,split_jerk,,yes,,olympic,split_jerk_sha_16d61609756a259a,train,16d61609756a259a39aa08077377dfc2eb957d9f5cba6a804089b8b047d8caef,1.0,16d61609756a259a39aa08077377dfc2eb957d9f5cba6a804089b8b047d8caef,125,125,1.0,125.0,1.0,0.0,1.0,1.0,0.0,0.6612903475761414,0.6612903475761414,0.0538388192653656,0.003146321279928088,0.04443693161010742,0.002726213075220585,171.505615234375,171.92449951171875,172.4108428955078,172.64073181152344,173.12437438964844,172.84738159179688,156.3148956298828,171.4246368408203,174.9181365966797,172.349853515625,163.74452209472656,162.45208740234375,162.1247100830078,162.38088989257812,162.77224731445312,162.60568237304688,155.02340698242188,163.55445861816406,165.20790100097656,168.1399688720703,26.937414169311523,25.81995964050293,23.85640525817871,24.242168426513672,24.46135711669922,24.94533920288086,27.83677864074707,108.71660614013672,156.0376434326172,157.15606689453125,0.5695583820343018,0.26567572355270386,0.35799017548561096,0.18985626101493835,0.16559380292892456,0.20554551482200623,0.3286425769329071,0.49884846806526184,0.352090448141098,1.0790730714797974,0.21501219272613525,0.21581128239631653,0.21672819554805756,0.21768774092197418,0.21819354593753815,0.22003395855426788,0.28280144929885864,0.16622835397720337,0.14914223551750183,0.11248695850372314,0.23421908915042877,0.2333104908466339,0.233095183968544,0.23325668275356293,0.2331550568342209,0.2327067106962204,0.29235121607780457,0.30809372663497925,0.3431832790374756,0.30535295605659485,0.49894750118255615,0.494144469499588,0.4933255612850189,0.4928148090839386,0.4933425188064575,0.4926450550556183,0.5428317189216614,0.5540845394134521,0.5641523003578186,0.5395028591156006,0.019685620442032814,0.018320251256227493,0.01771221123635769,0.016644911840558052,0.015987398102879524,0.013578519225120544,0.009866868145763874,0.14188894629478455,0.19411873817443848,0.19295556843280792,1.0,1.0,1.0,1.0,1.0,1.0,1.0,1.0,1.0,1.0,1.0,1.0,1.0,1.0,171.482666015625,163.8660888671875,-0.6612903475761414,-0.6612903475761414,0.6910569071769714,0.6910569071769714,0.0,0.0,26.558441162109375,0.0,16.9310302734375,0.0,0.0
/Users/josephkamil/Desktop/Capstone/Oly_Data/segmented/split_jerk/split_jerk_from_cj_0018.mp4,split_jerk,split_jerk_from_cj_0018.mp4,0.1,split_jerk,,yes,,olympic,split_jerk_sha_feed5a96310cc281,train,feed5a96310cc28146a613d5dc60b95b959de088fc1c734af787ebe38532b7cd,2.0,feed5a96310cc28146a613d5dc60b95b959de088fc1c734af787ebe38532b7cd,106,106,1.0,106.0,1.0,0.0,1.0,1.0,0.0,0.761904776096344,0.761904776096344,0.03843393921852112,0.004182273522019386,0.03512382507324219,0.003329706145450473,176.71189880371094,178.96559143066406,177.47579956054688,175.3538360595703,176.6377716064453,162.22293090820312,174.3031005859375,160.25735473632812,173.29273986816406,173.04071044921875,168.05557250976562,167.14627075195312,166.70468139648438,167.12640380859375,168.42201232910156,174.91171264648438,174.13363647460938,163.39846801757812,174.18174743652344,171.73159790039062,133.60769653320312,117.3093032836914,66.96151733398438,50.497291564941406,82.24710083007812,30.501056671142578,124.61489868164062,176.45213317871094,177.99949645996094,178.16835021972656,3.6893699169158936,2.7623167037963867,2.6406197547912598,1.460179090499878,2.863215684890747,2.789426565170288,3.238077402114868,2.682772159576416,2.016692638397217,0.8686193227767944,0.38216930627822876,0.40201565623283386,0.4124828279018402,0.41983917355537415,0.4278973639011383,0.4768996238708496,0.3662138879299164,0.32725438475608826,0.27673494815826416,0.2956852614879608,0.3956749737262726,0.411248117685318,0.4227723479270935,0.4266732335090637,0.4343239665031433,0.4790271818637848,0.43197888135910034,0.46819525957107544,0.4195326566696167,0.42825639247894287,0.5542707443237305,0.5719903111457825,0.5824824571609497,0.5854570865631104,0.5922458171844482,0.6315125226974487,0.5909035205841064,0.628970742225647,0.5968542695045471,0.5993598699569702,0.018513400107622147,0.014804914593696594,0.016048330813646317,0.015918172895908356,0.014184043742716312,0.016130808740854263,0.07032282650470734,0.1410658359527588,0.14306078851222992,0.13346733152866364,1.0,1.0,1.0,1.0,1.0,1.0,1.0,1.0,1.0,1.0,1.0,1.0,1.0,1.0,175.22933959960938,169.20677185058594,-0.761904776096344,-0.761904776096344,0.6057692170143127,0.5961538553237915,0.009615384973585606,0.0,26.162994384765625,0.0,22.345016479492188,0.0,0.0
/Users/josephkamil/Desktop/Capstone/Oly_Data/segmented/split_jerk/split_jerk_from_cj_0077.mp4,split_jerk,split_jerk_from_cj_0077.mp4,0.15,split_jerk,,yes,,olympic,split_jerk_sha_66d4bd4d75aac374,train,66d4bd4d75aac374be6b96a96eefe541cf9d6b3503de52aff46a6115fe201901,1.0,66d4bd4d75aac374be6b96a96eefe541cf9d6b3503de52aff46a6115fe201901,125,125,1.0,125.0,1.0,0.0,1.0,1.0,0.0,0.6854838728904724,0.6854838728904724,0.0846286416053772,0.003679884597659111,0.0478978157043457,0.0028289149049669504,175.83692932128906,175.26222229003906,178.2683563232422,177.97003173828125,172.84336853027344,163.52005004882812,157.4713897705078,169.01434326171875,172.31744384765625,173.25567626953125,166.77464294433594,167.5205841064453,168.71188354492188,168.21119689941406,165.0540008544922,158.7486114501953,152.74520874023438,160.46456909179688,165.43702697753906,167.82516479492188,52.175872802734375,49.41500473022461,50.52439880371094,50.06087875366211,48.74858474731445,58.90652084350586,170.3773956298828,173.56887817382812,174.1477508544922,173.41738891601562,1.5411738157272339,1.1695711612701416,0.8244028687477112,0.8287051916122437,1.1357072591781616,2.251878499984741,0.8242988586425781,2.055838108062744,2.8529560565948486,1.5217092037200928,0.21647417545318604,0.2200063169002533,0.2230813056230545,0.2244589626789093,0.2267385721206665,0.235210120677948,0.17931078374385834,0.16091600060462952,0.1437741070985794,0.1485169231891632,0.23868919909000397,0.23833312094211578,0.2397502213716507,0.23950690031051636,0.24620957672595978,0.277338445186615,0.36460885405540466,0.33848825097084045,0.3245697319507599,0.32944244146347046,0.50518798828125,0.5035830736160278,0.5022072196006775,0.5039193630218506,0.5091065764427185,0.5342481136322021,0.6053309440612793,0.571704626083374,0.5569548606872559,0.5645347237586975,0.022220389917492867,0.018350016325712204,0.016931910067796707,0.015201698988676071,0.019489163532853127,0.042336445301771164,0.18530289828777313,0.17757925391197205,0.18081919848918915,0.18094833195209503,1.0,1.0,1.0,1.0,1.0,1.0,1.0,1.0,1.0,1.0,1.0,1.0,1.0,1.0,175.89512634277344,166.19358825683594,-0.6854838728904724,-0.6854838728904724,0.5528455376625061,0.5528455376625061,0.0,0.0,25.781356811523438,0.0,22.189849853515625,0.0,0.0
/Users/josephkamil/Desktop/Capstone/Oly_Data/segmented/split_jerk/split_jerk_from_cj_0020.mp4,split_jerk,split_jerk_from_cj_0020.mp4,0.05,split_jerk,,yes,,olympic,split_jerk_sha_847e38c7952f8445,train,847e38c7952f84451d25c36622967800d1e1fcc9f1d4f8c704b5069bdaa242d0,1.0,847e38c7952f84451d25c36622967800d1e1fcc9f1d4f8c704b5069bdaa242d0,83,83,1.0,83.0,0.7108433842658997,0.0,1.0,1.0,14.0,0.024390242993831635,0.024390242993831635,0.11967989802360535,0.01392457541078329,0.032905519008636475,0.004733661189675331,123.44185638427734,163.5974884033203,174.79574584960938,170.25025939941406,127.03734588623047,149.15261840820312,144.27281188964844,160.83575439453125,176.01451110839844,170.95289611816406,138.2496337890625,166.2574005126953,178.33877563476562,175.5225372314453,157.57095336914062,167.10940551757812,161.18272399902344,172.0887908935547,176.48577880859375,173.23973083496094,32.4146728515625,24.02243995666504,21.401153564453125,18.279922485351562,115.358642578125,76.3266372680664,133.830078125,155.09288024902344,166.4001007080078,173.1134796142578,4.923831939697266,0.8309112787246704,2.2316486835479736,1.9428250789642334,3.1679506301879883,0.8712169528007507,2.4017155170440674,2.1154208183288574,2.731773614883423,1.0635871887207031,0.39562904834747314,0.3330094814300537,0.3265511095523834,0.34013330936431885,0.4546213746070862,0.3445025086402893,0.22297106683254242,0.1894223541021347,0.16335175931453705,0.15672972798347473,0.41115427017211914,0.3363281190395355,0.3260617256164551,0.3325806260108948,0.3869703412055969,0.3281309902667999,0.3405240774154663,0.3216705918312073,0.30732670426368713,0.3052903413772583,0.5682966709136963,0.5076862573623657,0.4938961863517761,0.49745070934295654,0.5496543645858765,0.4997239112854004,0.5203081369400024,0.5066792368888855,0.4940475821495056,0.49342358112335205,0.03696531802415848,0.03198016807436943,0.02945287525653839,0.028429239988327026,0.07641759514808655,0.051991481333971024,0.12333782762289047,0.13397923111915588,0.14410939812660217,0.14912420511245728,1.0,0.625,0.5,0.5555555820465088,0.0,0.375,1.0,1.0,1.0,1.0,0.8235294222831726,1.0,0.40963855385780334,8.0,117.06239318847656,138.85992431640625,-0.024390242993831635,-0.024390242993831635,0.5185185074806213,0.5185185074806213,0.0,0.0,66.37744140625,0.0,48.8626708984375,2.0,0.0
/Users/josephkamil/Desktop/Capstone/Oly_Data/segmented/split_jerk/split_jerk_from_cj_0014.mp4,split_jerk,split_jerk_from_cj_0014.mp4,0.13,split_jerk,,yes,,olympic,split_jerk_sha_9d8ea79894c41b53,train,9d8ea79894c41b53ad049e560705c3765be18bf11d958c6103b5e1dffa41843c,1.0,9d8ea79894c41b53ad049e560705c3765be18bf11d958c6103b5e1dffa41843c,95,95,1.0,95.0,0.9894737005233765,0.0,1.0,1.0,2.0,0.5106382966041565,0.6382978558540344,0.06986013054847717,0.0061396448872983456,0.040509700775146484,0.004516078624874353,173.05642700195312,174.5396728515625,173.98622131347656,173.66055297851562,161.9240264892578,165.42303466796875,159.33160400390625,162.7862091064453,175.36190795898438,175.75973510742188,165.44329833984375,166.3346405029297,165.75526428222656,165.42581176757812,159.084716796875,161.3831787109375,153.24180603027344,159.63485717773438,166.894775390625,166.30392456054688,46.87260437011719,47.726783752441406,44.59459686279297,43.2317008972168,44.82535171508789,57.4285774230957,160.16946411132812,175.4083709716797,177.34580993652344,177.01895141601562,0.5238637328147888,0.5677059888839722,0.5832629799842834,0.5622276067733765,0.5021672248840332,0.6768044233322144,0.608283281326294,2.2575528621673584,1.172853946685791,0.7195535898208618,0.232249915599823,0.22127974033355713,0.22147661447525024,0.22609694302082062,0.29827484488487244,0.25157663226127625,0.1559852957725525,0.147108256816864,0.08305622637271881,0.10813865810632706,0.24916717410087585,0.2458345890045166,0.2470409870147705,0.24772867560386658,0.3137025833129883,0.28443875908851624,0.35499057173728943,0.34687235951423645,0.28542447090148926,0.3052215278148651,0.5141187310218811,0.5124310851097107,0.5129287242889404,0.5129809379577637,0.564177393913269,0.5410196781158447,0.5869510173797607,0.5667372941970825,0.5248264670372009,0.5415304899215698,0.01745035871863365,0.02494770660996437,0.02603241801261902,0.02224149741232395,0.016164125874638557,0.03317316249012947,0.19900624454021454,0.19980448484420776,0.202398881316185,0.19709596037864685,1.0,1.0,1.0,1.0,1.0,0.8999999761581421,1.0,1.0,1.0,1.0,1.0,1.0,0.5263158082962036,2.0,171.3811492919922,163.6874237060547,-0.5106382966041565,-0.6382978558540344,0.5483871102333069,0.5483871102333069,0.0,0.0,23.930694580078125,0.0,19.813064575195312,0.0,0.0
/Users/josephkamil/Desktop/Capstone/Oly_Data/segmented/split_jerk/split_jerk_from_cj_0011.mp4,split_jerk,split_jerk_from_cj_0011.mp4,0.15,split_jerk,,yes,,olympic,split_jerk_sha_cd9d33ff0ef7d85e,train,cd9d33ff0ef7d85e9b8a3cc32001813c1454608a7b681e2ca2880b05c41ea72a,2.0,cd9d33ff0ef7d85e9b8a3cc32001813c1454608a7b681e2ca2880b05c41ea72a,125,120,0.96,120.0,0.8500000238418579,0.008403361774981022,1.0,0.9916666746139526,9.0,0.4957983195781708,0.0,0.22055402398109436,0.006194365676492453,0.12124887108802795,0.004860519431531429,175.26593017578125,178.72740173339844,178.2681427001953,156.39663696289062,143.02940368652344,110.5705795288086,146.3246612548828,157.36373901367188,175.26800537109375,177.0735321044922,156.0421142578125,171.6862030029297,169.8596954345703,157.00120544433594,145.90304565429688,103.05660247802734,133.6330108642578,149.20164489746094,171.25901794433594,173.10157775878906,59.2724609375,48.01462936401367,46.37128829956055,51.05506896972656,92.7226791381836,177.66868591308594,169.0881805419922,171.61390686035156,172.78416442871094,172.53941345214844,19.585844039916992,1.408210277557373,0.9016423225402832,1.68105947971344,1.093338131904602,3.418060064315796,7.69989013671875,7.862874507904053,5.051578521728516,4.851474285125732,0.4333498477935791,0.42203351855278015,0.4225821793079376,0.46619829535484314,0.4002512991428375,0.3450937271118164,0.30040618777275085,0.2500043213367462,0.21609701216220856,0.20791691541671753,0.43283018469810486,0.4243565499782562,0.4247579872608185,0.4629065692424774,0.4590928852558136,0.5256149768829346,0.4759734570980072,0.43008971214294434,0.39179763197898865,0.38754168152809143,0.5916337966918945,0.6133439540863037,0.6146635413169861,0.6562119126319885,0.6608172655105591,0.7339475154876709,0.6864686608314514,0.6455504298210144,0.6110333204269409,0.6031556129455566,0.020407984033226967,0.022172607481479645,0.021958738565444946,0.02223292924463749,0.07594379037618637,0.18084262311458588,0.17570894956588745,0.18020766973495483,0.1757996678352356,0.1798296421766281,0.9166666865348816,1.0,0.75,0.1666666716337204,0.6666666865348816,1.0,1.0,1.0,1.0,1.0,0.9583333134651184,1.0,0.5583333373069763,5.0,143.1454315185547,132.49581909179688,-0.48739495873451233,0.008403361774981022,0.0,0.41525423526763916,-0.41525423526763916,35.595733642578125,75.01903533935547,111.02642822265625,79.58134460449219,3.0,4.0
/Users/josephkamil/Desktop/Capstone/Oly_Data/segmented/split_jerk/split_jerk_from_cj_0033.mp4,split_jerk,split_jerk_from_cj_0033.mp4,0.15,split_jerk,,yes,,olympic,split_jerk_sha_c35373432483f138,train,c35373432483f13884f7f58723983b086d9309f2dd2da0e5cf4c60542842bdee,1.0,c35373432483f13884f7f58723983b086d9309f2dd2da0e5cf4c60542842bdee,125,124,0.992,124.0,0.9354838728904724,0.0,1.0,1.0,2.0,0.7886179089546204,0.6178861856460571,0.5709073543548584,0.017549609765410423,0.97930908203125,0.01626817137002945,179.73133850097656,178.84283447265625,179.1245880126953,178.28379821777344,176.32395935058594,172.5209197998047,172.10650634765625,129.14305114746094,151.3980712890625,175.8649139404297,174.4019775390625,173.9794921875,173.85491943359375,173.96043395996094,175.72390747070312,147.22789001464844,7.450687885284424,8.067008972167969,140.3169403076172,174.09652709960938,21.646146774291992,20.726327896118164,20.964773178100586,21.704988479614258,21.079509735107422,27.987091064453125,172.81922912597656,171.02847290039062,165.7969970703125,170.69297790527344,0.4255666732788086,0.7152003645896912,0.9178330898284912,1.0240933895111084,0.829034686088562,0.6304501891136169,1.2391180992126465,1.99594247341156,2.677988290786743,1.440557599067688,0.581569492816925,0.5871555805206299,0.5897661447525024,0.5790565013885498,0.5769784450531006,0.8305143713951111,0.6547520756721497,0.5970932245254517,0.2828320860862732,0.1814524531364441,0.6075735688209534,0.6111719012260437,0.6117754578590393,0.6129868030548096,0.614780068397522,0.8139889240264893,1.0383305549621582,1.0081053972244263,0.4924209415912628,0.3916197121143341,1.2535055875778198,1.266888976097107,1.2708401679992676,1.2728689908981323,1.2786006927490234,1.4602538347244263,1.6049543619155884,1.5572720766067505,0.7607049942016602,0.5979235172271729,0.026484766975045204,0.024424755945801735,0.022109998390078545,0.03397679701447487,0.03796619549393654,0.12633462250232697,0.3850044310092926,0.4122779965400696,0.21114981174468994,0.21020862460136414,1.0,1.0,1.0,1.0,1.0,0.3333333432674408,1.0,1.0,1.0,1.0,1.0,1.0,0.5161290168762207,2.0,179.6524200439453,174.5298309326172,-0.7886179089546204,-0.6178861856460571,0.8196721076965332,0.8196721076965332,0.0,0.0,172.9598846435547,0.0,177.06898498535156,1.0,2.0
/Users/josephkamil/Desktop/Capstone/Oly_Data/segmented/split_jerk/split_jerk_from_cj_0154.mp4,split_jerk,split_jerk_from_cj_0154.mp4,0.1,split_jerk,,yes,,olympic,split_jerk_sha_f8054dcbf5c021f4,dev,f8054dcbf5c021f4ca6db496417543719b1fd6a873d4fe2eaad54d11ec2de8f5,1.0,f8054dcbf5c021f4ca6db496417543719b1fd6a873d4fe2eaad54d11ec2de8f5,91,91,1.0,91.0,0.4285714328289032,0.5777778029441833,1.0,0.4285714328289032,1.0,0.6333333253860474,0.03333333507180214,0.1020318865776062,0.008374279364943504,0.014560461044311523,0.002338641555979848,177.73995971679688,177.26727294921875,174.96676635742188,170.08680725097656,152.97889709472656,167.7049560546875,146.6623992919922,144.3811798095703,172.18434143066406,178.01040649414062,167.93785095214844,164.73512268066406,166.95523071289062,168.2012939453125,178.15374755859375,170.73138427734375,165.54949951171875,168.7976837158203,167.6439208984375,165.50389099121094,58.899658203125,177.60153198242188,153.40147399902344,27.76902961730957,120.94424438476562,132.49009704589844,147.2478485107422,151.1597137451172,157.80010986328125,166.26512145996094,3.41757869720459,3.4563188552856445,3.9946131706237793,4.889588832855225,7.389827251434326,4.58746337890625,7.882879257202148,6.6558051109313965,4.217489719390869,2.687039613723755,0.37085041403770447,0.42061883211135864,0.39779889583587646,0.34844350814819336,0.41712430119514465,0.3870965242385864,0.22116181254386902,0.18681372702121735,0.15730181336402893,0.1581977754831314,0.33020222187042236,0.3236726224422455,0.32033729553222656,0.32643240690231323,0.3457212448120117,0.31413736939430237,0.317523717880249,0.29821062088012695,0.28158068656921387,0.2963941991329193,0.47093746066093445,0.4641256332397461,0.4594329595565796,0.4698622524738312,0.4847612977027893,0.4577893018722534,0.4633127450942993,0.44924089312553406,0.4417631924152374,0.45074933767318726,0.04443545639514923,0.09729015827178955,0.07996788620948792,0.03420338034629822,0.0777076780796051,0.09211718291044235,0.09655339270830154,0.11147233843803406,0.12429630756378174,0.13822069764137268,0.0,0.0,0.0,0.0,0.0,0.2222222238779068,1.0,1.0,1.0,1.0,0.0,1.0,0.4285714328289032,1.0,158.42835998535156,168.669189453125,-0.0555555559694767,0.5444444417953491,0.5730336904525757,0.5393258333206177,0.033707864582538605,32.7073974609375,43.36871337890625,17.921340942382812,16.178665161132812,3.0,0.0
/Users/josephkamil/Desktop/Capstone/Oly_Data/segmented/split_jerk/split_jerk_from_cj_0058.mp4,split_jerk,split_jerk_from_cj_0058.mp4,0.06,split_jerk,,yes,,olympic,split_jerk_sha_8d1e1ab6dacd7e71,test,8d1e1ab6dacd7e71eb028f91c7f42868463e9b02bfab1ebe25e8e8760aff1cf2,2.0,8d1e1ab6dacd7e71eb028f91c7f42868463e9b02bfab1ebe25e8e8760aff1cf2,111,111,1.0,111.0,0.9279279112815857,0.036363635212183,1.0,0.9639639854431152,5.0,0.5,0.5,0.04757174849510193,0.00517017999663949,0.02258288860321045,0.002272354904562235,178.14901733398438,176.72775268554688,177.00924682617188,178.86004638671875,161.90232849121094,152.607421875,154.3189697265625,160.8774871826172,173.98924255371094,178.77198791503906,174.1649169921875,174.11204528808594,174.11656188964844,173.49774169921875,163.5242462158203,161.57815551757812,177.25416564941406,176.64202880859375,169.61456298828125,175.0753936767578,98.60082244873047,78.34659576416016,98.79391479492188,107.39427947998047,98.75210571289062,63.1499137878418,161.568603515625,166.53334045410156,108.44624328613281,163.37704467773438,0.8618784546852112,2.023085832595825,1.3200621604919434,0.9902520775794983,1.1788244247436523,1.216646671295166,1.4583755731582642,4.183027267456055,2.419318199157715,1.4426774978637695,0.4234558939933777,0.4204566180706024,0.4242912530899048,0.4226323366165161,0.43137723207473755,0.44226425886154175,0.37534648180007935,0.3432624042034149,0.34024664759635925,0.31070059537887573,0.4275874197483063,0.4303460419178009,0.42827320098876953,0.42785871028900146,0.43970176577568054,0.449644535779953,0.46760642528533936,0.4418254792690277,0.414101243019104,0.4166395664215088,0.5533074140548706,0.5544939637184143,0.5509555339813232,0.5495252013206482,0.5661661624908447,0.5743066668510437,0.5997848510742188,0.5757291316986084,0.5517045259475708,0.5491327047348022,0.03861696273088455,0.022779768332839012,0.029541881754994392,0.030715322121977806,0.027718042954802513,0.03139403089880943,0.09296832233667374,0.09887435287237167,0.07434740662574768,0.1064332127571106,0.6363636255264282,1.0,1.0,1.0,0.9090909361839294,0.7272727489471436,1.0,1.0,1.0,1.0,0.8181818127632141,1.0,0.44144144654273987,3.0,178.60765075683594,174.95602416992188,-0.4636363685131073,-0.4636363685131073,0.5963302850723267,0.5412843823432922,0.055045872926712036,1.6136474609375,51.06294250488281,3.618499755859375,37.16316223144531,1.0,1.0
/Users/josephkamil/Desktop/Capstone/Oly_Data/segmented/split_jerk/split_jerk_from_cj_0106.mp4,split_jerk,split_jerk_from_cj_0106.mp4,0.13,split_jerk,,yes,,olympic,split_jerk_sha_8256647a6185a3aa,train,8256647a6185a3aad863e8c85f4b53b3c3114a6740fb527bb86d9e70534a9446,1.0,8256647a6185a3aad863e8c85f4b53b3c3114a6740fb527bb86d9e70534a9446,114,114,1.0,114.0,1.0,0.0,1.0,1.0,0.0,0.5398229956626892,0.5398229956626892,0.03690516948699951,0.0032056940253823996,0.05909377336502075,0.0036835523787885904,177.57908630371094,178.1460723876953,178.00689697265625,162.95660400390625,166.6229248046875,155.83163452148438,169.94361877441406,175.81712341308594,173.92393493652344,175.98236083984375,168.43994140625,168.78477478027344,169.022216796875,161.65171813964844,161.451171875,148.4040985107422,162.39491271972656,169.330810546875,167.22702026367188,167.5282745361328,40.278987884521484,40.72262191772461,39.271392822265625,38.55652618408203,89.75301361083984,177.2548065185547,178.83441162109375,178.49139404296875,176.53794860839844,177.90907287597656,0.2479216456413269,0.17673012614250183,0.1854042410850525,0.308612585067749,1.2098535299301147,1.2964630126953125,1.7198973894119263,0.6441295742988586,0.3275161683559418,0.3225296139717102,0.2807045578956604,0.2784445285797119,0.2781621515750885,0.32516205310821533,0.24445952475070953,0.22015929222106934,0.17924366891384125,0.15004636347293854,0.15994834899902344,0.16239076852798462,0.2988440692424774,0.2981249690055847,0.2982044517993927,0.34087246656417847,0.34064364433288574,0.42172667384147644,0.3655962646007538,0.3436034619808197,0.3456277549266815,0.34843161702156067,0.532717764377594,0.5343587398529053,0.5342645645141602,0.576574981212616,0.5798649191856384,0.6455132365226746,0.5929481983184814,0.5701894760131836,0.5726509690284729,0.5769069790840149,0.01825445145368576,0.019966356456279755,0.020461570471525192,0.016193505376577377,0.0962115228176117,0.20166902244091034,0.1864481121301651,0.19360743463039398,0.18568290770053864,0.18604622781276703,1.0,1.0,1.0,1.0,1.0,1.0,1.0,1.0,1.0,1.0,1.0,1.0,1.0,1.0,175.23370361328125,166.9775390625,-0.5398229956626892,-0.5398229956626892,0.4196428656578064,0.4196428656578064,0.0,0.0,31.459396362304688,0.0,32.372406005859375,0.0,1.0
/Users/josephkamil/Desktop/Capstone/Oly_Data/segmented/split_jerk/split_jerk_from_cj_0080.mp4,split_jerk,split_jerk_from_cj_0080.mp4,0.16,split_jerk,,yes,,olympic,split_jerk_sha_6638462a35eb5ebb,train,6638462a35eb5ebbe2b6b73c20a364885d2b64093cf9b53deaa2eace89c77d48,1.0,6638462a35eb5ebbe2b6b73c20a364885d2b64093cf9b53deaa2eace89c77d48,125,125,1.0,125.0,0.7839999794960022,0.20967741310596466,1.0,0.7919999957084656,3.0,0.33870968222618103,0.19354838132858276,0.07214540243148804,0.009185449220240116,0.0433880090713501,0.002441209740936756,173.1038055419922,167.83432006835938,169.62318420410156,137.5113983154297,142.9713134765625,146.31739807128906,155.20904541015625,164.65301513671875,172.41314697265625,172.90771484375,175.6641845703125,173.80624389648438,173.17393493652344,171.81520080566406,177.7608184814453,175.91940307617188,174.7413330078125,175.1598358154297,177.8662567138672,176.7029571533203,62.51805114746094,56.983009338378906,76.38677215576172,165.07789611816406,154.47877502441406,158.85934448242188,154.14491271972656,159.7833709716797,169.89727783203125,132.07937622070312,0.5889372229576111,2.230280876159668,1.0353854894638062,2.50799298286438,3.36293888092041,4.569812774658203,3.411818742752075,0.7532201409339905,0.9252963662147522,0.7603131532669067,0.358072966337204,0.40249618887901306,0.34334811568260193,0.2892380356788635,0.24991142749786377,0.260878324508667,0.29258817434310913,0.25642937421798706,0.2508488595485687,0.26446592807769775,0.34731054306030273,0.37861940264701843,0.3851368725299835,0.4166710674762726,0.3937549591064453,0.39195436239242554,0.38685497641563416,0.3663526773452759,0.35937342047691345,0.3355441391468048,0.513233482837677,0.539837121963501,0.5487019419670105,0.5937563180923462,0.5770192742347717,0.5719696283340454,0.5619489550590515,0.5414844751358032,0.5324097275733948,0.5258060693740845,0.03553079441189766,0.03645037114620209,0.05331174656748772,0.12985819578170776,0.1440015584230423,0.13285452127456665,0.09897983074188232,0.11082709580659866,0.1089610755443573,0.07205206900835037,0.0,0.0,0.8333333134651184,1.0,1.0,1.0,1.0,1.0,1.0,1.0,0.0,1.0,0.7760000228881836,2.0,162.30776977539062,170.48049926757812,-0.12903225421905518,0.016129031777381897,0.2195121943950653,0.2195121943950653,0.0,26.85235595703125,61.335777282714844,16.864501953125,13.23956298828125,3.0,0.0
/Users/josephkamil/Desktop/Capstone/Oly_Data/segmented/split_jerk/split_jerk_from_cj_0062.mp4,split_jerk,split_jerk_from_cj_0062.mp4,0.06,split_jerk,,yes,,olympic,split_jerk_sha_7f1fe305b497b842,test,7f1fe305b497b842dbe36e3de1c979056f8be97fd8cd3e7080b73f62d0e2267a,1.0,7f1fe305b497b842dbe36e3de1c979056f8be97fd8cd3e7080b73f62d0e2267a,79,79,1.0,79.0,0.6329113841056824,0.06410256773233414,1.0,0.9367088675498962,11.0,0.6282051205635071,0.5769230723381042,0.05058497190475464,0.0070813726633787155,0.020264387130737305,0.003086414188146591,174.59153747558594,175.8136444091797,176.10897827148438,177.99449157714844,176.9676513671875,175.75723266601562,164.8757781982422,174.25428771972656,170.97267150878906,173.0160675048828,172.54019165039062,173.34486389160156,173.67361450195312,172.92221069335938,172.23333740234375,170.977294921875,168.68516540527344,172.90060424804688,177.79441833496094,174.67747497558594,24.72075843811035,59.73462677001953,54.30165481567383,18.332483291625977,19.20860481262207,48.286956787109375,167.94808959960938,150.86398315429688,135.42306518554688,158.47682189941406,1.0346266031265259,0.3171622157096863,0.46617767214775085,0.772705078125,1.977899193763733,1.5352683067321777,0.7778645753860474,1.4418654441833496,1.0559039115905762,1.21442449092865,0.347791463136673,0.34336671233177185,0.3503432869911194,0.38594937324523926,0.39959633350372314,0.3006892204284668,0.23547552525997162,0.22863338887691498,0.23780745267868042,0.24973782896995544,0.33964699506759644,0.3377746343612671,0.3392494022846222,0.3738558292388916,0.40277010202407837,0.33117640018463135,0.361769437789917,0.34879982471466064,0.32560300827026367,0.32815295457839966,0.5117332935333252,0.5137828588485718,0.5131097435951233,0.5307779908180237,0.554702639579773,0.5053318738937378,0.5390762090682983,0.5288270115852356,0.5033257007598877,0.5055854916572571,0.013304457999765873,0.024514535441994667,0.018811805173754692,0.018529366701841354,0.016853919252753258,0.0347878634929657,0.1268530786037445,0.12185697257518768,0.09225278347730637,0.08376366645097733,0.2857142984867096,0.25,0.0,0.25,0.625,0.875,1.0,1.0,1.0,1.0,0.25,1.0,0.4810126721858978,6.0,175.5086669921875,172.3317413330078,-0.5641025900840759,-0.5128205418586731,0.5974025726318359,0.4935064911842346,0.10389610379934311,2.743194580078125,16.228805541992188,1.149017333984375,15.44122314453125,0.0,0.0
/Users/josephkamil/Desktop/Capstone/Oly_Data/segmented/split_jerk/split_jerk_from_cj_0117.mp4,split_jerk,split_jerk_from_cj_0117.mp4,0.18,split_jerk,,yes,,olympic,split_jerk_sha_c1c8988304f5e044,train,c1c8988304f5e044857f3da8497bd12ff98d73d91358ad9b38555880f1b697ed,1.0,c1c8988304f5e044857f3da8497bd12ff98d73d91358ad9b38555880f1b697ed,125,121,0.968,121.0,0.9752066135406494,0.0,1.0,1.0,2.0,0.7749999761581421,0.3583333194255829,0.0714978575706482,0.005972039420157671,0.061203598976135254,0.005718146916478872,175.65806579589844,176.47125244140625,178.66737365722656,151.8981475830078,150.73194885253906,135.7694549560547,138.62474060058594,121.7553939819336,116.5876235961914,133.44992065429688,177.1761016845703,179.32286071777344,178.3826904296875,163.6241912841797,165.63209533691406,169.03524780273438,170.75865173339844,171.2081298828125,170.4894561767578,171.90512084960938,56.901092529296875,39.5919303894043,41.65974807739258,42.50396728515625,102.40865325927734,163.34043884277344,156.16519165039062,159.2132110595703,164.9617156982422,161.05307006835938,1.0995689630508423,2.1721811294555664,2.199486494064331,1.0164552927017212,2.864513397216797,3.15128493309021,4.856225490570068,1.7241131067276,2.2638494968414307,1.3157827854156494,0.29862359166145325,0.3090610206127167,0.3351221978664398,0.3642213046550751,0.30983540415763855,0.24484789371490479,0.21579258143901825,0.1994955688714981,0.19206558167934418,0.18336588144302368,0.306567519903183,0.32377469539642334,0.3439479172229767,0.39418908953666687,0.4114707410335541,0.46266424655914307,0.42751118540763855,0.4042517840862274,0.4099535644054413,0.39862263202667236,0.5299705266952515,0.5445271134376526,0.560441792011261,0.6148137450218201,0.6584530472755432,0.7056034207344055,0.6817941069602966,0.6662795543670654,0.6713893413543701,0.6601765155792236,0.019134165719151497,0.025391794741153717,0.01943487860262394,0.03253627195954323,0.1273362934589386,0.2206389307975769,0.21403630077838898,0.20649035274982452,0.2187582403421402,0.21648778021335602,1.0,1.0,1.0,1.0,0.75,1.0,1.0,1.0,1.0,1.0,1.0,1.0,0.5702479481697083,2.0,179.44485473632812,177.00888061523438,-0.7749999761581421,-0.3583333194255829,0.7058823704719543,0.40336135029792786,0.3025210201740265,0.0,118.98455810546875,0.0,25.685272216796875,5.0,0.0
/Users/josephkamil/Desktop/Capstone/Oly_Data/segmented/split_jerk/split_jerk_from_cj_0004.mp4,split_jerk,split_jerk_from_cj_0004.mp4,0.12,split_jerk,,yes,,olympic,split_jerk_sha_fe6fbb48dfb89596,dev,fe6fbb48dfb895960defa6cdb73d188540de8200e8c4351a7b59e66623feffb6,1.0,fe6fbb48dfb895960defa6cdb73d188540de8200e8c4351a7b59e66623feffb6,116,116,1.0,116.0,0.06896551698446274,0.886956512928009,1.0,0.12068965286016464,3.0,0.947826087474823,0.991304337978363,0.04083985090255737,0.0019964813254773617,0.022792339324951172,0.0013615763746201992,176.55812072753906,178.57545471191406,179.00144958496094,177.4102325439453,176.7865447998047,176.34982299804688,176.3954315185547,175.66098022460938,170.2769317626953,172.39453125,164.34536743164062,163.76011657714844,166.66770935058594,165.01913452148438,166.1128387451172,166.1810302734375,166.2899627685547,165.29507446289062,163.18307495117188,160.7549285888672,30.296039581298828,27.640531539916992,26.290132522583008,30.126686096191406,31.756006240844727,32.136024475097656,34.27546310424805,33.48625183105469,33.900508880615234,51.602264404296875,2.3917105197906494,2.275289297103882,2.674616575241089,2.0040035247802734,2.24250864982605,2.0225648880004883,2.099336862564087,1.9181339740753174,2.590787887573242,2.22145414352417,0.42064303159713745,0.4160384237766266,0.4157731831073761,0.42100989818573,0.42190754413604736,0.42240315675735474,0.423844575881958,0.42007720470428467,0.43518611788749695,0.3994823396205902,0.41608861088752747,0.4132779538631439,0.4111814796924591,0.4147157669067383,0.4165193736553192,0.41462624073028564,0.4156592786312103,0.4147687256336212,0.4328031837940216,0.4277794659137726,0.5888914465904236,0.5857120156288147,0.5815436840057373,0.5845789313316345,0.5856731534004211,0.5821990966796875,0.5844895839691162,0.5851545333862305,0.6003443598747253,0.5995329022407532,0.006190954241901636,0.005213881377130747,0.0050191995687782764,0.006646175403147936,0.005711744073778391,0.008298640139400959,0.008429080247879028,0.006117956712841988,0.004633572418242693,0.04495576024055481,0.0,0.0,0.0,0.0,0.0,0.0,0.0,0.0,0.1666666716337204,0.5,0.0,0.3478260934352875,0.043103449046611786,2.0,165.02720642089844,161.15748596191406,-0.06086956337094307,-0.104347825050354,0.9736841917037964,0.9298245906829834,0.04385964944958687,14.366943359375,15.182861328125,5.957550048828125,25.656539916992188,0.0,0.0
/Users/josephkamil/Desktop/Capstone/Oly_Data/segmented/split_jerk/split_jerk_from_cj_0125.mp4,split_jerk,split_jerk_from_cj_0125.mp4,0.13,split_jerk,,yes,,olympic,split_jerk_sha_c18d079899463e8b,dev,c18d079899463e8bc69bd24e4a73307b4f25e63693906daf0733d0ef030ba07e,2.0,c18d079899463e8bc69bd24e4a73307b4f25e63693906daf0733d0ef030ba07e,125,125,1.0,125.0,0.9599999785423279,0.0,1.0,1.0,4.0,0.42741936445236206,0.42741936445236206,0.040024638175964355,0.0033037166576832533,0.058914244174957275,0.0030581161845475435,177.6324920654297,176.18812561035156,177.64576721191406,174.4950408935547,161.39344787597656,161.78903198242188,167.6414031982422,171.13723754882812,174.5144805908203,176.55032348632812,167.3169708251953,166.021728515625,166.50401306152344,163.57569885253906,155.11024475097656,154.24180603027344,153.32427978515625,159.10447692871094,167.19862365722656,168.87753295898438,33.58584213256836,31.42995262145996,40.241851806640625,45.141700744628906,27.35969352722168,159.83541870117188,176.6244659423828,173.81015014648438,173.7599334716797,177.98680114746094,0.5488966107368469,0.26173388957977295,0.5382826924324036,1.2184635400772095,1.53902006149292,0.9943342804908752,1.874984860420227,2.719822883605957,2.573026418685913,1.7098000049591064,0.4507300853729248,0.4462488889694214,0.43530333042144775,0.4345920979976654,0.46586695313453674,0.35924941301345825,0.35170093178749084,0.305422306060791,0.2805415689945221,0.27042844891548157,0.46219661831855774,0.4550663232803345,0.44428130984306335,0.4432646930217743,0.47443723678588867,0.5160357356071472,0.5159115195274353,0.46191927790641785,0.4375201165676117,0.4311031103134155,0.6635103225708008,0.6585099101066589,0.6512986421585083,0.6455523371696472,0.6622897982597351,0.7251309752464294,0.7268452644348145,0.6655694246292114,0.6512274146080017,0.6519638895988464,0.013148970901966095,0.010497047565877438,0.009473185986280441,0.008795903995633125,0.012083088047802448,0.15691924095153809,0.1645643562078476,0.15662430226802826,0.15731868147850037,0.16068550944328308,1.0,1.0,1.0,1.0,0.5833333134651184,1.0,1.0,1.0,1.0,1.0,1.0,1.0,0.5440000295639038,3.0,178.3605194091797,168.35482788085938,-0.42741936445236206,-0.42741936445236206,0.45528456568717957,0.45528456568717957,0.0,0.0,28.305206298828125,0.0,20.400390625,0.0,0.0
/Users/josephkamil/Desktop/Capstone/Oly_Data/segmented/split_jerk/split_jerk_from_cj_0047.mp4,split_jerk,split_jerk_from_cj_0047.mp4,0.07,split_jerk,,yes,,olympic,split_jerk_sha_5b72e8ca86135b90,test,5b72e8ca86135b90286a9953697be104e187a5770ab245705538b0507326141a,1.0,5b72e8ca86135b90286a9953697be104e187a5770ab245705538b0507326141a,96,93,0.96875,93.0,0.3870967626571655,0.5869565010070801,1.0,0.4193548262119293,3.0,0.6195651888847351,0.782608687877655,0.13449230790138245,0.009234186261892319,0.029629111289978027,0.002573747420683503,175.48748779296875,176.3450469970703,177.14089965820312,175.9953155517578,159.1876678466797,165.66864013671875,123.08110046386719,127.6463623046875,160.9524383544922,177.1570587158203,176.45655822753906,176.0704345703125,178.90557861328125,177.9088592529297,164.05633544921875,171.96397399902344,171.99386596679688,169.3427276611328,169.48980712890625,174.9495391845703,143.83287048339844,150.50083923339844,151.61349487304688,153.0670623779297,152.04019165039062,104.2442626953125,157.13232421875,164.0247344970703,135.5379180908203,147.27304077148438,4.308928489685059,0.4720071256160736,1.202187418937683,0.7823684811592102,1.3255491256713867,0.9405326843261719,5.463128089904785,8.326908111572266,9.247314453125,3.542914867401123,0.43686288595199585,0.44063079357147217,0.4421830177307129,0.44406551122665405,0.4549075663089752,0.4493632912635803,0.43436378240585327,0.37630513310432434,0.3588555157184601,0.34927719831466675,0.4288266897201538,0.42763444781303406,0.42822545766830444,0.43027621507644653,0.44730260968208313,0.4404689073562622,0.49108004570007324,0.46994033455848694,0.4440081715583801,0.42907029390335083,0.557260274887085,0.5589921474456787,0.5588959455490112,0.5600757002830505,0.5763576626777649,0.5671424269676208,0.617584228515625,0.6030597686767578,0.5695370435714722,0.5608262419700623,0.0685168206691742,0.07345578074455261,0.08236640691757202,0.07965682446956635,0.0783286839723587,0.05750398337841034,0.07756520062685013,0.0960865318775177,0.08566585928201675,0.0823894590139389,0.0,0.0,0.0,0.0,0.0,0.1111111119389534,0.699999988079071,1.0,1.0,1.0,0.0,1.0,0.37634408473968506,2.0,157.06588745117188,178.93292236328125,-0.032608695328235626,-0.19565217196941376,0.6263736486434937,0.5274725556373596,0.09890110045671463,34.63905334472656,73.7861099243164,24.033981323242188,25.845321655273438,3.0,0.0
/Users/josephkamil/Desktop/Capstone/Oly_Data/segmented/split_jerk/split_jerk_from_cj_0071.mp4,split_jerk,split_jerk_from_cj_0071.mp4,0.12,split_jerk,,yes,,olympic,split_jerk_sha_9cf6ddca08d1ea8a,train,9cf6ddca08d1ea8abfe489ab9f861237f1ffa8470ceda99f6f487bef53b52792,1.0,9cf6ddca08d1ea8abfe489ab9f861237f1ffa8470ceda99f6f487bef53b52792,104,104,1.0,104.0,1.0,0.0,1.0,1.0,0.0,0.34951457381248474,0.3980582654476166,0.05482751131057739,0.0035556054208427668,0.03579515218734741,0.0023217543493956327,179.1519012451172,178.676025390625,173.6926727294922,162.50689697265625,174.508544921875,177.30276489257812,177.8092498779297,175.3296661376953,172.72923278808594,177.72886657714844,169.14273071289062,168.56793212890625,166.8620147705078,160.9942169189453,171.81495666503906,173.53616333007812,175.2889862060547,169.12335205078125,165.3309326171875,169.14405822753906,51.62242889404297,48.079368591308594,57.307090759277344,55.0566291809082,141.31866455078125,175.85255432128906,175.19949340820312,178.30450439453125,170.28402709960938,170.36070251464844,1.3450504541397095,1.8089666366577148,2.5292317867279053,2.2806601524353027,2.766636371612549,2.3830137252807617,2.9496400356292725,1.616065263748169,2.0861315727233887,2.6419992446899414,0.36127665638923645,0.36083635687828064,0.360689252614975,0.4094507098197937,0.2860383987426758,0.25864747166633606,0.23283270001411438,0.22574467957019806,0.20958590507507324,0.19758272171020508,0.40073972940444946,0.39545172452926636,0.3926655054092407,0.43676748871803284,0.42602407932281494,0.43178707361221313,0.4044720232486725,0.393995076417923,0.3798602223396301,0.3654380738735199,0.6010373830795288,0.5992264747619629,0.5982311367988586,0.6343209743499756,0.6253536939620972,0.6384252309799194,0.6160150766372681,0.6080823540687561,0.6052852272987366,0.599650502204895,0.039718203246593475,0.03491799160838127,0.03221314772963524,0.027772679924964905,0.14001713693141937,0.17319126427173615,0.17166975140571594,0.16826382279396057,0.17030782997608185,0.1681331992149353,1.0,1.0,1.0,1.0,1.0,1.0,1.0,1.0,1.0,1.0,1.0,1.0,1.0,1.0,179.33311462402344,169.28912353515625,-0.34951457381248474,-0.3980582654476166,0.38235294818878174,0.38235294818878174,0.0,0.0,20.021392822265625,0.0,19.950057983398438,0.0,0.0
/Users/josephkamil/Desktop/Capstone/Oly_Data/segmented/split_jerk/split_jerk_from_cj_0028.mp4,split_jerk,split_jerk_from_cj_0028.mp4,0.13,split_jerk,,yes,,olympic,split_jerk_sha_ef998bd10ee9ae79,train,ef998bd10ee9ae79c20ddb952abb56f68df799ea61d70314a24d538b4c3f6f81,1.0,ef998bd10ee9ae79c20ddb952abb56f68df799ea61d70314a24d538b4c3f6f81,125,125,1.0,125.0,1.0,0.0,1.0,1.0,0.0,0.5403226017951965,0.5403226017951965,0.03209066390991211,0.003033484797924757,0.026857078075408936,0.0021059224382042885,173.8003387451172,173.89889526367188,173.4818572998047,173.1179962158203,172.66204833984375,166.49319458007812,175.13330078125,177.08871459960938,176.39141845703125,174.053955078125,165.08447265625,163.60374450683594,163.91114807128906,164.177734375,164.50730895996094,160.15615844726562,165.7493438720703,163.98146057128906,169.7703094482422,171.85411071777344,39.25996780395508,39.274925231933594,39.415428161621094,36.915992736816406,37.479122161865234,38.95055389404297,153.74598693847656,170.45907592773438,168.0691375732422,170.27468872070312,0.8418028950691223,1.2511744499206543,0.9021635055541992,1.0137486457824707,0.6990671753883362,0.5413488745689392,1.3099846839904785,1.1687722206115723,1.5201621055603027,0.9650960564613342,0.21392257511615753,0.21566446125507355,0.2152923196554184,0.21420735120773315,0.2155606895685196,0.2556038498878479,0.16687864065170288,0.21991237998008728,0.1821299046278,0.17808829247951508,0.24047549068927765,0.2420446127653122,0.2426394671201706,0.24340727925300598,0.24511605501174927,0.2828446626663208,0.33317726850509644,0.38023388385772705,0.3446390926837921,0.3427221477031708,0.49740830063819885,0.501308798789978,0.5035670399665833,0.5054057836532593,0.5068171620368958,0.5317732691764832,0.5552471280097961,0.5751031041145325,0.555713951587677,0.5555922985076904,0.028080441057682037,0.027042634785175323,0.028467224910855293,0.03105217032134533,0.03116684965789318,0.028863759711384773,0.1663283258676529,0.16037112474441528,0.16266287863254547,0.16468602418899536,1.0,1.0,1.0,1.0,1.0,1.0,1.0,1.0,1.0,1.0,1.0,1.0,1.0,1.0,173.4236297607422,166.00650024414062,-0.5403226017951965,-0.5403226017951965,0.577235758304596,0.5691056847572327,0.008130080997943878,0.0,16.024154663085938,0.0,15.241073608398438,0.0,0.0
/Users/josephkamil/Desktop/Capstone/Oly_Data/segmented/split_jerk/split_jerk_from_cj_0141.mp4,split_jerk,split_jerk_from_cj_0141.mp4,0.06,split_jerk,,yes,,olympic,split_jerk_sha_bb16615e1636d24c,test,bb16615e1636d24c6399f1a1644b0fefe005d4f4dbf980596d44cb9a6c881ef0,1.0,bb16615e1636d24c6399f1a1644b0fefe005d4f4dbf980596d44cb9a6c881ef0,125,124,0.992,124.0,0.8548387289047241,0.008130080997943878,1.0,0.9919354915618896,15.0,0.7967479825019836,0.03252032399177551,0.02909564971923828,0.004939182661473751,0.019539058208465576,0.002042828593403101,178.39190673828125,178.9753875732422,177.3087615966797,178.33177185058594,177.46038818359375,176.96754455566406,176.52952575683594,175.78880310058594,175.28662109375,176.17356872558594,172.0707244873047,174.70521545410156,174.0303497314453,173.03504943847656,173.36538696289062,173.42845153808594,173.54981994628906,174.07850646972656,173.54058837890625,176.48077392578125,12.771662712097168,22.246000289916992,29.60175323486328,21.74131202697754,17.998966217041016,10.891705513000488,12.386466026306152,11.396819114685059,125.01801300048828,158.9170684814453,1.2357183694839478,3.534928560256958,1.6622445583343506,1.559019684791565,1.82967209815979,1.9721719026565552,1.886010766029358,2.3631670475006104,3.984419107437134,2.2200088500976562,0.33521783351898193,0.33979037404060364,0.3473556935787201,0.34480568766593933,0.3436492383480072,0.3455762565135956,0.35854294896125793,0.3542783558368683,0.24647919833660126,0.2156364619731903,0.3406822383403778,0.35550108551979065,0.354617178440094,0.3546895980834961,0.35446056723594666,0.35446441173553467,0.3637634515762329,0.3728893995285034,0.3437674343585968,0.3311414122581482,0.5146386027336121,0.5263497233390808,0.5256361365318298,0.5262619853019714,0.5284707546234131,0.5261128544807434,0.5322611927986145,0.5369153022766113,0.5144408345222473,0.5102852582931519,0.010765568353235722,0.01918039657175541,0.009086648933589458,0.011811289936304092,0.01121628936380148,0.009110999293625355,0.010111922398209572,0.020636728033423424,0.09774327278137207,0.11608581990003586,0.5833333134651184,0.8333333134651184,0.8461538553237915,0.8333333134651184,1.0,1.0,0.5833333134651184,0.8461538553237915,1.0,1.0,0.6800000071525574,1.0,0.2822580635547638,8.0,176.8185272216797,171.6621856689453,-0.7886179089546204,-0.024390242993831635,0.7704917788505554,0.7786885499954224,-0.008196720853447914,0.770172119140625,9.397705078125,0.4812469482421875,8.5511474609375,0.0,0.0
/Users/josephkamil/Desktop/Capstone/Oly_Data/segmented/split_jerk/split_jerk_from_cj_0084.mp4,split_jerk,split_jerk_from_cj_0084.mp4,0.04,split_jerk,,yes,,olympic,split_jerk_sha_6410249f15f69f15,train,6410249f15f69f15ea87ee0c726164e1f174e47d53bb945deb005cc1ed1f1aeb,1.0,6410249f15f69f15ea87ee0c726164e1f174e47d53bb945deb005cc1ed1f1aeb,69,69,1.0,69.0,0.6231883764266968,0.07352941483259201,1.0,0.9275362491607666,9.0,0.0,0.0,0.17124924063682556,0.024137107655405998,0.038610637187957764,0.0063272882252931595,117.00077056884766,150.5902557373047,176.8103790283203,178.35044860839844,143.83914184570312,134.74496459960938,166.2600555419922,146.2853546142578,173.528076171875,176.16006469726562,134.7966766357422,158.48855590820312,177.5779571533203,178.81234741210938,158.44577026367188,157.73806762695312,176.64480590820312,169.00694274902344,176.30335998535156,177.05992126464844,60.0068244934082,68.40557861328125,18.46009635925293,19.50271224975586,81.62763214111328,167.59335327148438,79.61485290527344,167.2325897216797,174.04931640625,128.62428283691406,5.161940097808838,2.527332305908203,2.9896926879882812,3.7008912563323975,1.4943658113479614,2.442535400390625,3.2161881923675537,0.42674705386161804,1.3115862607955933,0.7277870178222656,0.4510684311389923,0.3640998899936676,0.3234504163265228,0.30062201619148254,0.37723419070243835,0.45360854268074036,0.3063822388648987,0.19875343143939972,0.16521184146404266,0.20446951687335968,0.4275777339935303,0.3542168438434601,0.33426088094711304,0.3306654989719391,0.37344643473625183,0.3779957890510559,0.2851788401603699,0.33578112721443176,0.3051506578922272,0.30352240800857544,0.570223867893219,0.5144537687301636,0.49168866872787476,0.48944661021232605,0.5325130820274353,0.5317423939704895,0.4720580577850342,0.5098344087600708,0.4837501049041748,0.48254305124282837,0.04809407889842987,0.04847744479775429,0.02287456952035427,0.03307807445526123,0.04018281027674675,0.07854163646697998,0.06418582051992416,0.137245312333107,0.1399666965007782,0.10478949546813965,0.1666666716337204,0.5714285969734192,0.8571428656578064,1.0,0.4285714328289032,0.0,0.1428571492433548,1.0,1.0,1.0,0.4285714328289032,1.0,0.3188405930995941,5.0,126.15164184570312,137.896728515625,0.07352941483259201,0.07352941483259201,0.6865671873092651,0.5522388219833374,0.13432836532592773,19.429443359375,58.075523376464844,8.037078857421875,41.525238037109375,2.0,0.0
/Users/josephkamil/Desktop/Capstone/Oly_Data/segmented/split_jerk/split_jerk_from_cj_0133.mp4,split_jerk,split_jerk_from_cj_0133.mp4,0.1,split_jerk,,yes,,olympic,split_jerk_sha_275227564b30eded,dev,275227564b30eded79d7769132035fad29d0222525e97c53c7ed8e7b5bc78b7b,1.0,275227564b30eded79d7769132035fad29d0222525e97c53c7ed8e7b5bc78b7b,80,80,1.0,80.0,0.574999988079071,0.2278480976819992,1.0,0.7749999761581421,7.0,0.5316455960273743,0.5316455960273743,0.03082895278930664,0.004107845015823841,0.019277095794677734,0.0027993563562631607,175.74749755859375,174.95016479492188,177.52008056640625,178.70993041992188,175.1402130126953,160.176513671875,168.91888427734375,169.14276123046875,173.57778930664062,178.17324829101562,173.07070922851562,171.90853881835938,172.72344970703125,174.25120544433594,170.51397705078125,162.58840942382812,171.88153076171875,177.5006103515625,173.8146209716797,169.70803833007812,28.983348846435547,31.669828414916992,31.066883087158203,31.575992584228516,31.473346710205078,27.998573303222656,84.52684020996094,148.65667724609375,157.27532958984375,162.0869140625,1.9286489486694336,2.187351703643799,1.5522395372390747,1.8717001676559448,0.7574454545974731,1.1325370073318481,2.262205123901367,3.172700881958008,0.8248423337936401,0.9857673048973083,0.4932500720024109,0.49597907066345215,0.49356991052627563,0.5081948041915894,0.5015509128570557,0.5295259356498718,0.46467459201812744,0.393281489610672,0.34276455640792847,0.3316609263420105,0.4873007535934448,0.49154889583587646,0.491842657327652,0.500738799571991,0.501339316368103,0.5348082780838013,0.5087195038795471,0.5223962068557739,0.48280689120292664,0.4699791669845581,0.6267913579940796,0.6295239329338074,0.6277968287467957,0.6367381811141968,0.6414768695831299,0.6726154088973999,0.6461009979248047,0.6724517941474915,0.6473417282104492,0.638675332069397,0.007433903403580189,0.008857809007167816,0.007527472451329231,0.009238449856638908,0.005334415938705206,0.009942383505403996,0.04704075679183006,0.12922117114067078,0.14008453488349915,0.1383475810289383,0.0,0.0,0.25,0.0,0.625,1.0,0.875,1.0,1.0,1.0,0.0,1.0,0.38749998807907104,4.0,177.6837921142578,172.0834197998047,-0.3037974536418915,-0.3037974536418915,0.6666666865348816,0.6025640964508057,0.06410256773233414,5.21466064453125,23.903427124023438,3.908172607421875,19.108596801757812,0.0,0.0
/Users/josephkamil/Desktop/Capstone/Oly_Data/segmented/split_jerk/split_jerk_from_cj_0038.mp4,split_jerk,split_jerk_from_cj_0038.mp4,0.15,split_jerk,,yes,,olympic,split_jerk_split_jerk_from_cj_0038,dev,997c68259aef7922cd5d9d43275388551e9593772a495a902299262015bf4255,1.0,997c68259aef7922cd5d9d43275388551e9593772a495a902299262015bf4255,125,119,0.952,119.0,0.5126050710678101,0.49152541160583496,1.0,0.5126050710678101,1.0,0.19491524994373322,0.18644067645072937,0.6380541920661926,0.0070091900415718555,0.19442272186279297,0.004966106731444597,120.0847396850586,130.7174530029297,143.55799865722656,99.05168914794922,134.3872528076172,175.145751953125,175.5476531982422,176.813720703125,174.2930908203125,176.57562255859375,143.94671630859375,141.93223571777344,149.24868774414062,152.3843994140625,156.97142028808594,178.0502471923828,173.2788543701172,172.4175567626953,167.21678161621094,167.79640197753906,173.38270568847656,177.22308349609375,172.6892852783203,169.8378448486328,157.35057067871094,175.0672149658203,173.8637237548828,171.7802734375,172.82325744628906,175.1798553466797,176.55726623535156,175.15660095214844,175.23223876953125,174.43939208984375,162.32928466796875,1.4613045454025269,0.6354585886001587,0.5752977728843689,0.7005184292793274,0.4200533628463745,0.9376811981201172,0.9317578673362732,0.9280219674110413,0.9180140495300293,0.8610548973083496,0.24555613100528717,0.19055713713169098,0.18978939950466156,0.18987365067005157,0.18310795724391937,0.7553121447563171,0.7398079037666321,0.733341634273529,0.7314136624336243,0.729123592376709,0.4409676492214203,0.38442718982696533,0.3791623115539551,0.37329497933387756,0.37008559703826904,0.5040550231933594,0.46662935614585876,0.4625946283340454,0.4636179506778717,0.5136352181434631,0.6639445424079895,0.604010283946991,0.5925098061561584,0.5898872017860413,0.5886576771736145,0.18256162106990814,0.19204898178577423,0.1949552744626999,0.18705151975154877,0.16439364850521088,0.1954437643289566,0.19392544031143188,0.18939024209976196,0.1834515482187271,0.1870242804288864,0.0,0.0,0.0,0.0,0.0833333358168602,1.0,1.0,1.0,1.0,1.0,0.0,1.0,0.5126050710678101,1.0,179.0386962890625,173.8858184814453,0.29661017656326294,0.3050847351551056,0.4871794879436493,0.008547008968889713,0.47863247990608215,160.0491180419922,10.944549560546875,169.2361602783203,15.997955322265625,4.0,2.0
/Users/josephkamil/Desktop/Capstone/Oly_Data/segmented/split_jerk/split_jerk_from_cj_0083.mp4,split_jerk,split_jerk_from_cj_0083.mp4,0.23,split_jerk,,yes,,olympic,split_jerk_sha_5d7b8b35370dd16e,train,5d7b8b35370dd16ec26ef449b273fe8dd5d254c9f004cc705341404b8919955d,1.0,5d7b8b35370dd16ec26ef449b273fe8dd5d254c9f004cc705341404b8919955d,125,121,0.968,121.0,0.6198347210884094,0.2916666567325592,1.0,0.71074378490448,5.0,0.18333333730697632,0.01666666753590107,0.4579790234565735,0.013199621811509132,0.1623193621635437,0.005737376864999533,89.89757537841797,143.7561492919922,170.44281005859375,160.80645751953125,164.2191925048828,150.50221252441406,175.4427490234375,166.53347778320312,170.93507385253906,177.11927795410156,136.401123046875,174.8781280517578,172.3707275390625,167.07066345214844,156.27719116210938,147.23797607421875,167.86029052734375,162.93858337402344,162.46192932128906,172.24765014648438,171.767333984375,176.34796142578125,158.4345245361328,129.74168395996094,130.1943359375,168.06057739257812,172.47039794921875,165.05136108398438,169.99220275878906,167.54905700683594,153.30465698242188,177.91468811035156,120.0368423461914,3.3439509868621826,5.570384979248047,11.794838905334473,11.719310760498047,7.333523273468018,6.812403202056885,5.793425559997559,0.8144302368164062,0.90037602186203,0.744964599609375,0.47084322571754456,0.38116803765296936,0.3014053404331207,0.27001887559890747,0.26916947960853577,0.26593026518821716,0.27012133598327637,0.6578498482704163,0.7423970699310303,0.632129967212677,0.45600640773773193,0.46594059467315674,0.4641259014606476,0.4388139545917511,0.4220612943172455,0.4122042953968048,0.4130449891090393,0.5348637104034424,0.5710665583610535,0.586586594581604,0.6499841809272766,0.655106246471405,0.6617736220359802,0.6304373145103455,0.6214526295661926,0.6105799078941345,0.6099125742912292,0.15979142487049103,0.15801098942756653,0.12289723753929138,0.05346314236521721,0.11446364969015121,0.16382931172847748,0.16952067613601685,0.15297682583332062,0.14642372727394104,0.14333954453468323,0.0,0.0,0.0833333358168602,0.25,0.8333333134651184,1.0,1.0,1.0,1.0,1.0,0.0,1.0,0.5702479481697083,3.0,158.9230499267578,157.33226013183594,0.10833333432674408,0.2750000059604645,0.26050421595573425,0.36974790692329407,-0.10924369841814041,164.96456909179688,73.57679748535156,162.1754150390625,60.94780731201172,3.0,1.0
/Users/josephkamil/Desktop/Capstone/Oly_Data/segmented/split_jerk/split_jerk_from_cj_0024.mp4,split_jerk,split_jerk_from_cj_0024.mp4,0.06,split_jerk,,yes,,olympic,split_jerk_split_jerk_from_cj_0024,train,eb123313245e52eb09e4b875bbab2107d509e4a3583335fda73308296ad05d25,1.0,eb123313245e52eb09e4b875bbab2107d509e4a3583335fda73308296ad05d25,72,72,1.0,72.0,0.875,0.1267605572938919,1.0,0.875,1.0,0.39436620473861694,0.2957746386528015,0.05887669324874878,0.009969140402972698,0.09360706806182861,0.009694955311715603,166.18077087402344,169.70272827148438,66.73807525634766,17.750741958618164,102.79474639892578,158.22084045410156,173.47714233398438,175.64059448242188,177.0105438232422,173.83596801757812,171.74244689941406,159.90234375,52.162353515625,2.3676910400390625,119.07087707519531,169.92568969726562,173.54745483398438,173.08212280273438,170.42088317871094,172.54995727539062,161.35874938964844,126.40204620361328,168.85191345214844,177.91896057128906,176.39259338378906,173.21426391601562,175.96095275878906,178.0758056640625,176.546630859375,167.01791381835938,6.870227336883545,9.070516586303711,2.0211665630340576,1.1476566791534424,3.9787111282348633,4.110013484954834,1.1937618255615234,1.4916152954101562,2.4241645336151123,2.2875311374664307,0.4827113151550293,0.3481866419315338,0.4013165831565857,0.43683937191963196,0.35274267196655273,0.25909534096717834,0.17156775295734406,0.1465429961681366,0.1268816441297531,0.1206347793340683,0.3208725154399872,0.3726906478404999,0.5701243281364441,0.5999594926834106,0.512187659740448,0.4127383530139923,0.32961031794548035,0.3081681728363037,0.29503726959228516,0.294974148273468,0.5254001617431641,0.5781438946723938,0.7780510187149048,0.8072538375854492,0.7172802686691284,0.6301685571670532,0.5669494271278381,0.551077663898468,0.5340105891227722,0.5301636457443237,0.1623711735010147,0.0749201625585556,0.1692427545785904,0.16379909217357635,0.16036204993724823,0.1547527015209198,0.15887045860290527,0.16248537600040436,0.16864052414894104,0.17522627115249634,0.0,0.7142857313156128,1.0,1.0,1.0,1.0,1.0,1.0,1.0,1.0,0.3571428656578064,1.0,0.875,1.0,168.88673400878906,160.77783203125,-0.26760563254356384,-0.1690140813589096,0.0714285746216774,0.4285714328289032,-0.3571428656578064,19.75390625,174.60105895996094,17.781234741210938,178.5655975341797,1.0,1.0
/Users/josephkamil/Desktop/Capstone/Oly_Data/segmented/split_jerk/split_jerk_from_cj_0146.mp4,split_jerk,split_jerk_from_cj_0146.mp4,0.15,split_jerk,,yes,,olympic,split_jerk_sha_58af8bdc6ef195c2,dev,58af8bdc6ef195c29058d47666cdc24005ca758456f0efe8fd3af4f9baffe3be,1.0,58af8bdc6ef195c29058d47666cdc24005ca758456f0efe8fd3af4f9baffe3be,113,113,1.0,113.0,1.0,0.0,1.0,1.0,0.0,0.6160714030265808,0.7946428656578064,0.03714677691459656,0.004915162455290556,0.04775094985961914,0.0035599146503955126,177.82766723632812,176.50833129882812,178.16075134277344,177.8087615966797,178.5360870361328,163.96397399902344,150.3552703857422,151.82615661621094,165.1670684814453,175.73902893066406,171.89697265625,167.07339477539062,171.840576171875,173.69505310058594,172.12391662597656,161.5933380126953,154.1515655517578,145.74285888671875,149.23348999023438,167.80284118652344,144.92037963867188,117.4178237915039,77.33365631103516,47.83944320678711,99.73782348632812,137.27865600585938,94.84902954101562,130.75990295410156,168.25387573242188,178.05149841308594,1.074813723564148,0.738888144493103,0.6073358654975891,0.44129088521003723,0.67865389585495,1.374157428741455,1.7826377153396606,1.2517478466033936,2.4236483573913574,2.5606703758239746,0.4587858319282532,0.4753422439098358,0.4740491807460785,0.4617328643798828,0.45060136914253235,0.4611874520778656,0.48046207427978516,0.42336395382881165,0.369322270154953,0.313782662153244,0.4908239245414734,0.49447205662727356,0.49925696849823,0.4944663941860199,0.4860188663005829,0.4902273416519165,0.5034586787223816,0.5516399145126343,0.529005765914917,0.4813397228717804,0.6566813588142395,0.6626672744750977,0.6659290790557861,0.6648192405700684,0.6580489873886108,0.6589460968971252,0.664266049861908,0.7141863107681274,0.6987858414649963,0.6578298211097717,0.05290767177939415,0.03585445508360863,0.034838683903217316,0.033228375017642975,0.043575506657361984,0.045829836279153824,0.03400279954075813,0.12891171872615814,0.1601099818944931,0.16779305040836334,1.0,1.0,1.0,1.0,1.0,1.0,1.0,1.0,1.0,1.0,1.0,1.0,1.0,1.0,171.55618286132812,168.4199676513672,-0.6160714030265808,-0.7946428656578064,0.6486486196517944,0.6486486196517944,0.0,0.0,56.118438720703125,0.0,39.627197265625,2.0,2.0
/Users/josephkamil/Desktop/Capstone/Oly_Data/raw/clean_and_jerk/v_CleanAndJerk_g10_c01.avi,clean_and_jerk,v_CleanAndJerk_g10_c01.avi,0.52,clean_and_jerk,,yes,,olympic,clean_and_jerk_ucf_g10,dev,6327e6e5561a146f061bfcc438bbe6cb071853df087b75f0e1a0b3430b9ac59b,1.0,6327e6e5561a146f061bfcc438bbe6cb071853df087b75f0e1a0b3430b9ac59b,194,133,0.6855670103092784,133.0,0.4436090290546417,0.42424243688583374,1.0,0.5789473652839661,7.0,0.7196969985961914,0.0,0.29420003294944763,0.02008461207151413,0.04560905694961548,0.005510783288627863,175.7241973876953,175.0660858154297,176.45733642578125,177.11572265625,177.47438049316406,173.48162841796875,155.5531768798828,138.7256622314453,165.24774169921875,163.7122344970703,164.88067626953125,174.69700622558594,172.63148498535156,172.01480102539062,172.4803009033203,175.2937774658203,173.22402954101562,155.9010009765625,160.86964416503906,168.84664916992188,55.563392639160156,74.44166564941406,46.527122497558594,33.50164031982422,28.21726417541504,18.394145965576172,46.79037094116211,174.19888305664062,170.55430603027344,170.8434295654297,14.906064987182617,1.162551760673523,0.6516265273094177,0.8420003652572632,0.4340475797653198,1.252164363861084,2.1097397804260254,1.5269135236740112,5.193840026855469,4.435353755950928,0.2563234567642212,0.332103431224823,0.3509773015975952,0.3570821285247803,0.3042615056037903,0.31061622500419617,0.30914613604545593,0.2811233699321747,0.2348877340555191,0.18519540131092072,0.20551197230815887,0.2587370276451111,0.2736319303512573,0.28262344002723694,0.2786021828651428,0.2961399555206299,0.3612484335899353,0.45048120617866516,0.4001583456993103,0.35667306184768677,0.41402626037597656,0.4947618842124939,0.5065016746520996,0.5104643702507019,0.5142704248428345,0.5360478162765503,0.5973934531211853,0.6849758625030518,0.642350435256958,0.5989508032798767,0.0627446398139,0.08371727168560028,0.08366281539201736,0.08344022184610367,0.052075907588005066,0.042387623339891434,0.07214254140853882,0.17014239728450775,0.16749565303325653,0.1767764389514923,0.0,0.0,0.0,0.0,0.23076923191547394,0.23076923191547394,0.9285714030265808,1.0,1.0,1.0,0.0,1.0,0.39849624037742615,4.0,177.39022827148438,172.52874755859375,-0.2954545319080353,0.42424243688583374,0.0,0.6412213444709778,-0.6412213444709778,22.679794311523438,48.72900390625,159.51126098632812,27.289321899414062,1.0,0.0
/Users/josephkamil/Desktop/Capstone/Oly_Data/raw/clean_and_jerk/v_CleanAndJerk_g15_c01.avi,clean_and_jerk,v_CleanAndJerk_g15_c01.avi,0.25,clean_and_jerk,,yes,,olympic,clean_and_jerk_ucf_g15,test,ff6d7c5dd3be208516e9796853ca1c4937f9921fd83a0727dba00ae529a76689,1.0,ff6d7c5dd3be208516e9796853ca1c4937f9921fd83a0727dba00ae529a76689,90,90,1.0,90.0,0.7111111283302307,0.2921348214149475,1.0,0.7111111283302307,1.0,0.07865168899297714,0.07865168899297714,0.10759428143501282,0.013443482108414173,0.09210312366485596,0.0120641328394413,59.27190399169922,139.90350341796875,164.76510620117188,98.20126342773438,69.97834014892578,96.82710266113281,144.76663208007812,172.62161254882812,178.1461181640625,175.76144409179688,51.71882629394531,122.16012573242188,160.6465301513672,103.39822387695312,76.57588958740234,98.81217193603516,138.49270629882812,160.7752227783203,167.98599243164062,166.2381134033203,175.61280822753906,174.61595153808594,168.48851013183594,166.20584106445312,170.0239715576172,173.6792755126953,177.35052490234375,175.6693878173828,172.1162109375,169.7462615966797,3.3666460514068604,3.50492000579834,2.2698912620544434,1.076682209968567,0.2967890501022339,0.38040831685066223,0.9067311882972717,0.98727947473526,0.5399142503738403,0.5435299277305603,0.7609648108482361,0.6509906053543091,0.416465163230896,0.33756113052368164,0.4017205238342285,0.3706575036048889,0.2410542368888855,0.14538270235061646,0.19004911184310913,0.1673693060874939,0.5839460492134094,0.4919324517250061,0.3120340406894684,0.45598089694976807,0.5233948230743408,0.49683746695518494,0.3778637647628784,0.286554217338562,0.340311735868454,0.3141136169433594,0.7179205417633057,0.62007737159729,0.5209420919418335,0.668620228767395,0.7302615642547607,0.6951071619987488,0.5996094346046448,0.5206247568130493,0.5807405710220337,0.559777557849884,0.1772025227546692,0.15906554460525513,0.10978617519140244,0.11872217059135437,0.12191484868526459,0.1262832134962082,0.1368160992860794,0.1411927193403244,0.15029758214950562,0.1468125879764557,0.0,0.0,0.1111111119389534,1.0,1.0,1.0,1.0,1.0,1.0,1.0,0.0,1.0,0.7111111283302307,1.0,135.49172973632812,143.15029907226562,0.21348313987255096,0.21348313987255096,0.8636363744735718,0.8636363744735718,0.0,121.97686767578125,113.60209655761719,124.98771667480469,97.48480987548828,2.0,2.0
/Users/josephkamil/Desktop/Capstone/Oly_Data/raw/clean_and_jerk/v_CleanAndJerk_g02_c01.avi,clean_and_jerk,v_CleanAndJerk_g02_c01.avi,0.29,clean_and_jerk,,yes,,olympic,clean_and_jerk_ucf_g02,dev,78dff9a1b1eee5ec4cfe1d8a873dc9a9df39e33d002ebaa61898d2001455666b,1.0,78dff9a1b1eee5ec4cfe1d8a873dc9a9df39e33d002ebaa61898d2001455666b,103,103,1.0,103.0,0.7766990065574646,0.22549019753932953,1.0,0.7766990065574646,1.0,0.009803921915590763,0.009803921915590763,0.02644619345664978,0.005140458233654499,0.031344473361968994,0.0054498594254255295,94.43109130859375,153.0843505859375,125.2524642944336,60.09576416015625,78.21163940429688,132.71054077148438,170.89344787597656,178.23348999023438,177.83285522460938,178.58799743652344,84.7446060180664,147.36158752441406,122.35465240478516,58.314449310302734,74.55880737304688,131.08816528320312,166.58837890625,177.7707977294922,177.23367309570312,174.27647399902344,176.54977416992188,172.71511840820312,163.4805145263672,170.9829559326172,171.91122436523438,176.26998901367188,171.25648498535156,171.13890075683594,173.62127685546875,173.94012451171875,1.2141540050506592,3.324319362640381,2.363124370574951,3.1619818210601807,4.305106163024902,8.039830207824707,7.746447563171387,3.1221141815185547,3.1615257263183594,3.166029453277588,0.6041990518569946,0.4821123480796814,0.3983714282512665,0.4250228703022003,0.4116196036338806,0.37252649664878845,0.3117482662200928,0.3111328184604645,0.3136160671710968,0.30008652806282043,0.49478045105934143,0.3836383521556854,0.43544983863830566,0.5162237882614136,0.49886399507522583,0.45735669136047363,0.3988092243671417,0.4000954031944275,0.40460699796676636,0.39515817165374756,0.57990562915802,0.5137382745742798,0.5932098627090454,0.6645320057868958,0.6440643668174744,0.5897126197814941,0.548295259475708,0.5649691820144653,0.5701891779899597,0.5578885078430176,0.10953056812286377,0.09868408739566803,0.05894729495048523,0.09125320613384247,0.08725260943174362,0.08490419387817383,0.08710657805204391,0.08898018300533295,0.09102416783571243,0.09512074291706085,0.0,0.0,0.699999988079071,1.0,1.0,1.0,1.0,1.0,1.0,1.0,0.0,1.0,0.7766990065574646,1.0,145.45492553710938,138.85403442382812,0.21568627655506134,0.21568627655506134,0.14851485192775726,0.029702970758080482,0.11881188303232193,132.8196258544922,123.68402862548828,128.74209594726562,128.58779907226562,2.0,1.0
/Users/josephkamil/Desktop/Capstone/Oly_Data/raw/clean_and_jerk/v_CleanAndJerk_g11_c04.avi,clean_and_jerk,v_CleanAndJerk_g11_c04.avi,0.53,clean_and_jerk,,yes,,olympic,clean_and_jerk_ucf_g11,train,d7ca4d0d7b2edf40c376d85a8674f6df5fea4ed1b75c9c7247905a3623dd21bd,1.0,d7ca4d0d7b2edf40c376d85a8674f6df5fea4ed1b75c9c7247905a3623dd21bd,207,207,1.0,207.0,0.8019323945045471,0.1990291327238083,1.0,0.8019323945045471,1.0,0.23786407709121704,0.23786407709121704,0.04757469892501831,0.0057921456173062325,0.07166904211044312,0.006571225356310606,156.40536499023438,162.81607055664062,89.94930267333984,171.12130737304688,177.5267791748047,178.5835723876953,165.444580078125,174.84228515625,177.45994567871094,176.2154998779297,129.23004150390625,157.60617065429688,93.32979583740234,166.79928588867188,172.1170654296875,172.24818420410156,167.0553741455078,175.08514404296875,171.92816162109375,166.8141326904297,175.76051330566406,163.16848754882812,45.27729415893555,48.539546966552734,41.74559783935547,45.88869857788086,48.14773941040039,144.0443572998047,168.07962036132812,168.41073608398438,4.44857120513916,0.989284336566925,0.6255630254745483,0.9589003324508667,1.0899348258972168,0.6956732273101807,0.90099036693573,1.629799246788025,2.018695831298828,1.3821628093719482,0.5760985612869263,0.45079636573791504,0.5198352336883545,0.3071051239967346,0.2711464762687683,0.2720930576324463,0.3113451600074768,0.24270547926425934,0.23012299835681915,0.1801043450832367,0.3570559620857239,0.2669181823730469,0.5323470830917358,0.3237888514995575,0.2803545594215393,0.2810311019420624,0.32526466250419617,0.39510130882263184,0.39262405037879944,0.3442120850086212,0.41089344024658203,0.43722525238990784,0.7255803346633911,0.5415862798690796,0.5088016986846924,0.5143705010414124,0.5470311045646667,0.6048577427864075,0.5895609855651855,0.5519654750823975,0.21904313564300537,0.18409962952136993,0.013792471960186958,0.01745133474469185,0.0100485784932971,0.009424160234630108,0.014021016657352448,0.15263403952121735,0.16288849711418152,0.16414198279380798,0.0,0.0,1.0,1.0,1.0,1.0,1.0,1.0,1.0,1.0,0.0,1.0,0.8019323945045471,1.0,103.72068786621094,110.62830352783203,-0.03883495181798935,-0.03883495181798935,0.6829268336296082,0.26829269528388977,0.4146341383457184,67.88540649414062,144.30880737304688,58.30353546142578,137.44815063476562,1.0,2.0
/Users/josephkamil/Desktop/Capstone/Oly_Data/raw/clean_and_jerk/v_CleanAndJerk_g10_c03.avi,clean_and_jerk,v_CleanAndJerk_g10_c03.avi,0.56,clean_and_jerk,,yes,,olympic,clean_and_jerk_ucf_g10,dev,ad6f1652b30ce1f9f08ca04d1538963f00f40706cdc7e535256fded714c24a94,1.0,ad6f1652b30ce1f9f08ca04d1538963f00f40706cdc7e535256fded714c24a94,204,179,0.8774509803921569,179.0,0.8100558519363403,0.02247191034257412,1.0,0.9776536226272583,19.0,0.02247191034257412,0.00561797758564353,0.24180054664611816,0.02598966285586357,0.12934279441833496,0.007773976773023605,158.08810424804688,149.45614624023438,174.31414794921875,176.1107940673828,176.2366180419922,174.5769500732422,160.0677947998047,136.15606689453125,160.34390258789062,172.2987823486328,134.96966552734375,157.8059539794922,171.64910888671875,170.6664581298828,170.57850646972656,170.04515075683594,174.12411499023438,156.43698120117188,161.37930297851562,175.506591796875,110.9644546508789,44.23455810546875,54.22496032714844,34.66664505004883,34.31577682495117,29.427879333496094,35.7860221862793,157.2729949951172,152.1199188232422,146.25149536132812,44.757720947265625,6.998048782348633,1.5374704599380493,1.1415457725524902,1.1275451183319092,1.2750611305236816,0.9450110197067261,3.8130247592926025,7.260639667510986,4.99055290222168,0.44038817286491394,0.5052011013031006,0.32864826917648315,0.3093126714229584,0.32556331157684326,0.3275013566017151,0.384243905544281,0.3306221663951874,0.4168475568294525,0.3837593197822571,0.3577500283718109,0.5091743469238281,0.34764525294303894,0.3325779139995575,0.3498230278491974,0.3486686050891876,0.4271078407764435,0.4886496961116791,0.45085689425468445,0.39735493063926697,0.4781950116157532,0.6709902286529541,0.5724009275436401,0.5537838935852051,0.5692772269248962,0.5709399580955505,0.6353354454040527,0.699257493019104,0.6734664440155029,0.6391884684562683,0.1022341400384903,0.026837293058633804,0.054695989936590195,0.0482291579246521,0.04835127294063568,0.0461876317858696,0.05415904521942139,0.1590331494808197,0.09496486186981201,0.07041342556476593,0.23529411852359772,0.5555555820465088,0.8333333134651184,1.0,1.0,1.0,1.0,1.0,0.7777777910232544,0.6666666865348816,0.3888888955116272,0.7222222089767456,0.6033519506454468,10.0,74.37501525878906,85.3485336303711,0.0,0.016853932291269302,0.9378530979156494,0.0,0.9378530979156494,92.33818054199219,105.08119201660156,148.7987823486328,94.13275909423828,3.0,2.0
/Users/josephkamil/Desktop/Capstone/Oly_Data/raw/clean_and_jerk/v_CleanAndJerk_g16_c01.avi,clean_and_jerk,v_CleanAndJerk_g16_c01.avi,0.3,clean_and_jerk,,yes,,olympic,clean_and_jerk_ucf_g16,train,5bd4483342ddec5f5fbc708bc020251726a7342737b1a6af11174212c662fdb3,1.0,5bd4483342ddec5f5fbc708bc020251726a7342737b1a6af11174212c662fdb3,104,104,1.0,104.0,0.6634615659713745,0.19417475163936615,1.0,0.807692289352417,11.0,0.291262149810791,0.291262149810791,0.14885738492012024,0.016893809661269188,0.0506516695022583,0.009035433642566204,169.11610412597656,174.09864807128906,169.90333557128906,170.5830535888672,177.35362243652344,177.02572631835938,173.93203735351562,153.8833770751953,166.64889526367188,172.98512268066406,170.75450134277344,176.66806030273438,170.67433166503906,174.10165405273438,172.1722412109375,174.2866973876953,170.59927368164062,156.83692932128906,165.89422607421875,173.51930236816406,167.27932739257812,140.55758666992188,86.12651062011719,61.87140655517578,14.455946922302246,7.495543479919434,21.864971160888672,161.55372619628906,175.71151733398438,168.66139221191406,18.799549102783203,3.9746944904327393,5.387876510620117,4.419188976287842,1.6879557371139526,0.710964024066925,2.0914416313171387,0.9312081933021545,2.0834603309631348,1.4192942380905151,0.6081327199935913,0.4077640175819397,0.38824349641799927,0.3603305220603943,0.18734273314476013,0.21876609325408936,0.2633795142173767,0.15652801096439362,0.10787759721279144,0.08268890529870987,0.395154744386673,0.2248193919658661,0.39056870341300964,0.34955528378486633,0.20975123345851898,0.23046715557575226,0.28431615233421326,0.35535621643066406,0.321865975856781,0.2939563989639282,0.50029057264328,0.4423861503601074,0.5695744752883911,0.5409815311431885,0.4531446695327759,0.4717582166194916,0.5201033353805542,0.5886123776435852,0.5609093904495239,0.5427285432815552,0.21484915912151337,0.18465034663677216,0.0445902980864048,0.023979734629392624,0.03709235414862633,0.03376726806163788,0.041756752878427505,0.19953890144824982,0.2143257111310959,0.2124624103307724,0.0,0.0,0.5454545617103577,0.20000000298023224,1.0,0.8999999761581421,0.8999999761581421,1.0,1.0,1.0,0.0476190485060215,1.0,0.3365384638309479,6.0,179.0144805908203,172.4759979248047,-0.09708737581968307,-0.09708737581968307,0.18627451360225677,0.343137264251709,-0.1568627506494522,31.265701293945312,55.12699890136719,23.898086547851562,58.689361572265625,1.0,0.0
/Users/josephkamil/Desktop/Capstone/Oly_Data/raw/clean_and_jerk/v_CleanAndJerk_g06_c04.avi,clean_and_jerk,v_CleanAndJerk_g06_c04.avi,0.64,clean_and_jerk,,yes,,olympic,clean_and_jerk_ucf_g06,train,057a3e2ad826b4e86708c7be8c35245db88ce132e059a0d88caf87748927e417,1.0,057a3e2ad826b4e86708c7be8c35245db88ce132e059a0d88caf87748927e417,246,246,1.0,246.0,0.792682945728302,0.1469387710094452,1.0,0.8536585569381714,15.0,0.20000000298023224,0.20000000298023224,0.05969613790512085,0.00633176788687706,0.03830599784851074,0.004249614663422108,148.57630920410156,105.86288452148438,129.767578125,175.3158416748047,177.21168518066406,178.5022735595703,173.73411560058594,168.2166748046875,175.73797607421875,173.6351318359375,133.85057067871094,116.39591979980469,128.44459533691406,170.58753967285156,171.41424560546875,172.5184783935547,168.93618774414062,169.96812438964844,176.8563232421875,171.6497802734375,168.05348205566406,59.54265594482422,27.164342880249023,31.119890213012695,39.83427810668945,34.81635665893555,35.405609130859375,100.65505981445312,164.11936950683594,169.12522888183594,4.874105453491211,3.3203628063201904,0.9987581372261047,3.1338367462158203,2.404967784881592,2.8910939693450928,2.942434072494507,2.67863392829895,1.987074851989746,2.3645875453948975,0.749106228351593,0.5344927310943604,0.47646352648735046,0.3308669328689575,0.3482123613357544,0.34968388080596924,0.3527597486972809,0.29230934381484985,0.18978522717952728,0.12039259076118469,0.541073203086853,0.4887714684009552,0.4782736003398895,0.34846237301826477,0.3562760055065155,0.3571244776248932,0.3643135130405426,0.40658214688301086,0.3910941183567047,0.3273867070674896,0.6531848311424255,0.6863102912902832,0.6601760983467102,0.5720824003219604,0.5826284885406494,0.584682285785675,0.5892213582992554,0.6243212819099426,0.6210289001464844,0.5857866406440735,0.2080519050359726,0.056021012365818024,0.014483111910521984,0.017982184886932373,0.008810415863990784,0.007718556094914675,0.011746309697628021,0.11434636265039444,0.20133377611637115,0.20715998113155365,0.0,0.4399999976158142,0.5,0.9599999785423279,1.0,1.0,1.0,1.0,1.0,1.0,0.22448979318141937,1.0,0.6951219439506531,8.0,106.0777816772461,117.94149780273438,-0.05306122452020645,-0.05306122452020645,0.04098360612988472,0.20081967115402222,-0.1598360687494278,71.54875946044922,135.10601806640625,65.77181243896484,122.08975219726562,3.0,1.0
/Users/josephkamil/Desktop/Capstone/Oly_Data/raw/clean_and_jerk/v_CleanAndJerk_g03_c04.avi,clean_and_jerk,v_CleanAndJerk_g03_c04.avi,0.78,clean_and_jerk,,yes,,olympic,clean_and_jerk_ucf_g03,train,eb4064236c8d70eccb5b0c1be99528bb9b2a185c9c3267e0aad5e412d65600dc,1.0,eb4064236c8d70eccb5b0c1be99528bb9b2a185c9c3267e0aad5e412d65600dc,293,293,1.0,293.0,0.723549485206604,0.20205479860305786,1.0,0.7986348271369934,11.0,0.232876718044281,0.232876718044281,0.11282354593276978,0.005663296673446894,0.06829655170440674,0.005115575157105923,68.53195190429688,155.4265899658203,101.87701416015625,164.313720703125,172.06488037109375,172.75758361816406,173.63754272460938,172.7667236328125,163.94528198242188,174.0162811279297,66.16403198242188,148.93946838378906,104.5793685913086,159.77899169921875,163.6457061767578,163.38096618652344,163.507568359375,163.21058654785156,158.73837280273438,168.23277282714844,143.74815368652344,156.10195922851562,33.00082778930664,38.26991271972656,31.113414764404297,25.060863494873047,24.148344039916992,23.367937088012695,76.50730895996094,147.25730895996094,3.3205156326293945,0.7643685340881348,1.0567458868026733,0.9479559659957886,0.5826400518417358,0.2362367808818817,0.384970098733902,0.43119582533836365,0.8627194762229919,0.688596785068512,0.696948230266571,0.5372487902641296,0.5177814960479736,0.25750410556793213,0.21557533740997314,0.22373512387275696,0.22523577511310577,0.2284214198589325,0.22160369157791138,0.1219261959195137,0.4955918490886688,0.30540937185287476,0.5190263986587524,0.2716934382915497,0.23710738122463226,0.24069640040397644,0.24268969893455505,0.24369178712368011,0.320741206407547,0.32683151960372925,0.6235288381576538,0.500767171382904,0.7414902448654175,0.535680890083313,0.50649493932724,0.5055882930755615,0.5058593153953552,0.5068773627281189,0.5726248621940613,0.5797197222709656,0.20143766701221466,0.2319830060005188,0.00897938385605812,0.017936555668711662,0.021942339837551117,0.017555713653564453,0.01769573614001274,0.015479215420782566,0.0997147411108017,0.2049793303012848,0.0,0.0,0.48275861144065857,0.800000011920929,1.0,1.0,1.0,1.0,0.931034505367279,1.0,0.0,0.9661017060279846,0.511945366859436,6.0,88.13970947265625,100.33501434326172,-0.030821917578577995,-0.030821917578577995,0.1477663218975067,0.2646048069000244,-0.1168384850025177,120.72135925292969,139.456298828125,110.61375427246094,125.04681396484375,2.0,2.0
/Users/josephkamil/Desktop/Capstone/Oly_Data/raw/clean_and_jerk/v_CleanAndJerk_g03_c03.avi,clean_and_jerk,v_CleanAndJerk_g03_c03.avi,0.73,clean_and_jerk,,yes,,olympic,clean_and_jerk_ucf_g03,train,5f4806260efdde00a39638e544786bd8d14d17b805e191e89441599a3dbee45d,1.0,5f4806260efdde00a39638e544786bd8d14d17b805e191e89441599a3dbee45d,276,276,1.0,276.0,0.8514492511749268,0.12363636493682861,1.0,0.8768116235733032,7.0,0.1709090918302536,0.17454545199871063,0.09223449230194092,0.005272493232041597,0.11818563938140869,0.0048719746991992,148.35194396972656,101.77948760986328,164.93125915527344,175.4970703125,176.61033630371094,176.6060791015625,177.6753387451172,175.92832946777344,168.7621307373047,175.18521118164062,134.7890167236328,99.32737731933594,156.27789306640625,164.24160766601562,164.29037475585938,164.27392578125,164.5175018310547,163.69554138183594,162.7961883544922,172.7792205810547,170.27003479003906,67.57036590576172,27.125741958618164,36.79976272583008,36.699432373046875,35.14051055908203,34.32976531982422,33.5019416809082,97.8583755493164,172.8939666748047,0.6168509125709534,0.740898072719574,0.36966049671173096,0.7383353114128113,0.619086742401123,0.4857454299926758,0.4664071500301361,0.4276023209095001,0.8286095261573792,2.5285441875457764,0.5917031764984131,0.48648443818092346,0.27463364601135254,0.18789157271385193,0.18287576735019684,0.18507297337055206,0.189178004860878,0.19759351015090942,0.20677800476551056,0.13629873096942902,0.32398179173469543,0.45127004384994507,0.29304566979408264,0.2127881497144699,0.2128712683916092,0.21463629603385925,0.2169877290725708,0.2240719199180603,0.320743590593338,0.35235998034477234,0.48286324739456177,0.704649806022644,0.5548535585403442,0.49753278493881226,0.4984414875507355,0.49954313039779663,0.4999854862689972,0.503393292427063,0.5755903124809265,0.5968641042709351,0.2677634656429291,0.051960743963718414,0.02033836394548416,0.02490496262907982,0.0300094373524189,0.02957196533679962,0.027818109840154648,0.02648843079805374,0.11443828791379929,0.21608546376228333,0.0,0.6428571343421936,0.8518518805503845,1.0,1.0,1.0,1.0,1.0,1.0,1.0,0.3272727131843567,1.0,0.7536231875419617,4.0,118.19700622558594,118.02420043945312,-0.04727272689342499,-0.05090909078717232,0.054744526743888855,0.054744526743888855,0.0,94.6548080444336,138.12255859375,87.68365478515625,139.0479736328125,1.0,1.0
/Users/josephkamil/Desktop/Capstone/Oly_Data/raw/clean_and_jerk/v_CleanAndJerk_g11_c01.avi,clean_and_jerk,v_CleanAndJerk_g11_c01.avi,0.54,clean_and_jerk,,yes,,olympic,clean_and_jerk_ucf_g11,train,2ee1eaa097ca88b2d954ab8aecd292a94839067bac99fb38def9ec8ce52140e4,1.0,2ee1eaa097ca88b2d954ab8aecd292a94839067bac99fb38def9ec8ce52140e4,207,207,1.0,207.0,0.6811594367027283,0.26213592290878296,1.0,0.739130437374115,7.0,0.30582523345947266,0.29611650109291077,0.05506414175033569,0.0056876856833696365,0.1112927496433258,0.005745755974203348,127.70085144042969,143.27328491210938,133.11354064941406,118.70418548583984,169.60263061523438,179.38986206054688,168.98056030273438,160.10745239257812,173.7897491455078,175.06455993652344,121.53511047363281,133.08848571777344,130.1739044189453,115.89825439453125,165.2227325439453,169.72982788085938,164.1385498046875,154.33526611328125,167.61676025390625,168.1300811767578,162.47183227539062,167.29556274414062,108.82675170898438,43.285499572753906,38.22632598876953,37.37300491333008,38.76219940185547,166.67149353027344,178.5776824951172,178.14208984375,0.5008906126022339,0.43975570797920227,0.8253621459007263,2.1030333042144775,0.5737912058830261,0.23482266068458557,0.6173242330551147,1.2644473314285278,0.9602654576301575,0.2905689775943756,0.5905649662017822,0.5712774991989136,0.42858758568763733,0.4695567190647125,0.3039383292198181,0.28085950016975403,0.3046850860118866,0.21197868883609772,0.15693341195583344,0.16266320645809174,0.3699644207954407,0.3471081852912903,0.31622636318206787,0.4680500030517578,0.3165936768054962,0.2984134554862976,0.3235796391963959,0.3989979922771454,0.3475836217403412,0.34701380133628845,0.48749399185180664,0.4595339596271515,0.5318148136138916,0.6833627223968506,0.5507392883300781,0.5351929664611816,0.5604386329650879,0.6280600428581238,0.5745913982391357,0.5776723027229309,0.22062501311302185,0.2241942286491394,0.12004446983337402,0.010071329772472382,0.013293138705193996,0.0178888700902462,0.01916375942528248,0.1871030032634735,0.1907196342945099,0.18435588479042053,0.0,0.0,0.3333333432674408,0.44999998807907104,1.0,1.0,1.0,1.0,1.0,1.0,0.0,1.0,0.6086956262588501,4.0,110.20433044433594,115.21463775634766,-0.04368932172656059,-0.033980581909418106,0.6829268336296082,0.6780487895011902,0.004878048785030842,67.23394775390625,126.16094970703125,51.86083221435547,111.49693298339844,2.0,3.0
/Users/josephkamil/Desktop/Capstone/Oly_Data/raw/clean_and_jerk/v_CleanAndJerk_g17_c01.avi,clean_and_jerk,v_CleanAndJerk_g17_c01.avi,0.26,clean_and_jerk,,yes,,olympic,clean_and_jerk_ucf_g17,dev,8eab765a7be88f63c44c18f785c38b8ec465e066f4843659bbd3ca588bc524bc,1.0,8eab765a7be88f63c44c18f785c38b8ec465e066f4843659bbd3ca588bc524bc,88,88,1.0,88.0,0.4204545319080353,0.3333333432674408,1.0,0.6704545617103577,5.0,0.03448275849223137,0.1034482792019844,0.0754174292087555,0.012128818780183792,0.02589195966720581,0.007142164744436741,113.7425308227539,150.18618774414062,170.24569702148438,169.44873046875,175.37379455566406,169.4058837890625,163.50445556640625,162.89515686035156,160.55067443847656,175.36239624023438,122.50523376464844,143.40521240234375,168.49578857421875,158.9978790283203,163.33116149902344,170.29931640625,170.48187255859375,161.0543670654297,163.96250915527344,168.32115173339844,169.114990234375,163.77098083496094,93.43049621582031,41.2545166015625,6.689634323120117,43.508384704589844,19.628192901611328,131.58126831054688,169.5826873779297,169.27352905273438,38.305938720703125,31.88467025756836,8.453903198242188,7.654229164123535,5.546857833862305,5.364699363708496,5.884359359741211,8.002006530761719,5.699198246002197,6.780053615570068,0.654819667339325,0.5799948573112488,0.35392969846725464,0.2729796767234802,0.23795850574970245,0.2804702818393707,0.3065458834171295,0.18132999539375305,0.18840545415878296,0.1607411503791809,0.44780728220939636,0.38466039299964905,0.24587008357048035,0.2529018819332123,0.23956458270549774,0.2499081939458847,0.28872150182724,0.33362001180648804,0.3898094892501831,0.3619524836540222,0.5193473100662231,0.4716293513774872,0.4136468470096588,0.4654771089553833,0.44025880098342896,0.452046275138855,0.48986852169036865,0.5341824293136597,0.6069544553756714,0.5784782767295837,0.2071067988872528,0.19540776312351227,0.10873670876026154,0.034363456070423126,0.01953776925802231,0.03892098367214203,0.036651525646448135,0.15300637483596802,0.20171694457530975,0.20136117935180664,0.0,0.0,0.0,0.2222222238779068,0.5555555820465088,0.0,0.3333333432674408,1.0,1.0,1.0,0.0,1.0,0.34090909361839294,3.0,170.3277587890625,157.5615997314453,0.29885056614875793,0.2298850566148758,0.3139534890651703,0.1744185984134674,0.13953489065170288,65.64694213867188,35.48143005371094,64.28240966796875,21.231414794921875,1.0,1.0
/Users/josephkamil/Desktop/Capstone/Oly_Data/raw/clean_and_jerk/v_CleanAndJerk_g13_c01.avi,clean_and_jerk,v_CleanAndJerk_g13_c01.avi,0.22,clean_and_jerk,,yes,,olympic,clean_and_jerk_g13,train,bba70a9ed8bc1918ab91212833764eec557974b5e7ebbdfb4b622b84dc1a53f2,1.0,bba70a9ed8bc1918ab91212833764eec557974b5e7ebbdfb4b622b84dc1a53f2,81,81,1.0,81.0,0.48148149251937866,0.4000000059604645,1.0,0.604938268661499,5.0,0.125,0.48750001192092896,0.2489490509033203,0.02643786370754242,0.03999274969100952,0.007698662579059601,62.979270935058594,54.289588928222656,156.8333740234375,165.8546600341797,133.239501953125,172.29617309570312,117.26901245117188,80.74267578125,146.6826629638672,110.414306640625,81.47105407714844,87.76797485351562,130.83444213867188,163.11740112304688,90.68083190917969,13.356058120727539,62.1468620300293,152.90711975097656,170.55194091796875,176.40704345703125,167.28524780273438,171.706787109375,173.54562377929688,170.7628936767578,146.87135314941406,156.89254760742188,162.1162109375,173.91282653808594,173.53204345703125,168.28216552734375,2.7008423805236816,4.76400089263916,2.4119644165039062,2.6311819553375244,0.917375385761261,0.908972978591919,0.7381227612495422,2.6136929988861084,1.0103771686553955,0.728265643119812,0.78084397315979,0.7682693004608154,0.6926654577255249,0.5455460548400879,0.5102404356002808,0.6629804372787476,0.5139791369438171,0.37873780727386475,0.2974851727485657,0.285481333732605,0.640434741973877,0.6296501159667969,0.5476057529449463,0.446258544921875,0.5256112813949585,0.6118715405464172,0.570610761642456,0.4902007579803467,0.4158145785331726,0.40765678882598877,0.7477737069129944,0.7293264865875244,0.669731855392456,0.6124226450920105,0.7020962834358215,0.745773196220398,0.7109449505805969,0.6677563786506653,0.6280304193496704,0.6291832327842712,0.1414339542388916,0.13912606239318848,0.14507503807544708,0.09977102279663086,0.07625405490398407,0.09750792384147644,0.09386403858661652,0.11154620349407196,0.11835942417383194,0.12219849973917007,0.0,0.0,0.0,0.0,0.75,0.25,0.75,1.0,1.0,1.0,0.0,1.0,0.3827160596847534,3.0,160.80120849609375,155.4810028076172,0.2750000059604645,-0.08749999850988388,0.6202531456947327,0.607594907283783,0.012658228166401386,169.66256713867188,150.22555541992188,122.81255340576172,167.839599609375,5.0,4.0
/Users/josephkamil/Desktop/Capstone/Oly_Data/raw/clean_and_jerk/v_CleanAndJerk_g15_c04.avi,clean_and_jerk,v_CleanAndJerk_g15_c04.avi,0.29,clean_and_jerk,,yes,,olympic,clean_and_jerk_ucf_g15,test,b5ea08f7ed6afd814d541bb0ce84e6dd7cf26d2ba5b5295f2eeb5e0ee1c88da0,1.0,b5ea08f7ed6afd814d541bb0ce84e6dd7cf26d2ba5b5295f2eeb5e0ee1c88da0,111,111,1.0,111.0,0.6936936974525452,0.30909091234207153,1.0,0.6936936974525452,1.0,0.4000000059604645,0.10000000149011612,0.04235637187957764,0.007978150621056557,0.06569725275039673,0.007399643771350384,93.70053100585938,107.32317352294922,164.88694763183594,94.16889953613281,68.93431854248047,130.56065368652344,168.6099090576172,178.19268798828125,175.16421508789062,176.90638732910156,86.2185287475586,95.45976257324219,155.93504333496094,93.8644790649414,72.02650451660156,126.93427276611328,155.54127502441406,165.30552673339844,165.27952575683594,165.4416046142578,169.7806396484375,174.91607666015625,175.2021026611328,158.78807067871094,162.24945068359375,160.8056640625,168.08175659179688,163.94679260253906,162.74952697753906,160.99017333984375,1.8520954847335815,3.331768274307251,2.7020833492279053,2.119065284729004,2.649482488632202,1.4402787685394287,0.47993919253349304,0.26611748337745667,0.28023889660835266,0.6202495694160461,0.753333330154419,0.6955940127372742,0.47700509428977966,0.3700273334980011,0.41006118059158325,0.31050971150398254,0.1738954484462738,0.13819439709186554,0.13424791395664215,0.13325347006320953,0.5757943987846375,0.5277563333511353,0.3372209966182709,0.4588273763656616,0.5243313312530518,0.4193413555622101,0.2877821922302246,0.25723278522491455,0.257129967212677,0.25589898228645325,0.6978960633277893,0.6532320380210876,0.523088276386261,0.6680276393890381,0.7302650809288025,0.6181922554969788,0.5129274129867554,0.4906180500984192,0.4916312098503113,0.4925210475921631,0.17862647771835327,0.16802965104579926,0.1398448348045349,0.1006559357047081,0.11448207497596741,0.10888788849115372,0.11389148980379105,0.11904165148735046,0.12288740277290344,0.1226559653878212,0.0,0.0,0.0,0.9090909361839294,1.0,1.0,1.0,1.0,1.0,1.0,0.0,1.0,0.6936936974525452,1.0,152.8560333251953,158.92771911621094,-0.09090909361839294,0.20909090340137482,0.15596330165863037,0.15596330165863037,0.0,118.78638458251953,123.65826416015625,110.22254180908203,110.22700500488281,2.0,2.0
/Users/josephkamil/Desktop/Capstone/Oly_Data/raw/clean_and_jerk/v_CleanAndJerk_g22_c04.avi,clean_and_jerk,v_CleanAndJerk_g22_c04.avi,0.64,clean_and_jerk,,yes,,olympic,clean_and_jerk_ucf_g22,train,6e787d3822b78613955254803d50a10a23fab340344031380e5ba3469334847b,1.0,6e787d3822b78613955254803d50a10a23fab340344031380e5ba3469334847b,242,242,1.0,242.0,0.8181818127632141,0.16597510874271393,1.0,0.8347107172012329,5.0,0.19917012751102448,0.19917012751102448,0.0497073233127594,0.006177894771099091,0.06419879198074341,0.005118394736200571,136.48963928222656,136.6332550048828,83.43820190429688,151.2070770263672,175.86248779296875,177.9314422607422,175.3304443359375,162.5482635498047,164.97613525390625,175.87716674804688,130.76406860351562,138.3904571533203,82.50386810302734,152.1317901611328,170.23121643066406,171.1519775390625,170.7147979736328,167.0868682861328,175.18495178222656,174.58201599121094,173.7064971923828,114.48199462890625,40.35011291503906,42.879520416259766,56.24201965332031,37.5141487121582,33.19845199584961,89.84549713134766,175.1353302001953,172.67625427246094,9.670421600341797,4.07597017288208,1.766454815864563,1.8071578741073608,1.2647745609283447,0.7617979645729065,0.4723571836948395,0.7435073256492615,2.110969305038452,1.89165461063385,0.7849008440971375,0.5241075158119202,0.4807395935058594,0.37517479062080383,0.31626638770103455,0.3022654354572296,0.3042372167110443,0.26367756724357605,0.14038628339767456,0.13476036489009857,0.5628347992897034,0.41881418228149414,0.5022980570793152,0.393591046333313,0.3255789577960968,0.3148491084575653,0.32114049792289734,0.3638690412044525,0.361284464597702,0.3604241907596588,0.6883969306945801,0.6381304860115051,0.7062187194824219,0.6198633313179016,0.5682753324508667,0.5616347193717957,0.5663590431213379,0.5980561375617981,0.6051295399665833,0.6058425307273865,0.22228126227855682,0.11710121482610703,0.03250349685549736,0.02778036706149578,0.018745889887213707,0.018825598061084747,0.019561879336833954,0.10629080981016159,0.22099296748638153,0.2258317619562149,0.0,0.2083333283662796,1.0,0.9583333134651184,1.0,1.0,1.0,1.0,1.0,1.0,0.1041666641831398,1.0,0.6404958963394165,3.0,114.07440948486328,122.05359649658203,-0.033195022493600845,-0.033195022493600845,0.7333333492279053,0.05833333358168602,0.675000011920929,61.80231475830078,156.8454132080078,62.568504333496094,160.51382446289062,4.0,2.0
/Users/josephkamil/Desktop/Capstone/Oly_Data/raw/clean_and_jerk/v_CleanAndJerk_g01_c01.avi,clean_and_jerk,v_CleanAndJerk_g01_c01.avi,0.3,clean_and_jerk,,yes,,olympic,clean_and_jerk_ucf_g01,train,03a3f82bb8c3dce94b17b25d14747b3378db9e762f6ddecf9212120d40f9806b,1.0,03a3f82bb8c3dce94b17b25d14747b3378db9e762f6ddecf9212120d40f9806b,100,90,0.9,90.0,0.42222222685813904,0.14606741070747375,0.6067415475845337,0.46666666865348816,4.0,1.0,1.0,0.15702593326568604,0.015796536579728127,0.03216737508773804,0.005196001380681992,178.46502685546875,169.13128662109375,173.6020965576172,161.5107421875,173.41082763671875,176.827880859375,175.18934631347656,177.5602569580078,172.88377380371094,154.70863342285156,165.54200744628906,162.85841369628906,167.0084686279297,162.14938354492188,172.28085327148438,170.74575805664062,166.4119873046875,164.82723999023438,159.382080078125,139.05126953125,144.28370666503906,54.515830993652344,32.770660400390625,145.6513671875,166.9290008544922,78.12176513671875,53.08564376831055,136.21641540527344,134.76556396484375,154.93069458007812,1.2419171333312988,1.6792998313903809,1.3878462314605713,1.4866735935211182,1.4316041469573975,0.7515921592712402,0.6787960529327393,1.3044211864471436,3.666658639907837,7.532987594604492,0.4554554224014282,0.3523472845554352,0.30985018610954285,0.21599330008029938,0.17543010413646698,0.27014878392219543,0.36585843563079834,0.4466841518878937,0.5572837591171265,0.7180004715919495,0.33050405979156494,0.3317391872406006,0.3296019732952118,0.35412466526031494,0.33627209067344666,0.33764612674713135,0.3495357930660248,0.36613646149635315,0.43002694845199585,0.5668267607688904,0.5010731220245361,0.5046840906143188,0.5049401521682739,0.5496484041213989,0.5318325161933899,0.5150298476219177,0.5184993743896484,0.5420907735824585,0.5934217572212219,0.6604442000389099,0.12521222233772278,0.03538171574473381,0.0236677099019289,0.13813957571983337,0.16085967421531677,0.06764800101518631,0.0213262140750885,0.08222387731075287,0.1276090443134308,0.1518658995628357,0.0,0.5555555820465088,0.5555555820465088,1.0,1.0,1.0,0.1111111119389534,0.0,0.0,0.0,0.2777777910232544,0.0,0.36666667461395264,2.0,165.413330078125,161.35165405273438,-0.8539325594902039,-0.8539325594902039,0.8863636255264282,0.04545454680919647,0.8409090638160706,14.851181030273438,43.84233093261719,8.452438354492188,57.944976806640625,0.0,0.0
/Users/josephkamil/Desktop/Capstone/Oly_Data/raw/clean_and_jerk/v_CleanAndJerk_g04_c05.avi,clean_and_jerk,v_CleanAndJerk_g04_c05.avi,0.6,clean_and_jerk,,yes,,olympic,clean_and_jerk_ucf_g04,test,8bb9bef348427fb8412e34d2543bf9c3ee65e5cd6c596b7669ee6f34f4498d2e,1.0,8bb9bef348427fb8412e34d2543bf9c3ee65e5cd6c596b7669ee6f34f4498d2e,237,234,0.9873417721518988,234.0,0.504273533821106,0.09871244430541992,1.0,0.9017093777656555,25.0,0.17596566677093506,0.0,0.10608726739883423,0.007457934785634279,0.03560119867324829,0.003761181142181158,167.08372497558594,79.9326400756836,151.2661590576172,176.6433868408203,176.9470672607422,174.8826141357422,176.0445556640625,177.31378173828125,174.7878875732422,174.6884307861328,135.9783172607422,83.59310150146484,146.3034210205078,171.05528259277344,171.27040100097656,174.23199462890625,171.82040405273438,171.05885314941406,174.29327392578125,176.88819885253906,127.54449462890625,21.188373565673828,11.221287727355957,25.78173828125,19.744781494140625,39.22551345825195,26.11243438720703,8.20004653930664,85.34320068359375,171.5640106201172,37.10399627685547,7.97837495803833,2.4519970417022705,0.8690693974494934,1.1596013307571411,3.30090069770813,1.5283877849578857,0.8772883415222168,1.8370792865753174,0.8192568421363831,0.5245866179466248,0.5268625020980835,0.42937836050987244,0.34319010376930237,0.3422216475009918,0.34032371640205383,0.34080812335014343,0.3662184774875641,0.2980286478996277,0.18458478152751923,0.4297204613685608,0.5269280076026917,0.4179181158542633,0.3366250991821289,0.3373366892337799,0.35820692777633667,0.34859761595726013,0.3609173595905304,0.3598140776157379,0.3284357786178589,0.5349839329719543,0.6575364470481873,0.5729113221168518,0.5157518982887268,0.5142940878868103,0.5243348479270935,0.5165377855300903,0.5271656513214111,0.5294669270515442,0.5163658857345581,0.09601640701293945,0.01804443635046482,0.01770644076168537,0.01076686941087246,0.010820403695106506,0.02051038108766079,0.01126741711050272,0.009305094368755817,0.07015229016542435,0.1439821571111679,0.0,0.47826087474823,0.1666666716337204,0.17391304671764374,0.3333333432674408,1.0,0.8695651888847351,0.25,0.782608687877655,1.0,0.23404255509376526,0.8936170339584351,0.19658119976520538,13.0,158.0466766357422,156.92176818847656,-0.07725322246551514,0.09871244430541992,0.017241379246115685,0.8318965435028076,-0.8146551847457886,54.473793029785156,152.701416015625,169.0308074951172,154.0353240966797,2.0,1.0
/Users/josephkamil/Desktop/Capstone/Oly_Data/raw/clean_and_jerk/v_CleanAndJerk_g12_c06.avi,clean_and_jerk,v_CleanAndJerk_g12_c06.avi,0.38,clean_and_jerk,,yes,,olympic,clean_and_jerk_ucf_g12,train,00e2337a35e837a68fd00faaec6070e686c231718fadc01a03373cd8a143d840,1.0,00e2337a35e837a68fd00faaec6070e686c231718fadc01a03373cd8a143d840,151,150,0.9933774834437086,150.0,0.6666666865348816,0.0,1.0,1.0,24.0,0.06040268391370773,0.268456369638443,0.1349460482597351,0.015106809325516224,0.04115867614746094,0.005781017243862152,72.65586853027344,132.08114624023438,63.582759857177734,104.03136444091797,163.79937744140625,177.483642578125,173.27389526367188,137.2498321533203,169.73231506347656,177.62496948242188,153.45541381835938,157.69149780273438,78.4107666015625,105.41683959960938,165.27850341796875,175.2222137451172,174.060302734375,163.3645782470703,175.93482971191406,177.64524841308594,148.36109924316406,151.04078674316406,62.26521301269531,44.61793899536133,49.9791145324707,21.845090866088867,20.107051849365234,98.63853454589844,141.2609100341797,167.97671508789062,106.55213928222656,3.636479616165161,10.110457420349121,18.206165313720703,4.575798034667969,4.982133865356445,4.620819568634033,3.7488975524902344,2.6170287132263184,1.5985877513885498,0.5393117666244507,0.46580836176872253,0.5298647284507751,0.4755135774612427,0.37095651030540466,0.32626184821128845,0.32202252745628357,0.41079604625701904,0.19048836827278137,0.15039688348770142,0.54446941614151,0.37939032912254333,0.5244038701057434,0.47943374514579773,0.3528212308883667,0.3381388485431671,0.33915629982948303,0.3712698817253113,0.30557766556739807,0.30523210763931274,0.5532920360565186,0.5340230464935303,0.6621735692024231,0.6057910919189453,0.5158140659332275,0.5060591101646423,0.5039399862289429,0.5325713157653809,0.4898139536380768,0.49039003252983093,0.11269661784172058,0.10051381587982178,0.04580162465572357,0.044196441769599915,0.04586612433195114,0.03256193920969963,0.028994161635637283,0.06963192671537399,0.11826808750629425,0.1548488438129425,0.6666666865348816,0.13333334028720856,0.6666666865348816,0.800000011920929,0.3333333432674408,0.7333333492279053,0.8666666746139526,0.46666666865348816,1.0,1.0,0.4000000059604645,1.0,0.20000000298023224,13.0,166.3196563720703,111.3906021118164,-0.06040268391370773,-0.268456369638443,0.7635135054588318,0.054054055362939835,0.7094594836235046,0.0,170.87115478515625,0.0,126.74412536621094,3.0,1.0
/Users/josephkamil/Desktop/Capstone/Oly_Data/raw/clean_and_jerk/v_CleanAndJerk_g19_c01.avi,clean_and_jerk,v_CleanAndJerk_g19_c01.avi,0.76,clean_and_jerk,,yes,,olympic,clean_and_jerk_ucf_g19,dev,080ac19293d3f274343a391057c408f946910d5f10804449f4b9d2693e5ba6f1,1.0,080ac19293d3f274343a391057c408f946910d5f10804449f4b9d2693e5ba6f1,290,289,0.996551724137931,289.0,0.5674740672111511,0.4131944477558136,1.0,0.5882353186607361,9.0,0.4652777910232544,0.1284722238779068,0.05323156714439392,0.005586622282862663,0.10790669918060303,0.004709319211542606,154.7828826904297,156.62001037597656,149.66989135742188,136.57325744628906,112.26505279541016,162.88949584960938,177.16555786132812,164.79159545898438,175.40699768066406,176.4405975341797,16.645496368408203,20.72455406188965,30.15386199951172,121.65899658203125,113.74041748046875,158.76895141601562,168.09127807617188,164.35745239257812,174.5758514404297,168.14614868164062,174.89401245117188,174.84149169921875,172.20045471191406,175.14353942871094,53.05216979980469,37.14039611816406,26.987890243530273,56.526763916015625,173.68310546875,173.2926483154297,163.31556701660156,158.90061950683594,146.5275115966797,9.11298656463623,1.8236945867538452,1.11290442943573,0.9306937456130981,1.2466095685958862,0.9402280449867249,0.6740502715110779,0.8415637612342834,0.8226755261421204,0.8395498991012573,0.7198122143745422,0.5522168278694153,0.4113701581954956,0.38730600476264954,0.3741239309310913,0.20520325005054474,0.18405300378799438,0.6474714279174805,0.6226109266281128,0.6352983117103577,0.516456663608551,0.5482606291770935,0.42895030975341797,0.40311628580093384,0.42412540316581726,0.40065068006515503,0.37182754278182983,0.5617567896842957,0.5545732975006104,0.58318692445755,0.644158124923706,0.7265016436576843,0.6298086047172546,0.6044749617576599,0.6253091096878052,0.6224004030227661,0.5880264043807983,0.195086270570755,0.2003239244222641,0.20437179505825043,0.20344918966293335,0.029180727899074554,0.019468005746603012,0.01594298891723156,0.05102960392832756,0.1955445259809494,0.1877969652414322,0.0,0.0,0.0,0.0,0.7241379022598267,0.9655172228813171,1.0,0.9655172228813171,1.0,1.0,0.0,1.0,0.2456747442483902,5.0,159.98724365234375,151.28579711914062,-0.0520833320915699,0.2847222089767456,0.5261324048042297,0.5296167135238647,-0.003484320593997836,101.59242248535156,108.18685150146484,174.65855407714844,105.3633804321289,4.0,4.0
/Users/josephkamil/Desktop/Capstone/Oly_Data/raw/clean_and_jerk/v_CleanAndJerk_g24_c02.avi,clean_and_jerk,v_CleanAndJerk_g24_c02.avi,0.79,clean_and_jerk,,yes,,olympic,clean_and_jerk_ucf_g24,train,c936ce721793753ae8000c7b516a26e6f226be3c5b8d99d05774d2db78b164ca,1.0,c936ce721793753ae8000c7b516a26e6f226be3c5b8d99d05774d2db78b164ca,263,234,0.8897338403041825,234.0,0.5982906222343445,0.18884120881557465,1.0,0.811965823173523,23.0,0.22746780514717102,0.22746780514717102,0.1595820188522339,0.007781280670315027,0.1540507674217224,0.005791656672954559,93.2749252319336,142.90211486816406,122.20987701416016,165.3732452392578,175.0464324951172,177.9972381591797,161.48861694335938,126.78214263916016,153.8451690673828,176.1531524658203,74.62439727783203,135.3125457763672,124.90145111083984,159.191650390625,167.7353057861328,171.82241821289062,159.64779663085938,121.87764739990234,142.1688232421875,171.6267547607422,174.57485961914062,169.0001983642578,57.0413932800293,63.41457748413086,60.26655197143555,50.397823333740234,56.78593826293945,139.63246154785156,170.97366333007812,172.671630859375,25.99888038635254,11.171675682067871,1.5381196737289429,1.0462095737457275,0.47892680764198303,1.2732479572296143,1.5697736740112305,2.103327989578247,7.393954753875732,5.538379669189453,0.8506730794906616,0.6573217511177063,0.5250611901283264,0.42878976464271545,0.41721460223197937,0.42232829332351685,0.4490572512149811,0.3673992156982422,0.2711837887763977,0.20967303216457367,0.6568266749382019,0.5100477337837219,0.5203638076782227,0.433959424495697,0.42223668098449707,0.4241873323917389,0.44675856828689575,0.49441802501678467,0.448261559009552,0.3904193937778473,0.7567808628082275,0.6638429760932922,0.7014498710632324,0.6231001019477844,0.6116783022880554,0.6139213442802429,0.637032151222229,0.7001946568489075,0.6629840731620789,0.6068289875984192,0.19423717260360718,0.1559561938047409,0.03836476802825928,0.023676468059420586,0.022193655371665955,0.02261502668261528,0.023298779502511024,0.13618652522563934,0.17715688049793243,0.18090887367725372,0.0,0.043478261679410934,0.4583333432674408,0.739130437374115,1.0,0.5652173757553101,0.30434781312942505,0.8333333134651184,1.0,1.0,0.021276595070958138,1.0,0.28205129504203796,12.0,122.24263000488281,139.68077087402344,-0.03862661123275757,-0.03862661123275757,0.23275862634181976,0.23275862634181976,0.0,123.090576171875,164.32496643066406,125.52734375,132.0892791748047,4.0,4.0
/Users/josephkamil/Desktop/Capstone/Oly_Data/raw/clean_and_jerk/v_CleanAndJerk_g21_c02.avi,clean_and_jerk,v_CleanAndJerk_g21_c02.avi,0.28,clean_and_jerk,,yes,,olympic,clean_and_jerk_ucf_g21,test,41bf7ddbea17aa565656ab1e7586b280f44c6fd536b5a128cbfe9f0dd8081d2f,1.0,41bf7ddbea17aa565656ab1e7586b280f44c6fd536b5a128cbfe9f0dd8081d2f,95,95,1.0,95.0,0.7157894968986511,0.28723403811454773,1.0,0.7157894968986511,1.0,0.021276595070958138,0.010638297535479069,0.10518711805343628,0.01681356318295002,0.058248043060302734,0.007765738759189844,31.26558494567871,135.36312866210938,151.97927856445312,69.29776000976562,72.855712890625,151.93003845214844,162.2753448486328,173.08389282226562,174.88018798828125,175.9302215576172,64.8675537109375,130.65921020507812,167.87974548339844,108.8061294555664,82.89315795898438,142.4485626220703,156.39390563964844,170.82275390625,177.02049255371094,174.02401733398438,172.6328887939453,174.08242797851562,154.2547149658203,134.741455078125,153.0380859375,79.83548736572266,143.59893798828125,129.97213745117188,124.915771484375,102.95597839355469,4.178686141967773,9.130765914916992,8.837732315063477,4.959988594055176,5.2940192222595215,9.968169212341309,8.827614784240723,5.090159893035889,4.7993645668029785,4.231759548187256,0.8028562068939209,0.7071307897567749,0.5190278887748718,0.4694431722164154,0.46908167004585266,0.45936909317970276,0.31187835335731506,0.31177395582199097,0.332232266664505,0.336473673582077,0.6324496269226074,0.5347498059272766,0.4271138906478882,0.5632432103157043,0.5942606925964355,0.5263965725898743,0.4094703495502472,0.3993379473686218,0.3832817077636719,0.3876487612724304,0.7759130001068115,0.6783172488212585,0.6135990023612976,0.7690854072570801,0.7673241496086121,0.6799466609954834,0.6091939210891724,0.6140581369400024,0.6102225184440613,0.6137253642082214,0.17072010040283203,0.17255249619483948,0.12561875581741333,0.10065414011478424,0.1259942650794983,0.07121222466230392,0.09883265197277069,0.09039001911878586,0.053724270313978195,0.05587988346815109,0.0,0.0,0.1111111119389534,1.0,1.0,1.0,1.0,1.0,1.0,1.0,0.0,1.0,0.7157894968986511,1.0,119.86156463623047,156.4104461669922,0.26595744490623474,0.27659574151039124,0.5913978219032288,0.10752688348293304,0.4838709533214569,170.5580291748047,126.32662963867188,154.33546447753906,111.57015228271484,1.0,2.0
/Users/josephkamil/Desktop/Capstone/Oly_Data/raw/clean_and_jerk/v_CleanAndJerk_g09_c01.avi,clean_and_jerk,v_CleanAndJerk_g09_c01.avi,0.6,clean_and_jerk,,yes,,olympic,clean_and_jerk_ucf_g09,train,3ce3b958e642b3025f9cf7c43ff525086b70528d88c87093d706e64e470c246d,1.0,3ce3b958e642b3025f9cf7c43ff525086b70528d88c87093d706e64e470c246d,253,252,0.9960474308300395,252.0,0.7023809552192688,0.15537849068641663,1.0,0.8452380895614624,17.0,0.7848605513572693,0.7569721341133118,0.5070454478263855,0.01480122935026884,0.6216874122619629,0.013219333253800869,164.0077362060547,134.32925415039062,164.58872985839844,171.44464111328125,179.28073120117188,176.19532775878906,178.03866577148438,140.5865020751953,172.3513641357422,170.50912475585938,144.05990600585938,126.07951354980469,150.91798400878906,164.18138122558594,173.78555297851562,175.32147216796875,174.1826934814453,30.230087280273438,169.94894409179688,173.82293701171875,175.8677520751953,78.51802825927734,23.939485549926758,20.9348201751709,23.662050247192383,21.998760223388672,18.4327392578125,139.8908233642578,169.42222595214844,170.5403594970703,1.7803332805633545,1.4428547620773315,1.8365440368652344,0.4041213095188141,0.7584203481674194,1.0786374807357788,0.7996417880058289,1.007291316986084,1.3715554475784302,0.9120557308197021,0.7701939940452576,0.5461441278457642,0.4275328516960144,0.32071173191070557,0.5676307082176208,0.5674704909324646,0.6315186023712158,0.604243814945221,0.16041116416454315,0.16506296396255493,0.5372089147567749,0.4534940719604492,0.4269930124282837,0.33308735489845276,0.5894420742988586,0.6063967347145081,0.6390196084976196,0.8726528882980347,0.3796374499797821,0.38695794343948364,0.6396049857139587,0.6619580984115601,0.635205864906311,0.5768064856529236,1.2183423042297363,1.2586560249328613,1.290488600730896,1.3509809970855713,0.6062071323394775,0.5985132455825806,0.23299802839756012,0.09523670375347137,0.013237415812909603,0.016405312344431877,0.022807486355304718,0.03922679275274277,0.026381904259324074,0.29542940855026245,0.21931929886341095,0.22259241342544556,0.0,0.1599999964237213,0.3199999928474426,0.8799999952316284,0.9615384340286255,1.0,0.8399999737739563,0.8399999737739563,1.0,1.0,0.07999999821186066,1.0,0.2579365074634552,9.0,127.79519653320312,122.8552017211914,-0.629482090473175,-0.6015936136245728,0.7919999957084656,0.7879999876022339,0.004000000189989805,46.62275695800781,159.0509033203125,40.810264587402344,178.80264282226562,2.0,3.0
/Users/josephkamil/Desktop/Capstone/Oly_Data/raw/clean_and_jerk/v_CleanAndJerk_g03_c05.avi,clean_and_jerk,v_CleanAndJerk_g03_c05.avi,0.61,clean_and_jerk,,yes,,olympic,clean_and_jerk_ucf_g03,train,5721fb139b84c411f3b2b6da908cbfb0d7a9dcb11b19711d6c6b249d4beb3d77,1.0,5721fb139b84c411f3b2b6da908cbfb0d7a9dcb11b19711d6c6b249d4beb3d77,238,238,1.0,238.0,0.9327731132507324,0.050632912665605545,1.0,0.9495798349380493,5.0,0.08860759437084198,0.08860759437084198,0.15970632433891296,0.0060556004755198956,0.11851292848587036,0.005672067403793335,114.71248626708984,125.7542953491211,169.76661682128906,172.34498596191406,173.9892120361328,172.9339141845703,159.6634979248047,163.99386596679688,176.7593994140625,176.73463439941406,113.55596160888672,121.6734390258789,163.08889770507812,166.03213500976562,165.41123962402344,164.7189483642578,156.59300231933594,163.1798553466797,171.5155792236328,169.51087951660156,111.30998229980469,48.87123489379883,41.82374954223633,49.29825973510742,45.5504150390625,46.44475173950195,79.8812255859375,176.3162384033203,178.201171875,177.792236328125,0.7645103335380554,0.2987847626209259,0.696413516998291,1.1149958372116089,0.25192904472351074,0.20572851598262787,0.4288043975830078,1.1986844539642334,2.301851272583008,1.0344237089157104,0.5051220059394836,0.4679299294948578,0.23436664044857025,0.21012263000011444,0.2119463086128235,0.21514244377613068,0.23306913673877716,0.14019137620925903,0.12583903968334198,0.12273260205984116,0.3936983048915863,0.47772642970085144,0.2534959316253662,0.23342645168304443,0.2351338416337967,0.23816850781440735,0.3112261891365051,0.34062087535858154,0.3265601396560669,0.3246736228466034,0.6289076805114746,0.6935319900512695,0.5113315582275391,0.49618229269981384,0.4983467161655426,0.5002884864807129,0.5571497678756714,0.5712518095970154,0.5671719312667847,0.5707083344459534,0.12031187862157822,0.010608409531414509,0.01941174454987049,0.023359328508377075,0.02340894378721714,0.0230926014482975,0.0781811773777008,0.2005593627691269,0.2008049488067627,0.20203502476215363,0.3478260934352875,0.9583333134651184,1.0,1.0,1.0,1.0,1.0,1.0,1.0,1.0,0.6666666865348816,1.0,0.8697478771209717,3.0,96.00933074951172,98.65202331542969,-0.037974681705236435,-0.037974681705236435,0.6440678238868713,0.6440678238868713,0.0,74.59337615966797,141.7676544189453,63.83821105957031,138.64959716796875,1.0,1.0
/Users/josephkamil/Desktop/Capstone/Oly_Data/raw/clean_and_jerk/v_CleanAndJerk_g07_c05.avi,clean_and_jerk,v_CleanAndJerk_g07_c05.avi,0.5,clean_and_jerk,,yes,,olympic,clean_and_jerk_ucf_g07,train,32053334a27d667bbc37e25726425bbedcb44d772b0abb6712a1226a9964fa3e,1.0,32053334a27d667bbc37e25726425bbedcb44d772b0abb6712a1226a9964fa3e,190,190,1.0,190.0,0.7947368621826172,0.1428571492433548,1.0,0.8578947186470032,9.0,0.18518517911434174,0.20105819404125214,0.07163205742835999,0.008358234539628029,0.12194067239761353,0.007294340059161186,151.49746704101562,119.087890625,121.38385009765625,167.774169921875,172.96282958984375,175.3234405517578,169.65029907226562,158.3201141357422,175.08628845214844,174.3837890625,137.7003173828125,118.98846435546875,117.09876251220703,160.28651428222656,167.01564025878906,167.0767364501953,164.27854919433594,165.64321899414062,169.02085876464844,168.31890869140625,170.43081665039062,82.78468322753906,41.36680603027344,36.67454147338867,36.2145881652832,30.6018123626709,37.836673736572266,86.25970458984375,176.1792449951172,177.6125946044922,0.8610348701477051,1.0659321546554565,0.6050823330879211,1.4164459705352783,0.5778859257698059,0.6637712121009827,0.3490082919597626,1.1671041250228882,0.3413971960544586,0.7559625506401062,0.6184149384498596,0.447317510843277,0.46192264556884766,0.2702259123325348,0.24496665596961975,0.23445338010787964,0.2491668164730072,0.23680847883224487,0.1622292697429657,0.1535337269306183,0.3816263675689697,0.38019219040870667,0.4679141342639923,0.2776644229888916,0.25303205847740173,0.2482677698135376,0.2614818513393402,0.3241855502128601,0.3522706627845764,0.3410169184207916,0.5052767992019653,0.6185927987098694,0.6907464265823364,0.5325963497161865,0.5072497725486755,0.507034957408905,0.51756352186203,0.5586422681808472,0.5553568005561829,0.5524920225143433,0.23686328530311584,0.08595901727676392,0.011334246955811977,0.013582218438386917,0.00932337623089552,0.015537572093307972,0.015155560337007046,0.08844979107379913,0.19007715582847595,0.1875045746564865,0.0,0.3684210479259491,0.8947368264198303,0.8421052694320679,1.0,1.0,0.8421052694320679,1.0,1.0,1.0,0.18421052396297455,1.0,0.3684210479259491,5.0,131.25428771972656,129.59719848632812,-0.042328041046857834,-0.05820105969905853,0.7446808218955994,0.2393617033958435,0.5053191781044006,42.93595886230469,121.28721618652344,41.77191925048828,111.57534790039062,3.0,2.0
/Users/josephkamil/Desktop/Capstone/Oly_Data/raw/clean_and_jerk/v_CleanAndJerk_g15_c02.avi,clean_and_jerk,v_CleanAndJerk_g15_c02.avi,0.24,clean_and_jerk,,yes,,olympic,clean_and_jerk_ucf_g15,test,410697c96338ae13787cd05a4edf5dbc055a0e36da70c209267f820b7e3dbc15,1.0,410697c96338ae13787cd05a4edf5dbc055a0e36da70c209267f820b7e3dbc15,83,80,0.963855421686747,80.0,0.0,1.0,0.0,0.0,0.0,0.949367105960846,0.5189873576164246,0.02295440435409546,0.002242483664304018,0.003971576690673828,0.0008723509381525218,175.26803588867188,176.255126953125,173.38909912109375,174.93600463867188,172.95181274414062,174.56610107421875,168.8162841796875,171.88092041015625,165.03500366210938,162.07684326171875,172.00927734375,168.83642578125,171.24813842773438,172.0237274169922,172.09442138671875,170.11669921875,173.7034912109375,172.1141357421875,177.2010498046875,177.69705200195312,137.42259216308594,129.57196044921875,139.0404052734375,145.07931518554688,142.78775024414062,137.4287109375,134.6921844482422,138.71365356445312,154.76498413085938,154.72439575195312,3.8320608139038086,3.3070507049560547,4.967268943786621,6.5803022384643555,5.04445743560791,4.424747467041016,4.805716037750244,5.350832939147949,3.1389739513397217,1.8032252788543701,0.5452598333358765,0.5568695068359375,0.5501881837844849,0.5538792610168457,0.559264063835144,0.5654028654098511,0.5674166083335876,0.5684399604797363,0.5754761695861816,0.5748221278190613,0.4343549907207489,0.43765854835510254,0.4389614462852478,0.4416095018386841,0.4432227611541748,0.4458317160606384,0.45003223419189453,0.4523337185382843,0.4556506276130676,0.456296443939209,0.5809000730514526,0.5903056263923645,0.5884453654289246,0.5869569778442383,0.589253842830658,0.5926632881164551,0.5934373140335083,0.5948407649993896,0.6014835834503174,0.6051508188247681,0.11218276619911194,0.12049789726734161,0.11323020607233047,0.11457312107086182,0.11683951318264008,0.11964429914951324,0.11796196550130844,0.11721929907798767,0.12084601819515228,0.1195317879319191,0.0,0.0,0.0,0.0,0.0,0.0,0.0,0.0,0.0,0.0,0.0,0.0,0.0,0.0,180.0,180.0,0.050632912665605545,0.4810126721858978,0.012820512987673283,0.5641025900840759,-0.5512820482254028,27.508193969726562,0.0,13.797027587890625,0.0,0.0,0.0
/Users/josephkamil/Desktop/Capstone/Oly_Data/raw/clean_and_jerk/v_CleanAndJerk_g21_c01.avi,clean_and_jerk,v_CleanAndJerk_g21_c01.avi,0.31,clean_and_jerk,,yes,,olympic,clean_and_jerk_ucf_g21,test,10b1394d31da81b89a00a642761a92260e71d529612e3e36d9170f4c36d513bc,1.0,10b1394d31da81b89a00a642761a92260e71d529612e3e36d9170f4c36d513bc,101,77,0.7623762376237624,77.0,0.27272728085517883,0.10526315867900848,0.9736841917037964,0.8701298832893372,26.0,0.1315789520740509,0.0,0.1860451102256775,0.059932075440883636,0.15751081705093384,0.009204862639307976,132.08889770507812,65.55671691894531,82.00927734375,38.7402458190918,52.033172607421875,107.66804504394531,141.1048583984375,164.65829467773438,166.2811737060547,171.5617218017578,117.47627258300781,58.996856689453125,80.97853088378906,50.95236587524414,55.97756576538086,105.93031311035156,129.783447265625,161.16622924804688,162.43276977539062,168.1536865234375,156.47970581054688,161.60292053222656,156.43394470214844,165.1569061279297,120.78133392333984,133.5128173828125,162.36231994628906,171.4128875732422,133.84121704101562,142.07089233398438,33.809356689453125,6.738651275634766,8.269363403320312,6.851383686065674,11.0495023727417,13.875852584838867,14.616957664489746,8.608221054077148,5.00937032699585,6.591158390045166,0.6251545548439026,0.6848087906837463,0.5793427228927612,0.6279287934303284,0.565516471862793,0.5425407886505127,0.5123283267021179,0.5746239423751831,0.4014488756656647,0.38571763038635254,0.5050838589668274,0.6470954418182373,0.6040017604827881,0.6267663240432739,0.6004396080970764,0.5271357297897339,0.46360307931900024,0.4184873104095459,0.3751906454563141,0.36346444487571716,0.6120205521583557,0.7588316202163696,0.7443479895591736,0.7772642374038696,0.7535640001296997,0.687875509262085,0.6334505677223206,0.6032172441482544,0.5764907598495483,0.5623403787612915,0.12309225648641586,0.05554889515042305,0.07504570484161377,0.04519214108586311,0.05968960374593735,0.02952761948108673,0.05854495242238045,0.15627017617225647,0.05335209518671036,0.04967285692691803,0.0,0.125,0.5,0.4285714328289032,0.625,0.25,0.1428571492433548,0.0,0.375,0.25,0.06666667014360428,0.3333333432674408,0.03896103799343109,13.0,75.40288543701172,81.15860748291016,-0.02631578966975212,0.10526315867900848,0.2266666740179062,0.0,0.2266666740179062,131.32656860351562,163.3472442626953,152.06546020507812,154.77249145507812,2.0,2.0
/Users/josephkamil/Desktop/Capstone/Oly_Data/raw/clean_and_jerk/v_CleanAndJerk_g14_c04.avi,clean_and_jerk,v_CleanAndJerk_g14_c04.avi,0.89,clean_and_jerk,,yes,,olympic,clean_and_jerk_ucf_g14,test,7c2bd4808a02317c4813a7fd05b12934f815af9160e9aaadd59d7d813dcd99e1,1.0,7c2bd4808a02317c4813a7fd05b12934f815af9160e9aaadd59d7d813dcd99e1,345,323,0.936231884057971,323.0,0.5789473652839661,0.08695652335882187,1.0,0.9133126735687256,47.0,0.06832297891378403,0.06832297891378403,0.1819981336593628,0.015206587500870228,0.11615443229675293,0.0028461285401135683,106.27517700195312,138.03453063964844,171.44444274902344,169.12750244140625,171.73709106445312,172.8470001220703,175.17636108398438,148.0215301513672,128.14556884765625,167.90187072753906,113.59393310546875,138.87733459472656,165.96875,166.9303741455078,166.20187377929688,167.19277954101562,169.990966796875,148.52232360839844,118.02468872070312,154.1128692626953,125.71915435791016,57.083255767822266,41.66337585449219,35.983707427978516,11.429889678955078,38.19182586669922,33.61176681518555,90.12448120117188,166.09637451171875,153.5358428955078,9.976357460021973,5.886300086975098,2.535390615463257,2.9760451316833496,4.001348495483398,3.6674447059631348,3.0711910724639893,4.087801933288574,15.125593185424805,18.73854637145996,0.5904001593589783,0.45004802942276,0.40174323320388794,0.41262808442115784,0.4118613302707672,0.4085599184036255,0.3947736322879791,0.4205422103404999,0.46016138792037964,0.3398100733757019,0.5224820375442505,0.46326786279678345,0.4103553891181946,0.41026926040649414,0.40543997287750244,0.40660011768341064,0.4042348861694336,0.4325932562351227,0.4665676951408386,0.4011838734149933,0.6308417320251465,0.5911969542503357,0.546566367149353,0.5487154126167297,0.5460986495018005,0.5430836081504822,0.5380867123603821,0.572808027267456,0.6033374667167664,0.5451521277427673,0.0785830169916153,0.028537429869174957,0.02935229241847992,0.028417764231562614,0.020242948085069656,0.030593151226639748,0.030917074531316757,0.047215092927217484,0.07518881559371948,0.09146084636449814,0.125,0.8125,0.75,0.4545454680919647,0.28125,0.375,1.0,0.71875,0.5,0.7575757503509521,0.4769230782985687,0.6307692527770996,0.1207430362701416,24.0,48.12213897705078,64.9957504272461,0.018633540719747543,0.018633540719747543,0.8442367315292358,0.7570093274116516,0.08722741156816483,130.1462860107422,130.5902099609375,121.9859619140625,109.40352630615234,2.0,3.0
/Users/josephkamil/Desktop/Capstone/Oly_Data/raw/clean_and_jerk/v_CleanAndJerk_g05_c04.avi,clean_and_jerk,v_CleanAndJerk_g05_c04.avi,0.57,clean_and_jerk,,yes,,olympic,clean_and_jerk_ucf_g05,dev,cf3edd601d799766bad9026807a005aef19e8b5b0ef16c90376c78aa018b2ea1,1.0,cf3edd601d799766bad9026807a005aef19e8b5b0ef16c90376c78aa018b2ea1,206,206,1.0,206.0,0.8058252334594727,0.1609756052494049,1.0,0.8398058414459229,11.0,0.2048780471086502,0.2487804889678955,0.045850157737731934,0.006384494714438915,0.06596416234970093,0.005042955279350281,141.56204223632812,121.33949279785156,72.00336456298828,148.93482971191406,177.35638427734375,175.9443817138672,176.75953674316406,160.0177764892578,156.51600646972656,171.65232849121094,124.82035064697266,127.98124694824219,73.81919860839844,142.98854064941406,169.63185119628906,169.0112762451172,173.19483947753906,160.60809326171875,151.00669860839844,161.1954345703125,177.00537109375,123.60144805908203,60.83100128173828,73.70916748046875,90.25713348388672,48.127723693847656,47.73579788208008,117.64896392822266,91.05596160888672,175.31375122070312,7.634890556335449,3.046764373779297,3.245861768722534,1.813194990158081,0.7284626364707947,0.7136002779006958,0.6027222275733948,1.0538992881774902,1.3137023448944092,2.5976805686950684,0.7997193336486816,0.6034857630729675,0.6515352129936218,0.5202635526657104,0.46321895718574524,0.47111886739730835,0.4609105587005615,0.4698526859283447,0.4528141915798187,0.3339399993419647,0.6281720995903015,0.5423681139945984,0.6552037000656128,0.5295445919036865,0.4896829128265381,0.49551892280578613,0.4916069507598877,0.4966292381286621,0.5286083817481995,0.4973081052303314,0.7169155478477478,0.7006193995475769,0.7944385409355164,0.6865158081054688,0.6558043956756592,0.6636671423912048,0.6618334650993347,0.664955735206604,0.691950798034668,0.6715721487998962,0.17156574130058289,0.07587572187185287,0.018859509378671646,0.029882844537496567,0.038055017590522766,0.028310483321547508,0.03261687234044075,0.04191318899393082,0.07828809320926666,0.16361252963542938,0.0,0.380952388048172,0.8500000238418579,0.8095238208770752,1.0,1.0,1.0,1.0,1.0,1.0,0.19512194395065308,1.0,0.655339777469635,6.0,94.72846984863281,103.57501983642578,-0.043902438133955,-0.08780487626791,0.12254901975393295,0.8088235259056091,-0.686274528503418,80.21562194824219,133.31332397460938,67.71417999267578,120.47088623046875,4.0,4.0
/Users/josephkamil/Desktop/Capstone/Oly_Data/raw/clean_and_jerk/v_CleanAndJerk_g20_c02.avi,clean_and_jerk,v_CleanAndJerk_g20_c02.avi,0.74,clean_and_jerk,,yes,,olympic,clean_and_jerk_ucf_g20,train,0eddc0e1f03e03ac727c924e96a4ef292598fc54b985fc0b1a6a2f5b3b694160,1.0,0eddc0e1f03e03ac727c924e96a4ef292598fc54b985fc0b1a6a2f5b3b694160,282,145,0.5141843971631206,145.0,0.7034482955932617,0.1944444477558136,1.0,0.8068965673446655,19.0,0.9583333134651184,0.0,0.18925124406814575,0.01827460154891014,0.036077260971069336,0.00348108634352684,157.136962890625,160.73924255371094,173.80726623535156,163.58489990234375,159.63050842285156,174.30783081054688,159.3150634765625,150.06216430664062,163.67227172851562,149.6799774169922,153.29592895507812,164.0330047607422,171.84744262695312,166.46124267578125,167.0513153076172,158.74591064453125,159.72293090820312,176.7275390625,173.20753479003906,171.3133087158203,176.08792114257812,176.7686004638672,62.82419967651367,113.03024291992188,116.34394073486328,92.97584533691406,107.49185943603516,170.8374786376953,164.84451293945312,154.8004913330078,10.01677131652832,3.1235063076019287,1.6712217330932617,1.6529961824417114,1.3455268144607544,15.340134620666504,24.613210678100586,1.1430765390396118,2.360114574432373,2.6005806922912598,0.6212313771247864,0.5374985933303833,0.32916656136512756,0.2880054712295532,0.33957570791244507,0.4011582136154175,0.399850994348526,0.3200058043003082,0.2801915109157562,0.2447609305381775,0.46222835779190063,0.3880290389060974,0.33279135823249817,0.362177312374115,0.3720155656337738,0.3980494439601898,0.4361288845539093,0.45278915762901306,0.4108545780181885,0.3736308217048645,0.5890026092529297,0.5565052032470703,0.51862633228302,0.5433451533317566,0.5508188605308533,0.5630279779434204,0.5876960754394531,0.6248655319213867,0.588176429271698,0.5675762891769409,0.16029730439186096,0.1546930968761444,0.033937036991119385,0.083377905189991,0.052944742143154144,0.05918482691049576,0.0593486987054348,0.13297976553440094,0.1329125016927719,0.13341054320335388,0.0,0.06666667014360428,0.7857142686843872,1.0,0.9285714030265808,0.6000000238418579,0.6428571343421936,1.0,1.0,1.0,0.03448275849223137,1.0,0.35172414779663086,10.0,163.51388549804688,164.4663543701172,-0.7638888955116272,0.1944444477558136,0.18881118297576904,0.8321678042411804,-0.6433566212654114,49.4888916015625,69.5010986328125,42.02076721191406,37.52734375,3.0,0.0
/Users/josephkamil/Desktop/Capstone/Oly_Data/raw/clean_and_jerk/v_CleanAndJerk_g19_c02.avi,clean_and_jerk,v_CleanAndJerk_g19_c02.avi,0.59,clean_and_jerk,,yes,,olympic,clean_and_jerk_ucf_g19,dev,2e9d7ecd3e034ed34e442f2b5edf2f7a320db4ad1cd0eec5c630d7ecb8432db7,1.0,2e9d7ecd3e034ed34e442f2b5edf2f7a320db4ad1cd0eec5c630d7ecb8432db7,229,229,1.0,229.0,0.7685589790344238,0.21052631735801697,1.0,0.7903929948806763,5.0,0.25,0.25,0.041475534439086914,0.005421184469014406,0.04947161674499512,0.004631266929209232,115.76409149169922,159.13270568847656,89.52226257324219,150.17784118652344,173.07887268066406,176.68936157226562,169.2163848876953,165.18716430664062,171.4690704345703,176.75299072265625,104.51394653320312,146.4185028076172,98.05717468261719,145.77537536621094,164.21682739257812,166.33436584472656,161.28907775878906,156.4014434814453,157.69676208496094,168.34103393554688,168.3115997314453,168.6876220703125,56.1916618347168,36.47935485839844,33.6606330871582,56.513023376464844,36.705936431884766,132.582763671875,175.5529327392578,176.8341522216797,9.582079887390137,5.0377912521362305,1.0184670686721802,0.9154876470565796,0.49882134795188904,0.5815302729606628,1.1399904489517212,1.260518193244934,2.682189464569092,2.661266326904297,0.822055459022522,0.6979745030403137,0.5977605581283569,0.49201351404190063,0.44874534010887146,0.43876200914382935,0.44810739159584045,0.37875092029571533,0.31828874349594116,0.2696937918663025,0.6390914916992188,0.5247496962547302,0.602851927280426,0.5026874542236328,0.45865175127983093,0.45282089710235596,0.45712748169898987,0.5012012124061584,0.477592796087265,0.4331510066986084,0.7348243594169617,0.6710463166236877,0.7714385986328125,0.6827553510665894,0.6591681241989136,0.6543600559234619,0.655875563621521,0.7051197290420532,0.6855756640434265,0.6511693596839905,0.1833028346300125,0.17344486713409424,0.02615102007985115,0.01632942631840706,0.01151965744793415,0.014965473674237728,0.009433687664568424,0.12275770306587219,0.1594998985528946,0.16360056400299072,0.0,0.0,0.8695651888847351,0.95652174949646,1.0,1.0,0.9130434989929199,0.9130434989929199,1.0,1.0,0.0,1.0,0.3231441080570221,3.0,109.6430435180664,119.76612854003906,-0.03947368264198303,-0.03947368264198303,0.14977973699569702,0.7048457860946655,-0.5550661087036133,95.14280700683594,125.88691711425781,97.5237045288086,102.90574645996094,2.0,2.0
/Users/josephkamil/Desktop/Capstone/Oly_Data/raw/clean_and_jerk/v_CleanAndJerk_g18_c02.avi,clean_and_jerk,v_CleanAndJerk_g18_c02.avi,0.63,clean_and_jerk,,yes,,olympic,clean_and_jerk_ucf_g18,train,883a0aaab2e75e21e8effff8c1494d4c4165ff2d2b08c9eaf3c9466eb68cd063,1.0,883a0aaab2e75e21e8effff8c1494d4c4165ff2d2b08c9eaf3c9466eb68cd063,245,245,1.0,245.0,0.8285714387893677,0.16393442451953888,1.0,0.8367347121238708,3.0,0.18852458894252777,0.18852458894252777,0.053053826093673706,0.00523328734561801,0.11244258284568787,0.005388008430600166,154.03114318847656,115.51981353759766,105.56636810302734,152.20213317871094,178.0222625732422,178.02476501464844,173.876953125,166.92422485351562,172.0730438232422,174.5370330810547,141.0684051513672,116.822509765625,101.37027740478516,142.16592407226562,169.26632690429688,169.6582489013672,167.78915405273438,165.45216369628906,173.5397186279297,175.35874938964844,173.4890899658203,100.68767547607422,17.656265258789062,16.777570724487305,22.5211238861084,22.630542755126953,23.196372985839844,96.83834838867188,164.26446533203125,162.70574951171875,0.8795297741889954,0.7916035652160645,4.53812837600708,4.21311616897583,0.5732519626617432,0.5046654343605042,0.38016390800476074,0.9406455755233765,2.3909499645233154,0.9983837604522705,0.6160137057304382,0.498398095369339,0.4948756694793701,0.3329159915447235,0.22820830345153809,0.23155690729618073,0.2448330670595169,0.2390567660331726,0.18187856674194336,0.12244905531406403,0.37924012541770935,0.3912029266357422,0.4982783794403076,0.34326767921447754,0.2546371519565582,0.25863316655158997,0.26846835017204285,0.35124197602272034,0.38058552145957947,0.3219062089920044,0.4905802309513092,0.6045836210250854,0.6936206221580505,0.5541310906410217,0.4910564720630646,0.494968444108963,0.5019742250442505,0.5751115679740906,0.5877159237861633,0.5461195111274719,0.23681378364562988,0.11707281321287155,0.004479100927710533,0.013066226616501808,0.026752760633826256,0.027393070980906487,0.023827552795410156,0.11222951114177704,0.19878987967967987,0.19951574504375458,0.0,0.36000001430511475,0.9166666865348816,1.0,1.0,1.0,1.0,1.0,1.0,1.0,0.18367347121238708,1.0,0.7673469185829163,2.0,68.67127227783203,74.20733642578125,-0.02459016442298889,-0.02459016442298889,0.7366254925727844,0.7242798209190369,0.012345679104328156,103.64681243896484,146.51068115234375,92.6771240234375,137.44482421875,4.0,3.0
/Users/josephkamil/Desktop/Capstone/Oly_Data/raw/clean_and_jerk/v_CleanAndJerk_g04_c02.avi,clean_and_jerk,v_CleanAndJerk_g04_c02.avi,0.6,clean_and_jerk,,yes,,olympic,clean_and_jerk_ucf_g04,test,845b5cef0be850e1cb64a03dda5aa0816da2b0b165bfa964113a7bd85d6bc785,1.0,845b5cef0be850e1cb64a03dda5aa0816da2b0b165bfa964113a7bd85d6bc785,237,237,1.0,237.0,0.594936728477478,0.11864406615495682,1.0,0.8818565607070923,43.0,0.18644067645072937,0.1906779706478119,0.07034188508987427,0.007179356645792723,0.03201645612716675,0.0038026724942028522,175.71127319335938,106.96305084228516,131.13873291015625,177.24195861816406,178.1416778564453,179.0449981689453,179.02468872070312,178.96202087402344,175.4341278076172,175.50218200683594,171.83367919921875,110.18978118896484,132.8681182861328,170.90274047851562,171.82652282714844,171.1018829345703,170.65673828125,170.97325134277344,173.06556701660156,175.9569854736328,173.18280029296875,49.41639709472656,19.614992141723633,61.25483322143555,13.092610359191895,15.480320930480957,6.66004753112793,8.979874610900879,16.519718170166016,167.9440460205078,4.80082893371582,6.4149250984191895,8.229476928710938,1.3811686038970947,0.8929367065429688,0.8293378949165344,0.6607665419578552,0.3569508492946625,1.1483782529830933,2.9243898391723633,0.6250627636909485,0.4914635121822357,0.4794226586818695,0.33665400743484497,0.34506556391716003,0.3396219313144684,0.3458651304244995,0.3462153673171997,0.3512309491634369,0.21477949619293213,0.4716765284538269,0.47757741808891296,0.48165321350097656,0.34043601155281067,0.3394959270954132,0.34748566150665283,0.3492189347743988,0.3479122221469879,0.3607611358165741,0.3392632305622101,0.5795924663543701,0.6153573393821716,0.6098712086677551,0.5094217658042908,0.5141196846961975,0.5184256434440613,0.5147305727005005,0.5148379802703857,0.5295513868331909,0.5127455592155457,0.15359443426132202,0.0353616364300251,0.017865119501948357,0.017831135541200638,0.012942813336849213,0.012450416572391987,0.007741355337202549,0.006883092690259218,0.021501829847693443,0.12477093189954758,0.0,0.4583333432674408,0.5833333134651184,0.739130437374115,0.3333333432674408,0.9583333134651184,0.695652186870575,0.7083333134651184,0.4583333432674408,1.0,0.23404255509376526,0.7446808218955994,0.13502109050750732,22.0,174.09889221191406,174.01083374023438,-0.06779661029577255,-0.07203389704227448,0.22127659618854523,0.21276596188545227,0.008510638028383255,18.768203735351562,158.046875,24.95556640625,154.6932830810547,1.0,1.0
/Users/josephkamil/Desktop/Capstone/Oly_Data/raw/clean_and_jerk/v_CleanAndJerk_g07_c04.avi,clean_and_jerk,v_CleanAndJerk_g07_c04.avi,0.74,clean_and_jerk,,yes,,olympic,clean_and_jerk_ucf_g07,train,e7dd0843d07f78a2d02af4d89480147d014f4a27893df4b8aedbc126469a9795,1.0,e7dd0843d07f78a2d02af4d89480147d014f4a27893df4b8aedbc126469a9795,285,285,1.0,285.0,0.7929824590682983,0.09507042169570923,1.0,0.9052631855010986,19.0,0.11971831321716309,0.13380281627178192,0.08202111721038818,0.0052951243706047535,0.11123991012573242,0.004556206986308098,147.31936645507812,100.75970458984375,161.6001739501953,170.33616638183594,176.39376831054688,176.3206787109375,176.28736877441406,148.1204833984375,127.40330505371094,168.89593505859375,137.97845458984375,98.62940979003906,157.36961364746094,164.4556121826172,166.371337890625,166.86911010742188,166.7071075439453,156.1878662109375,160.7701873779297,167.9893035888672,143.99465942382812,93.59967041015625,42.01654815673828,35.59833908081055,64.9691390991211,51.39250946044922,22.674707412719727,77.14729309082031,175.0399932861328,176.48931884765625,0.5916010141372681,0.6686065793037415,0.4625711441040039,0.3869052529335022,0.5701479315757751,0.28555265069007874,0.311269074678421,1.5055575370788574,1.525543212890625,0.8516492247581482,0.534568727016449,0.4833535850048065,0.26755768060684204,0.2473253309726715,0.24056968092918396,0.23872222006320953,0.24081933498382568,0.24392610788345337,0.1592562347650528,0.09895133227109909,0.3224256932735443,0.48013556003570557,0.27884641289711,0.2517443895339966,0.24667058885097504,0.24296317994594574,0.241804838180542,0.2967986762523651,0.36481866240501404,0.314849317073822,0.5176792144775391,0.7036001086235046,0.5371578931808472,0.5129110217094421,0.5106344223022461,0.5105782151222229,0.5090798139572144,0.5505903363227844,0.6016653776168823,0.5602738857269287,0.21367451548576355,0.010954827070236206,0.013438647612929344,0.005542292259633541,0.006752234883606434,0.00469220569357276,0.0015538709703832865,0.053680356591939926,0.20565907657146454,0.2159690260887146,0.0357142873108387,0.3103448152542114,0.7857142686843872,0.9655172228813171,1.0,1.0,0.8571428656578064,0.9655172228813171,1.0,1.0,0.17543859779834747,1.0,0.31929823756217957,10.0,60.23359680175781,61.930152893066406,-0.02464788779616356,-0.03873239457607269,0.20494699478149414,0.20494699478149414,0.0,109.65481567382812,139.7850799560547,98.68196868896484,137.38079833984375,3.0,2.0
/Users/josephkamil/Desktop/Capstone/Oly_Data/raw/clean_and_jerk/v_CleanAndJerk_g11_c02.avi,clean_and_jerk,v_CleanAndJerk_g11_c02.avi,0.77,clean_and_jerk,,yes,,olympic,clean_and_jerk_ucf_g11,train,c598c39241163dd47a13c8224eac30db3291a90d967e7973d64387830b9c9338,1.0,c598c39241163dd47a13c8224eac30db3291a90d967e7973d64387830b9c9338,302,302,1.0,302.0,0.8211920261383057,0.15946844220161438,1.0,0.8410596251487732,9.0,0.029900332912802696,0.02657807245850563,0.04676693677902222,0.004775861743837595,0.06372508406639099,0.005274771712720394,95.7628173828125,128.28599548339844,120.84724426269531,171.13558959960938,173.42861938476562,175.0424041748047,174.1431121826172,174.8169708251953,170.97970581054688,177.85316467285156,96.88932037353516,132.1942901611328,121.44405364990234,164.06517028808594,166.19915771484375,167.47251892089844,167.1095733642578,168.06666564941406,165.74374389648438,175.78294372558594,156.414306640625,110.05370330810547,24.943403244018555,46.86516189575195,39.707759857177734,35.50185775756836,33.96782302856445,39.05239486694336,55.72150802612305,178.02647399902344,1.9219629764556885,0.8535193800926208,0.9143924713134766,1.1652101278305054,0.3702675998210907,0.36546117067337036,0.3353090286254883,0.33528292179107666,0.9512609243392944,1.870078682899475,0.5887974500656128,0.45623868703842163,0.4465566873550415,0.25112006068229675,0.2507612109184265,0.2537863850593567,0.2526055872440338,0.24241943657398224,0.2509963810443878,0.19020329415798187,0.37757089734077454,0.34832635521888733,0.455077588558197,0.261725515127182,0.2631288468837738,0.26277580857276917,0.26439496874809265,0.2607949674129486,0.29361236095428467,0.3754298985004425,0.5069685578346252,0.5540173053741455,0.6584489941596985,0.5029464364051819,0.5025803446769714,0.5032956600189209,0.5044277310371399,0.5039123296737671,0.5340883135795593,0.5991542339324951,0.21130011975765228,0.11245318502187729,0.010701335035264492,0.012702186591923237,0.012803686782717705,0.009960046969354153,0.01276397705078125,0.019485509023070335,0.04330528527498245,0.18526332080364227,0.0,0.4000000059604645,0.9666666388511658,0.8333333134651184,1.0,1.0,1.0,1.0,1.0,1.0,0.20000000298023224,1.0,0.639072835445404,5.0,122.22209930419922,135.88475036621094,0.12956809997558594,0.13289035856723785,0.8700000047683716,0.8700000047683716,0.0,155.5714874267578,141.04653930664062,139.3626251220703,131.3750762939453,2.0,2.0
/Users/josephkamil/Desktop/Capstone/Oly_Data/raw/clean_and_jerk/v_CleanAndJerk_g03_c02.avi,clean_and_jerk,v_CleanAndJerk_g03_c02.avi,0.68,clean_and_jerk,,yes,,olympic,clean_and_jerk_ucf_g03,train,2bf98f18cce8a5838fc985d1219a6952da2fe79c5c6a8aa86c3adc44d55bd456,1.0,2bf98f18cce8a5838fc985d1219a6952da2fe79c5c6a8aa86c3adc44d55bd456,254,254,1.0,254.0,0.7244094610214233,0.1818181872367859,1.0,0.8188976645469666,7.0,0.20948617160320282,0.20948617160320282,0.05017992854118347,0.006092160940170288,0.06428402662277222,0.005749796982854605,111.21501159667969,141.03863525390625,108.2821044921875,163.7676239013672,172.1214141845703,172.75831604003906,173.89166259765625,173.84396362304688,163.7770233154297,173.43153381347656,104.57276153564453,137.8768310546875,110.54313659667969,158.63697814941406,163.49758911132812,163.13421630859375,163.31109619140625,163.47998046875,159.03244018554688,166.16773986816406,151.1343231201172,119.79498291015625,30.93157958984375,35.895877838134766,29.503612518310547,25.399307250976562,24.505111694335938,25.128074645996094,63.75926208496094,156.42086791992188,1.6892297267913818,0.7141044735908508,1.1625908613204956,0.4778854250907898,0.3179973065853119,0.3474840521812439,0.20701074600219727,0.27259522676467896,0.40920785069465637,0.695820152759552,0.6687764525413513,0.4802837669849396,0.49882984161376953,0.24064266681671143,0.21331217885017395,0.21548299491405487,0.21687187254428864,0.21780960261821747,0.22387577593326569,0.13173280656337738,0.4482244551181793,0.3237409293651581,0.4948294460773468,0.2600136995315552,0.23014818131923676,0.23176546394824982,0.2325095683336258,0.23277989029884338,0.2944471836090088,0.32542818784713745,0.5709997415542603,0.5453028082847595,0.7143226265907288,0.5233258605003357,0.4952356219291687,0.49539658427238464,0.4939101040363312,0.49427497386932373,0.5444003939628601,0.5528887510299683,0.220576211810112,0.1591174602508545,0.008919141255319118,0.02175501361489296,0.017574705183506012,0.016961008310317993,0.01637856848537922,0.015355522744357586,0.07080213725566864,0.1937720626592636,0.0,0.1599999964237213,0.23076923191547394,0.8399999737739563,1.0,1.0,1.0,1.0,1.0,1.0,0.09803921729326248,1.0,0.6850393414497375,4.0,88.9343490600586,97.47923278808594,-0.02766798436641693,-0.02766798436641693,0.1388888955116272,0.2341269850730896,-0.095238097012043,109.82756042480469,142.1704864501953,99.41157531738281,122.56440734863281,3.0,2.0
/Users/josephkamil/Desktop/Capstone/Oly_Data/raw/clean_and_jerk/v_CleanAndJerk_g08_c02.avi,clean_and_jerk,v_CleanAndJerk_g08_c02.avi,0.29,clean_and_jerk,,yes,,olympic,clean_and_jerk_ucf_g08,train,9700ae8bcb6f8a644935815d08f8162aa27ef24cb52e6811cfe126af317e2dc3,1.0,9700ae8bcb6f8a644935815d08f8162aa27ef24cb52e6811cfe126af317e2dc3,107,96,0.897196261682243,96.0,0.5729166865348816,0.2526315748691559,0.9894737005233765,0.7395833134651184,18.0,0.3684210479259491,0.09473684430122375,0.12042972445487976,0.0188547745347023,0.0643242597579956,0.010001407004892826,151.33981323242188,127.7022933959961,149.05743408203125,77.94383239746094,80.98970031738281,130.2675323486328,172.68093872070312,164.85145568847656,172.7324676513672,174.0601348876953,108.1520004272461,103.68568420410156,167.83555603027344,100.10980987548828,91.93868255615234,136.97792053222656,167.65789794921875,173.2813262939453,170.86422729492188,173.1658477783203,174.1229248046875,161.65911865234375,134.30039978027344,145.82614135742188,169.61874389648438,126.57845306396484,52.5606803894043,53.23567581176758,33.67140579223633,83.48403930664062,59.84174346923828,40.129337310791016,10.884243965148926,10.095975875854492,15.95631217956543,20.67721176147461,6.890830993652344,6.930390357971191,0.9213916063308716,0.9931438565254211,0.7316114902496338,0.642715334892273,0.46203485131263733,0.51161789894104,0.5048695206642151,0.5204951763153076,0.4253460764884949,0.40403759479522705,0.38198068737983704,0.3781301975250244,0.6147857308387756,0.5259885191917419,0.4477623701095581,0.5906876921653748,0.5967605710029602,0.5266308784484863,0.42873477935791016,0.3850752115249634,0.40471068024635315,0.40336912870407104,0.6526550650596619,0.612948477268219,0.5953434109687805,0.7328187227249146,0.7342977523803711,0.6688269376754761,0.6047417521476746,0.5813064575195312,0.6019874811172485,0.6007195115089417,0.12302104383707047,0.12583592534065247,0.059263925999403,0.0898783877491951,0.09441794455051422,0.04647456109523773,0.024498671293258667,0.03969902545213699,0.028894629329442978,0.03994251415133476,0.0,0.0,0.3333333432674408,0.8999999761581421,1.0,0.5555555820465088,0.5,0.4444444477558136,1.0,0.8999999761581421,0.0,0.9473684430122375,0.2083333283662796,9.0,141.89939880371094,159.60755920410156,-0.11578947305679321,0.15789473056793213,0.585106372833252,0.7340425252914429,-0.1489361673593521,80.81983947753906,144.9163818359375,131.6253204345703,119.45106506347656,3.0,2.0
/Users/josephkamil/Desktop/Capstone/Oly_Data/raw/clean_and_jerk/v_CleanAndJerk_g13_c02.avi,clean_and_jerk,v_CleanAndJerk_g13_c02.avi,0.28,clean_and_jerk,,yes,,olympic,clean_and_jerk_ucf_g13,train,dabd3af43dbff593e8eeab9dc2da2b8c7d2729a9d691f120d8f6882640eb1d2a,1.0,dabd3af43dbff593e8eeab9dc2da2b8c7d2729a9d691f120d8f6882640eb1d2a,103,103,1.0,103.0,0.5631067752838135,0.4019607901573181,1.0,0.6019417643547058,5.0,0.029411764815449715,0.4901960790157318,0.23263156414031982,0.013999972492456436,0.04206719994544983,0.007291009649634361,121.84913635253906,145.30825805664062,131.17552185058594,170.20509338378906,155.635009765625,132.49769592285156,165.66929626464844,172.99862670898438,170.3146209716797,177.26617431640625,120.86811828613281,129.02427673339844,124.8236312866211,160.4066619873047,74.74242401123047,68.35182189941406,157.0659637451172,172.26907348632812,175.39642333984375,175.51966857910156,175.12283325195312,170.79937744140625,176.4580841064453,175.62188720703125,122.76607513427734,161.60218811035156,174.41159057617188,175.3421630859375,177.72183227539062,175.49501037597656,4.077640056610107,4.567212104797363,2.2640013694763184,1.9480812549591064,1.3570542335510254,1.7125885486602783,1.4619694948196411,1.1767096519470215,2.1629045009613037,1.7412681579589844,0.6468948125839233,0.6373010277748108,0.6015152335166931,0.4529283344745636,0.45422831177711487,0.3611281216144562,0.27683934569358826,0.19740445911884308,0.2501524090766907,0.2419959008693695,0.4937361776828766,0.4961455464363098,0.44944748282432556,0.34006673097610474,0.44332724809646606,0.4767166078090668,0.3968009054660797,0.32019391655921936,0.3795446753501892,0.3771538734436035,0.5910369157791138,0.6052488684654236,0.5669640898704529,0.5101657509803772,0.6172674298286438,0.6367268562316895,0.5664423704147339,0.5321334600448608,0.6097527146339417,0.6101840734481812,0.15320846438407898,0.141525536775589,0.15211264789104462,0.11292243748903275,0.07197669893503189,0.11576995998620987,0.11997811496257782,0.12286917120218277,0.12943264842033386,0.13558806478977203,0.0,0.0,0.0,0.0,0.6000000238418579,1.0,1.0,1.0,1.0,1.0,0.0,1.0,0.5048543810844421,3.0,161.7982635498047,155.38082885742188,0.37254902720451355,-0.0882352963089943,0.49504950642585754,0.7029703259468079,-0.20792078971862793,137.843994140625,137.34121704101562,113.04071044921875,169.62979125976562,4.0,4.0
/Users/josephkamil/Desktop/Capstone/Oly_Data/raw/clean_and_jerk/v_CleanAndJerk_g14_c06.avi,clean_and_jerk,v_CleanAndJerk_g14_c06.avi,0.61,clean_and_jerk,,yes,,olympic,clean_and_jerk_ucf_g14,test,dfe71f79a13625422f66adee063de4087fd54cc9426624e37f2a7e161145e39d,1.0,dfe71f79a13625422f66adee063de4087fd54cc9426624e37f2a7e161145e39d,226,180,0.7964601769911505,180.0,0.894444465637207,0.044692736119031906,1.0,0.9555555582046509,13.0,0.05027933046221733,0.03910614550113678,0.11799216270446777,0.007505800575017929,0.1284976601600647,0.004437465686351061,138.5609130859375,173.80690002441406,177.42645263671875,176.72451782226562,178.20046997070312,164.49624633789062,155.55377197265625,158.91172790527344,176.45550537109375,178.63919067382812,69.81484985351562,170.87815856933594,176.6471405029297,175.2718048095703,175.33242797851562,165.85690307617188,169.72091674804688,176.0060272216797,169.90330505371094,173.28341674804688,115.77762603759766,104.90386199951172,104.66651916503906,98.2053451538086,106.40950775146484,87.0423583984375,104.75907897949219,172.3270263671875,169.55743408203125,175.2664794921875,100.12054443359375,1.1077632904052734,0.5495829582214355,1.83437979221344,0.7703131437301636,0.6759469509124756,1.221553087234497,3.6243624687194824,2.005558490753174,2.5754926204681396,0.6063482761383057,0.4228717088699341,0.41710150241851807,0.4174082577228546,0.41639244556427,0.4336010217666626,0.4188603162765503,0.3490684926509857,0.30463361740112305,0.30241814255714417,0.5332145690917969,0.4269864857196808,0.4281919002532959,0.4315569996833801,0.4305899143218994,0.4414999783039093,0.46098586916923523,0.4535115957260132,0.4166410565376282,0.4156280755996704,0.5405144691467285,0.5601565837860107,0.5606892108917236,0.5602141618728638,0.5574720501899719,0.569347083568573,0.5911418795585632,0.586115837097168,0.5533985495567322,0.5543793439865112,0.08441026508808136,0.05516212061047554,0.03736549988389015,0.032547540962696075,0.03178445249795914,0.03119676560163498,0.056861262768507004,0.10512185841798782,0.11254380643367767,0.11398543417453766,0.2222222238779068,0.8333333134651184,1.0,1.0,1.0,1.0,0.8888888955116272,1.0,1.0,1.0,0.5277777910232544,1.0,0.4444444477558136,7.0,111.90788269042969,114.283203125,-0.005586592014878988,0.005586592014878988,0.03932584449648857,0.01123595517128706,0.028089888393878937,102.53192138671875,109.04114532470703,126.20820617675781,170.62164306640625,2.0,2.0
/Users/josephkamil/Desktop/Capstone/Oly_Data/raw/clean_and_jerk/v_CleanAndJerk_g07_c02.avi,clean_and_jerk,v_CleanAndJerk_g07_c02.avi,0.79,clean_and_jerk,,yes,,olympic,clean_and_jerk_ucf_g07,train,a62d93848e77d1d0562afb031fbb311d441784d8eaeb725f6c35c49d2170e683,1.0,a62d93848e77d1d0562afb031fbb311d441784d8eaeb725f6c35c49d2170e683,304,304,1.0,304.0,0.7368420958518982,0.066006600856781,1.0,0.9342105388641357,19.0,0.0891089141368866,0.09240923821926117,0.06270891427993774,0.005091090686619282,0.10657498240470886,0.0044951532036066055,122.46926879882812,143.62197875976562,164.1576385498047,171.3122100830078,175.20684814453125,175.9291534423828,171.67431640625,128.6685333251953,160.70155334472656,170.84228515625,118.20943450927734,136.1678466796875,161.17359924316406,165.36050415039062,166.87271118164062,167.40560913085938,164.57022094726562,159.02943420410156,163.38551330566406,167.79754638671875,115.44625854492188,51.268516540527344,68.64832305908203,49.192928314208984,24.88669204711914,45.75768280029297,64.69945526123047,124.11540222167969,175.76300048828125,175.81552124023438,1.0626112222671509,0.8299657702445984,0.8747984170913696,0.2376706898212433,0.45237457752227783,0.3658934533596039,0.6312552094459534,1.0837514400482178,0.9763191342353821,1.0818108320236206,0.5170227289199829,0.39098677039146423,0.2667790949344635,0.25725582242012024,0.26172763109207153,0.2549165189266205,0.2544172704219818,0.23216691613197327,0.12552671134471893,0.11363467574119568,0.3700691759586334,0.3940068483352661,0.2724192440509796,0.25999653339385986,0.2591564357280731,0.25585970282554626,0.26321691274642944,0.3534778356552124,0.3352140784263611,0.3298730254173279,0.5884900689125061,0.634648859500885,0.5371994376182556,0.5268920063972473,0.5296152234077454,0.5289880633354187,0.5320695638656616,0.6013014316558838,0.5748133063316345,0.5794530510902405,0.15283486247062683,0.012908442877233028,0.0074051679112017155,0.0067901816219091415,0.003668030258268118,0.003615126945078373,0.00894968118518591,0.122046560049057,0.20980438590049744,0.21632392704486847,0.2666666805744171,0.5666666626930237,0.8709677457809448,0.6000000238418579,0.29032257199287415,0.7666666507720947,1.0,1.0,1.0,1.0,0.4262295067310333,1.0,0.46052631735801697,10.0,60.621891021728516,64.76760864257812,-0.023102309554815292,-0.026402641087770462,0.1589404046535492,0.1589404046535492,0.0,112.1744384765625,141.2099609375,99.21730041503906,135.60487365722656,3.0,2.0
/Users/josephkamil/Desktop/Capstone/Oly_Data/raw/clean_and_jerk/v_CleanAndJerk_g18_c04.avi,clean_and_jerk,v_CleanAndJerk_g18_c04.avi,0.59,clean_and_jerk,,yes,,olympic,clean_and_jerk_ucf_g18,train,7ce3bebfe4bf0b40d64e279571a5484c66715bd562ad84a0324f839dabb3f2f7,1.0,7ce3bebfe4bf0b40d64e279571a5484c66715bd562ad84a0324f839dabb3f2f7,227,227,1.0,227.0,0.8281938433647156,0.12389380484819412,1.0,0.8766520023345947,9.0,0.1592920422554016,0.1592920422554016,0.04199773073196411,0.006048841867595911,0.06962794065475464,0.0056672184728085995,172.74331665039062,64.85891723632812,161.81494140625,169.36306762695312,176.19651794433594,176.55027770996094,176.69781494140625,167.25692749023438,159.65077209472656,175.20147705078125,159.0823974609375,62.6659049987793,155.412353515625,166.6618194580078,169.41366577148438,169.36363220214844,169.15672302246094,164.1444091796875,152.10464477539062,169.33807373046875,171.48574829101562,36.81623458862305,16.572742462158203,26.838829040527344,27.79840087890625,26.62781524658203,28.041772842407227,35.66747283935547,170.6186065673828,168.7901611328125,2.605285882949829,0.9892771244049072,0.6906179189682007,0.5035057067871094,0.5217361450195312,0.21122783422470093,0.3322046101093292,0.5806937217712402,1.235640048980713,1.2840973138809204,0.5415694713592529,0.5014986991882324,0.43095940351486206,0.25439396500587463,0.2302236706018448,0.2326193004846573,0.23019243776798248,0.24361270666122437,0.1982053518295288,0.16119727492332458,0.2883860766887665,0.4809727966785431,0.4349839687347412,0.27381569147109985,0.25397637486457825,0.25239869952201843,0.25230586528778076,0.2789081633090973,0.38613054156303406,0.33944371342658997,0.4415029287338257,0.7108713388442993,0.6391119956970215,0.5218874216079712,0.5086684823036194,0.5065262913703918,0.5059491991996765,0.5304508805274963,0.5927015542984009,0.5475230813026428,0.25328904390335083,0.04500393196940422,0.007909778505563736,0.02020350843667984,0.023973824456334114,0.019977541640400887,0.02255716733634472,0.03561563044786453,0.18793752789497375,0.17825661599636078,0.0,0.739130437374115,0.5652173757553101,1.0,1.0,1.0,1.0,0.95652174949646,1.0,1.0,0.3777777850627899,1.0,0.5066079497337341,5.0,65.84519958496094,67.3310317993164,-0.03539822995662689,-0.03539822995662689,0.7822222113609314,0.7688888907432556,0.013333333656191826,113.45930480957031,157.2124786376953,101.18082427978516,153.35194396972656,2.0,2.0
/Users/josephkamil/Desktop/Capstone/Oly_Data/raw/clean_and_jerk/v_CleanAndJerk_g02_c02.avi,clean_and_jerk,v_CleanAndJerk_g02_c02.avi,0.64,clean_and_jerk,,yes,,olympic,clean_and_jerk_ucf_g02,dev,18212e92700f1ab5def2eabbb47f861b2530bca2467e04dd4cc0582a3ee4fdd1,1.0,18212e92700f1ab5def2eabbb47f861b2530bca2467e04dd4cc0582a3ee4fdd1,245,245,1.0,245.0,0.3469387888908386,0.13934426009655,1.0,0.8612244725227356,13.0,0.15573769807815552,0.15573769807815552,0.050156354904174805,0.0054697603918612,0.03675585985183716,0.004100394900888205,147.32701110839844,105.5966796875,170.4010772705078,176.50828552246094,175.0044403076172,174.48455810546875,173.8033447265625,168.7742919921875,167.3456268310547,177.69552612304688,144.05604553222656,101.86137390136719,160.5784454345703,165.78489685058594,167.5044403076172,167.1249542236328,166.32286071777344,161.5540771484375,166.5286102294922,175.8888702392578,175.3978729248047,70.94068145751953,31.936256408691406,36.31047058105469,38.15890121459961,41.656394958496094,39.470375061035156,76.26884460449219,173.6876983642578,176.28111267089844,6.769612789154053,2.976890802383423,4.234096527099609,2.5793426036834717,2.168663740158081,2.5724987983703613,2.0016238689422607,2.6966605186462402,4.306568145751953,4.4543962478637695,0.6228817105293274,0.45384034514427185,0.36359691619873047,0.36620429158210754,0.409869909286499,0.4415584206581116,0.44723305106163025,0.4271899461746216,0.33952823281288147,0.2553812265396118,0.4517856538295746,0.43727657198905945,0.35771456360816956,0.3490024507045746,0.3987637758255005,0.411271333694458,0.43092215061187744,0.46287423372268677,0.4805750548839569,0.3931087553501129,0.573137104511261,0.6084135174751282,0.5278053879737854,0.5234646201133728,0.5713916420936584,0.5779723525047302,0.5936765074729919,0.6262094974517822,0.650555431842804,0.5702002048492432,0.171220064163208,0.031460050493478775,0.02383960224688053,0.01884772814810276,0.011510226875543594,0.030947266146540642,0.01698835752904415,0.047859448939561844,0.14106281101703644,0.1377386897802353,0.0,0.4399999976158142,0.5,0.07999999821186066,0.0,0.0,0.0,0.4399999976158142,1.0,1.0,0.22448979318141937,1.0,0.24081632494926453,7.0,95.71741485595703,99.9960708618164,-0.016393441706895828,-0.016393441706895828,0.06172839552164078,0.08230452984571457,-0.020576132461428642,80.63553619384766,130.75726318359375,60.83380889892578,127.07096099853516,2.0,2.0
/Users/josephkamil/Desktop/Capstone/Oly_Data/raw/clean_and_jerk/v_CleanAndJerk_g25_c02.avi,clean_and_jerk,v_CleanAndJerk_g25_c02.avi,0.47,clean_and_jerk,,yes,,olympic,clean_and_jerk_ucf_g25,train,e1c9ae7139b22718c7d45247044f4da97dd41d4cd3ba59fda243cd1d94e31d76,1.0,e1c9ae7139b22718c7d45247044f4da97dd41d4cd3ba59fda243cd1d94e31d76,193,193,1.0,193.0,0.7564767003059387,0.2083333283662796,1.0,0.7927461266517639,7.0,0.2604166567325592,0.25,0.04094672203063965,0.006399050354957581,0.040734052658081055,0.004758975002914667,123.56188201904297,170.31724548339844,76.86656188964844,128.31375122070312,173.9185791015625,178.48435974121094,177.2049560546875,168.72515869140625,165.35191345214844,174.4501953125,119.13677978515625,171.27947998046875,88.85623931884766,140.94776916503906,169.11492919921875,167.1840362548828,167.57687377929688,173.99607849121094,168.5322265625,173.49609375,167.22097778320312,156.3727569580078,74.1315689086914,37.93539047241211,111.5703353881836,129.7508544921875,79.06785583496094,50.71041488647461,166.125,178.25482177734375,22.323225021362305,10.38275146484375,1.4742491245269775,2.3596885204315186,4.280628681182861,2.9887707233428955,1.8826265335083008,3.110642671585083,2.8691794872283936,0.9759929776191711,0.6704500913619995,0.5369716882705688,0.527384877204895,0.4781147837638855,0.3771832585334778,0.40255632996559143,0.4212770462036133,0.44825804233551025,0.33091503381729126,0.28568920493125916,0.5177555084228516,0.41234442591667175,0.5311405062675476,0.49043092131614685,0.3916005492210388,0.4141564965248108,0.4274999499320984,0.4537726044654846,0.4563537538051605,0.42315158247947693,0.608608067035675,0.5443578958511353,0.668578565120697,0.6376321911811829,0.5482504367828369,0.570965588092804,0.5853143334388733,0.6103119850158691,0.6166130304336548,0.5949228405952454,0.15273523330688477,0.12578417360782623,0.03829299286007881,0.02829739823937416,0.019404815509915352,0.01736048050224781,0.014367431402206421,0.013608579523861408,0.1269322633743286,0.13765110075473785,0.0,0.0,0.6842105388641357,1.0,1.0,1.0,1.0,0.8421052694320679,1.0,1.0,0.0,1.0,0.4922279715538025,4.0,161.55316162109375,178.3802490234375,-0.0520833320915699,-0.0416666679084301,0.7801046967506409,0.7853403091430664,-0.005235602147877216,107.84341430664062,178.0255889892578,106.56856536865234,176.0962677001953,2.0,2.0
/Users/josephkamil/Desktop/Capstone/Oly_Data/raw/clean_and_jerk/v_CleanAndJerk_g16_c02.avi,clean_and_jerk,v_CleanAndJerk_g16_c02.avi,0.3,clean_and_jerk,,yes,,olympic,clean_and_jerk_ucf_g16,train,110a5ff7800167cf3e26a1960e1b1a26c98a811edebffd756de58d6935ac348d,1.0,110a5ff7800167cf3e26a1960e1b1a26c98a811edebffd756de58d6935ac348d,102,102,1.0,102.0,0.6470588445663452,0.2574257552623749,1.0,0.7450980544090271,3.0,0.2772277295589447,0.2772277295589447,0.08778601884841919,0.011984511278569698,0.03590989112854004,0.008428405039012432,172.30238342285156,176.3577880859375,145.0815887451172,169.8984375,175.3574981689453,177.52944946289062,177.58065795898438,164.1291961669922,162.27064514160156,169.74703979492188,174.03390502929688,173.86178588867188,142.63137817382812,170.1246795654297,171.9613037109375,171.70523071289062,174.05319213867188,160.95220947265625,159.13279724121094,168.97975158691406,158.6545867919922,146.1035614013672,26.843759536743164,25.75795555114746,9.398632049560547,7.872091770172119,4.816651821136475,88.14372253417969,170.59329223632812,172.30795288085938,19.623775482177734,3.7297096252441406,5.607001304626465,5.7056403160095215,2.117203950881958,1.5914146900177002,1.560821294784546,1.6140931844711304,2.046553611755371,3.6176400184631348,0.731727123260498,0.5421077609062195,0.5551837682723999,0.48928752541542053,0.3410145938396454,0.3126710057258606,0.3456680178642273,0.22258210182189941,0.1756531149148941,0.11502377688884735,0.534824013710022,0.36186981201171875,0.5301734209060669,0.46680164337158203,0.33641454577445984,0.3293801546096802,0.3565712869167328,0.34298646450042725,0.38029104471206665,0.32211610674858093,0.6408571004867554,0.5800808072090149,0.7011879682540894,0.662084698677063,0.569652795791626,0.5719045996665955,0.5918856859207153,0.5832160115242004,0.6174027919769287,0.562644362449646,0.19848433136940002,0.18165937066078186,0.04774182662367821,0.04115157201886177,0.03983539715409279,0.03533736616373062,0.032997529953718185,0.12738719582557678,0.205163836479187,0.20718508958816528,0.0,0.0,0.4000000059604645,0.30000001192092896,0.7272727489471436,1.0,1.0,1.0,1.0,1.0,0.0,1.0,0.5784313678741455,2.0,126.63058471679688,121.23902893066406,-0.019801979884505272,-0.019801979884505272,0.4000000059604645,0.3499999940395355,0.05000000074505806,52.531829833984375,101.5941162109375,57.4029541015625,105.83759307861328,1.0,1.0
/Users/josephkamil/Desktop/Capstone/Oly_Data/raw/clean_and_jerk/v_CleanAndJerk_g09_c04.avi,clean_and_jerk,v_CleanAndJerk_g09_c04.avi,0.57,clean_and_jerk,,yes,,olympic,clean_and_jerk_ucf_g09,train,b9b517517550b3d041b2ce51a0ef54ce06a44397157a91e5ebbe4744f707a9be,1.0,b9b517517550b3d041b2ce51a0ef54ce06a44397157a91e5ebbe4744f707a9be,232,231,0.9956896551724138,231.0,0.6103895902633667,0.1304347813129425,1.0,0.8701298832893372,15.0,0.908695638179779,0.895652174949646,0.4814269542694092,0.025017911568284035,0.5618025064468384,0.01667974330484867,166.4666748046875,115.63800048828125,164.6923370361328,167.9659423828125,179.41429138183594,178.58375549316406,176.64056396484375,170.51748657226562,167.68898010253906,140.9829559326172,149.95596313476562,108.12492370605469,154.97071838378906,164.4376220703125,174.90277099609375,174.19801330566406,175.11276245117188,131.73097229003906,7.731003284454346,85.13188934326172,173.30575561523438,63.73399353027344,22.963560104370117,25.165145874023438,23.33226776123047,21.757123947143555,21.902681350708008,52.3275032043457,172.02146911621094,162.9102020263672,0.7386563420295715,2.771742582321167,2.196045160293579,0.680803120136261,0.3962658643722534,0.6596403121948242,0.9818040728569031,0.7143719792366028,1.3831597566604614,3.161013603210449,0.6200653910636902,0.4572904706001282,0.3214090168476105,0.368956059217453,0.572156548500061,0.5862409472465515,0.580579936504364,0.714110255241394,0.6351394057273865,0.6301991939544678,0.3407256007194519,0.41194090247154236,0.30998772382736206,0.35652869939804077,0.6012352705001831,0.6111467480659485,0.610801100730896,0.7941949367523193,1.0179708003997803,0.78875333070755,0.5166693329811096,0.6499590873718262,0.5447917580604553,0.6627710461616516,1.2362847328186035,1.2671301364898682,1.2718240022659302,1.4311546087265015,1.5361706018447876,1.1856142282485962,0.2793743908405304,0.0622544027864933,0.02045014500617981,0.02953880839049816,0.030273113399744034,0.025124086067080498,0.03037213161587715,0.15680533647537231,0.3830251395702362,0.2101832777261734,0.0,0.1304347813129425,0.043478261679410934,0.52173912525177,0.95652174949646,1.0,1.0,0.6086956262588501,1.0,0.8333333134651184,0.06521739065647125,0.9130434989929199,0.29870128631591797,8.0,115.51966094970703,108.36149597167969,-0.7782608866691589,-0.7652173638343811,0.9825327396392822,0.9737991094589233,0.008733624592423439,63.891685485839844,170.59414672851562,57.149505615234375,175.54974365234375,2.0,4.0
/Users/josephkamil/Desktop/Capstone/Oly_Data/raw/clean_and_jerk/v_CleanAndJerk_g08_c04.avi,clean_and_jerk,v_CleanAndJerk_g08_c04.avi,0.75,clean_and_jerk,,yes,,olympic,clean_and_jerk_ucf_g08,train,d12d30c161f08f9feec0d41c480febc8c9d627fb45fa3e93f93a54282496cde9,1.0,d12d30c161f08f9feec0d41c480febc8c9d627fb45fa3e93f93a54282496cde9,278,270,0.9712230215827338,270.0,0.6555555462837219,0.16356877982616425,1.0,0.8370370268821716,19.0,0.1672862470149994,0.1672862470149994,0.13956129550933838,0.012224995531141758,0.07643625140190125,0.007038666866719723,110.27144622802734,124.30244445800781,144.28070068359375,171.61851501464844,171.39706420898438,174.52919006347656,175.0106201171875,142.43873596191406,130.02157592773438,99.35436248779297,79.37671661376953,142.34555053710938,150.95579528808594,177.15846252441406,176.80743408203125,177.51953125,177.3312225341797,164.6910858154297,171.74864196777344,170.66033935546875,169.39590454101562,85.22576904296875,37.47426223754883,45.850345611572266,59.720184326171875,59.70403289794922,53.22278594970703,104.72147369384766,143.51312255859375,160.44752502441406,51.612483978271484,4.81463623046875,6.217587471008301,4.12229061126709,4.561960697174072,2.881025791168213,1.787988305091858,2.2000279426574707,3.404432773590088,2.1508920192718506,0.6392832398414612,0.4209573566913605,0.3390510082244873,0.22548368573188782,0.22576949000358582,0.2746313214302063,0.33179882168769836,0.3175746202468872,0.21999989449977875,0.19135402143001556,0.4273148775100708,0.35278812050819397,0.31237006187438965,0.22980448603630066,0.23965300619602203,0.28745806217193604,0.3458164632320404,0.42807334661483765,0.41461440920829773,0.4067869782447815,0.5050755143165588,0.5398479104042053,0.5048101544380188,0.4532731771469116,0.4660957157611847,0.5088294148445129,0.5647445321083069,0.6663143038749695,0.6750666499137878,0.6699030995368958,0.21509094536304474,0.0866885855793953,0.044904496520757675,0.03615610674023628,0.03870798647403717,0.030806181952357292,0.026244167238473892,0.12406688928604126,0.19741052389144897,0.21651029586791992,0.0,0.07407407462596893,0.14814814925193787,0.6666666865348816,0.8148148059844971,0.9629629850387573,1.0,0.8888888955116272,1.0,1.0,0.03703703731298447,1.0,0.25925925374031067,10.0,83.58135223388672,112.96648406982422,-0.0037174720782786608,-0.0037174720782786608,0.25,0.25746268033981323,-0.007462686393409967,96.8728256225586,149.79556274414062,120.77467346191406,125.66400146484375,6.0,2.0
/Users/josephkamil/Desktop/Capstone/Oly_Data/raw/clean_and_jerk/v_CleanAndJerk_g04_c03.avi,clean_and_jerk,v_CleanAndJerk_g04_c03.avi,0.4,clean_and_jerk,,yes,,olympic,clean_and_jerk_ucf_g04,test,df46248063eee5661dd1028b012b5ea19b824095a2ecd0ef00d2574f3212a6eb,1.0,df46248063eee5661dd1028b012b5ea19b824095a2ecd0ef00d2574f3212a6eb,146,146,1.0,146.0,0.45205479860305786,0.158620685338974,1.0,0.8424657583236694,23.0,0.3103448152542114,0.3103448152542114,0.04028809070587158,0.009595508687198162,0.03048783540725708,0.005203177686780691,171.83607482910156,169.32980346679688,69.14640808105469,108.11107635498047,174.0778045654297,173.21702575683594,172.77723693847656,171.0572967529297,173.7025604248047,177.19186401367188,171.9702606201172,164.5139923095703,71.11811828613281,105.789306640625,170.70860290527344,174.0860595703125,171.80946350097656,172.47860717773438,177.8651580810547,177.71176147460938,175.02041625976562,107.48377990722656,6.315592288970947,4.438832759857178,45.6962890625,29.21415901184082,13.680890083312988,17.988876342773438,166.31520080566406,153.06602478027344,5.673272609710693,2.2495615482330322,4.395174026489258,2.823883056640625,1.657785177230835,0.9641356468200684,0.40542975068092346,1.1105682849884033,2.7976536750793457,1.302557349205017,0.6364089846611023,0.4578387141227722,0.5320383310317993,0.495158314704895,0.350270539522171,0.33881840109825134,0.36861011385917664,0.34294867515563965,0.2111133635044098,0.2183963656425476,0.48615002632141113,0.3919996917247772,0.5331512689590454,0.4887407422065735,0.3511250615119934,0.33443683385849,0.3577147126197815,0.3615243434906006,0.345539391040802,0.3192186653614044,0.5957531332969666,0.5421503782272339,0.668422520160675,0.6297103762626648,0.5248781442642212,0.5114582777023315,0.527762770652771,0.5320076942443848,0.5229793787002563,0.5010374784469604,0.150364950299263,0.08302611857652664,0.016264157369732857,0.011721031740307808,0.01386700663715601,0.008876658044755459,0.012216413393616676,0.02797245979309082,0.1345854550600052,0.10267413407564163,0.0,0.2666666805744171,0.4285714328289032,0.20000000298023224,0.6000000238418579,0.2857142984867096,0.13333334028720856,0.5714285969734192,1.0,1.0,0.13793103396892548,1.0,0.2602739632129669,12.0,166.9403839111328,159.91552734375,-0.15172414481639862,-0.15172414481639862,0.1458333283662796,0.0347222238779068,0.1111111119389534,20.34765625,146.85304260253906,19.302291870117188,146.5518798828125,1.0,1.0
/Users/josephkamil/Desktop/Capstone/Oly_Data/raw/clean_and_jerk/v_CleanAndJerk_g24_c04.avi,clean_and_jerk,v_CleanAndJerk_g24_c04.avi,0.44,clean_and_jerk,,yes,,olympic,clean_and_jerk_ucf_g24,train,525ed3107bcc20c3d183719bbc34fbeecc2a53e6fec618cc5d3fa61be83f4a1c,1.0,525ed3107bcc20c3d183719bbc34fbeecc2a53e6fec618cc5d3fa61be83f4a1c,131,131,1.0,131.0,0.30534350872039795,0.699999988079071,1.0,0.30534350872039795,1.0,0.7615384459495544,0.007692307699471712,0.1016576886177063,0.014369616284966469,0.06681174039840698,0.006859305314719677,88.17288970947266,146.46591186523438,163.34002685546875,150.34933471679688,69.1866226196289,77.40161895751953,152.02536010742188,83.9000244140625,103.7064208984375,159.8519287109375,66.54480743408203,119.19896697998047,121.55880737304688,97.74761199951172,57.51158905029297,72.55876159667969,148.05303955078125,100.33955383300781,94.68746948242188,153.2086181640625,173.956298828125,171.93775939941406,173.34803771972656,174.8111114501953,175.78684997558594,174.6183319091797,172.46717834472656,157.90029907226562,155.71783447265625,161.17335510253906,25.882225036621094,41.879310607910156,43.807369232177734,41.164573669433594,23.23896026611328,13.577802658081055,10.00698184967041,6.671270370483398,9.434192657470703,6.769626140594482,0.8717100620269775,0.8141742944717407,0.8004513382911682,0.8247480988502502,0.8623342514038086,0.8392064571380615,0.6490498185157776,0.5249465703964233,0.4658471643924713,0.33284705877304077,0.6987847089767456,0.6785727739334106,0.6784589290618896,0.6843752264976501,0.6982727646827698,0.671646237373352,0.5170447826385498,0.6213428974151611,0.5858892798423767,0.4734649360179901,0.7768173813819885,0.7155167460441589,0.7128287553787231,0.7240195870399475,0.7897084951400757,0.7800172567367554,0.6638567447662354,0.7884331345558167,0.762965202331543,0.6535244584083557,0.173379585146904,0.13567015528678894,0.12200795114040375,0.140461266040802,0.16457399725914001,0.16761897504329681,0.13536570966243744,0.10475103557109833,0.12268611043691635,0.14104314148426056,0.0,0.0,0.0,0.0,0.0,0.0,0.0,1.0,1.0,1.0,0.0,1.0,0.30534350872039795,1.0,140.07107543945312,178.7725067138672,-0.0615384615957737,0.692307710647583,0.7441860437393188,0.604651153087616,0.13953489065170288,127.22760772705078,137.66098022460938,137.91510009765625,113.14524841308594,3.0,3.0
/Users/josephkamil/Desktop/Capstone/Oly_Data/raw/clean_and_jerk/v_CleanAndJerk_g08_c03.avi,clean_and_jerk,v_CleanAndJerk_g08_c03.avi,0.31,clean_and_jerk,,yes,,olympic,clean_and_jerk_ucf_g08,train,17ccb8920a6b2e3f3bfd7e21edd2b28025a5d2e1c30c6061e4821348318ec961,1.0,17ccb8920a6b2e3f3bfd7e21edd2b28025a5d2e1c30c6061e4821348318ec961,110,90,0.8181818181818182,90.0,0.7222222089767456,0.24719101190567017,1.0,0.7555555701255798,3.0,0.3258427083492279,0.056179776787757874,0.09039056301116943,0.013819199986755848,0.04967844486236572,0.006559192668646574,107.94022369384766,148.32838439941406,79.8333740234375,65.09756469726562,85.58016967773438,121.64253997802734,168.25152587890625,173.0433807373047,174.81382751464844,174.27574157714844,60.56256866455078,123.76433563232422,159.53494262695312,87.29792022705078,100.63481140136719,126.37814331054688,166.69566345214844,168.63433837890625,169.2750244140625,170.30662536621094,165.62852478027344,163.26904296875,111.44984436035156,152.68185424804688,165.4405975341797,150.71160888671875,102.97879028320312,131.1816864013672,61.90557861328125,104.32786560058594,53.39646911621094,28.585086822509766,23.101158142089844,10.009651184082031,13.539255142211914,13.31126880645752,8.93226146697998,4.371307373046875,4.338563919067383,3.3429720401763916,0.6252877712249756,0.48852476477622986,0.4085254967212677,0.4161691963672638,0.3987712264060974,0.36047688126564026,0.31718528270721436,0.2974790036678314,0.3229183554649353,0.35611680150032043,0.5279459357261658,0.41015732288360596,0.40653014183044434,0.4953676462173462,0.45539915561676025,0.4134098291397095,0.3604070544242859,0.3604987561702728,0.34741225838661194,0.39514055848121643,0.5692597031593323,0.49062246084213257,0.5054857134819031,0.6072089076042175,0.5772329568862915,0.5440906882286072,0.494516521692276,0.49550411105155945,0.4855605363845825,0.5227125287055969,0.1035374104976654,0.08413221687078476,0.04839479923248291,0.07975751906633377,0.05945764109492302,0.06102178990840912,0.04441560432314873,0.06354141235351562,0.033007629215717316,0.04651578888297081,0.0,0.0,0.5555555820465088,1.0,1.0,1.0,1.0,1.0,0.7777777910232544,0.8888888955116272,0.0,0.8333333134651184,0.6333333253860474,2.0,61.9478759765625,161.28564453125,-0.07865168899297714,0.1910112351179123,0.13636364042758942,0.13636364042758942,0.0,115.75437927246094,137.30654907226562,139.17254638671875,108.43755340576172,3.0,2.0
/Users/josephkamil/Desktop/Capstone/Oly_Data/raw/real_router/clean_and_jerk/clean_correct_320x240.mp4,clean_and_jerk,clean_correct_320x240.mp4,0.2,clean,,yes,,olympic,clean_sha_d3c896bec613517f,dev,d3c896bec613517f7b219b262c876fc0a3a37217722c08536ce36cdc72973b0e,2.0,d3c896bec613517f7b219b262c876fc0a3a37217722c08536ce36cdc72973b0e,427,417,0.9765807962529274,417.0,0.22062350809574127,0.3100961446762085,0.8774038553237915,0.568345308303833,20.0,0.7067307829856873,0.713942289352417,0.18437093496322632,0.016701597720384598,0.09212517738342285,0.004667587112635374,159.48294067382812,125.62386322021484,130.55352783203125,156.75387573242188,173.3568572998047,161.493896484375,93.1593017578125,134.4635009765625,160.59559631347656,166.62615966796875,59.85700988769531,90.42122650146484,113.8427963256836,164.66249084472656,172.98321533203125,74.05413818359375,85.80941772460938,134.29440307617188,164.94166564941406,133.6197052001953,177.15008544921875,177.87551879882812,164.76393127441406,109.38507843017578,145.2547607421875,177.22769165039062,174.00619506835938,110.09092712402344,123.25595092773438,148.45602416992188,103.21070861816406,40.77749252319336,17.79701805114746,3.1863203048706055,5.285192012786865,86.36051177978516,24.641393661499023,9.156571388244629,2.2149360179901123,35.574092864990234,0.7008857727050781,0.704593300819397,0.661466658115387,0.3307933509349823,0.342801570892334,0.6842684745788574,0.6846369504928589,0.4486646056175232,0.29801470041275024,0.5468676090240479,0.5286585688591003,0.5172539949417114,0.48346033692359924,0.35058608651161194,0.3185606300830841,0.5212193131446838,0.5121557712554932,0.38911202549934387,0.3167751729488373,0.3909282684326172,0.5052067041397095,0.6183624863624573,0.6388030052185059,0.5420367121696472,0.511626660823822,0.5276463031768799,0.6487465500831604,0.5661410093307495,0.5148874521255493,0.5135002732276917,0.17324359714984894,0.18778841197490692,0.1787024736404419,0.07107021659612656,0.1192556694149971,0.16471554338932037,0.1728975474834442,0.08755715936422348,0.07525001466274261,0.15833666920661926,0.0,0.0,0.0,0.707317054271698,0.4523809552192688,0.0,0.0,0.261904776096344,0.7857142686843872,0.0,0.0,0.3855421543121338,0.0791366919875145,10.0,169.6451416015625,176.56167602539062,-0.39663460850715637,-0.4038461446762085,0.2867469787597656,0.9301204681396484,-0.6433734893798828,107.37686157226562,176.3935546875,125.53752136230469,150.46151733398438,5.0,6.0
/Users/josephkamil/Desktop/Capstone/Oly_Data/raw/clean_and_jerk/v_CleanAndJerk_g02_c04.avi,clean_and_jerk,v_CleanAndJerk_g02_c04.avi,0.76,clean_and_jerk,,yes,,olympic,clean_and_jerk_ucf_g02,dev,54a0f0616cca6a705ecf01146310c16c065259e4c278d974ea3aff077f87a481,1.0,54a0f0616cca6a705ecf01146310c16c065259e4c278d974ea3aff077f87a481,293,293,1.0,293.0,0.3071672320365906,0.1164383590221405,1.0,0.8839590549468994,7.0,0.14041095972061157,0.14041095972061157,0.05734437704086304,0.005654436536133289,0.04256749153137207,0.0041449894197285175,153.95379638671875,121.19055938720703,176.14205932617188,177.53900146484375,176.83200073242188,176.7549285888672,175.90724182128906,173.33547973632812,156.90359497070312,175.34597778320312,148.56163024902344,119.87669372558594,168.50332641601562,167.34303283691406,168.39712524414062,168.33493041992188,167.50013732910156,164.84326171875,163.77456665039062,178.18263244628906,169.17149353027344,71.86056518554688,13.589740753173828,20.611379623413086,19.6209659576416,15.175644874572754,21.806753158569336,26.89609718322754,173.28370666503906,176.72445678710938,4.848576545715332,3.6945955753326416,2.347764015197754,2.4652719497680664,2.234424114227295,3.1592557430267334,2.906627893447876,3.27622389793396,5.031294822692871,6.2031354904174805,0.6468624472618103,0.528739869594574,0.4298793077468872,0.40642642974853516,0.41154444217681885,0.4124658703804016,0.3717997968196869,0.3768913447856903,0.28395912051200867,0.1993081271648407,0.4934975802898407,0.533939778804779,0.4145008325576782,0.3888792395591736,0.39024531841278076,0.39126384258270264,0.36141231656074524,0.3766593039035797,0.43662378191947937,0.3543414771556854,0.6200446486473083,0.6895028948783875,0.5883181095123291,0.5637797117233276,0.5631586313247681,0.5665534734725952,0.5362817645072937,0.5481240153312683,0.613699734210968,0.5333502292633057,0.15351974964141846,0.022709330543875694,0.019201939925551414,0.019849466159939766,0.02414340153336525,0.023889541625976562,0.013008479960262775,0.025183118879795074,0.15271736681461334,0.15504908561706543,0.0,0.7931034564971924,0.1034482792019844,0.0,0.0,0.0,0.0,0.17241379618644714,1.0,1.0,0.4067796468734741,1.0,0.21501706540584564,4.0,97.67504119873047,107.6199722290039,-0.02397260256111622,-0.02397260256111622,0.06872852146625519,0.8625429272651672,-0.7938144207000732,81.6830825805664,119.25994873046875,56.95508575439453,124.02398681640625,3.0,2.0
/Users/josephkamil/Desktop/Capstone/Oly_Data/raw/clean_and_jerk/v_CleanAndJerk_g10_c04.avi,clean_and_jerk,v_CleanAndJerk_g10_c04.avi,0.73,clean_and_jerk,,yes,,olympic,clean_and_jerk_ucf_g10,dev,4c00d4719a11aa4ccb47ad7a5da37e7bc7d7c0ae25f0e85c47648da839d8b820,1.0,4c00d4719a11aa4ccb47ad7a5da37e7bc7d7c0ae25f0e85c47648da839d8b820,261,260,0.9961685823754789,260.0,0.5115384459495544,0.1235521212220192,1.0,0.8769230842590332,27.0,0.20849420130252838,0.20849420130252838,0.19522035121917725,0.017016097903251648,0.08032137155532837,0.005789580289274454,166.64561462402344,171.6826934814453,158.44390869140625,175.17483520507812,176.52207946777344,175.91770935058594,174.09243774414062,178.4588165283203,171.1092071533203,167.82693481445312,172.9479217529297,171.56826782226562,162.638916015625,172.35366821289062,170.6870880126953,170.98146057128906,171.4241485595703,172.36898803710938,170.96826171875,171.68978881835938,171.97576904296875,56.84998321533203,24.545501708984375,69.90043640136719,50.6165771484375,112.56946563720703,130.66915893554688,79.30962371826172,103.08600616455078,176.37374877929688,9.796294212341309,3.456976890563965,4.784186363220215,2.1687989234924316,1.7176668643951416,3.2345962524414062,3.0441768169403076,1.726837396621704,1.1430542469024658,1.851062297821045,0.5185351967811584,0.36632224917411804,0.35532039403915405,0.2339448183774948,0.31143611669540405,0.3510648012161255,0.35940811038017273,0.3712705373764038,0.34641948342323303,0.20863226056098938,0.31864961981773376,0.32133567333221436,0.3711168169975281,0.24981924891471863,0.3080258369445801,0.3402799963951111,0.3566703498363495,0.37424615025520325,0.44171005487442017,0.3668220341205597,0.4586722254753113,0.5228191614151001,0.5766922235488892,0.48947814106941223,0.539316713809967,0.5674197673797607,0.5816376805305481,0.604752779006958,0.6537927389144897,0.6118470430374146,0.20056940615177155,0.06183618679642677,0.02955286018550396,0.048785462975502014,0.04051467403769493,0.04915988817811012,0.04792962223291397,0.05057148635387421,0.10478977859020233,0.1589917093515396,0.0,0.26923078298568726,0.9230769276618958,0.807692289352417,0.42307692766189575,0.03846153989434242,0.23076923191547394,0.4615384638309479,0.9615384340286255,1.0,0.13461539149284363,0.9807692170143127,0.19615384936332703,14.0,179.34217834472656,171.15768432617188,-0.08494208753108978,-0.08494208753108978,0.961240291595459,0.8410852551460266,0.12015503644943237,41.03086853027344,120.16276550292969,15.746047973632812,116.57512664794922,2.0,1.0
/Users/josephkamil/Desktop/Capstone/Oly_Data/raw/snatch_mp4/LBXdfklSpVg_03930_04260.mp4,snatch_mp4,LBXdfklSpVg_03930_04260.mp4,1.11,snatch,,yes,,olympic,snatch_youtube_lbxdfklspvg,test,88979bf15befce5301b4a11893d70f313d01c59751a19e6fc6e922463c5d4426,1.0,88979bf15befce5301b4a11893d70f313d01c59751a19e6fc6e922463c5d4426,331,331,1.0,331.0,0.29909366369247437,0.4121212065219879,0.7090908885002136,0.29909366369247437,2.0,0.4909090995788574,0.3030303120613098,0.07707223296165466,0.0063252984546124935,0.030020594596862793,0.0031866193749010563,126.0348129272461,102.18956756591797,15.49919319152832,98.98966217041016,116.74524688720703,170.96002197265625,178.06411743164062,171.14971923828125,169.20669555664062,166.06236267089844,155.63250732421875,115.48140716552734,24.298742294311523,93.73960876464844,112.52124786376953,171.91000366210938,171.46893310546875,168.71286010742188,171.48776245117188,162.2474365234375,154.922607421875,168.8255157470703,172.7027130126953,173.12081909179688,148.95774841308594,165.74185180664062,166.25665283203125,143.51866149902344,167.25433349609375,165.4888458251953,35.99075698852539,29.7539005279541,21.130462646484375,19.471782684326172,6.5266804695129395,9.763628005981445,4.554561138153076,20.68808364868164,3.277647018432617,4.935716152191162,0.7948744893074036,0.7867386937141418,0.7901438474655151,0.701697051525116,0.37581899762153625,0.2540680468082428,0.1544731706380844,0.597507119178772,0.48657655715942383,0.509732186794281,0.6315107345581055,0.6152398586273193,0.6017377376556396,0.5173837542533875,0.47970810532569885,0.4066089689731598,0.30234044790267944,0.45564624667167664,0.33769768476486206,0.34440234303474426,0.7079148888587952,0.7126644253730774,0.7266005873680115,0.6475633382797241,0.6657776832580566,0.6067313551902771,0.5264344215393066,0.5792281031608582,0.5345556735992432,0.5394141674041748,0.16507209837436676,0.1727176159620285,0.18887485563755035,0.18482962250709534,0.12773694097995758,0.1530998796224594,0.14826130867004395,0.1580420434474945,0.1525280475616455,0.16863851249217987,0.0,0.0,0.0,0.0,0.8787878751754761,1.0,1.0,0.12121212482452393,0.0,0.0,0.0,0.0,0.29909366369247437,1.0,166.24179077148438,167.6922149658203,-0.07878787815570831,0.1090909093618393,0.41033434867858887,0.3525835871696472,0.05775076150894165,174.5258026123047,175.90573120117188,175.59080505371094,173.77830505371094,4.0,3.0
/Users/josephkamil/Desktop/Capstone/Oly_Data/raw/snatch_mp4/iEByXfUcsMw_00071_00334.mp4,snatch_mp4,iEByXfUcsMw_00071_00334.mp4,0.55,snatch,,yes,,olympic,snatch_youtube_iebyxfucsmw,train,7e31ba490c08ba11c59caad4370c1e5e0d307d0b9b95d874d60e5f1c3a3706b4,1.0,7e31ba490c08ba11c59caad4370c1e5e0d307d0b9b95d874d60e5f1c3a3706b4,264,263,0.9962121212121212,263.0,0.4486691951751709,0.42748090624809265,0.8740457892417908,0.4486691951751709,2.0,0.4770992398262024,0.24809160828590393,0.08512437343597412,0.0050160703249275684,0.030673861503601074,0.002137183677405119,121.97057342529297,61.181400299072266,55.347938537597656,111.88280487060547,76.4908447265625,82.87519836425781,163.95632934570312,177.10958862304688,174.6802520751953,174.16966247558594,94.99726867675781,49.94834518432617,46.37500762939453,96.08106231689453,86.4967041015625,77.19548034667969,153.28231811523438,171.39071655273438,165.75880432128906,174.40284729003906,176.8064727783203,178.05125427246094,177.06349182128906,174.8924102783203,163.81715393066406,167.71617126464844,172.98118591308594,168.99835205078125,167.82525634765625,151.0902557373047,31.512117385864258,23.963024139404297,23.500497817993164,21.43571662902832,6.2933349609375,12.799732208251953,6.531630992889404,3.6359291076660156,4.64017391204834,1.7201029062271118,0.7186498641967773,0.7107481360435486,0.7226464152336121,0.6818581819534302,0.5249861478805542,0.4754144251346588,0.3549673855304718,0.35259708762168884,0.4004663825035095,0.5394650101661682,0.6288750767707825,0.6245339512825012,0.6235854029655457,0.5770468711853027,0.5552475452423096,0.5686294436454773,0.45370543003082275,0.44066447019577026,0.4490608870983124,0.44586798548698425,0.6774997115135193,0.6818224191665649,0.6835399866104126,0.6472374796867371,0.6710594892501831,0.6755801439285278,0.5821365714073181,0.5750640630722046,0.5735494494438171,0.5654506087303162,0.09064984321594238,0.0867176204919815,0.09980130940675735,0.10509318858385086,0.07727435231208801,0.0937100276350975,0.09876679629087448,0.08808831125497818,0.08270381391048431,0.09419476240873337,0.0,0.0,0.0,0.0,0.7307692170143127,1.0,1.0,1.0,0.7692307829856873,0.0,0.0,0.37735849618911743,0.4486691951751709,1.0,101.45500946044922,121.51848602294922,-0.049618322402238846,0.17938931286334991,0.4252873659133911,0.39846742153167725,0.026819923892617226,129.54635620117188,139.75169372558594,124.6976318359375,133.08499145507812,5.0,3.0
/Users/josephkamil/Desktop/Capstone/Oly_Data/raw/snatch_mp4/LBXdfklSpVg_03373_03870.mp4,snatch_mp4,LBXdfklSpVg_03373_03870.mp4,1.49,snatch,,yes,,olympic,snatch_youtube_lbxdfklspvg,test,49600646f3407aaad583e5c146170fa843af64f921a3e2948de41c24fec9bac3,1.0,49600646f3407aaad583e5c146170fa843af64f921a3e2948de41c24fec9bac3,498,492,0.9879518072289156,492.0,0.24186991155147552,0.0,0.8248472213745117,0.8252032399177551,3.0,0.0,0.5132383108139038,0.08525562286376953,0.004220205824822187,0.03687471151351929,0.002358654048293829,111.9200210571289,87.36044311523438,45.77854919433594,47.37527084350586,35.39041519165039,105.5131607055664,120.27360534667969,173.67137145996094,176.2916259765625,169.3966064453125,113.2742919921875,94.05848693847656,52.56179428100586,57.301483154296875,44.3135986328125,110.93984985351562,126.41246795654297,172.49993896484375,168.84727478027344,159.7919921875,168.8809814453125,177.40599060058594,178.26548767089844,179.13267517089844,176.96078491210938,164.10675048828125,177.03541564941406,176.22889709472656,156.5962371826172,160.9488525390625,23.409391403198242,15.710453033447266,9.3025484085083,8.974346160888672,9.445558547973633,9.81237506866455,6.095691680908203,4.115420341491699,13.898225784301758,14.623403549194336,0.7834605574607849,0.8012877702713013,0.8024704456329346,0.8008122444152832,0.7989354729652405,0.6391823887825012,0.3671591579914093,0.18576064705848694,0.5144320726394653,0.5934555530548096,0.6212183833122253,0.6127713918685913,0.6033416986465454,0.6022970676422119,0.6029345989227295,0.4997616112232208,0.5071362257003784,0.3257271647453308,0.40543609857559204,0.4072526693344116,0.6965817809104919,0.7154271006584167,0.737547755241394,0.7405059337615967,0.7426071763038635,0.6528086066246033,0.6984437704086304,0.5453994870185852,0.5500845313072205,0.5491694211959839,0.16429099440574646,0.189394012093544,0.19943740963935852,0.19867394864559174,0.19620174169540405,0.16280722618103027,0.1410677433013916,0.14028532803058624,0.16822479665279388,0.18768839538097382,0.020408162847161293,0.0,0.0,0.0,0.0,0.1428571492433548,1.0,1.0,0.26530611515045166,0.0,0.010204081423580647,0.12244898080825806,0.2398373931646347,2.0,1.9656847715377808,26.731552124023438,0.0,-0.5132383108139038,0.5836734771728516,0.5755102038383484,0.008163264952600002,0.0,177.55128479003906,0.0,154.67529296875,7.0,6.0
/Users/josephkamil/Desktop/Capstone/Oly_Data/raw/snatch_mp4/iEByXfUcsMw_08951_09530.mp4,snatch_mp4,iEByXfUcsMw_08951_09530.mp4,1.18,snatch,,yes,,olympic,snatch_youtube_iebyxfucsmw,train,719c364d09dea3f5ca72d2835a240f26659af20e1d8d850695dd05b3c1ebd3ab,1.0,719c364d09dea3f5ca72d2835a240f26659af20e1d8d850695dd05b3c1ebd3ab,580,579,0.9982758620689656,579.0,0.1364421397447586,0.7197231650352478,0.85467129945755,0.1364421397447586,2.0,0.742214560508728,0.6401383876800537,0.0645143985748291,0.0031842701137065887,0.02939748764038086,0.0015189556870609522,169.7178192138672,161.79574584960938,154.22250366210938,130.1628875732422,119.8631820678711,94.14694213867188,102.42716979980469,116.72933959960938,171.45877075195312,174.3831787109375,168.695556640625,125.30970001220703,106.74108123779297,82.4554672241211,76.47811889648438,58.56188201904297,67.57646942138672,116.98575592041016,165.34071350097656,173.63079833984375,134.6632080078125,170.74034118652344,168.21795654296875,170.30068969726562,174.22955322265625,175.72189331054688,176.63009643554688,169.62188720703125,162.7124481201172,162.45619201660156,3.302706003189087,38.80319595336914,76.67479705810547,71.50479888916016,55.8006591796875,52.3754997253418,47.96122360229492,8.213177680969238,7.179033279418945,4.141579627990723,0.5621213316917419,0.6878374218940735,0.7724955081939697,0.7671105861663818,0.7603327035903931,0.7615590691566467,0.7458822727203369,0.5123639702796936,0.48904168605804443,0.5731879472732544,0.4777575135231018,0.5804009437561035,0.6672993898391724,0.6663679480552673,0.663043737411499,0.6660383939743042,0.6489420533180237,0.5583780407905579,0.4915409982204437,0.4659248888492584,0.5966131687164307,0.6379724144935608,0.6751211285591125,0.6800440549850464,0.6904327273368835,0.6968948841094971,0.6860567331314087,0.6788329482078552,0.6146454811096191,0.5792361497879028,0.08476436883211136,0.10966645181179047,0.11021842062473297,0.10473010689020157,0.09869375079870224,0.09709005802869797,0.09822732955217361,0.07549278438091278,0.09206678718328476,0.10784607380628586,0.0,0.0,0.0,0.0,0.0,0.0,0.0,0.8103448152542114,0.5517241358757019,0.0,0.0,0.27586206793785095,0.1364421397447586,1.0,88.6781005859375,96.67118835449219,-0.022491348907351494,0.07958477735519409,0.7192374467849731,0.7053726315498352,0.013864818029105663,90.38471984863281,125.81088256835938,126.53588104248047,116.76761627197266,9.0,5.0
/Users/josephkamil/Desktop/Capstone/Oly_Data/raw/snatch_mp4/GLoKBmPQzDo_00196_00635.mp4,snatch_mp4,GLoKBmPQzDo_00196_00635.mp4,1.87,snatch,,yes,,olympic,snatch_youtube_glokbmpqzdo,train,b090b496fc74b75bc635d5c7d5b72c56ff16ab194648b55d06f44bc9a421639a,1.0,b090b496fc74b75bc635d5c7d5b72c56ff16ab194648b55d06f44bc9a421639a,440,437,0.9931818181818182,437.0,0.267734557390213,0.5848624110221863,0.8509174585342407,0.267734557390213,2.0,0.6192660331726074,0.027522936463356018,0.10226872563362122,0.00796076375991106,0.11965924501419067,0.0041154916398227215,163.8331298828125,164.7656707763672,162.2996368408203,152.4665069580078,154.32247924804688,164.4481964111328,122.23340606689453,170.64442443847656,175.00404357910156,175.49063110351562,44.62131881713867,18.32135009765625,17.41335678100586,23.83458709716797,28.70220375061035,153.82542419433594,128.25917053222656,175.5459442138672,176.2569580078125,173.4202880859375,165.29421997070312,175.0598602294922,174.97161865234375,170.82901000976562,168.5761260986328,160.91146850585938,161.61196899414062,166.96041870117188,138.48223876953125,159.20550537109375,127.56068420410156,145.31890869140625,143.96128845214844,132.11965942382812,131.31016540527344,26.30242156982422,6.659518718719482,2.2965404987335205,1.8186019659042358,0.9551272988319397,0.761059045791626,0.7480838298797607,0.7607893347740173,0.7496782541275024,0.7548094391822815,0.5414360165596008,0.2657028138637543,0.2178402841091156,0.3650582432746887,0.5245554447174072,0.5829616189002991,0.5606880784034729,0.5757316946983337,0.5480980277061462,0.5374464392662048,0.4046001732349396,0.4168919026851654,0.40185320377349854,0.3887039124965668,0.36914557218551636,0.5097223520278931,0.4653085768222809,0.4837082028388977,0.4864513874053955,0.47895973920822144,0.536629855632782,0.6270602345466614,0.6776251792907715,0.6675000786781311,0.5762434601783752,0.17933925986289978,0.18798746168613434,0.1865934431552887,0.20206861197948456,0.2204044759273529,0.16988244652748108,0.15236783027648926,0.18437892198562622,0.17018288373947144,0.15762802958488464,0.0,0.0,0.0,0.0,0.0,0.15909090638160706,1.0,1.0,0.5227272510528564,0.0,0.0,0.25287356972694397,0.267734557390213,1.0,177.13368225097656,165.75990295410156,-0.03440367057919502,0.5573394298553467,0.8620689511299133,0.025287356227636337,0.8367816209793091,63.89503479003906,175.87899780273438,171.4111328125,170.42868041992188,3.0,7.0
/Users/josephkamil/Desktop/Capstone/Oly_Data/raw/snatch_mp4/aPfHtLdduD4_00599_00987.mp4,snatch_mp4,aPfHtLdduD4_00599_00987.mp4,1.09,snatch,,yes,,olympic,snatch_youtube_apfhtlddud4,train,4cd87993352d09ce4192ab0c62a7254ca59d26a24f519fddf1c85b9c1970b8e5,1.0,4cd87993352d09ce4192ab0c62a7254ca59d26a24f519fddf1c85b9c1970b8e5,389,388,0.9974293059125964,388.0,0.5386598110198975,0.2894056737422943,0.8268733620643616,0.5386598110198975,2.0,0.0258397925645113,0.04651162773370743,0.07528704404830933,0.005911382380872965,0.08177483081817627,0.005753322970122099,115.44072723388672,136.1804962158203,105.67024993896484,55.942569732666016,90.55909729003906,148.87660217285156,162.0604705810547,177.61520385742188,156.35012817382812,101.70381164550781,11.259652137756348,45.58567810058594,99.91166687011719,51.32811737060547,78.31865692138672,128.17245483398438,151.93576049804688,164.0772247314453,137.40628051757812,93.15828704833984,164.05787658691406,173.4029083251953,170.92237854003906,160.77017211914062,162.7478790283203,160.909423828125,168.76303100585938,168.31512451171875,151.90853881835938,170.4568634033203,167.40869140625,97.72111511230469,1.3633300065994263,0.8058894872665405,3.4740726947784424,7.005474090576172,3.5547356605529785,3.7442426681518555,9.485008239746094,3.070277214050293,0.715004563331604,0.7710749506950378,0.5645625591278076,0.35951441526412964,0.3491581082344055,0.25996458530426025,0.1647174060344696,0.17212916910648346,0.5338908433914185,0.8086476922035217,0.5434665679931641,0.5530360341072083,0.3836042582988739,0.5207841396331787,0.5013815760612488,0.4036383628845215,0.3134043514728546,0.3178364038467407,0.4740270972251892,0.6112703084945679,0.5044676065444946,0.5817242860794067,0.5946978330612183,0.7599275708198547,0.7193373441696167,0.6186367869377136,0.5746268033981323,0.5755050778388977,0.6182343363761902,0.739223062992096,0.17241498827934265,0.2181185632944107,0.19696900248527527,0.16135065257549286,0.15224528312683105,0.14370237290859222,0.14871543645858765,0.1457384079694748,0.13794124126434326,0.1978456974029541,0.0,0.0,0.10256410390138626,1.0,1.0,1.0,1.0,1.0,0.28205129504203796,0.0,0.0,0.14102564752101898,0.5386598110198975,1.0,140.5376739501953,136.4116668701172,0.26356589794158936,0.24289405345916748,0.8471502661705017,0.8367875814437866,0.010362694039940834,174.38043212890625,130.41824340820312,172.42848205566406,119.53843688964844,6.0,7.0
/Users/josephkamil/Desktop/Capstone/Oly_Data/raw/snatch_mp4/1DX0IXizcHg_02338_02511.mp4,snatch_mp4,1DX0IXizcHg_02338_02511.mp4,0.76,snatch,,yes,,olympic,snatch_youtube_1dx0ixizchg,test,dd009c65311cfc5445abb9dd6eb9ee32c102f63c676ac37256b343e4ef972bad,1.0,dd009c65311cfc5445abb9dd6eb9ee32c102f63c676ac37256b343e4ef972bad,173,141,0.815028901734104,141.0,0.5531914830207825,0.15000000596046448,0.9428571462631226,0.7943262457847595,12.0,0.10000000149011612,0.37142857909202576,0.22384142875671387,0.030574563890695572,0.13341498374938965,0.01003427803516388,42.92863845825195,99.79517364501953,147.959228515625,49.60266876220703,53.02338790893555,106.813232421875,168.3595733642578,178.0074005126953,168.5632781982422,158.78933715820312,73.84747314453125,125.33440399169922,163.8716583251953,76.24291229248047,70.93762969970703,106.4729995727539,161.75511169433594,176.04391479492188,163.54737854003906,151.03692626953125,177.09410095214844,100.10567474365234,161.5876922607422,148.57310485839844,162.1758270263672,156.25978088378906,153.60794067382812,115.59614562988281,141.75950622558594,132.6378631591797,8.990790367126465,4.159587860107422,9.776106834411621,5.416402339935303,10.06466007232666,14.993965148925781,7.662230491638184,3.3200221061706543,2.9987127780914307,5.1564106941223145,0.719511091709137,0.49956732988357544,0.3986549973487854,0.3526489734649658,0.41942232847213745,0.15363629162311554,0.10123921930789948,0.254856139421463,0.359855979681015,0.49174755811691284,0.49890732765197754,0.43379053473472595,0.25557371973991394,0.45107004046440125,0.47075265645980835,0.3277585208415985,0.2555811405181885,0.38262802362442017,0.4099060595035553,0.4132353365421295,0.7094807028770447,0.6426124572753906,0.5080520510673523,0.6916986107826233,0.6973138451576233,0.5899897813796997,0.548181414604187,0.6786274313926697,0.6880407333374023,0.6658947467803955,0.22227884829044342,0.09273208677768707,0.18258048593997955,0.1224968284368515,0.10596714913845062,0.17498575150966644,0.15921564400196075,0.1354568749666214,0.14258088171482086,0.13302478194236755,0.0,0.2857142984867096,0.2142857164144516,0.8571428656578064,0.5714285969734192,1.0,1.0,1.0,0.5714285969734192,0.06666667014360428,0.1428571492433548,0.2857142984867096,0.39716312289237976,6.0,130.5996856689453,162.753173828125,0.05000000074505806,-0.22142857313156128,0.4532374143600464,0.16546761989593506,0.28776979446411133,110.49311065673828,148.461669921875,103.03285217285156,126.91793823242188,3.0,3.0
/Users/josephkamil/Desktop/Capstone/Oly_Data/raw/snatch_mp4/8fcBgQUr4ek_04882_05148.mp4,snatch_mp4,8fcBgQUr4ek_04882_05148.mp4,0.92,snatch,,yes,,olympic,snatch_youtube_8fcbgqur4ek,train,630e7bff04133739e7a18da72351340042ffb749a4adf1ade158c6edf8cf8180,1.0,630e7bff04133739e7a18da72351340042ffb749a4adf1ade158c6edf8cf8180,266,228,0.8571428571428571,228.0,0.5482456088066101,0.40528634190559387,0.9515418410301208,0.5482456088066101,2.0,0.2687224745750427,0.18061673641204834,0.09816247224807739,0.006783666554838419,0.06939256191253662,0.008183171972632408,118.92932891845703,136.05230712890625,65.4099349975586,160.59815979003906,67.7258071899414,122.97217559814453,168.2416534423828,177.5107421875,177.2034912109375,177.3592529296875,98.41094207763672,74.27648162841797,48.786277770996094,145.2621612548828,60.628692626953125,108.27082061767578,166.69351196289062,170.5074462890625,173.3586883544922,169.94818115234375,146.22235107421875,152.55145263671875,169.5228271484375,170.01815795898438,171.02642822265625,172.82247924804688,168.9004364013672,173.84878540039062,173.91934204101562,154.33065795898438,6.481351852416992,58.279781341552734,11.363131523132324,1.576989769935608,0.9862041473388672,3.377526044845581,2.825549840927124,0.8745797276496887,0.6621180176734924,1.1850202083587646,0.6540266871452332,0.660636842250824,0.7136959433555603,0.5575922131538391,0.3746147155761719,0.30827319622039795,0.21448425948619843,0.24607959389686584,0.254300981760025,0.4463210701942444,0.4292747378349304,0.4087480902671814,0.4326319396495819,0.3276326656341553,0.5157241225242615,0.46251899003982544,0.3564256727695465,0.37251654267311096,0.3766058087348938,0.43097275495529175,0.47694680094718933,0.430090993642807,0.6288633346557617,0.5308926701545715,0.7765859365463257,0.6775045394897461,0.5862739086151123,0.5864900946617126,0.5799856781959534,0.5969026684761047,0.2251487821340561,0.25192946195602417,0.28109124302864075,0.230006605386734,0.14711663126945496,0.15471766889095306,0.1419561207294464,0.12645097076892853,0.12232661992311478,0.11048524081707001,0.0,0.0,0.0,0.0,0.95652174949646,1.0,1.0,1.0,1.0,0.52173912525177,0.0,0.760869562625885,0.5482456088066101,1.0,125.63164520263672,131.0798797607422,0.13656388223171234,0.22466960549354553,0.3849557638168335,0.29646018147468567,0.08849557489156723,142.9637908935547,136.91644287109375,165.34298706054688,147.77516174316406,4.0,4.0
/Users/josephkamil/Desktop/Capstone/Oly_Data/raw/snatch_mp4/-tl9NgfDKus_09414_10021.mp4,snatch_mp4,-tl9NgfDKus_09414_10021.mp4,3.71,snatch,,yes,,olympic,snatch_youtube_-tl9ngfdkus,train,cb9e2e8e58f3e040043c9df54aa365c68c1294b977fea368d0edbc384689abec,1.0,cb9e2e8e58f3e040043c9df54aa365c68c1294b977fea368d0edbc384689abec,607,607,1.0,607.0,0.2635914385318756,0.7095709443092346,0.971947193145752,0.2635914385318756,2.0,0.7277227640151978,0.6402640342712402,0.047262489795684814,0.0036005941219627857,0.053472042083740234,0.0055677760392427444,174.42568969726562,119.35498046875,131.8059844970703,92.2408447265625,103.05548858642578,161.11166381835938,91.00324249267578,89.9765396118164,170.60926818847656,173.78001403808594,167.0286102294922,117.65005493164062,116.06292724609375,85.01837921142578,68.35586547851562,63.953163146972656,89.57202911376953,89.04731750488281,160.81736755371094,165.09695434570312,159.49111938476562,150.44326782226562,149.2612762451172,155.31935119628906,176.18675231933594,171.25660705566406,177.33975219726562,170.2266845703125,174.12510681152344,165.9612579345703,1.161100149154663,7.5125250816345215,8.062933921813965,5.589810848236084,44.167110443115234,131.9337921142578,2.550449848175049,1.0034188032150269,0.6755090355873108,0.4494105577468872,0.6340999603271484,0.7836171388626099,0.7367446422576904,0.676880419254303,0.6632252335548401,0.6839145421981812,0.67896968126297,0.3838360905647278,0.23903411626815796,0.34409111738204956,0.5177904367446899,0.6418523788452148,0.5889711976051331,0.5086961388587952,0.45178020000457764,0.42460891604423523,0.4349519610404968,0.5092284679412842,0.3716595470905304,0.3883292078971863,0.6612583994865417,0.7139604091644287,0.6632093191146851,0.6122623085975647,0.535663902759552,0.4258246123790741,0.6122941970825195,0.7380368113517761,0.5958143472671509,0.5927810072898865,0.11649790406227112,0.14187486469745636,0.14814767241477966,0.16848425567150116,0.21150599420070648,0.25999942421913147,0.24409310519695282,0.14967219531536102,0.1326465904712677,0.12685760855674744,0.0,0.0,0.0,0.0,0.0,0.0,0.0,0.9016393423080444,1.0,0.7213114500045776,0.0,0.8595041036605835,0.2635914385318756,1.0,74.67532348632812,147.8052520751953,-0.018151815980672836,0.06930693238973618,0.0,0.23636363446712494,-0.23636363446712494,140.8684844970703,170.0690460205078,144.9404296875,129.19357299804688,5.0,6.0
/Users/josephkamil/Desktop/Capstone/Oly_Data/raw/snatch_mp4/HKGVFaRRHPE_00127_00357.mp4,snatch_mp4,HKGVFaRRHPE_00127_00357.mp4,0.85,snatch,,yes,,olympic,snatch_youtube_hkgvfarrhpe,train,8b305665f588545fc3ef330b45c9db5a8f0a0a2b29af24296eda2035af6c79d3,1.0,8b305665f588545fc3ef330b45c9db5a8f0a0a2b29af24296eda2035af6c79d3,230,229,0.9956521739130435,229.0,0.6462882161140442,0.0,0.8771929740905762,0.8777292370796204,3.0,0.16228070855140686,0.09210526198148727,0.24994194507598877,0.007391732651740313,0.049990713596343994,0.005187192466109991,153.52703857421875,86.7297134399414,136.94912719726562,61.92576599121094,95.23062896728516,159.5408935546875,168.20506286621094,177.08111572265625,173.5612335205078,175.55006408691406,55.532833099365234,54.023136138916016,129.4642333984375,54.60498046875,85.25463104248047,141.81787109375,162.6551055908203,164.52760314941406,164.06724548339844,162.24879455566406,161.2119598388672,172.80532836914062,163.59251403808594,159.46728515625,160.2068328857422,161.3679656982422,162.18421936035156,163.92526245117188,160.82200622558594,160.8801727294922,55.07680892944336,23.92031478881836,0.5286691784858704,0.7325233817100525,2.1597790718078613,4.225485324859619,1.1497331857681274,1.218754768371582,1.0590590238571167,1.8448150157928467,0.5137914419174194,0.5944483280181885,0.3868202865123749,0.3533882796764374,0.3122931718826294,0.1813846230506897,0.16328729689121246,0.1691587120294571,0.2623894214630127,0.5388078093528748,0.42289817333221436,0.4141886830329895,0.30849575996398926,0.4932951331138611,0.4516148269176483,0.32342615723609924,0.31303030252456665,0.31437575817108154,0.3409614861011505,0.3774378001689911,0.42733249068260193,0.5116399526596069,0.49726244807243347,0.7090795636177063,0.6565972566604614,0.5481870770454407,0.5618095397949219,0.562412440776825,0.5701562166213989,0.5478459000587463,0.1441318690776825,0.18028609454631805,0.14618058502674103,0.13991275429725647,0.13934949040412903,0.14210397005081177,0.14977388083934784,0.14522956311702728,0.12211459875106812,0.16153645515441895,0.3636363744735718,0.0,0.30434781312942505,1.0,1.0,1.0,1.0,1.0,0.782608687877655,0.0,0.17391304671764374,0.3913043439388275,0.6113536953926086,2.0,98.43489837646484,95.40438842773438,-0.16228070855140686,-0.09210526198148727,1.0,0.07488986849784851,0.9251101613044739,0.0,132.8206329345703,0.0,166.84844970703125,3.0,4.0
/Users/josephkamil/Desktop/Capstone/Oly_Data/raw/snatch_mp4/1DX0IXizcHg_01292_01617.mp4,snatch_mp4,1DX0IXizcHg_01292_01617.mp4,1.38,snatch,,yes,,olympic,snatch_youtube_1dx0ixizchg,test,2bec19b338694739c0cc7990bcc8dcba26a912e6c78bf3a3985b60f801da8e04,1.0,2bec19b338694739c0cc7990bcc8dcba26a912e6c78bf3a3985b60f801da8e04,325,312,0.96,312.0,0.42307692766189575,0.3858520984649658,0.8070739507675171,0.42307692766189575,2.0,0.31511253118515015,0.440514475107193,0.10854330658912659,0.009856545366346836,0.08704182505607605,0.007412263657897711,95.1543960571289,92.65111541748047,70.62274932861328,131.3759765625,85.93470764160156,175.36935424804688,171.93519592285156,170.1748809814453,126.03358459472656,161.78927612304688,136.1020965576172,119.97901153564453,75.67886352539062,137.36041259765625,83.470947265625,176.0973358154297,174.7283172607422,172.5645294189453,130.84994506835938,148.771240234375,156.90023803710938,172.40318298339844,175.78396606445312,146.76731872558594,163.50143432617188,170.76593017578125,172.0901336669922,166.94149780273438,140.86212158203125,130.37339782714844,42.48375701904297,4.142200946807861,7.45858097076416,10.801865577697754,11.325243949890137,6.484894275665283,4.956272125244141,6.401993751525879,12.212994575500488,22.478761672973633,0.750588595867157,0.7434309124946594,0.7360711097717285,0.5057047605514526,0.24949955940246582,0.2406463772058487,0.2414427399635315,0.25478044152259827,0.7171194553375244,0.6925283074378967,0.6349522471427917,0.5439326763153076,0.537473201751709,0.36986908316612244,0.4136691689491272,0.4176989197731018,0.4196363389492035,0.4271703362464905,0.5518316626548767,0.529198408126831,0.7041144371032715,0.6866520047187805,0.6826460957527161,0.5672765970230103,0.6234959959983826,0.673852264881134,0.6787098050117493,0.6846503615379333,0.7271021008491516,0.6747497320175171,0.12572653591632843,0.20128437876701355,0.19971144199371338,0.17032873630523682,0.1651158630847931,0.1772448867559433,0.1792258322238922,0.17388494312763214,0.19153837859630585,0.1745050549507141,0.0,0.0,0.0,0.12903225421905518,1.0,1.0,1.0,1.0,0.09677419066429138,0.0,0.0,0.032258063554763794,0.42307692766189575,1.0,168.20794677734375,168.14407348632812,0.07073955237865448,-0.05466238036751747,0.3709677457809448,0.2612903118133545,0.10967741906642914,175.5421600341797,177.16123962402344,173.0131072998047,175.23312377929688,7.0,6.0
/Users/josephkamil/Desktop/Capstone/Oly_Data/raw/snatch_mp4/-tl9NgfDKus_02564_02754.mp4,snatch_mp4,-tl9NgfDKus_02564_02754.mp4,1.43,snatch,,yes,,olympic,snatch_youtube_-tl9ngfdkus,train,2c02440524986b132dd0035e46728228706caa19ee4b45a94d451aca6c504569,1.0,2c02440524986b132dd0035e46728228706caa19ee4b45a94d451aca6c504569,191,191,1.0,191.0,0.5287958383560181,0.2789473831653595,0.8473684191703796,0.5706806182861328,4.0,0.0,0.0,0.08619818091392517,0.0117705799639225,0.0600125789642334,0.0085219731554389,56.56095886230469,112.28325653076172,145.52146911621094,52.20293426513672,152.85018920898438,165.5786895751953,167.81358337402344,166.7207794189453,172.9961395263672,160.37696838378906,53.6612434387207,106.98898315429688,142.3164825439453,42.795623779296875,144.62506103515625,157.39773559570312,160.5942840576172,159.6978302001953,164.05960083007812,170.20169067382812,178.53179931640625,175.00970458984375,167.1103057861328,167.20164489746094,164.64614868164062,169.14715576171875,166.2980499267578,155.25738525390625,162.70166015625,157.70062255859375,0.6530908346176147,0.7165096402168274,1.3727186918258667,0.6199100017547607,2.656139373779297,0.8730890154838562,0.603607177734375,1.4234542846679688,2.684591293334961,4.101358413696289,0.7099693417549133,0.7254235744476318,0.5013815760612488,0.3369874358177185,0.22812245786190033,0.13398952782154083,0.1722429245710373,0.3105162978172302,0.4357263147830963,0.8394221067428589,0.4600231647491455,0.44905948638916016,0.35995978116989136,0.5315794348716736,0.40895602107048035,0.31343838572502136,0.34038710594177246,0.3592248857021332,0.3810044527053833,0.4772312045097351,0.6549423933029175,0.6227499842643738,0.6234040260314941,0.7589136958122253,0.6188257336616516,0.5671722888946533,0.5794020891189575,0.5775163769721985,0.6212912797927856,0.8524160385131836,0.2499556541442871,0.2763828635215759,0.18416285514831543,0.19461430609226227,0.1808631867170334,0.17950280010700226,0.16818460822105408,0.11068985611200333,0.1338329017162323,0.36323413252830505,0.0,0.0,0.21052631735801697,1.0,1.0,1.0,1.0,0.6315789222717285,0.4736842215061188,0.0,0.0,0.2368421107530594,0.481675386428833,2.0,137.22439575195312,133.94480895996094,0.2789473831653595,0.2789473831653595,0.8042327761650085,0.24338623881340027,0.5608465671539307,151.22608947753906,143.9029998779297,150.76942443847656,154.27613830566406,4.0,3.0
/Users/josephkamil/Desktop/Capstone/Oly_Data/raw/snatch_mp4/1DX0IXizcHg_00270_00428.mp4,snatch_mp4,1DX0IXizcHg_00270_00428.mp4,0.75,snatch,,yes,,olympic,snatch_youtube_1dx0ixizchg,test,7677548fb6f8a27732283b8fafe94064b9a3c807f4812598b2a6fc2baf0528be,1.0,7677548fb6f8a27732283b8fafe94064b9a3c807f4812598b2a6fc2baf0528be,158,140,0.8860759493670886,140.0,0.20714285969734192,0.28057554364204407,0.49640288949012756,0.22142857313156128,6.0,0.5755395889282227,0.02158273383975029,0.1706629991531372,0.015765029937028885,0.15400394797325134,0.011060579679906368,52.693565368652344,57.430908203125,159.79074096679688,83.1778793334961,113.34479522705078,123.2018814086914,99.72193908691406,151.82479858398438,144.08433532714844,150.53260803222656,63.3387565612793,74.7805404663086,169.58949279785156,120.48528289794922,127.96163177490234,124.63831329345703,96.13237762451172,151.76126098632812,162.96034240722656,156.0284423828125,174.0654754638672,165.252685546875,152.12850952148438,90.05709075927734,74.1943588256836,60.739959716796875,47.422542572021484,38.435386657714844,118.38719177246094,131.7420654296875,2.4865946769714355,9.744085311889648,7.977276802062988,5.431217670440674,14.87860107421875,53.1611328125,80.52873229980469,25.587615966796875,7.87616491317749,7.563769340515137,0.7033095955848694,0.7010541558265686,0.5217520594596863,0.4935254156589508,0.49328044056892395,0.5148442387580872,0.5365375876426697,0.4194752275943756,0.5565754771232605,0.5880098938941956,0.5874970555305481,0.5731577277183533,0.4460768401622772,0.5661581158638,0.5226430296897888,0.39452362060546875,0.3729935586452484,0.35568299889564514,0.4542704224586487,0.49583762884140015,0.687864363193512,0.6752638816833496,0.5858979225158691,0.7178224921226501,0.6597475409507751,0.4725373685359955,0.4021320343017578,0.4897378087043762,0.5952313542366028,0.621412456035614,0.11652635782957077,0.12851880490779877,0.10470180213451385,0.08320295065641403,0.039153631776571274,0.12307201325893402,0.1642383188009262,0.06902507692575455,0.10921350866556168,0.09795697778463364,0.0,0.0,0.2142857164144516,1.0,0.8571428656578064,0.0,0.0,0.0,0.0,0.0,0.0,0.0,0.1785714328289032,3.0,172.46075439453125,167.3435821533203,-0.2949640154838562,0.2589927911758423,0.7246376872062683,0.5289855003356934,0.19565217196941376,172.5303497314453,175.57159423828125,167.72618103027344,139.50900268554688,5.0,4.0
/Users/josephkamil/Desktop/Capstone/Oly_Data/raw/snatch_mp4/eVqGMfMXG24_00001_00224.mp4,snatch_mp4,eVqGMfMXG24_00001_00224.mp4,0.52,snatch,,yes,,olympic,snatch_youtube_evqgmfmxg24,train,1621a76c0188298a5e3a569b538046013fcdc37960c4543774dc9d240a6c12f8,1.0,1621a76c0188298a5e3a569b538046013fcdc37960c4543774dc9d240a6c12f8,224,212,0.9464285714285714,212.0,0.4575471580028534,0.2511848211288452,0.9194312691688538,0.6698113083839417,6.0,0.549763023853302,0.2654028534889221,0.06266790628433228,0.006956224795430899,0.03271216154098511,0.0029105660505592823,132.72433471679688,144.76109313964844,153.3229217529297,119.53115844726562,143.72117614746094,54.853248596191406,129.64535522460938,174.00347900390625,175.9340362548828,176.76255798339844,47.02830123901367,71.49392700195312,81.20413970947266,58.88785934448242,129.1844940185547,64.05941772460938,129.22702026367188,167.49588012695312,173.0804443359375,161.28456115722656,166.83328247070312,172.68014526367188,135.32345581054688,162.73220825195312,172.10601806640625,174.8936004638672,176.1419677734375,172.3868865966797,174.20018005371094,147.73370361328125,134.48294067382812,134.56869506835938,126.71903991699219,49.888206481933594,19.121427536010742,6.638857364654541,11.381227493286133,4.914652347564697,3.5755512714385986,6.63282585144043,0.741260826587677,0.742120087146759,0.6885330677032471,0.6999636292457581,0.551803708076477,0.4526456296443939,0.37450507283210754,0.2913814187049866,0.2918451726436615,0.4871455430984497,0.6280112266540527,0.6487400531768799,0.6566604971885681,0.6201541423797607,0.46315285563468933,0.5546956062316895,0.4730147421360016,0.3983554244041443,0.3957676589488983,0.41826945543289185,0.5892424583435059,0.5999248027801514,0.6242559552192688,0.6417737603187561,0.5701648592948914,0.688262403011322,0.606085479259491,0.5568997263908386,0.5539922118186951,0.5498560667037964,0.11389271169900894,0.09422411024570465,0.05049837380647659,0.08180340379476547,0.09614875167608261,0.10223681479692459,0.09860251843929291,0.10725905746221542,0.10424415022134781,0.08882201462984085,0.0,0.0,0.2857142984867096,0.0,0.09090909361839294,1.0,1.0,1.0,1.0,0.22727273404598236,0.0,0.5952380895614624,0.4292452931404114,3.0,42.399234771728516,13.719807624816895,-0.2985782027244568,-0.014218009077012539,0.24761904776096344,0.4095238149166107,-0.16190476715564728,136.02069091796875,140.0279541015625,110.6019058227539,168.5540313720703,4.0,4.0
/Users/josephkamil/Desktop/Capstone/Oly_Data/raw/snatch_mp4/QWN_unS5o8I_00130_00373.mp4,snatch_mp4,QWN_unS5o8I_00130_00373.mp4,0.48,snatch,,yes,,olympic,snatch_youtube_qwn_uns5o8i,dev,f3850a6e88365c681c4320f5c36fb9ab2caabd1187ece9238a83c6ce1abcb10c,1.0,f3850a6e88365c681c4320f5c36fb9ab2caabd1187ece9238a83c6ce1abcb10c,243,243,1.0,243.0,0.7818930149078369,0.1735537201166153,0.9545454382896423,0.7818930149078369,2.0,0.00826446246355772,0.00826446246355772,0.06204092502593994,0.004314951598644257,0.03536641597747803,0.0033308693673461676,151.04193115234375,158.79010009765625,58.7411994934082,53.553184509277344,50.68599319458008,147.2129669189453,177.7445831298828,174.8330535888672,175.16156005859375,170.0919189453125,124.556640625,156.5260772705078,55.04337692260742,57.13853454589844,54.180511474609375,148.4304656982422,176.40472412109375,176.86285400390625,177.23822021484375,171.97079467773438,172.54638671875,146.3269805908203,167.67620849609375,169.77670288085938,167.25390625,165.95716857910156,166.63165283203125,165.1897735595703,164.2572784423828,141.79393005371094,19.027528762817383,11.086105346679688,2.0890862941741943,4.184557914733887,5.147560119628906,6.880819797515869,2.859496831893921,2.9454433917999268,2.816077947616577,4.373088359832764,0.7150261402130127,0.5129282474517822,0.44442078471183777,0.43526676297187805,0.432504266500473,0.35106298327445984,0.2550676167011261,0.247705340385437,0.24715743958950043,0.4126608967781067,0.579045832157135,0.453185111284256,0.5604574084281921,0.5482385754585266,0.542815625667572,0.464901328086853,0.3736703097820282,0.36547231674194336,0.36513590812683105,0.41557109355926514,0.6419559121131897,0.5810711979866028,0.7084047198295593,0.6904069781303406,0.6842941641807556,0.6104444861412048,0.5349729061126709,0.524811327457428,0.5237535834312439,0.5535894632339478,0.1361057013273239,0.10060417652130127,0.11675035953521729,0.11390804499387741,0.11099515110254288,0.11466733366250992,0.1189534068107605,0.11818287521600723,0.11824043840169907,0.10674083977937698,0.0,0.25,1.0,1.0,1.0,1.0,1.0,1.0,1.0,0.5600000023841858,0.1428571492433548,0.7755101919174194,0.7818930149078369,1.0,158.52713012695312,137.27613830566406,0.1652892529964447,0.1652892529964447,0.14522822201251984,0.02489626593887806,0.12033195048570633,159.56019592285156,140.69346618652344,175.7223358154297,139.2578125,3.0,4.0
/Users/josephkamil/Desktop/Capstone/Oly_Data/raw/snatch_mp4/1DX0IXizcHg_02569_02687.mp4,snatch_mp4,1DX0IXizcHg_02569_02687.mp4,0.48,snatch,,yes,,olympic,snatch_youtube_1dx0ixizchg,test,a7c2a9884da8afc7fa664721825f49c4598382d1a279ce1b1191d64b0b2bfeab,1.0,a7c2a9884da8afc7fa664721825f49c4598382d1a279ce1b1191d64b0b2bfeab,118,117,0.9915254237288136,117.0,0.6495726704597473,0.2844827473163605,1.0,0.7179487347602844,5.0,0.42241379618644714,0.38793104887008667,0.10058802366256714,0.020080149173736572,0.09730422496795654,0.009164094924926758,83.98267364501953,105.09793853759766,150.27474975585938,60.08445739746094,52.7517204284668,120.43712615966797,161.86260986328125,178.6021728515625,176.23756408691406,158.5522003173828,83.0129165649414,121.3828125,165.80784606933594,87.56548309326172,71.47552490234375,119.21691131591797,158.1597900390625,175.4115753173828,176.58692932128906,160.84747314453125,171.50912475585938,172.1650390625,149.47811889648438,167.99395751953125,143.13494873046875,164.81320190429688,149.22471618652344,122.47854614257812,123.49620819091797,147.85003662109375,14.834247589111328,8.866278648376465,9.954179763793945,5.5920515060424805,10.715008735656738,15.259869575500488,8.395270347595215,4.99849271774292,4.880173206329346,4.824211597442627,0.6983489394187927,0.6200377941131592,0.3913508951663971,0.3392559289932251,0.36766108870506287,0.298321396112442,0.27446356415748596,0.42265012860298157,0.27103543281555176,0.31201714277267456,0.5293287634849548,0.42851337790489197,0.28310924768447876,0.4865385890007019,0.4862942397594452,0.4272843301296234,0.39219674468040466,0.4078198969364166,0.36792969703674316,0.3893641233444214,0.696036159992218,0.6124188303947449,0.4939098060131073,0.7251322865486145,0.7142975926399231,0.6475828289985657,0.6302699446678162,0.6496747136116028,0.6088367104530334,0.6244926452636719,0.16944865882396698,0.19229531288146973,0.14344795048236847,0.1503971964120865,0.12338051944971085,0.12974990904331207,0.11852157860994339,0.04326466843485832,0.0994056835770607,0.10364837199449539,0.0,0.0,0.1666666716337204,1.0,1.0,1.0,1.0,0.3333333432674408,1.0,1.0,0.0,1.0,0.41025641560554504,3.0,157.51602172851562,165.40756225585938,-0.13793103396892548,-0.1034482792019844,0.208695650100708,0.13913042843341827,0.06956521421670914,102.35276794433594,146.6727294921875,112.34115600585938,121.41404724121094,4.0,3.0
/Users/josephkamil/Desktop/Capstone/Oly_Data/raw/snatch_mp4/6L4a8jKc-nM_00001_00299.mp4,snatch_mp4,6L4a8jKc-nM_00001_00299.mp4,0.54,snatch,,yes,,olympic,snatch_youtube_6l4a8jkc-nm,train,92f92d65ee8f8107e1219bee1058c70614960f1f245b9d7c6fa125c72dd7059d,1.0,92f92d65ee8f8107e1219bee1058c70614960f1f245b9d7c6fa125c72dd7059d,299,299,1.0,299.0,0.46822741627693176,0.34563758969306946,0.8120805621147156,0.46822741627693176,2.0,0.4026845693588257,0.05033557116985321,0.10391613841056824,0.009049361571669579,0.05154508352279663,0.0037700049579143524,150.51235961914062,143.26849365234375,93.89002227783203,112.52775573730469,38.70878982543945,66.84298706054688,160.4279022216797,178.00125122070312,173.84410095214844,166.4532012939453,39.71708297729492,91.23096466064453,80.16630554199219,115.21035766601562,45.0402717590332,67.99022674560547,150.31922912597656,166.83401489257812,166.35409545898438,170.9203338623047,173.1987762451172,175.04812622070312,176.0546875,168.57423400878906,164.6653594970703,176.05337524414062,175.85400390625,175.89405822753906,129.13221740722656,137.88311767578125,118.86988830566406,68.63259887695312,27.67349624633789,13.867775917053223,12.292372703552246,13.536065101623535,10.820356369018555,6.49146842956543,6.355950355529785,7.595922470092773,0.7498441338539124,0.7585441470146179,0.7434700727462769,0.42300570011138916,0.42238447070121765,0.35104671120643616,0.15308351814746857,0.13844938576221466,0.42033639550209045,0.4844813048839569,0.5911139249801636,0.576909065246582,0.5525568127632141,0.40985679626464844,0.5538167357444763,0.5064860582351685,0.3087111711502075,0.28163594007492065,0.29564037919044495,0.3038405478000641,0.5297338962554932,0.6089959740638733,0.6650933623313904,0.5877310037612915,0.7367884516716003,0.690252423286438,0.5198944807052612,0.49794331192970276,0.4970375895500183,0.4950166344642639,0.1645868718624115,0.185106098651886,0.19146710634231567,0.13568446040153503,0.13912363350391388,0.1562129110097885,0.15599924325942993,0.1448257565498352,0.15273962914943695,0.1812567114830017,0.0,0.0,0.0,0.5333333611488342,1.0,1.0,1.0,1.0,0.13333334028720856,0.0,0.0,0.06666667014360428,0.46822741627693176,1.0,147.61642456054688,167.77552795410156,-0.057046979665756226,0.29530200362205505,0.3400673270225525,0.3232323229312897,0.016835017129778862,107.57239532470703,144.6304473876953,142.1583709716797,140.39071655273438,5.0,4.0
/Users/josephkamil/Desktop/Capstone/Oly_Data/raw/snatch_mp4/vYVUB81VKEk_00001_00569.mp4,snatch_mp4,vYVUB81VKEk_00001_00569.mp4,2.76,snatch,,yes,,olympic,snatch_youtube_vyvub81vkek,train,25fb6f50e2c6364d4ea595423c840b4da99cfefa794a57ba30fc9b551185e9ac,1.0,25fb6f50e2c6364d4ea595423c840b4da99cfefa794a57ba30fc9b551185e9ac,569,532,0.9349736379613357,532.0,0.04887218028306961,0.17514124512672424,0.7928436994552612,0.6184210777282715,18.0,0.10357815772294998,0.05461393669247627,0.1614828109741211,0.01792459562420845,0.08889299631118774,0.006269666366279125,161.38938903808594,118.71340942382812,126.35765838623047,148.75213623046875,133.52676391601562,104.49972534179688,103.6218490600586,170.2611083984375,156.28121948242188,162.44984436035156,106.63457489013672,48.99198532104492,54.208675384521484,57.390098571777344,77.802734375,81.08850860595703,115.89102172851562,153.52479553222656,130.71994018554688,162.6688232421875,137.82498168945312,158.89891052246094,163.23971557617188,167.17872619628906,162.79788208007812,169.8459930419922,144.05416870117188,109.15913391113281,167.3348846435547,151.40859985351562,78.13601684570312,128.78128051757812,111.6507339477539,116.53173065185547,93.15328979492188,41.46546936035156,8.235308647155762,17.134302139282227,25.424123764038086,5.428152561187744,0.6035079956054688,0.6946608424186707,0.6685135364532471,0.6360394358634949,0.6451740264892578,0.6354455947875977,0.4292406737804413,0.42571935057640076,0.5169883370399475,0.48768240213394165,0.4943310022354126,0.5987952351570129,0.5661759376525879,0.502264142036438,0.5631477236747742,0.5067414045333862,0.42424553632736206,0.32599401473999023,0.3910362720489502,0.34278514981269836,0.5276917219161987,0.5318687558174133,0.5275919437408447,0.4555158019065857,0.5578352808952332,0.5812790989875793,0.5954371690750122,0.48265963792800903,0.5089718699455261,0.5091127157211304,0.11268123239278793,0.11606776714324951,0.12194658070802689,0.14277486503124237,0.11385487020015717,0.13177087903022766,0.040233761072158813,0.11657559126615524,0.13266128301620483,0.14643169939517975,0.0,0.01886792480945587,0.0,0.0,0.0,0.0,0.3962264060974121,0.07547169923782349,0.0,0.0,0.009433962404727936,0.0,0.01879699155688286,9.0,8.301542282104492,149.8699951171875,0.07156308740377426,0.12052730470895767,0.7905660271644592,0.7132075428962708,0.07735849171876907,175.62026977539062,171.16319274902344,169.8302764892578,159.21080017089844,7.0,8.0
/Users/josephkamil/Desktop/Capstone/Oly_Data/raw/snatch_mp4/300i1qmyl-k_00721_01185.mp4,snatch_mp4,300i1qmyl-k_00721_01185.mp4,1.16,snatch,,yes,,olympic,snatch_youtube_300i1qmyl-k,train,cb7b9ab5b6af7d23bcc9e02079a62d076039644a55794fd3422deeca1dc0e23a,1.0,cb7b9ab5b6af7d23bcc9e02079a62d076039644a55794fd3422deeca1dc0e23a,465,448,0.9634408602150538,448.0,0.1540178507566452,0.646532416343689,0.7986577153205872,0.1540178507566452,2.0,0.5570470094680786,0.46979865431785583,0.12300589680671692,0.006276635453104973,0.09489664435386658,0.0038756495341658592,172.39768981933594,155.30711364746094,79.91873931884766,44.960792541503906,42.05755615234375,49.03764724731445,99.83668518066406,144.7281494140625,174.7922821044922,170.7964630126953,153.9463653564453,84.89971160888672,55.419532775878906,39.42249298095703,38.64535903930664,53.646907806396484,105.45933532714844,148.76748657226562,168.57501220703125,172.94422912597656,173.20932006835938,175.91387939453125,160.9352569580078,149.5337371826172,152.7939453125,178.3505096435547,168.53924560546875,150.08355712890625,172.17088317871094,153.40658569335938,10.839137077331543,65.65094757080078,24.979156494140625,10.54210090637207,9.47028923034668,5.9846954345703125,8.152949333190918,3.3816134929656982,4.673868179321289,2.8122785091400146,0.3968345522880554,0.6418948173522949,0.6506758332252502,0.6524109244346619,0.6526434421539307,0.6465358734130859,0.2849467694759369,-0.0713784322142601,0.3514687716960907,0.30063486099243164,0.14403070509433746,0.39440515637397766,0.44775664806365967,0.45702826976776123,0.45256584882736206,0.42454564571380615,0.2847760021686554,0.10969047248363495,0.13998813927173615,0.0886482372879982,0.36061498522758484,0.41143926978111267,0.558355450630188,0.6288607120513916,0.62929767370224,0.6159704923629761,0.5096885561943054,0.3992500603199005,0.3696140646934509,0.33779242634773254,0.2540877163410187,0.2509217858314514,0.20438474416732788,0.1958128660917282,0.2003737837076187,0.22224150598049164,0.19184820353984833,0.18383915722370148,0.2119842767715454,0.21430347859859467,0.0,0.0,0.0,0.0,0.0,0.0,0.5333333611488342,1.0,0.0,0.0,0.0,0.0,0.1540178507566452,1.0,136.89622497558594,154.91148376464844,0.08948545902967453,0.17673377692699432,0.9955157041549683,0.6143497824668884,0.38116592168807983,138.69268798828125,138.35198974609375,142.539306640625,121.65320587158203,5.0,6.0
/Users/josephkamil/Desktop/Capstone/Oly_Data/raw/snatch_mp4/1DX0IXizcHg_01620_01856.mp4,snatch_mp4,1DX0IXizcHg_01620_01856.mp4,1.36,snatch,,yes,,olympic,snatch_youtube_1dx0ixizchg,test,315bfd7d6e9b1c90317960f209088cb1b34aa371f2ffbc6f6dfd014dbbbdd238,1.0,315bfd7d6e9b1c90317960f209088cb1b34aa371f2ffbc6f6dfd014dbbbdd238,236,226,0.9576271186440678,226.0,0.5707964897155762,0.2711111009120941,0.8444444537162781,0.5752212405204773,4.0,0.15111111104488373,0.12444444745779037,0.13969671726226807,0.015856433659791946,0.0897722840309143,0.006519881542772055,31.830738067626953,42.56985855102539,146.28480529785156,32.520599365234375,99.23773193359375,151.71185302734375,174.67401123046875,175.23191833496094,164.1281280517578,163.79441833496094,22.349010467529297,24.10360336303711,147.42901611328125,58.38963317871094,112.6277847290039,150.75318908691406,167.8164520263672,172.42237854003906,159.18536376953125,138.70339965820312,177.9498748779297,158.22525024414062,155.15911865234375,164.8035125732422,166.95896911621094,172.40406799316406,167.09796142578125,162.8519744873047,162.1543426513672,176.57533264160156,10.136604309082031,11.177411079406738,10.489143371582031,3.1102237701416016,13.43054485321045,2.749904155731201,1.2393394708633423,1.3004587888717651,4.300540924072266,19.8455867767334,0.6943331360816956,0.6625782251358032,0.4166404604911804,0.32997196912765503,0.23107951879501343,0.2028862088918686,0.235482856631279,0.2592276334762573,0.47568419575691223,0.6379931569099426,0.5299078822135925,0.535173773765564,0.3337055444717407,0.4686407148838043,0.4104834794998169,0.4015028178691864,0.42603152990341187,0.4368913471698761,0.4601583778858185,0.41167598962783813,0.658598005771637,0.6340528130531311,0.5146176815032959,0.6692745685577393,0.6133037805557251,0.6687682867050171,0.7010785937309265,0.7178650498390198,0.6968927979469299,0.5622742176055908,0.1646646112203598,0.12817206978797913,0.11549191921949387,0.14501480758190155,0.179443821310997,0.1995631754398346,0.1920524537563324,0.1786477267742157,0.1710815727710724,0.228664830327034,0.0,0.0,0.27272728085517883,0.95652174949646,1.0,1.0,1.0,1.0,0.47826087474823,0.0,0.0,0.2222222238779068,0.5442478060722351,2.0,139.75440979003906,156.6956787109375,0.11999999731779099,0.14666666090488434,0.2142857164144516,0.2276785671710968,-0.013392857275903225,177.3837890625,161.17767333984375,178.6590576171875,133.15835571289062,5.0,5.0
/Users/josephkamil/Desktop/Capstone/Oly_Data/raw/snatch_mp4/4_jMgAJ5Wu0_00574_00740.mp4,snatch_mp4,4_jMgAJ5Wu0_00574_00740.mp4,0.85,snatch,,yes,,olympic,snatch_youtube_4_jmgaj5wu0,test,d94c0d20eeed040a79f26f2f7e19a01e499527e9000317c98166d5cc43ee5298,1.0,d94c0d20eeed040a79f26f2f7e19a01e499527e9000317c98166d5cc43ee5298,166,160,0.963855421686747,160.0,0.21875,0.21383647620677948,0.7547169923782349,0.543749988079071,10.0,0.050314463675022125,0.2830188572406769,0.2507398724555969,0.03292135149240494,0.07363837957382202,0.007535153068602085,105.75054168701172,152.4620361328125,100.71870422363281,75.22258758544922,148.20401000976562,172.71734619140625,177.11865234375,167.04989624023438,154.71112060546875,165.7952880859375,138.71762084960938,161.34646606445312,113.29997253417969,80.90031433105469,140.64480590820312,172.72244262695312,176.9899444580078,165.49969482421875,144.42166137695312,121.00768280029297,56.25602722167969,133.8334197998047,117.49252319335938,160.30368041992188,141.67779541015625,173.59133911132812,158.23587036132812,145.87271118164062,136.8387451171875,152.65411376953125,175.580810546875,70.2542953491211,9.629073143005371,19.59579086303711,15.84724235534668,2.936049461364746,2.3664755821228027,3.4450507164001465,20.221721649169922,38.341209411621094,0.7535684108734131,0.5397736430168152,0.36379146575927734,0.37927505373954773,0.34974998235702515,0.4445646107196808,0.3957688808441162,0.42583855986595154,0.46451839804649353,0.4905911982059479,0.7049487829208374,0.4619700312614441,0.4037623405456543,0.4479750990867615,0.3320366442203522,0.2758258581161499,0.2675390839576721,0.30916884541511536,0.3680405616760254,0.39454561471939087,0.5680038928985596,0.4970555603504181,0.584097683429718,0.6013641357421875,0.492532879114151,0.4497642517089844,0.4418375492095947,0.478981077671051,0.5039622783660889,0.4960319399833679,0.05464912950992584,0.08709100633859634,0.07106927782297134,0.0721532478928566,0.06730392575263977,0.1701532006263733,0.13346727192401886,0.12458217144012451,0.09951986372470856,0.09863904118537903,0.0,0.0,0.8125,0.9375,0.375,0.0,0.0,0.0625,0.0,0.0,0.0,0.0,0.08124999701976776,5.0,115.18183898925781,141.83018493652344,0.16352201998233795,-0.069182388484478,0.5822784900665283,0.5822784900665283,0.0,132.16094970703125,131.2479248046875,53.40606689453125,121.48291015625,4.0,3.0
/Users/josephkamil/Desktop/Capstone/Oly_Data/raw/snatch_mp4/N_RWv4k-O-I_00140_00501.mp4,snatch_mp4,N_RWv4k-O-I_00140_00501.mp4,1.07,snatch,,yes,,olympic,snatch_youtube_n_rwv4k-o-i,train,e328639da94a420eb38e68fb0cc987cd03241a9dfa37c6ba6a4ff405a0219799,1.0,e328639da94a420eb38e68fb0cc987cd03241a9dfa37c6ba6a4ff405a0219799,362,362,1.0,362.0,0.17403315007686615,0.692520797252655,0.8642659187316895,0.17403315007686615,2.0,0.7645429372787476,0.39058172702789307,0.06613004207611084,0.00526827247813344,0.029083728790283203,0.0024423764552921057,178.2818603515625,177.36012268066406,171.7786102294922,160.3647918701172,147.9419403076172,121.16395568847656,151.2965545654297,92.28313446044922,174.44789123535156,169.7761993408203,172.8043212890625,174.57376098632812,135.65626525878906,85.55537414550781,89.80521392822266,110.3221664428711,142.8026885986328,103.75218200683594,172.67208862304688,121.16618347167969,175.05291748046875,173.87120056152344,169.2473907470703,162.69937133789062,158.74057006835938,174.18055725097656,164.7527618408203,159.32745361328125,149.08575439453125,165.1494140625,1.7345373630523682,0.7810393571853638,7.280767440795898,46.74477005004883,40.02352523803711,1.3142447471618652,1.4305956363677979,0.664876401424408,0.765727162361145,46.198360443115234,0.47261565923690796,0.47921738028526306,0.6042259931564331,0.6913138031959534,0.7019504308700562,0.6943259239196777,0.5576006770133972,0.3956844210624695,0.2828305959701538,0.6423422694206238,0.3205415904521942,0.31566277146339417,0.4521196782588959,0.5522592663764954,0.5674100518226624,0.5497093796730042,0.4500265121459961,0.5014103055000305,0.3125666379928589,0.465492308139801,0.4858740568161011,0.49284350872039795,0.5291869640350342,0.559884786605835,0.5750294327735901,0.6184629797935486,0.5592031478881836,0.6405863761901855,0.5012974739074707,0.5232678055763245,0.1520998626947403,0.16368824243545532,0.15221285820007324,0.13908255100250244,0.1345635950565338,0.14464589953422546,0.11497172713279724,0.10581774264574051,0.1103619635105133,0.1771606057882309,0.0,0.0,0.0,0.0,0.0,0.0,0.0833333358168602,1.0,0.6666666865348816,0.0,0.0,0.3194444477558136,0.17403315007686615,1.0,140.76193237304688,153.04092407226562,-0.07202216237783432,0.30193907022476196,0.644444465637207,0.6722221970558167,-0.02777777798473835,79.68798065185547,132.39874267578125,128.0584259033203,114.00727844238281,3.0,5.0
/Users/josephkamil/Desktop/Capstone/Oly_Data/raw/snatch_mp4/PWNoy3RLmEY_00459_00587.mp4,snatch_mp4,PWNoy3RLmEY_00459_00587.mp4,0.51,snatch,,yes,,olympic,snatch_youtube_pwnoy3rlmey,train,3e5232c526edfab77a1fc6866fb327d68ea8c65adc4b99bf882f7bee7096997e,1.0,3e5232c526edfab77a1fc6866fb327d68ea8c65adc4b99bf882f7bee7096997e,129,123,0.9534883720930233,123.0,0.3983739912509918,0.28688523173332214,0.6803278923034668,0.3983739912509918,2.0,0.08196721225976944,0.032786883413791656,0.2726048231124878,0.022565625607967377,0.13606199622154236,0.007894201204180717,145.41978454589844,119.97100830078125,152.8743438720703,136.93045043945312,151.44326782226562,165.03269958496094,172.91766357421875,176.1201934814453,174.8031005859375,167.56707763671875,65.32006072998047,79.88069915771484,155.83460998535156,168.6695098876953,172.9075164794922,172.5218505859375,175.39794921875,168.12232971191406,159.40953063964844,135.67710876464844,119.28386688232422,137.42149353027344,162.0095977783203,153.88270568847656,167.8327178955078,141.9720001220703,145.9905548095703,172.0308837890625,170.8142547607422,176.571533203125,120.47786712646484,101.1412353515625,15.48282241821289,3.620537042617798,2.46657657623291,4.187933921813965,3.671196937561035,2.5299341678619385,10.365962982177734,24.432838439941406,0.7070851922035217,0.751986563205719,0.4255584180355072,0.2703434228897095,0.18426485359668732,0.16742706298828125,0.21964189410209656,0.47518810629844666,0.48687076568603516,0.6301651000976562,0.5709093809127808,0.5735355615615845,0.28794485330581665,0.41697439551353455,0.34581243991851807,0.262010782957077,0.24682487547397614,0.2750217616558075,0.30392488837242126,0.44690650701522827,0.522814154624939,0.5500256419181824,0.4938797950744629,0.660343587398529,0.5908658504486084,0.522216796875,0.5099557638168335,0.5164128541946411,0.5169497132301331,0.5723757147789001,0.1512017697095871,0.19711947441101074,0.15558025240898132,0.1527993530035019,0.1620008945465088,0.12763193249702454,0.10011089593172073,0.20096950232982635,0.18430601060390472,0.18343769013881683,0.0,0.0,0.0833333358168602,1.0,1.0,1.0,0.8461538553237915,0.0,0.0,0.0,0.0,0.0,0.3983739912509918,1.0,154.51687622070312,162.07095336914062,0.2049180269241333,0.2540983557701111,0.19834710657596588,0.12396693974733353,0.07438016682863235,102.00182342529297,45.98382568359375,143.89205932617188,50.92353820800781,3.0,1.0
/Users/josephkamil/Desktop/Capstone/Oly_Data/raw/snatch_mp4/wYyhpNEQuLM_00700_01056.mp4,snatch_mp4,wYyhpNEQuLM_00700_01056.mp4,1.13,snatch,,yes,,olympic,snatch_youtube_wyyhpnequlm,test,b48282441c356eaa5cc52235ff0174bc22c21a900cb0bdf0a39eafa6227e4faf,1.0,b48282441c356eaa5cc52235ff0174bc22c21a900cb0bdf0a39eafa6227e4faf,356,276,0.7752808988764045,276.0,0.37318840622901917,0.20000000298023224,0.8799999952316284,0.6811594367027283,46.0,0.04363636299967766,0.007272727321833372,0.19477778673171997,0.029457369819283485,0.06992876529693604,0.004233587998896837,60.30136489868164,132.73495483398438,62.75988006591797,53.93731689453125,136.94418334960938,168.6121826171875,164.3888397216797,163.8503875732422,158.011474609375,165.34677124023438,76.4466323852539,118.89971160888672,87.48333740234375,64.15956115722656,144.67823791503906,173.86085510253906,171.36293029785156,172.80491638183594,165.31143188476562,157.87344360351562,157.18801879882812,150.8230743408203,163.12501525878906,163.7638397216797,148.79150390625,149.85406494140625,50.863285064697266,43.42428207397461,93.92144775390625,132.1249542236328,93.76345825195312,39.491004943847656,7.8095526695251465,11.524648666381836,15.160025596618652,4.130561828613281,6.226165771484375,5.655264377593994,9.707798957824707,11.583054542541504,0.7888915538787842,0.6384428143501282,0.5992897152900696,0.5465000867843628,0.4690786302089691,0.34508854150772095,0.36667338013648987,0.3891897201538086,0.45373302698135376,0.5582411289215088,0.6725242137908936,0.5056010484695435,0.5987807512283325,0.6162933111190796,0.46057695150375366,0.38124173879623413,0.3735700249671936,0.38255617022514343,0.41388148069381714,0.4391726553440094,0.667949378490448,0.6162024736404419,0.7587648034095764,0.7625808119773865,0.627581775188446,0.5710695385932922,0.56754070520401,0.5732814073562622,0.583707332611084,0.5801231265068054,0.121397465467453,0.1425035297870636,0.07268393784761429,0.08938691765069962,0.05507873743772507,0.07108473032712936,0.040070775896310806,0.02056305669248104,0.055603448301553726,0.1319294273853302,0.0,0.0,0.5185185074806213,0.8928571343421936,0.6785714030265808,0.7777777910232544,0.4285714328289032,0.3333333432674408,0.1071428582072258,0.0,0.0,0.05454545468091965,0.07608695328235626,23.0,156.56155395507812,164.2305145263672,0.15636363625526428,0.19272726774215698,0.24452555179595947,0.8905109763145447,-0.6459854245185852,172.5373077392578,159.5131378173828,169.8280792236328,148.79588317871094,5.0,6.0
/Users/josephkamil/Desktop/Capstone/Oly_Data/raw/snatch_mp4/-38xT-m3Fr4_01080_01414.mp4,snatch_mp4,-38xT-m3Fr4_01080_01414.mp4,1.06,snatch,,yes,,olympic,snatch_youtube_-38xt-m3fr4,train,d58ff7ff566d4315471eb282e7374218460502df95a115748de497f86e445494,1.0,d58ff7ff566d4315471eb282e7374218460502df95a115748de497f86e445494,335,334,0.9970149253731343,334.0,0.45209580659866333,0.36636635661125183,0.8168168067932129,0.45209580659866333,2.0,0.5555555820465088,0.012012012302875519,0.07808732986450195,0.005608976818621159,0.0881803035736084,0.004102576524019241,111.50379180908203,126.89725494384766,51.32323455810547,122.00389099121094,38.778099060058594,43.89667892456055,148.6367950439453,174.91574096679688,160.4689483642578,172.1468505859375,52.5098991394043,70.30216217041016,43.879608154296875,123.24613189697266,45.842079162597656,54.758872985839844,140.40631103515625,166.63040161132812,137.34104919433594,163.90255737304688,174.4145050048828,173.24765014648438,172.7987823486328,174.02635192871094,177.67282104492188,177.25445556640625,171.76502990722656,170.9952850341797,165.25567626953125,168.650146484375,72.440673828125,51.56186294555664,10.524075508117676,5.249581336975098,1.6460058689117432,2.593043088912964,5.231687545776367,2.8178882598876953,14.042558670043945,7.060640335083008,0.7819344997406006,0.7990533709526062,0.8054599761962891,0.5582224726676941,0.5166700482368469,0.5106849074363708,0.37741151452064514,0.31447795033454895,0.6848638653755188,0.5950108766555786,0.6268622279167175,0.6461000442504883,0.6568484306335449,0.5144941210746765,0.6241132616996765,0.6239184737205505,0.47767332196235657,0.432832270860672,0.5692376494407654,0.43636971712112427,0.6362614631652832,0.6853427290916443,0.7795253396034241,0.6836571097373962,0.8153520226478577,0.8113235831260681,0.6692469120025635,0.6365408897399902,0.6681257486343384,0.6008250117301941,0.15597611665725708,0.1530945897102356,0.14896701276302338,0.12032830715179443,0.10748542100191116,0.1132940873503685,0.10046876966953278,0.11841995269060135,0.14402078092098236,0.16024291515350342,0.0,0.0,0.0,0.3333333432674408,1.0,1.0,1.0,1.0,0.1818181872367859,0.0,0.0,0.08955223858356476,0.45209580659866333,1.0,116.26392364501953,127.47918701171875,-0.18918919563293457,0.3543543517589569,0.9066265225410461,0.33734938502311707,0.5692771077156067,136.82151794433594,145.67294311523438,141.07017517089844,140.14915466308594,7.0,6.0
/Users/josephkamil/Desktop/Capstone/Oly_Data/raw/snatch_mp4/Ne6x-EYnC1Q_00840_01096.mp4,snatch_mp4,Ne6x-EYnC1Q_00840_01096.mp4,0.82,snatch,,yes,,olympic,snatch_youtube_ne6x-eync1q,train,c20ce68563eef5cee2b4fe20e36fb3f0fdf7d352d93be0114fd66e7a01d12b7b,1.0,c20ce68563eef5cee2b4fe20e36fb3f0fdf7d352d93be0114fd66e7a01d12b7b,257,251,0.9766536964980544,251.0,0.13944223523139954,0.5600000023841858,0.7279999852180481,0.17131474614143372,12.0,0.10000000149011612,0.10400000214576721,0.13963434100151062,0.010913694277405739,0.03896743059158325,0.0048656160943210125,133.79335021972656,76.71867370605469,107.94329071044922,119.58946990966797,114.15203094482422,127.0508041381836,159.78684997558594,178.32791137695312,141.87718200683594,121.23319244384766,51.057899475097656,50.568504333496094,54.365299224853516,56.23231506347656,55.073829650878906,132.59886169433594,164.0215606689453,178.1732635498047,132.47727966308594,46.10633087158203,175.56951904296875,174.4239044189453,172.82814025878906,177.26499938964844,175.90908813476562,147.1699981689453,65.8692626953125,53.333518981933594,162.9856719970703,175.36830139160156,92.89784240722656,79.66314697265625,77.10504150390625,82.67378234863281,80.36988830566406,20.00693130493164,3.161907911300659,2.186434030532837,30.204700469970703,86.7857666015625,0.6968790292739868,0.6970512866973877,0.7406479120254517,0.7317366003990173,0.7281226515769958,0.4260109066963196,0.28068023920059204,0.28079405426979065,0.6055720448493958,0.8251429200172424,0.5396142601966858,0.5338180065155029,0.5541403293609619,0.5499995946884155,0.5454084873199463,0.3493359088897705,0.2939387559890747,0.26960402727127075,0.467081218957901,0.6396355032920837,0.5338826179504395,0.5550864934921265,0.5804161429405212,0.5647452473640442,0.5649871826171875,0.5386284589767456,0.5521394610404968,0.5268597602844238,0.603885293006897,0.6456009745597839,0.16259126365184784,0.16820715367794037,0.18840532004833221,0.1839199811220169,0.18485862016677856,0.09186553955078125,0.02293158695101738,0.01985175907611847,0.1411256641149521,0.18773730099201202,0.0,0.0,0.0,0.0,0.0,0.2800000011920929,0.8399999737739563,0.2800000011920929,0.0,0.0,0.0,0.0,0.055776894092559814,6.0,126.98051452636719,133.8252410888672,0.46000000834465027,0.4560000002384186,0.5582329034805298,0.49799197912216187,0.0602409653365612,139.2735137939453,122.1614990234375,144.27235412597656,138.23634338378906,7.0,7.0
/Users/josephkamil/Desktop/Capstone/Oly_Data/raw/snatch_mp4/Ne6x-EYnC1Q_00239_00412.mp4,snatch_mp4,Ne6x-EYnC1Q_00239_00412.mp4,0.54,snatch,,yes,,olympic,snatch_youtube_ne6x-eync1q,train,b0aa33b35642d8fa3fd87735df40eea78d02096361eaeb04b2f116e41ed5890a,1.0,b0aa33b35642d8fa3fd87735df40eea78d02096361eaeb04b2f116e41ed5890a,174,171,0.9827586206896551,171.0,0.27485379576683044,0.364705890417099,0.7470588088035583,0.38596490025520325,10.0,0.29411765933036804,0.9882352948188782,0.07986214756965637,0.009261779487133026,0.04746711254119873,0.0057988655753433704,130.4707489013672,110.38629913330078,126.70170593261719,131.5463104248047,118.4133071899414,175.84617614746094,177.5806884765625,170.80152893066406,129.1060791015625,129.88377380371094,50.0438346862793,54.14763641357422,60.519474029541016,133.7971649169922,122.4918441772461,175.1265869140625,177.23770141601562,176.81564331054688,87.58098602294922,47.9826774597168,175.74525451660156,177.26475524902344,176.3599090576172,118.84039306640625,100.60652160644531,126.3084487915039,46.35013198852539,80.11775207519531,172.0916290283203,173.1265411376953,83.99022674560547,86.79297637939453,84.732421875,23.48173713684082,15.399110794067383,3.5707499980926514,1.595299243927002,2.8261044025421143,50.661834716796875,83.9877700805664,0.7955631017684937,0.7918031215667725,0.7765665054321289,0.5033581852912903,0.43820929527282715,0.30909210443496704,0.32537004351615906,0.42521634697914124,0.7299577593803406,0.808986246585846,0.6379187107086182,0.6394534111022949,0.6189641952514648,0.4366282820701599,0.4878203868865967,0.3232027590274811,0.3170466125011444,0.37979578971862793,0.5784445405006409,0.6439985036849976,0.6482524871826172,0.644950270652771,0.628134548664093,0.5862542986869812,0.6765449643135071,0.572721540927887,0.5589529871940613,0.584402322769165,0.6518527865409851,0.6541515588760376,0.16038021445274353,0.15546806156635284,0.16028504073619843,0.0939735621213913,0.050500400364398956,0.023399516940116882,0.016154568642377853,0.06264235824346542,0.15200115740299225,0.16611962020397186,0.0,0.0,0.0,0.3529411852359772,1.0,0.8235294222831726,0.23529411852359772,0.3529411852359772,0.0,0.0,0.0,0.0,0.16959063708782196,5.0,85.63240814208984,133.481201171875,0.07058823853731155,-0.6235294342041016,0.7633135914802551,0.4792899489402771,0.2840236723423004,104.50438690185547,94.58838653564453,137.76031494140625,141.15492248535156,5.0,4.0
/Users/josephkamil/Desktop/Capstone/Oly_Data/raw/snatch_mp4/0L-eq_vImgA_00001_00810.mp4,snatch_mp4,0L-eq_vImgA_00001_00810.mp4,1.84,snatch,,yes,,olympic,snatch_youtube_0l-eq_vimga,train,b588f0d9b9d83722e1072baa7b5918180b58f788a3b53cd69e50b2c12a8ce201,1.0,b588f0d9b9d83722e1072baa7b5918180b58f788a3b53cd69e50b2c12a8ce201,810,520,0.6419753086419753,520.0,0.3730769157409668,0.0,1.0,1.0,8.0,0.25626203417778015,0.25818881392478943,0.37782591581344604,0.011996173299849033,0.16689062118530273,0.003981270827353001,172.02931213378906,141.20742797851562,60.02798843383789,52.21178436279297,23.868480682373047,108.59266662597656,167.64559936523438,176.45791625976562,172.83517456054688,171.8284454345703,161.43698120117188,135.7574920654297,74.53952026367188,47.172786712646484,33.50526428222656,104.01651763916016,163.60153198242188,171.68283081054688,169.52090454101562,168.04949951171875,150.2186279296875,160.27967834472656,127.79199981689453,173.0011444091797,176.60243225097656,154.39292907714844,166.27825927734375,162.39016723632812,143.36993408203125,154.1487274169922,7.349477767944336,31.909421920776367,52.585205078125,2.2471959590911865,1.5634117126464844,3.419006586074829,2.9367573261260986,0.6572673320770264,2.771383047103882,3.311321496963501,0.6584678292274475,0.6894387006759644,0.8179881572723389,0.8244409561157227,0.8216211795806885,0.6324249505996704,0.4458693265914917,0.42688798904418945,0.5458570122718811,0.5094844698905945,0.5647071003913879,0.5735921859741211,0.7433281540870667,0.7112699151039124,0.7092479467391968,0.6281224489212036,0.540807843208313,0.5215925574302673,0.551066517829895,0.5288993120193481,0.6780824661254883,0.6715621948242188,0.78013676404953,0.81322181224823,0.8141868114471436,0.7435286045074463,0.6859667897224426,0.6735247373580933,0.6865586042404175,0.6674903631210327,0.09504882246255875,0.11713729798793793,0.08727426081895828,0.1133127361536026,0.11258344352245331,0.07962190359830856,0.09662886708974838,0.0949266329407692,0.0821446031332016,0.09038137644529343,0.01923076994717121,0.0,0.057692307978868484,0.0,0.0,0.5,1.0,1.0,0.5384615659713745,0.6153846383094788,0.009615384973585606,0.5769230723381042,0.303846150636673,5.0,170.28248596191406,173.91488647460938,-0.25626203417778015,-0.25818881392478943,0.1660231649875641,0.19691120088100433,-0.0308880303055048,0.0,176.49607849121094,0.0,177.9947509765625,4.0,4.0
/Users/josephkamil/Desktop/Capstone/Oly_Data/raw/snatch_mp4/1DX0IXizcHg_02062_02337.mp4,snatch_mp4,1DX0IXizcHg_02062_02337.mp4,1.72,snatch,,yes,,olympic,snatch_youtube_1dx0ixizchg,test,ca17c29ae1b0369390b3d76e080b0d085b2acdeb4babbda0d5845a23113212f6,1.0,ca17c29ae1b0369390b3d76e080b0d085b2acdeb4babbda0d5845a23113212f6,275,259,0.9418181818181818,259.0,0.6216216087341309,0.27131783962249756,0.8914728760719299,0.6216216087341309,2.0,0.3255814015865326,0.023255813866853714,0.1733504831790924,0.01500160526484251,0.0927770733833313,0.006189984735101461,112.8823013305664,82.25206756591797,135.42282104492188,39.897193908691406,87.00765991210938,148.04811096191406,167.42298889160156,166.73672485351562,164.91763305664062,158.61663818359375,78.8401107788086,73.64141082763672,139.30332946777344,55.16816711425781,75.42089080810547,134.13526916503906,167.5475311279297,166.8505859375,168.32215881347656,147.10472106933594,176.29591369628906,176.53041076660156,167.83641052246094,174.40652465820312,173.09210205078125,154.90895080566406,124.47135925292969,120.29549407958984,153.00428771972656,157.51036071777344,56.83369064331055,10.28524398803711,9.265816688537598,2.3262786865234375,11.995988845825195,10.92682933807373,4.469241619110107,3.097306966781616,2.7489500045776367,22.459247589111328,0.7634328603744507,0.6999325156211853,0.4403681457042694,0.3637581169605255,0.322449654340744,0.2157267928123474,0.04053950309753418,0.16132381558418274,0.22585329413414001,0.6273912787437439,0.5644081234931946,0.5297113656997681,0.3578729033470154,0.5315219759941101,0.47727301716804504,0.33813002705574036,0.2337057739496231,0.31746989488601685,0.35301604866981506,0.4137533903121948,0.6039654016494751,0.6691551208496094,0.5802841782569885,0.7597798705101013,0.6812058091163635,0.573657751083374,0.4937785565853119,0.5794209837913513,0.6115010976791382,0.6056482791900635,0.19928483664989471,0.1712382733821869,0.14286969602108002,0.1683076024055481,0.15829458832740784,0.12372835725545883,0.1940499246120453,0.15730418264865875,0.17114108800888062,0.21482104063034058,0.0,0.0,0.26923078298568726,1.0,1.0,1.0,1.0,1.0,0.9230769276618958,0.0,0.0,0.4615384638309479,0.6216216087341309,1.0,129.91673278808594,152.30821228027344,-0.05426356568932533,0.24806201457977295,0.7354085445404053,0.17120622098445892,0.5642023086547852,112.23521423339844,150.52716064453125,137.8399200439453,133.82327270507812,6.0,5.0
/Users/josephkamil/Desktop/Capstone/Oly_Data/raw/snatch_mp4/Vl7SQWaLh-I_00240_00569.mp4,snatch_mp4,Vl7SQWaLh-I_00240_00569.mp4,0.7,snatch,,yes,,olympic,snatch_youtube_vl7sqwalh-i,train,df2550e3ce3ade6dda6bc6e52b1c302c4fb78696889b4495d8721fd9810c3dff,1.0,df2550e3ce3ade6dda6bc6e52b1c302c4fb78696889b4495d8721fd9810c3dff,330,330,1.0,330.0,0.25151515007019043,0.5319148898124695,0.8176291584968567,0.28787878155708313,10.0,0.41033434867858887,0.32826748490333557,0.19357937574386597,0.012446502223610878,0.06670129299163818,0.00364681682549417,100.71168518066406,71.84947204589844,26.596141815185547,15.650150299072266,55.81245040893555,134.005859375,176.41419982910156,175.588623046875,169.28688049316406,151.62966918945312,66.8867416381836,72.58467864990234,44.766197204589844,7.458928108215332,59.633338928222656,138.16880798339844,174.27777099609375,178.3884735107422,163.2459716796875,143.76170349121094,163.9100799560547,177.67886352539062,177.46714782714844,175.03318786621094,142.59364318847656,164.11831665039062,178.20802307128906,178.32647705078125,160.5884246826172,169.96795654296875,79.4330062866211,72.32443237304688,50.64356231689453,25.508169174194336,22.690893173217773,6.396483421325684,5.7260355949401855,5.7224016189575195,15.702333450317383,35.003273010253906,0.8736134767532349,0.8785486221313477,0.8758548498153687,0.8729543089866638,0.7948482632637024,0.46492552757263184,0.32784968614578247,0.26577481627464294,0.5554972290992737,0.7354568243026733,0.6772827506065369,0.6754531860351562,0.658827543258667,0.6574693322181702,0.607596755027771,0.4832972288131714,0.34053221344947815,0.3282133936882019,0.40472206473350525,0.49075576663017273,0.6954089999198914,0.7079763412475586,0.7271841168403625,0.7789114117622375,0.7424963116645813,0.703822135925293,0.5858427882194519,0.5717179775238037,0.584563136100769,0.5989134311676025,0.19873009622097015,0.2061932384967804,0.21851643919944763,0.21584096550941467,0.18793220818042755,0.13405589759349823,0.06011515110731125,0.07653062045574188,0.19287027418613434,0.24486058950424194,0.0,0.0,0.0,0.0,0.0,0.5757575631141663,0.7575757503509521,1.0,0.1818181872367859,0.0,0.0,0.09090909361839294,0.11818181723356247,5.0,143.35467529296875,160.5028533935547,0.12158054858446121,0.2036474198102951,0.5304877758026123,0.48475611209869385,0.04573170840740204,174.5984344482422,170.52325439453125,177.42393493652344,169.1934814453125,6.0,7.0
/Users/josephkamil/Desktop/Capstone/Oly_Data/raw/snatch_mp4/-R8O1oRTmaw_01565_01796.mp4,snatch_mp4,-R8O1oRTmaw_01565_01796.mp4,1.01,snatch,,yes,,olympic,snatch_youtube_-r8o1ortmaw,train,053f82333957f00461143115d3637ec1a2e054e96003392167123ec5031ed699,1.0,053f82333957f00461143115d3637ec1a2e054e96003392167123ec5031ed699,232,232,1.0,232.0,0.4353448152542114,0.36796537041664124,0.8008658289909363,0.4353448152542114,2.0,0.2294372320175171,0.41558441519737244,0.052659571170806885,0.006503359880298376,0.06417757272720337,0.004696145188063383,138.34793090820312,129.6094207763672,75.78265380859375,134.69052124023438,69.62393188476562,163.72109985351562,175.4213409423828,174.8190460205078,171.1817626953125,164.961669921875,107.12736511230469,108.8533706665039,71.83446502685547,130.4551239013672,56.47908401489258,149.5999755859375,161.66236877441406,164.49136352539062,152.7767333984375,164.6146240234375,176.48965454101562,177.9570770263672,176.80508422851562,165.37184143066406,171.86956787109375,166.81539916992188,171.49838256835938,166.2366180419922,168.02760314941406,168.3260040283203,2.879289388656616,1.7038753032684326,1.2343294620513916,0.8439909219741821,1.8704851865768433,2.6639456748962402,1.9570809602737427,1.6991699934005737,4.149404525756836,7.276987552642822,0.6938115358352661,0.693006694316864,0.6816560626029968,0.4363224506378174,0.4063068926334381,0.2905122935771942,0.26879921555519104,0.2891712188720703,0.637290358543396,0.47686639428138733,0.49216702580451965,0.48671117424964905,0.46444109082221985,0.34077075123786926,0.5295881628990173,0.4115138351917267,0.3957855701446533,0.4090121388435364,0.4905756115913391,0.36883091926574707,0.5343927145004272,0.5487686395645142,0.6110495328903198,0.5182136297225952,0.6898607611656189,0.5807603597640991,0.6146944761276245,0.6204462647438049,0.5906365513801575,0.5415639281272888,0.2016829401254654,0.2062978893518448,0.2172306925058365,0.15411415696144104,0.12329081445932388,0.12102670222520828,0.12699922919273376,0.1198984831571579,0.15001974999904633,0.10957580804824829,0.0,0.0,0.0,0.30434781312942505,1.0,1.0,1.0,1.0,0.043478261679410934,0.0,0.0,0.0,0.4353448152542114,1.0,123.05075073242188,129.21275329589844,0.13852813839912415,-0.0476190485060215,0.32608696818351746,0.25217390060424805,0.07391304522752762,132.74981689453125,133.19830322265625,122.4000244140625,146.78321838378906,3.0,5.0
/Users/josephkamil/Desktop/Capstone/Oly_Data/raw/snatch_mp4/qnkisPB3PPY_00154_00427.mp4,snatch_mp4,qnkisPB3PPY_00154_00427.mp4,0.4,snatch,,yes,,olympic,snatch_youtube_qnkispb3ppy,dev,6a3798b85399b27e0dd1f4989524d796d35b45dd0f4c75b383f610b6cd288c96,1.0,6a3798b85399b27e0dd1f4989524d796d35b45dd0f4c75b383f610b6cd288c96,274,180,0.656934306569343,180.0,0.6333333253860474,0.02793296054005623,0.9050279259681702,0.8777777552604675,18.0,0.7765362858772278,0.7597765326499939,0.3235541582107544,0.02379307709634304,0.15915009379386902,0.007596478331834078,135.8393096923828,153.51669311523438,167.2931671142578,172.36756896972656,176.82070922851562,174.92755126953125,176.2460479736328,129.98757934570312,143.92718505859375,160.51585388183594,121.19850158691406,158.9992218017578,163.30523681640625,175.93630981445312,176.27783203125,175.61561584472656,171.16741943359375,102.2238540649414,144.48065185546875,160.150634765625,137.2381591796875,134.024658203125,161.89306640625,151.1740264892578,159.65528869628906,163.536865234375,121.28855895996094,124.583251953125,148.57147216796875,166.61309814453125,106.37744140625,176.31036376953125,88.75190734863281,1.2405351400375366,0.7405030131340027,1.9492865800857544,1.3985217809677124,108.72245025634766,176.420654296875,31.54413604736328,0.5261576771736145,0.6614854335784912,0.5352320075035095,0.3598763942718506,0.35759636759757996,0.3577718734741211,0.38267600536346436,0.5115765333175659,0.5330639481544495,0.42228156328201294,0.5090853571891785,0.629368007183075,0.5244656801223755,0.43347692489624023,0.43704742193222046,0.4389877915382385,0.4429100453853607,0.49894285202026367,0.6203776001930237,0.3027913570404053,0.47433340549468994,0.5162028074264526,0.5315972566604614,0.5466920137405396,0.5493190288543701,0.550238847732544,0.5508249998092651,0.4519347548484802,0.47436583042144775,0.4458707273006439,0.04671803116798401,0.04039496183395386,0.08302900195121765,0.07428684085607529,0.08110421895980835,0.08247098326683044,0.061075739562511444,0.06763500720262527,0.10206859558820724,0.14400643110275269,0.3333333432674408,0.1111111119389534,0.5,1.0,1.0,1.0,1.0,0.4444444477558136,0.8888888955116272,0.0555555559694767,0.2222222238779068,0.4722222089767456,0.4555555582046509,9.0,165.97372436523438,177.5121307373047,-0.748603343963623,-0.7318435907363892,0.24719101190567017,0.03932584449648857,0.2078651636838913,14.6343994140625,169.2160186767578,109.85391998291016,166.86083984375,5.0,4.0
/Users/josephkamil/Desktop/Capstone/Oly_Data/raw/snatch_mp4/DX9_nCDNVfk_00120_00450.mp4,snatch_mp4,DX9_nCDNVfk_00120_00450.mp4,0.76,snatch,,yes,,olympic,snatch_youtube_dx9_ncdnvfk,train,eec25e399b70e8cb2ef4c5055849508899368c627e06e12f3cf528e4762aaec1,1.0,eec25e399b70e8cb2ef4c5055849508899368c627e06e12f3cf528e4762aaec1,331,291,0.879154078549849,291.0,0.30927833914756775,0.02068965509533882,0.7172414064407349,0.6975945234298706,6.0,0.09310344606637955,0.17241379618644714,0.1724565625190735,0.007470849435776472,0.08924239873886108,0.003944999538362026,60.583683013916016,15.738248825073242,26.077600479125977,69.14913940429688,140.87423706054688,167.91036987304688,174.49432373046875,162.2429962158203,175.66653442382812,167.56173706054688,85.11405944824219,23.823772430419922,39.595340728759766,79.86192321777344,143.84909057617188,162.57383728027344,173.61590576171875,169.6863555908203,172.70419311523438,158.17457580566406,146.38612365722656,170.24644470214844,163.30348205566406,161.88427734375,165.69044494628906,169.35060119628906,169.22592163085938,155.53933715820312,173.91700744628906,167.89349365234375,62.9500846862793,4.394289970397949,7.186524868011475,6.740796089172363,13.169946670532227,9.002352714538574,1.4542590379714966,2.9509410858154297,2.7935543060302734,7.216155052185059,0.7412489056587219,0.7848981618881226,0.78853839635849,0.7790235877037048,0.6333674192428589,0.443067729473114,0.4169902801513672,0.5921232104301453,0.6252183318138123,0.6503685712814331,0.7472366690635681,0.6887627243995667,0.6897836923599243,0.6796354055404663,0.5887700319290161,0.5340740084648132,0.5187804698944092,0.5341077446937561,0.5181872248649597,0.551115870475769,0.7797377109527588,0.7947801947593689,0.7923583984375,0.7615841627120972,0.7005918622016907,0.6740710735321045,0.6738865375518799,0.6646503210067749,0.6429930329322815,0.654879629611969,0.08632394671440125,0.09632652252912521,0.09892966598272324,0.09966149926185608,0.08588708937168121,0.09432049095630646,0.10440163314342499,0.09208668768405914,0.10719519108533859,0.10034719854593277,0.6206896305084229,0.0,0.0,0.0,0.27586206793785095,1.0,1.0,0.2068965584039688,0.0,0.0,0.3103448152542114,0.0,0.23711340129375458,3.0,23.966503143310547,65.83602905273438,-0.07241379469633102,-0.15172414481639862,0.5155709385871887,0.4982698857784271,0.017301037907600403,142.13565063476562,170.7322235107422,100.43719482421875,164.5618133544922,6.0,6.0
/Users/josephkamil/Desktop/Capstone/Oly_Data/raw/snatch_mp4/-tl9NgfDKus_02564_02720.mp4,snatch_mp4,-tl9NgfDKus_02564_02720.mp4,1.16,snatch,,yes,,olympic,snatch_youtube_-tl9ngfdkus,train,fdf43542e58bd62449ba58a5fdbe613d5a81ac001aae6407679b47150e661488,1.0,fdf43542e58bd62449ba58a5fdbe613d5a81ac001aae6407679b47150e661488,156,156,1.0,156.0,0.6153846383094788,0.3354838788509369,1.0,0.6666666865348816,3.0,0.019354838877916336,0.0,0.09012073278427124,0.009190607815980911,0.04898953437805176,0.007255099713802338,45.868995666503906,102.22208404541016,146.57681274414062,104.32032012939453,73.03634643554688,156.21734619140625,164.233154296875,166.37258911132812,166.48098754882812,168.60142517089844,43.4156494140625,97.07274627685547,143.13668823242188,97.63880157470703,63.147396087646484,148.9745635986328,156.25143432617188,158.77340698242188,160.44540405273438,160.23712158203125,178.46897888183594,175.4194793701172,175.84669494628906,159.35560607910156,168.64187622070312,164.20404052734375,169.2677001953125,168.0692901611328,159.27761840820312,153.73892211914062,0.5880019068717957,0.611903727054596,1.689994215965271,0.9285084009170532,0.8567440509796143,2.922196626663208,0.8537100553512573,0.841511607170105,0.500335693359375,2.304351329803467,0.7093180418014526,0.7369066476821899,0.6531553864479065,0.37285861372947693,0.3227279782295227,0.2217235565185547,0.13269340991973877,0.15909241139888763,0.19352507591247559,0.3569517135620117,0.45991483330726624,0.4680616557598114,0.3785122036933899,0.4266413450241089,0.5157804489135742,0.402406245470047,0.31338927149772644,0.32870206236839294,0.35222941637039185,0.35853269696235657,0.6669875979423523,0.6382936239242554,0.602125883102417,0.6813279390335083,0.7323816418647766,0.6135241985321045,0.5663548707962036,0.5748167634010315,0.5810375213623047,0.5735855102539062,0.24941854178905487,0.2688490152359009,0.2748061418533325,0.1395496129989624,0.19305811822414398,0.1807296872138977,0.18076781928539276,0.1696593314409256,0.15872758626937866,0.08190589398145676,0.0,0.0,0.0,0.625,1.0,1.0,1.0,1.0,1.0,0.5,0.0,0.7419354915618896,0.5897436141967773,2.0,139.8865509033203,135.08326721191406,0.31612902879714966,0.3354838788509369,0.9805194735527039,0.2922077775001526,0.6883116960525513,150.8495635986328,137.24615478515625,148.269287109375,136.24903869628906,3.0,3.0
/Users/josephkamil/Desktop/Capstone/Oly_Data/raw/snatch_mp4/YInVzhc2KAo_00001_00298.mp4,snatch_mp4,YInVzhc2KAo_00001_00298.mp4,1.92,snatch,,yes,,olympic,snatch_youtube_yinvzhc2kao,train,e2e73916c3f488f8ad1e4a6eb4d3e6b5c5f706b1f658c5fde4bfa59f9ae3fb72,1.0,e2e73916c3f488f8ad1e4a6eb4d3e6b5c5f706b1f658c5fde4bfa59f9ae3fb72,298,296,0.9932885906040269,296.0,0.5067567825317383,0.30169492959976196,0.989830493927002,0.6891891956329346,4.0,0.4474576413631439,0.810169517993927,0.07901012897491455,0.012202371843159199,0.04166454076766968,0.005832429975271225,164.38482666015625,164.14144897460938,163.0142822265625,122.25926971435547,91.70042419433594,161.15415954589844,166.8030548095703,169.44488525390625,148.85113525390625,163.74258422851562,162.00624084472656,154.63844299316406,147.08738708496094,139.4599151611328,109.20714569091797,161.83016967773438,173.58203125,141.48158264160156,110.77933502197266,171.53224182128906,172.79429626464844,176.2156524658203,158.79177856445312,157.7333221435547,158.37557983398438,169.8737030029297,150.3617401123047,147.76516723632812,103.65579223632812,121.69873046875,12.9518461227417,27.123512268066406,27.79163932800293,7.894991874694824,15.381032943725586,11.347270011901855,2.7995266914367676,34.53292465209961,40.493473052978516,2.7521281242370605,0.5670748353004456,0.6837997436523438,0.6003321409225464,0.24296540021896362,0.3179903030395508,0.10590343922376633,0.0876118466258049,0.5716181993484497,0.5098909139633179,0.07389304786920547,0.3336278796195984,0.44858020544052124,0.389050155878067,0.4045112431049347,0.5012613534927368,0.30849015712738037,0.2694513499736786,0.39212363958358765,0.3690197765827179,0.19192276895046234,0.49870550632476807,0.5599343776702881,0.524238646030426,0.6383540034294128,0.6955267190933228,0.5715336203575134,0.5608932375907898,0.5347991585731506,0.4943787753582001,0.4480992257595062,0.23450656235218048,0.2356937825679779,0.21274855732917786,0.1796857863664627,0.18626724183559418,0.20657749474048615,0.18543808162212372,0.18515180051326752,0.16805952787399292,0.13545140624046326,0.0,0.0,0.0,0.9666666388511658,1.0,1.0,1.0,0.03448275849223137,0.13333334028720856,0.8999999761581421,0.0,0.5254237055778503,0.40202704071998596,2.0,158.13816833496094,175.67567443847656,-0.14576271176338196,-0.508474588394165,0.28231292963027954,0.8401360511779785,-0.557823121547699,40.842620849609375,105.4254150390625,51.379371643066406,178.06333923339844,5.0,5.0
/Users/josephkamil/Desktop/Capstone/Oly_Data/raw/snatch_mp4/Vl7SQWaLh-I_01040_01378.mp4,snatch_mp4,Vl7SQWaLh-I_01040_01378.mp4,0.84,snatch,,yes,,olympic,snatch_youtube_vl7sqwalh-i,train,8ebd97445a98b90346bad8430d220f174fd3d972844d529330abff01bdf16220,1.0,8ebd97445a98b90346bad8430d220f174fd3d972844d529330abff01bdf16220,339,331,0.976401179941003,331.0,0.2719033360481262,0.49696969985961914,0.8606060743331909,0.365558922290802,10.0,0.3393939435482025,0.3636363744735718,0.2785615026950836,0.020061342045664787,0.07597017288208008,0.005704039242118597,44.34055709838867,32.15886688232422,48.16724395751953,14.261990547180176,102.1655502319336,89.46454620361328,165.81231689453125,171.10931396484375,146.1122589111328,153.49200439453125,76.6683578491211,80.22496032714844,67.98511505126953,7.876550674438477,112.60111999511719,90.01590728759766,172.2854766845703,177.1094970703125,128.00242614746094,151.8135986328125,174.0102081298828,175.44894409179688,176.02542114257812,176.86392211914062,170.42086791992188,167.83517456054688,163.72706604003906,133.93798828125,140.95970153808594,170.9827880859375,76.15536499023438,67.95796203613281,52.385498046875,31.80614471435547,19.603178024291992,14.90650749206543,5.917797088623047,2.228161334991455,60.85194778442383,32.535118103027344,0.8544535040855408,0.8553335070610046,0.868794322013855,0.8754158616065979,0.6910805702209473,0.4819389283657074,0.2105778455734253,0.21253374218940735,0.6266183257102966,0.6909515261650085,0.6843061447143555,0.6648988127708435,0.6598588824272156,0.664338231086731,0.507347822189331,0.5693013668060303,0.28278273344039917,0.2618522346019745,0.4845958948135376,0.45009076595306396,0.7064085006713867,0.7009899616241455,0.7181980013847351,0.7736450433731079,0.6681702733039856,0.7675026655197144,0.5469033122062683,0.5378862023353577,0.5880802869796753,0.5817608833312988,0.17200464010238647,0.19209879636764526,0.20981760323047638,0.21165731549263,0.18985547125339508,0.099367156624794,0.1017683744430542,0.11295546591281891,0.1744844615459442,0.24107316136360168,0.0,0.0,0.0,0.0,0.03030303120613098,1.0,0.7272727489471436,0.7575757503509521,0.21212121844291687,0.0,0.0,0.10606060922145844,0.13897280395030975,5.0,112.31300354003906,136.31495666503906,0.15757575631141663,0.13333334028720856,0.6474164128303528,0.8571428656578064,-0.20972643792629242,176.88743591308594,178.6374969482422,172.8124237060547,177.4036407470703,7.0,5.0
/Users/josephkamil/Desktop/Capstone/Oly_Data/raw/snatch_mp4/E9sPllx4G8M_01430_01678.mp4,snatch_mp4,E9sPllx4G8M_01430_01678.mp4,0.87,snatch,,yes,,olympic,snatch_youtube_e9spllx4g8m,test,e17bcc6eb0013be881d9f4fd4b9c66388cd74c09df824a05ecf229884cf2bc5d,1.0,e17bcc6eb0013be881d9f4fd4b9c66388cd74c09df824a05ecf229884cf2bc5d,249,240,0.963855421686747,240.0,0.699999988079071,0.17573221027851105,1.0,0.824999988079071,3.0,0.2301255166530609,0.2301255166530609,0.04109525680541992,0.006978545803576708,0.05788964033126831,0.004881317727267742,92.2255859375,130.1237030029297,54.607364654541016,149.87242126464844,168.1381072998047,177.6260223388672,173.89772033691406,146.4573211669922,155.0989532470703,175.8236083984375,89.17005157470703,134.31488037109375,63.04328536987305,145.73001098632812,158.11033630371094,164.72189331054688,163.50904846191406,134.84640502929688,156.94212341308594,162.16326904296875,164.4716339111328,157.6088409423828,170.7981719970703,172.9760284423828,169.73594665527344,171.41925048828125,164.4814910888672,125.73505401611328,129.7875518798828,153.3047332763672,1.1687968969345093,1.067940592765808,0.6284144520759583,1.0671155452728271,1.0757317543029785,0.5452053546905518,0.5510578751564026,3.0785818099975586,0.9772782325744629,0.4954499900341034,0.7229192852973938,0.4330253601074219,0.41865649819374084,0.2646297514438629,0.23108477890491486,0.27923157811164856,0.37578925490379333,0.6116023659706116,0.4491482675075531,0.4422835409641266,0.5521723628044128,0.3494313955307007,0.5400277376174927,0.3789546489715576,0.3490709066390991,0.38192009925842285,0.4263271391391754,0.5324648022651672,0.4861348867416382,0.48140618205070496,0.6504136919975281,0.5462926030158997,0.7328460812568665,0.5603799223899841,0.561643123626709,0.5670448541641235,0.5770602822303772,0.5998673439025879,0.603926420211792,0.5893780589103699,0.17096269130706787,0.12922778725624084,0.12137273699045181,0.11438324302434921,0.118010014295578,0.10270655155181885,0.07032635807991028,0.07938873767852783,0.03773793950676918,0.03924233838915825,0.0,0.25,1.0,1.0,1.0,1.0,0.7916666865348816,0.0,0.9583333134651184,1.0,0.125,0.9791666865348816,0.5041666626930237,2.0,120.99537658691406,128.7922821044922,-0.054393306374549866,-0.054393306374549866,0.7731092572212219,0.07983193546533585,0.6932772994041443,130.825439453125,153.34262084960938,121.16284942626953,123.60625457763672,5.0,3.0
/Users/josephkamil/Desktop/Capstone/Oly_Data/raw/snatch_mp4/iEByXfUcsMw_00339_00684.mp4,snatch_mp4,iEByXfUcsMw_00339_00684.mp4,0.65,snatch,,yes,,olympic,snatch_youtube_iebyxfucsmw,train,e8dd73f6c960941e2173c65318e98ede54dddc6ee95225ae29a7a5212a007d1e,1.0,e8dd73f6c960941e2173c65318e98ede54dddc6ee95225ae29a7a5212a007d1e,346,345,0.9971098265895953,345.0,0.08405797183513641,0.7093023061752319,0.8779069781303406,0.17101448774337769,4.0,0.8604651093482971,0.17151163518428802,0.0625295639038086,0.0029907815624028444,0.041932106018066406,0.002145251026377082,131.52658081054688,135.7073211669922,132.8173828125,131.68673706054688,130.6833953857422,144.21804809570312,144.82797241210938,117.4131851196289,58.46741485595703,137.0313262939453,46.96281814575195,37.147884368896484,36.888832092285156,38.04960250854492,41.60213851928711,40.4920768737793,48.27894592285156,105.78044128417969,72.39476776123047,98.44889831542969,177.1058349609375,175.4757537841797,174.51702880859375,177.2713623046875,177.98117065429688,178.15284729003906,176.3806915283203,167.05587768554688,170.59194946289062,173.07920837402344,124.06742858886719,121.73223876953125,120.63777923583984,122.0124740600586,123.90892028808594,123.72891998291016,127.84220123291016,27.055742263793945,4.489840507507324,39.96805191040039,0.7082279324531555,0.7147664427757263,0.7208309173583984,0.7185550332069397,0.7211748361587524,0.7222074866294861,0.717963457107544,0.632725715637207,0.5303636193275452,0.6808283925056458,0.6183876991271973,0.6172233819961548,0.6188443899154663,0.6194435954093933,0.6203847527503967,0.6210577487945557,0.6172788739204407,0.5492346882820129,0.567850649356842,0.5560123324394226,0.5888370871543884,0.590821385383606,0.5939440727233887,0.5947173237800598,0.5951890349388123,0.5964522957801819,0.5864453315734863,0.6225314736366272,0.6776015758514404,0.5964158773422241,0.0899188369512558,0.09762399643659592,0.10215004533529282,0.09921342879533768,0.10093291848897934,0.10128719359636307,0.10090827941894531,0.08710421621799469,0.06948412954807281,0.12490183860063553,0.0,0.0,0.0,0.0,0.0,0.0,0.0,0.05714285746216774,0.7941176295280457,0.0,0.0,0.3913043439388275,0.08115942031145096,2.0,156.5874786376953,134.04739379882812,-0.151162788271904,0.5377907156944275,0.7026239037513733,0.7463557124137878,-0.04373177886009216,54.690452575683594,132.71836853027344,103.37982940673828,146.28652954101562,9.0,9.0
/Users/josephkamil/Desktop/Capstone/Oly_Data/raw/snatch_mp4/1DX0IXizcHg_01872_02045.mp4,snatch_mp4,1DX0IXizcHg_01872_02045.mp4,1.13,snatch,,yes,,olympic,snatch_youtube_1dx0ixizchg,test,b87a27bf73c2f5f6c38fc3bdbaa24f1968f4068e107866c67d05d53b52ef7f4d,1.0,b87a27bf73c2f5f6c38fc3bdbaa24f1968f4068e107866c67d05d53b52ef7f4d,173,173,1.0,173.0,0.589595377445221,0.2906976640224457,0.8779069781303406,0.589595377445221,2.0,0.075581394135952,0.075581394135952,0.15968424081802368,0.014372745528817177,0.11348831653594971,0.0068893940187990665,50.09992599487305,100.85946655273438,145.53909301757812,52.075992584228516,86.45201110839844,146.02374267578125,170.86590576171875,173.7115478515625,160.69435119628906,108.47557830810547,47.020843505859375,88.15587615966797,148.35952758789062,74.95161437988281,94.73856353759766,140.72691345214844,167.22900390625,170.53421020507812,154.05201721191406,99.49628448486328,175.09439086914062,167.85353088378906,154.8607940673828,148.96673583984375,149.28097534179688,159.0875701904297,163.65682983398438,157.02767944335938,159.9514617919922,163.66287231445312,12.973213195800781,14.286949157714844,10.866889953613281,1.564131259918213,3.5394113063812256,6.142141342163086,0.47116151452064514,0.4300385117530823,4.030865669250488,24.88977813720703,0.8296805620193481,0.7578504085540771,0.47091832756996155,0.4714665412902832,0.41440606117248535,0.29030048847198486,0.2609485983848572,0.2481684684753418,0.37609410285949707,0.8213312029838562,0.6023260951042175,0.5311823487281799,0.3298470675945282,0.5743476748466492,0.5353257060050964,0.43648990988731384,0.4159875512123108,0.4211876392364502,0.46570706367492676,0.607162356376648,0.7497993111610413,0.6766427755355835,0.5656234622001648,0.8221962451934814,0.7734243869781494,0.706426739692688,0.7161459922790527,0.7294574975967407,0.743913471698761,0.7470269203186035,0.22764959931373596,0.22694845497608185,0.17033663392066956,0.10716680437326431,0.12406426668167114,0.14879633486270905,0.15697580575942993,0.17528735101222992,0.14066720008850098,0.21638192236423492,0.0,0.0,0.05882352963089943,1.0,1.0,1.0,1.0,1.0,0.8235294222831726,0.0,0.0,0.4000000059604645,0.589595377445221,1.0,90.3281021118164,119.24983978271484,0.21511627733707428,0.21511627733707428,0.2163742631673813,0.23976607620716095,-0.023391813039779663,133.5537567138672,139.90625,140.44174194335938,111.86212158203125,4.0,4.0
/Users/josephkamil/Desktop/Capstone/Oly_Data/raw/snatch_mp4/DzxjlFoyd8U_00240_00623.mp4,snatch_mp4,DzxjlFoyd8U_00240_00623.mp4,2.18,snatch,,yes,,olympic,snatch_youtube_dzxjlfoyd8u,train,5a443aa9c062bf00ef1dfad62353665184c03d1b019c1461507f1d4696ea14f7,1.0,5a443aa9c062bf00ef1dfad62353665184c03d1b019c1461507f1d4696ea14f7,384,377,0.9817708333333334,377.0,0.35013261437416077,0.417553186416626,0.7739361524581909,0.35809019207954407,6.0,0.21010638773441315,0.2819148898124695,0.14560240507125854,0.015511084347963333,0.10384511947631836,0.007484088651835918,69.54039001464844,89.27336883544922,14.658027648925781,81.8886947631836,96.1992416381836,26.8255558013916,151.00942993164062,162.67092895507812,148.03759765625,153.77024841308594,164.65318298339844,108.02935028076172,15.066512107849121,76.78910064697266,105.69264221191406,34.483604431152344,144.4491729736328,173.16209411621094,157.9138946533203,169.87124633789062,146.04803466796875,143.2640838623047,137.4225616455078,163.95782470703125,141.59765625,137.7692413330078,165.99232482910156,154.10484313964844,167.68153381347656,147.87232971191406,31.40886688232422,23.773374557495117,19.783422470092773,50.56044387817383,15.851080894470215,13.34793472290039,17.515514373779297,5.3200364112854,13.626394271850586,3.2383975982666016,0.5602867603302002,0.6355388760566711,0.6666324734687805,0.6415418386459351,0.34737080335617065,0.4915829598903656,0.26968443393707275,0.3577381670475006,0.7022989392280579,0.620975911617279,0.4826529324054718,0.5230068564414978,0.5292702913284302,0.4364576041698456,0.4107319414615631,0.5848265290260315,0.3974805474281311,0.4121461808681488,0.4423384964466095,0.357625812292099,0.5819093585014343,0.6563672423362732,0.6911664009094238,0.5356385707855225,0.6563944816589355,0.826981246471405,0.6514878273010254,0.7045049667358398,0.6634474992752075,0.6614187359809875,0.08221729099750519,0.11666145920753479,0.13927264511585236,0.20642638206481934,0.12163915485143661,0.09434064477682114,0.13450762629508972,0.13906468451023102,0.2649149000644684,0.2645329535007477,0.0,0.0,0.0,0.0,0.7894737124443054,1.0,0.9459459185600281,0.7631579041481018,0.0,0.0,0.0,0.0,0.24137930572032928,3.0,177.4622344970703,154.92579650878906,0.20744681358337402,0.1356382966041565,0.9359999895095825,0.328000009059906,0.6079999804496765,174.97195434570312,171.71267700195312,174.6311492919922,155.37161254882812,9.0,4.0
/Users/josephkamil/Desktop/Capstone/Oly_Data/raw/snatch_mp4/8ayxz86QCng_00001_00552.mp4,snatch_mp4,8ayxz86QCng_00001_00552.mp4,1.8,snatch,,yes,,olympic,snatch_youtube_8ayxz86qcng,dev,5ad8a9a6031ad29edfa68241cbc22c35c93c80e0927d7d5115d385a5cf87c6ab,1.0,5ad8a9a6031ad29edfa68241cbc22c35c93c80e0927d7d5115d385a5cf87c6ab,552,389,0.7047101449275363,389.0,0.14910025894641876,0.5154638886451721,0.8917526006698608,0.37789201736450195,26.0,0.5154638886451721,0.6030927896499634,0.08989518880844116,0.007391079794615507,0.12394165992736816,0.004983164370059967,170.1490478515625,170.501220703125,167.48818969726562,169.82797241210938,155.46798706054688,92.90149688720703,146.7165069580078,167.26510620117188,168.1974639892578,149.7090606689453,173.82627868652344,170.3406219482422,171.64964294433594,174.5944061279297,161.70916748046875,104.37357330322266,141.2946014404297,170.1072235107422,170.35598754882812,162.9599151611328,158.80477905273438,158.6585693359375,157.325439453125,144.3321075439453,149.4393310546875,65.50352478027344,117.9482192993164,140.93211364746094,152.98863220214844,154.67864990234375,7.388370037078857,1.554254412651062,1.3215782642364502,3.115017890930176,21.75367546081543,108.36654663085938,37.14229965209961,13.810872077941895,20.053539276123047,8.54857349395752,0.46139973402023315,0.45470336079597473,0.4516426920890808,0.4495812952518463,0.4859989881515503,0.5737119913101196,0.4784163534641266,0.35827410221099854,0.3386535346508026,0.4563220143318176,0.3769535422325134,0.36503663659095764,0.35938140749931335,0.3523939251899719,0.3849601149559021,0.5550007224082947,0.4519743323326111,0.37460190057754517,0.32207223773002625,0.37510210275650024,0.45660489797592163,0.4620510935783386,0.45148277282714844,0.45825302600860596,0.4764865040779114,0.523154616355896,0.5054551959037781,0.48048752546310425,0.42463651299476624,0.46858835220336914,0.0847242921590805,0.09009099006652832,0.09256043285131454,0.09778225421905518,0.10192565619945526,0.02834894135594368,0.05378416180610657,0.038843486458063126,0.06475876271724701,0.08350026607513428,0.0,0.0,0.0,0.0,0.0,0.1794871836900711,0.3076923191547394,0.7179487347602844,0.28205129504203796,0.0,0.0,0.14102564752101898,0.0385604128241539,13.0,3.189704418182373,85.94129943847656,0.0,-0.08762886375188828,0.0,0.49095606803894043,-0.49095606803894043,175.67938232421875,176.03570556640625,154.83639526367188,160.9664306640625,4.0,3.0
/Users/josephkamil/Desktop/Capstone/Oly_Data/raw/snatch_mp4/xJGHLhnJVFs_01193_01411.mp4,snatch_mp4,xJGHLhnJVFs_01193_01411.mp4,0.67,snatch,,yes,,olympic,snatch_youtube_xjghlhnjvfs,train,2aee1ae284b37e4c6900d3c9842fe87b400cdec815ea02d53c45179819024028,1.0,2aee1ae284b37e4c6900d3c9842fe87b400cdec815ea02d53c45179819024028,219,219,1.0,219.0,0.6164383292198181,0.13302752375602722,0.747706413269043,0.6164383292198181,2.0,0.16055046021938324,0.24770642817020416,0.1110336184501648,0.007807482499629259,0.1432645320892334,0.0036361035890877247,144.84860229492188,97.56812286376953,41.555179595947266,85.53748321533203,159.31471252441406,177.71002197265625,178.32545471191406,177.59129333496094,177.98004150390625,177.97341918945312,135.67453002929688,100.03495788574219,47.04177474975586,84.46589660644531,156.54344177246094,172.6339569091797,177.47068786621094,174.900634765625,176.1776123046875,174.60247802734375,176.1240997314453,171.78443908691406,176.7749481201172,176.54673767089844,177.0629425048828,178.19207763671875,177.21726989746094,161.89178466796875,166.10009765625,176.61634826660156,1.8917874097824097,0.666114866733551,1.3579750061035156,0.9618505835533142,0.8745853900909424,0.7129344940185547,0.31332075595855713,0.3823622763156891,0.6704526543617249,1.7639206647872925,0.6390417814254761,0.4422701895236969,0.45951300859451294,0.4080733358860016,0.25437748432159424,0.19541306793689728,0.19914788007736206,0.3606533706188202,0.44725048542022705,0.47520720958709717,0.49701476097106934,0.48824530839920044,0.5914814472198486,0.5417751669883728,0.3887787163257599,0.3390969932079315,0.34334948658943176,0.34989407658576965,0.334057480096817,0.32077908515930176,0.5906197428703308,0.6693931221961975,0.7822631597518921,0.7167001366615295,0.5820115804672241,0.5564095973968506,0.5639672875404358,0.5570809841156006,0.5350441336631775,0.5142678022384644,0.14208370447158813,0.1140606477856636,0.13197258114814758,0.1337118297815323,0.13443899154663086,0.14373750984668732,0.14420317113399506,0.120929054915905,0.11548299342393875,0.15531158447265625,0.0,0.6363636255264282,1.0,1.0,1.0,1.0,1.0,0.5,0.0,0.0,0.34090909361839294,0.0,0.6164383292198181,1.0,127.86788177490234,131.0437469482422,-0.027522936463356018,-0.11467889696359634,0.07834101468324661,0.07834101468324661,0.0,45.386558532714844,141.95921325683594,46.90626525878906,133.44287109375,3.0,1.0
/Users/josephkamil/Desktop/Capstone/Oly_Data/raw/snatch_mp4/9n9JfJKIUwU_00001_00177.mp4,snatch_mp4,9n9JfJKIUwU_00001_00177.mp4,0.9,snatch,,yes,,olympic,snatch_youtube_9n9jfjkiuwu,train,1391f40d4d9f41f8924050bdc70fbb3472adaacd1dbebe21a8f00b110fad18f1,1.0,1391f40d4d9f41f8924050bdc70fbb3472adaacd1dbebe21a8f00b110fad18f1,177,174,0.9830508474576272,174.0,0.29885056614875793,0.6127167344093323,0.9075144529342651,0.29885056614875793,2.0,0.5491329431533813,0.7052023410797119,0.0838516354560852,0.012194027192890644,0.08709061145782471,0.00736576970666647,169.36900329589844,172.49993896484375,157.2532196044922,129.950439453125,94.99713134765625,109.63897705078125,59.29214096069336,144.80453491210938,174.0260467529297,162.7108612060547,176.82827758789062,176.9207305908203,115.47064971923828,43.196189880371094,66.94944763183594,109.51416015625,53.82017135620117,149.25584411621094,174.23348999023438,167.03956604003906,161.0914306640625,163.19882202148438,150.77633666992188,156.48171997070312,168.38958740234375,171.38706970214844,159.6625518798828,173.61480712890625,175.52542114257812,102.2886734008789,2.8072469234466553,6.67283821105957,63.7801513671875,101.26129150390625,41.47959899902344,9.600641250610352,1.8189115524291992,7.205047607421875,1.7127867937088013,6.593694686889648,0.469830721616745,0.5074835419654846,0.5987400412559509,0.6744022369384766,0.6886869072914124,0.6585783958435059,0.4280882477760315,0.33271709084510803,0.21677812933921814,0.48267289996147156,0.3335111141204834,0.35533446073532104,0.48838064074516296,0.5464957356452942,0.550021767616272,0.5203787684440613,0.5149326324462891,0.4462733268737793,0.33751344680786133,0.42013612389564514,0.47825348377227783,0.49869632720947266,0.5223522186279297,0.5360165238380432,0.6198833584785461,0.6365938782691956,0.680280864238739,0.6020443439483643,0.5280167460441589,0.5802769064903259,0.13674509525299072,0.15251784026622772,0.11487886309623718,0.12956055998802185,0.1410185545682907,0.13830552995204926,0.098446324467659,0.1136544793844223,0.12087615579366684,0.08102266490459442,0.0,0.0,0.0,0.0,0.0,0.0,0.8823529481887817,1.0,1.0,0.1111111119389534,0.0,0.5428571701049805,0.29885056614875793,1.0,154.42335510253906,148.2333526611328,0.06358381360769272,-0.09248554706573486,0.5988371968269348,0.5581395626068115,0.040697675198316574,166.49655151367188,160.38330078125,170.7379913330078,173.78773498535156,3.0,3.0
/Users/josephkamil/Desktop/Capstone/Oly_Data/raw/snatch_mp4/1DX0IXizcHg_01068_01291.mp4,snatch_mp4,1DX0IXizcHg_01068_01291.mp4,0.99,snatch,,yes,,olympic,snatch_youtube_1dx0ixizchg,test,18a1f71c3602b975dfb19123dfa7b18381aa518cb660ee35d19627e7cd96729f,1.0,18a1f71c3602b975dfb19123dfa7b18381aa518cb660ee35d19627e7cd96729f,223,222,0.9955156950672646,222.0,0.5540540814399719,0.38461539149284363,0.9366515874862671,0.5540540814399719,2.0,0.4343891441822052,0.4343891441822052,0.22271066904067993,0.013079316355288029,0.0963483452796936,0.006298727355897427,92.9379653930664,152.2906036376953,84.91790771484375,164.82801818847656,59.40336990356445,136.9800567626953,170.17105102539062,173.6938018798828,175.25656127929688,161.09161376953125,102.75324249267578,157.67434692382812,97.14892578125,165.81983947753906,58.645137786865234,134.27174377441406,171.72567749023438,176.68643188476562,178.38372802734375,169.1995849609375,176.10531616210938,175.07530212402344,176.47723388671875,154.05718994140625,136.11061096191406,149.9533233642578,160.5898895263672,170.90476989746094,178.09864807128906,137.0290985107422,13.354114532470703,24.450763702392578,16.317842483520508,11.946450233459473,8.757826805114746,15.700572967529297,6.661680221557617,6.218104839324951,6.203530788421631,10.007681846618652,0.8081624507904053,0.8220354318618774,0.810344934463501,0.5190024375915527,0.3875304162502289,0.3037455677986145,0.2096940577030182,0.22291578352451324,0.2165883183479309,0.5172088742256165,0.5902390480041504,0.5962388515472412,0.588854968547821,0.394782155752182,0.5278847813606262,0.45876961946487427,0.3724839985370636,0.39919301867485046,0.4082152545452118,0.45926934480667114,0.7195281982421875,0.6981629729270935,0.7374024987220764,0.594649076461792,0.7512707710266113,0.6803341507911682,0.6163996458053589,0.6383230686187744,0.657222330570221,0.644249439239502,0.2179884910583496,0.22585196793079376,0.22166100144386292,0.16789494454860687,0.1504001021385193,0.1570235788822174,0.1644386500120163,0.17861543595790863,0.19166423380374908,0.17501090466976166,0.0,0.0,0.0,0.13636364042758942,1.0,1.0,1.0,1.0,1.0,0.3913043439388275,0.0,0.6818181872367859,0.5540540814399719,1.0,160.4200897216797,176.294921875,-0.04977375641465187,-0.04977375641465187,0.34090909361839294,0.26818183064460754,0.072727270424366,137.548828125,177.58786010742188,121.30650329589844,173.18629455566406,4.0,3.0
/Users/josephkamil/Desktop/Capstone/Oly_Data/raw/snatch_mp4/iEByXfUcsMw_01636_01920.mp4,snatch_mp4,iEByXfUcsMw_01636_01920.mp4,0.61,snatch,,yes,,olympic,snatch_youtube_iebyxfucsmw,train,cd1fc7b9a061d8d72b0237dfa125340972ef92812d3b8ec70d18eee84991ecbc,1.0,cd1fc7b9a061d8d72b0237dfa125340972ef92812d3b8ec70d18eee84991ecbc,285,269,0.9438596491228071,269.0,0.48327139019966125,0.3955223858356476,0.9813432693481445,0.5873606204986572,6.0,0.02985074557363987,0.02985074557363987,0.1675850749015808,0.005770099814981222,0.03399646282196045,0.00235959654673934,57.96623229980469,53.079898834228516,56.905738830566406,128.4570770263672,76.12725067138672,141.8561553955078,172.39659118652344,176.8293914794922,159.91046142578125,163.91217041015625,42.79016876220703,50.58018493652344,48.25889205932617,122.18824005126953,90.17737579345703,133.3421630859375,165.1698455810547,174.09898376464844,157.71437072753906,165.5325927734375,176.59683227539062,176.33050537109375,177.22946166992188,170.61581420898438,165.03555297851562,173.34300231933594,172.51512145996094,174.98777770996094,170.3355255126953,132.86761474609375,14.247699737548828,17.789539337158203,18.700105667114258,14.631446838378906,9.402888298034668,11.58428955078125,5.730073928833008,5.837508678436279,6.461275577545166,1.3389488458633423,0.7758684158325195,0.7739270329475403,0.7722329497337341,0.6696147918701172,0.600990355014801,0.45309507846832275,0.41458866000175476,0.41467976570129395,0.5593018531799316,0.524712324142456,0.6638990044593811,0.6642173528671265,0.6643102169036865,0.581261396408081,0.6639319062232971,0.5374076962471008,0.4965135455131531,0.4992179870605469,0.5349896550178528,0.5102706551551819,0.7340551018714905,0.7341576814651489,0.7329704165458679,0.6701313853263855,0.7511736750602722,0.6559349298477173,0.6293457746505737,0.638461172580719,0.6576547026634216,0.6346110105514526,0.11260899901390076,0.11077304929494858,0.10897921025753021,0.09160180389881134,0.06833019852638245,0.0844826027750969,0.08211278170347214,0.0847054123878479,0.08603177964687347,0.06237861141562462,0.0,0.0,0.0,0.03703703731298447,0.9259259104728699,1.0,1.0,1.0,0.37037035822868347,0.48148149251937866,0.0,0.42592594027519226,0.42007434368133545,3.0,116.18903350830078,149.65927124023438,0.36567163467407227,0.36567163467407227,0.4232209622859955,0.8614231944084167,-0.43820226192474365,118.37771606445312,136.0024871826172,141.47036743164062,121.39187622070312,5.0,5.0
/Users/josephkamil/Desktop/Capstone/Oly_Data/raw/snatch_mp4/2Rms41zxbqI_00060_00434.mp4,snatch_mp4,2Rms41zxbqI_00060_00434.mp4,0.97,snatch,,yes,,olympic,snatch_youtube_2rms41zxbqi,train,f6c8b00404ab0e9c99c59d8a402c75194d0205594c8f0847efadcd8c6bfbd58b,1.0,f6c8b00404ab0e9c99c59d8a402c75194d0205594c8f0847efadcd8c6bfbd58b,374,374,1.0,374.0,0.5080214142799377,0.4182305634021759,0.9249329566955566,0.5080214142799377,2.0,0.445040225982666,0.4477211833000183,0.31756067276000977,0.007084198296070099,0.13139891624450684,0.004294371232390404,130.33897399902344,130.48602294921875,120.8263931274414,131.2816162109375,62.4178352355957,51.04867935180664,151.516845703125,175.88601684570312,176.45831298828125,163.74880981445312,59.33548355102539,60.47051239013672,53.2656364440918,83.1089096069336,74.0749740600586,59.762733459472656,143.9325408935547,168.16763305664062,170.4571533203125,157.66854858398438,177.5191650390625,174.39053344726562,177.3611297607422,174.38558959960938,161.90097045898438,157.95228576660156,160.67987060546875,163.566650390625,159.9100799560547,164.1557159423828,74.69865417480469,73.17002868652344,70.95301055908203,44.55805206298828,3.1396377086639404,3.6858091354370117,6.023468017578125,1.7271878719329834,0.867261528968811,3.5251846313476562,0.71621173620224,0.7277430295944214,0.7232051491737366,0.6660913228988647,0.34820958971977234,0.3524688184261322,0.17387494444847107,0.08718905597925186,0.10962032526731491,0.46198728680610657,0.4991370141506195,0.5177688002586365,0.511771023273468,0.44887444376945496,0.449896901845932,0.5141222476959229,0.34907594323158264,0.2762242257595062,0.294559121131897,0.38257965445518494,0.5231850147247314,0.5429562330245972,0.5415806770324707,0.5433400273323059,0.6786118149757385,0.7408908605575562,0.6282430291175842,0.5756460428237915,0.5902242660522461,0.6161468625068665,0.21806113421916962,0.21085922420024872,0.2124975323677063,0.21814985573291779,0.14690349996089935,0.16281843185424805,0.17608198523521423,0.20231136679649353,0.18696433305740356,0.17922893166542053,0.0,0.0,0.0,0.0,0.8157894611358643,1.0,1.0,1.0,1.0,0.2631579041481018,0.0,0.6266666650772095,0.5080214142799377,1.0,97.8021011352539,116.38457489013672,-0.026809651404619217,-0.02949061617255211,0.9381720423698425,0.9462365508079529,-0.008064515888690948,81.68138885498047,154.95899963378906,120.90408325195312,142.4130401611328,7.0,7.0
/Users/josephkamil/Desktop/Capstone/Oly_Data/raw/snatch_mp4/LBXdfklSpVg_05368_05760.mp4,snatch_mp4,LBXdfklSpVg_05368_05760.mp4,1.13,snatch,,yes,,olympic,snatch_youtube_lbxdfklspvg,test,fe326e4e0d84764203ecd3ae6ef129ce1b867bd64403473bdae8e52cdb85cdeb,1.0,fe326e4e0d84764203ecd3ae6ef129ce1b867bd64403473bdae8e52cdb85cdeb,393,393,1.0,393.0,0.25954198837280273,0.5561224222183228,0.8137755393981934,0.25954198837280273,2.0,0.47959184646606445,0.4770408272743225,0.0395454466342926,0.003189249662682414,0.02661609649658203,0.002583062741905451,93.31759643554688,52.74762725830078,26.116300582885742,33.177635192871094,90.28147888183594,151.88905334472656,102.98184967041016,176.1671600341797,174.18746948242188,165.92173767089844,109.2740249633789,49.30364990234375,43.72509765625,43.189735412597656,73.64415740966797,152.2049102783203,105.08866882324219,177.3913116455078,174.50393676757812,172.28077697753906,162.42388916015625,158.21971130371094,159.92860412597656,165.61309814453125,177.4710693359375,160.0140380859375,172.46994018554688,169.23330688476562,161.86288452148438,172.93858337402344,33.91301345825195,27.421104431152344,27.448657989501953,25.99297523498535,34.12165451049805,9.199871063232422,12.59909725189209,5.147019386291504,7.41412353515625,7.799788475036621,0.7498881816864014,0.7554203867912292,0.7524293065071106,0.7491351366043091,0.7500410079956055,0.4985692501068115,0.38778430223464966,0.23817113041877747,0.5125207901000977,0.5624445080757141,0.614513635635376,0.611879825592041,0.6180108189582825,0.6125262379646301,0.5960870981216431,0.4687018394470215,0.4975789189338684,0.3506232798099518,0.38335222005844116,0.3846355974674225,0.690463125705719,0.7005559802055359,0.7064957618713379,0.7040964961051941,0.6804965734481812,0.6172606945037842,0.6506863832473755,0.536858081817627,0.541385293006897,0.5380047559738159,0.13568589091300964,0.14380016922950745,0.13482046127319336,0.13690443336963654,0.1540806144475937,0.1125616505742073,0.11025591939687729,0.11262790113687515,0.1516903191804886,0.17920832335948944,0.0,0.0,0.0,0.0,0.0,0.43589743971824646,1.0,1.0,0.1538461595773697,0.0,0.0,0.07594936341047287,0.25954198837280273,1.0,179.1953582763672,164.6525115966797,0.07653061300516129,0.07908163219690323,0.5396419167518616,0.40409207344055176,0.1355498731136322,175.2744598388672,171.39764404296875,176.84832763671875,167.03460693359375,6.0,5.0
/Users/josephkamil/Desktop/Capstone/Oly_Data/raw/snatch_mp4/cSxxajrTO5w_00365_00710.mp4,snatch_mp4,cSxxajrTO5w_00365_00710.mp4,0.73,snatch,,yes,,olympic,snatch_youtube_csxxajrto5w,dev,e69a8be5499a3e85b331d1da7c508d8f586dbb848fd2bcff31325e04dc0e2962,1.0,e69a8be5499a3e85b331d1da7c508d8f586dbb848fd2bcff31325e04dc0e2962,346,266,0.7687861271676301,266.0,0.16917292773723602,0.3132075369358063,0.8264151215553284,0.5150375962257385,22.0,0.16603773832321167,0.2075471729040146,0.2734132409095764,0.014299838803708553,0.08000445365905762,0.005792748183012009,121.90597534179688,92.35491180419922,124.07791137695312,65.41423797607422,91.50159454345703,167.111572265625,176.13388061523438,171.28038024902344,169.7880096435547,170.41592407226562,146.89210510253906,140.93466186523438,112.38314819335938,80.14369201660156,89.65462493896484,166.93649291992188,176.05105590820312,172.2494354248047,173.66326904296875,174.24053955078125,148.18399047851562,144.24481201171875,151.15447998046875,146.82327270507812,138.2715301513672,157.46128845214844,163.82240295410156,117.71437072753906,108.85972595214844,112.20072174072266,39.0599479675293,45.20829391479492,26.75390625,9.456513404846191,14.991670608520508,8.16628646850586,2.7887158393859863,3.1958491802215576,1.74345862865448,1.4443700313568115,0.7471290826797485,0.7457295656204224,0.6725296378135681,0.6228695511817932,0.5912929773330688,0.4038049280643463,0.35276344418525696,0.3713662922382355,0.5368289351463318,0.6165200471878052,0.6804972887039185,0.6723507642745972,0.5499807000160217,0.5689529776573181,0.5690476298332214,0.390379399061203,0.36101436614990234,0.38193607330322266,0.4755699634552002,0.5540955662727356,0.7325538992881775,0.7326253056526184,0.6447490453720093,0.7188994884490967,0.698090136051178,0.5682111382484436,0.5485069751739502,0.5475138425827026,0.6369818449020386,0.7022755742073059,0.07467606663703918,0.08326908200979233,0.12406893074512482,0.0695696696639061,0.05259930342435837,0.05349233001470566,0.054763369262218475,0.06752579659223557,0.08149684965610504,0.07001158595085144,0.0,0.0,0.0,0.03703703731298447,0.18518517911434174,0.19230769574642181,0.4444444477558136,0.692307710647583,0.14814814925193787,0.0,0.0,0.07547169923782349,0.060150377452373505,11.0,140.4933319091797,171.63796997070312,0.1471698135137558,0.10566037893295288,0.3295454680919647,0.0,0.3295454680919647,172.05496215820312,165.4873809814453,168.65065002441406,160.8359375,5.0,4.0
/Users/josephkamil/Desktop/Capstone/Oly_Data/raw/real_snatch/snatch_correct_320x240.mp4,real_snatch,snatch_correct_320x240.mp4,0.28,snatch,,yes,,olympic,snatch_sha_71df866b99014d4d,dev,71df866b99014d4df4d698f7a58e24b98910db6f80a00116ef5c7fb91563375b,2.0,71df866b99014d4df4d698f7a58e24b98910db6f80a00116ef5c7fb91563375b,678,666,0.9823008849557522,666.0,0.16816817224025726,0.44962406158447266,0.9082706570625305,0.45945945382118225,20.0,0.7624059915542603,0.45413532853126526,0.20397548377513885,0.012795968912541866,0.1319783329963684,0.004273577127605677,160.79884338378906,160.0972137451172,162.14706420898438,116.05886840820312,111.002685546875,160.99473571777344,144.11505126953125,117.13411712646484,128.89378356933594,167.61715698242188,37.897281646728516,36.200279235839844,41.838706970214844,82.24107360839844,103.77427673339844,158.8335723876953,53.599361419677734,122.978515625,134.8576202392578,140.8180389404297,177.5723114013672,171.6573486328125,172.41171264648438,175.1407012939453,111.61567687988281,128.01466369628906,173.1092071533203,159.27882385253906,120.41654205322266,140.14353942871094,128.0689239501953,128.9132537841797,122.65911102294922,52.722110748291016,15.220937728881836,7.836419105529785,102.29016876220703,15.74100399017334,5.915787220001221,31.332002639770508,0.7682443857192993,0.7731226682662964,0.7672080993652344,0.7544873952865601,0.5471051335334778,0.3828316032886505,0.7490002512931824,0.6413176655769348,0.3705897629261017,0.5347095727920532,0.6136350035667419,0.6210412979125977,0.6104332208633423,0.5877607464790344,0.5098763108253479,0.3944804072380066,0.5888421535491943,0.5039934515953064,0.3962356746196747,0.42196178436279297,0.5405312776565552,0.5449104309082031,0.5475142598152161,0.6640264391899109,0.6772516965866089,0.5800290107727051,0.567473828792572,0.6695749759674072,0.6499965190887451,0.5507383942604065,0.16024182736873627,0.1567516028881073,0.16059769690036774,0.167819082736969,0.09895532578229904,0.08797483146190643,0.1625208556652069,0.14336606860160828,0.07280805706977844,0.12241560220718384,0.0,0.0,0.0,0.0,0.4776119291782379,0.5909090638160706,0.0,0.01515151560306549,0.5522388219833374,0.04477611929178238,0.0,0.29323309659957886,0.04954954981803894,10.0,149.07891845703125,157.5919189453125,-0.31278195977211,-0.004511278122663498,0.5602409839630127,0.9472891688346863,-0.3870481848716736,152.7713165283203,168.34512329101562,144.3719940185547,149.09873962402344,5.0,9.0
/Users/josephkamil/Desktop/Capstone/Oly_Data/raw/real_snatch/snatch- correct.mov,real_snatch,snatch- correct.mov,67.18,snatch,,yes,,olympic,snatch_sha_6ef0832af7d18fe5,train,6ef0832af7d18fe5ffd17d71afd67671f470e308a2d563f37b44fc5b445e6f64,1.0,6ef0832af7d18fe5ffd17d71afd67671f470e308a2d563f37b44fc5b445e6f64,938,825,0.8795309168443497,825.0,0.23393939435482025,0.4563106894493103,0.9138349294662476,0.45818182826042175,8.0,0.6771844625473022,0.08009708672761917,0.23925167322158813,0.008625789545476437,0.06698811054229736,0.0027775838971138,133.46664428710938,158.01795959472656,152.55528259277344,98.82771301269531,115.84977722167969,141.0303497314453,79.81341552734375,102.59607696533203,108.52494812011719,164.05459594726562,39.04292297363281,36.23632049560547,41.54072570800781,64.6351089477539,106.61363983154297,139.7614288330078,57.05937957763672,87.11636352539062,106.79296875,139.10256958007812,176.30796813964844,177.53616333007812,173.01254272460938,175.3292999267578,124.94581604003906,114.82723236083984,175.14984130859375,172.348876953125,85.8888168334961,155.04600524902344,120.90322875976562,123.46206665039062,119.37946319580078,59.03404998779297,20.81449317932129,8.746561050415039,100.21414947509766,29.002649307250977,12.792285919189453,30.87421989440918,0.7916886210441589,0.8064663410186768,0.7807410359382629,0.7849546670913696,0.5558050870895386,0.3747703731060028,0.766947329044342,0.7355931401252747,0.387875497341156,0.5632030367851257,0.6132224798202515,0.6231206655502319,0.6112374663352966,0.588355302810669,0.4878242313861847,0.39450767636299133,0.5807716846466064,0.5339264869689941,0.4428307116031647,0.4226078689098358,0.5580395460128784,0.5609390139579773,0.5582261681556702,0.6548141837120056,0.6551482677459717,0.6032839417457581,0.5643146634101868,0.6674841046333313,0.6569179892539978,0.5627301335334778,0.1827496886253357,0.1864287257194519,0.17215651273727417,0.1973508596420288,0.13254868984222412,0.08525214344263077,0.1886841505765915,0.2033165842294693,0.06355541199445724,0.1603958010673523,0.0,0.0,0.0,0.0,0.4390243887901306,0.7831325531005859,0.0,0.0,0.9878048896789551,0.1325301229953766,0.0,0.5575757622718811,0.12242424488067627,4.0,156.64993286132812,168.3125457763672,-0.22087378799915314,0.37621358036994934,0.8055893182754517,0.7922235727310181,0.013365735299885273,165.22085571289062,171.01449584960938,147.68698120117188,140.11891174316406,8.0,9.0
/Users/josephkamil/Desktop/Capstone/Oly_Data/raw/real_clean/clean-correct.mov,real_clean,clean-correct.mov,42.11,clean,,yes,,olympic,clean_sha_b7912661a32fb269,train,b7912661a32fb269b1106f5db4c33fd204488f3be28c6dc63b95fd47de2d0bbf,1.0,b7912661a32fb269b1106f5db4c33fd204488f3be28c6dc63b95fd47de2d0bbf,550,520,0.9454545454545454,520.0,0.20769231021404266,0.0019267823081463575,0.8786126971244812,0.8769230842590332,22.0,0.05009634047746658,0.013487475924193859,0.10024750232696533,0.010264472104609013,0.04287147521972656,0.003625872079282999,82.57746887207031,112.42070770263672,102.96772766113281,148.59854125976562,171.79673767089844,153.60198974609375,101.73582458496094,132.61538696289062,164.377197265625,163.65155029296875,92.38662719726562,73.96951293945312,83.12499237060547,149.12713623046875,173.1923065185547,72.08199310302734,78.49102020263672,129.8976593017578,166.39947509765625,133.70913696289062,152.78683471679688,177.4457244873047,174.86080932617188,67.04824829101562,81.90077209472656,173.74191284179688,176.28118896484375,106.03104400634766,29.96427345275879,168.6062774658203,111.74015045166016,45.70278549194336,27.74256134033203,9.455798149108887,2.9624078273773193,86.20384979248047,33.31206130981445,13.780241966247559,2.704726219177246,34.791019439697266,0.7059571146965027,0.7496989369392395,0.7500698566436768,0.4102121889591217,0.34762445092201233,0.7116562128067017,0.7389383316040039,0.5121427178382874,0.3256227374076843,0.5977962017059326,0.5885957479476929,0.5214475989341736,0.5105321407318115,0.3690231442451477,0.30192747712135315,0.5136061310768127,0.5167927145957947,0.3946495056152344,0.31288692355155945,0.39690712094306946,0.5856211185455322,0.613539457321167,0.6464828848838806,0.5544426441192627,0.5112727880477905,0.521837055683136,0.6388031840324402,0.5728340744972229,0.5215902924537659,0.5263110399246216,0.12534722685813904,0.22845783829689026,0.23955439031124115,0.08406494557857513,0.08459046483039856,0.19981613755226135,0.22234120965003967,0.1228841245174408,0.04049083963036537,0.20253612101078033,0.07692307978868484,0.0,0.0,0.5961538553237915,0.5769230723381042,0.0,0.0,0.13461539149284363,0.692307710647583,0.0,0.03846153989434242,0.3461538553237915,0.09038461744785309,11.0,2.229849100112915,161.13037109375,-0.04816955700516701,-0.011560693383216858,0.46332046389579773,0.32239383459091187,0.14092664420604706,73.61943054199219,177.29844665527344,30.497543334960938,159.23329162597656,7.0,7.0
/Users/josephkamil/Desktop/Capstone/Oly_Data/raw/jerk/splitjerk-correct.mov,jerk,splitjerk-correct.mov,198.33,split_jerk,,yes,,olympic,split_jerk_sha_4a4c4eb1674cee28,dev,4a4c4eb1674cee2810f4c5f7d6d903cf1d957a81f6dc431fb751ea1200d6eda0,1.0,4a4c4eb1674cee2810f4c5f7d6d903cf1d957a81f6dc431fb751ea1200d6eda0,4342,4341,0.9997696913864579,4341.0,0.77125084400177,0.0,1.0,1.0,120.0,0.7276497483253479,0.7255760431289673,0.2802412509918213,0.006254971027374268,0.07091936469078064,0.0022140974178910255,174.59327697753906,164.40687561035156,169.80654907226562,165.6346435546875,168.5377960205078,166.50885009765625,167.5027313232422,151.77871704101562,167.21090698242188,176.4401092529297,175.1420135498047,166.99911499023438,174.26373291015625,174.3118133544922,173.4782257080078,172.27166748046875,172.8420867919922,161.09976196289062,169.56275939941406,172.53135681152344,86.07911682128906,130.79954528808594,116.18572998046875,87.4525146484375,135.85325622558594,97.89595031738281,114.0694808959961,80.68028259277344,133.5747528076172,77.33375549316406,1.205025553703308,1.7932052612304688,1.5060471296310425,1.6299939155578613,2.449544906616211,2.3074913024902344,2.355259418487549,1.8361941576004028,2.2997376918792725,1.7776628732681274,0.2680014371871948,0.25179675221443176,0.30522602796554565,0.2621155083179474,0.3232342302799225,0.35348278284072876,0.30247166752815247,0.2586633265018463,0.2414928674697876,0.1996627002954483,0.3406243324279785,0.3183839023113251,0.3405280113220215,0.3611864447593689,0.338222861289978,0.3862594962120056,0.3830946087837219,0.3326163589954376,0.3366659879684448,0.28680261969566345,0.5608879327774048,0.5599984526634216,0.5545532703399658,0.579585075378418,0.5618675947189331,0.6048438549041748,0.6120420098304749,0.5606541633605957,0.5636364817619324,0.5223433971405029,0.09401814639568329,0.13915233314037323,0.10150395333766937,0.10524753481149673,0.12783226370811462,0.0770139992237091,0.09228751063346863,0.08961956202983856,0.15803851187229156,0.08779387921094894,0.9470046162605286,0.6336405277252197,0.6820276379585266,0.9769585132598877,0.6336405277252197,0.5299538969993591,0.8940092325210571,0.7695852518081665,0.6451612710952759,1.0,0.7903226017951965,0.8225806355476379,0.10251094400882721,61.0,178.68539428710938,173.23532104492188,-0.7276497483253479,-0.7255760431289673,0.8976722955703735,0.7128370404243469,0.18483521044254303,0.0,172.9654083251953,0.0,176.10421752929688,6.0,2.0
/Users/josephkamil/Desktop/Capstone/Oly_Data/raw/not_oly/v_PushUps_g14_c03.avi,not_oly,v_PushUps_g14_c03.avi,0.21,non_olympic,,yes,,non_olympic,non_olympic_ucf_g14,dev,2ee76dda56d36b3d52dcffa84609901fa1914e51eebe3c5e20122f5e9336748d,1.0,2ee76dda56d36b3d52dcffa84609901fa1914e51eebe3c5e20122f5e9336748d,100,100,1.0,100.0,0.0,1.0,0.0,0.0,0.0,0.2222222238779068,0.42424243688583374,0.028648197650909424,0.0044254641979932785,0.06323403120040894,0.01806531473994255,164.17068481445312,140.1637725830078,93.28648376464844,124.30562591552734,167.7655487060547,156.99014282226562,132.95892333984375,103.64654541015625,145.4351806640625,160.45263671875,158.88082885742188,169.50112915039062,169.87913513183594,165.31214904785156,152.29483032226562,162.58670043945312,177.69207763671875,173.11312866210938,167.2296142578125,154.7948455810547,110.8853988647461,100.28801727294922,104.92520904541016,100.26748657226562,90.3758316040039,103.91474914550781,103.64933013916016,109.00508117675781,103.5456314086914,94.27371978759766,116.7459716796875,103.93095397949219,95.18793487548828,105.1385498046875,119.4040298461914,112.34122467041016,96.73512268066406,87.52754211425781,99.63642883300781,116.0304183959961,0.7317975163459778,0.7222521901130676,0.7312743663787842,0.7388514876365662,0.7166405916213989,0.7355443239212036,0.7171421051025391,0.7384709715843201,0.7372653484344482,0.7104936242103577,0.37095916271209717,0.5016990900039673,0.5989333391189575,0.6002629995346069,0.4580742418766022,0.4132281243801117,0.542887806892395,0.5842012166976929,0.5851093530654907,0.4378731846809387,0.18069179356098175,0.4039124846458435,0.5619332790374756,0.4940318465232849,0.24774467945098877,0.25118204951286316,0.49586963653564453,0.6022953987121582,0.5192667841911316,0.25558996200561523,0.4323264956474304,0.36249011754989624,0.3351783752441406,0.3133499026298523,0.33936038613319397,0.4152231216430664,0.3397704064846039,0.3539441227912903,0.32422417402267456,0.3522792458534241,0.0,0.0,0.0,0.0,0.0,0.0,0.0,0.0,0.0,0.0,0.0,0.0,0.0,0.0,180.0,180.0,0.7777777910232544,0.5757575631141663,0.6020408272743225,0.9285714030265808,-0.3265306055545807,99.13442993164062,0.0,37.11766052246094,0.0,6.0,0.0
/Users/josephkamil/Desktop/Capstone/Oly_Data/raw/not_oly/v_PushUps_g07_c02.avi,not_oly,v_PushUps_g07_c02.avi,0.22,non_olympic,,yes,,non_olympic,non_olympic_ucf_g07,train,e4637d8a2dfc32509b07b7045d3d08f05122abf7579c07a03723d6afca10d0d6,1.0,e4637d8a2dfc32509b07b7045d3d08f05122abf7579c07a03723d6afca10d0d6,77,77,1.0,77.0,0.0,1.0,0.0,0.0,0.0,0.01315789483487606,0.8552631735801697,0.04800289869308472,0.010063222609460354,0.04845625162124634,0.010145378299057484,168.94190979003906,172.46875,170.2299346923828,169.62451171875,168.05674743652344,166.72372436523438,165.6917266845703,171.11932373046875,168.04232788085938,166.3035888671875,162.65879821777344,175.26824951171875,160.7429962158203,159.3916778564453,161.4213104248047,161.59063720703125,161.0067138671875,171.35494995117188,156.86776733398438,158.91705322265625,136.37428283691406,98.65060424804688,144.64974975585938,158.0452880859375,161.6457061767578,160.51211547851562,151.39404296875,109.16450500488281,136.0064697265625,158.72067260742188,86.56908416748047,88.52667236328125,82.66993713378906,74.70551300048828,74.7722396850586,75.3646469116211,78.18997955322266,89.00642395019531,87.18208312988281,75.2113037109375,0.7087414860725403,0.7447147369384766,0.6764280796051025,0.5989149212837219,0.6394639611244202,0.6441494822502136,0.6632442474365234,0.7434347867965698,0.6961008310317993,0.5921048521995544,0.4510383903980255,0.5505802035331726,0.40535229444503784,0.3456276059150696,0.3612022399902344,0.36776718497276306,0.38952749967575073,0.5432758331298828,0.4436931312084198,0.3352190852165222,0.4676431715488434,0.5581790208816528,0.4427235424518585,0.42336201667785645,0.4378392696380615,0.44068068265914917,0.44806331396102905,0.5482572317123413,0.4580289125442505,0.41081392765045166,0.2620706856250763,0.21311938762664795,0.2753780484199524,0.25394871830940247,0.27843642234802246,0.27669820189476013,0.2742258608341217,0.21378003060817719,0.25901949405670166,0.2576914429664612,0.0,0.0,0.0,0.0,0.0,0.0,0.0,0.0,0.0,0.0,0.0,0.0,0.0,0.0,180.0,180.0,0.9868420958518982,0.14473684132099152,0.2933333218097687,0.18666666746139526,0.1066666692495346,15.780227661132812,0.0,31.066207885742188,0.0,0.0,0.0
/Users/josephkamil/Desktop/Capstone/Oly_Data/raw/not_oly/v_BenchPress_g14_c06.avi,not_oly,v_BenchPress_g14_c06.avi,0.49,bench_press,,yes,,non_olympic,bench_press_ucf_g14,train,b27dd65e3f49d79e9fcd2d4dd9599d94a20e37fb7ee01a7d8eb6b15ff1f7ab00,2.0,b27dd65e3f49d79e9fcd2d4dd9599d94a20e37fb7ee01a7d8eb6b15ff1f7ab00,178,170,0.9550561797752809,170.0,0.8294117450714111,0.0,1.0,1.0,12.0,0.11834319680929184,0.11834319680929184,0.6025421619415283,0.025614218786358833,0.10676229000091553,0.0029345552902668715,95.23258209228516,92.68400573730469,99.98117065429688,99.54059600830078,100.20941162109375,103.50545501708984,98.99158477783203,97.82743072509766,99.90449523925781,99.86924743652344,138.1143035888672,133.20367431640625,148.88417053222656,148.79933166503906,149.50804138183594,156.561279296875,148.56973266601562,149.05189514160156,152.800048828125,149.0599365234375,95.12995910644531,118.88007354736328,155.95704650878906,149.59762573242188,138.10011291503906,151.31175231933594,146.37648010253906,162.3832244873047,149.19248962402344,152.8035888671875,45.05571365356445,59.187164306640625,53.08170700073242,52.86250686645508,52.138092041015625,56.35279846191406,51.727230072021484,51.252197265625,52.937713623046875,51.569114685058594,0.44190096855163574,0.5351390838623047,0.5520360469818115,0.4552976191043854,0.520116925239563,0.557558536529541,0.39474061131477356,0.3355426490306854,0.324413925409317,0.31372782588005066,0.49847927689552307,0.5459166169166565,0.5507473349571228,0.5480955839157104,0.5439144372940063,0.5504764318466187,0.530697226524353,0.536450207233429,0.5374248027801514,0.5346214771270752,0.6578533053398132,0.6565750241279602,0.6805610656738281,0.6749282479286194,0.6764777898788452,0.6714825630187988,0.6639121770858765,0.6695500612258911,0.6628632545471191,0.6647615432739258,0.09733255207538605,0.1261703222990036,0.08597149699926376,0.1104847863316536,0.1065036952495575,0.13139452040195465,0.14286048710346222,0.20209120213985443,0.21415381133556366,0.22217509150505066,0.8823529481887817,0.7058823704719543,0.529411792755127,0.9411764740943909,0.6470588445663452,0.5882353186607361,1.0,1.0,1.0,1.0,0.7941176295280457,1.0,0.44117647409439087,7.0,95.3314437866211,128.67630004882812,-0.11834319680929184,-0.11834319680929184,0.125,0.1130952388048172,0.011904762126505375,0.0,72.13543701171875,0.0,116.30171203613281,7.0,4.0
/Users/josephkamil/Desktop/Capstone/Oly_Data/raw/not_oly/v_Pullup_g27_c02.avi,not_oly,v_Pullup_g27_c02.avi,0.32,non_olympic,,yes,,non_olympic,non_olympic_ucf_g27,train,0e5652dcfa15f8225b3cdb1acca48f703d30124c48cfa4796d371849eda5a171,1.0,0e5652dcfa15f8225b3cdb1acca48f703d30124c48cfa4796d371849eda5a171,123,123,1.0,123.0,1.0,0.0,1.0,1.0,0.0,0.8032786846160889,0.8196721076965332,0.012699879705905914,0.002686999971047044,0.028580695390701294,0.011776160448789597,175.7750244140625,177.5076141357422,175.83534240722656,174.49668884277344,176.57403564453125,177.75352478027344,177.15150451660156,176.8172149658203,175.0500946044922,177.5702362060547,172.33172607421875,176.96449279785156,176.0830535888672,174.65281677246094,175.94195556640625,176.93675231933594,175.47467041015625,176.09117126464844,175.23658752441406,176.48907470703125,130.2821502685547,82.31269073486328,158.56805419921875,99.89827728271484,139.6130828857422,140.8817596435547,82.63394165039062,158.2613525390625,78.9252700805664,141.97486877441406,1.2772269248962402,0.6832043528556824,0.6705010533332825,0.7740262746810913,1.463142991065979,0.8372980952262878,1.0105713605880737,0.5717877149581909,0.954289972782135,0.49781638383865356,0.08437211066484451,0.09168297052383423,0.09562323242425919,0.09524548798799515,0.09442424774169922,0.08914078027009964,0.09078371524810791,0.09437363594770432,0.09641605615615845,0.09452634304761887,0.23736988008022308,0.16906173527240753,0.26827552914619446,0.1881542205810547,0.24014830589294434,0.23652416467666626,0.179720938205719,0.27182725071907043,0.1713499277830124,0.2476065754890442,0.46223369240760803,0.382464200258255,0.5093669295310974,0.3954980969429016,0.46951034665107727,0.46151185035705566,0.39015626907348633,0.5100170373916626,0.37875327467918396,0.4808770418167114,0.15346059203147888,0.07983114570379257,0.17311663925647736,0.09500404447317123,0.14857716858386993,0.14781516790390015,0.09105397760868073,0.17820341885089874,0.07585588842630386,0.15327000617980957,1.0,1.0,1.0,1.0,1.0,1.0,1.0,1.0,1.0,1.0,1.0,1.0,1.0,1.0,174.2628173828125,171.7008819580078,-0.8032786846160889,-0.8196721076965332,0.5371900796890259,0.7933884263038635,-0.25619834661483765,0.0,10.941604614257812,0.0,12.506622314453125,0.0,0.0
/Users/josephkamil/Desktop/Capstone/Oly_Data/raw/not_oly/v_BenchPress_g24_c05.avi,not_oly,v_BenchPress_g24_c05.avi,0.32,non_olympic,,yes,,non_olympic,non_olympic_ucf_g24,train,9f0c1a261f53860712f583af96d645e3c64d364d3e73578f217ce9eba80fcb71,1.0,9f0c1a261f53860712f583af96d645e3c64d364d3e73578f217ce9eba80fcb71,111,70,0.6306306306306306,70.0,0.44285714626312256,0.0,0.5797101259231567,0.5857142806053162,9.0,0.5797101259231567,0.52173912525177,0.25074464082717896,0.025276828557252884,0.25358134508132935,0.012864732183516026,112.22276306152344,78.14649963378906,151.37948608398438,153.45030212402344,127.41416931152344,61.69480514526367,167.2490234375,178.59762573242188,171.2233123779297,155.61489868164062,95.15507507324219,110.28395080566406,139.2958221435547,153.28990173339844,99.47483825683594,63.572662353515625,148.8451690673828,172.009521484375,172.1670684814453,164.69004821777344,95.90108489990234,131.2791290283203,80.37226104736328,57.28404998779297,64.27294158935547,111.87847900390625,142.81527709960938,132.58956909179688,97.99532318115234,93.49485778808594,24.365663528442383,27.03718376159668,63.86738204956055,78.8188705444336,82.54103088378906,86.35987854003906,14.353985786437988,2.39697265625,0.6535364985466003,0.6956176161766052,0.5476343035697937,0.43398433923721313,0.3672066330909729,0.30037131905555725,0.30618688464164734,0.3262301981449127,0.41336631774902344,0.44124704599380493,0.39549824595451355,0.36896246671676636,0.5534815192222595,0.4503078758716583,0.39897769689559937,0.35907426476478577,0.3570905327796936,0.3438396453857422,0.251677930355072,0.24436195194721222,0.25011345744132996,0.2494972199201584,0.6630476713180542,0.5874619483947754,0.4533686637878418,0.3807854652404785,0.3706587255001068,0.3492676913738251,0.46129536628723145,0.4857528507709503,0.4956722855567932,0.47062554955482483,0.07571138441562653,0.046443600207567215,0.05738772824406624,0.06399249285459518,0.061370640993118286,0.047330524772405624,0.16389763355255127,0.19690822064876556,0.14659930765628815,0.1220320463180542,0.2857142984867096,0.7142857313156128,0.7142857313156128,1.0,1.0,0.7142857313156128,0.0,0.0,0.0,0.0,0.5,0.0,0.3285714387893677,5.0,107.39347076416016,96.16555786132812,-0.5797101259231567,-0.52173912525177,0.22058823704719543,0.22058823704719543,0.0,0.0,174.2257843017578,0.0,170.95738220214844,3.0,4.0
/Users/josephkamil/Desktop/Capstone/Oly_Data/raw/not_oly/v_PushUps_g04_c05.avi,not_oly,v_PushUps_g04_c05.avi,0.34,non_olympic,,yes,,non_olympic,non_olympic_ucf_g04,train,5aebec9b6027dfed5521b4f66aee8e2481c73890d004a92930151cca619b5f91,1.0,5aebec9b6027dfed5521b4f66aee8e2481c73890d004a92930151cca619b5f91,134,134,1.0,134.0,0.0,1.0,0.0,0.0,0.0,0.6541353464126587,1.0,0.010326743125915527,0.0008976544486358762,0.02013319730758667,0.0032392884604632854,174.52513122558594,176.69647216796875,176.11534118652344,175.11181640625,171.75479125976562,167.529541015625,168.7078399658203,176.919677734375,170.09701538085938,177.8548583984375,169.85867309570312,178.2715606689453,175.7807159423828,170.6241912841797,168.67466735839844,166.57601928710938,169.9988555908203,171.57821655273438,175.55101013183594,162.82652282714844,169.8865509033203,169.0615234375,161.95631408691406,131.28111267089844,107.39514923095703,102.06570434570312,101.03400421142578,155.8384246826172,172.17117309570312,171.63198852539062,51.067378997802734,48.820064544677734,48.852901458740234,54.33518600463867,66.44361114501953,71.45631408691406,66.89602661132812,48.62898635864258,48.12860870361328,54.02047348022461,0.8035415410995483,0.8066319823265076,0.805326521396637,0.8056830167770386,0.8013808131217957,0.8054994940757751,0.7996439337730408,0.8106951713562012,0.806376576423645,0.8040077090263367,0.48044806718826294,0.4755200743675232,0.49141278862953186,0.5718231201171875,0.6748253703117371,0.7300043702125549,0.6795130372047424,0.5092383623123169,0.46684539318084717,0.4870631992816925,0.6081857085227966,0.6168701648712158,0.6441028714179993,0.7120412588119507,0.7712749242782593,0.8076642155647278,0.7733792066574097,0.6652817130088806,0.610160231590271,0.6007089614868164,0.3238014578819275,0.33251523971557617,0.3233546316623688,0.259962260723114,0.20735076069831848,0.18626387417316437,0.189932718873024,0.30788254737854004,0.33973073959350586,0.3186745047569275,0.0,0.0,0.0,0.0,0.0,0.0,0.0,0.0,0.0,0.0,0.0,0.0,0.0,0.0,180.0,180.0,0.3458646535873413,0.0,0.6363636255264282,0.6439393758773804,-0.007575757801532745,15.145797729492188,0.0,19.6822509765625,0.0,0.0,0.0
/Users/josephkamil/Desktop/Capstone/Oly_Data/raw/not_oly/v_BenchPress_g16_c04.avi,not_oly,v_BenchPress_g16_c04.avi,0.63,non_olympic,,yes,,non_olympic,non_olympic_ucf_g16,train,2bb3371468f591e81a614d9ce1d8e27d5a4a1ff7e069de99f40088623d6fa928,1.0,2bb3371468f591e81a614d9ce1d8e27d5a4a1ff7e069de99f40088623d6fa928,218,54,0.24770642201834864,54.0,0.12962962687015533,0.0,0.11320754885673523,0.12962962687015533,1.0,0.01886792480945587,0.09433962404727936,0.18866845965385437,0.02006835676729679,0.34676384925842285,0.012758866883814335,74.27156066894531,167.33567810058594,175.09751892089844,175.3472137451172,177.79774475097656,177.6082305908203,177.83038330078125,178.93243408203125,178.7490997314453,177.7123260498047,167.81687927246094,164.33770751953125,178.2911376953125,177.41098022460938,177.7865447998047,175.42068481445312,174.28797912597656,176.40838623046875,178.1792755126953,176.0359344482422,159.33822631835938,111.3426284790039,151.8090057373047,145.28939819335938,89.8962631225586,49.21590042114258,73.48524475097656,115.70357513427734,80.87406158447266,32.98445129394531,120.54740142822266,2.873875856399536,2.406609296798706,3.0027194023132324,2.727670907974243,3.3990135192871094,2.863126277923584,1.0917738676071167,1.3690921068191528,1.2017194032669067,0.19912481307983398,0.3508114814758301,0.4520453214645386,0.41922062635421753,0.418161541223526,0.42627549171447754,0.43239983916282654,0.4465866982936859,0.4432622790336609,0.40878888964653015,0.34178808331489563,0.3796178102493286,0.36589255928993225,0.3581162095069885,0.3649662435054779,0.35925641655921936,0.3574080765247345,0.3612300157546997,0.3657248914241791,0.3715665340423584,0.28045883774757385,0.43315577507019043,0.48326683044433594,0.47314420342445374,0.4880125820636749,0.4879390597343445,0.48474401235580444,0.48238006234169006,0.4820283353328705,0.48894229531288147,0.14327116310596466,0.040057457983493805,0.08655860275030136,0.061494071036577225,0.053428202867507935,0.06807427108287811,0.07518677413463593,0.08544520288705826,0.07768011093139648,0.03739440068602562,1.0,0.4000000059604645,0.0,0.0,0.0,0.0,0.0,0.0,0.0,0.0,0.6363636255264282,0.0,0.12962962687015533,1.0,56.49462127685547,168.57054138183594,-0.01886792480945587,-0.09433962404727936,0.07692307978868484,0.09615384787321091,-0.01923076994717121,0.0,136.93307495117188,0.0,25.871490478515625,0.0,0.0
/Users/josephkamil/Desktop/Capstone/Oly_Data/raw/not_oly/v_PushUps_g08_c03.avi,not_oly,v_PushUps_g08_c03.avi,0.22,non_olympic,,yes,,non_olympic,non_olympic_ucf_g08,dev,541d1045a6b98f602158e27bca853f0762a7c3c6cc2c63f29a16f9d7e43c621d,1.0,541d1045a6b98f602158e27bca853f0762a7c3c6cc2c63f29a16f9d7e43c621d,84,84,1.0,84.0,0.0,1.0,0.0,0.0,0.0,0.3855421543121338,0.3855421543121338,0.02147209644317627,0.0032800149638205767,0.04784923791885376,0.008561532013118267,135.4989471435547,147.3148193359375,126.99412536621094,139.01275634765625,154.51754760742188,169.05125427246094,134.95657348632812,158.36972045898438,147.71913146972656,141.09765625,160.56442260742188,151.9683837890625,127.81727600097656,130.6398162841797,147.92832946777344,150.27899169921875,155.24453735351562,165.71922302246094,158.26687622070312,152.64918518066406,131.11622619628906,132.3501434326172,126.88987731933594,125.66781616210938,128.2305145263672,123.08851623535156,124.96358489990234,134.4997100830078,123.26468658447266,117.36080169677734,25.837779998779297,23.398948669433594,20.0457763671875,23.935245513916016,24.50511932373047,26.08464813232422,29.575729370117188,25.73160743713379,26.58230972290039,29.77694320678711,0.7052676677703857,0.7085855603218079,0.716649055480957,0.727491021156311,0.724125325679779,0.6811761856079102,0.6353186964988708,0.6056935787200928,0.6100473999977112,0.6152321100234985,0.49404898285865784,0.47914251685142517,0.5053060054779053,0.5007034540176392,0.4868672788143158,0.4659622013568878,0.4180496335029602,0.3657139837741852,0.3885572552680969,0.40056145191192627,0.6301641464233398,0.6508328914642334,0.6710106730461121,0.6797323226928711,0.6691480278968811,0.6370726227760315,0.5921042561531067,0.5563862919807434,0.5762856006622314,0.5776143670082092,0.2116398960351944,0.2298468053340912,0.21148596704006195,0.22686553001403809,0.2375587821006775,0.21542268991470337,0.21784742176532745,0.2406347393989563,0.2222500592470169,0.21518869698047638,0.0,0.0,0.0,0.0,0.0,0.0,0.0,0.0,0.0,0.0,0.0,0.0,0.0,0.0,180.0,180.0,0.6144578456878662,0.6144578456878662,0.5731707215309143,0.8536585569381714,-0.2804878056049347,145.8440399169922,0.0,101.25763702392578,0.0,6.0,3.0
/Users/josephkamil/Desktop/Capstone/Oly_Data/raw/not_oly/v_BenchPress_g05_c07.avi,not_oly,v_BenchPress_g05_c07.avi,0.21,non_olympic,,yes,,non_olympic,non_olympic_ucf_g05,train,4cb5ea3e3f7042ae361e40d61048ab4a2e07a796d0e65e8729ab3752c5c8d989,1.0,4cb5ea3e3f7042ae361e40d61048ab4a2e07a796d0e65e8729ab3752c5c8d989,64,26,0.40625,26.0,0.5769230723381042,0.0,1.0,1.0,6.0,0.11999999731779099,0.36000001430511475,0.2788628339767456,0.051129624247550964,0.06837260723114014,0.012765951454639435,136.5560760498047,83.14907836914062,84.98272705078125,118.9617691040039,129.7825164794922,117.74259948730469,111.63665771484375,113.77796936035156,118.48391723632812,132.40322875976562,111.83633422851562,52.33280944824219,49.969696044921875,64.98186492919922,99.30429077148438,152.6788330078125,118.37323760986328,75.25807189941406,65.87555694580078,39.64860916137695,150.47805786132812,166.7085418701172,151.13818359375,158.1697998046875,128.14906311035156,137.41107177734375,91.13961029052734,134.5696258544922,59.37019729614258,46.289794921875,31.522464752197266,22.72646141052246,20.554542541503906,32.48627853393555,67.65750122070312,57.907447814941406,15.792922019958496,105.375732421875,93.19491577148438,85.1314468383789,0.6609565019607544,0.7492216229438782,0.7391681671142578,0.690936803817749,0.6063387393951416,0.5241951942443848,0.5314328670501709,0.607255756855011,0.7067010998725891,0.7346042990684509,0.6982674598693848,0.6669895052909851,0.6568204760551453,0.6878748536109924,0.7055318355560303,0.6968280076980591,0.6404960751533508,0.7407190203666687,0.7521345019340515,0.7366764545440674,0.7635061740875244,0.7807103991508484,0.8042609095573425,0.7560787200927734,0.7309722304344177,0.7115248441696167,0.7171671390533447,0.7346007823944092,0.7448339462280273,0.738597571849823,0.1327555924654007,0.11305543035268784,0.1099495217204094,0.11980107426643372,0.13666391372680664,0.1743912696838379,0.111663818359375,0.1414346992969513,0.062411800026893616,0.039947379380464554,0.5,0.0,0.0,0.3333333432674408,0.6666666865348816,1.0,1.0,1.0,0.6666666865348816,0.6666666865348816,0.20000000298023224,0.6000000238418579,0.42307692766189575,4.0,126.06636047363281,126.2689208984375,-0.11999999731779099,-0.36000001430511475,0.4166666567325592,0.2916666567325592,0.125,0.0,69.60995483398438,0.0,163.2296142578125,2.0,3.0
/Users/josephkamil/Desktop/Capstone/Oly_Data/raw/not_oly/v_BenchPress_g12_c03.avi,not_oly,v_BenchPress_g12_c03.avi,0.56,non_olympic,,yes,,non_olympic,non_olympic_ucf_g12,test,4e5f7b808ce14a54faaaa3dc73affda37d3ff5b59fa54cb6dd5942145da3f7dd,1.0,4e5f7b808ce14a54faaaa3dc73affda37d3ff5b59fa54cb6dd5942145da3f7dd,194,55,0.28350515463917525,55.0,0.0,1.0,0.0,0.0,0.0,0.7037037014961243,0.8333333134651184,0.10224875807762146,0.008358526974916458,0.21214529871940613,0.014097468927502632,123.72804260253906,148.760009765625,168.20468139648438,157.78851318359375,124.0569076538086,89.22884368896484,71.89423370361328,79.14661407470703,155.26478576660156,156.12205505371094,144.41909790039062,161.49244689941406,166.66842651367188,160.5027313232422,139.0401153564453,142.5295867919922,145.6984100341797,150.1128387451172,144.49868774414062,153.5260467529297,169.8610076904297,173.0200653076172,177.0865020751953,175.05345153808594,173.10446166992188,172.7503204345703,170.3666534423828,170.55409240722656,175.138427734375,170.47755432128906,1.052193284034729,1.073283076286316,2.1528549194335938,2.739365577697754,1.8384621143341064,4.9516167640686035,5.811907768249512,6.015544414520264,33.80816650390625,7.815927982330322,0.39063185453414917,0.3858775198459625,0.37792831659317017,0.3827308416366577,0.38883501291275024,0.38373541831970215,0.37383970618247986,0.3583381474018097,0.32297664880752563,0.4078293740749359,0.15965577960014343,0.16195422410964966,0.1609758585691452,0.16707737743854523,0.16896632313728333,0.15764929354190826,0.14034873247146606,0.12758882343769073,0.12455032020807266,0.1584496647119522,0.42202964425086975,0.3963659703731537,0.3796195685863495,0.3811508119106293,0.41005492210388184,0.43521466851234436,0.43240031599998474,0.42992091178894043,0.247480109333992,0.40200257301330566,0.23101261258125305,0.22396399080753326,0.2170048952102661,0.21579177677631378,0.22012190520763397,0.2261907458305359,0.23354236781597137,0.23086698353290558,0.20372137427330017,0.24983465671539307,0.0,0.0,0.0,0.0,0.0,0.0,0.0,0.0,0.0,0.0,0.0,0.0,0.0,0.0,180.0,180.0,0.29629629850387573,0.1666666716337204,0.8301886916160583,0.8301886916160583,0.0,147.72190856933594,0.0,51.3970947265625,0.0,3.0,3.0
/Users/josephkamil/Desktop/Capstone/Oly_Data/raw/not_oly/v_Pullup_g10_c01.avi,not_oly,v_Pullup_g10_c01.avi,0.32,non_olympic,,yes,,non_olympic,non_olympic_ucf_g10,train,d1ca34418ceeab6bc2502f7431fcfdc846fd6ce993bcd6fa1d48d39a46c7144f,1.0,d1ca34418ceeab6bc2502f7431fcfdc846fd6ce993bcd6fa1d48d39a46c7144f,142,142,1.0,142.0,0.8943662047386169,0.0,1.0,1.0,4.0,0.758865237236023,0.7801418304443359,0.32589662075042725,0.01555737853050232,0.027661442756652832,0.013445607386529446,178.525634765625,168.24229431152344,156.7848358154297,160.24000549316406,176.23387145996094,177.21888732910156,168.09315490722656,137.2679901123047,162.52232360839844,172.62423706054688,177.9064178466797,175.6653594970703,165.74351501464844,168.7173614501953,176.78330993652344,175.3680419921875,177.7998046875,163.52049255371094,168.87428283691406,174.10105895996094,173.34078979492188,123.50450134277344,29.706689834594727,72.83454132080078,153.5974578857422,170.3903350830078,143.40306091308594,41.49696731567383,43.37338638305664,141.97613525390625,5.662481784820557,11.819354057312012,6.952254772186279,10.141510963439941,8.346654891967773,6.24938440322876,10.140363693237305,8.892260551452637,10.69205379486084,10.162914276123047,0.15940360724925995,0.10885913670063019,0.11990846693515778,0.08678481727838516,0.0901082381606102,0.09589014947414398,0.11603785306215286,0.11039409786462784,0.10825414955615997,0.09388243407011032,0.48671451210975647,0.3345966339111328,0.13441506028175354,0.2442338466644287,0.45455729961395264,0.49893757700920105,0.3473638594150543,0.17340801656246185,0.18532685935497284,0.42170363664627075,0.8772072196006775,0.6758182644844055,0.5056285262107849,0.5967872738838196,0.851398229598999,0.9174989461898804,0.7017067074775696,0.5366789698600769,0.5221989154815674,0.8072757720947266,0.32770228385925293,0.22688551247119904,0.05392896384000778,0.1609627902507782,0.36479535698890686,0.4035942852497101,0.23367367684841156,0.07207442820072174,0.09754340350627899,0.3280647397041321,1.0,1.0,0.5,1.0,1.0,1.0,1.0,0.7857142686843872,0.6428571343421936,1.0,1.0,0.8571428656578064,0.47887325286865234,3.0,178.70115661621094,179.71864318847656,-0.758865237236023,-0.7801418304443359,0.05714285746216774,0.5714285969734192,-0.5142857432365417,0.0,53.892539978027344,0.0,27.995040893554688,2.0,0.0
/Users/josephkamil/Desktop/Capstone/Oly_Data/raw/not_oly/v_BenchPress_g07_c02.avi,not_oly,v_BenchPress_g07_c02.avi,0.22,bench_press,,yes,,non_olympic,bench_press_ucf_g07,dev,e1e3b69d8f662e720d3a404301420af6655079aafb373758228d41505537c1a3,2.0,e1e3b69d8f662e720d3a404301420af6655079aafb373758228d41505537c1a3,71,37,0.5211267605633803,37.0,1.0,0.0,1.0,1.0,0.0,0.0,0.0,0.37424176931381226,0.03910122811794281,0.03511917591094971,0.004463219083845615,99.0161361694336,112.16024780273438,127.21888732910156,118.00460052490234,115.98544311523438,119.51051330566406,115.31988525390625,104.52043151855469,111.43048095703125,118.79703521728516,85.3631820678711,98.03382873535156,112.82819366455078,108.01825714111328,107.7759017944336,109.27561950683594,96.83094024658203,89.90989685058594,105.30758666992188,118.12611389160156,117.04947662353516,77.59578704833984,100.38172912597656,129.3146209716797,93.40283966064453,56.10711669921875,51.439056396484375,111.54290008544922,119.41062927246094,94.53059387207031,1.8459076881408691,1.89431893825531,0.5365515351295471,1.168288230895996,1.8656411170959473,3.675516366958618,2.4127047061920166,1.6358087062835693,1.1129422187805176,27.25999641418457,0.36288395524024963,0.42794254422187805,0.42035889625549316,0.3687664568424225,0.40286785364151,0.5013960599899292,0.4778347909450531,0.3992931544780731,0.3997119069099426,0.5166094899177551,0.5857172608375549,0.5827456712722778,0.580934464931488,0.5727692246437073,0.5665424466133118,0.6009061336517334,0.6047732830047607,0.5852570533752441,0.5721393823623657,0.6379983425140381,0.8015362620353699,0.8057127594947815,0.785560667514801,0.7934131622314453,0.8012439608573914,0.8027611970901489,0.8109890818595886,0.8113114833831787,0.7935993671417236,0.7831288576126099,0.22305536270141602,0.15506495535373688,0.1608768105506897,0.20421986281871796,0.16396097838878632,0.1019195169210434,0.1278783082962036,0.1863279640674591,0.172713041305542,0.12794524431228638,1.0,1.0,1.0,1.0,1.0,1.0,1.0,1.0,1.0,1.0,1.0,1.0,1.0,1.0,90.36256408691406,76.46168518066406,0.0,0.0,0.9714285731315613,0.17142857611179352,0.800000011920929,0.0,37.73468017578125,0.0,68.8599853515625,2.0,2.0
/Users/josephkamil/Desktop/Capstone/Oly_Data/raw/not_oly/v_BenchPress_g25_c01.avi,not_oly,v_BenchPress_g25_c01.avi,0.3,non_olympic,,yes,,non_olympic,non_olympic_ucf_g25,train,97d12353b1e5d33f4877097c76d7c7917fd00d76424c84367a40e4dc6548f8dc,1.0,97d12353b1e5d33f4877097c76d7c7917fd00d76424c84367a40e4dc6548f8dc,107,42,0.3925233644859813,42.0,0.976190447807312,0.0,1.0,1.0,2.0,0.9268292784690857,0.39024388790130615,0.3676190674304962,0.06296467036008835,0.4197174608707428,0.06502526253461838,175.2737274169922,169.0843963623047,167.46041870117188,165.02845764160156,143.2430877685547,164.97984313964844,161.10858154296875,172.64854431152344,142.57119750976562,117.9773178100586,169.63563537597656,151.2947540283203,154.11285400390625,132.82958984375,100.94285583496094,123.30421447753906,140.95355224609375,127.27952575683594,166.26455688476562,114.64900970458984,138.36593627929688,94.01518249511719,175.08006286621094,127.64520263671875,107.4617691040039,148.06680297851562,174.98159790039062,158.11349487304688,138.68902587890625,112.66214752197266,160.927001953125,153.66766357421875,109.8558578491211,153.52645874023438,127.57076263427734,100.3328857421875,104.02508544921875,116.4139404296875,175.7865447998047,85.81343841552734,0.15839233994483948,0.3293185830116272,0.296774685382843,0.24995072185993195,0.4119253158569336,0.2802661657333374,0.26596248149871826,0.24712365865707397,0.06765302270650864,0.14907610416412354,0.3654276430606842,0.4251270592212677,0.5552388429641724,0.4059757590293884,0.5004267692565918,0.4584773778915405,0.5346037149429321,0.489330530166626,0.28686925768852234,0.347594678401947,0.19149118661880493,0.30756452679634094,0.5031933188438416,0.29168879985809326,0.44856104254722595,0.4284434914588928,0.4954501688480377,0.4166167378425598,0.17876513302326202,0.33832111954689026,0.2072458416223526,0.10674619674682617,0.2603537440299988,0.15795758366584778,0.0935329794883728,0.18019890785217285,0.27111318707466125,0.2459965944290161,0.22084742784500122,0.19985415041446686,1.0,0.75,1.0,1.0,1.0,1.0,1.0,1.0,1.0,1.0,0.875,1.0,0.8571428656578064,2.0,176.17041015625,172.8493194580078,-0.9268292784690857,-0.39024388790130615,0.0,0.7749999761581421,-0.7749999761581421,0.0,100.46220397949219,0.0,141.62704467773438,3.0,5.0
/Users/josephkamil/Desktop/Capstone/Oly_Data/raw/not_oly/v_PushUps_g01_c03.avi,not_oly,v_PushUps_g01_c03.avi,0.1,non_olympic,,yes,,non_olympic,non_olympic_ucf_g01,test,b51d2f1c0071e57cc679fb823437a273b2431b3905ba14d32fdbbaa9857de710,1.0,b51d2f1c0071e57cc679fb823437a273b2431b3905ba14d32fdbbaa9857de710,51,51,1.0,51.0,0.0,1.0,0.0,0.0,0.0,0.0,0.0,0.018988490104675293,0.002992172259837389,0.0427280068397522,0.012570967897772789,159.74607849121094,161.9419403076172,163.87289428710938,162.8861846923828,163.44070434570312,163.1649627685547,163.06915283203125,163.0403594970703,161.77810668945312,161.79348754882812,154.10336303710938,155.9384002685547,165.2652587890625,163.56459045410156,159.6460418701172,157.35232543945312,156.751953125,168.69432067871094,166.85903930664062,161.5028839111328,162.07174682617188,122.29541015625,68.50042724609375,85.59127044677734,149.28955078125,158.0130157470703,124.1669921875,62.64119338989258,96.88310241699219,155.86624145507812,81.50150299072266,89.71626281738281,92.98008728027344,90.50537109375,81.91165924072266,81.33979034423828,90.33324432373047,90.89431762695312,88.4217529296875,80.19542694091797,0.845552921295166,0.8393961787223816,0.8380473852157593,0.8317744135856628,0.8404514193534851,0.8399966955184937,0.8458538055419922,0.8373000025749207,0.8403428792953491,0.8453074097633362,0.5382915735244751,0.6378602981567383,0.7274335622787476,0.694427490234375,0.5669801235198975,0.549454391002655,0.648604154586792,0.7267016172409058,0.6948481798171997,0.5641041398048401,0.5734626650810242,0.638928234577179,0.7152798771858215,0.6923554539680481,0.5992552042007446,0.5846786499023438,0.6472083330154419,0.7230120897293091,0.7011993527412415,0.6031619906425476,0.3083244562149048,0.20662236213684082,0.11478684842586517,0.1425294429063797,0.2750416398048401,0.29149550199508667,0.20191140472888947,0.11412493884563446,0.14723524451255798,0.28238415718078613,0.0,0.0,0.0,0.0,0.0,0.0,0.0,0.0,0.0,0.0,0.0,0.0,0.0,0.0,180.0,180.0,1.0,1.0,0.6734693646430969,0.8775510191917419,-0.20408163964748383,10.53662109375,0.0,20.59478759765625,0.0,0.0,0.0
/Users/josephkamil/Desktop/Capstone/Oly_Data/raw/not_oly/v_Pullup_g15_c03.avi,not_oly,v_Pullup_g15_c03.avi,0.45,non_olympic,,yes,,non_olympic,non_olympic_ucf_g15,train,14f5a29243db80af96e313f9c232c619050d251549807383505185774ad96352,1.0,14f5a29243db80af96e313f9c232c619050d251549807383505185774ad96352,207,170,0.821256038647343,170.0,0.9470587968826294,0.0,1.0,1.0,8.0,0.6982248425483704,0.9822485446929932,0.3661794662475586,0.025463273748755455,0.26140832901000977,0.014092732220888138,161.70352172851562,139.9273681640625,138.21043395996094,109.68090057373047,168.23573303222656,176.35955810546875,114.20813751220703,153.49684143066406,127.47933197021484,145.2333526611328,169.61717224121094,166.65951538085938,159.04017639160156,139.95362854003906,128.02659606933594,126.06198120117188,170.9659881591797,167.70700073242188,156.78392028808594,69.77716064453125,143.64532470703125,88.51945495605469,70.25270080566406,104.05586242675781,148.189208984375,125.35040283203125,111.3342514038086,103.45288848876953,105.5323257446289,148.19586181640625,85.86396026611328,10.617937088012695,12.780128479003906,9.943735122680664,93.89226531982422,100.81707000732422,12.584720611572266,11.523429870605469,11.523780822753906,32.55198669433594,0.36461150646209717,0.25832781195640564,0.2760620415210724,0.23708613216876984,0.41940298676490784,0.42656171321868896,0.24062837660312653,0.26366081833839417,0.28611013293266296,0.2729816734790802,0.5198130011558533,0.3397844433784485,0.30294886231422424,0.37689119577407837,0.5288159847259521,0.5424758791923523,0.3717908561229706,0.2936761975288391,0.3498419225215912,0.41329118609428406,0.563980758190155,0.5724730491638184,0.50758957862854,0.640049934387207,0.5397553443908691,0.5308442115783691,0.6162726879119873,0.5073016285896301,0.5870269536972046,0.5372253656387329,0.16033393144607544,0.11941463500261307,0.09791368246078491,0.1524704098701477,0.11149603873491287,0.11646740138530731,0.1348714530467987,0.1217041015625,0.13183942437171936,0.1443202793598175,1.0,1.0,0.8235294222831726,1.0,1.0,1.0,1.0,0.8823529481887817,0.7647058963775635,1.0,1.0,0.8823529481887817,0.43529412150382996,5.0,166.33258056640625,175.9610137939453,-0.6982248425483704,-0.9822485446929932,0.5476190447807312,0.4226190447807312,0.125,0.0,152.69737243652344,0.0,165.94134521484375,7.0,4.0
/Users/josephkamil/Desktop/Capstone/Oly_Data/raw/not_oly/v_BenchPress_g12_c02.avi,not_oly,v_BenchPress_g12_c02.avi,0.2,non_olympic,,yes,,non_olympic,non_olympic_ucf_g12,test,1179214055fad2acb6690549bf953992c8e0f056116da9fd2e4b558db646f56c,1.0,1179214055fad2acb6690549bf953992c8e0f056116da9fd2e4b558db646f56c,63,56,0.8888888888888888,56.0,0.0,1.0,0.0,0.0,0.0,0.6727272868156433,0.34545454382896423,0.11421789228916168,0.027407217770814896,0.06585660576820374,0.0035613516811281443,154.242431640625,141.9434814453125,141.2806396484375,159.47547912597656,172.8377227783203,158.54452514648438,127.73209381103516,162.6546173095703,158.0204315185547,154.01866149902344,75.06512451171875,85.2931900024414,92.75004577636719,95.56400299072266,134.73191833496094,126.2075424194336,116.13431549072266,126.45695495605469,134.3336944580078,137.02178955078125,149.3446502685547,165.49610900878906,165.9959716796875,130.94046020507812,165.10330200195312,170.4693603515625,177.7120819091797,174.2739715576172,174.1134490966797,141.287109375,143.3349609375,146.16465759277344,146.23728942871094,114.31216430664062,53.35444259643555,56.88774871826172,61.627288818359375,66.25907897949219,69.66158294677734,72.2630386352539,0.252301961183548,0.2178099900484085,0.2567037045955658,0.25089120864868164,0.2305707186460495,0.2887973189353943,0.2550541162490845,0.23024436831474304,0.24239544570446014,0.20849871635437012,0.2038307934999466,0.20397983491420746,0.2191324681043625,0.17422151565551758,0.08922185748815536,0.08435297012329102,0.09039605408906937,0.09931512176990509,0.10010308027267456,0.10915470123291016,0.07514510303735733,0.07897365838289261,0.08874289691448212,0.11027264595031738,0.15835882723331451,0.15625762939453125,0.1582813709974289,0.1570928990840912,0.14535288512706757,0.1476275622844696,0.0857858955860138,0.06856183707714081,0.07244910299777985,0.09199676662683487,0.1449367254972458,0.2082269936800003,0.1661980003118515,0.13465280830860138,0.14317621290683746,0.10014811903238297,0.0,0.0,0.0,0.0,0.0,0.0,0.0,0.0,0.0,0.0,0.0,0.0,0.0,0.0,180.0,180.0,0.3272727131843567,0.6545454263687134,0.35185185074806213,0.7222222089767456,-0.37037035822868347,81.60333251953125,0.0,99.65499877929688,0.0,2.0,6.0
/Users/josephkamil/Desktop/Capstone/Oly_Data/raw/not_oly/v_PushUps_g14_c01.avi,not_oly,v_PushUps_g14_c01.avi,0.22,non_olympic,,yes,,non_olympic,non_olympic_ucf_g14,dev,0d0fe2ca50e0b23394496e81a7820041688dfa6bb74f0c29730c20d27a4d4835,1.0,0d0fe2ca50e0b23394496e81a7820041688dfa6bb74f0c29730c20d27a4d4835,103,103,1.0,103.0,0.0,1.0,0.0,0.0,0.0,0.06862745434045792,0.06862745434045792,0.031632423400878906,0.003978898748755455,0.0630810558795929,0.01389150507748127,44.745567321777344,52.65055465698242,60.202110290527344,75.46885681152344,79.25668334960938,101.697998046875,130.89581298828125,127.57781982421875,111.8379898071289,143.83880615234375,141.5506134033203,144.61192321777344,148.683837890625,175.2803955078125,168.25967407226562,177.506103515625,175.68807983398438,174.45401000976562,170.32290649414062,163.520751953125,121.8982925415039,111.88389587402344,110.8592300415039,103.2238540649414,103.2981185913086,92.5468978881836,102.44525909423828,99.316162109375,117.1583480834961,87.62769317626953,90.57606506347656,87.504638671875,90.3477783203125,87.69424438476562,97.54075622558594,107.73309326171875,109.8685531616211,102.16197204589844,96.9544448852539,116.32516479492188,0.6956256628036499,0.6862279772758484,0.7146321535110474,0.7291893362998962,0.7207980155944824,0.6774463653564453,0.7063806056976318,0.714021623134613,0.7193334698677063,0.7139707803726196,0.35737472772598267,0.4461999535560608,0.5518895983695984,0.6058390140533447,0.5682680010795593,0.4666748046875,0.4226711094379425,0.5518331527709961,0.6033376455307007,0.525787353515625,0.3532627522945404,0.4644675850868225,0.5493150949478149,0.6227658987045288,0.5136584639549255,0.33938631415367126,0.2787047326564789,0.46514469385147095,0.5551981925964355,0.3390820026397705,0.4380059242248535,0.3824009299278259,0.36349138617515564,0.34066635370254517,0.3369576036930084,0.3205324113368988,0.37812721729278564,0.32920804619789124,0.33940109610557556,0.3152201771736145,0.0,0.0,0.0,0.0,0.0,0.0,0.0,0.0,0.0,0.0,0.0,0.0,0.0,0.0,180.0,180.0,0.9313725233078003,0.9313725233078003,0.5049505233764648,0.9405940771102905,-0.4356435537338257,140.13357543945312,0.0,43.1727294921875,0.0,8.0,2.0
/Users/josephkamil/Desktop/Capstone/Oly_Data/raw/not_oly/v_Pullup_g23_c03.avi,not_oly,v_Pullup_g23_c03.avi,0.45,pull_up,,yes,,non_olympic,pull_up_ucf_g23,train,f1c1f8445f681a81a35839e1928020cd497b16d112ae12e4ab4bbf7d91fde201,2.0,f1c1f8445f681a81a35839e1928020cd497b16d112ae12e4ab4bbf7d91fde201,187,187,1.0,187.0,0.9197860956192017,0.0,1.0,1.0,10.0,0.24731183052062988,0.24731183052062988,0.025418967008590698,0.002246683230623603,0.051867544651031494,0.009563105180859566,116.03069305419922,166.4545440673828,113.420654296875,155.36837768554688,124.95153045654297,158.29347229003906,127.75790405273438,163.2353057861328,112.21692657470703,163.9259796142578,130.4134521484375,163.0797882080078,124.01911926269531,156.52601623535156,137.9962921142578,158.8806610107422,135.49717712402344,161.1156768798828,124.90937042236328,163.36831665039062,121.42691040039062,99.08517456054688,111.13446807861328,115.619140625,117.0721206665039,111.4025650024414,114.76055145263672,112.5410385131836,112.17283630371094,128.0745849609375,0.9393528699874878,0.8575196266174316,0.7766615152359009,1.1166913509368896,0.7261418700218201,1.2325563430786133,1.8435921669006348,2.553500175476074,2.281193733215332,1.7256126403808594,0.31616103649139404,0.2942233383655548,0.2861185371875763,0.2874254286289215,0.2946234345436096,0.28771376609802246,0.3022893965244293,0.29021981358528137,0.27879956364631653,0.2548552453517914,0.42580336332321167,0.38016340136528015,0.37898120284080505,0.3897804319858551,0.3985385000705719,0.3880605101585388,0.39863377809524536,0.3911592662334442,0.3653723895549774,0.3705158829689026,0.6145610809326172,0.5656612515449524,0.5752972960472107,0.5864124298095703,0.5905044078826904,0.5795938372612,0.5918319821357727,0.5805670619010925,0.5547391772270203,0.5727890133857727,0.10965600609779358,0.09261468797922134,0.09607379138469696,0.10348089039325714,0.10451249778270721,0.10124347358942032,0.10091683268547058,0.10243362933397293,0.09244771301746368,0.11627323925495148,1.0,0.8947368264198303,0.7894737124443054,1.0,0.9473684430122375,0.9473684430122375,0.8888888955116272,0.9473684430122375,0.8421052694320679,0.9473684430122375,0.9459459185600281,0.8918918967247009,0.1925133615732193,6.0,167.97055053710938,166.89088439941406,-0.24731183052062988,-0.24731183052062988,0.10270269960165024,0.8648648858070374,-0.7621621489524841,0.0,158.4783935546875,0.0,146.96299743652344,5.0,5.0
/Users/josephkamil/Desktop/Capstone/data/dataset_v2/raw/squat_back/squat_19.mp4,squat_back,squat_19.mp4,2.34,squat_back,,yes,,non_olympic,squat_back_sha_e1788ea9284d4565,test,e1788ea9284d45656fc04dd771117522714dbbd59cea51d830d26a8b9f9f80fe,1.0,e1788ea9284d45656fc04dd771117522714dbbd59cea51d830d26a8b9f9f80fe,143,143,1.0,143.0,0.17482517659664154,0.2112676054239273,0.8591549396514893,0.6503496766090393,8.0,0.7816901206970215,0.7816901206970215,0.021711766719818115,0.007186112459748983,0.012180328369140625,0.004947674926370382,179.0597686767578,174.4043426513672,162.99168395996094,168.5249786376953,178.6158447265625,178.8212432861328,174.90293884277344,162.02430725097656,166.23934936523438,177.82000732421875,170.23753356933594,167.7943115234375,159.6986846923828,164.6125946044922,169.17446899414062,169.85313415527344,167.3560333251953,160.03651428222656,163.0793914794922,169.48402404785156,176.808349609375,131.30130004882812,28.704256057739258,75.98778533935547,176.57662963867188,177.38987731933594,174.50575256347656,21.95412254333496,64.90316772460938,164.58302307128906,0.6194967031478882,0.4123018682003021,0.27834293246269226,0.256281316280365,0.9099311232566833,0.8453459739685059,0.702304482460022,0.5040403008460999,0.37382179498672485,0.7499350309371948,0.5197988748550415,0.4141395688056946,0.4320254623889923,0.38229066133499146,0.4592817723751068,0.5232251882553101,0.45700064301490784,0.4234016239643097,0.3829860985279083,0.43240126967430115,0.24666646122932434,0.31420212984085083,0.4332917034626007,0.3675827383995056,0.24971361458301544,0.2466055303812027,0.2945139706134796,0.42066118121147156,0.38100600242614746,0.25631624460220337,0.49096253514289856,0.5500921010971069,0.6478997468948364,0.5933163166046143,0.49780020117759705,0.4902898967266083,0.5332108736038208,0.6377722024917603,0.6055984497070312,0.5047289729118347,0.2731582522392273,0.10040945559740067,0.007038131821900606,0.018469596281647682,0.20990760624408722,0.2767072021961212,0.1626562476158142,0.012038223445415497,0.012988031841814518,0.17627151310443878,0.0,0.0,0.5,0.20000000298023224,0.0,0.0,0.0,0.5,0.5714285969734192,0.0,0.0,0.27586206793785095,0.0559440553188324,4.0,167.21881103515625,163.6542205810547,-0.5704225301742554,-0.5704225301742554,0.3120567500591278,0.3333333432674408,-0.021276595070958138,12.378616333007812,22.517669677734375,7.34759521484375,15.08294677734375,0.0,0.0
/Users/josephkamil/Desktop/Capstone/data/dataset_v2/raw/squat_back/squat_5.MOV,squat_back,squat_5.MOV,56.78,squat_back,,yes,,non_olympic,squat_back_sha_96aa295a1f87d255,train,96aa295a1f87d255bf96616a459a26568bca210d1713902d819bccf1dc0ac728,1.0,96aa295a1f87d255bf96616a459a26568bca210d1713902d819bccf1dc0ac728,656,656,1.0,656.0,0.04878048598766327,0.13282442092895508,0.9786259531974792,0.8460366129875183,10.0,0.676335871219635,0.8213740587234497,0.07342612743377686,0.008774387650191784,0.020028531551361084,0.0030840320978313684,169.27798461914062,174.85903930664062,178.59095764160156,144.35659790039062,149.65982055664062,123.25785064697266,111.53758239746094,142.10595703125,115.46456146240234,174.59747314453125,169.05857849121094,170.6605682373047,175.7187957763672,149.8982696533203,152.7183837890625,130.5087432861328,119.64019775390625,148.54881286621094,118.59248352050781,172.91310119628906,162.897705078125,96.04415893554688,148.38525390625,146.96250915527344,127.76084899902344,139.75601196289062,164.46864318847656,150.49200439453125,124.85074615478516,48.93901824951172,3.502810001373291,3.6937472820281982,1.8227972984313965,4.932788848876953,5.220365524291992,8.385671615600586,7.550529956817627,4.889357089996338,7.681880474090576,2.8912200927734375,0.5248339176177979,0.430911123752594,0.46518996357917786,0.5649667382240295,0.5220643877983093,0.602188229560852,0.6385008692741394,0.5482190847396851,0.5791167616844177,0.4076879918575287,0.4128001630306244,0.3876669704914093,0.3680625259876251,0.4759635329246521,0.4353678822517395,0.5300318002700806,0.5441833734512329,0.4481852352619171,0.5229407548904419,0.37690654397010803,0.7092595100402832,0.6921828985214233,0.688350260257721,0.7544175982475281,0.7247555255889893,0.7693377137184143,0.7966382503509521,0.7355391979217529,0.7742843627929688,0.7060073018074036,0.11726473271846771,0.05523722991347313,0.10178295522928238,0.09431589394807816,0.09195556491613388,0.07826132327318192,0.09900476783514023,0.10621768236160278,0.06295401602983475,0.03962070867419243,0.0,0.25757575035095215,0.0,0.0,0.0,0.015384615398943424,0.0,0.0,0.0,0.21212121844291687,0.12977099418640137,0.10687022656202316,0.021341463550925255,5.0,175.24761962890625,169.53810119628906,-0.5435114502906799,-0.6885496377944946,0.7201834917068481,0.718654453754425,0.0015290520386770368,18.724136352539062,141.78594970703125,7.86083984375,133.5150909423828,4.0,4.0
/Users/josephkamil/Desktop/Capstone/data/dataset_v2/raw/squat_back/squat_18.mp4,squat_back,squat_18.mp4,1.52,squat_back,,yes,,non_olympic,squat_back_sha_662ea3e16246fcbb,train,662ea3e16246fcbba11e67b9424bdf1fb7cb65df2dd9542196aaed23e7cc2aa3,1.0,662ea3e16246fcbba11e67b9424bdf1fb7cb65df2dd9542196aaed23e7cc2aa3,93,93,1.0,93.0,0.12903225421905518,0.22826087474822998,0.3478260934352875,0.12903225421905518,2.0,0.260869562625885,0.27173912525177,0.016875475645065308,0.006029455456882715,0.009943008422851562,0.004826333839446306,175.8983154296875,169.32757568359375,160.3773956298828,163.95770263671875,172.019775390625,177.54714965820312,179.22677612304688,178.74803161621094,176.98463439941406,171.88502502441406,166.50527954101562,163.30093383789062,157.11166381835938,158.9237060546875,166.68637084960938,169.40565490722656,170.3769989013672,170.47511291503906,167.91127014160156,165.5731964111328,173.54100036621094,152.1031036376953,38.07643127441406,38.337608337402344,137.9126434326172,174.26148986816406,178.47608947753906,178.1967010498047,176.71632385253906,152.7129669189453,1.5348949432373047,0.8675510883331299,0.7531852722167969,1.0859049558639526,0.5977305173873901,0.9202243089675903,1.0017750263214111,0.9941443204879761,1.1832674741744995,0.5517500638961792,0.5171708464622498,0.4387960433959961,0.4265557527542114,0.4233705997467041,0.3812275230884552,0.43814536929130554,0.5171679258346558,0.5246368050575256,0.5234467387199402,0.4282539486885071,0.3013518750667572,0.37559789419174194,0.4305555522441864,0.42608341574668884,0.3264673948287964,0.2599635422229767,0.24474458396434784,0.2451518326997757,0.27245593070983887,0.3516247570514679,0.5356329679489136,0.5954641103744507,0.6423943638801575,0.6355945467948914,0.5595203638076782,0.5078378915786743,0.4885683059692383,0.48787832260131836,0.5127306580543518,0.581131100654602,0.21582640707492828,0.06331977248191833,0.01609072834253311,0.010157285258173943,0.054995372891426086,0.17841506004333496,0.2726012170314789,0.27960819005966187,0.2510339617729187,0.07683298736810684,0.0,0.0,0.6666666865348816,0.6000000238418579,0.0,0.0,0.0,0.0,0.0,0.0,0.0,0.0,0.12903225421905518,1.0,161.0446319580078,158.11685180664062,-0.032608695328235626,-0.043478261679410934,0.8901098966598511,0.3956044018268585,0.49450549483299255,16.676712036132812,21.524429321289062,9.69134521484375,16.3050537109375,0.0,0.0
/Users/josephkamil/Desktop/Capstone/data/dataset_v2/raw/squat_back/squat_8.mp4,squat_back,squat_8.mp4,1.46,squat_back,,yes,,non_olympic,squat_back_sha_62c49aa6c19eaf30,test,62c49aa6c19eaf30b42795adbbd97ccaf393c9821e13cca7ce448cd85ed66773,1.0,62c49aa6c19eaf30b42795adbbd97ccaf393c9821e13cca7ce448cd85ed66773,360,360,1.0,360.0,0.0,1.0,0.0,0.0,0.0,0.2869080901145935,0.27855151891708374,0.01718318462371826,0.003185854759067297,0.008701682090759277,0.001820043078623712,163.67437744140625,140.9706573486328,112.16580200195312,137.0625,171.86386108398438,178.59375,153.00347900390625,125.03694915771484,127.48619079589844,167.0954132080078,164.20382690429688,137.82362365722656,104.74539947509766,132.73886108398438,170.55926513671875,177.01304626464844,152.9273223876953,122.11349487304688,125.92070770263672,164.28030395507812,7.7540154457092285,13.52959156036377,16.660388946533203,12.253759384155273,4.749240875244141,8.902206420898438,5.427586078643799,12.538686752319336,11.71744155883789,2.621812105178833,1.8181798458099365,5.5352301597595215,10.92442798614502,6.9656853675842285,2.4406118392944336,3.79124116897583,2.4548275470733643,7.38303804397583,7.0096259117126465,1.7134977579116821,0.37364089488983154,0.4150800406932831,0.4816925823688507,0.3328339755535126,0.2568904161453247,0.3398192226886749,0.392452597618103,0.5164434313774109,0.4636487364768982,0.29392537474632263,0.3059811294078827,0.36639490723609924,0.43792739510536194,0.294489324092865,0.1606639176607132,0.20326445996761322,0.31580549478530884,0.475057452917099,0.42575836181640625,0.21204227209091187,0.6494612693786621,0.6232608556747437,0.6448228359222412,0.5521346926689148,0.515521228313446,0.5603821277618408,0.6089283227920532,0.6814245581626892,0.647630512714386,0.5401914119720459,0.0830390602350235,0.07859066128730774,0.08024319261312485,0.07233869284391403,0.10752895474433899,0.1404368132352829,0.0888063907623291,0.06959936022758484,0.06523397564888,0.09259358048439026,0.0,0.0,0.0,0.0,0.0,0.0,0.0,0.0,0.0,0.0,0.0,0.0,0.0,0.0,180.0,180.0,0.7130919098854065,0.7214484810829163,0.8603351712226868,0.8519552946090698,0.008379888720810413,73.53887176513672,0.0,80.80034637451172,0.0,3.0,4.0
/Users/josephkamil/Desktop/Capstone/data/dataset_v2/raw/squat_back/squat_16.mp4,squat_back,squat_16.mp4,1.4,squat_back,,yes,,non_olympic,squat_back_sha_06787667e242c7d0,train,06787667e242c7d0c22e6677ef300c209acdf771817c01cb023afeb41f6b508c,1.0,06787667e242c7d0c22e6677ef300c209acdf771817c01cb023afeb41f6b508c,47,47,1.0,47.0,0.5744680762290955,0.0,0.804347813129425,0.8085106611251831,7.0,0.54347825050354,0.54347825050354,0.1387653946876526,0.0284003634005785,0.025499045848846436,0.008618669584393501,138.17295837402344,132.7198028564453,118.4874496459961,101.35257720947266,84.0293197631836,74.73238372802734,89.2477035522461,125.52272033691406,148.8822784423828,170.2460479736328,142.06790161132812,136.7603302001953,122.08854675292969,107.52581787109375,91.79547882080078,80.98695373535156,91.29414367675781,124.0843276977539,147.83343505859375,169.2105712890625,80.57691955566406,9.410334587097168,93.50760650634766,81.00328826904297,89.10763549804688,68.49691772460938,110.73904418945312,64.89728546142578,102.34930419921875,159.43804931640625,14.856890678405762,16.172954559326172,17.659269332885742,17.718116760253906,17.365345001220703,18.848684310913086,20.596664428710938,20.76202964782715,15.398943901062012,8.94287395477295,0.37329745292663574,0.39592355489730835,0.4009954333305359,0.49107038974761963,0.5469613075256348,0.6603314280509949,0.5816168785095215,0.41286319494247437,0.44056573510169983,0.3241310119628906,0.39218559861183167,0.4306148886680603,0.4788805842399597,0.5206689238548279,0.5475314259529114,0.5660175085067749,0.5381680727005005,0.4645468294620514,0.3622508645057678,0.26803258061408997,0.6232630014419556,0.6525309681892395,0.6959481835365295,0.7405409812927246,0.7652316093444824,0.7717171907424927,0.7501073479652405,0.6807441115379333,0.6106703877449036,0.5480483770370483,0.023936767131090164,0.04347827285528183,0.08467576652765274,0.044251054525375366,0.035753630101680756,0.09553630650043488,0.06283143162727356,0.07342184334993362,0.11084362119436264,0.06687295436859131,1.0,0.800000011920929,1.0,1.0,0.6000000238418579,0.0,0.25,1.0,0.20000000298023224,0.0,0.8888888955116272,0.0,0.3191489279270172,4.0,138.90386962890625,140.73741149902344,-0.54347825050354,-0.54347825050354,0.6222222447395325,0.6666666865348816,-0.04444444552063942,0.0,106.64122009277344,0.0,97.12926483154297,1.0,1.0
/Users/josephkamil/Desktop/Capstone/data/dataset_v2/raw/squat_back/squat_3.mp4,squat_back,squat_3.mp4,10.37,squat_back,,yes,,non_olympic,squat_back_sha_3a22d2ea0721c419,test,3a22d2ea0721c419cecd96a0f38808d069adb23452599c3e772c779cf11db0b0,1.0,3a22d2ea0721c419cecd96a0f38808d069adb23452599c3e772c779cf11db0b0,279,279,1.0,279.0,0.0,1.0,0.0,0.0,0.0,0.3741007149219513,0.6510791182518005,0.027680933475494385,0.009902206249535084,0.04712820053100586,0.008965294808149338,153.4583740234375,103.38031005859375,178.1293487548828,88.94975280761719,155.4499053955078,156.00247192382812,72.36150360107422,176.22872924804688,128.3563995361328,107.22224426269531,155.14846801757812,116.2127914428711,173.82496643066406,103.91978454589844,153.787841796875,158.67013549804688,82.37062072753906,172.5019989013672,132.93136596679688,112.29676818847656,175.5433349609375,174.84671020507812,173.4521484375,176.0624237060547,175.2742462158203,176.04075622558594,175.5786895751953,176.51185607910156,174.57510375976562,175.88308715820312,0.4843270480632782,0.861031174659729,0.2829059958457947,1.1556243896484375,0.7496690154075623,0.9504843950271606,0.6184741854667664,0.4167812168598175,0.3416450023651123,0.6504386067390442,0.7592568397521973,0.871519148349762,0.6207799911499023,0.8722670674324036,0.7220708131790161,0.6967290043830872,0.8883090615272522,0.6594557166099548,0.7763178944587708,0.8540387153625488,0.48188358545303345,0.6306307911872864,0.3244693875312805,0.6536232829093933,0.4467838704586029,0.4230513870716095,0.7013337016105652,0.3560919463634491,0.5377028584480286,0.6165772676467896,0.7301371693611145,0.8357551693916321,0.625064492225647,0.8472386598587036,0.702203094959259,0.694549024105072,0.8826025724411011,0.6492891907691956,0.7722163200378418,0.8217334747314453,0.277398943901062,0.24094043672084808,0.2963155210018158,0.2186673879623413,0.2753255069255829,0.2737387418746948,0.18722175061702728,0.3033783733844757,0.23865613341331482,0.23752646148204803,0.0,0.0,0.0,0.0,0.0,0.0,0.0,0.0,0.0,0.0,0.0,0.0,0.0,0.0,180.0,180.0,0.6258992552757263,0.3489208519458771,0.9747292399406433,0.9747292399406433,0.0,176.9717254638672,0.0,138.13304138183594,0.0,4.0,4.0
/Users/josephkamil/Desktop/Capstone/data/dataset_v2/raw/squat_back/Back squats- heel rise.mov,squat_back,Back squats- heel rise.mov,45.48,squat_back,,yes,,non_olympic,squat_back_sha_90f8d6cabfefe8b0,train,90f8d6cabfefe8b056b10097f66dd30f03fb99c7f19513793771e15125d6a3a3,1.0,90f8d6cabfefe8b056b10097f66dd30f03fb99c7f19513793771e15125d6a3a3,1060,925,0.8726415094339622,925.0,0.476756751537323,0.008658008649945259,0.9318181872367859,0.9232432246208191,94.0,0.9967532753944397,0.9924242496490479,1.0435224771499634,0.014768373221158981,1.3629982471466064,0.004826582968235016,164.4525146484375,166.47000122070312,158.2801513671875,148.15382385253906,170.83876037597656,146.57984924316406,151.8967742919922,165.00099182128906,147.186279296875,169.0565643310547,177.20736694335938,171.65896606445312,154.8087158203125,154.73959350585938,171.29783630371094,147.97523498535156,156.2581787109375,166.33909606933594,147.83197021484375,160.24728393554688,53.50884246826172,9.927970886230469,11.858506202697754,9.875285148620605,18.90241241455078,17.62479019165039,10.735865592956543,18.103330612182617,16.244478225708008,100.04437255859375,17.525711059570312,4.412552356719971,12.394351959228516,8.086275100708008,4.154507160186768,12.102989196777344,8.03124713897705,5.392848968505859,12.488016128540039,25.741064071655273,0.2989320456981659,0.2956524193286896,0.27566033601760864,0.287863165140152,0.2271537333726883,0.3048359453678131,0.2954554259777069,0.264605313539505,0.3305799961090088,0.3394097089767456,0.23274822533130646,0.24231018126010895,0.28967440128326416,0.29914531111717224,0.2459980547428131,0.3196093738079071,0.29461488127708435,0.2589257061481476,0.3138030767440796,0.11734878271818161,0.4497702717781067,0.4736386835575104,0.49833545088768005,0.5180575251579285,0.4788033366203308,0.5256016254425049,0.5123305320739746,0.48691874742507935,0.5210539698600769,0.24689994752407074,0.09241990745067596,0.05761115252971649,0.034903232008218765,0.04801912605762482,0.05586462840437889,0.04212144762277603,0.03955509141087532,0.040535904467105865,0.03750874102115631,0.2639603614807129,0.31521740555763245,0.12903225421905518,0.6847826242446899,0.6666666865348816,0.6413043737411499,0.698924720287323,0.5652173757553101,0.4516128897666931,0.43478259444236755,0.1827957034111023,0.22162161767482758,0.3081081211566925,0.060540542006492615,47.0,176.3837890625,179.63479614257812,-0.988095223903656,-0.9837662577629089,0.007583965547382832,0.9913325905799866,-0.9837486743927002,168.6602325439453,176.5496368408203,15.68487548828125,178.6450958251953,6.0,6.0
/Users/josephkamil/Desktop/Capstone/data/dataset_v2/raw/squat_back/squat_11.mp4,squat_back,squat_11.mp4,3.98,squat_back,,yes,,non_olympic,squat_back_sha_8ba02cc8cfa2837e,train,8ba02cc8cfa2837ec5f7b20625d195f56c5dd0334cd3dcb8d396b2d31507a116,1.0,8ba02cc8cfa2837ec5f7b20625d195f56c5dd0334cd3dcb8d396b2d31507a116,144,144,1.0,144.0,0.2986111044883728,0.2377622425556183,0.6713286638259888,0.4375,10.0,0.4195804297924042,0.4195804297924042,0.1013079285621643,0.01432467345148325,0.013305902481079102,0.00413006404414773,173.38870239257812,160.38539123535156,133.98916625976562,92.47537994384766,71.40906524658203,112.49991607666016,144.90628051757812,170.34231567382812,174.2707061767578,174.21099853515625,173.1265869140625,162.10292053222656,138.0088653564453,97.88065338134766,76.03401947021484,109.91149139404297,141.5059051513672,168.5655059814453,173.1129150390625,172.78208923339844,156.63681030273438,162.1822052001953,95.20504760742188,116.12982940673828,73.89647674560547,40.251953125,51.6827507019043,171.2332000732422,170.45970153808594,165.4677276611328,7.751580238342285,10.017499923706055,16.04039764404297,18.701370239257812,21.22913360595703,22.038894653320312,17.59136199951172,8.88634967803955,7.1544718742370605,6.996417045593262,0.29197201132774353,0.3437417447566986,0.3815349042415619,0.5195424556732178,0.6491722464561462,0.44741588830947876,0.3574586808681488,0.30482184886932373,0.31867071986198425,0.32329073548316956,0.21928001940250397,0.28021612763404846,0.407100111246109,0.5180463790893555,0.5700732469558716,0.4817311465740204,0.37847253680229187,0.2582235336303711,0.2540426552295685,0.2601107954978943,0.5038237571716309,0.5517464876174927,0.6445431113243103,0.7394684553146362,0.7702346444129944,0.6885470747947693,0.6037773489952087,0.5227111577987671,0.5119600892066956,0.5123881101608276,0.07850679010152817,0.07273650914430618,0.06257576495409012,0.055055439472198486,0.08738715201616287,0.05427846685051918,0.0427657887339592,0.05662023648619652,0.06983353942632675,0.066877581179142,0.0,0.0,0.5333333611488342,0.6428571343421936,0.06666667014360428,1.0,0.7857142686843872,0.0,0.0,0.0,0.0,0.0,0.1736111044883728,5.0,135.95326232910156,140.20069885253906,-0.1818181872367859,-0.1818181872367859,0.47887325286865234,0.6901408433914185,-0.2112676054239273,38.35438537597656,114.68705749511719,33.35337829589844,104.90548706054688,1.0,1.0
/Users/josephkamil/Desktop/Capstone/data/dataset_v2/raw/squat_back/71ef5d06-bfea-449b-8ff3-b428ae7dbaa7.mp4,squat_back,71ef5d06-bfea-449b-8ff3-b428ae7dbaa7.mp4,0.72,squat_back,,yes,,non_olympic,squat_back_sha_f8e3166fe219bdc5,train,f8e3166fe219bdc588acbe6b7d43bc3b402ac15bf12b4f046c147c125c4a21e0,1.0,f8e3166fe219bdc588acbe6b7d43bc3b402ac15bf12b4f046c147c125c4a21e0,240,240,1.0,240.0,0.4958333373069763,0.0,0.9330543875694275,0.9333333373069763,21.0,0.7071129679679871,0.7071129679679871,0.9217913150787354,0.030234046280384064,0.18485698103904724,0.006789915729314089,179.20635986328125,171.4200439453125,127.56983184814453,123.111328125,173.0409698486328,158.12107849121094,108.21634674072266,120.72561645507812,172.28387451171875,166.5119171142578,174.097900390625,173.5327606201172,123.14807891845703,111.88961791992188,165.82081604003906,154.58351135253906,97.40425872802734,109.8460922241211,169.3258819580078,168.94297790527344,111.1963119506836,103.4392318725586,108.75989532470703,167.13731384277344,165.63673400878906,167.7060089111328,38.78538513183594,67.13626861572266,136.42324829101562,121.83560943603516,0.7289412617683411,3.3146321773529053,19.230865478515625,23.594446182250977,7.8632683753967285,8.801386833190918,24.65421485900879,23.931921005249023,7.544914245605469,6.190284252166748,0.24262122809886932,0.2924295961856842,0.3560408651828766,0.23632635176181793,-0.3702041208744049,-0.10224615782499313,0.326678067445755,0.2338314801454544,-0.09247544407844543,0.3487442433834076,0.2565099895000458,0.2992330491542816,0.3196614682674408,0.19315744936466217,-0.07018700987100601,0.026818813756108284,0.2951066195964813,0.2279520481824875,0.08262037485837936,0.3426309823989868,0.48043158650398254,0.5174065828323364,0.5816940665245056,0.5164830088615417,0.3262050449848175,0.40096554160118103,0.6138947606086731,0.5582190155982971,0.4061643183231354,0.5458535552024841,0.026893051341176033,0.031065620481967926,0.10737977176904678,0.1351015269756317,0.3128427565097809,0.19655542075634003,0.12254015356302261,0.12183117866516113,0.20817069709300995,0.038294874131679535,1.0,0.7083333134651184,0.0,0.0833333358168602,0.875,0.6666666865348816,0.0,0.4166666567325592,0.875,0.3333333432674408,0.8541666865348816,0.6041666865348816,0.17083333432674408,11.0,179.483154296875,175.5287322998047,-0.7071129679679871,-0.7071129679679871,0.40336135029792786,0.8697478771209717,-0.4663865566253662,0.0,83.12454986572266,0.0,94.22479248046875,2.0,2.0
/Users/josephkamil/Desktop/Capstone/data/dataset_v2/raw/squat_back/squat_17.mp4,squat_back,squat_17.mp4,1.72,squat_back,,yes,,non_olympic,squat_back_sha_b9783cba71742468,dev,b9783cba7174246884865b903d78c2c2d279528a0b2be03d95a25a529b4c7b1d,1.0,b9783cba7174246884865b903d78c2c2d279528a0b2be03d95a25a529b4c7b1d,110,110,1.0,110.0,0.20909090340137482,0.4587155878543854,0.6605504751205444,0.20909090340137482,2.0,0.5412843823432922,0.5412843823432922,0.04693728685379028,0.005950609687715769,0.012561380863189697,0.0037305234000086784,156.04161071777344,172.97267150878906,172.01007080078125,150.13070678710938,128.83245849609375,114.16860961914062,129.07957458496094,155.90811157226562,173.56068420410156,171.69447326660156,159.10546875,177.74864196777344,175.83184814453125,152.07608032226562,129.5187225341797,113.05207061767578,129.43951416015625,159.32899475097656,177.96507263183594,175.46185302734375,160.26016235351562,175.3297119140625,174.21006774902344,159.86642456054688,155.97715759277344,146.64039611816406,152.27560424804688,162.0835723876953,175.49575805664062,175.24432373046875,5.196591377258301,0.3566175401210785,0.8709052801132202,6.845849990844727,12.215615272521973,15.179315567016602,13.426547050476074,5.067672252655029,1.1812971830368042,1.1861437559127808,0.405277818441391,0.5171887874603271,0.5260098576545715,0.45774543285369873,0.37693700194358826,0.3640347421169281,0.35560572147369385,0.42354682087898254,0.5250052809715271,0.5288660526275635,0.2685861587524414,0.23309263586997986,0.2318846583366394,0.2884700894355774,0.36964181065559387,0.42119571566581726,0.36907655000686646,0.2678581774234772,0.2333867996931076,0.23612378537654877,0.5158067345619202,0.48644140362739563,0.4882642924785614,0.536838948726654,0.6048906445503235,0.6445503234863281,0.5983176231384277,0.5154653191566467,0.4887337386608124,0.4903062582015991,0.19898837804794312,0.28643178939819336,0.29573583602905273,0.218333438038826,0.16506880521774292,0.17063651978969574,0.1638728380203247,0.2061929553747177,0.2923807203769684,0.29516369104385376,0.0,0.0,0.0,0.0,0.4545454680919647,1.0,0.6363636255264282,0.0,0.0,0.0,0.0,0.0,0.20909090340137482,1.0,127.0572280883789,128.1865692138672,-0.08256880939006805,-0.08256880939006805,0.31481480598449707,0.6481481194496155,-0.3333333432674408,48.000465393066406,62.72388458251953,51.31724548339844,67.88277435302734,1.0,1.0
/Users/josephkamil/Desktop/Capstone/data/dataset_v2/raw/squat_back/Back Squats- Depth.mov,squat_back,Back Squats- Depth.mov,49.8,squat_back,,yes,,non_olympic,squat_back_sha_99897ce7b14be76b,train,99897ce7b14be76be69e6b265ed5a38c4f71477a7103db1d6393473f69b60628,1.0,99897ce7b14be76be69e6b265ed5a38c4f71477a7103db1d6393473f69b60628,1159,1114,0.9611734253666955,1114.0,0.5879712700843811,0.002695417730137706,0.9649595618247986,0.9622980356216431,140.0,0.0017969452310353518,0.9469901323318481,0.8194469213485718,0.017840778455138206,0.753067672252655,0.005152103956788778,169.97279357910156,166.564697265625,168.72830200195312,164.21066284179688,168.30088806152344,166.14012145996094,170.71670532226562,165.6683807373047,167.57298278808594,175.78089904785156,177.2799835205078,176.1914825439453,174.7334442138672,167.71209716796875,164.31396484375,166.2134552001953,168.2110595703125,173.8400115966797,173.82046508789062,158.75741577148438,73.15308380126953,12.535720825195312,19.724374771118164,24.29522132873535,21.330326080322266,19.225929260253906,23.700077056884766,42.26820755004883,34.800601959228516,118.14775085449219,5.697633266448975,1.8221787214279175,1.138238549232483,4.202484130859375,7.60697078704834,5.6540703773498535,6.32135009765625,1.0570539236068726,0.8810645937919617,50.18490219116211,0.1614249348640442,0.23633885383605957,0.18811094760894775,0.2121366262435913,0.23221704363822937,0.19933779537677765,0.19796007871627808,0.22841021418571472,0.1939968317747116,0.5056743621826172,0.18795786798000336,0.2006189525127411,0.20689953863620758,0.2270946055650711,0.2244771271944046,0.22953727841377258,0.21782329678535461,0.2210770845413208,0.21213801205158234,0.12979283928871155,0.4620128571987152,0.47753986716270447,0.48158010840415955,0.49445945024490356,0.48463842272758484,0.494692325592041,0.47930702567100525,0.4915199279785156,0.48276039958000183,0.4225926399230957,0.06298993527889252,0.06218672916293144,0.04490951821208,0.046614911407232285,0.03650224208831787,0.04295619577169418,0.03610070422291756,0.04083893075585365,0.052714210003614426,0.4448300898075104,0.7207207083702087,0.28828829526901245,0.6964285969734192,0.6576576828956604,0.5178571343421936,0.8738738894462585,0.7297297120094299,0.4821428656578064,0.6666666865348816,0.25,0.5022421479225159,0.4573991000652313,0.04039497300982475,70.0,179.4339599609375,176.9164276123047,0.0008984726155176759,-0.9442946910858154,0.0017985611921176314,0.9379496574401855,-0.9361510872840881,174.66156005859375,114.58216857910156,1.7231903076171875,179.4109649658203,1.0,1.0
/Users/josephkamil/Desktop/Capstone/data/dataset_v2/raw/squat_back/6dddd176-2460-48cf-bd01-3eaaa0dc754f.mp4,squat_back,6dddd176-2460-48cf-bd01-3eaaa0dc754f.mp4,1.93,squat_back,,yes,,non_olympic,squat_back_sha_30a49e729ef02da4,train,30a49e729ef02da47fe436f9d003da3e0be5eb57a60535be527401b536ae2167,1.0,30a49e729ef02da47fe436f9d003da3e0be5eb57a60535be527401b536ae2167,300,300,1.0,300.0,0.0,1.0,0.0,0.0,0.0,0.953177273273468,0.953177273273468,0.06171894073486328,0.008452479727566242,0.0134754478931427,0.005070445593446493,127.854248046875,108.0294189453125,155.7489471435547,87.75157165527344,163.50994873046875,173.08802795410156,99.04645538330078,134.64952087402344,162.72589111328125,87.62078094482422,135.23036193847656,113.55074310302734,160.90428161621094,92.04666137695312,165.88345336914062,175.04995727539062,103.35841369628906,140.23171997070312,167.37078857421875,91.44890594482422,27.00828742980957,25.82748031616211,21.338939666748047,18.39338493347168,25.568134307861328,20.25792121887207,17.87381935119629,21.38905143737793,21.714181900024414,19.3521785736084,5.885184288024902,9.81417179107666,2.569096326828003,11.914135932922363,3.1182706356048584,1.9493247270584106,9.846402168273926,6.48863410949707,2.3685829639434814,12.008137702941895,0.3785582184791565,0.44408825039863586,0.297432005405426,0.4983794093132019,0.2827989161014557,0.2536907494068146,0.473380982875824,0.3660564422607422,0.2730826139450073,0.5022860169410706,0.35167697072029114,0.41263359785079956,0.2770523726940155,0.4698365032672882,0.2567162811756134,0.23341654241085052,0.44577309489250183,0.3366720974445343,0.25365325808525085,0.46891167759895325,0.5569815039634705,0.5966809391975403,0.507118821144104,0.6355169415473938,0.48865893483161926,0.4761645495891571,0.6213333010673523,0.543640673160553,0.4903997778892517,0.6350443363189697,0.05276171863079071,0.052756309509277344,0.04942585155367851,0.05225195363163948,0.0513080470263958,0.048637740314006805,0.05158797279000282,0.05216570198535919,0.048255279660224915,0.05529655143618584,0.0,0.0,0.0,0.0,0.0,0.0,0.0,0.0,0.0,0.0,0.0,0.0,0.0,0.0,180.0,180.0,0.046822741627693176,0.046822741627693176,0.1845637559890747,0.42953020334243774,-0.24496644735336304,111.99556732177734,0.0,111.22574615478516,0.0,4.0,4.0
/Users/josephkamil/Desktop/Capstone/data/dataset_v2/raw/squat_back/897f5a21-f1a1-477e-aa8b-11b7ee9378d2.mp4,squat_back,897f5a21-f1a1-477e-aa8b-11b7ee9378d2.mp4,1.17,squat_back,,yes,,non_olympic,squat_back_sha_ea8be1b29dbeb4d7,train,ea8be1b29dbeb4d70f3e51d7afb38923b7153dd4b5219607f3e7bd27ef183135,1.0,ea8be1b29dbeb4d70f3e51d7afb38923b7153dd4b5219607f3e7bd27ef183135,180,180,1.0,180.0,0.0,1.0,0.0,0.0,0.0,0.3687150776386261,0.3687150776386261,0.024483412504196167,0.0074020870961248875,0.01482844352722168,0.004743580706417561,153.22723388671875,178.23057556152344,161.2406005859375,132.52716064453125,158.0271453857422,177.59149169921875,158.41673278808594,137.44944763183594,163.22398376464844,178.05484008789062,161.79046630859375,174.0216522216797,171.77650451660156,145.04302978515625,166.51165771484375,174.79017639160156,169.9018096923828,151.52374267578125,169.80325317382812,169.5845489501953,30.481224060058594,36.45404815673828,33.04683303833008,31.34583854675293,31.280643463134766,37.88341522216797,33.93873596191406,30.92643928527832,32.80125045776367,35.681270599365234,5.251516342163086,1.3087623119354248,1.8424540758132935,6.17236328125,4.442581653594971,0.7772110104560852,2.1700193881988525,5.741394996643066,3.775747060775757,3.544602632522583,0.4129396080970764,0.27754369378089905,0.39090535044670105,0.5216429233551025,0.3895716369152069,0.2928667366504669,0.4196244776248932,0.5213199257850647,0.37013041973114014,0.26466092467308044,0.3550301194190979,0.2324368953704834,0.3354351222515106,0.45788562297821045,0.33387506008148193,0.24157889187335968,0.36042100191116333,0.4594890773296356,0.3161574602127075,0.2366551011800766,0.5449436902999878,0.47007280588150024,0.5389402508735657,0.6224014163017273,0.5353927612304688,0.48029422760009766,0.5536101460456848,0.6226537823677063,0.5215722918510437,0.47331154346466064,0.06926247477531433,0.06062936782836914,0.06998853385448456,0.07319876551628113,0.0683102160692215,0.06535299122333527,0.07149389386177063,0.06975075602531433,0.06692054867744446,0.05267602577805519,0.0,0.0,0.0,0.0,0.0,0.0,0.0,0.0,0.0,0.0,0.0,0.0,0.0,0.0,180.0,180.0,0.6312848925590515,0.6312848925590515,0.449438214302063,0.47752809524536133,-0.028089888393878937,58.432456970214844,0.0,44.70372009277344,0.0,2.0,1.0
/Users/josephkamil/Desktop/Capstone/data/dataset_v2/raw/squat_back/squat_4.mp4,squat_back,squat_4.mp4,19.73,squat_back,,yes,,non_olympic,squat_back_sha_828b0a5dd419f241,dev,828b0a5dd419f241db5c05375fb77cd234b73149df39a597ea19605499a5d5e3,1.0,828b0a5dd419f241db5c05375fb77cd234b73149df39a597ea19605499a5d5e3,527,526,0.9981024667931688,526.0,0.0,1.0,0.0,0.0,0.0,0.05904762074351311,0.05714285746216774,0.029140114784240723,0.007073496468365192,0.03363776206970215,0.0077612129971385,108.1077880859375,124.24979400634766,143.26846313476562,114.58428955078125,102.82659912109375,154.53851318359375,121.32845306396484,105.30290222167969,156.1852569580078,118.06499481201172,108.46659851074219,124.89471435546875,141.5025634765625,112.08809661865234,103.14388275146484,152.68922424316406,119.39630126953125,105.95064544677734,154.352294921875,114.78218078613281,177.9628143310547,177.5902099609375,177.80152893066406,176.32278442382812,175.82913208007812,176.26133728027344,176.6392059326172,173.84666442871094,175.51571655273438,176.55569458007812,6.148365497589111,3.5318994522094727,4.416213035583496,8.473021507263184,8.71710205078125,4.765162467956543,7.393892288208008,8.520657539367676,4.5091471672058105,8.83295726776123,0.8560717105865479,0.780254602432251,0.7290948033332825,0.7634537220001221,0.7491391897201538,0.6594336032867432,0.7201111316680908,0.7050710320472717,0.6314038634300232,0.7114418745040894,0.6215063333511353,0.5461203455924988,0.5042792558670044,0.5865673422813416,0.615800678730011,0.4672771692276001,0.5538375973701477,0.605407178401947,0.45966580510139465,0.5654299855232239,0.7825517058372498,0.7413249015808105,0.7074023485183716,0.7652269005775452,0.7878699898719788,0.6807957887649536,0.7434692978858948,0.7817933559417725,0.6737595796585083,0.7486278414726257,0.23482537269592285,0.23447322845458984,0.22684094309806824,0.19096380472183228,0.15760791301727295,0.2056059092283249,0.18243147432804108,0.13033191859722137,0.18887022137641907,0.16814684867858887,0.0,0.0,0.0,0.0,0.0,0.0,0.0,0.0,0.0,0.0,0.0,0.0,0.0,0.0,180.0,180.0,0.9409523606300354,0.9428571462631226,0.09160305559635162,0.06870228797197342,0.022900763899087906,164.69577026367188,0.0,158.52792358398438,0.0,7.0,7.0
/Users/josephkamil/Desktop/Capstone/data/dataset_v2/raw/squat_back/squat_23.mp4,squat_back,squat_23.mp4,8.77,squat_back,,yes,,non_olympic,squat_back_sha_bb3d2a0291c1d875,dev,bb3d2a0291c1d875ba32c5c76c04318f10c01123525a5c9e2699329b529fed59,1.0,bb3d2a0291c1d875ba32c5c76c04318f10c01123525a5c9e2699329b529fed59,432,431,0.9976851851851852,431.0,0.4153132140636444,0.0,1.0,1.0,38.0,0.8255813717842102,0.8255813717842102,0.08747074753046036,0.007607189938426018,0.24900543689727783,0.004738216754049063,171.28089904785156,122.15229797363281,22.494199752807617,89.96206665039062,170.2439422607422,175.5984649658203,153.5449676513672,37.68234634399414,54.46584701538086,167.9779052734375,169.5948486328125,123.88560485839844,27.38520622253418,93.19295501708984,170.1914520263672,174.0218963623047,154.12574768066406,42.908084869384766,59.387123107910156,168.7720184326172,98.99075317382812,67.6274185180664,29.91409683227539,45.303977966308594,121.42235565185547,136.22991943359375,51.04267883300781,20.9620361328125,24.526636123657227,118.54623413085938,1.3586692810058594,0.48981887102127075,0.5644320845603943,0.22191888093948364,0.9972556233406067,1.7332258224487305,0.6197806596755981,0.5187888741493225,0.43158233165740967,1.6300185918807983,0.09440310299396515,0.24040552973747253,0.40561339259147644,0.2767828702926636,0.09048029035329819,0.08286454528570175,0.1559504270553589,0.37636539340019226,0.3804095983505249,0.10158488154411316,0.11371024698019028,0.2180050015449524,0.3934880197048187,0.2657884955406189,0.10981041938066483,0.14536547660827637,0.13398663699626923,0.36581647396087646,0.35171279311180115,0.1337059587240219,0.3367915451526642,0.5417965650558472,0.7031204104423523,0.5832188129425049,0.3323110342025757,0.29578426480293274,0.4597223401069641,0.6783118844032288,0.6585642099380493,0.348774254322052,0.06915553659200668,0.02773330919444561,0.02752242237329483,0.02039249613881111,0.06799894571304321,0.08484058082103729,0.030249522998929024,0.018795071169734,0.02892368845641613,0.06658833473920822,0.6279069781303406,0.23255814611911774,0.41860464215278625,0.4651162922382355,0.5116279125213623,0.8372092843055725,0.1627907007932663,0.3720930218696594,0.0,0.5227272510528564,0.43023255467414856,0.26744186878204346,0.12993039190769196,20.0,131.97930908203125,134.17562866210938,-0.8255813717842102,-0.8255813717842102,0.0023310023825615644,0.0023310023825615644,0.0,0.0,162.43846130371094,0.0,156.98336791992188,2.0,2.0
/Users/josephkamil/Desktop/Capstone/data/dataset_v2/raw/squat_back/Back squats- hip depth.mov,squat_back,Back squats- hip depth.mov,36.64,squat_back,,yes,,non_olympic,squat_back_sha_fe53a5ef631b206b,train,fe53a5ef631b206b43485454a41b7e7f4425020c72364da1957a9b381d309147,1.0,fe53a5ef631b206b43485454a41b7e7f4425020c72364da1957a9b381d309147,854,767,0.8981264637002342,767.0,0.11212516576051712,0.009138381108641624,0.9281984567642212,0.9191655516624451,24.0,0.9164490699768066,0.915143609046936,0.3595340847969055,0.007071847561746836,1.8872601985931396,0.007211450021713972,175.2240753173828,174.08566284179688,170.4593963623047,163.41671752929688,157.99087524414062,174.53103637695312,166.73411560058594,168.32669067382812,177.29571533203125,104.13312530517578,176.78887939453125,179.36532592773438,173.5496826171875,164.20094299316406,159.79444885253906,173.14974975585938,167.7674560546875,167.3957061767578,176.3076171875,96.44178771972656,53.882938385009766,24.626741409301758,36.67636489868164,18.122583389282227,20.424110412597656,26.05084228515625,20.624975204467773,17.24892807006836,93.73629760742188,150.4603729248047,0.944918155670166,2.0992257595062256,2.585502862930298,5.442800998687744,6.830384731292725,3.3356430530548096,4.904120445251465,5.7167253494262695,1.1011089086532593,30.158288955688477,0.32980185747146606,0.48555368185043335,0.5032297968864441,0.509892463684082,0.5227757096290588,0.5070785880088806,0.5028989911079407,0.5142669081687927,0.4466438889503479,0.7683766484260559,0.3120599091053009,0.4189186990261078,0.4438228905200958,0.4635581374168396,0.4751666784286499,0.4392204284667969,0.45821085572242737,0.4587125778198242,0.3389277458190918,0.12548261880874634,0.6242484450340271,0.6351522207260132,0.6581324934959412,0.6739996671676636,0.6811918616294861,0.6510005593299866,0.6689111590385437,0.6636242270469666,0.6184520721435547,0.6214220523834229,0.06657920032739639,0.06773912906646729,0.06147903576493263,0.0543854683637619,0.05152337625622749,0.06865032017230988,0.047097764909267426,0.056597109884023666,0.13227786123752594,0.6537812352180481,0.4868420958518982,0.0,0.051948051899671555,0.15789473056793213,0.09090909361839294,0.012987012974917889,0.09210526198148727,0.06493506580591202,0.15584415197372437,0.012987012974917889,0.24183006584644318,0.08496732264757156,0.02868318185210228,12.0,173.01808166503906,172.04885864257812,-0.9073107242584229,-0.9060052037239075,0.915032684803009,0.915032684803009,0.0,8.475326538085938,164.71109008789062,11.480331420898438,178.1396026611328,6.0,3.0
/Users/josephkamil/Desktop/Capstone/data/dataset_v2/raw/squat_back/squat_1.mp4,squat_back,squat_1.mp4,20.41,squat_back,,yes,,non_olympic,squat_back_sha_9f62738a00501e99,train,9f62738a00501e99fd15e214130f4db60712178056f694b7adab9a02c0cc920a,1.0,9f62738a00501e99fd15e214130f4db60712178056f694b7adab9a02c0cc920a,545,544,0.998165137614679,544.0,0.0,1.0,0.0,0.0,0.0,0.8066298365592957,0.19521178305149078,0.03945285081863403,0.007635176181793213,0.03381282091140747,0.007570932153612375,115.94774627685547,139.8035430908203,150.24166870117188,99.14878845214844,148.06561279296875,123.71317291259766,90.14570617675781,124.71925354003906,138.20993041992188,90.60895538330078,117.98681640625,140.24339294433594,148.0107879638672,102.43334197998047,148.1873779296875,123.54814147949219,93.94622802734375,126.5302734375,137.72195434570312,94.63276672363281,174.45082092285156,176.3944091796875,175.21780395507812,177.81756591796875,175.9789581298828,175.50204467773438,177.9153289794922,177.6630401611328,177.06419372558594,173.7849578857422,0.7336100935935974,0.7905754446983337,1.1098649501800537,0.9942638278007507,0.44047823548316956,0.512609601020813,0.6629593372344971,0.5224968194961548,0.7103866934776306,0.373735249042511,0.8536948561668396,0.7685713768005371,0.7322132587432861,0.8008984327316284,0.7459514737129211,0.7735387086868286,0.851817786693573,0.7561659216880798,0.7555984258651733,0.844704270362854,0.6130291819572449,0.5384135842323303,0.4976160526275635,0.646376371383667,0.5213965177536011,0.5622006058692932,0.670712947845459,0.5566043257713318,0.5461720824241638,0.6671118140220642,0.788055956363678,0.7343189120292664,0.7114604711532593,0.8146485090255737,0.7214041948318481,0.7569069862365723,0.8292624354362488,0.7505010366439819,0.7415851354598999,0.8281601667404175,0.2406906932592392,0.23018713295459747,0.23461343348026276,0.15454202890396118,0.22456488013267517,0.2113741636276245,0.18117287755012512,0.19957731664180756,0.209453746676445,0.17764586210250854,0.0,0.0,0.0,0.0,0.0,0.0,0.0,0.0,0.0,0.0,0.0,0.0,0.0,0.0,180.0,180.0,0.19337016344070435,0.8047882318496704,0.10701107233762741,0.084870845079422,0.022140221670269966,172.03709411621094,0.0,161.64044189453125,0.0,7.0,7.0
/Users/josephkamil/Desktop/Capstone/data/dataset_v2/raw/squat_back/yt_001.mp4,squat_back,yt_001.mp4,112.16,squat_back,,yes,,non_olympic,squat_back_sha_576ab543986d4705,train,576ab543986d470578beb8efe4906fcf649a564e93d1999a4408dd7441a3b7ae,1.0,576ab543986d470578beb8efe4906fcf649a564e93d1999a4408dd7441a3b7ae,23888,22672,0.9490957803081045,22672.0,0.058618560433387756,0.0029112081974744797,0.9642274379730225,0.9613178968429565,164.0,0.7958625555038452,0.7092761397361755,0.7505767941474915,0.008030065335333347,0.7742852568626404,0.003423117334023118,117.58710479736328,40.560272216796875,171.38734436035156,171.69442749023438,172.25987243652344,175.50074768066406,174.18814086914062,173.74386596679688,117.66926574707031,177.7818603515625,114.42936706542969,45.98784255981445,166.80470275878906,147.75831604003906,169.57814025878906,168.16207885742188,168.43931579589844,166.79122924804688,107.92051696777344,175.28370666503906,130.7429656982422,136.32159423828125,149.8323211669922,147.35423278808594,146.22409057617188,147.2875518798828,135.83383178710938,147.66488647460938,155.71681213378906,144.82955932617188,5.624557971954346,5.618866443634033,1.4184753894805908,27.66086196899414,10.051614761352539,8.129816055297852,8.639755249023438,18.39027976989746,47.934059143066406,1.5123125314712524,0.738586962223053,0.6389040350914001,0.46426478028297424,0.48008987307548523,0.48286429047584534,0.4546224772930145,0.45146867632865906,0.5146650075912476,0.5056926608085632,0.6658470630645752,0.42462149262428284,0.3591843247413635,0.2617693543434143,0.25523775815963745,0.27301132678985596,0.24053917825222015,0.2477390319108963,0.2587161958217621,0.4756319224834442,0.3647077679634094,0.8627879619598389,0.6286273002624512,0.527397096157074,0.46349775791168213,0.5139362812042236,0.49395066499710083,0.48718687891960144,0.5209815502166748,0.6205121278762817,0.8019821643829346,0.322672963142395,0.2852066457271576,0.202814981341362,0.22830414772033691,0.21270911395549774,0.2173946499824524,0.21353457868099213,0.2648651897907257,0.20760300755500793,0.302888423204422,0.10013233125209808,0.0022055581212043762,0.0,0.007940009236335754,0.003086419776082039,0.007057785522192717,0.02602558396756649,0.033965595066547394,0.40052932500839233,0.005291005130857229,0.05116894468665123,0.20269078016281128,0.024611856788396835,82.0,41.27568435668945,49.53657531738281,-0.7929513454437256,-0.7063649892807007,0.8033083081245422,0.8199823498725891,-0.016674019396305084,7.515327453613281,179.459228515625,10.190902709960938,179.58705139160156,8.0,9.0
/Users/josephkamil/Desktop/Capstone/data/dataset_v2/raw/squat_back/Backsquat- correct.mov,squat_back,Backsquat- correct.mov,43.02,squat_back,,yes,,non_olympic,squat_back_sha_de5ddc1025d2314e,train,de5ddc1025d2314e35ea9915ce3471583dfc4cb43103b62ca938a95675eaaa37,1.0,de5ddc1025d2314e35ea9915ce3471583dfc4cb43103b62ca938a95675eaaa37,1000,959,0.959,959.0,0.1136600598692894,0.008350730873644352,0.9405010342597961,0.9322210550308228,50.0,0.9290187954902649,0.9603340029716492,0.7217296361923218,0.017113834619522095,1.0499058961868286,0.007887767627835274,154.98638916015625,147.8543243408203,158.81983947753906,155.7316131591797,138.56610107421875,139.9696502685547,165.82302856445312,138.2715301513672,176.92486572265625,146.1112060546875,155.81353759765625,144.91893005371094,155.01446533203125,152.5272674560547,131.01100158691406,133.4156036376953,162.25389099121094,129.3826904296875,176.4967041015625,69.20995330810547,71.23209381103516,17.263856887817383,14.10871410369873,22.188833236694336,20.60601234436035,18.858219146728516,29.78279685974121,34.51161193847656,122.00653076171875,136.99423217773438,39.53485870361328,14.528279304504395,11.356963157653809,11.61002254486084,20.90910530090332,19.8394718170166,9.160740852355957,21.829092025756836,1.284704327583313,132.48199462890625,0.3491600751876831,0.41538384556770325,0.39165306091308594,0.39919328689575195,0.440421462059021,0.44970211386680603,0.3969595432281494,0.4522431194782257,0.3965308666229248,0.613201916217804,0.3311334252357483,0.3813460171222687,0.3547801077365875,0.35814306139945984,0.4128763675689697,0.40887853503227234,0.3345598876476288,0.41551196575164795,0.2664808928966522,0.16306781768798828,0.4483666718006134,0.5552199482917786,0.5340191721916199,0.5379156470298767,0.5656680464744568,0.5617779493331909,0.5200597643852234,0.5674389004707336,0.5025148391723633,-0.3643077313899994,0.08109994232654572,0.03930541127920151,0.04211864992976189,0.04668019711971283,0.03294171765446663,0.042938411235809326,0.06407907605171204,0.04237118363380432,0.1350848227739334,0.4975740909576416,0.43157893419265747,0.0833333358168602,0.1145833358168602,0.1979166716337204,0.0833333358168602,0.0,0.0,0.0416666679084301,0.03125,0.15625,0.2552083432674408,0.09375,0.03545359894633293,25.0,178.8310089111328,167.8838348388672,-0.9206680655479431,-0.9519832730293274,0.020898642018437386,0.9414837956428528,-0.9205851554870605,130.67828369140625,177.5821990966797,172.2967071533203,177.46017456054688,7.0,7.0
/Users/josephkamil/Desktop/Capstone/data/dataset_v2/raw/squat_back/Back squats- bar drift.mov,squat_back,Back squats- bar drift.mov,41.87,squat_back,,yes,,non_olympic,squat_back_sha_eaffb80eed14d80d,train,eaffb80eed14d80da5fdbd1086996f49b92d3a32010f095e083fd76cc440267e,1.0,eaffb80eed14d80da5fdbd1086996f49b92d3a32010f095e083fd76cc440267e,971,905,0.9320288362512873,905.0,0.11049723625183105,0.0,0.9579645991325378,0.9580110311508179,55.0,0.017699114978313446,0.018805310130119324,0.8476037979125977,0.015061718411743641,1.6859042644500732,0.010687041096389294,118.75694274902344,161.69845581054688,167.12130737304688,161.9261016845703,140.34725952148438,155.41766357421875,162.6363525390625,162.22235107421875,162.2814178466797,148.7721405029297,103.50314331054688,153.63414001464844,157.79063415527344,148.30589294433594,120.62438201904297,142.1607208251953,146.6322021484375,149.67860412597656,148.28843688964844,144.99737548828125,100.07784271240234,17.63953971862793,11.44214153289795,16.438676834106445,24.97751808166504,21.564363479614258,18.61675262451172,22.839677810668945,38.93898391723633,137.991455078125,111.70561218261719,16.42011260986328,15.1455078125,21.708158493041992,34.654293060302734,23.946481704711914,22.84427833557129,20.211334228515625,21.013511657714844,24.76222038269043,0.3895776867866516,0.4704284965991974,0.45425596833229065,0.45389461517333984,0.5287156701087952,0.500542163848877,0.4987894296646118,0.48716408014297485,0.45276501774787903,0.6087104678153992,0.19437021017074585,0.4330623745918274,0.4215354025363922,0.44012853503227234,0.511299192905426,0.46205347776412964,0.44614580273628235,0.44103172421455383,0.4336068034172058,0.18187753856182098,-0.25861862301826477,0.6088297367095947,0.6040380001068115,0.6041535139083862,0.6399326324462891,0.6209694147109985,0.6042702794075012,0.6085906624794006,0.6006066203117371,0.5323558449745178,0.23087696731090546,0.04209722578525543,0.03577806428074837,0.030351415276527405,0.03271016106009483,0.0423615388572216,0.05422460660338402,0.049377862364053726,0.05295070633292198,0.4519466459751129,0.18888889253139496,0.04395604506134987,0.0555555559694767,0.2747252881526947,0.21111111342906952,0.021978022530674934,0.02222222276031971,0.0,0.23333333432674408,0.05494505539536476,0.11602210253477097,0.14364640414714813,0.019889501854777336,28.0,177.58676147460938,176.2571563720703,-0.017699114978313446,-0.018805310130119324,0.0,0.0,0.0,0.0,179.47840881347656,0.0,179.46527099609375,7.0,7.0
/Users/josephkamil/Desktop/Capstone/data/dataset_v2/raw/squat_front/yt_002.mp4,squat_front,yt_002.mp4,4.2,squat_front,,yes,,non_olympic,squat_front_sha_0a4e3823e25b761a,test,0a4e3823e25b761aad7a0d43b204195ddca6bcf9bdc96e1af0cc6a505aeb76c4,1.0,0a4e3823e25b761aad7a0d43b204195ddca6bcf9bdc96e1af0cc6a505aeb76c4,1216,1137,0.9350328947368421,1137.0,0.016710642725229263,0.7570422291755676,0.797535240650177,0.04133685305714607,4.0,0.7808098793029785,0.6470070481300354,0.04683196544647217,0.003703561844304204,0.017241984605789185,0.0013265159213915467,174.3550567626953,175.3445281982422,176.6359100341797,138.9213104248047,153.54620361328125,175.72882080078125,154.61094665527344,131.53982543945312,174.974609375,179.17071533203125,174.73959350585938,174.9073486328125,174.98321533203125,135.177978515625,158.48760986328125,175.82029724121094,136.78231811523438,131.11740112304688,172.09112548828125,170.8955535888672,175.5750274658203,115.04993438720703,85.5301742553711,154.53924560546875,118.12933349609375,104.88317108154297,133.25094604492188,160.68148803710938,139.14759826660156,131.46571350097656,0.31235939264297485,0.4264686703681946,0.7243022322654724,15.954436302185059,5.461983680725098,1.2240924835205078,25.479400634765625,12.054978370666504,1.6229043006896973,0.8010078072547913,0.40121909976005554,0.3140754699707031,0.30242642760276794,0.3306517004966736,0.3364523947238922,0.3062770366668701,0.45734721422195435,0.3380771577358246,0.34473806619644165,0.3712416887283325,0.1837625652551651,0.17904430627822876,0.1770075559616089,0.24307991564273834,0.20582152903079987,0.17460593581199646,0.26657813787460327,0.2429877668619156,0.1742270439863205,0.18452753126621246,0.41559290885925293,0.4100373685359955,0.4089653491973877,0.45241594314575195,0.43197301030158997,0.40786927938461304,0.436432421207428,0.46194058656692505,0.4064483642578125,0.41206109523773193,0.21746382117271423,0.13538232445716858,0.12551850080490112,0.15484647452831268,0.14940081536769867,0.13396568596363068,0.19386173784732819,0.16353651881217957,0.1736787110567093,0.18679676949977875,0.0,0.0,0.0,0.0,0.0,0.0,0.0,0.1666666716337204,0.0,0.0,0.0,0.0,0.010554090142250061,2.0,133.61288452148438,129.41783142089844,-0.023767605423927307,0.11003521084785461,0.6669603586196899,0.7964757680892944,-0.12951542437076569,102.91260528564453,115.41016387939453,125.28311920166016,119.4316177368164,3.0,3.0
/Users/josephkamil/Desktop/Capstone/data/dataset_v2/raw/squat_front/yt_001.mp4,squat_front,yt_001.mp4,2.27,squat_front,,yes,,non_olympic,squat_front_sha_7370ac86e783157c,train,7370ac86e783157c76bcae5b368cf48db01046a834a148a6fd957ae40a1a2ba3,1.0,7370ac86e783157c76bcae5b368cf48db01046a834a148a6fd957ae40a1a2ba3,1236,997,0.8066343042071198,997.0,0.17953862249851227,0.05120481923222542,0.9789156913757324,0.9277833700180054,40.0,0.9377509951591492,0.3012048304080963,0.6466744542121887,0.012376517057418823,0.5486289262771606,0.007901153527200222,63.49814987182617,150.5996856689453,172.48609924316406,167.29415893554688,155.5355987548828,130.97129821777344,67.85860443115234,46.946189880371094,64.29484558105469,106.29956817626953,89.6856918334961,147.2347869873047,124.06828308105469,131.62393188476562,105.27092742919922,79.2533950805664,80.4673843383789,66.61032104492188,85.32743072509766,88.51202392578125,72.89933776855469,49.741981506347656,146.3680877685547,151.2374725341797,165.68832397460938,156.7467041015625,119.779052734375,131.1427459716797,128.6324920654297,97.66072082519531,62.87771224975586,47.60752487182617,34.11762619018555,27.9077091217041,25.349302291870117,24.22586441040039,23.756879806518555,26.730104446411133,14.330662727355957,29.89440155029297,0.5234841108322144,0.5457131266593933,0.48405906558036804,0.4734075665473938,0.3331691026687622,0.3353019058704376,0.47330865263938904,0.4688524901866913,0.40791165828704834,0.6712434887886047,0.4084375500679016,0.4109097421169281,0.30177003145217896,0.2854682505130768,0.26297321915626526,0.2980392575263977,0.31477102637290955,0.352074533700943,0.2487250715494156,0.5658223032951355,0.5270663499832153,0.6755353808403015,0.4838887155056,0.45522600412368774,0.4218558073043823,0.41440075635910034,0.5595487952232361,0.5438715219497681,0.6691393256187439,0.8017674088478088,0.20867158472537994,0.1796436309814453,0.22780397534370422,0.2131812423467636,0.1768048107624054,0.1159675121307373,0.3033584952354431,0.23918184638023376,0.4775828421115875,0.22476837038993835,0.1515151560306549,0.1599999964237213,0.11999999731779099,0.020202020183205605,0.4300000071525574,0.5899999737739563,0.0,0.0,0.0,0.3199999928474426,0.1557788997888565,0.16080401837825775,0.10130391269922256,20.0,26.613630294799805,123.14156341552734,-0.8865461945533752,-0.25,0.07437185943126678,0.20603014528751373,-0.13165828585624695,29.22661590576172,171.67311096191406,83.02576446533203,179.15673828125,8.0,8.0
/Users/josephkamil/Desktop/Capstone/data/dataset_v2/raw/squat_front/Front Squat- Depth.mov,squat_front,Front Squat- Depth.mov,56.3,squat_front,,yes,,non_olympic,squat_front_sha_f85b5b766a9541e1,train,f85b5b766a9541e1a72f2ff478fc5e4a92aa03a99cd7d90addac68d7287f9d9a,1.0,f85b5b766a9541e1a72f2ff478fc5e4a92aa03a99cd7d90addac68d7287f9d9a,1311,1267,0.9664378337147216,1267.0,0.9250197410583496,0.014218009077012539,1.0,0.9857932329177856,13.0,0.21169036626815796,0.9731437563896179,0.5296388864517212,0.006909020710736513,0.4956158995628357,0.005954375024884939,172.63783264160156,171.26187133789062,168.54249572753906,171.11203002929688,169.56996154785156,169.63328552246094,169.63401794433594,172.35206604003906,171.1804656982422,176.01226806640625,177.18800354003906,176.41600036621094,177.49380493164062,177.40853881835938,177.7265625,177.74588012695312,177.85543823242188,178.50209045410156,178.35105895996094,177.2303009033203,53.131595611572266,53.8944091796875,62.32270812988281,70.25790405273438,60.52041244506836,70.4895248413086,77.73057556152344,81.19151306152344,76.08710479736328,85.49409484863281,2.3881757259368896,4.509443283081055,3.7484312057495117,3.543330192565918,2.835195541381836,3.5117874145507812,3.099665880203247,2.1836342811584473,3.422041177749634,50.0501594543457,0.24712345004081726,0.2676949203014374,0.2732543647289276,0.2709428668022156,0.2760896682739258,0.2724435031414032,0.2726304233074188,0.25866228342056274,0.26542115211486816,0.3639703094959259,0.2598099410533905,0.29524242877960205,0.3047410249710083,0.3046274781227112,0.3112694025039673,0.3095056116580963,0.31396737694740295,0.306637167930603,0.30644217133522034,0.2756955027580261,0.5663157105445862,0.5562357306480408,0.5706961750984192,0.5623646974563599,0.5695769786834717,0.5719422698020935,0.5736601948738098,0.5611004829406738,0.5618268847465515,0.34563755989074707,0.0841677337884903,0.05552701652050018,0.057939086109399796,0.05984817072749138,0.05868847668170929,0.06411419808864594,0.06800439208745956,0.07245288044214249,0.0678229033946991,0.17708168923854828,0.8492063283920288,1.0,1.0,1.0,1.0,1.0,1.0,1.0,1.0,0.4015747904777527,0.9249011874198914,0.6996047496795654,0.9052881002426147,7.0,176.22398376464844,174.98094177246094,-0.19747234880924225,-0.958925724029541,0.9802371263504028,0.9731225371360779,0.0071146246045827866,3.4312591552734375,32.13047790527344,2.2591094970703125,6.692291259765625,1.0,0.0
/Users/josephkamil/Desktop/Capstone/data/dataset_v2/raw/squat_front/Front squats- butt wink .mov,squat_front,Front squats- butt wink .mov,45.07,squat_front,,yes,,non_olympic,squat_front_sha_75257ee81d3d0722,test,75257ee81d3d072233e448120c70163c704d5a38c847d4dedef0558559b1c55b,1.0,75257ee81d3d072233e448120c70163c704d5a38c847d4dedef0558559b1c55b,1051,943,0.8972407231208372,943.0,0.3404029607772827,0.0,0.9469214677810669,0.9469777345657349,33.0,0.9447982907295227,0.93736732006073,0.8604552745819092,0.009189496748149395,2.1585350036621094,0.007441345602273941,168.0032196044922,151.4029541015625,162.08282470703125,151.73782348632812,155.59857177734375,146.1997528076172,163.85572814941406,132.78985595703125,164.01348876953125,151.36814880371094,177.2948760986328,152.21682739257812,143.56910705566406,149.97909545898438,132.26742553710938,141.41229248046875,144.55096435546875,120.2521743774414,150.93824768066406,121.03883361816406,29.67599868774414,31.01499366760254,28.914724349975586,29.820423126220703,26.9920711517334,29.149133682250977,24.588237762451172,28.88845443725586,58.12898254394531,149.9873809814453,12.741023063659668,11.497028350830078,22.182458877563477,10.907059669494629,27.74346351623535,15.176067352294922,22.921327590942383,23.605863571166992,16.569608688354492,42.37165069580078,0.3088321089744568,0.3797852396965027,0.4119741916656494,0.38146430253982544,0.4509063959121704,0.41506579518318176,0.41948291659355164,0.4770958125591278,0.42015624046325684,0.6988929510116577,0.2804763615131378,0.38026922941207886,0.3959101438522339,0.3818289041519165,0.42556899785995483,0.40805909037590027,0.3972209393978119,0.4589775502681732,0.3609296381473541,0.08787326514720917,0.5092747807502747,0.5685110092163086,0.5564540028572083,0.574368953704834,0.5704614520072937,0.5862500071525574,0.5535149574279785,0.6133489012718201,0.5513769388198853,0.502252459526062,0.07339079678058624,0.04479255899786949,0.045759256929159164,0.04551006108522415,0.04652959853410721,0.04675259813666344,0.04594018682837486,0.05040166154503822,0.07635001093149185,0.629901111125946,0.2978723347187042,0.6382978558540344,0.3617021143436432,0.6631578803062439,0.11702127754688263,0.521276593208313,0.31578946113586426,0.3404255211353302,0.11702127754688263,0.031578946858644485,0.46560847759246826,0.07407407462596893,0.09119830280542374,17.0,175.24449157714844,179.86866760253906,-0.9447982907295227,-0.93736732006073,0.005313496105372906,0.947927713394165,-0.9426142573356628,0.0,178.97116088867188,0.0,178.931884765625,6.0,5.0
/Users/josephkamil/Desktop/Capstone/data/dataset_v2/raw/squat_front/Front squat- heel rise.mov,squat_front,Front squat- heel rise.mov,39.16,squat_front,,yes,,non_olympic,squat_front_sha_cc8a6dd5b7179fd4,train,cc8a6dd5b7179fd470233cc7f0b513c056debc4ee32927d582811357178ce501,1.0,cc8a6dd5b7179fd470233cc7f0b513c056debc4ee32927d582811357178ce501,915,712,0.7781420765027323,712.0,0.3932584226131439,0.002812939463183284,0.9620253443717957,0.959269642829895,74.0,0.9732770919799805,0.9845288395881653,1.42289137840271,0.016498681157827377,2.6823580265045166,0.011853190138936043,175.4803924560547,174.76785278320312,152.55975341796875,153.32969665527344,134.21023559570312,143.60972595214844,131.76348876953125,164.8818359375,135.47613525390625,160.42501831054688,177.4865264892578,177.92420959472656,146.2913818359375,158.1840362548828,142.8656463623047,149.29176330566406,142.45260620117188,165.91958618164062,145.76516723632812,134.95143127441406,101.78156280517578,70.07362365722656,43.67353057861328,45.290340423583984,37.20750045776367,34.02583694458008,39.8179931640625,49.48704528808594,33.99964141845703,87.30553436279297,1.176658272743225,1.904672384262085,14.612385749816895,5.732304573059082,9.285921096801758,7.466788291931152,7.980573654174805,5.932401657104492,7.870163440704346,36.21247863769531,-0.009935913607478142,0.00907246582210064,0.10379932075738907,0.10001418739557266,0.11587511003017426,0.07752207666635513,0.10406336933374405,0.036162905395030975,0.1059139147400856,0.30941855907440186,0.0574769452214241,0.01124725490808487,0.08514665812253952,0.07877293229103088,0.10405152291059494,0.07435713708400726,0.10143668949604034,0.0388527438044548,0.09623844176530838,0.003672282211482525,0.2787652015686035,0.24711278080940247,0.29335126280784607,0.30367356538772583,0.3351454436779022,0.31091469526290894,0.3332843780517578,0.27418288588523865,0.32925260066986084,0.17443054914474487,0.08285556733608246,0.04516652971506119,0.0559418760240078,0.049024347215890884,0.050516992807388306,0.047287266701459885,0.053082868456840515,0.04587597772479057,0.05346616357564926,0.3322329521179199,0.9154929518699646,0.43661972880363464,0.3802816867828369,0.15492957830429077,0.1527777761220932,0.4084506928920746,0.591549277305603,0.577464759349823,0.14084507524967194,0.1805555522441864,0.6760563254356384,0.1619718372821808,0.1165730357170105,37.0,179.51133728027344,175.12965393066406,-0.9704641103744507,-0.9817159175872803,0.9704225063323975,0.9704225063323975,0.0,0.8114776611328125,137.00494384765625,2.87762451171875,158.6940155029297,6.0,6.0
/Users/josephkamil/Desktop/Capstone/data/dataset_v2/raw/squat_front/Front squat- depth(1).mov,squat_front,Front squat- depth(1).mov,26.66,squat_front,,yes,,non_olympic,squat_front_sha_1350f556c0ec9ecf,train,1350f556c0ec9ecfedf3b315a20fc282ab48b8dcd1a3d859e7848cff76c1fabc,1.0,1350f556c0ec9ecfedf3b315a20fc282ab48b8dcd1a3d859e7848cff76c1fabc,622,549,0.882636655948553,549.0,0.7777777910232544,0.0,1.0,1.0,24.0,1.0,0.9908758997917175,0.5453565120697021,0.008482031524181366,1.9773489236831665,0.010047548450529575,168.9575958251953,171.85101318359375,166.59976196289062,151.46470642089844,172.76402282714844,171.6447296142578,163.3436279296875,163.3345947265625,160.52484130859375,169.26712036132812,173.478515625,178.54611206054688,171.76406860351562,159.2097625732422,170.06809997558594,164.386962890625,154.4139862060547,157.74185180664062,157.07064819335938,149.46449279785156,45.92848205566406,39.40514373779297,35.63527297973633,33.07881546020508,36.20526123046875,28.917194366455078,28.650005340576172,31.045879364013672,32.86213684082031,144.06199645996094,20.48519515991211,3.0700175762176514,1.1427630186080933,4.4787397384643555,4.416445732116699,7.59969425201416,11.617999076843262,9.963105201721191,9.646872520446777,4.957976341247559,0.29120317101478577,0.39662155508995056,0.43855246901512146,0.474440336227417,0.4391712546348572,0.45343467593193054,0.4826231300830841,0.4760580360889435,0.480090856552124,0.4473915696144104,0.2870388329029083,0.4225224256515503,0.45972323417663574,0.4954439401626587,0.45162150263786316,0.4607601463794708,0.49026578664779663,0.47806450724601746,0.47146424651145935,0.35730868577957153,0.5639299750328064,0.6480890512466431,0.6634372472763062,0.7031335234642029,0.6532564759254456,0.6635830998420715,0.6924415826797485,0.6748418211936951,0.6763197183609009,0.7306318879127502,0.11135497689247131,0.05474074184894562,0.04377308487892151,0.04871514067053795,0.041117824614048004,0.04312186315655708,0.04623940959572792,0.04551568999886513,0.05020894482731819,0.2723238170146942,0.6851851940155029,0.9454545378684998,1.0,1.0,0.9636363387107849,0.9272727370262146,0.8181818127632141,0.7454545497894287,0.5636363625526428,0.12727272510528564,0.8181818127632141,0.34545454382896423,0.3479052782058716,13.0,175.90867614746094,179.10223388671875,-1.0,-0.9908758997917175,0.007312614470720291,0.9872029423713684,-0.9798902869224548,0.0,175.6647186279297,0.0,179.418701171875,6.0,5.0
/Users/josephkamil/Desktop/Capstone/data/dataset_v2/raw/squat_front/Front squat- correct.mov,squat_front,Front squat- correct.mov,41.11,squat_front,,yes,,non_olympic,squat_front_sha_9d16fdbff067a197,dev,9d16fdbff067a1973c9feb1fcdeb2e02029be7742a7a278194ba1464c06c2eca,1.0,9d16fdbff067a1973c9feb1fcdeb2e02029be7742a7a278194ba1464c06c2eca,958,845,0.8820459290187892,845.0,0.446153849363327,0.002369668334722519,0.8815165758132935,0.8792899250984192,56.0,0.015402843244373798,0.0,0.6783061027526855,0.007139830384403467,0.3693520426750183,0.004844839684665203,164.12490844726562,171.14065551757812,170.91748046875,137.62318420410156,172.2011260986328,143.01321411132812,127.92850494384766,155.44842529296875,153.7481231689453,152.2690887451172,164.68434143066406,178.04556274414062,178.265625,136.2371368408203,170.3580322265625,135.34957885742188,118.80611419677734,150.1803436279297,147.0576934814453,140.967041015625,41.01115798950195,31.287240982055664,33.84693908691406,31.752065658569336,25.152328491210938,27.409822463989258,32.38665008544922,27.06480598449707,34.761566162109375,150.91282653808594,30.215463638305664,4.401255130767822,3.7834715843200684,15.051945686340332,4.963984966278076,17.454816818237305,20.60214614868164,11.549519538879395,13.038469314575195,1.0966241359710693,0.29961538314819336,0.28541579842567444,0.28463995456695557,0.39628487825393677,0.30864888429641724,0.4082143306732178,0.4347803592681885,0.3637390732765198,0.3756602704524994,0.6344273090362549,0.2865208089351654,0.29476433992385864,0.29251259565353394,0.39352622628211975,0.3044726848602295,0.39545390009880066,0.4306814670562744,0.35669025778770447,0.3601558804512024,0.10959681123495102,0.48587894439697266,0.4993521273136139,0.4925791025161743,0.5732852816581726,0.512894868850708,0.5723742246627808,0.5982117652893066,0.5479047894477844,0.546662449836731,0.6421739459037781,0.070981465280056,0.03693779185414314,0.03391382843255997,0.04357065260410309,0.03706846758723259,0.04346938803792,0.048596467822790146,0.04058990627527237,0.048818379640579224,0.5298894047737122,0.5357142686843872,0.9058823585510254,0.9166666865348816,0.3294117748737335,0.5833333134651184,0.16470588743686676,0.488095223903656,0.3764705955982208,0.1666666716337204,0.0,0.7218934893608093,0.08284023404121399,0.1218934878706932,28.0,70.7785873413086,69.47896575927734,-0.01303317490965128,0.002369668334722519,0.01542111486196518,0.001186239649541676,0.014234875328838825,103.56761932373047,150.71205139160156,66.1807632446289,167.42031860351562,6.0,6.0
/Users/josephkamil/Desktop/Capstone/data/dataset_v2/raw/squat_front/yt_003.mp4,squat_front,yt_003.mp4,37.48,squat_front,,yes,,non_olympic,squat_front_sha_d830364e7e9b564c,train,d830364e7e9b564cf35d95992e70eddf0ef005645257dbea59bd5838c10cdea0,1.0,d830364e7e9b564cf35d95992e70eddf0ef005645257dbea59bd5838c10cdea0,15579,15218,0.9768277809872264,15218.0,0.34255486726760864,0.04501544311642647,0.9862653613090515,0.9412537813186646,128.0,0.35105472803115845,0.045081160962581635,0.7285242080688477,0.004741242155432701,1.2455756664276123,0.0015750630991533399,175.39007568359375,178.18690490722656,178.03868103027344,100.20230102539062,159.41665649414062,144.62074279785156,167.9393768310547,162.353759765625,169.54122924804688,169.78273010253906,174.70236206054688,178.14039611816406,174.76272583007812,120.49230194091797,159.10733032226562,145.720947265625,162.88504028320312,159.982421875,169.6600341796875,172.67864990234375,110.95085144042969,25.45008087158203,34.86676788330078,42.157997131347656,17.348159790039062,112.52276611328125,120.11676788330078,41.57004165649414,104.57471466064453,43.86712646484375,1.5293867588043213,0.8323392271995544,3.5227949619293213,28.92288589477539,5.35859489440918,1.620721697807312,1.1048587560653687,5.101363182067871,3.281123638153076,1.9877171516418457,0.8668968677520752,0.29299473762512207,0.31731683015823364,0.5047187209129333,0.3050689995288849,0.5359591245651245,0.5020710825920105,0.4122006595134735,0.41943320631980896,0.36787149310112,0.5073095560073853,0.3199423551559448,0.3311278223991394,0.46382108330726624,0.3083083927631378,0.3692915141582489,0.3217809498310089,0.320745587348938,0.2719621956348419,0.2741498649120331,1.0679553747177124,0.630904495716095,0.6524825096130371,0.6381182074546814,0.5515012145042419,0.5949413180351257,0.5531917214393616,0.5487096905708313,0.5216245651245117,0.5161902904510498,0.3653428554534912,0.04964334890246391,0.0675230622291565,0.07504049688577652,0.04136108234524727,0.16806697845458984,0.1825517863035202,0.09854596853256226,0.15325458347797394,0.09852113574743271,0.07034845650196075,0.770039439201355,0.8180026412010193,0.7884362936019897,0.8488830327987671,0.026955949142575264,0.029566360637545586,0.037450723350048065,0.011169513687491417,0.024310117587447166,0.42049935460090637,0.01773981563746929,0.050992246717214584,64.0,2.2782626152038574,0.8181847929954529,-0.30603930354118347,-6.571597623405978e-05,0.04495268315076828,0.04514984041452408,-0.0001971608871826902,177.6142578125,179.18792724609375,178.81072998046875,179.5196533203125,9.0,7.0
/Users/josephkamil/Desktop/Capstone/data/dataset_v2/raw/squat_front/Front squat- forward lean.mov,squat_front,Front squat- forward lean.mov,36.67,squat_front,,yes,,non_olympic,squat_front_sha_2f82882131728736,dev,2f8288213172873699e6ac74b50cad28467b897aa5d8dd30d94aa46df8e504ea,1.0,2f8288213172873699e6ac74b50cad28467b897aa5d8dd30d94aa46df8e504ea,850,741,0.8717647058823529,741.0,0.3468286097049713,0.010810811072587967,0.9391891956329346,0.928475022315979,50.0,0.9486486315727234,0.9432432651519775,0.9552240371704102,0.008470159955322742,1.548222303390503,0.009486907161772251,172.03892517089844,162.18637084960938,162.87777709960938,163.82627868652344,170.34190368652344,167.83892822265625,162.47366333007812,161.7093048095703,174.18084716796875,145.39596557617188,177.1790008544922,155.3876953125,155.43472290039062,147.8667449951172,159.8739776611328,160.00291442871094,146.41355895996094,143.92222595214844,167.57537841796875,138.3221435546875,27.252342224121094,27.056947708129883,27.960128784179688,32.124149322509766,28.92064094543457,32.6601448059082,30.432485580444336,34.895286560058594,68.7092514038086,160.1459197998047,2.0452065467834473,14.441922187805176,15.890168190002441,20.608776092529297,14.091869354248047,12.589802742004395,21.50351905822754,24.926456451416016,8.356751441955566,16.57455825805664,0.30906757712364197,0.48828598856925964,0.4881417155265808,0.5151067972183228,0.47720950841903687,0.4772234261035919,0.5146468281745911,0.534580409526825,0.47690024971961975,0.7823933362960815,0.31295260787010193,0.4741874933242798,0.47379162907600403,0.49424120783805847,0.46402159333229065,0.4682100713253021,0.49544525146484375,0.5118308663368225,0.42231419682502747,0.19178377091884613,0.620406985282898,0.6490781903266907,0.6430357098579407,0.65145343542099,0.6400186419487,0.645346999168396,0.6536816954612732,0.6579627990722656,0.6335271596908569,0.6845730543136597,0.06714945286512375,0.040823373943567276,0.03885640203952789,0.0461970716714859,0.03600475192070007,0.037468645721673965,0.040931906551122665,0.04290786013007164,0.06828026473522186,0.6064361333847046,0.6216216087341309,0.4054054021835327,0.45945945382118225,0.36486485600471497,0.37837839126586914,0.5,0.36486485600471497,0.1621621549129486,0.20270270109176636,0.013333333656191826,0.5135135054588318,0.10810811072587967,0.05802968889474869,25.0,169.9564666748047,176.39764404296875,-0.9378378391265869,-0.9324324131011963,0.9391068816184998,0.9391068816184998,0.0,32.05865478515625,136.7986602783203,6.0562591552734375,132.78436279296875,5.0,5.0
/Users/josephkamil/Desktop/Capstone/data/dataset_v2/raw/squat_front/Front squats- bar drift.mov,squat_front,Front squats- bar drift.mov,46.81,squat_front,,yes,,non_olympic,squat_front_sha_b1569cf660f47692,train,b1569cf660f47692965cd2a6e22340d4dc0d262629a876f1acbc4225eb7b7d91,1.0,b1569cf660f47692965cd2a6e22340d4dc0d262629a876f1acbc4225eb7b7d91,1095,961,0.8776255707762557,961.0,0.41519251465797424,0.06666667014360428,0.9947916865348816,0.9281997680664062,24.0,0.9885416626930237,0.9916666746139526,0.6503552794456482,0.010340647771954536,2.4999501705169678,0.009251304902136326,128.06600952148438,167.17933654785156,152.6971435546875,142.4186248779297,170.89064025878906,137.82310485839844,155.0836639404297,146.92208862304688,137.65269470214844,163.23423767089844,129.50538635253906,166.29612731933594,142.37078857421875,128.9851837158203,169.49000549316406,133.17039489746094,155.8272247314453,141.44815063476562,131.87628173828125,152.13226318359375,129.15988159179688,41.309261322021484,42.61331558227539,36.72404861450195,45.07590866088867,36.972415924072266,47.325931549072266,43.85986328125,42.86814498901367,99.33618927001953,120.31463623046875,8.407371520996094,18.041221618652344,24.813980102539062,5.329908847808838,18.408977508544922,8.272904396057129,15.513320922851562,19.128084182739258,11.9611177444458,0.5721806883811951,0.14334619045257568,0.22709409892559052,0.2852477729320526,0.12543286383152008,0.263290137052536,0.17462408542633057,0.22609172761440277,0.2793554961681366,0.2554555833339691,0.36235615611076355,0.14707355201244354,0.217152401804924,0.25802621245384216,0.14389999210834503,0.2559472620487213,0.19210012257099152,0.22843940556049347,0.2612243592739105,0.2681996822357178,0.19750326871871948,0.3738124668598175,0.4109676778316498,0.43360939621925354,0.37999868392944336,0.4493926763534546,0.4118020236492157,0.43099117279052734,0.4542357623577118,0.6511179804801941,0.23541520535945892,0.05218249559402466,0.0633106529712677,0.06583741307258606,0.05514926090836525,0.0560256652534008,0.05974848195910454,0.05840812623500824,0.06274615228176117,0.2711760997772217,0.3333333432674408,0.6875,0.3958333432674408,0.1770833283662796,0.7395833134651184,0.2604166567325592,0.59375,0.4895833432674408,0.2395833283662796,0.23711340129375458,0.5104166865348816,0.234375,0.10197710990905762,12.0,177.1524658203125,175.4775390625,-0.921875,-0.925000011920929,0.0656934306025505,0.9958289861679077,-0.9301355481147766,177.6664276123047,179.28488159179688,177.7115478515625,179.49330139160156,7.0,7.0
/Users/josephkamil/Desktop/Capstone/data/dataset_v2/raw/squat_front/Front squat- elbow drop.mov,squat_front,Front squat- elbow drop.mov,53.8,squat_front,,yes,,non_olympic,squat_front_sha_388cd9a9a8616d9e,train,388cd9a9a8616d9e317d134e84f85ba9b3c4fb109482df696b663efb60aeeb4a,1.0,388cd9a9a8616d9e317d134e84f85ba9b3c4fb109482df696b663efb60aeeb4a,1256,1197,0.9530254777070064,1197.0,0.48705095052719116,0.0008361203945241868,0.9005016684532166,0.8997493982315063,46.0,0.005852842703461647,0.0033444815780967474,0.6654326319694519,0.007906685583293438,0.9370256662368774,0.006037421990185976,158.93040466308594,149.78958129882812,151.40188598632812,160.17352294921875,174.16168212890625,155.0807342529297,160.09446716308594,173.12515258789062,152.90171813964844,162.43124389648438,155.86376953125,150.66696166992188,149.74212646484375,155.50762939453125,174.59414672851562,152.4356231689453,157.7806396484375,173.96412658691406,153.54644775390625,160.46060180664062,40.69953918457031,28.768171310424805,27.83983612060547,39.14237594604492,29.16220474243164,32.918941497802734,33.83066940307617,29.80727195739746,32.33949279785156,136.75958251953125,35.44339370727539,12.77371597290039,17.308015823364258,14.844003677368164,4.19432258605957,11.995842933654785,11.998603820800781,4.4702301025390625,12.86332893371582,2.3840622901916504,0.38837823271751404,0.5536500215530396,0.5592676997184753,0.5316571593284607,0.4668181538581848,0.5306267142295837,0.5238549709320068,0.46795234084129333,0.5384223461151123,0.7554498910903931,0.3858317732810974,0.5287238359451294,0.5322011113166809,0.5183443427085876,0.47031790018081665,0.5242693424224854,0.5134690999984741,0.4722607433795929,0.5256079435348511,0.2765803933143616,0.509695827960968,0.7110341191291809,0.7012093663215637,0.6915829181671143,0.6687721610069275,0.7070320844650269,0.6925601363182068,0.6712830662727356,0.7041000723838806,0.7529429197311401,0.0824795737862587,0.0459965318441391,0.04831523075699806,0.04870716854929924,0.03582873195409775,0.04548715054988861,0.047609683126211166,0.03876274451613426,0.047252193093299866,0.4863310158252716,0.7899159789085388,0.24166665971279144,0.11666666716337204,0.48739495873451233,0.8166666626930237,0.550000011920929,0.6218487620353699,0.7416666746139526,0.5,0.008333333767950535,0.5146443247795105,0.2510460317134857,0.1144528016448021,23.0,179.70748901367188,179.7663116455078,-0.005016722250729799,-0.0025083611253648996,0.01841004192829132,0.9589958190917969,-0.9405857920646667,118.46121215820312,165.4419708251953,82.14024353027344,178.77212524414062,8.0,8.0
/Users/josephkamil/Desktop/Capstone/data/dataset_v2/raw/squat_front/Front squat- knee valgus.mov,squat_front,Front squat- knee valgus.mov,32.68,squat_front,,yes,,non_olympic,squat_front_sha_2febb302fcea8623,train,2febb302fcea8623830d0e747d78419a3f47bd6496a71735f50edaaa7e739663,1.0,2febb302fcea8623830d0e747d78419a3f47bd6496a71735f50edaaa7e739663,761,700,0.9198423127463863,700.0,0.4057142734527588,0.0,0.9370529055595398,0.9371428489685059,63.0,0.014306151308119297,0.018597997725009918,0.7298049926757812,0.009606280364096165,1.5525262355804443,0.009701799601316452,161.4808807373047,170.9051055908203,142.5104522705078,173.5916748046875,139.32052612304688,157.34457397460938,159.62469482421875,143.070068359375,175.88226318359375,142.4344940185547,159.14723205566406,178.69955444335938,146.07345581054688,177.29388427734375,146.3671875,163.4598846435547,162.91970825195312,152.32798767089844,175.7151641845703,131.11949157714844,27.572330474853516,33.97397232055664,33.508426666259766,35.731727600097656,24.788249969482422,26.26101303100586,27.4497127532959,32.95657730102539,65.89044189453125,141.84507751464844,36.859527587890625,1.7487497329711914,10.516392707824707,1.3925011157989502,8.879618644714355,4.421154499053955,6.207783222198486,6.740262985229492,2.373905658721924,27.724849700927734,0.2793606221675873,0.44570106267929077,0.5360912680625916,0.43628233671188354,0.5469668507575989,0.4908502995967865,0.48979291319847107,0.5217466354370117,0.4606894850730896,0.8061445951461792,0.2867811620235443,0.43151339888572693,0.5319552421569824,0.4438522160053253,0.5347608327865601,0.48703432083129883,0.4837450385093689,0.5250656008720398,0.398182213306427,0.1821504384279251,0.4652021825313568,0.6441192626953125,0.7231811285018921,0.6386393308639526,0.7317100167274475,0.6839892268180847,0.6786853671073914,0.721912682056427,0.639717698097229,0.6653966903686523,0.10299402475357056,0.04174278676509857,0.04693612456321716,0.037200942635536194,0.04593297466635704,0.03986131399869919,0.03732059895992279,0.04499997943639755,0.07832865417003632,0.6402100324630737,0.7428571581840515,0.2857142984867096,0.4285714328289032,0.7857142686843872,0.22857142984867096,0.41428571939468384,0.41428571939468384,0.5714285969734192,0.1428571492433548,0.04285714402794838,0.5142857432365417,0.09285714477300644,0.07000000029802322,32.0,173.3467254638672,169.19375610351562,-0.014306151308119297,-0.018597997725009918,0.934097409248352,0.9240687489509583,0.010028652846813202,0.0,178.91452026367188,0.0,175.4713897705078,6.0,6.0
/Users/josephkamil/Desktop/Capstone/Oly_Data/raw/overhead_squat/OverHeadSquat2.mov,overhead_squat,OverHeadSquat2.mov,13.27,overhead_squat,,yes,,non_olympic,overhead_squat_sha_466e187238d12dc7,train,466e187238d12dc78d56d82032c880e62caffde6809a479fc1ea6478dbeee61d,1.0,466e187238d12dc78d56d82032c880e62caffde6809a479fc1ea6478dbeee61d,409,409,1.0,409.0,1.0,0.0,1.0,1.0,0.0,0.38235294818878174,0.3480392098426819,0.02194279432296753,0.001915849861688912,0.0207994282245636,0.0012670675059780478,130.16055297851562,127.97776794433594,98.32360076904297,36.199893951416016,118.50833892822266,156.60702514648438,147.07484436035156,93.09294891357422,82.10957336425781,122.09818267822266,141.51235961914062,139.47174072265625,96.93292999267578,48.77268600463867,122.17121124267578,166.75021362304688,159.16363525390625,70.43478393554688,73.03939819335938,125.96749877929688,165.248779296875,165.58578491210938,167.9608917236328,173.4765625,168.54025268554688,169.19984436035156,175.41246032714844,174.299072265625,174.5254364013672,169.69395446777344,19.22646141052246,19.418136596679688,27.234195709228516,33.28572082519531,26.305049896240234,14.907844543457031,16.638967514038086,28.165252685546875,31.865266799926758,21.387542724609375,0.26036861538887024,0.2610750198364258,0.28900521993637085,0.344624400138855,0.24547821283340454,0.20873960852622986,0.21924260258674622,0.3061276972293854,0.3033697307109833,0.2546032965183258,0.343911737203598,0.3449472188949585,0.3743225336074829,0.4264562726020813,0.33824798464775085,0.30619633197784424,0.31269267201423645,0.38741016387939453,0.38906747102737427,0.34353622794151306,0.4851863980293274,0.48570361733436584,0.5052834749221802,0.5494096279144287,0.47525712847709656,0.4534376561641693,0.4542989134788513,0.5108829140663147,0.5104426145553589,0.4786148965358734,0.0863509550690651,0.08679111301898956,0.08938618004322052,0.08331398665904999,0.09305302053689957,0.09945794194936752,0.1032339334487915,0.0879029780626297,0.09239909052848816,0.09510780870914459,1.0,1.0,1.0,1.0,1.0,1.0,1.0,1.0,1.0,1.0,1.0,1.0,1.0,1.0,129.33251953125,140.5406951904297,-0.38235294818878174,-0.3480392098426819,0.85012286901474,0.8476658463478088,0.0024570024106651545,0.0,157.83392333984375,0.0,170.8826904296875,9.0,7.0
/Users/josephkamil/Desktop/Capstone/Oly_Data/raw/overhead_squat/overhead_squat_crossfit_01.mov,overhead_squat,overhead_squat_crossfit_01.mov,63.42,overhead_squat,,yes,,non_olympic,overhead_squat_sha_9ba43bfe41627c27,test,9ba43bfe41627c2715ca14c3525f74cccc43bebe85e195db1c15ea26773f5692,1.0,9ba43bfe41627c2715ca14c3525f74cccc43bebe85e195db1c15ea26773f5692,2678,2448,0.9141150112023898,2448.0,0.9808006286621094,0.0,0.9995913505554199,0.9995915293693542,23.0,0.9644462466239929,0.9644462466239929,0.10500293970108032,0.0030819259118288755,0.049317359924316406,0.0015887260669842362,147.27659606933594,140.96493530273438,133.40567016601562,153.71340942382812,133.7368927001953,131.37693786621094,137.01559448242188,145.15379333496094,150.4363250732422,157.46719360351562,149.38047790527344,140.92774963378906,135.00390625,155.8885040283203,136.3721466064453,132.27630615234375,136.48719787597656,144.14076232910156,149.13287353515625,152.94984436035156,176.20425415039062,170.3638458251953,170.9793243408203,175.48619079589844,175.6566925048828,149.24656677246094,130.10775756835938,132.17640686035156,173.13442993164062,171.9002227783203,5.604686260223389,0.6725313067436218,0.6417253613471985,4.805050373077393,7.135924816131592,11.010854721069336,11.484637260437012,8.942241668701172,4.216419219970703,2.548574209213257,0.2952650785446167,0.25878751277923584,0.27708709239959717,0.2807445228099823,0.3220101594924927,0.35929974913597107,0.37698057293891907,0.3322886526584625,0.3140592873096466,0.27449116110801697,0.4172849953174591,0.38314464688301086,0.4000590145587921,0.40326207876205444,0.44214507937431335,0.42932334542274475,0.41947364807128906,0.40502482652664185,0.43216273188591003,0.3920289874076843,0.5748381018638611,0.5551918745040894,0.5697594285011292,0.5636599063873291,0.5932490229606628,0.5791479349136353,0.5680772662162781,0.5595887303352356,0.5845986008644104,0.5547247529029846,0.12244368344545364,0.12436249107122421,0.12309087812900543,0.1227690726518631,0.12050104141235352,0.07204973697662354,0.047186270356178284,0.0732918232679367,0.11863268911838531,0.11851171404123306,1.0,1.0,1.0,1.0,1.0,0.9631147384643555,0.8571428656578064,0.9918367266654968,1.0,0.9959183931350708,1.0,0.9979591965675354,0.5375816822052002,12.0,177.68099975585938,172.23983764648438,-0.9644462466239929,-0.9644462466239929,0.7657399773597717,0.9995911717414856,-0.23385117948055267,0.0,146.41314697265625,0.0,150.47698974609375,8.0,8.0
/Users/josephkamil/Desktop/Capstone/data/dataset_v2/raw/overhead_squat/overhead_squat_good_01.mov,overhead_squat,overhead_squat_good_01.mov,23.75,overhead_squat,,yes,,non_olympic,overhead_squat_sha_f2c109a8d90d297a,train,f2c109a8d90d297a5eada2d7a8ff00283c1f1c47d3cf961c3ca2882b3c892a36,1.0,f2c109a8d90d297a5eada2d7a8ff00283c1f1c47d3cf961c3ca2882b3c892a36,722,722,1.0,722.0,1.0,0.0,1.0,1.0,0.0,0.18723994493484497,0.45492371916770935,0.02173745632171631,0.002257836749777198,0.021801292896270752,0.001498997793532908,172.8809051513672,135.7900390625,163.60858154296875,141.50161743164062,133.6688690185547,173.16444396972656,172.76004028320312,172.92752075195312,172.09356689453125,171.54661560058594,176.14556884765625,146.21636962890625,167.421630859375,146.31488037109375,137.67800903320312,176.528076171875,176.28265380859375,176.346923828125,176.29095458984375,176.07785034179688,168.615234375,163.1267852783203,168.36097717285156,161.51910400390625,162.1737060546875,169.54885864257812,169.1922149658203,168.566162109375,167.98837280273438,168.09774780273438,0.19294917583465576,5.723478317260742,3.1755547523498535,5.785044193267822,7.06903600692749,0.17514821887016296,0.1749105155467987,0.17854709923267365,0.1764504760503769,0.19664931297302246,0.31151077151298523,0.43439817428588867,0.3551167845726013,0.43138012290000916,0.44693723320961,0.30508100986480713,0.30551934242248535,0.306837797164917,0.3066272735595703,0.3057926297187805,0.44787174463272095,0.5431315302848816,0.4719863533973694,0.5371860861778259,0.551732063293457,0.4468074440956116,0.44729888439178467,0.44792652130126953,0.44858884811401367,0.44882339239120483,0.664047122001648,0.7462320923805237,0.6865198612213135,0.7408323287963867,0.7520415186882019,0.6628157496452332,0.662613570690155,0.6630887985229492,0.6636807918548584,0.6635638475418091,0.13636815547943115,0.10892961919307709,0.11696536093950272,0.10592910647392273,0.10489940643310547,0.14172762632369995,0.14178051054477692,0.14108946919441223,0.14196178317070007,0.14303074777126312,1.0,1.0,1.0,1.0,1.0,1.0,1.0,1.0,1.0,1.0,1.0,1.0,1.0,1.0,172.75184631347656,176.28732299804688,-0.18723994493484497,-0.45492371916770935,0.20555555820465088,0.20555555820465088,0.0,0.0,104.32232666015625,0.0,88.31153869628906,3.0,3.0
/Users/josephkamil/Desktop/Capstone/data/dataset_v2/raw/overhead_squat/OverheadSquat- correct4.mov,overhead_squat,OverheadSquat- correct4.mov,88.35,overhead_squat,,yes,,non_olympic,overhead_squat_sha_af12257e55589eb4,train,af12257e55589eb48f87e52dda701969a1b2cf502aa78fb08c186c04643ee791,1.0,af12257e55589eb48f87e52dda701969a1b2cf502aa78fb08c186c04643ee791,1445,1194,0.8262975778546713,1194.0,0.9162479043006897,0.0,1.0,1.0,12.0,0.0586756095290184,0.010058675892651081,0.7824105024337769,0.009373987093567848,0.22879073023796082,0.0037709353491663933,161.67678833007812,166.19027709960938,161.72377014160156,171.2828369140625,167.5463409423828,162.79615783691406,168.39520263671875,175.7747344970703,158.34706115722656,170.36312866210938,174.6525421142578,171.3722381591797,168.2654571533203,174.3198699951172,170.02587890625,168.52101135253906,171.68014526367188,176.95042419433594,164.96678161621094,169.03610229492188,153.11257934570312,131.5829620361328,125.42467498779297,118.59680938720703,125.43852233886719,143.93399047851562,115.46607971191406,91.83557891845703,152.5983123779297,89.44440460205078,102.3114242553711,1.3702492713928223,1.8807271718978882,1.2695720195770264,1.616735577583313,1.584751844406128,1.1365220546722412,0.7245400547981262,2.509963274002075,5.576589107513428,0.4476037621498108,0.06527619063854218,0.09277322888374329,0.05273743346333504,0.05892416462302208,0.07243838906288147,0.07065745443105698,0.04025376960635185,0.09942522644996643,0.13272638618946075,0.3540785014629364,0.19953277707099915,0.22386519610881805,0.15593008697032928,0.17235969007015228,0.22120414674282074,0.18078753352165222,0.13660500943660736,0.24419906735420227,0.14502926170825958,0.32254451513290405,0.5017474293708801,0.5161193013191223,0.4555485248565674,0.4663030803203583,0.5190895199775696,0.47506892681121826,0.4392028748989105,0.5353766083717346,0.43899255990982056,0.15298758447170258,0.13470402359962463,0.13206170499324799,0.10620571672916412,0.11381376534700394,0.1491890698671341,0.11073778569698334,0.09692784398794174,0.1453854739665985,0.05014825612306595,0.4453781545162201,1.0,1.0,0.9663865566253662,1.0,1.0,1.0,1.0,1.0,0.75,0.723849356174469,0.874476969242096,0.6005024909973145,7.0,171.29928588867188,165.8704376220703,-0.0586756095290184,-0.010058675892651081,0.057046979665756226,0.057046979665756226,0.0,0.0,164.1365966796875,0.0,154.6667938232422,7.0,2.0
/Users/josephkamil/Desktop/Capstone/data/dataset_v2/raw/overhead_squat/OverheadSquats- correct3.mov,overhead_squat,OverheadSquats- correct3.mov,94.33,overhead_squat,,yes,,non_olympic,overhead_squat_sha_b143735771d0b7a3,train,b143735771d0b7a39609c227b3533374ae60ec10a5007962bedca4e5022e00e8,1.0,b143735771d0b7a39609c227b3533374ae60ec10a5007962bedca4e5022e00e8,1531,1531,1.0,1531.0,0.9725669622421265,0.0,0.9928104281425476,0.9928151369094849,5.0,0.9379084706306458,0.9385620951652527,0.1075577437877655,0.005012151785194874,0.040857553482055664,0.0008960901759564877,171.27853393554688,116.85928344726562,170.6907196044922,160.24928283691406,143.1886749267578,92.99300384521484,75.94837951660156,97.59153747558594,164.01873779296875,139.7096405029297,169.71417236328125,118.94313049316406,169.0836944580078,157.6411590576172,143.20843505859375,96.58892822265625,79.45635223388672,101.21357727050781,163.04347229003906,140.76254272460938,174.8391571044922,173.83168029785156,173.98873901367188,173.9252471923828,175.4474639892578,175.2880859375,178.20396423339844,177.88327026367188,175.61273193359375,173.98411560058594,3.234426736831665,8.731998443603516,4.624706268310547,7.362649917602539,8.928680419921875,11.220017433166504,13.383500099182129,13.722078323364258,5.26112174987793,6.696763038635254,0.2042076289653778,0.318865567445755,0.19616609811782837,0.24195542931556702,0.30885031819343567,0.379252552986145,0.4210588037967682,0.3757406175136566,0.2857983410358429,0.3086847960948944,0.334224134683609,0.4436570703983307,0.32636579871177673,0.3700055778026581,0.411796510219574,0.49619966745376587,0.5295488238334656,0.5041967630386353,0.35366952419281006,0.40387552976608276,0.5482893586158752,0.6354031562805176,0.5475134253501892,0.5705009698867798,0.6055842638015747,0.6755633354187012,0.7028849124908447,0.6781795620918274,0.5588223934173584,0.6000954508781433,0.13010399043560028,0.12502577900886536,0.13088667392730713,0.1282496303319931,0.10314906388521194,0.11717261373996735,0.10871413350105286,0.12850648164749146,0.07681604474782944,0.1175822988152504,1.0,1.0,1.0,1.0,1.0,1.0,1.0,1.0,0.7973856329917908,0.9285714030265808,1.0,0.8627451062202454,0.8256042003631592,3.0,179.1699676513672,176.63284301757812,-0.9379084706306458,-0.9385620951652527,0.9941138029098511,0.9941138029098511,0.0,0.0,129.98826599121094,0.0,125.64631652832031,6.0,5.0
/Users/josephkamil/Desktop/Capstone/data/dataset_v2/raw/overhead_squat/OverheadSquat- correct5.mov,overhead_squat,OverheadSquat- correct5.mov,95.69,overhead_squat,,yes,,non_olympic,overhead_squat_sha_dd29adb85f11f4b7,dev,dd29adb85f11f4b72597f53384934f4c1e045f5db4a1b40ea313be8babd61887,1.0,dd29adb85f11f4b72597f53384934f4c1e045f5db4a1b40ea313be8babd61887,1291,1291,1.0,1291.0,0.9620449542999268,0.0,1.0,1.0,24.0,0.3852713108062744,0.3852713108062744,0.32134151458740234,0.011822513304650784,0.11405086517333984,0.00574240367859602,172.8717803955078,154.87982177734375,112.34593200683594,119.21228790283203,124.38427734375,130.0502471923828,131.4495391845703,132.4791259765625,132.0231170654297,130.5512237548828,178.5732879638672,159.39642333984375,126.43975067138672,133.44268798828125,137.90567016601562,142.06558227539062,143.07591247558594,142.40760803222656,141.97964477539062,139.92051696777344,171.3344268798828,152.22933959960938,146.1668243408203,166.1545867919922,138.58729553222656,161.0772705078125,162.18801879882812,140.76451110839844,134.44261169433594,141.27139282226562,1.0430792570114136,3.2856574058532715,7.8350443840026855,7.668445110321045,7.866059303283691,7.583408832550049,6.777425289154053,7.016044616699219,7.451694965362549,7.3982768058776855,0.15928779542446136,0.12984682619571686,0.21037094295024872,0.19198322296142578,0.19084329903125763,0.14968043565750122,0.13562437891960144,0.1391593962907791,0.1511044204235077,0.1733374148607254,0.36246317625045776,0.2641787827014923,0.38533246517181396,0.3752932846546173,0.3849402666091919,0.32192859053611755,0.29280421137809753,0.2820267677307129,0.28440696001052856,0.2897005081176758,0.676581084728241,0.5710568428039551,0.6933748126029968,0.6819079518318176,0.6972256302833557,0.6312235593795776,0.5974121689796448,0.5788899660110474,0.5816776752471924,0.5888144969940186,0.20435366034507751,0.13456282019615173,0.17610542476177216,0.18343664705753326,0.19426748156547546,0.17240828275680542,0.15743862092494965,0.14595860242843628,0.14229373633861542,0.15902061760425568,0.961240291595459,1.0,0.9844961166381836,1.0,1.0,1.0,1.0,0.9534883499145508,0.8992248177528381,0.8230769038200378,0.9806201457977295,0.8604651093482971,0.4732765257358551,13.0,171.1938018798828,179.42054748535156,-0.3852713108062744,-0.3852713108062744,0.07835531234741211,0.5003879070281982,-0.42203259468078613,0.0,148.54547119140625,0.0,123.26518249511719,9.0,9.0
/Users/josephkamil/Desktop/Capstone/data/dataset_v2/raw/push_press/shoulder press_18.mp4,push_press,shoulder press_18.mp4,0.69,push_press,,yes,,non_olympic,push_press_sha_5947a6534418a9dc,train,5947a6534418a9dc099b0eab3453289f1a7fca37bd129d93fc03366bc0a35e59,1.0,5947a6534418a9dc099b0eab3453289f1a7fca37bd129d93fc03366bc0a35e59,233,233,1.0,233.0,1.0,0.0,1.0,1.0,0.0,0.517241358757019,0.9698275923728943,0.04334881901741028,0.011776375584304333,0.017224788665771484,0.0033390079624950886,178.88710021972656,178.95767211914062,178.3072509765625,179.21630859375,179.10623168945312,177.8597412109375,179.21630859375,179.33518981933594,178.8130340576172,179.2462921142578,177.9837646484375,178.28363037109375,178.94972229003906,177.4859161376953,177.67710876464844,178.6764373779297,178.1245574951172,177.68421936035156,178.85574340820312,177.8037872314453,51.82046127319336,132.48056030273438,154.9542694091797,71.28545379638672,95.36753845214844,169.99134826660156,104.38890838623047,66.18938446044922,156.7182159423828,100.22737884521484,0.2320992648601532,0.6018723249435425,1.03424870967865,0.8197337985038757,0.5795965194702148,0.6269289255142212,0.6124943494796753,0.5785173177719116,0.8136207461357117,0.9474056363105774,0.5759823322296143,0.28549709916114807,0.18825499713420868,0.4961707890033722,0.41760924458503723,0.1438528299331665,0.3800446093082428,0.5239577889442444,0.16886655986309052,0.3740517199039459,0.76073157787323,0.7369058728218079,0.7254132032394409,0.7604487538337708,0.7521114945411682,0.7183963060379028,0.7488077282905579,0.7616731524467468,0.7336201667785645,0.7503330707550049,1.4156341552734375,1.378608226776123,1.3671603202819824,1.4479069709777832,1.4132181406021118,1.3512779474258423,1.4321664571762085,1.4370965957641602,1.3726060390472412,1.4258928298950195,0.1847645789384842,0.45142340660095215,0.5371608138084412,0.2643013298511505,0.3345077335834503,0.5745483636856079,0.36878564953804016,0.23774968087673187,0.5648172497749329,0.37634792923927307,1.0,1.0,1.0,1.0,1.0,1.0,1.0,1.0,1.0,1.0,1.0,1.0,1.0,1.0,179.07467651367188,178.28782653808594,-0.517241358757019,-0.9698275923728943,0.8008658289909363,0.4545454680919647,0.34632036089897156,0.0,3.00970458984375,0.0,3.52813720703125,0.0,0.0
/Users/josephkamil/Desktop/Capstone/data/dataset_v2/raw/push_press/shoulder press_5.mp4,push_press,shoulder press_5.mp4,8.22,push_press,,yes,,non_olympic,push_press_sha_3678ac4a229a5b27,train,3678ac4a229a5b27ee71cc4604efbdaa6ac86822d049ef188691f5fa5f64f3a2,1.0,3678ac4a229a5b27ee71cc4604efbdaa6ac86822d049ef188691f5fa5f64f3a2,292,292,1.0,292.0,0.9109588861465454,0.013745704665780067,1.0,0.9863013625144958,7.0,0.7525773048400879,0.7525773048400879,0.03859500586986542,0.007441195193678141,0.006459176540374756,0.0009823369327932596,127.74494934082031,131.39381408691406,127.81877136230469,135.30728149414062,126.32102966308594,133.12095642089844,133.03024291992188,123.94159698486328,132.39088439941406,130.87071228027344,149.5152587890625,150.2826690673828,147.32852172851562,153.20437622070312,144.07876586914062,152.48184204101562,151.12191772460938,141.8523712158203,151.0452880859375,149.04122924804688,15.367528915405273,169.89840698242188,80.51002502441406,8.673882484436035,167.544921875,49.60136413574219,60.12302017211914,148.47276306152344,12.637962341308594,159.76498413085938,10.364422798156738,10.291680335998535,10.18889331817627,10.505328178405762,9.688272476196289,10.487112998962402,10.51384162902832,10.523839950561523,11.398011207580566,10.425302505493164,0.34234005212783813,0.10534705966711044,0.24625302851200104,0.3492949604988098,0.10538788139820099,0.29871755838394165,0.279369592666626,0.1526128649711609,0.3438178300857544,0.12078791111707687,0.3627258539199829,0.35063043236732483,0.3686113655567169,0.3624131381511688,0.35133135318756104,0.3725062608718872,0.36638036370277405,0.36330491304397583,0.36746156215667725,0.35677215456962585,0.6108702421188354,0.6324203014373779,0.6418448686599731,0.6232799887657166,0.6379963159561157,0.6381365656852722,0.6284688711166382,0.6448523998260498,0.6275397539138794,0.6324895024299622,0.03238847106695175,0.24587850272655487,0.1234486922621727,0.02559010498225689,0.2465793490409851,0.07763730734586716,0.09313211590051651,0.21122032403945923,0.032809630036354065,0.2367715686559677,0.48275861144065857,1.0,1.0,0.6896551847457886,1.0,1.0,1.0,1.0,0.931034505367279,1.0,0.7413793206214905,0.9655172228813171,0.45205479860305786,4.0,129.5364532470703,151.75320434570312,-0.738831639289856,-0.738831639289856,0.40344828367233276,0.517241358757019,-0.11379310488700867,0.6540374755859375,28.839675903320312,0.689697265625,31.342453002929688,8.0,4.0
/Users/josephkamil/Desktop/Capstone/data/dataset_v2/raw/push_press/shoulder press_17.mp4,push_press,shoulder press_17.mp4,7.37,push_press,,yes,,non_olympic,push_press_sha_d90a89c0411b4b15,train,d90a89c0411b4b15849b4a89842fc181b4a0ea69faeda48a96fe733ca0363c79,1.0,d90a89c0411b4b15849b4a89842fc181b4a0ea69faeda48a96fe733ca0363c79,249,249,1.0,249.0,0.9196786880493164,0.0,1.0,1.0,8.0,0.5967742204666138,0.8870967626571655,0.05956709384918213,0.010585399344563484,0.0048296451568603516,0.0006788637256249785,175.9364013671875,142.6597900390625,128.5277862548828,164.15029907226562,173.0041961669922,145.04547119140625,151.48545837402344,167.2269744873047,149.14210510253906,147.17164611816406,175.877197265625,162.5699005126953,148.67042541503906,175.8019561767578,175.32582092285156,164.23226928710938,168.26528930664062,178.5718994140625,164.91673278808594,164.29029846191406,34.89454650878906,154.37684631347656,166.4788818359375,61.75614929199219,63.307193756103516,145.66844177246094,109.38107299804688,61.284786224365234,122.96443176269531,108.426025390625,7.0040717124938965,5.969766139984131,5.658493518829346,6.955686569213867,7.511169910430908,6.5360107421875,6.634089469909668,7.511782169342041,7.018129825592041,6.460031032562256,0.5190319418907166,0.2529680132865906,0.2306729108095169,0.4564637243747711,0.5548616647720337,0.2632756233215332,0.34362858533859253,0.566268265247345,0.3135758936405182,0.341432124376297,0.5600478649139404,0.5434566736221313,0.5447373390197754,0.5608086585998535,0.5684933066368103,0.5450295805931091,0.5531657934188843,0.5716667771339417,0.5502223372459412,0.5541969537734985,0.9014472961425781,0.9094786643981934,0.9189474582672119,0.9001347422599792,0.8966206312179565,0.9064854383468628,0.9140949845314026,0.9064794778823853,0.9082608819007874,0.9141097068786621,0.04499867558479309,0.2910759449005127,0.31461623311042786,0.10581966489553452,0.031265076249837875,0.2823774814605713,0.2105744332075119,0.02690523862838745,0.2376503348350525,0.21350383758544922,0.75,1.0,1.0,1.0,0.800000011920929,1.0,1.0,0.6399999856948853,1.0,1.0,0.8799999952316284,1.0,0.37751004099845886,5.0,161.36630249023438,175.88499450683594,-0.5967742204666138,-0.8870967626571655,0.48178136348724365,1.0,-0.5182186365127563,0.0,67.56550598144531,0.0,46.430023193359375,4.0,3.0
/Users/josephkamil/Desktop/Capstone/data/dataset_v2/raw/push_press/shoulder press_8.mp4,push_press,shoulder press_8.mp4,3.41,push_press,,yes,,non_olympic,push_press_sha_7eacdfa8e3f9d8b1,train,7eacdfa8e3f9d8b116cbcaa46a32dc15ad99f15c8df37f7ce4d170003c51a029,1.0,7eacdfa8e3f9d8b116cbcaa46a32dc15ad99f15c8df37f7ce4d170003c51a029,118,118,1.0,118.0,0.5677965879440308,0.14529915153980255,0.9145299196243286,0.7711864113807678,4.0,0.05982905998826027,0.05982905998826027,0.056554585695266724,0.01889113523066044,0.05251419544219971,0.004293188918381929,165.1602020263672,172.0873260498047,174.91261291503906,178.12115478515625,178.4785919189453,177.62303161621094,178.4336700439453,178.7257537841797,179.31959533691406,177.4196319580078,167.8658905029297,176.6637420654297,174.63336181640625,175.62286376953125,171.67579650878906,172.26210021972656,172.13612365722656,173.22186279296875,173.96556091308594,172.03575134277344,21.84838104248047,21.95369529724121,142.89732360839844,135.15267944335938,18.5185604095459,13.270471572875977,12.181265830993652,123.67700958251953,93.34973907470703,4.8853325843811035,11.924078941345215,13.717967987060547,8.64919376373291,4.426509380340576,5.1780686378479,4.639455795288086,5.462080001831055,4.772845268249512,4.747996807098389,4.702622890472412,0.6109263896942139,0.4976302683353424,0.24631959199905396,0.26055994629859924,0.5765475630760193,0.703812837600708,0.609602689743042,0.21826373040676117,0.24661648273468018,0.6292064785957336,0.48606035113334656,0.5093428492546082,0.5501036047935486,0.5701470971107483,0.6120997071266174,0.5981860160827637,0.5671690106391907,0.5275065302848816,0.5245330929756165,0.553422749042511,0.8602022528648376,0.8965506553649902,0.979389488697052,1.0274617671966553,1.0235538482666016,1.0325212478637695,1.0098522901535034,0.9869750142097473,0.9874264597892761,0.9948320984840393,0.13399632275104523,0.11742150783538818,0.31334996223449707,0.31742897629737854,0.1116582453250885,0.118004709482193,0.10769572108983994,0.3185270428657532,0.2852616310119629,0.09996774047613144,0.0,0.5,1.0,1.0,0.5833333134651184,0.0,0.3333333432674408,1.0,1.0,0.1666666716337204,0.2916666567325592,0.5833333134651184,0.31355932354927063,2.0,169.7285614013672,175.36380004882812,0.08547008782625198,0.08547008782625198,0.7155172228813171,0.3965517282485962,0.31896552443504333,12.816802978515625,17.38720703125,12.151214599609375,10.328384399414062,0.0,0.0
/Users/josephkamil/Desktop/Capstone/data/dataset_v2/raw/push_press/shoulder press_15.mp4,push_press,shoulder press_15.mp4,5.38,push_press,,yes,,non_olympic,push_press_sha_00e6ce2b9ae9863f,dev,00e6ce2b9ae9863ff1da9770d87fec1bbc7a527e4f1385fc003a94f902853a13,1.0,00e6ce2b9ae9863ff1da9770d87fec1bbc7a527e4f1385fc003a94f902853a13,288,288,1.0,288.0,1.0,0.0,1.0,1.0,0.0,0.895470380783081,0.895470380783081,0.015893161296844482,0.004950871225446463,0.0009553432464599609,0.00020322733325883746,101.14569854736328,98.74539184570312,99.07073974609375,97.37427520751953,99.54470825195312,95.51359558105469,92.90697479248047,90.92431640625,89.91731262207031,92.58915710449219,108.54680633544922,105.0918197631836,106.50431823730469,103.83899688720703,105.55917358398438,102.61779022216797,98.5062026977539,96.45830535888672,96.46011352539062,98.10983276367188,138.8879852294922,46.73762512207031,139.1364288330078,72.9713363647461,91.39187622070312,145.38038635253906,45.42903518676758,115.60360717773438,137.69818115234375,36.56913757324219,7.858043670654297,7.587972164154053,7.391872406005859,7.388650894165039,7.132965564727783,7.564960479736328,7.834091663360596,6.852860927581787,7.655035018920898,7.441355228424072,0.262509822845459,0.390879362821579,0.2643500864505768,0.34867608547210693,0.3292459547519684,0.25061166286468506,0.38673970103263855,0.29327264428138733,0.2600448727607727,0.39941832423210144,0.42631179094314575,0.43825334310531616,0.42531618475914,0.43080151081085205,0.43055659532546997,0.42194050550460815,0.4338828921318054,0.42673778533935547,0.4216524660587311,0.4332074820995331,0.6058053374290466,0.6040399670600891,0.6042938232421875,0.6029726266860962,0.600232720375061,0.603333592414856,0.5982297658920288,0.5994216203689575,0.6015421152114868,0.5962463021278381,0.16400368511676788,0.05316880717873573,0.16122478246688843,0.08613571524620056,0.10385606437921524,0.17145764827728271,0.052906643599271774,0.13412883877754211,0.161814883351326,0.04045620560646057,1.0,1.0,1.0,1.0,1.0,1.0,1.0,1.0,1.0,1.0,1.0,1.0,1.0,1.0,101.21659851074219,110.31353759765625,-0.895470380783081,-0.895470380783081,0.41258740425109863,0.37062937021255493,0.0419580414891243,0.0,15.505874633789062,0.0,17.45227813720703,7.0,7.0
/Users/josephkamil/Desktop/Capstone/data/dataset_v2/raw/push_press/shoulder press_3.mp4,push_press,shoulder press_3.mp4,18.36,push_press,,yes,,non_olympic,push_press_sha_721905af80f293a0,train,721905af80f293a0cfa147e7647e60da51173ad64c97201d4a390bed2dc00cf0,1.0,721905af80f293a0cfa147e7647e60da51173ad64c97201d4a390bed2dc00cf0,491,491,1.0,491.0,0.7983706593513489,0.04897959157824516,0.9979591965675354,0.9490835070610046,14.0,0.0020408162381500006,0.8244897723197937,0.05266830325126648,0.012344947084784508,0.014272570610046387,0.001467280206270516,176.9710235595703,177.4454345703125,178.34715270996094,178.55108642578125,178.36068725585938,178.15345764160156,177.7911376953125,177.65806579589844,177.83938598632812,178.35755920410156,176.25665283203125,175.40414428710938,175.6591796875,175.73130798339844,175.419921875,175.04344177246094,175.41075134277344,175.13604736328125,174.6875762939453,175.66748046875,71.7199935913086,76.01725006103516,81.87576293945312,83.33358764648438,94.53636169433594,96.09459686279297,97.12319946289062,110.13290405273438,107.9356460571289,90.80347442626953,1.330735683441162,1.6873890161514282,1.170544981956482,1.0834556818008423,1.1381109952926636,1.319788932800293,1.5931243896484375,1.6436207294464111,1.7037965059280396,1.2103757858276367,0.2738337218761444,0.27195361256599426,0.26060914993286133,0.2514997720718384,0.22812366485595703,0.23041634261608124,0.233578622341156,0.19838881492614746,0.20458178222179413,0.22712630033493042,0.3690017759799957,0.3687777519226074,0.3691858649253845,0.36707645654678345,0.364656925201416,0.3647683262825012,0.3633746802806854,0.35870158672332764,0.35957691073417664,0.3596669137477875,0.6394089460372925,0.64111328125,0.6400426626205444,0.6371708512306213,0.6373608112335205,0.6366666555404663,0.6337347030639648,0.6320906281471252,0.632304310798645,0.63826584815979,0.11900891363620758,0.12507981061935425,0.1309492290019989,0.13552677631378174,0.1494050770998001,0.14330515265464783,0.138092502951622,0.16132259368896484,0.15579871833324432,0.1350019872188568,0.5102040767669678,0.6530612111091614,0.7142857313156128,0.7142857313156128,0.795918345451355,0.8163265585899353,0.795918345451355,1.0,1.0,0.9800000190734863,0.581632673740387,0.9897959232330322,0.34623217582702637,7.0,179.28121948242188,175.18641662597656,0.04693877696990967,-0.7755101919174194,0.16564416885375977,0.06748466193675995,0.09815950691699982,5.783905029296875,3.41607666015625,4.0993804931640625,4.6700286865234375,0.0,0.0
/Users/josephkamil/Desktop/Capstone/data/dataset_v2/raw/push_press/Push press- knee cave.mov,push_press,Push press- knee cave.mov,41.62,push_press,,yes,,non_olympic,push_press_sha_b0cd5f5fe7c2eb90,train,b0cd5f5fe7c2eb90a753d3b73299e5f4c594b6fa3d96c65b59719e6ed0d88d37,1.0,b0cd5f5fe7c2eb90a753d3b73299e5f4c594b6fa3d96c65b59719e6ed0d88d37,970,873,0.9,873.0,0.7926689386367798,0.047018349170684814,0.9919725060462952,0.9450171589851379,22.0,0.060779817402362823,0.013761468231678009,1.006822109222412,0.01862509734928608,1.7809970378875732,0.012143135070800781,119.52605438232422,161.8947296142578,163.6387481689453,172.7990264892578,164.9088592529297,174.7415313720703,164.75025939941406,175.03611755371094,163.30662536621094,169.03855895996094,45.50495529174805,152.37379455566406,170.52154541015625,174.05477905273438,168.22853088378906,176.91323852539062,166.8599395751953,177.29867553710938,163.48690795898438,163.40390014648438,115.71900939941406,64.47342681884766,34.81471633911133,98.75579071044922,81.56499481201172,60.952518463134766,81.22016906738281,61.190284729003906,82.68877410888672,118.66806030273438,179.3640899658203,27.876005172729492,5.11040735244751,5.287834167480469,5.27085542678833,3.369879722595215,4.697052478790283,3.451862096786499,5.983213901519775,19.277490615844727,0.5262959599494934,0.29153504967689514,0.27644360065460205,0.1633705496788025,0.2170165479183197,0.21683496236801147,0.22338442504405975,0.21376559138298035,0.22318994998931885,0.34900638461112976,0.145985946059227,0.26471656560897827,0.29976022243499756,0.2715243101119995,0.29494449496269226,0.27317333221435547,0.3018217384815216,0.2725736200809479,0.3036734163761139,0.15416350960731506,-0.8754875063896179,0.37138238549232483,0.5033238530158997,0.4818037152290344,0.5055785179138184,0.4787715673446655,0.5162162184715271,0.4812460243701935,0.514879047870636,0.3435317575931549,0.39524778723716736,0.08626282215118408,0.04798112064599991,0.12059171497821808,0.09741982817649841,0.07601107656955719,0.099283367395401,0.07610231637954712,0.10092244297266006,0.24306192994117737,0.04597701132297516,0.8160919547080994,1.0,1.0,1.0,1.0,0.9886363744735718,1.0,0.9655172228813171,0.11363636702299118,0.4342857003211975,0.5371428728103638,0.4879724979400635,11.0,179.86956787109375,176.3399658203125,-0.013761468231678009,0.033256880939006805,0.04592422395944595,0.9827784299850464,-0.9368541836738586,174.46249389648438,179.5804901123047,179.6559600830078,179.1656951904297,5.0,6.0
/Users/josephkamil/Desktop/Capstone/data/dataset_v2/raw/push_press/shoulder press_10.mp4,push_press,shoulder press_10.mp4,6.44,push_press,,yes,,non_olympic,push_press_sha_17b5e2db7c8c96bd,dev,17b5e2db7c8c96bd671373679519c224be1553f730a64a81a9f55148039682f0,1.0,17b5e2db7c8c96bd671373679519c224be1553f730a64a81a9f55148039682f0,384,384,1.0,384.0,0.9296875,0.06005221977829933,1.0,0.9401041865348816,7.0,1.0,0.06527414917945862,0.03348506987094879,0.009411878883838654,0.07581281661987305,0.00628708815202117,179.03155517578125,179.35247802734375,179.40077209472656,179.1212921142578,179.6282501220703,178.50465393066406,179.4103240966797,179.22549438476562,179.076416015625,178.3938751220703,174.8323516845703,177.7958221435547,177.958251953125,177.4601287841797,177.9647216796875,173.36293029785156,178.0144500732422,174.56805419921875,175.91213989257812,175.71864318847656,12.607220649719238,150.1087188720703,67.32780456542969,31.688814163208008,136.19129943847656,16.287073135375977,131.1143035888672,29.943164825439453,117.34313201904297,59.5510368347168,2.3407421112060547,1.4934165477752686,1.4196953773498535,1.6802037954330444,1.803395390510559,2.450662136077881,0.8553792238235474,3.460099458694458,1.6827753782272339,2.576323986053467,0.5301070809364319,0.26158106327056885,0.4874758720397949,0.5508001446723938,0.19317518174648285,0.5507089495658875,0.2758994996547699,0.40454450249671936,0.20796355605125427,0.2848535478115082,0.5534300804138184,0.7356871366500854,0.7462453842163086,0.6849911212921143,0.6322618126869202,0.625654935836792,0.7015106081962585,0.525421142578125,0.5933425426483154,0.5085991024971008,1.0438306331634521,1.2904443740844727,1.2825714349746704,1.1750117540359497,1.1824676990509033,1.0790714025497437,1.2392765283584595,1.0284547805786133,1.1119152307510376,1.0456434488296509,0.08890285342931747,0.47412094473838806,0.2594500184059143,0.13574855029582977,0.43947312235832214,0.07970321923494339,0.4257287383079529,0.12692075967788696,0.3857625722885132,0.2248191088438034,0.3947368562221527,1.0,1.0,1.0,1.0,0.9473684430122375,1.0,0.9487179517745972,1.0,1.0,0.701298713684082,1.0,0.5,4.0,177.5565948486328,172.85459899902344,-0.939947783946991,-0.00522193219512701,0.39790576696395874,0.5052356123924255,-0.1073298454284668,2.17840576171875,2.594085693359375,3.0473480224609375,8.138153076171875,0.0,0.0
/Users/josephkamil/Desktop/Capstone/data/dataset_v2/raw/push_press/555859e7-8a16-4494-8dca-dff27cbdd9c8.mp4,push_press,555859e7-8a16-4494-8dca-dff27cbdd9c8.mp4,2.15,push_press,,yes,,non_olympic,push_press_sha_76c5f2ddaf373e54,test,76c5f2ddaf373e54fee777541304387b6453dedc7421a24e5239317491b10cec,1.0,76c5f2ddaf373e54fee777541304387b6453dedc7421a24e5239317491b10cec,299,299,1.0,299.0,1.0,0.0,1.0,1.0,0.0,0.224832221865654,0.4060402810573578,0.0075532495975494385,0.0020630608778446913,0.0012063384056091309,0.00024103537725750357,66.11060333251953,62.17277145385742,61.43879318237305,64.82231903076172,72.55921173095703,66.74563598632812,68.08797454833984,75.99858856201172,72.25755310058594,67.62882232666016,85.72799682617188,86.86293029785156,86.75181579589844,86.27645874023438,84.70922088623047,86.7171630859375,88.27104949951172,88.95072937011719,87.66189575195312,86.66828918457031,58.70921325683594,64.93373107910156,56.79868698120117,66.57450103759766,57.358585357666016,67.51475524902344,52.49641799926758,50.75279998779297,70.70165252685547,78.42886352539062,3.34781813621521,2.2246038913726807,2.5505218505859375,1.8056389093399048,2.9588160514831543,2.6017026901245117,5.517294883728027,5.081307888031006,3.469412326812744,2.6024832725524902,0.3698149621486664,0.3322538733482361,0.374257892370224,0.34663212299346924,0.3613571524620056,0.3309730887413025,0.37434524297714233,0.35362380743026733,0.3311493694782257,0.3335624635219574,0.40767499804496765,0.39788639545440674,0.4160884916782379,0.406186580657959,0.4053821861743927,0.3981800377368927,0.40486013889312744,0.4056297838687897,0.40352895855903625,0.402616947889328,0.49607422947883606,0.49333664774894714,0.5032169222831726,0.499810129404068,0.49439945816993713,0.4927912950515747,0.4911007285118103,0.4976699650287628,0.4994163513183594,0.4970983564853668,0.038353241980075836,0.06574717164039612,0.041908565908670425,0.05968407168984413,0.04420085251331329,0.06748799234628677,0.03076353296637535,0.05231599882245064,0.0726422443985939,0.0692695677280426,1.0,1.0,1.0,1.0,1.0,1.0,1.0,1.0,1.0,1.0,1.0,1.0,1.0,1.0,66.0481185913086,87.66593170166016,-0.224832221865654,-0.4060402810573578,0.06060606241226196,0.3501683473587036,-0.28956228494644165,0.0,20.920394897460938,0.0,6.929359436035156,6.0,9.0
/Users/josephkamil/Desktop/Capstone/data/dataset_v2/raw/push_press/shoulder press_16.mp4,push_press,shoulder press_16.mp4,6.97,push_press,,yes,,non_olympic,push_press_sha_cdfb32fa3bbb058e,train,cdfb32fa3bbb058eb49c5e31e6c3e32beef8b9755df159cae6ef6a70057a5701,1.0,cdfb32fa3bbb058eb49c5e31e6c3e32beef8b9755df159cae6ef6a70057a5701,312,312,1.0,312.0,1.0,0.0,1.0,1.0,0.0,0.762057900428772,0.9614148139953613,0.017734766006469727,0.0052263629622757435,0.002245664596557617,0.00036653559072874486,130.50350952148438,134.19683837890625,128.6569366455078,131.7339324951172,125.85073852539062,119.71376037597656,119.47682189941406,113.86775207519531,128.63995361328125,125.41522216796875,143.6509246826172,143.2426300048828,143.37545776367188,141.89527893066406,143.82676696777344,143.29550170898438,143.52337646484375,141.23309326171875,140.16741943359375,138.3170166015625,92.02489471435547,96.78326416015625,154.8428497314453,73.76217651367188,149.55047607421875,102.59713745117188,115.61888885498047,146.2178497314453,65.40873718261719,151.13438415527344,7.227800369262695,6.8979973793029785,7.3532633781433105,7.036554336547852,7.220541954040527,7.091883659362793,6.967546463012695,6.832015514373779,7.350879192352295,8.188026428222656,0.3279273211956024,0.31779539585113525,0.2199067324399948,0.36259427666664124,0.237185999751091,0.3164170980453491,0.28781282901763916,0.23501719534397125,0.3802525997161865,0.23324035108089447,0.4545513987541199,0.4540306329727173,0.4472472071647644,0.4621650278568268,0.4539783298969269,0.4613421559333801,0.4522008001804352,0.4463362395763397,0.4613286256790161,0.45551103353500366,0.7154604196548462,0.7094547152519226,0.716354489326477,0.7165960073471069,0.7187098264694214,0.7167938351631165,0.7121878862380981,0.7150852084159851,0.7088520526885986,0.7153525352478027,0.1286804974079132,0.13795627653598785,0.22764727473258972,0.10140853375196457,0.2171991765499115,0.14612197875976562,0.16555051505565643,0.21176867187023163,0.0842399075627327,0.22260817885398865,1.0,1.0,1.0,1.0,1.0,1.0,1.0,1.0,1.0,1.0,1.0,1.0,1.0,1.0,130.266845703125,144.45556640625,-0.762057900428772,-0.9614148139953613,0.6354838609695435,0.5612903237342834,0.0741935446858406,0.0,32.579078674316406,0.0,9.66748046875,8.0,8.0
/Users/josephkamil/Desktop/Capstone/data/dataset_v2/raw/push_press/Push press- bar drift.mov,push_press,Push press- bar drift.mov,75.62,push_press,,yes,,non_olympic,push_press_sha_5e21bb2637de31c7,train,5e21bb2637de31c7e9e736fb18b1d214a8ca6c540ad630cdf30c3d9d6e43d249,1.0,5e21bb2637de31c7e9e736fb18b1d214a8ca6c540ad630cdf30c3d9d6e43d249,1767,1622,0.9179400113186191,1622.0,0.7934648394584656,0.0006169031257741153,0.970388650894165,0.9697903990745544,14.0,0.0030845156870782375,0.0030845156870782375,0.7380250692367554,0.006443665362894535,0.756716787815094,0.004281024914234877,170.29733276367188,174.12596130371094,165.43031311035156,169.5427703857422,172.28533935546875,172.84756469726562,172.19119262695312,171.69593811035156,171.69456481933594,153.56439208984375,173.23785400390625,174.9949493408203,176.36968994140625,176.9109344482422,177.1001739501953,175.24057006835938,176.9133758544922,176.2828369140625,175.6380157470703,149.3850860595703,58.92725372314453,106.53665161132812,75.16703796386719,79.47920227050781,88.53727722167969,89.09233093261719,76.17549133300781,54.32820510864258,69.8445816040039,116.97438049316406,10.253135681152344,3.09329891204834,2.9729349613189697,2.6823832988739014,2.3411405086517334,1.7929213047027588,0.6530417203903198,1.2289538383483887,1.4072291851043701,6.2310662269592285,0.4950754642486572,0.44775983691215515,0.29200881719589233,0.28308606147766113,0.2670865058898926,0.255471408367157,0.28448235988616943,0.31316184997558594,0.2867308259010315,0.531084418296814,0.4727438986301422,0.297502338886261,0.35861310362815857,0.3608279824256897,0.35565727949142456,0.3531581163406372,0.35626232624053955,0.3610231280326843,0.3602147400379181,0.21733810007572174,0.6916441917419434,0.6000634431838989,0.5772861242294312,0.5796695351600647,0.575824499130249,0.5816786289215088,0.5773116946220398,0.5740765929222107,0.5789757966995239,0.6428321599960327,0.08507320284843445,0.16917972266674042,0.08909653127193451,0.0934898629784584,0.10485933721065521,0.11145637929439545,0.09221498668193817,0.06434609740972519,0.08997496962547302,0.37706756591796875,0.6296296119689941,0.12345679104328156,0.9938271641731262,1.0,1.0,1.0,1.0,1.0,1.0,0.19018404185771942,0.37654322385787964,0.5925925970077515,0.7077682018280029,7.0,173.58804321289062,179.02651977539062,-0.0024676125030964613,-0.0024676125030964613,0.0,0.9672839641571045,-0.9672839641571045,5.5200042724609375,148.55029296875,4.5268096923828125,177.6965789794922,2.0,2.0
/Users/josephkamil/Desktop/Capstone/data/dataset_v2/raw/push_press/Push Press- Head Clearance .mov,push_press,Push Press- Head Clearance .mov,54.08,push_press,,yes,,non_olympic,push_press_sha_6226aae0de00ef24,test,6226aae0de00ef2426121165936d6965bb678bdf2141f89134667f2ef00c3387,1.0,6226aae0de00ef2426121165936d6965bb678bdf2141f89134667f2ef00c3387,1259,1247,0.9904686258935663,1247.0,0.5870088338851929,0.0008025682182051241,0.9670947194099426,0.9663191437721252,62.0,0.025682182982563972,0.03290529549121857,0.4256157875061035,0.010420150123536587,0.5177485942840576,0.003556158859282732,147.15476989746094,175.08172607421875,175.72621154785156,176.31349182128906,176.7254180908203,176.38853454589844,176.5022430419922,176.4120635986328,177.0905303955078,150.1360321044922,79.2336196899414,177.55470275878906,176.12355041503906,176.27879333496094,178.17710876464844,177.34681701660156,177.99398803710938,177.0684051513672,177.6327362060547,169.68568420410156,110.88143920898438,88.69127655029297,93.52075958251953,125.77393341064453,95.06290435791016,104.74797058105469,61.162498474121094,58.20042419433594,111.56830596923828,140.768798828125,119.23397064208984,1.5903555154800415,1.4072884321212769,1.2480844259262085,0.7135659456253052,0.6538015007972717,0.8975257277488708,0.6747397780418396,2.287102460861206,22.205644607543945,0.5532169342041016,0.2903141379356384,0.27017277479171753,0.23097540438175201,0.27789396047592163,0.26398128271102905,0.32833975553512573,0.32421186566352844,0.3481231927871704,0.6428893208503723,0.5060187578201294,0.35469159483909607,0.3540887236595154,0.35201337933540344,0.35382843017578125,0.3533344566822052,0.3586341142654419,0.3592623472213745,0.3650453984737396,0.27254101634025574,0.34336790442466736,0.5693692564964294,0.5719062685966492,0.5760912895202637,0.572969913482666,0.5723494291305542,0.5703738331794739,0.5714654326438904,0.569685161113739,0.5384171605110168,0.13371096551418304,0.09283775836229324,0.1012159213423729,0.13336001336574554,0.09423432499170303,0.1087019294500351,0.06373059004545212,0.06255023181438446,0.10243086516857147,0.38301724195480347,0.3306451737880707,0.5519999861717224,0.800000011920929,0.8467742204666138,0.6639999747276306,0.7839999794960022,0.5322580933570862,0.656000018119812,0.671999990940094,0.03200000151991844,0.4417670667171478,0.34939759969711304,0.09783480316400528,31.0,178.8577880859375,179.8393096923828,-0.024879613891243935,-0.03210273012518883,0.024899598211050034,0.9582329392433167,-0.9333333373069763,0.369781494140625,172.9442901611328,0.031768798828125,179.5631103515625,2.0,2.0
/Users/josephkamil/Desktop/Capstone/data/dataset_v2/raw/push_press/Push press- diptiming.mov,push_press,Push press- diptiming.mov,42.55,push_press,,yes,,non_olympic,push_press_sha_ceb891410460883a,train,ceb891410460883a1d71e493e2784e00e37271e8739c920208f59ce81e73c74b,1.0,ceb891410460883a1d71e493e2784e00e37271e8739c920208f59ce81e73c74b,994,957,0.9627766599597586,957.0,0.7596656084060669,0.0,0.9529288411140442,0.9529780745506287,31.0,0.9435146450996399,0.9445606470108032,0.6140835881233215,0.007532055024057627,1.2290856838226318,0.005491943098604679,169.58213806152344,161.38438415527344,175.95347595214844,166.8551483154297,168.2096710205078,177.89292907714844,168.22837829589844,169.15565490722656,175.82470703125,127.7999038696289,166.33657836914062,168.9097442626953,175.28672790527344,168.44873046875,172.1212158203125,173.7275390625,172.552490234375,176.1549530029297,176.3863067626953,102.8419418334961,65.74950408935547,37.16978073120117,104.60713958740234,89.10531616210938,65.6844711303711,149.97203063964844,94.9374771118164,68.6777114868164,129.1065673828125,129.1586151123047,11.336893081665039,5.843446731567383,2.8207740783691406,3.65351939201355,3.305227279663086,3.9186294078826904,2.237182378768921,3.15033221244812,1.8596848249435425,46.6209602355957,0.37380215525627136,0.43166008591651917,0.2856006920337677,0.32246220111846924,0.3663785457611084,0.20808303356170654,0.30836132168769836,0.3363731801509857,0.33497270941734314,0.6464931964874268,0.30941498279571533,0.4379764497280121,0.3909741938114166,0.42034944891929626,0.4232039153575897,0.38539472222328186,0.41295841336250305,0.4089164733886719,0.3790059983730316,0.16803663969039917,0.5820075869560242,0.6543198823928833,0.63364577293396,0.6593260765075684,0.6465848088264465,0.6375913023948669,0.6532284617424011,0.6419419646263123,0.633248507976532,0.4687213599681854,0.09997136890888214,0.04705407842993736,0.12505339086055756,0.11358349770307541,0.07856240123510361,0.1831163913011551,0.11842163652181625,0.09065759927034378,0.154780313372612,0.4968942701816559,0.3263157904148102,0.75,0.8541666865348816,1.0,1.0,1.0,1.0,1.0,0.6041666865348816,0.0625,0.5392670035362244,0.3298429250717163,0.58411705493927,16.0,168.2445831298828,64.27503204345703,-0.9435146450996399,-0.9445606470108032,0.9528796076774597,0.9298429489135742,0.023036649450659752,0.0,178.12037658691406,0.0,177.89553833007812,4.0,3.0
/Users/josephkamil/Desktop/Capstone/BenchPress/v_BenchPress_g02_c02.avi,BenchPress,v_BenchPress_g02_c02.avi,0.33,bench_press,,yes,,non_olympic,bench_press_ucf_g02,train,289953231de7a6844a7fb67e4f6bfab9fd025a9be2829757c937ac43ae523c0b,1.0,289953231de7a6844a7fb67e4f6bfab9fd025a9be2829757c937ac43ae523c0b,98,40,0.40816326530612246,40.0,0.949999988079071,0.0,1.0,1.0,4.0,0.25641027092933655,0.7179487347602844,0.268130362033844,0.059939708560705185,0.04334115982055664,0.011705775745213032,147.85073852539062,149.20025634765625,142.11068725585938,144.8679962158203,154.0068359375,168.3898468017578,151.97164916992188,145.99130249023438,145.2783966064453,153.75657653808594,143.0934600830078,145.47918701171875,138.85382080078125,132.64990234375,146.09986877441406,152.00094604492188,143.97210693359375,131.69000244140625,138.94515991210938,144.67076110839844,105.60332489013672,132.35690307617188,98.93633270263672,109.30694580078125,129.5408172607422,113.16439056396484,103.16172790527344,125.93106842041016,85.10301208496094,57.78209686279297,4.236086368560791,14.288625717163086,14.827388763427734,20.04319953918457,18.922914505004883,19.23992156982422,9.054618835449219,6.885790824890137,13.74019718170166,12.679594039916992,0.3495640158653259,0.5908359885215759,0.3563506007194519,0.29218944907188416,0.2595648169517517,0.27901923656463623,0.41719937324523926,0.25868308544158936,0.27031928300857544,0.38223543763160706,0.5106829404830933,0.5961188673973083,0.525787353515625,0.4542638957500458,0.4680876135826111,0.4729301631450653,0.5162976980209351,0.5118169188499451,0.4098457098007202,0.44492244720458984,0.6951272487640381,0.7228368520736694,0.6882684826850891,0.6572030186653137,0.6994659900665283,0.7014104127883911,0.6940838098526001,0.6655913591384888,0.6592663526535034,0.6975926160812378,0.16978220641613007,0.07281674444675446,0.1746656894683838,0.16215527057647705,0.20852510631084442,0.19397957623004913,0.1266922950744629,0.25790560245513916,0.14047029614448547,0.06430483609437943,1.0,0.75,1.0,1.0,1.0,1.0,0.75,1.0,1.0,1.0,0.875,1.0,0.5,3.0,156.0035858154297,162.91461181640625,-0.25641027092933655,-0.7179487347602844,0.6578947305679321,0.21052631735801697,0.44736841320991516,0.0,37.684814453125,0.0,34.561676025390625,6.0,3.0
/Users/josephkamil/Desktop/Capstone/BenchPress/v_BenchPress_g11_c05.avi,BenchPress,v_BenchPress_g11_c05.avi,0.33,bench_press,,yes,,non_olympic,bench_press_ucf_g11,train,08522508b696a5121a3b065c750b07c81c991c2ee23a0a912d57899aee6ca1de,1.0,08522508b696a5121a3b065c750b07c81c991c2ee23a0a912d57899aee6ca1de,114,114,1.0,114.0,0.0,1.0,0.0,0.0,0.0,0.017699114978313446,0.7876105904579163,0.03367257118225098,0.00611667288467288,0.012476146221160889,0.00252530537545681,69.45703887939453,139.98822021484375,81.62454986572266,65.83261108398438,118.06909942626953,117.71440124511719,106.32400512695312,103.03518676757812,123.7252426147461,143.95330810546875,178.09600830078125,173.0810089111328,175.13134765625,177.62034606933594,178.1326904296875,178.52459716796875,176.7078094482422,172.3159942626953,171.70204162597656,177.23468017578125,113.2065658569336,106.7113265991211,114.9632797241211,118.2304916381836,103.3951187133789,109.7725601196289,121.43283081054688,116.39739227294922,111.84013366699219,116.93450927734375,1.1480578184127808,0.33766689896583557,0.7959528565406799,0.46030548214912415,1.2555861473083496,0.7524489760398865,1.2561163902282715,0.9494390487670898,1.3489336967468262,1.9819684028625488,0.4901401400566101,0.44397833943367004,0.43931302428245544,0.46388930082321167,0.44378936290740967,0.4586195945739746,0.47160837054252625,0.48179593682289124,0.47365233302116394,0.48343345522880554,0.27605190873146057,0.2644071877002716,0.25086942315101624,0.26336970925331116,0.27426227927207947,0.2719780206680298,0.26995718479156494,0.2745097577571869,0.2793855369091034,0.2804294228553772,0.5501208305358887,0.5525384545326233,0.5444511771202087,0.5438478589057922,0.5706644058227539,0.5680872797966003,0.5491934418678284,0.5625147223472595,0.564228355884552,0.5641649961471558,0.21886099874973297,0.18488670885562897,0.19812603294849396,0.2062567174434662,0.17521293461322784,0.19260965287685394,0.20553603768348694,0.21245718002319336,0.20023073256015778,0.20653460919857025,0.0,0.0,0.0,0.0,0.0,0.0,0.0,0.0,0.0,0.0,0.0,0.0,0.0,0.0,180.0,180.0,0.982300877571106,0.21238937973976135,0.7321428656578064,0.5982142686843872,0.1339285671710968,127.41377258300781,0.0,19.0435791015625,0.0,6.0,0.0
/Users/josephkamil/Desktop/Capstone/Archived_Datasets/ucf50/UCF50/BenchPress/v_BenchPress_g04_c06.avi,BenchPress,v_BenchPress_g04_c06.avi,0.5,bench_press,,yes,,non_olympic,bench_press_ucf_g04,train,2a461f46704de994cf43b70935a0a391af599d0ac93e054856ec0ecbf387d978,1.0,2a461f46704de994cf43b70935a0a391af599d0ac93e054856ec0ecbf387d978,176,175,0.9943181818181818,175.0,0.0,1.0,0.0,0.0,0.0,0.6149425506591797,0.4080459773540497,0.026943564414978027,0.004122300073504448,0.022457420825958252,0.002306737471371889,175.43365478515625,174.9403076171875,175.8486328125,173.35818481445312,171.6923065185547,169.61280822753906,151.10459899902344,178.0204315185547,174.99755859375,150.52056884765625,168.72055053710938,169.65264892578125,171.99136352539062,172.00506591796875,167.8031005859375,168.05355834960938,171.19984436035156,174.97955322265625,170.1228485107422,169.67486572265625,171.99024963378906,167.68753051757812,172.73602294921875,167.07984924316406,166.24224853515625,168.5865020751953,169.5001983642578,170.15562438964844,170.2828369140625,170.07449340820312,2.3478477001190186,2.3413612842559814,5.834934234619141,1.6996039152145386,3.2842516899108887,2.2748734951019287,4.107698440551758,1.313084602355957,0.2954072654247284,0.266610324382782,0.42053520679473877,0.4627489447593689,0.45744088292121887,0.4858086407184601,0.47775998711586,0.48481056094169617,0.5066460371017456,0.5011761784553528,0.5094530582427979,0.5317655205726624,0.12537238001823425,0.12987376749515533,0.1273934692144394,0.1498994082212448,0.15966518223285675,0.16322241723537445,0.16958099603652954,0.16842682659626007,0.18543967604637146,0.20413842797279358,0.4787885546684265,0.48991966247558594,0.4939669370651245,0.5147427320480347,0.5124273300170898,0.5202600955963135,0.5366879105567932,0.5333507061004639,0.5522102117538452,0.5608632564544678,0.29552656412124634,0.3332523703575134,0.3313392102718353,0.33608129620552063,0.31850239634513855,0.32168102264404297,0.3380153179168701,0.33286845684051514,0.3240449130535126,0.3276505470275879,0.0,0.0,0.0,0.0,0.0,0.0,0.0,0.0,0.0,0.0,0.0,0.0,0.0,0.0,180.0,180.0,0.3850574791431427,0.5919540524482727,0.323699414730072,0.45086705684661865,-0.12716762721538544,171.3043212890625,0.0,14.7386474609375,0.0,1.0,0.0
/Users/josephkamil/Desktop/Capstone/Archived_Datasets/ucf50/UCF50/BenchPress/v_BenchPress_g10_c02.avi,BenchPress,v_BenchPress_g10_c02.avi,0.3,bench_press,,yes,,non_olympic,bench_press_ucf_g10,train,c12c5552d5e0e84c4c3d44b09bae9c96b02643f1c0e51fcba5640cb127665ab8,1.0,c12c5552d5e0e84c4c3d44b09bae9c96b02643f1c0e51fcba5640cb127665ab8,108,104,0.9629629629629629,104.0,0.4134615361690521,0.11650485545396805,0.5728155374526978,0.4615384638309479,8.0,0.13592232763767242,0.058252427726984024,0.29890960454940796,0.022319698706269264,0.14835846424102783,0.007681248243898153,118.86224365234375,89.96936798095703,80.77420043945312,73.37492370605469,82.43367004394531,111.51885986328125,161.9695587158203,150.01760864257812,161.18405151367188,163.95230102539062,111.40135192871094,130.94105529785156,159.96673583984375,161.7350311279297,165.2594757080078,148.87783813476562,171.10748291015625,165.37681579589844,162.29429626464844,163.90318298339844,84.23234558105469,141.44534301757812,168.56564331054688,171.98373413085938,150.03500366210938,96.67465209960938,126.35353088378906,163.61395263671875,163.83416748046875,151.88546752929688,6.487558841705322,47.154815673828125,74.97409057617188,81.83503723144531,82.07717895507812,46.56148147583008,3.486572742462158,2.1084513664245605,1.3825122117996216,0.7540094256401062,0.42207860946655273,0.4867275357246399,0.5451148748397827,0.44003114104270935,0.5088425874710083,0.43187037110328674,0.31069642305374146,0.3135308027267456,0.32897302508354187,0.38587868213653564,0.29894590377807617,0.4765922427177429,0.6050584316253662,0.6203973889350891,0.6233921647071838,0.45422229170799255,0.23439578711986542,0.23328518867492676,0.24865014851093292,0.2579982578754425,0.5473437309265137,0.617544412612915,0.6462454795837402,0.6452412009239197,0.6438688635826111,0.5633560419082642,0.436894029378891,0.4322303533554077,0.4288463592529297,0.44614094495773315,0.12497498840093613,0.0756729319691658,0.13266874849796295,0.18925663828849792,0.13350236415863037,0.05898916721343994,0.08725258708000183,0.09368138760328293,0.08960765600204468,0.1281190812587738,0.0,0.699999988079071,0.7272727489471436,1.0,1.0,0.699999988079071,0.0,0.0,0.0,0.0,0.380952388048172,0.0,0.3173076808452606,4.0,107.31283569335938,113.3602523803711,-0.019417475908994675,0.058252427726984024,0.5588235259056091,0.5490196347236633,0.009803921915590763,42.752593994140625,113.51380157470703,23.201492309570312,66.08943939208984,6.0,2.0
/Users/josephkamil/Desktop/Capstone/Archived_Datasets/ucf50/UCF50/BenchPress/v_BenchPress_g02_c04.avi,BenchPress,v_BenchPress_g02_c04.avi,0.32,bench_press,,yes,,non_olympic,bench_press_ucf_g02,train,d239df83644df98b21e1a09a8e8dde2f3bfa69a306b0e78ea54ecfc0d900ff7e,1.0,d239df83644df98b21e1a09a8e8dde2f3bfa69a306b0e78ea54ecfc0d900ff7e,95,37,0.3894736842105263,37.0,0.9729729890823364,0.0,1.0,1.0,2.0,0.4444444477558136,0.4166666567325592,0.3225753903388977,0.039670493453741074,0.08009469509124756,0.011256731115281582,164.17601013183594,164.0583953857422,159.9252471923828,161.2926025390625,149.62240600585938,152.57098388671875,159.51707458496094,160.46890258789062,151.57843017578125,155.06314086914062,148.28311157226562,146.58529663085938,144.5537567138672,144.3929443359375,144.1509552001953,144.85919189453125,146.03627014160156,153.9810791015625,148.9390411376953,141.3272247314453,157.81800842285156,156.79730224609375,140.77671813964844,95.8177490234375,122.24803161621094,145.4732666015625,109.76090240478516,65.92579650878906,72.26213073730469,121.32321166992188,16.507253646850586,17.649335861206055,16.907020568847656,17.97452735900879,14.58967113494873,15.109676361083984,17.604572296142578,29.334672927856445,26.7069149017334,15.724374771118164,0.1995043307542801,0.2040943205356598,0.22739970684051514,0.28041496872901917,0.34663039445877075,0.23234227299690247,0.28011178970336914,0.37466147541999817,0.3414139151573181,0.2711798846721649,0.46389833092689514,0.47691869735717773,0.46984025835990906,0.45861586928367615,0.5205796957015991,0.4800431430339813,0.4672563970088959,0.4850233197212219,0.4605485200881958,0.46736717224121094,0.6774352192878723,0.6918308734893799,0.6960898637771606,0.6957377791404724,0.6583369374275208,0.6593868732452393,0.6748178005218506,0.6582837104797363,0.6513547301292419,0.6713705062866211,0.2644292116165161,0.27286091446876526,0.24252043664455414,0.17821556329727173,0.19505934417247772,0.24775999784469604,0.18743479251861572,0.11579976975917816,0.1198376938700676,0.19642730057239532,1.0,1.0,1.0,1.0,0.75,1.0,1.0,1.0,1.0,1.0,1.0,1.0,0.5675675868988037,2.0,161.4741668701172,150.0931396484375,-0.4444444477558136,-0.4166666567325592,0.4285714328289032,0.7714285850524902,-0.34285715222358704,0.0,26.579788208007812,0.0,45.802642822265625,2.0,4.0
/Users/josephkamil/Desktop/Capstone/Archived_Datasets/ucf50/UCF50/BenchPress/v_BenchPress_g18_c01.avi,BenchPress,v_BenchPress_g18_c01.avi,0.27,bench_press,,yes,,non_olympic,bench_press_ucf_g18,train,6f74860636e83550faf4672c16d86d4b4c7663f49a5131ea6dea8145949d3b30,1.0,6f74860636e83550faf4672c16d86d4b4c7663f49a5131ea6dea8145949d3b30,93,16,0.17204301075268819,16.0,0.0,1.0,0.0,0.0,0.0,0.5333333611488342,0.4000000059604645,0.2632301449775696,0.06459219008684158,0.03557741641998291,0.008206347934901714,115.8445816040039,117.58323669433594,117.51539611816406,110.23016357421875,160.5430145263672,76.88059997558594,133.4442138671875,97.96672821044922,109.34249877929688,119.46073913574219,126.69420623779297,131.97494506835938,132.20431518554688,135.21331787109375,79.44105529785156,118.71890258789062,99.0282211303711,142.27883911132812,134.0023956298828,128.7025146484375,32.74367904663086,38.29386901855469,44.399070739746094,83.5447006225586,169.09820556640625,170.4036865234375,170.63287353515625,65.7235336303711,76.07957458496094,35.26860046386719,2.7660701274871826,3.5400543212890625,4.077447891235352,45.908878326416016,89.38883972167969,90.6080551147461,93.4432373046875,97.17810821533203,49.84434127807617,4.438292026519775,0.5086914300918579,0.43036574125289917,0.422498881816864,0.5687528848648071,0.7108798027038574,0.7072196006774902,0.7791743278503418,0.6760303974151611,0.5158963203430176,0.4338676929473877,0.2973979115486145,0.24843764305114746,0.24523109197616577,0.38667064905166626,0.5404771566390991,0.5391062498092651,0.555970311164856,0.5741297006607056,0.42712879180908203,0.2779815196990967,0.5061616897583008,0.5056225657463074,0.5098391175270081,0.5256033539772034,0.5423340201377869,0.5371615290641785,0.5435116291046143,0.5488568544387817,0.5313917398452759,0.5101627111434937,0.21190354228019714,0.182468444108963,0.1773754209280014,0.182338148355484,0.183123379945755,0.18808186054229736,0.23173730075359344,0.10933665186166763,0.09201949089765549,0.1562073826789856,0.0,0.0,0.0,0.0,0.0,0.0,0.0,0.0,0.0,0.0,0.0,0.0,0.0,0.0,180.0,180.0,0.46666666865348816,0.6000000238418579,0.8571428656578064,0.8571428656578064,0.0,90.35760498046875,0.0,72.4355697631836,0.0,3.0,1.0
/Users/josephkamil/Desktop/Capstone/BenchPress/v_BenchPress_g04_c07.avi,BenchPress,v_BenchPress_g04_c07.avi,0.22,bench_press,,yes,,non_olympic,bench_press_ucf_g04,train,f0b0e5e84852de9d8ed8e72dfb699b8fce1d39b414cacd1db305c751c9c3fc52,1.0,f0b0e5e84852de9d8ed8e72dfb699b8fce1d39b414cacd1db305c751c9c3fc52,75,75,1.0,75.0,0.0,1.0,0.0,0.0,0.0,0.06756756454706192,0.06756756454706192,0.053625017404556274,0.007587951608002186,0.01612156629562378,0.003397046821191907,149.35691833496094,171.14511108398438,173.4154815673828,171.17184448242188,175.11825561523438,172.76278686523438,173.47158813476562,172.31051635742188,175.94241333007812,177.57183837890625,167.48545837402344,166.28182983398438,169.0799102783203,175.46981811523438,165.18650817871094,167.19577026367188,172.9500274658203,163.67813110351562,166.87826538085938,173.13641357421875,173.3834686279297,169.71563720703125,168.80918884277344,166.4737548828125,169.6195526123047,164.93861389160156,167.8702850341797,153.33494567871094,175.90725708007812,170.96603393554688,0.34987369179725647,1.8707181215286255,1.9481124877929688,1.3567171096801758,1.8055305480957031,1.579155683517456,1.3539788722991943,1.5056800842285156,0.9585752487182617,0.43544691801071167,0.4059922397136688,0.3998020589351654,0.40452882647514343,0.4076032340526581,0.39538177847862244,0.39286941289901733,0.4150373041629791,0.3910108208656311,0.4064125418663025,0.4165787100791931,0.15165302157402039,0.14166586101055145,0.14391152560710907,0.14490970969200134,0.14039449393749237,0.14122822880744934,0.1549912840127945,0.14608684182167053,0.13672110438346863,0.14410994946956635,0.46464353799819946,0.5002484917640686,0.5098699331283569,0.511278510093689,0.5188866853713989,0.517589807510376,0.5320435762405396,0.5318248271942139,0.520937442779541,0.5244551301002502,0.25439637899398804,0.25847333669662476,0.26107001304626465,0.26287341117858887,0.2555207908153534,0.2524394989013672,0.2602177858352661,0.24609631299972534,0.2699185311794281,0.27257072925567627,0.0,0.0,0.0,0.0,0.0,0.0,0.0,0.0,0.0,0.0,0.0,0.0,0.0,0.0,180.0,180.0,0.9324324131011963,0.9324324131011963,0.7534246444702148,0.767123281955719,-0.013698630034923553,74.22412109375,0.0,19.174362182617188,0.0,1.0,0.0
/Users/josephkamil/Desktop/Capstone/Archived_Datasets/ucf50/UCF50/BenchPress/v_BenchPress_g23_c03.avi,BenchPress,v_BenchPress_g23_c03.avi,0.49,bench_press,,yes,,non_olympic,bench_press_ucf_g23,train,99b608de623374477ece80d45a18cf40b7da3e9daad7aba65dc9dcf6975321d5,1.0,99b608de623374477ece80d45a18cf40b7da3e9daad7aba65dc9dcf6975321d5,176,76,0.4318181818181818,76.0,0.43421053886413574,0.02666666731238365,1.0,0.9736841917037964,5.0,0.2266666740179062,0.20000000298023224,0.24379697442054749,0.018359823152422905,0.04396224021911621,0.007837330922484398,137.55877685546875,10.407028198242188,7.054677486419678,46.374290466308594,162.45663452148438,151.1505126953125,136.27294921875,143.50912475585938,138.11666870117188,133.40794372558594,131.5946044921875,5.127350330352783,1.815934181213379,32.855831146240234,158.20449829101562,164.61453247070312,148.11181640625,156.75637817382812,130.0042724609375,109.8062515258789,113.06656646728516,127.70928955078125,131.26658630371094,97.12142944335938,32.675846099853516,5.864469051361084,15.308587074279785,7.494822978973389,4.021975994110107,45.375457763671875,4.431787967681885,3.9437410831451416,7.487053394317627,5.03081750869751,4.830255031585693,3.4900076389312744,3.3574094772338867,3.374736785888672,6.461564064025879,43.629608154296875,0.3891197741031647,0.4027698338031769,0.38714584708213806,0.37564200162887573,0.38517701625823975,0.41461214423179626,0.38408398628234863,0.3728957772254944,0.3874673545360565,0.401193767786026,0.48517554998397827,0.5327655076980591,0.5297057628631592,0.4925195574760437,0.33324140310287476,0.33166852593421936,0.3612832725048065,0.32946139574050903,0.32752251625061035,0.4106370806694031,0.612553596496582,0.6815783977508545,0.6629384756088257,0.6528480052947998,0.5621598362922668,0.5484668016433716,0.5562645792961121,0.5481225252151489,0.5749671459197998,0.5883946418762207,0.15095114707946777,0.1314290165901184,0.1431896686553955,0.11907171458005905,0.07023926824331284,0.08754026889801025,0.05978838726878166,0.06119859963655472,0.07581941783428192,0.07285366952419281,0.7142857313156128,1.0,1.0,1.0,0.125,0.0,0.375,0.0,0.0,0.125,0.8666666746139526,0.06666667014360428,0.3815789520740509,3.0,138.8031005859375,153.79298400878906,-0.20000000298023224,-0.1733333319425583,1.0,0.3918918967247009,0.6081081032752991,21.03614044189453,175.54962158203125,44.090126037597656,178.3908233642578,6.0,3.0
/Users/josephkamil/Desktop/Capstone/BenchPress/v_BenchPress_g10_c03.avi,BenchPress,v_BenchPress_g10_c03.avi,0.65,bench_press,,yes,,non_olympic,bench_press_ucf_g10,train,becf5ea4fa3430cbf687c79902dc10de24f83ea77de8312dfe22d261c57faedc,1.0,becf5ea4fa3430cbf687c79902dc10de24f83ea77de8312dfe22d261c57faedc,243,211,0.8683127572016461,211.0,0.3507108986377716,0.0,0.8809523582458496,0.8815165758132935,15.0,0.9428571462631226,0.01904761977493763,0.3936377763748169,0.02288416028022766,0.103546142578125,0.006541692651808262,88.68985748291016,88.68492889404297,77.70381927490234,111.24918365478516,92.91758728027344,89.63919830322266,83.2531509399414,98.76355743408203,90.75814056396484,111.27678680419922,85.04549407958984,101.62364196777344,139.56710815429688,108.41180419921875,126.2502670288086,154.7947998046875,156.4281463623047,86.88108825683594,96.87742614746094,101.5911636352539,107.0627670288086,86.9244384765625,119.24061584472656,139.7616729736328,125.083984375,149.14208984375,155.18026733398438,109.27294921875,71.41864013671875,127.35549926757812,13.206846237182617,20.059818267822266,59.58091354370117,16.032094955444336,45.942535400390625,72.15176391601562,73.07200622558594,12.938639640808105,17.3627986907959,48.36513900756836,0.5396688580513,0.5308317542076111,0.45574212074279785,0.5208196043968201,0.4990205764770508,0.4139341115951538,0.41520971059799194,0.5861250758171082,0.5396748781204224,0.6789950132369995,0.4937804043292999,0.45676952600479126,0.5624925494194031,0.37622350454330444,0.5082226991653442,0.606846034526825,0.6063075661659241,0.5269010663032532,0.5164529085159302,0.5545215010643005,0.6581879258155823,0.6516112685203552,0.6501163840293884,0.5895445942878723,0.6454336047172546,0.6596258282661438,0.6584576368331909,0.6767017245292664,0.6843317747116089,0.6749563813209534,0.08199986070394516,0.07662827521562576,0.13254229724407196,0.15263397991657257,0.11800525337457657,0.1942223310470581,0.19659850001335144,0.07863112539052963,0.037902530282735825,0.12705229222774506,0.095238097012043,0.0,0.7142857313156128,0.0476190485060215,0.4285714328289032,1.0,1.0,0.095238097012043,0.1428571492433548,0.0,0.0476190485060215,0.0714285746216774,0.24644549190998077,8.0,89.5503158569336,151.57557678222656,-0.9428571462631226,-0.01904761977493763,0.9712918400764465,0.3014354109764099,0.6698564887046814,0.0,138.24618530273438,0.0,176.13601684570312,9.0,8.0
/Users/josephkamil/Desktop/Capstone/Archived_Datasets/ucf50/UCF50/BenchPress/v_BenchPress_g12_c06.avi,BenchPress,v_BenchPress_g12_c06.avi,0.23,bench_press,,yes,,non_olympic,bench_press_ucf_g12,test,20f3ca4f4372a587dcfd23affb7f1be723391fa08fa3ab7dcc0577b0455b3893,1.0,20f3ca4f4372a587dcfd23affb7f1be723391fa08fa3ab7dcc0577b0455b3893,73,56,0.7671232876712328,56.0,0.1071428582072258,0.2181818187236786,0.6727272868156433,0.4642857015132904,8.0,0.4363636374473572,0.7272727489471436,0.12108668684959412,0.031843338161706924,0.04853066802024841,0.004387845750898123,151.3314971923828,138.47720336914062,78.63417053222656,35.54050827026367,19.20384407043457,58.10541915893555,131.74679565429688,130.3069610595703,121.58980560302734,112.32804107666016,76.74224853515625,93.4606704711914,80.90657806396484,79.06474304199219,80.35298919677734,89.46327209472656,77.74201202392578,63.36824417114258,116.92019653320312,116.35919952392578,128.2932891845703,133.666015625,158.27713012695312,112.61139678955078,112.81464385986328,137.48495483398438,158.67124938964844,160.59779357910156,165.9084014892578,161.07752990722656,147.61032104492188,149.75144958496094,150.17520141601562,151.8499298095703,152.47598266601562,150.7644805908203,149.70855712890625,124.14945983886719,42.55980682373047,42.01728820800781,0.323819637298584,0.2776399850845337,0.2984400987625122,0.34713438153266907,0.3414635956287384,0.2470725029706955,0.23973451554775238,0.4354226589202881,0.2969379127025604,0.33359023928642273,0.24926450848579407,0.23394131660461426,0.24144653975963593,0.2534051239490509,0.24945253133773804,0.23272576928138733,0.2244599312543869,0.27075904607772827,0.10808407515287399,0.11457673460245132,0.09110408276319504,0.08673202246427536,0.08571424335241318,0.09961721301078796,0.0917997732758522,0.07823257148265839,0.07357129454612732,0.12233060598373413,0.17744047939777374,0.18732817471027374,0.08955027163028717,0.06091350317001343,0.07219485193490982,0.09558391571044922,0.094995878636837,0.06201793625950813,0.05744895711541176,0.16657337546348572,0.1890368014574051,0.21912594139575958,0.0,0.0,0.20000000298023224,0.0,0.0,0.4000000059604645,0.5,0.0,0.0,0.0,0.0,0.0,0.0357142873108387,4.0,121.94982147216797,88.7280502319336,-0.2181818187236786,-0.5090909004211426,0.7777777910232544,0.5185185074806213,0.25925925374031067,57.93315887451172,157.22239685058594,45.16301727294922,121.86283874511719,6.0,5.0
/Users/josephkamil/Desktop/Capstone/BenchPress/v_BenchPress_g13_c03.avi,BenchPress,v_BenchPress_g13_c03.avi,0.57,bench_press,,yes,,non_olympic,bench_press_ucf_g13,test,2533dbab8e97dfc5f99affca365b8c451fbe099f6c7661a3dfa2753d0ae599ca,1.0,2533dbab8e97dfc5f99affca365b8c451fbe099f6c7661a3dfa2753d0ae599ca,200,12,0.06,12.0,0.9166666865348816,0.0,1.0,1.0,2.0,1.0,0.4545454680919647,0.05826789140701294,0.022894887253642082,0.031899094581604004,0.007393436040729284,160.531005859375,169.18385314941406,133.82479858398438,172.79295349121094,133.4023895263672,171.6119384765625,176.2790985107422,140.87103271484375,167.37420654296875,123.04164123535156,137.5571746826172,176.46046447753906,149.72848510742188,176.4561767578125,148.71810913085938,151.99391174316406,155.06509399414062,125.79841613769531,139.57666015625,178.46029663085938,167.23968505859375,101.86099243164062,134.59500122070312,173.28424072265625,23.014732360839844,111.0691909790039,69.02976989746094,36.09552764892578,33.293880462646484,63.81410598754883,158.40940856933594,158.30673217773438,159.48214721679688,159.94186401367188,151.3768768310547,149.84780883789062,149.02572631835938,149.3101043701172,149.19447326660156,149.85000610351562,0.5504788160324097,0.6087467074394226,0.5937278866767883,0.6197832226753235,0.6667947173118591,0.6843749284744263,0.6575713753700256,0.6486632823944092,0.6239451766014099,0.6044964790344238,0.5989649295806885,0.6189400553703308,0.6208113431930542,0.6326491832733154,0.6775785684585571,0.6685193777084351,0.6692344546318054,0.6620771884918213,0.6596455574035645,0.6627471446990967,0.49120163917541504,0.5116751194000244,0.5211361646652222,0.5231150388717651,0.5567474365234375,0.560319185256958,0.5595563650131226,0.5525038242340088,0.5520499348640442,0.5539071559906006,0.06594202667474747,0.01241238508373499,0.027590306475758553,0.041440825909376144,0.03763675317168236,0.0615808367729187,0.05652153491973877,0.032343849539756775,0.038765616714954376,0.059235550463199615,1.0,1.0,1.0,1.0,1.0,0.0,1.0,1.0,1.0,1.0,1.0,1.0,0.5,2.0,160.531005859375,137.5571746826172,-1.0,-0.4545454680919647,0.6000000238418579,0.699999988079071,-0.10000000149011612,0.0,76.99639129638672,0.0,61.11604309082031,1.0,1.0
/Users/josephkamil/Desktop/Capstone/BenchPress/v_BenchPress_g02_c07.avi,BenchPress,v_BenchPress_g02_c07.avi,0.27,bench_press,,yes,,non_olympic,bench_press_ucf_g02,train,f4e5b9bf0f2e76d102d8cecad2acc63606dd90861d8e2f79df641d60169a7930,1.0,f4e5b9bf0f2e76d102d8cecad2acc63606dd90861d8e2f79df641d60169a7930,78,36,0.46153846153846156,36.0,0.8888888955116272,0.0,1.0,1.0,2.0,0.9714285731315613,0.37142857909202576,0.3260975778102875,0.052347760647535324,0.05333977937698364,0.01046333834528923,136.46461486816406,148.13626098632812,152.36183166503906,149.20065307617188,151.01654052734375,152.4414520263672,151.65399169921875,159.80726623535156,156.81512451171875,151.81906127929688,133.95985412597656,139.61392211914062,143.64405822753906,139.92437744140625,137.69622802734375,138.63905334472656,134.46627807617188,143.79823303222656,144.6612548828125,145.5324249267578,121.04874420166016,84.66584014892578,133.05091857910156,111.9630126953125,115.95309448242188,105.99569702148438,91.41535949707031,120.71004486083984,121.70338439941406,87.01782989501953,17.64362144470215,19.838809967041016,16.30946159362793,16.557310104370117,17.103565216064453,17.137901306152344,16.91556739807129,14.849921226501465,14.178613662719727,21.903162002563477,0.2306181937456131,0.2895568907260895,0.5706453919410706,0.42504480481147766,0.22090986371040344,0.2615765333175659,0.32522261142730713,0.2387624979019165,0.2404029369354248,0.3430768549442291,0.4456993639469147,0.4412645697593689,0.5482921600341797,0.5001041293144226,0.4476112127304077,0.4393993318080902,0.45101016759872437,0.4531921446323395,0.4477788805961609,0.4605967104434967,0.6419824957847595,0.6468314528465271,0.6677765250205994,0.6461687684059143,0.6471236944198608,0.6486307382583618,0.6566141843795776,0.645220935344696,0.6603547930717468,0.6505654454231262,0.21513938903808594,0.15210577845573425,0.09600052237510681,0.13007406890392303,0.22673198580741882,0.17790816724300385,0.12626495957374573,0.21542759239673615,0.20826750993728638,0.12674212455749512,1.0,1.0,0.3333333432674408,0.5,1.0,1.0,1.0,1.0,1.0,1.0,1.0,1.0,0.6666666865348816,2.0,139.13807678222656,133.37005615234375,-0.9714285731315613,-0.37142857909202576,0.3235294222831726,0.970588207244873,-0.6470588445663452,0.0,37.72929382324219,0.0,29.333709716796875,2.0,2.0
/Users/josephkamil/Desktop/Capstone/Archived_Datasets/ucf50/UCF50/BenchPress/v_BenchPress_g19_c03.avi,BenchPress,v_BenchPress_g19_c03.avi,0.22,bench_press,,yes,,non_olympic,bench_press_ucf_g19,train,3ba36bf8f23ce630aa30d77864feba34f25755729757d9029c04387e8c638f23,1.0,3ba36bf8f23ce630aa30d77864feba34f25755729757d9029c04387e8c638f23,82,61,0.7439024390243902,61.0,0.9344262480735779,0.06666667014360428,1.0,0.9344262480735779,1.0,0.9666666388511658,0.9666666388511658,0.19300520420074463,0.024896057322621346,0.3845908045768738,0.008687225170433521,123.99536895751953,71.33734893798828,71.24932098388672,73.9181137084961,74.00138854980469,64.02326202392578,67.72615814208984,76.78206634521484,67.96833038330078,61.77047348022461,172.89210510253906,156.58961486816406,159.45587158203125,159.51840209960938,158.73094177246094,153.4911346435547,157.41200256347656,160.61805725097656,161.0879364013672,154.51197814941406,155.66421508789062,112.58181762695312,79.5836410522461,80.74536895751953,111.12902069091797,96.3730239868164,113.79402923583984,87.73223114013672,86.84477996826172,92.97058868408203,16.312440872192383,46.36637878417969,48.09920120239258,48.086090087890625,45.919342041015625,45.317047119140625,48.381439208984375,48.48634719848633,45.95844650268555,44.36847686767578,0.4304471015930176,0.4245021343231201,0.5545695424079895,0.5513374209403992,0.5599400401115417,0.4677175283432007,0.46592530608177185,0.5135297179222107,0.5451144576072693,0.4667118489742279,0.2737543284893036,0.623572826385498,0.6246587634086609,0.617004930973053,0.6077327132225037,0.6124141812324524,0.6224732995033264,0.6117153763771057,0.6016612648963928,0.6079009771347046,0.5104170441627502,0.7884275913238525,0.787126362323761,0.7805287837982178,0.7718008160591125,0.7773704528808594,0.7819229960441589,0.787667989730835,0.7909526228904724,0.7879447937011719,0.23257465660572052,0.20117241144180298,0.09637133032083511,0.0726897194981575,0.06264353543519974,0.14817209541797638,0.15934830904006958,0.10887205600738525,0.08849581331014633,0.14408858120441437,0.3333333432674408,1.0,1.0,1.0,1.0,1.0,1.0,1.0,1.0,1.0,0.6666666865348816,1.0,0.9344262480735779,1.0,75.72288513183594,162.63397216796875,-0.8999999761581421,-0.8999999761581421,0.06779661029577255,0.32203391194343567,-0.2542372941970825,102.1234130859375,19.10696029663086,16.877822875976562,15.109878540039062,4.0,0.0
/Users/josephkamil/Desktop/Capstone/Archived_Datasets/ucf50/UCF50/BenchPress/v_BenchPress_g12_c07.avi,BenchPress,v_BenchPress_g12_c07.avi,0.22,bench_press,,yes,,non_olympic,bench_press_ucf_g12,test,fc47d7599d6e1eff2e28a9591849861d8f4bda35122a8f0ef32d6e59229e16ad,1.0,fc47d7599d6e1eff2e28a9591849861d8f4bda35122a8f0ef32d6e59229e16ad,68,64,0.9411764705882353,64.0,0.0,1.0,0.0,0.0,0.0,0.3333333432674408,0.2539682686328888,0.11392241716384888,0.02210129238665104,0.06954416632652283,0.005744993686676025,104.84850311279297,115.06451416015625,134.93276977539062,66.60814666748047,166.80712890625,154.17449951171875,129.2451934814453,136.68397521972656,116.69739532470703,114.03936767578125,82.37586975097656,76.02054595947266,43.99446487426758,54.275630950927734,145.56768798828125,156.9414825439453,141.6542205810547,131.64366149902344,122.02951049804688,80.00444030761719,128.67913818359375,76.29021453857422,125.11640930175781,142.565185546875,153.8466796875,153.26626586914062,162.73748779296875,160.88426208496094,163.67111206054688,167.2345428466797,117.45931243896484,118.85843658447266,127.66605377197266,135.6488494873047,58.21995162963867,44.460758209228516,41.70534896850586,43.44063186645508,38.57081985473633,36.69667434692383,0.3096332252025604,0.2922952473163605,0.30600038170814514,0.34221938252449036,0.23325516283512115,0.2578580677509308,0.32169660925865173,0.2901214063167572,0.3173748552799225,0.3105103373527527,0.19089990854263306,0.2031782865524292,0.20398588478565216,0.22240610420703888,0.11294090747833252,0.09371914714574814,0.09487416595220566,0.09227187186479568,0.1010994017124176,0.11495707929134369,0.10662462562322617,0.11797904968261719,0.09929321706295013,0.09353595972061157,0.14987918734550476,0.16081245243549347,0.16458715498447418,0.16372868418693542,0.1882786750793457,0.19269399344921112,0.1264238804578781,0.09570581465959549,0.12117043882608414,0.13098983466625214,0.13463445007801056,0.1707923412322998,0.22685682773590088,0.1990193873643875,0.21643851697444916,0.19564855098724365,0.0,0.0,0.0,0.0,0.0,0.0,0.0,0.0,0.0,0.0,0.0,0.0,0.0,0.0,180.0,180.0,0.6666666865348816,0.7460317611694336,0.4032258093357086,0.22580644488334656,0.17741934955120087,138.48797607421875,0.0,142.9305419921875,0.0,6.0,4.0
/Users/josephkamil/Desktop/Capstone/Archived_Datasets/ucf50/UCF50/BenchPress/v_BenchPress_g09_c01.avi,BenchPress,v_BenchPress_g09_c01.avi,0.26,bench_press,,yes,,non_olympic,bench_press_ucf_g09,train,80519fce17dcc71233446d52929e812e6e36bce7053d1e16bae45655e63ebfbc,1.0,80519fce17dcc71233446d52929e812e6e36bce7053d1e16bae45655e63ebfbc,85,82,0.9647058823529412,82.0,0.8414633870124817,0.0,1.0,1.0,6.0,0.7037037014961243,0.7037037014961243,0.17424726486206055,0.03168243169784546,0.0366816520690918,0.007355168461799622,118.16302490234375,132.33392333984375,74.2415542602539,56.396034240722656,82.25731658935547,43.042625427246094,46.22441101074219,59.695152282714844,116.42851257324219,53.06642532348633,137.99630737304688,164.59869384765625,133.7639923095703,126.77674865722656,148.23577880859375,121.50863647460938,129.92007446289062,131.5189208984375,153.66273498535156,125.72599029541016,69.52940368652344,111.29304504394531,133.47918701171875,139.9871368408203,137.85557556152344,99.59434509277344,147.46047973632812,167.714599609375,60.687095642089844,121.82864379882812,112.34857177734375,105.50292205810547,106.06684112548828,107.19590759277344,106.10437774658203,102.38558959960938,105.44660949707031,107.54013061523438,102.24824523925781,105.52496337890625,0.6534301042556763,0.7140197157859802,0.62994784116745,0.5576625466346741,0.7428402304649353,0.6581754684448242,0.5304175615310669,0.6233495473861694,0.6997160911560059,0.5740258097648621,0.7310051321983337,0.719620943069458,0.7125765085220337,0.71632319688797,0.7244258522987366,0.7303654551506042,0.711694061756134,0.7148417234420776,0.743789553642273,0.7041618824005127,0.6476430892944336,0.6442725658416748,0.6327329874038696,0.6323314905166626,0.6398077607154846,0.6634241342544556,0.6349688172340393,0.6250029802322388,0.6785764694213867,0.6264921426773071,0.10134638845920563,0.13977017998695374,0.12032770365476608,0.1754881590604782,0.15614847838878632,0.10632386058568954,0.20363180339336395,0.13655464351177216,0.11557971686124802,0.1584995836019516,1.0,0.375,1.0,1.0,0.2222222238779068,1.0,1.0,0.875,1.0,1.0,0.6875,1.0,0.2804878056049347,4.0,144.17674255371094,113.8969955444336,-0.7037037014961243,-0.7037037014961243,1.0,0.0,1.0,0.0,137.26377868652344,0.0,64.31229400634766,7.0,4.0
/Users/josephkamil/Desktop/Capstone/Archived_Datasets/ucf50/UCF50/BenchPress/v_BenchPress_g17_c02.avi,BenchPress,v_BenchPress_g17_c02.avi,0.18,bench_press,,yes,,non_olympic,bench_press_ucf_g17,dev,a9c3bcc199482fe203487ca993a6825ccb882d88e0090b7b6c0747a26ae905ec,1.0,a9c3bcc199482fe203487ca993a6825ccb882d88e0090b7b6c0747a26ae905ec,68,32,0.47058823529411764,32.0,0.3125,0.032258063554763794,0.9677419066429138,0.9375,12.0,0.22580644488334656,0.4516128897666931,0.3019410967826843,0.08334605395793915,0.21676403284072876,0.022152433171868324,174.5719451904297,178.8475341796875,69.35640716552734,103.33435821533203,107.18965148925781,165.4508056640625,162.3916778564453,138.8551483154297,164.72605895996094,169.33753967285156,149.88523864746094,151.3728485107422,166.5396270751953,171.2502899169922,151.5715789794922,151.00079345703125,141.5101318359375,161.7737579345703,149.78663635253906,139.16493225097656,166.45448303222656,102.17362213134766,112.204833984375,107.85066986083984,92.92585754394531,163.46876525878906,145.6630401611328,130.3520965576172,123.42176055908203,94.67445373535156,80.01847076416016,73.53497314453125,70.1686782836914,72.0814208984375,68.85682678222656,72.4810562133789,71.94599151611328,71.29652404785156,71.0506362915039,70.79640197753906,0.7285828590393066,0.8046951293945312,0.7851274609565735,0.7761854529380798,0.8949993848800659,0.8042823672294617,0.7535052299499512,0.8102877140045166,0.8193917274475098,0.7825605273246765,0.7987025380134583,0.7540047764778137,0.7621212005615234,0.7637488842010498,0.820624053478241,0.8469448089599609,0.820339024066925,0.772562563419342,0.7548359036445618,0.7619572877883911,0.8688089847564697,0.8569071888923645,0.8751263618469238,0.869010865688324,0.9665557146072388,0.9904252886772156,0.9614604115486145,0.9023559093475342,0.8638848662376404,0.8823767304420471,0.17581653594970703,0.1482781320810318,0.17130498588085175,0.15631689131259918,0.2518117129802704,0.3343985974788666,0.23232989013195038,0.22586821019649506,0.1268247663974762,0.09105060249567032,0.6666666865348816,0.0,0.3333333432674408,0.3333333432674408,0.25,0.3333333432674408,0.3333333432674408,0.3333333432674408,0.0,0.5,0.3333333432674408,0.3333333432674408,0.0625,6.0,177.94044494628906,138.35693359375,-0.19354838132858276,-0.4193548262119293,0.5666666626930237,0.5666666626930237,0.0,1.1550445556640625,119.23097229003906,25.149078369140625,67.6756362915039,3.0,2.0
/Users/josephkamil/Desktop/Capstone/_Duplicate_Backups/UCF50/PullUps/v_Pullup_g09_c01.avi,PullUps,v_Pullup_g09_c01.avi,0.3,pull_up,,yes,,non_olympic,pull_up_ucf_g09,train,692b4372998a2aa7f856ee0031e8e976c36ce16e37a29428532195cbe4451577,1.0,692b4372998a2aa7f856ee0031e8e976c36ce16e37a29428532195cbe4451577,107,107,1.0,107.0,0.7943925261497498,0.0,1.0,1.0,8.0,0.33018869161605835,0.3207547068595886,0.10152597725391388,0.01168237067759037,0.061138689517974854,0.01768070086836815,145.45022583007812,116.73921203613281,160.1000213623047,122.19075775146484,163.14207458496094,161.18353271484375,154.7789764404297,103.6591796875,151.93116760253906,144.81088256835938,56.46074295043945,143.5956268310547,170.93016052246094,103.91996765136719,171.173583984375,176.43295288085938,55.434791564941406,61.78904724121094,173.71942138671875,143.14430236816406,174.7937469482422,124.74990844726562,118.09835815429688,175.5416717529297,120.14981079101562,67.98040008544922,168.3553924560547,152.58616638183594,90.13236999511719,157.5760040283203,5.969512939453125,16.475711822509766,13.080313682556152,5.7995452880859375,11.7966947555542,11.523116111755371,9.507131576538086,10.118165016174316,14.578827857971191,8.87090015411377,0.1396726816892624,0.18294276297092438,0.19662784039974213,0.1834346354007721,0.22284451127052307,0.2759011387825012,0.24348315596580505,0.24640701711177826,0.29286664724349976,0.23788005113601685,0.3874357342720032,0.23920868337154388,0.28778305649757385,0.41791701316833496,0.3409847915172577,0.2879392206668854,0.45968228578567505,0.42432641983032227,0.2625557780265808,0.42142075300216675,0.6688156127929688,0.5064103007316589,0.5750231146812439,0.7321808338165283,0.6481034755706787,0.5588002800941467,0.7387612462043762,0.72182697057724,0.523625910282135,0.7155231833457947,0.2497158795595169,0.129912868142128,0.14340563118457794,0.235646054148674,0.15380237996578217,0.09284389764070511,0.21934211254119873,0.19124241173267365,0.0929875299334526,0.19218897819519043,1.0,0.5454545617103577,0.8181818127632141,1.0,1.0,0.3636363744735718,1.0,1.0,0.27272728085517883,1.0,0.761904776096344,0.6190476417541504,0.28037384152412415,5.0,158.6373291015625,8.081551551818848,-0.33018869161605835,-0.3207547068595886,0.5809524059295654,0.4476190507411957,0.13333334028720856,0.0,170.76785278320312,0.0,179.23780822753906,4.0,3.0
/Users/josephkamil/Desktop/Capstone/_Duplicate_Backups/UCF50/PullUps/v_Pullup_g13_c01.avi,PullUps,v_Pullup_g13_c01.avi,0.24,pull_up,,yes,,non_olympic,pull_up_ucf_g13,train,96590a4e2d70e33ec715abf9867d37d41bf71aed13535a2aa95708c391df4e55,1.0,96590a4e2d70e33ec715abf9867d37d41bf71aed13535a2aa95708c391df4e55,93,90,0.967741935483871,90.0,0.9888888597488403,0.0,1.0,1.0,2.0,0.49438202381134033,0.7977527976036072,0.10039180517196655,0.007105977274477482,0.10955500602722168,0.01254287175834179,173.95887756347656,175.79234313964844,174.12213134765625,171.06716918945312,156.88343811035156,175.424560546875,178.50123596191406,175.746337890625,174.4986572265625,177.1936492919922,176.7526092529297,174.134765625,177.85540771484375,176.13250732421875,175.28485107421875,175.6126251220703,174.50625610351562,176.3134765625,176.4690399169922,176.5369110107422,154.74522399902344,129.57078552246094,35.51312255859375,116.23212432861328,162.69851684570312,162.11781311035156,111.58612823486328,35.795650482177734,140.8289794921875,167.92547607421875,3.572218656539917,4.438479900360107,3.205775737762451,5.9634480476379395,4.132766246795654,3.0659539699554443,4.621425151824951,3.032801628112793,3.421788454055786,3.971673011779785,0.34179624915122986,0.29595863819122314,0.3356999158859253,0.31533917784690857,0.26697880029678345,0.19203779101371765,0.17657548189163208,0.20425815880298615,0.16245488822460175,0.1422904133796692,0.506817638874054,0.44763877987861633,0.3764280080795288,0.4443033039569855,0.4905894696712494,0.40792691707611084,0.3122326135635376,0.2522661089897156,0.3287752866744995,0.37516212463378906,0.7210988998413086,0.6950655579566956,0.5971314311027527,0.7022141218185425,0.7605092525482178,0.6941583156585693,0.5577462315559387,0.4938928782939911,0.5878550410270691,0.6522778272628784,0.16577298939228058,0.15356425940990448,0.046386267989873886,0.1294798105955124,0.22361540794372559,0.2159767597913742,0.13876119256019592,0.05821066349744797,0.16869667172431946,0.23374512791633606,1.0,1.0,1.0,1.0,1.0,1.0,1.0,0.8888888955116272,1.0,1.0,1.0,1.0,0.7555555701255798,2.0,149.3914031982422,171.2692413330078,-0.49438202381134033,-0.7977527976036072,0.011363636702299118,0.1818181872367859,-0.17045454680919647,0.0,88.26106262207031,0.0,9.536361694335938,1.0,0.0
/Users/josephkamil/Desktop/Capstone/PullUps/v_PullUps_g24_c02.avi,PullUps,v_PullUps_g24_c02.avi,0.4,pull_up,,yes,,non_olympic,pull_up_ucf_g24,dev,48be6ef22a167276029ee33290a3b435677fd506f25cbe1a2dcbf172fb4e5617,1.0,48be6ef22a167276029ee33290a3b435677fd506f25cbe1a2dcbf172fb4e5617,192,192,1.0,192.0,1.0,0.0,1.0,1.0,0.0,0.7329843044281006,0.29842931032180786,0.003442525863647461,0.0006036098347976804,0.010644853115081787,0.0032800438348203897,159.62942504882812,165.30361938476562,160.1425323486328,153.3260498046875,159.51351928710938,164.2353973388672,162.3589324951172,153.7483673095703,156.2818145751953,161.4613037109375,168.940185546875,171.37533569335938,167.2698516845703,164.31829833984375,170.27926635742188,171.40724182128906,168.78707885742188,164.88796997070312,167.70191955566406,169.43893432617188,177.2008056640625,160.6886749267578,60.534339904785156,146.2661590576172,176.3710479736328,177.95147705078125,154.0630645751953,44.68412780761719,128.80194091796875,176.65652465820312,0.280933141708374,0.7114849090576172,1.8400911092758179,2.3867313861846924,0.48996439576148987,0.802088737487793,1.7402998208999634,1.2377598285675049,1.4766416549682617,0.47149911522865295,0.3277267515659332,0.3199772536754608,0.3257279098033905,0.3220589756965637,0.322802871465683,0.3175729215145111,0.31999292969703674,0.3351185619831085,0.3357316553592682,0.3347444534301758,0.47652098536491394,0.4361713230609894,0.366596519947052,0.42389634251594543,0.46965497732162476,0.46612146496772766,0.42661675810813904,0.3649050295352936,0.4291779398918152,0.48336711525917053,0.6287446022033691,0.5760869383811951,0.4965986907482147,0.5515141487121582,0.6226016283035278,0.621719241142273,0.5600495338439941,0.4963320195674896,0.5601351261138916,0.634294867515564,0.14885319769382477,0.11625424027442932,0.0409659780561924,0.10193342715501785,0.14690425992012024,0.14858470857143402,0.10665957629680634,0.02994663082063198,0.09355201572179794,0.1486709862947464,1.0,1.0,1.0,1.0,1.0,1.0,1.0,1.0,1.0,1.0,1.0,1.0,1.0,1.0,159.41098022460938,168.74514770507812,-0.7329843044281006,-0.29842931032180786,0.3263157904148102,0.6105263233184814,-0.28421053290367126,0.0,20.543045043945312,0.0,19.604949951171875,0.0,0.0
/Users/josephkamil/Desktop/Capstone/_Duplicate_Backups/UCF50/PullUps/v_Pullup_g21_c01.avi,PullUps,v_Pullup_g21_c01.avi,0.42,pull_up,,yes,,non_olympic,pull_up_ucf_g21,train,d37d3564446ac13e776da2e63f0332028884d7c85ee66fdf1c90ae22df63f54c,1.0,d37d3564446ac13e776da2e63f0332028884d7c85ee66fdf1c90ae22df63f54c,165,38,0.23030303030303031,38.0,0.5263158082962036,0.0,1.0,1.0,18.0,0.8918918967247009,0.9459459185600281,0.6727091073989868,0.19903773069381714,0.25539058446884155,0.054710838943719864,128.9761199951172,153.96185302734375,172.73587036132812,109.77171325683594,154.06719970703125,140.3464813232422,128.615234375,178.387451171875,122.53311920166016,132.43988037109375,160.19793701171875,173.84127807617188,172.56109619140625,147.8231201171875,169.733642578125,153.3802947998047,153.32037353515625,176.07830810546875,152.75430297851562,132.75094604492188,109.85285186767578,171.60589599609375,63.805843353271484,144.4038848876953,156.06027221679688,133.4608612060547,101.40425109863281,81.30795288085938,173.42466735839844,146.87281799316406,10.693665504455566,7.69163703918457,179.2344512939453,56.9877815246582,109.21317291259766,119.02291870117188,98.30731201171875,178.9833984375,96.61468505859375,123.04469299316406,0.08088165521621704,0.14407624304294586,0.5708705186843872,0.2194235920906067,0.47797465324401855,0.47787654399871826,0.3704085946083069,0.604092001914978,0.3477587401866913,0.44975072145462036,0.17013943195343018,0.14135345816612244,0.5590475797653198,0.31018000841140747,0.4905838668346405,0.4889855682849884,0.3732927143573761,0.606586217880249,0.42635512351989746,0.48338747024536133,0.34230247139930725,0.3279585838317871,0.34346479177474976,0.3907833397388458,0.45667245984077454,0.4550580084323883,0.358132928609848,0.3972267210483551,0.41415661573410034,0.42611920833587646,0.10042198747396469,0.08950838446617126,0.041819021105766296,0.10419159382581711,0.09226161241531372,0.11847082525491714,0.07048024237155914,0.05435142293572426,0.10510958731174469,0.07242634147405624,1.0,0.5,0.5,0.75,0.25,0.3333333432674408,0.5,0.5,0.5,0.5,0.625,0.5,0.07894736528396606,10.0,114.34330749511719,159.2045440673828,-0.8918918967247009,-0.9459459185600281,0.5555555820465088,0.9722222089767456,-0.4166666567325592,0.0,110.92013549804688,0.0,127.36138916015625,4.0,1.0
/Users/josephkamil/Desktop/Capstone/PullUps/v_PullUps_g04_c04.avi,PullUps,v_PullUps_g04_c04.avi,0.33,pull_up,,yes,,non_olympic,pull_up_ucf_g04,test,ade81f66dbbf9214674534b3c76d7b04f7629fe96b07bb09eaa8827469698835,2.0,ade81f66dbbf9214674534b3c76d7b04f7629fe96b07bb09eaa8827469698835,138,138,1.0,138.0,0.52173912525177,0.0,0.8540145754814148,0.8550724387168884,5.0,0.8613138794898987,0.18978102505207062,0.07626713812351227,0.008769179694354534,0.03620040416717529,0.0062135960906744,173.6488494873047,174.84681701660156,172.8856201171875,173.30810546875,175.32508850097656,176.63307189941406,175.47286987304688,175.5278778076172,166.77841186523438,176.27427673339844,175.34344482421875,169.21240234375,168.91270446777344,171.9413604736328,174.57191467285156,175.49644470214844,176.21432495117188,171.09658813476562,174.23141479492188,173.31556701660156,177.84622192382812,119.16490936279297,54.54610824584961,87.15924835205078,79.71684265136719,156.35679626464844,175.7857666015625,164.91036987304688,53.68693161010742,79.92706298828125,4.847419261932373,4.05979585647583,4.400641918182373,7.562079429626465,2.7344071865081787,3.909428834915161,3.51967191696167,5.928309917449951,2.872769594192505,5.906965732574463,0.1311073899269104,0.17468121647834778,0.20412053167819977,0.23011353611946106,0.23158349096775055,0.17499186098575592,0.1885497123003006,0.15749670565128326,0.1520441770553589,0.15710380673408508,0.3041534423828125,0.23049388825893402,0.16938599944114685,0.18381108343601227,0.20001661777496338,0.3070337176322937,0.3669852912425995,0.29607120156288147,0.1531512588262558,0.1194722130894661,0.5011067390441895,0.3986288011074066,0.32158786058425903,0.33378419280052185,0.3618457019329071,0.48887723684310913,0.568151593208313,0.47910764813423157,0.3118681311607361,0.277034193277359,0.17327076196670532,0.07925902307033539,0.035143788903951645,0.04738200083374977,0.05124710127711296,0.1328420341014862,0.1786235272884369,0.1402619481086731,0.02539420686662197,0.04018251225352287,1.0,0.7142857313156128,0.0,0.0,0.2142857164144516,1.0,1.0,1.0,0.3571428656578064,0.0,0.8214285969734192,0.1785714328289032,0.3333333432674408,3.0,178.31809997558594,178.6736297607422,-0.8613138794898987,-0.18978102505207062,0.8308823704719543,0.8161764740943909,0.014705882407724857,0.0,27.077285766601562,0.0,28.091461181640625,0.0,0.0
/Users/josephkamil/Desktop/Capstone/_Duplicate_Backups/UCF50/PullUps/v_Pullup_g19_c01.avi,PullUps,v_Pullup_g19_c01.avi,0.2,pull_up,,yes,,non_olympic,pull_up_ucf_g19,train,595bb3b0ec4a8b144046c98942bd8721a9c556a8745d128322194d2139eb8600,1.0,595bb3b0ec4a8b144046c98942bd8721a9c556a8745d128322194d2139eb8600,111,111,1.0,111.0,1.0,0.0,1.0,1.0,0.0,0.6272727251052856,0.6181818246841431,0.01030316948890686,0.0017028602305799723,0.02536487579345703,0.009902958758175373,89.87773895263672,167.275146484375,175.77435302734375,168.60023498535156,105.34252166748047,100.50564575195312,135.14784240722656,175.81715393066406,177.95684814453125,101.2684555053711,162.5656280517578,166.60220336914062,174.7406005859375,170.54991149902344,163.07745361328125,162.19625854492188,161.37466430664062,166.3418426513672,163.64065551757812,164.8667755126953,174.88055419921875,167.82162475585938,62.40394592285156,145.73101806640625,174.8880615234375,176.24066162109375,172.6794891357422,36.08735275268555,163.5880889892578,176.05564880371094,7.865294933319092,17.676658630371094,19.625925064086914,13.762412071228027,8.671398162841797,4.568376064300537,13.281932830810547,19.492162704467773,21.36390495300293,10.80877685546875,0.13145527243614197,0.1244884729385376,0.13194721937179565,0.13667263090610504,0.13277246057987213,0.13270840048789978,0.12351575493812561,0.13564278185367584,0.13470257818698883,0.13997162878513336,0.3566490411758423,0.2849637567996979,0.20223259925842285,0.2652251422405243,0.35037970542907715,0.36272504925727844,0.26998069882392883,0.1910751461982727,0.2882404029369354,0.3602936267852783,0.6051198840141296,0.4802917540073395,0.36418578028678894,0.46427878737449646,0.5857141017913818,0.6135411858558655,0.4797719717025757,0.35672637820243835,0.47350388765335083,0.5938937664031982,0.225490003824234,0.1641695201396942,0.07702145725488663,0.13326463103294373,0.2194272130727768,0.2302926927804947,0.1529904305934906,0.06279918551445007,0.1562633365392685,0.2212219387292862,1.0,1.0,1.0,1.0,1.0,1.0,1.0,1.0,1.0,1.0,1.0,1.0,1.0,1.0,109.9058837890625,165.00497436523438,-0.6272727251052856,-0.6181818246841431,0.0,0.6238532066345215,-0.6238532066345215,0.0,150.3138427734375,0.0,20.991424560546875,4.0,0.0
/Users/josephkamil/Desktop/Capstone/_Duplicate_Backups/UCF50/PullUps/v_Pullup_g28_c02.avi,PullUps,v_Pullup_g28_c02.avi,0.53,pull_up,,yes,,non_olympic,pull_up_ucf_g28,train,145b622a0927e6357343b77bd0f21fb55d9d2583ea41338710fa5628ed56a965,1.0,145b622a0927e6357343b77bd0f21fb55d9d2583ea41338710fa5628ed56a965,218,218,1.0,218.0,0.9816513657569885,0.0,1.0,1.0,4.0,0.7788018584251404,0.7142857313156128,0.019992515444755554,0.0023184046149253845,0.043501973152160645,0.007936649024486542,175.74453735351562,173.43663024902344,171.41082763671875,177.29380798339844,170.32383728027344,170.969970703125,172.9640655517578,174.51571655273438,174.78453063964844,174.20510864257812,165.166748046875,175.43626403808594,169.6064453125,164.5810546875,175.43907165527344,171.73117065429688,169.48768615722656,171.0338134765625,172.67637634277344,172.04290771484375,164.90020751953125,38.39306640625,150.51580810546875,172.8505401611328,70.12891387939453,114.22532653808594,174.6871795654297,89.13459777832031,88.18641662597656,174.2971649169922,5.41840934753418,11.401015281677246,10.92867660522461,3.2922356128692627,10.895468711853027,13.41076946258545,4.035826206207275,9.48253059387207,12.07186222076416,4.563961982727051,0.12249213457107544,0.13029848039150238,0.13759508728981018,0.13430404663085938,0.12140030413866043,0.12431912124156952,0.12509220838546753,0.12126751244068146,0.13018016517162323,0.118787981569767,0.31473493576049805,0.16174910962581635,0.3079531490802765,0.3556441068649292,0.18832626938819885,0.24734246730804443,0.35290005803108215,0.21160320937633514,0.20878057181835175,0.3467397391796112,0.5901355743408203,0.4105031192302704,0.5551037192344666,0.6353057622909546,0.4324057400226593,0.4870360791683197,0.6300632953643799,0.46900779008865356,0.450056254863739,0.6224541664123535,0.19392478466033936,0.05063741281628609,0.17761141061782837,0.22205185890197754,0.07693133503198624,0.13211339712142944,0.2285299301147461,0.10223671793937683,0.09507326781749725,0.22930766642093658,1.0,1.0,1.0,1.0,1.0,1.0,1.0,1.0,0.8181818127632141,1.0,1.0,0.9090909361839294,0.8027523159980774,3.0,172.42295837402344,167.97837829589844,-0.7788018584251404,-0.7142857313156128,0.20370370149612427,0.7453703880310059,-0.5416666865348816,0.0,18.314163208007812,0.0,20.272567749023438,0.0,0.0
/Users/josephkamil/Desktop/Capstone/PullUps/v_PullUps_g19_c04.avi,PullUps,v_PullUps_g19_c04.avi,0.18,pull_up,,yes,,non_olympic,pull_up_ucf_g19,train,7ecc4b9cfaa4fd368ee3384298c6806fe52ce107fde2f3f2775325fde040832e,2.0,7ecc4b9cfaa4fd368ee3384298c6806fe52ce107fde2f3f2775325fde040832e,104,104,1.0,104.0,1.0,0.0,1.0,1.0,0.0,0.3980582654476166,0.6116504669189453,0.009220823645591736,0.0016662433044984937,0.033605992794036865,0.009726318530738354,86.36426544189453,144.08914184570312,173.7327117919922,167.4818878173828,87.36117553710938,89.86348724365234,149.80484008789062,177.75128173828125,178.37586975097656,122.21282196044922,162.99853515625,163.95358276367188,170.80531311035156,165.1732940673828,164.563720703125,161.74203491210938,162.5565948486328,168.99896240234375,165.1719512939453,165.60813903808594,175.9546356201172,167.44180297851562,55.94906234741211,132.94671630859375,174.44691467285156,174.92605590820312,168.39633178710938,30.000612258911133,145.45977783203125,174.2313690185547,9.924044609069824,16.07777976989746,14.71636962890625,13.45985221862793,10.44398307800293,8.236668586730957,15.22692584991455,14.431536674499512,16.07173728942871,11.499772071838379,0.13597318530082703,0.1255854368209839,0.13677901029586792,0.1382751166820526,0.14403757452964783,0.13480357825756073,0.12542304396629333,0.1405618041753769,0.13829189538955688,0.14221157133579254,0.3618461489677429,0.27858245372772217,0.19560480117797852,0.2592633068561554,0.3552444279193878,0.35959166288375854,0.26747775077819824,0.19461527466773987,0.2702949345111847,0.36018168926239014,0.6005517840385437,0.4766930937767029,0.37491151690483093,0.45860758423805237,0.5816168785095215,0.5955043435096741,0.4636300206184387,0.3746834099292755,0.46467143297195435,0.5888872146606445,0.22614702582359314,0.15934577584266663,0.07117361575365067,0.1258767545223236,0.2125319391489029,0.2252306044101715,0.1491331309080124,0.06331145018339157,0.1354016661643982,0.21918751299381256,1.0,1.0,1.0,1.0,1.0,1.0,1.0,1.0,1.0,1.0,1.0,1.0,1.0,1.0,79.59306335449219,167.07460021972656,-0.3980582654476166,-0.6116504669189453,0.3235294222831726,0.6372548937797546,-0.3137255012989044,0.0,158.350830078125,0.0,19.439010620117188,4.0,0.0
/Users/josephkamil/Desktop/Capstone/_Duplicate_Backups/UCF50/PullUps/v_Pullup_g11_c03.avi,PullUps,v_Pullup_g11_c03.avi,0.21,pull_up,,yes,,non_olympic,pull_up_ucf_g11,train,d4729dc87ce0e01c09f0afeb697cbad966329cd906408c054204b9803a9e7ef8,1.0,d4729dc87ce0e01c09f0afeb697cbad966329cd906408c054204b9803a9e7ef8,91,91,1.0,91.0,0.8131868243217468,0.0,1.0,1.0,4.0,0.644444465637207,0.1111111119389534,0.028199374675750732,0.004339652135968208,0.02273470163345337,0.009117268957197666,139.5617218017578,148.4009552001953,178.02755737304688,176.13461303710938,175.61094665527344,164.5728759765625,117.88959503173828,168.76541137695312,174.3120880126953,169.2502899169922,158.99411010742188,156.92657470703125,172.75230407714844,176.53114318847656,175.1507110595703,174.74488830566406,156.15882873535156,171.0487060546875,175.34051513671875,171.9099578857422,162.5791473388672,63.79910659790039,10.797422409057617,92.39864349365234,164.44992065429688,166.95449829101562,124.35707092285156,19.426944732666016,44.65573501586914,156.1040496826172,1.317545771598816,3.546955108642578,4.05861759185791,7.517412185668945,2.944262981414795,0.3800320625305176,1.7738031148910522,1.3863197565078735,3.8577961921691895,2.3552069664001465,0.11573626101016998,0.12887407839298248,0.1680232733488083,0.1378917396068573,0.11874788254499435,0.0887678861618042,0.07946722209453583,0.15783865749835968,0.17315168678760529,0.15649762749671936,0.3003664016723633,0.1956821233034134,0.14821669459342957,0.24661748111248016,0.32201087474823,0.3057933449745178,0.21443654596805573,0.14873698353767395,0.21190506219863892,0.3483433723449707,0.5618675351142883,0.4532436728477478,0.40885668992996216,0.5048189163208008,0.5840255618095398,0.5733575820922852,0.4834679067134857,0.4043439030647278,0.46803557872772217,0.6120087504386902,0.18521389365196228,0.08210629969835281,0.03374762460589409,0.1155882179737091,0.20336449146270752,0.21715372800827026,0.14316657185554504,0.05411650985479355,0.07120689749717712,0.19216682016849518,1.0,0.8888888955116272,0.1111111119389534,1.0,1.0,1.0,1.0,0.4444444477558136,0.6666666865348816,1.0,0.9444444179534912,0.8888888955116272,0.450549453496933,3.0,149.32333374023438,167.3666229248047,-0.644444465637207,-0.1111111119389534,0.8764045238494873,0.13483145833015442,0.7415730357170105,0.0,78.0203857421875,0.0,37.73521423339844,2.0,1.0
/Users/josephkamil/Desktop/Capstone/PullUps/v_PullUps_g08_c03.avi,PullUps,v_PullUps_g08_c03.avi,0.26,pull_up,,yes,,non_olympic,pull_up_ucf_g08,train,05e1a01a5900017bc01fcba9eb240540f0597003872c8618c0bff3c9383999b2,1.0,05e1a01a5900017bc01fcba9eb240540f0597003872c8618c0bff3c9383999b2,104,104,1.0,104.0,0.9903846383094788,0.0,1.0,1.0,2.0,0.11650485545396805,0.08737864345312119,0.04712611436843872,0.006550184916704893,0.05188244581222534,0.017763419076800346,172.59442138671875,147.59713745117188,140.13018798828125,177.36669921875,134.63446044921875,142.63998413085938,162.36358642578125,170.58558654785156,153.72671508789062,166.614013671875,173.27670288085938,165.7163543701172,167.83013916015625,176.159912109375,166.22540283203125,164.42642211914062,171.74862670898438,173.0741424560547,162.87673950195312,167.35203552246094,164.4267578125,118.9480209350586,96.6781234741211,160.6816864013672,126.31232452392578,54.99298095703125,150.87322998046875,162.0686798095703,78.63858032226562,121.8486328125,4.6577253341674805,10.387289047241211,5.865374565124512,2.741820812225342,4.775266170501709,3.0978293418884277,3.8043150901794434,4.589332103729248,7.318006992340088,4.512029647827148,0.2865164577960968,0.2797167897224426,0.2852564752101898,0.2486436367034912,0.25841066241264343,0.3155129551887512,0.27977606654167175,0.2493838369846344,0.26557427644729614,0.2692287564277649,0.5742241144180298,0.4326822757720947,0.4114384651184082,0.5254106521606445,0.43632057309150696,0.34949374198913574,0.5129439830780029,0.5128713846206665,0.3535272479057312,0.4550173580646515,0.918409526348114,0.7031770944595337,0.6896135807037354,0.8728135228157043,0.7405266165733337,0.6230263710021973,0.8223980069160461,0.8416109681129456,0.6102675199508667,0.759390115737915,0.28776758909225464,0.15480931103229523,0.12628933787345886,0.2769193947315216,0.18064004182815552,0.048611532896757126,0.233647421002388,0.26357224583625793,0.08884254097938538,0.1858908236026764,1.0,1.0,1.0,1.0,1.0,0.8999999761581421,1.0,1.0,1.0,1.0,1.0,1.0,0.557692289352417,2.0,178.33155822753906,176.41006469726562,-0.11650485545396805,-0.08737864345312119,0.5882353186607361,0.11764705926179886,0.47058823704719543,0.0,114.31095123291016,0.0,40.45976257324219,5.0,0.0
/Users/josephkamil/Desktop/Capstone/PullUps/v_PullUps_g03_c02.avi,PullUps,v_PullUps_g03_c02.avi,0.54,pull_up,,yes,,non_olympic,pull_up_ucf_g03,train,569211d6bc9b5de40f0cd0d27c370d4f9b98cc4dbf1171e7456d36a96acdab51,1.0,569211d6bc9b5de40f0cd0d27c370d4f9b98cc4dbf1171e7456d36a96acdab51,208,208,1.0,208.0,0.692307710647583,0.0,1.0,1.0,10.0,0.02415458858013153,0.014492753893136978,0.09439548850059509,0.0065704649314284325,0.036990582942962646,0.007047978229820728,159.89776611328125,170.6481475830078,178.60379028320312,177.5686798095703,176.0661163330078,173.70225524902344,171.52040100097656,178.0427703857422,175.02223205566406,176.21966552734375,128.90536499023438,174.64768981933594,174.38343811035156,173.8916778564453,173.48345947265625,174.8577880859375,173.4146270751953,172.88763427734375,174.18055725097656,172.65493774414062,177.65182495117188,122.19017028808594,75.21532440185547,61.87858200073242,173.06346130371094,177.99179077148438,164.73060607910156,43.67190933227539,37.94414138793945,133.27145385742188,1.5241984128952026,1.334525227546692,0.5961835384368896,0.7481001615524292,0.2920457422733307,0.25581419467926025,1.5729016065597534,0.6499261260032654,0.38751810789108276,0.19632500410079956,0.3822178542613983,0.37083032727241516,0.4288252890110016,0.3866349756717682,0.3515314757823944,0.37646955251693726,0.3609498143196106,0.3953629434108734,0.4094538390636444,0.3580076992511749,0.6134212613105774,0.4986092746257782,0.33125102519989014,0.41523846983909607,0.5637482404708862,0.6135668754577637,0.5544750094413757,0.36605140566825867,0.34018969535827637,0.4944632947444916,0.8480310440063477,0.7614432573318481,0.5865731239318848,0.681479811668396,0.8367400169372559,0.8962959051132202,0.8330052495002747,0.6300047636032104,0.6014658808708191,0.7690166234970093,0.23128338158130646,0.13280603289604187,0.09778456389904022,0.06257426738739014,0.21239463984966278,0.23710903525352478,0.19383685290813446,0.05576053634285927,0.07127396017313004,0.13717980682849884,1.0,0.8571428656578064,0.0,0.6666666865348816,1.0,1.0,1.0,0.380952388048172,0.095238097012043,0.9523809552192688,0.9047619104385376,0.523809552192688,0.3798076808452606,6.0,110.94495391845703,120.77149963378906,-0.02415458858013153,-0.014492753893136978,0.3786407709121704,0.6893203854560852,-0.3106796145439148,0.0,109.29869079589844,0.0,176.0806427001953,1.0,1.0
/Users/josephkamil/Desktop/Capstone/PullUps/v_PullUps_g17_c04.avi,PullUps,v_PullUps_g17_c04.avi,0.44,pull_up,,yes,,non_olympic,pull_up_ucf_g17,train,cde615a278a6f9c27e9868c3d151dc41bbfa9d236d450e441278571fd0abd98c,1.0,cde615a278a6f9c27e9868c3d151dc41bbfa9d236d450e441278571fd0abd98c,226,226,1.0,226.0,1.0,0.0,1.0,1.0,0.0,0.7822222113609314,0.804444432258606,0.005398347973823547,0.0006032263627275825,0.02089664340019226,0.005629315506666899,175.32203674316406,174.5226593017578,177.0998077392578,176.5514373779297,177.9036407470703,176.2460479736328,173.94395446777344,174.42835998535156,173.5725555419922,175.19215393066406,176.32485961914062,176.59571838378906,179.01683044433594,177.64515686035156,174.0626220703125,175.3715057373047,176.26722717285156,175.76918029785156,174.55331420898438,176.36752319335938,178.3678741455078,159.36929321289062,30.11426544189453,71.5628662109375,174.47007751464844,177.3713836669922,162.81161499023438,52.91433334350586,34.782718658447266,165.5671844482422,0.4036755859851837,1.8854904174804688,2.6856329441070557,1.5480109453201294,1.0428773164749146,0.43062683939933777,2.312067747116089,3.01876163482666,1.1545400619506836,1.1495486497879028,0.15310120582580566,0.13786613941192627,0.13438962399959564,0.13679590821266174,0.14634335041046143,0.14924313127994537,0.13585370779037476,0.13114911317825317,0.1359388679265976,0.14085398614406586,0.3911939859390259,0.3194565773010254,0.19289833307266235,0.23774677515029907,0.3795168101787567,0.3905198276042938,0.32408982515335083,0.20756478607654572,0.19378653168678284,0.35854050517082214,0.6421099305152893,0.5402241945266724,0.38009560108184814,0.4496249258518219,0.6305956244468689,0.6415944695472717,0.5481313467025757,0.39389097690582275,0.3914486765861511,0.6019209623336792,0.23809713125228882,0.1816057711839676,0.05917156860232353,0.10144922137260437,0.23318691551685333,0.24127835035324097,0.1882442831993103,0.07685139775276184,0.059199824929237366,0.21769742667675018,1.0,1.0,1.0,1.0,1.0,1.0,1.0,1.0,1.0,1.0,1.0,1.0,1.0,1.0,179.12037658691406,176.7608184814453,-0.7822222113609314,-0.804444432258606,0.625,0.2008928507566452,0.4241071343421936,0.0,10.987991333007812,0.0,9.48504638671875,0.0,0.0
/Users/josephkamil/Desktop/Capstone/_Duplicate_Backups/UCF50/PullUps/v_Pullup_g30_c03.avi,PullUps,v_Pullup_g30_c03.avi,0.25,pull_up,,yes,,non_olympic,pull_up_ucf_g30,train,f65495891699e580514cb022522b4240699978c7ee97da1cc450ef28704801d2,1.0,f65495891699e580514cb022522b4240699978c7ee97da1cc450ef28704801d2,102,99,0.9705882352941176,99.0,1.0,0.0,1.0,1.0,0.0,0.6632652878761292,0.6632652878761292,0.037173718214035034,0.00436090212315321,0.08292698860168457,0.020732752978801727,168.9256134033203,177.66152954101562,163.14065551757812,145.59033203125,169.31439208984375,176.13719177246094,132.26544189453125,170.39056396484375,174.745361328125,168.72360229492188,171.34571838378906,175.10235595703125,166.0900421142578,150.84898376464844,171.24273681640625,174.138671875,142.54217529296875,174.29544067382812,174.91697692871094,169.8812713623047,94.46428680419922,79.47541809082031,103.8464126586914,113.7555923461914,78.06275939941406,81.11543273925781,121.7187271118164,86.56092071533203,66.02037048339844,106.5781021118164,0.2833423614501953,0.31568416953086853,0.42447027564048767,0.2191365659236908,0.205259770154953,0.22903747856616974,0.28818172216415405,0.720293402671814,0.18421372771263123,0.23988263309001923,0.12340399622917175,0.1126004233956337,0.10680858045816422,0.13542291522026062,0.11276626586914062,0.10050193965435028,0.12199036777019501,0.12405862659215927,0.10916843265295029,0.11387638747692108,0.30754750967025757,0.18986809253692627,0.3653615713119507,0.40575820207595825,0.22217564284801483,0.2797241806983948,0.4351811408996582,0.28673163056373596,0.195398211479187,0.37872520089149475,0.8139267563819885,0.6683815717697144,0.8870934247970581,0.93658447265625,0.7176932096481323,0.7823249101638794,0.9707225561141968,0.7995225191116333,0.6728522181510925,0.9016095399856567,0.18577352166175842,0.07932791858911514,0.25866562128067017,0.27050498127937317,0.10990250110626221,0.17935484647750854,0.3132471442222595,0.16276946663856506,0.08629188686609268,0.26492127776145935,1.0,1.0,1.0,1.0,1.0,1.0,1.0,1.0,1.0,1.0,1.0,1.0,1.0,1.0,173.26165771484375,174.43911743164062,-0.6632652878761292,-0.6632652878761292,0.06185567006468773,0.44329896569252014,-0.3814432919025421,0.0,80.08446502685547,0.0,67.16506958007812,2.0,2.0
/Users/josephkamil/Desktop/Capstone/PullUps/v_PullUps_g05_c03.avi,PullUps,v_PullUps_g05_c03.avi,0.27,pull_up,,yes,,non_olympic,pull_up_ucf_g05,train,c30965bfd75d6065fd14a718489823f968a0cb722bb9a165742f573cf566790c,1.0,c30965bfd75d6065fd14a718489823f968a0cb722bb9a165742f573cf566790c,108,107,0.9907407407407407,107.0,0.9906542301177979,0.0,1.0,1.0,2.0,0.5094339847564697,0.22641509771347046,0.2931410074234009,0.02346789836883545,0.12520945072174072,0.017563471570611,155.62384033203125,151.6707763671875,139.64251708984375,175.11314392089844,168.61148071289062,117.74980163574219,161.6694793701172,145.3846435546875,172.40289306640625,156.1789093017578,163.48703002929688,162.66250610351562,147.62278747558594,177.93203735351562,176.97669982910156,159.03448486328125,156.85769653320312,159.28868103027344,177.1211395263672,171.81126403808594,177.6819610595703,173.96328735351562,161.71212768554688,86.36984252929688,172.3744659423828,177.98033142089844,176.82260131835938,155.92803955078125,148.20587158203125,175.93603515625,7.6214423179626465,1.934519648551941,15.976190567016602,16.7598934173584,21.442651748657227,7.169878959655762,2.3212201595306396,20.007970809936523,18.47556495666504,17.068147659301758,0.3770330846309662,0.247996523976326,0.21327272057533264,0.19391655921936035,0.20985646545886993,0.14106477797031403,0.07946325838565826,0.0776924416422844,0.0956435427069664,0.0675056055188179,0.5339120030403137,0.5186462998390198,0.4020076096057892,0.25050488114356995,0.4650261700153351,0.3857232928276062,0.3367763161659241,0.19442301988601685,0.19395413994789124,0.33664295077323914,0.8280990719795227,0.8238428235054016,0.674905002117157,0.5148056745529175,0.7351524233818054,0.6845237612724304,0.65800940990448,0.4220066964626312,0.43329060077667236,0.637420117855072,0.16367113590240479,0.27478766441345215,0.21935349702835083,0.0685456246137619,0.2575583755970001,0.24871636927127838,0.26491668820381165,0.15615279972553253,0.11467335373163223,0.27171775698661804,1.0,1.0,1.0,1.0,1.0,1.0,1.0,1.0,0.9090909361839294,1.0,1.0,0.9523809552192688,0.8037382960319519,2.0,167.35211181640625,175.28834533691406,-0.5094339847564697,-0.22641509771347046,0.8190476298332214,0.24761904776096344,0.5714285969734192,0.0,155.0349884033203,0.0,66.44340515136719,4.0,2.0
/Users/josephkamil/Desktop/Capstone/_Duplicate_Backups/UCF50/PullUps/v_Pullup_g25_c02.avi,PullUps,v_Pullup_g25_c02.avi,0.09,pull_up,,yes,,non_olympic,pull_up_ucf_g25,dev,1682d1ca50e7f92b9e17efaee806a237004bdbc54bf3eb8c77164e9f7589110f,1.0,1682d1ca50e7f92b9e17efaee806a237004bdbc54bf3eb8c77164e9f7589110f,110,110,1.0,110.0,1.0,0.0,1.0,1.0,0.0,0.19266055524349213,1.0,0.009476840496063232,0.0015821227570995688,0.015968918800354004,0.005213029682636261,176.54371643066406,162.17852783203125,162.92787170410156,166.4129180908203,177.90533447265625,175.9673309326172,170.3268280029297,173.06260681152344,166.02821350097656,155.9507598876953,175.0557403564453,170.26889038085938,176.4675750732422,175.64541625976562,176.81329345703125,177.63282775878906,177.27198791503906,176.490234375,171.1057586669922,169.44595336914062,164.9337921142578,149.82606506347656,113.70085906982422,68.51396942138672,36.874996185302734,51.05422592163086,94.5978775024414,130.22940063476562,143.8965301513672,150.79664611816406,4.273717880249023,5.607071876525879,8.810078620910645,10.10531234741211,6.970187187194824,10.118460655212402,14.025879859924316,15.181829452514648,15.395305633544922,13.958817481994629,0.25410640239715576,0.24174408614635468,0.22446374595165253,0.22900770604610443,0.21986347436904907,0.22309936583042145,0.22509931027889252,0.23326826095581055,0.23269198834896088,0.2228577733039856,0.5000194311141968,0.4617488980293274,0.3793967366218567,0.29685911536216736,0.2547965943813324,0.28542360663414,0.3569033741950989,0.42040807008743286,0.4529741406440735,0.4704298675060272,0.8350976705551147,0.8056604266166687,0.6942857503890991,0.5818092226982117,0.5427899956703186,0.5758098363876343,0.6421797871589661,0.7146228551864624,0.7526988983154297,0.7790838479995728,0.25487080216407776,0.22854362428188324,0.1741056591272354,0.10878224670886993,0.06668737530708313,0.09882555156946182,0.1590111404657364,0.20319023728370667,0.23055915534496307,0.2545585632324219,1.0,1.0,1.0,1.0,1.0,1.0,1.0,1.0,1.0,1.0,1.0,1.0,1.0,1.0,166.88389587402344,178.73153686523438,-0.19266055524349213,-1.0,0.42592594027519226,0.21296297013759613,0.21296297013759613,0.0,39.558746337890625,0.0,13.642852783203125,1.0,0.0
/Users/josephkamil/Desktop/Capstone/PullUps/v_PullUps_g17_c03.avi,PullUps,v_PullUps_g17_c03.avi,0.38,pull_up,,yes,,non_olympic,pull_up_ucf_g17,train,44080a2b597200b7d169799f87d99c6b22e47f63eb960e2511ebd8fa9b94871b,1.0,44080a2b597200b7d169799f87d99c6b22e47f63eb960e2511ebd8fa9b94871b,202,202,1.0,202.0,1.0,0.0,1.0,1.0,0.0,0.11442785710096359,0.447761207818985,0.003711521625518799,0.0006453049136325717,0.01839381456375122,0.00625066040083766,176.2200164794922,173.88180541992188,174.87203979492188,174.93751525878906,177.57276916503906,176.12149047851562,174.50685119628906,175.8259735107422,176.174072265625,177.3118438720703,175.79600524902344,176.46640014648438,179.28884887695312,177.13124084472656,174.5098419189453,176.19100952148438,177.88400268554688,178.82962036132812,178.53546142578125,176.05189514160156,177.0972137451172,160.83457946777344,29.869556427001953,61.76245880126953,171.52505493164062,177.06143188476562,156.78662109375,29.19320297241211,52.19194412231445,168.52859497070312,0.7278250455856323,2.232779026031494,4.1256489753723145,2.9698874950408936,1.4769083261489868,0.549149215221405,1.6651557683944702,4.339942455291748,1.8562796115875244,0.9440228343009949,0.1525188386440277,0.1391763687133789,0.13241654634475708,0.13753646612167358,0.14540168642997742,0.1513752043247223,0.13732078671455383,0.13555315136909485,0.13648328185081482,0.14533960819244385,0.38939058780670166,0.320772647857666,0.18980644643306732,0.22211062908172607,0.3704703748226166,0.3841172754764557,0.3139340281486511,0.19444414973258972,0.21077995002269745,0.3669280409812927,0.6408438086509705,0.5429667234420776,0.38289856910705566,0.428790807723999,0.6161869764328003,0.6336237788200378,0.5355032086372375,0.3837180733680725,0.416795551776886,0.6131898164749146,0.23687294125556946,0.18164578080177307,0.05803535506129265,0.0851731151342392,0.22507208585739136,0.23275010287761688,0.1766488254070282,0.05965973064303398,0.07538016140460968,0.22159640491008759,1.0,1.0,1.0,1.0,1.0,1.0,1.0,1.0,1.0,1.0,1.0,1.0,1.0,1.0,178.18075561523438,176.40794372558594,-0.11442785710096359,-0.447761207818985,0.11500000208616257,0.20499999821186066,-0.09000000357627869,0.0,8.873992919921875,0.0,5.870819091796875,0.0,0.0
/Users/josephkamil/Desktop/Capstone/Oly_Data/segmented/clean/clean_from_cj_0044.mp4,clean,clean_from_cj_0044.mp4,0.115,clean,,yes,,olympic,clean_segmented_v_cleanandjerk_g01_c03,train,5ec8991fd473cb6824fbb2990fe4bd8482822a06a12659275a27627e6c7c0164,,5ec8991fd473cb6824fbb2990fe4bd8482822a06a12659275a27627e6c7c0164,63,63,1.0,63.0,0.0317460335791111,0.9838709831237793,1.0,0.0317460335791111,1.0,0.16129031777381897,0.16129031777381897,0.04831355810165405,0.014047539792954922,0.02027440071105957,0.0056985123082995415,103.3200454711914,79.2633056640625,143.35227966308594,160.4189910888672,165.3319854736328,177.36500549316406,172.628662109375,170.24334716796875,171.047119140625,177.19874572753906,138.76995849609375,110.97940063476562,112.4352035522461,127.2861557006836,149.12831115722656,166.18896484375,168.5664520263672,165.82215881347656,164.51583862304688,166.59933471679688,166.8206024169922,174.22987365722656,167.31695556640625,170.74794006347656,164.7691650390625,127.69073486328125,70.02876281738281,29.781339645385742,53.9461555480957,59.47281265258789,20.412111282348633,18.161033630371094,12.752131462097168,13.471589088439941,6.852456569671631,1.2785838842391968,1.6543797254562378,1.5669573545455933,1.7181453704833984,1.3776651620864868,0.6897692680358887,0.7066764235496521,0.682718813419342,0.6629123091697693,0.5742971301078796,0.4309002161026001,0.4057953357696533,0.40846195816993713,0.415745347738266,0.3544864058494568,0.5992428660392761,0.5930402874946594,0.5615212917327881,0.5107444524765015,0.41282305121421814,0.32723692059516907,0.3490830957889557,0.3614378273487091,0.3695618808269501,0.3417939841747284,0.6492624878883362,0.6545961499214172,0.6201375722885132,0.5733374953269958,0.5260123610496521,0.49709081649780273,0.5238898396492004,0.547374427318573,0.5399572849273682,0.5099061131477356,0.09330066293478012,0.11501748114824295,0.12242314964532852,0.15264765918254852,0.1616605669260025,0.1037384495139122,0.05756564065814018,0.04875277355313301,0.04723078012466431,0.037997279316186905,0.0,0.0,0.0,0.0,0.0,0.0,0.0,0.0,0.0,0.2857142984867096,0.0,0.1538461595773697,0.0317460335791111,1.0,177.745361328125,175.5819854736328,0.8225806355476379,0.8225806355476379,0.9836065769195557,0.3606557250022888,0.6229507923126221,115.65060424804688,2.7301177978515625,79.5250244140625,10.908493041992188,1.0,2.0
/Users/josephkamil/Desktop/Capstone/Oly_Data/segmented/clean/clean_from_cj_0031.mp4,clean,clean_from_cj_0031.mp4,0.107,clean,,yes,,olympic,clean_segmented_v_cleanandjerk_g01_c01,train,5a23d2f87fa12643cb2e18dddb8fd7185c051e63142867b40917c5f66032f314,,5a23d2f87fa12643cb2e18dddb8fd7185c051e63142867b40917c5f66032f314,63,53,0.8412698412698413,53.0,0.6603773832321167,0.3076923191547394,1.0,0.698113203048706,3.0,0.5769230723381042,0.23076923191547394,0.03957563638687134,0.012695820070803165,0.023496508598327637,0.005180236417800188,178.75473022460938,178.54571533203125,166.82443237304688,166.05389404296875,177.4913787841797,166.0474090576172,160.82447814941406,174.13690185546875,178.84048461914062,177.58799743652344,163.40493774414062,166.65797424316406,159.9098663330078,161.3528594970703,169.46133422851562,162.6887969970703,163.55552673339844,173.1064453125,174.8171844482422,170.546630859375,155.21835327148438,134.33328247070312,54.295257568359375,23.593231201171875,25.610742568969727,95.86006164550781,174.3115692138672,169.88375854492188,133.97979736328125,67.80249786376953,2.3298487663269043,0.8708070516586304,1.4122798442840576,1.1488815546035767,1.2447456121444702,1.1632200479507446,1.601210117340088,1.6388933658599854,1.244990587234497,0.36214303970336914,0.4995631277561188,0.39021021127700806,0.365689218044281,0.3411078453063965,0.30220797657966614,0.23607072234153748,0.20446781814098358,0.16768452525138855,0.19302770495414734,0.2813262939453125,0.3559952676296234,0.2991555333137512,0.32845744490623474,0.3418585956096649,0.31897181272506714,0.33723434805870056,0.35818585753440857,0.33067741990089417,0.326744019985199,0.3398410379886627,0.5163883566856384,0.480150043964386,0.5029354095458984,0.5105250477790833,0.4904599189758301,0.5239120721817017,0.5563371777534485,0.5227283835411072,0.5154241323471069,0.5129382610321045,0.1436174213886261,0.09154444932937622,0.043096136301755905,0.013569214381277561,0.017017794772982597,0.10120949894189835,0.15374143421649933,0.16300120949745178,0.13373997807502747,0.0586099773645401,0.0,0.0,0.0,0.5,1.0,1.0,1.0,1.0,1.0,1.0,0.0,1.0,0.6037735939025879,2.0,164.1356964111328,160.51419067382812,-0.26923078298568726,0.07692307978868484,0.23529411852359772,0.4117647111415863,-0.1764705926179886,17.2822265625,22.65283203125,10.87225341796875,17.108261108398438,0.0,0.0
/Users/josephkamil/Desktop/Capstone/Oly_Data/segmented/clean/clean_from_cj_0027.mp4,clean,clean_from_cj_0027.mp4,0.193,clean,,yes,,olympic,clean_segmented_v_cleanandjerk_g03_c03,train,662d3537705a071d3948545460ca4914343487d235cdbbc596d0981aeae11d92,,662d3537705a071d3948545460ca4914343487d235cdbbc596d0981aeae11d92,124,124,1.0,124.0,0.6774193644523621,0.27642276883125305,1.0,0.725806474685669,5.0,0.38211381435394287,0.38211381435394287,0.09182196855545044,0.008417857810854912,0.12250447273254395,0.008160119876265526,119.59414672851562,172.4407196044922,150.49539184570312,65.11652374267578,131.59805297851562,163.1348114013672,176.8123779296875,175.798095703125,176.69342041015625,176.50103759765625,110.18621063232422,155.722412109375,145.55979919433594,68.94358825683594,123.01496124267578,156.82569885253906,164.37156677246094,164.35606384277344,164.50836181640625,163.83290100097656,169.50689697265625,172.3407745361328,113.62269592285156,56.085052490234375,27.990652084350586,24.607229232788086,34.80411911010742,37.16950988769531,37.22102355957031,36.6968994140625,1.3503875732421875,0.819586455821991,0.7618131041526794,0.6946556568145752,0.5778323411941528,0.40370094776153564,0.6215136647224426,0.6585114598274231,0.811554491519928,0.9798339009284973,0.6649407148361206,0.5514057874679565,0.42097964882850647,0.535374641418457,0.45146629214286804,0.27045509219169617,0.1774117350578308,0.18822915852069855,0.18045298755168915,0.1809183657169342,0.4000251293182373,0.2834985554218292,0.2721717059612274,0.5485901236534119,0.460107684135437,0.2794082462787628,0.2100030779838562,0.2107013314962387,0.20989514887332916,0.21219539642333984,0.5514917373657227,0.43196022510528564,0.5407655239105225,0.796302855014801,0.6930719017982483,0.5427522659301758,0.49659907817840576,0.4964749217033386,0.49724456667900085,0.4981370270252228,0.26493629813194275,0.26799145340919495,0.1582706719636917,0.013343635946512222,0.009707138873636723,0.01349044218659401,0.032612115144729614,0.022498978301882744,0.029442908242344856,0.03127850964665413,0.0,0.0,0.23076923191547394,1.0,0.8461538553237915,0.6666666865348816,1.0,1.0,1.0,1.0,0.0,1.0,0.45967742800712585,3.0,115.5770492553711,116.24856567382812,-0.10569106042385101,-0.10569106042385101,0.12295082211494446,0.12295082211494446,0.0,88.44123840332031,135.1277313232422,80.84644317626953,121.57058715820312,1.0,1.0
/Users/josephkamil/Desktop/Capstone/Oly_Data/segmented/clean/clean_from_cj_0023.mp4,clean,clean_from_cj_0023.mp4,0.172,clean,,yes,,olympic,clean_segmented_v_cleanandjerk_g03_c02,train,92c192f7854d73d934f22581ed7d169a8b720270063581f2043ba65da90ca615,,92c192f7854d73d934f22581ed7d169a8b720270063581f2043ba65da90ca615,114,114,1.0,114.0,0.4035087823867798,0.40707963705062866,1.0,0.5964912176132202,7.0,0.4690265357494354,0.47787609696388245,0.049642086029052734,0.010018651373684406,0.0662543773651123,0.009746337309479713,78.85800170898438,132.5596160888672,167.0735321044922,147.9112548828125,56.378177642822266,116.36123657226562,154.0851287841797,168.34942626953125,163.95391845703125,171.53819274902344,73.95514678955078,124.8602523803711,155.16558837890625,146.18582153320312,65.6225814819336,114.56639862060547,153.716796875,159.96823120117188,159.4335174560547,163.01644897460938,132.19378662109375,169.56541442871094,168.39865112304688,117.4246826171875,36.657901763916016,28.947446823120117,33.794898986816406,35.34199905395508,35.237693786621094,32.399139404296875,2.4272305965423584,1.3906739950180054,0.8575283885002136,0.7102439403533936,0.7400842308998108,1.2181986570358276,1.185525894165039,0.46139898896217346,0.4572213888168335,0.33412542939186096,0.690116286277771,0.654418408870697,0.5459724068641663,0.42142602801322937,0.5691694021224976,0.5103452205657959,0.377533882856369,0.213048055768013,0.24967478215694427,0.2099131941795349,0.5105355381965637,0.40757548809051514,0.29069674015045166,0.274493008852005,0.5793598294258118,0.5063520669937134,0.3657483756542206,0.23838917911052704,0.2640417814254761,0.23030336201190948,0.6209719181060791,0.5444104075431824,0.44475671648979187,0.5409550070762634,0.806122362613678,0.7181811928749084,0.5940409898757935,0.508074164390564,0.5250099897384644,0.49926331639289856,0.17958202958106995,0.24685002863407135,0.255475789308548,0.14701151847839355,0.013701453804969788,0.0067336480133235455,0.012325474992394447,0.027803177013993263,0.0156676284968853,0.020659077912569046,0.0,0.0,0.0,0.0,0.75,0.27272728085517883,0.0,0.9166666865348816,1.0,1.0,0.0,1.0,0.2982456088066101,4.0,91.02754211425781,100.14070129394531,-0.06194690242409706,-0.07079645991325378,0.3125,0.5267857313156128,-0.2142857164144516,101.90215301513672,135.48672485351562,89.34093475341797,119.48233032226562,2.0,2.0
/Users/josephkamil/Desktop/Capstone/Oly_Data/segmented/clean/clean_from_cj_0089.mp4,clean,clean_from_cj_0089.mp4,0.107,clean,,yes,,olympic,clean_segmented_v_cleanandjerk_g06_c02,train,f0a5422532922b7baee8a01830aba963efab5193ca7b43bead4a9f826fd93f02,,f0a5422532922b7baee8a01830aba963efab5193ca7b43bead4a9f826fd93f02,87,87,1.0,87.0,0.6206896305084229,0.3720930218696594,1.0,0.6321839094161987,3.0,0.023255813866853714,0.04651162773370743,0.08963054418563843,0.008566361851990223,0.04334646463394165,0.005939142778515816,104.64054870605469,150.26132202148438,170.32757568359375,155.5716552734375,149.73843383789062,175.5789337158203,177.57028198242188,177.66171264648438,167.81968688964844,176.0221405029297,115.79592895507812,142.23001098632812,165.8385467529297,157.78680419921875,157.22921752929688,171.92874145507812,169.02870178222656,168.9142303466797,165.5955810546875,173.78659057617188,166.44256591796875,167.08265686035156,160.4928436279297,24.945838928222656,34.86491012573242,28.899919509887695,37.97228240966797,33.94754409790039,30.633522033691406,22.988719940185547,1.8995006084442139,3.806626319885254,1.615527868270874,1.9106525182724,2.107625722885132,1.9035004377365112,1.003803014755249,1.2057675123214722,1.9044647216796875,2.991919994354248,0.7891889810562134,0.7136139273643494,0.5185559988021851,0.3610818684101105,0.3345225155353546,0.29324468970298767,0.27690601348876953,0.2752057909965515,0.3075812757015228,0.30051782727241516,0.5732586979866028,0.5068767070770264,0.33216536045074463,0.337522953748703,0.354258269071579,0.31004825234413147,0.306624174118042,0.30211666226387024,0.3257458806037903,0.30787938833236694,0.6998454332351685,0.6259819269180298,0.5344496369361877,0.5582950115203857,0.5773308277130127,0.5297071933746338,0.5273966193199158,0.5297890901565552,0.5504007935523987,0.5307074785232544,0.21595144271850586,0.20675808191299438,0.18652604520320892,0.026313208043575287,0.020677566528320312,0.016937026754021645,0.02986212447285652,0.0270782932639122,0.018291451036930084,0.008362693712115288,0.0,0.0,0.0,0.25,1.0,1.0,1.0,1.0,1.0,0.8888888955116272,0.0,0.9411764740943909,0.5287356376647949,2.0,144.14517211914062,149.56761169433594,0.3488371968269348,0.3255814015865326,0.29411765933036804,0.11764705926179886,0.1764705926179886,82.12946319580078,36.19548034667969,69.65711975097656,25.620773315429688,1.0,1.0
/Users/josephkamil/Desktop/Capstone/Oly_Data/segmented/clean/clean_from_cj_0095.mp4,clean,clean_from_cj_0095.mp4,0.109,clean,,yes,,olympic,clean_segmented_v_cleanandjerk_g06_c01,train,3bb26423710250a5ed4599cd7a66000e1deaa404a9791a815b7721dfddd9fa71,,3bb26423710250a5ed4599cd7a66000e1deaa404a9791a815b7721dfddd9fa71,86,86,1.0,86.0,0.5232558250427246,0.4000000059604645,1.0,0.604651153087616,5.0,0.529411792755127,0.529411792755127,0.050751686096191406,0.009380288422107697,0.05605190992355347,0.007120080757886171,129.17662048339844,142.00845336914062,169.03140258789062,154.1856689453125,91.38780212402344,82.95658874511719,128.37664794921875,174.78094482421875,164.74188232421875,172.07350158691406,121.48197937011719,133.93161010742188,152.75106811523438,155.57427978515625,103.62409210205078,95.42869567871094,136.75506591796875,168.59463500976562,163.77610778808594,167.7130126953125,173.88894653320312,175.24986267089844,172.1217803955078,118.66474151611328,28.187482833862305,28.866703033447266,32.934837341308594,51.42198944091797,45.11665725708008,45.61785125732422,2.79964017868042,3.1842727661132812,3.078585624694824,3.163532018661499,2.212346076965332,0.5695100426673889,1.0509750843048096,3.223357677459717,2.627383232116699,2.176103353500366,0.7818349599838257,0.7619278430938721,0.6772643327713013,0.5375426411628723,0.5507581233978271,0.5816704034805298,0.4876648187637329,0.3520750403404236,0.38359513878822327,0.37824153900146484,0.607172966003418,0.5835499167442322,0.5065004825592041,0.42879587411880493,0.557723879814148,0.5913377404212952,0.48847347497940063,0.39117002487182617,0.4177888333797455,0.4091557264328003,0.6970749497413635,0.6715972423553467,0.611312747001648,0.6171115040779114,0.7295910716056824,0.7526081800460815,0.666484534740448,0.5863455533981323,0.6138126254081726,0.6100944876670837,0.17471441626548767,0.17840367555618286,0.17086094617843628,0.10947689414024353,0.010872789658606052,0.013581113889813423,0.010518708266317844,0.039401981979608536,0.03450620546936989,0.031081728637218475,0.0,0.0,0.0,0.0,0.7777777910232544,0.75,0.6666666865348816,1.0,1.0,1.0,0.0,1.0,0.3720930218696594,3.0,105.31454467773438,114.01327514648438,-0.12941177189350128,-0.12941177189350128,0.2380952388048172,0.6666666865348816,-0.4285714328289032,70.20191955566406,108.9705581665039,55.92112731933594,93.41954040527344,2.0,2.0
/Users/josephkamil/Desktop/Capstone/Oly_Data/segmented/clean/clean_from_cj_0106.mp4,clean,clean_from_cj_0106.mp4,0.163,clean,,yes,,olympic,clean_segmented_v_cleanandjerk_g07_c03,train,76ef84134625c06fc5c2f0529f510848f6e7fa4b830d28834749ec1ca42b5319,,76ef84134625c06fc5c2f0529f510848f6e7fa4b830d28834749ec1ca42b5319,103,103,1.0,103.0,0.5728155374526978,0.4117647111415863,1.0,0.5922330021858215,5.0,0.5098039507865906,0.05882352963089943,0.06999915838241577,0.010780321434140205,0.0784347653388977,0.01133545022457838,68.97029876708984,118.6064453125,159.54360961914062,158.58929443359375,66.62466430664062,56.1690559387207,160.23272705078125,164.03285217285156,175.49417114257812,169.77146911621094,61.91888427734375,105.98223876953125,142.03233337402344,153.18203735351562,81.29967498779297,57.33039093017578,149.40769958496094,156.10333251953125,165.556640625,163.5333709716797,149.03611755371094,166.20889282226562,169.15451049804688,148.52383422851562,73.15082550048828,40.83654022216797,29.684913635253906,35.050048828125,61.90168380737305,52.93966293334961,1.2001628875732422,1.7835792303085327,3.2256693840026855,1.990322232246399,0.6260342597961426,0.6064974665641785,1.283548355102539,2.078397035598755,0.9292021989822388,1.4205341339111328,0.661857545375824,0.6447030305862427,0.5779896974563599,0.42031335830688477,0.5171737670898438,0.5623708963394165,0.438306599855423,0.28792834281921387,0.20182934403419495,0.24669285118579865,0.4473043978214264,0.4049649238586426,0.33722442388534546,0.21852731704711914,0.5292705297470093,0.57769775390625,0.4485705494880676,0.30202335119247437,0.24211764335632324,0.2619747519493103,0.5964957475662231,0.5236608386039734,0.4664812684059143,0.4705919325351715,0.7770569920539856,0.7976048588752747,0.6604368686676025,0.5573813319206238,0.5139915347099304,0.5221805572509766,0.21459388732910156,0.23979952931404114,0.24079640209674835,0.2018490433692932,0.01710778847336769,0.01543290913105011,0.010662122629582882,0.015121337957680225,0.041001249104738235,0.015353941358625889,0.0,0.0,0.0,0.0,0.8999999761581421,1.0,1.0,0.8999999761581421,0.8999999761581421,1.0,0.0,0.9523809552192688,0.34951457381248474,3.0,89.1875991821289,104.5354232788086,-0.09803921729326248,0.3529411852359772,0.7722772359848022,0.5841584205627441,0.1881188154220581,129.5833282470703,143.40777587890625,125.14315795898438,128.2252655029297,2.0,2.0
/Users/josephkamil/Desktop/Capstone/Oly_Data/segmented/clean/clean_from_cj_0102.mp4,clean,clean_from_cj_0102.mp4,0.156,clean,,yes,,olympic,clean_segmented_v_cleanandjerk_g07_c01,train,a6866a88427ad3f3cc0b3ce7f011f46d8dac96b76365ffa7e20c7327548dd405,,a6866a88427ad3f3cc0b3ce7f011f46d8dac96b76365ffa7e20c7327548dd405,103,103,1.0,103.0,0.6504854559898376,0.343137264251709,1.0,0.6601941585540771,3.0,0.44117647409439087,0.44117647409439087,0.0669674277305603,0.010142448358237743,0.08048713207244873,0.00929243303835392,114.87370300292969,153.00155639648438,170.65216064453125,117.48274230957031,60.900901794433594,133.6121826171875,153.360595703125,173.19387817382812,176.3610076904297,176.68951416015625,106.82875061035156,136.34840393066406,161.30406188964844,118.07772827148438,63.66204071044922,129.28256225585938,152.07411193847656,164.01339721679688,162.86764526367188,167.67486572265625,157.34011840820312,170.32269287109375,171.2213897705078,77.63027954101562,22.32207489013672,17.648584365844727,34.44071960449219,92.60093688964844,78.4941635131836,49.67781066894531,0.7233989834785461,0.36684614419937134,1.8169772624969482,0.5670567154884338,0.5944501757621765,1.160187840461731,0.8930070400238037,1.1614142656326294,0.4208529591560364,1.2176913022994995,0.6534229516983032,0.6145844459533691,0.4545811712741852,0.41249704360961914,0.5450037717819214,0.45573335886001587,0.3177543878555298,0.2148565798997879,0.20884878933429718,0.2046017199754715,0.4090943932533264,0.35820484161376953,0.2087128460407257,0.397175133228302,0.5572341680526733,0.46248340606689453,0.3428417444229126,0.2675132155418396,0.24794559180736542,0.2426224797964096,0.5417425036430359,0.4668320119380951,0.39505311846733093,0.6362114548683167,0.788681149482727,0.6613036394119263,0.574666440486908,0.525161623954773,0.5055745840072632,0.5010982751846313,0.24434229731559753,0.25639861822128296,0.2459031343460083,0.04944008216261864,0.01464855670928955,0.009248821064829826,0.025269335135817528,0.05305316299200058,0.039364416152238846,0.03815123066306114,0.0,0.0,0.0,0.5454545617103577,1.0,0.8999999761581421,1.0,1.0,1.0,1.0,0.0,1.0,0.48543688654899597,2.0,99.2267074584961,99.9958724975586,-0.09803921729326248,-0.09803921729326248,0.6435643434524536,0.49504950642585754,0.14851485192775726,75.1016616821289,130.590087890625,65.89362335205078,117.1076431274414,3.0,2.0
/Users/josephkamil/Desktop/Capstone/Oly_Data/segmented/clean/clean_from_cj_0046.mp4,clean,clean_from_cj_0046.mp4,0.191,clean,,yes,,olympic,clean_segmented_v_cleanandjerk_g08_c04,train,d9b89e1ab6f48bd69c0ba8dbf1b74397a0788347f3d661843573a44754c57269,,d9b89e1ab6f48bd69c0ba8dbf1b74397a0788347f3d661843573a44754c57269,125,114,0.912,114.0,0.31578946113586426,0.14159291982650757,1.0,0.859649121761322,17.0,0.38053098320961,0.05309734493494034,0.14949119091033936,0.02111153118312359,0.07636904716491699,0.00862364936619997,137.25770568847656,153.85415649414062,158.29876708984375,97.80288696289062,135.34536743164062,142.00100708007812,159.20591735839844,171.27745056152344,173.6350860595703,174.75132751464844,13.882559776306152,28.822423934936523,160.30706787109375,124.1120376586914,142.92845153808594,150.89939880371094,172.1304931640625,177.04698181152344,176.71604919433594,177.87046813964844,165.28797912597656,106.3040542602539,135.00587463378906,77.77568054199219,8.361300468444824,71.2884292602539,66.61646270751953,79.94136810302734,50.661903381347656,35.927955627441406,112.9007339477539,115.62999725341797,14.843852043151855,1.6566574573516846,6.946352481842041,7.278876781463623,1.0230218172073364,2.4842164516448975,4.72444486618042,4.23609733581543,0.6980823874473572,0.603409469127655,0.4173383414745331,0.438287615776062,0.4194309711456299,0.3401614725589752,0.2414776235818863,0.278321772813797,0.1957220435142517,0.22278611361980438,0.5706424713134766,0.5635873675346375,0.2694333791732788,0.4017620384693146,0.40329065918922424,0.3093477189540863,0.2410755157470703,0.2420406937599182,0.22403478622436523,0.23251087963581085,0.5225412249565125,0.5073878765106201,0.4501173794269562,0.5781444311141968,0.5673077702522278,0.5101184248924255,0.4598093032836914,0.4692707359790802,0.4498929977416992,0.45854854583740234,0.14601169526576996,0.11089044064283371,0.15448585152626038,0.057816747575998306,0.019931619986891747,0.06451518833637238,0.04718077555298805,0.038647908717393875,0.0366801954805851,0.01665440760552883,0.0,0.3636363744735718,0.0,0.1818181872367859,0.0833333358168602,0.1818181872367859,0.7272727489471436,0.0,0.9090909361839294,0.75,0.17391304671764374,0.8260869383811951,0.08771929889917374,9.0,166.18106079101562,48.155948638916016,-0.23893804848194122,0.08849557489156723,0.1964285671710968,0.6875,-0.4910714328289032,83.28181457519531,109.61322021484375,61.51582336425781,161.9595184326172,4.0,4.0
/Users/josephkamil/Desktop/Capstone/Oly_Data/segmented/clean/clean_from_cj_0039.mp4,clean,clean_from_cj_0039.mp4,0.143,clean,,yes,,olympic,clean_segmented_v_cleanandjerk_g08_c01,train,e6f045fab7a7fe3b67f846e8b08598caae4fe3e6c492ee928fd1aa39899c1d01,,e6f045fab7a7fe3b67f846e8b08598caae4fe3e6c492ee928fd1aa39899c1d01,106,63,0.5943396226415094,63.0,0.1111111119389534,0.0,0.32258063554763794,0.3333333432674408,5.0,0.08064515888690948,0.17741934955120087,0.19593483209609985,0.029685020446777344,0.1288304328918457,0.011577099561691284,82.6014404296875,108.1589584350586,101.32984161376953,117.85308074951172,125.31356811523438,90.64250946044922,128.1648712158203,130.97947692871094,104.09020233154297,136.2410125732422,108.6799087524414,90.76040649414062,80.14228820800781,104.9273681640625,83.44916534423828,55.55778503417969,82.59613037109375,83.49237060546875,90.06542205810547,98.42970275878906,61.7488899230957,95.71967315673828,57.84942626953125,121.75144958496094,162.02041625976562,170.17124938964844,152.03038024902344,158.53236389160156,154.11036682128906,152.0391845703125,155.60792541503906,77.04660034179688,61.88969039916992,63.523006439208984,87.28970336914062,82.56649017333984,79.01042175292969,75.50267791748047,75.47303009033203,72.20549774169922,0.5677211880683899,0.4562893211841583,0.5274789333343506,0.5476046800613403,0.47502803802490234,0.4763815701007843,0.47978124022483826,0.5190562605857849,0.5072047710418701,0.5327705144882202,0.5372300744056702,0.4217930734157562,0.48138129711151123,0.4670965373516083,0.3335088789463043,0.3167232573032379,0.35599714517593384,0.3458500802516937,0.36388835310935974,0.3810221254825592,0.4520525634288788,0.4397291839122772,0.5259087681770325,0.5124652981758118,0.337870717048645,0.329561710357666,0.37687402963638306,0.373073548078537,0.39181089401245117,0.41480496525764465,0.04413806274533272,0.06549680978059769,0.0506487600505352,0.11583507806062698,0.15079663693904877,0.16334067285060883,0.1320374459028244,0.17445819079875946,0.14589935541152954,0.1533038467168808,0.5,0.3333333432674408,0.0,0.2857142984867096,0.0,0.0,0.0,0.0,0.0,0.0,0.38461539149284363,0.0,0.0476190485060215,3.0,100.71163940429688,178.31488037109375,-0.08064515888690948,-0.17741934955120087,0.1147540956735611,0.39344263076782227,-0.2786885201931,0.0,157.12493896484375,0.0,141.883056640625,6.0,6.0
/Users/josephkamil/Desktop/Capstone/Oly_Data/segmented/clean/clean_from_cj_0049.mp4,clean,clean_from_cj_0049.mp4,0.129,clean,,yes,,olympic,clean_segmented_v_cleanandjerk_g09_c01,train,eb9f8ebfb750ef9a63e4b11bad424ad577d61123e5e3de10fe8340060c17e793,,eb9f8ebfb750ef9a63e4b11bad424ad577d61123e5e3de10fe8340060c17e793,114,113,0.9912280701754386,113.0,0.3451327383518219,0.3482142984867096,1.0,0.6548672318458557,11.0,0.4107142984867096,0.4375,0.2729746699333191,0.01223705057054758,0.6142339110374451,0.013339242897927761,161.46116638183594,165.08412170410156,169.4909210205078,130.37962341308594,109.76642608642578,174.88739013671875,176.31715393066406,168.2771759033203,171.7819061279297,179.7106475830078,139.96432495117188,146.37481689453125,157.68731689453125,124.40493774414062,98.26940155029297,159.24366760253906,167.0608367919922,161.87698364257812,163.00767517089844,169.0142059326172,177.21888732910156,176.13336181640625,171.4539031982422,43.87075424194336,12.829485893249512,24.491422653198242,24.939315795898438,15.139817237854004,38.06465530395508,34.76649475097656,2.050544023513794,1.8976192474365234,1.624648928642273,0.9670758247375488,2.2348084449768066,2.273786783218384,1.6401993036270142,0.2866177260875702,0.4243972599506378,0.37804386019706726,0.8079509139060974,0.7670654058456421,0.5754875540733337,0.5225136876106262,0.5698601007461548,0.4465659260749817,0.3105296492576599,0.33562397956848145,0.3378404378890991,0.5820252895355225,0.5791473984718323,0.5268598198890686,0.3600292205810547,0.4767920672893524,0.5629994869232178,0.4400891959667206,0.3267265260219574,0.3412858545780182,0.33687207102775574,0.571320116519928,0.6610899567604065,0.6392292380332947,0.5543742179870605,0.6863560676574707,0.7488802075386047,0.6347193121910095,0.5689082741737366,0.58548504114151,0.578870415687561,1.1748046875,0.22882913053035736,0.24021710455417633,0.21547280251979828,0.05081385001540184,0.01746840588748455,0.00971295777708292,0.022575443610548973,0.01841234415769577,0.03345588222146034,0.02126115746796131,0.0,0.0,0.0,0.25,0.1818181872367859,0.0,0.8333333134651184,0.6363636255264282,0.9090909361839294,0.5833333134651184,0.0,0.739130437374115,0.14159291982650757,6.0,126.38880920410156,121.57011413574219,-0.0625,-0.0892857164144516,0.18918919563293457,0.4864864945411682,-0.29729729890823364,46.34306335449219,102.55007934570312,41.20881652832031,106.6905288696289,1.0,2.0
/Users/josephkamil/Desktop/Capstone/Oly_Data/segmented/clean/clean_from_cj_0042.mp4,clean,clean_from_cj_0042.mp4,0.149,clean,,yes,,olympic,clean_segmented_v_cleanandjerk_g09_c04,train,9fe5d3dd54a0947d2707c4c6efe076d293af635b5099c5ac33dcb26e81983b7e,,9fe5d3dd54a0947d2707c4c6efe076d293af635b5099c5ac33dcb26e81983b7e,104,104,1.0,104.0,0.19230769574642181,0.291262149810791,0.8155339956283569,0.5288461446762085,12.0,0.8737863898277283,0.9611650705337524,0.3968697488307953,0.016783960163593292,0.10095334053039551,0.010617624968290329,156.48062133789062,170.33692932128906,160.7567901611328,84.12971496582031,136.2337646484375,167.59938049316406,176.06124877929688,168.45130920410156,128.82534790039062,87.60391998291016,139.63681030273438,154.2843780517578,150.53744506835938,77.98846435546875,127.7442398071289,157.10177612304688,166.47824096679688,163.0667724609375,132.4248504638672,53.549095153808594,173.0789794921875,172.7461395263672,119.38330078125,34.37134552001953,23.751493453979492,15.853042602539062,23.00212287902832,14.320947647094727,106.79325103759766,161.8618621826172,1.0842560529708862,0.7543120384216309,1.0865482091903687,2.606904983520508,3.925835609436035,2.7734363079071045,0.8310148119926453,0.3830326795578003,1.7272993326187134,3.5925536155700684,0.710053563117981,0.5781950354576111,0.4389345347881317,0.488298237323761,0.4161311984062195,0.34280574321746826,0.22262617945671082,0.30839359760284424,0.5332717895507812,0.660953164100647,0.41403451561927795,0.30686187744140625,0.27872148156166077,0.48633700609207153,0.4057069718837738,0.32475146651268005,0.23220832645893097,0.302984356880188,0.40550366044044495,0.47341397404670715,0.5658998489379883,0.4827970564365387,0.5385700464248657,0.7134321928024292,0.6285105347633362,0.5546683073043823,0.48821115493774414,0.5504409670829773,0.6308339238166809,0.7194591164588928,0.29606324434280396,0.27136465907096863,0.16097435355186462,0.02481105737388134,0.02897471934556961,0.022047948092222214,0.014599409885704517,0.01029814314097166,0.13239827752113342,0.18864010274410248,0.0,0.0,0.09090909361839294,0.5,0.09090909361839294,0.0,0.800000011920929,0.27272728085517883,0.20000000298023224,0.0,0.0,0.095238097012043,0.06730769574642181,6.0,119.30328369140625,112.86829376220703,-0.582524299621582,-0.6699029207229614,0.8823529481887817,0.8823529481887817,0.0,60.14598083496094,134.6287078857422,52.16193389892578,126.31008911132812,2.0,2.0
/Users/josephkamil/Desktop/Capstone/Oly_Data/segmented/clean/clean_from_cj_0038.mp4,clean,clean_from_cj_0038.mp4,0.17,clean,,yes,,olympic,clean_segmented_v_cleanandjerk_g11_c02,train,f180788a1f079ec6a52e883c57d812ace5b70299c0cca88679f3e869d75ef534,,f180788a1f079ec6a52e883c57d812ace5b70299c0cca88679f3e869d75ef534,125,125,1.0,125.0,0.5680000185966492,0.39516130089759827,1.0,0.6079999804496765,9.0,0.06451612710952759,0.06451612710952759,0.04388701915740967,0.008037655614316463,0.06670254468917847,0.008988137356936932,46.576904296875,122.15620422363281,155.07904052734375,157.2412872314453,65.16645050048828,111.7095947265625,138.8483123779297,164.74652099609375,170.6942901611328,173.62155151367188,54.60322189331055,120.51660919189453,147.3461151123047,159.09620666503906,79.15841674804688,110.72013854980469,138.2954864501953,160.06231689453125,164.14674377441406,166.78060913085938,129.58631896972656,171.50811767578125,173.9619598388672,130.87344360351562,35.088905334472656,24.37122344970703,24.029205322265625,35.33210754394531,54.682918548583984,43.086830139160156,1.5682708024978638,3.1788556575775146,1.8680219650268555,0.7700718641281128,0.6042509078979492,0.937942624092102,1.1272177696228027,0.7843758463859558,1.114607334136963,0.5794531106948853,0.5979987382888794,0.5832837820053101,0.5312472581863403,0.3784971833229065,0.5361038446426392,0.49694305658340454,0.40148863196372986,0.26355430483818054,0.2574818730354309,0.24851450324058533,0.41923055052757263,0.3524003326892853,0.30906686186790466,0.24280357360839844,0.5424005389213562,0.5017927885055542,0.41240331530570984,0.27818477153778076,0.26720210909843445,0.2596311867237091,0.5630378127098083,0.4789201021194458,0.4189631938934326,0.4787563681602478,0.7634136080741882,0.700789749622345,0.6154274344444275,0.5177915692329407,0.5039628744125366,0.5010284185409546,0.17894472181797028,0.23098881542682648,0.2221953123807907,0.1374790370464325,0.007216535974293947,0.008793077431619167,0.013404653407633305,0.017429392784833908,0.01275974977761507,0.01132570207118988,0.0,0.0,0.0,0.07692307978868484,1.0,0.9230769276618958,1.0,0.8461538553237915,0.8333333134651184,1.0,0.0,0.9200000166893005,0.17599999904632568,5.0,116.69661712646484,131.22201538085938,0.3306451737880707,0.3306451737880707,0.7398374080657959,0.08943089097738266,0.6504064798355103,154.8079833984375,140.66854858398438,140.4654998779297,118.26883697509766,3.0,3.0
/Users/josephkamil/Desktop/Capstone/Oly_Data/segmented/clean/clean_from_cj_0043.mp4,clean,clean_from_cj_0043.mp4,0.138,clean,,yes,,olympic,clean_segmented_v_cleanandjerk_g11_c03,train,d7b93b46dc60bc5741d3d9b3c8a52836867a136079d0be58420bf2a70fbb7a32,,d7b93b46dc60bc5741d3d9b3c8a52836867a136079d0be58420bf2a70fbb7a32,125,125,1.0,125.0,0.335999995470047,0.6209677457809448,1.0,0.3840000033378601,7.0,0.35483869910240173,0.35483869910240173,0.036413222551345825,0.007212218828499317,0.07147514820098877,0.009213346056640148,39.55741500854492,64.74177551269531,92.97570037841797,45.6214599609375,143.99658203125,168.3448028564453,95.83431243896484,100.50208282470703,166.00115966796875,176.87408447265625,45.21549987792969,68.05182647705078,92.23445892333984,50.15939712524414,133.1280975341797,162.94927978515625,100.21727752685547,98.70520782470703,160.01473999023438,165.9698944091797,174.9663543701172,176.38766479492188,176.7035675048828,177.01608276367188,176.8656768798828,165.8409881591797,62.53358840942383,55.272682189941406,39.62800979614258,47.873695373535156,0.4000976085662842,0.7247582674026489,1.5042742490768433,0.6734827756881714,1.3374508619308472,0.9665091037750244,1.3513628244400024,1.5220897197723389,0.37688112258911133,1.860064148902893,0.5839923024177551,0.5841131806373596,0.5861607789993286,0.5838156342506409,0.5393053889274597,0.4129888713359833,0.49793580174446106,0.5024502873420715,0.32820984721183777,0.25807756185531616,0.3774711787700653,0.3799239695072174,0.3789179027080536,0.37041032314300537,0.32587599754333496,0.21352998912334442,0.5091226696968079,0.5240095853805542,0.35682156682014465,0.2667258679866791,0.5712921619415283,0.5385305881500244,0.5110152363777161,0.5560903549194336,0.42126867175102234,0.42065149545669556,0.7301340103149414,0.7286162972450256,0.5769883394241333,0.5106930136680603,0.20656417310237885,0.20420275628566742,0.20724372565746307,0.21342121064662933,0.21345911920070648,0.19949842989444733,0.02313796989619732,0.02399419993162155,0.02914268523454666,0.015556641854345798,0.0,0.0,0.0,0.0,0.0,0.0,0.75,1.0,1.0,0.6153846383094788,0.0,0.800000011920929,0.2720000147819519,4.0,129.86105346679688,133.30857849121094,0.2661290466785431,0.2661290466785431,0.9268292784690857,0.7479674816131592,0.17886178195476532,148.5744171142578,138.72134399414062,132.69720458984375,121.98686218261719,2.0,2.0
/Users/josephkamil/Desktop/Capstone/Oly_Data/segmented/clean/clean_from_cj_0010.mp4,clean,clean_from_cj_0010.mp4,0.034,clean,,yes,,olympic,clean_segmented_v_cleanandjerk_g12_c01,train,3b9a674aae1928587e1b5df20be05f3d21ab3d0f81984ebf1e8ff5fe8ac0e0ff,,3b9a674aae1928587e1b5df20be05f3d21ab3d0f81984ebf1e8ff5fe8ac0e0ff,75,74,0.9866666666666667,74.0,0.054054055362939835,0.8904109597206116,0.931506872177124,0.054054055362939835,2.0,0.5890411138534546,0.5616438388824463,0.10431870818138123,0.009921381250023842,0.0469738245010376,0.005063323769718409,90.71659088134766,109.00359344482422,116.45330810546875,121.37049865722656,117.72087097167969,91.8437271118164,143.03024291992188,158.2049560546875,118.2830581665039,91.83663940429688,74.28395080566406,82.56932830810547,87.62860107421875,87.66334533691406,86.27899932861328,70.06974792480469,87.69046783447266,158.24607849121094,139.93821716308594,115.74077606201172,166.2848358154297,167.02027893066406,168.11093139648438,168.05355834960938,167.63636779785156,166.99769592285156,157.0618133544922,151.589599609375,130.03347778320312,85.61895751953125,63.07172393798828,65.1938247680664,64.88531494140625,65.34611511230469,65.22190856933594,69.36333465576172,60.36858367919922,8.37514877319336,2.347700357437134,4.686461448669434,0.6610495448112488,0.6598872542381287,0.6561292409896851,0.6600720286369324,0.6613271236419678,0.6551501154899597,0.5879144668579102,0.4539089798927307,0.4728519320487976,0.5100721120834351,0.5188261866569519,0.5201116800308228,0.5206825733184814,0.52092444896698,0.520595133304596,0.5062499046325684,0.4430546164512634,0.33181148767471313,0.4243010878562927,0.4892175793647766,0.5622649788856506,0.5623928308486938,0.5621850490570068,0.5614829659461975,0.5618802905082703,0.540730357170105,0.4931577742099762,0.47010529041290283,0.5630199313163757,0.6127451658248901,0.14326295256614685,0.14099834859371185,0.13633841276168823,0.13997089862823486,0.14161475002765656,0.14964042603969574,0.14527499675750732,0.12388433516025543,0.06541267782449722,0.04985286295413971,0.0,0.0,0.0,0.0,0.0,0.0,0.0,0.0,0.1428571492433548,0.375,0.0,0.2666666805744171,0.054054055362939835,1.0,116.70698547363281,136.1980438232422,0.30136987566947937,0.3287671208381653,0.8888888955116272,0.75,0.1388888955116272,128.4498291015625,40.75641632080078,110.24117279052734,33.233116149902344,4.0,3.0
/Users/josephkamil/Desktop/Capstone/Oly_Data/segmented/clean/clean_from_cj_0024.mp4,clean,clean_from_cj_0024.mp4,0.041,clean,,yes,,olympic,clean_segmented_v_cleanandjerk_g12_c07,train,3691dc24d62baab9080e5b2ccfeb4eb1d48fc32fddc39c6b53e5529810b9949f,,3691dc24d62baab9080e5b2ccfeb4eb1d48fc32fddc39c6b53e5529810b9949f,68,67,0.9852941176470589,67.0,0.2537313401699066,0.5757575631141663,1.0,0.43283581733703613,5.0,0.7878788113594055,0.8181818127632141,0.1335991621017456,0.017333632335066795,0.058981895446777344,0.010091766715049744,97.37169647216797,95.29840850830078,116.45093536376953,151.44761657714844,152.43873596191406,111.91898345947266,106.05059051513672,59.939422607421875,57.92452621459961,91.30594635009766,75.76425170898438,62.76688766479492,76.9992904663086,130.5793914794922,158.17201232910156,141.0651092529297,123.48184204101562,71.58045959472656,59.83495330810547,93.8866195678711,167.43727111816406,168.68460083007812,164.7724609375,167.00662231445312,160.69996643066406,122.7999267578125,142.46080017089844,37.31494903564453,30.07132911682129,37.46998977661133,62.543582916259766,66.26998138427734,72.40538787841797,28.735763549804688,3.698401927947998,1.9565880298614502,2.148005962371826,6.501956462860107,12.650152206420898,16.327089309692383,0.6897847652435303,0.6916214823722839,0.6549268960952759,0.5521767735481262,0.4477454721927643,0.4584282338619232,0.49267733097076416,0.5545207858085632,0.523078978061676,0.4382138252258301,0.5299534797668457,0.5307026505470276,0.5003835558891296,0.3964114487171173,0.3150722086429596,0.401682049036026,0.46662378311157227,0.5379058122634888,0.5276921391487122,0.47012200951576233,0.5816488265991211,0.5761968493461609,0.5308568477630615,0.5145459771156311,0.47086960077285767,0.5674425959587097,0.6274968385696411,0.6854330897331238,0.6695404052734375,0.6116854548454285,0.16021330654621124,0.16109658777713776,0.1557542085647583,0.15699049830436707,0.13949622213840485,0.08469844609498978,0.04673851653933525,0.03759514167904854,0.033202268183231354,0.03921365365386009,0.0,0.0,0.0,0.0,0.0,0.2857142984867096,0.3333333432674408,0.1428571492433548,0.7142857313156128,1.0,0.0,0.9230769276618958,0.17910447716712952,3.0,98.8186264038086,130.6675262451172,-0.21212121844291687,-0.24242424964904785,0.5692307949066162,0.4153846204280853,0.1538461595773697,87.40310668945312,94.0781478881836,112.3930435180664,133.94467163085938,5.0,4.0
/Users/josephkamil/Desktop/Capstone/Oly_Data/segmented/clean/clean_from_cj_0017.mp4,clean,clean_from_cj_0017.mp4,0.087,clean,,yes,,olympic,clean_segmented_v_cleanandjerk_g13_c01,train,6305277dc216970978ca2d3f3242d81c77923a7351c254785477509776da2930,,6305277dc216970978ca2d3f3242d81c77923a7351c254785477509776da2930,63,63,1.0,63.0,0.4761904776096344,0.5161290168762207,1.0,0.4920634925365448,3.0,0.24193547666072845,0.22580644488334656,0.13728457689285278,0.012991506606340408,0.036720454692840576,0.008236304856836796,55.34663772583008,55.17795181274414,52.82427978515625,138.76492309570312,171.6445770263672,137.52708435058594,167.15573120117188,170.5592498779297,112.43865966796875,116.53767395019531,74.5533676147461,84.6456069946289,63.16972732543945,141.56820678710938,165.70526123046875,131.18702697753906,11.255647659301758,13.746841430664062,60.29262161254883,157.80540466308594,163.48341369628906,175.0011444091797,176.79376220703125,177.06752014160156,174.1298370361328,141.9082794189453,168.04714965820312,173.5557403564453,175.90736389160156,173.08602905273438,1.4881949424743652,1.9775758981704712,2.7510976791381836,1.9293692111968994,2.6057205200195312,0.9077864289283752,1.0959157943725586,0.3243825137615204,0.5006945133209229,2.216876983642578,0.7749636769294739,0.7851994037628174,0.7631091475486755,0.6715596914291382,0.5484199523925781,0.44166114926338196,0.5340546369552612,0.49361810088157654,0.44233429431915283,0.3834327161312103,0.637787401676178,0.6412932276725769,0.6070323586463928,0.5295577645301819,0.44187209010124207,0.48346027731895447,0.5936492085456848,0.6092990636825562,0.5595808029174805,0.4977760910987854,0.7447109222412109,0.7493268847465515,0.7200312614440918,0.6586190462112427,0.6047407984733582,0.6693347096443176,0.7602806091308594,0.7624983787536621,0.7172698378562927,0.6700345277786255,0.1373380869626999,0.14436721801757812,0.1561182141304016,0.14201189577579498,0.10691655427217484,0.04814894124865532,0.06384982913732529,0.11572673171758652,0.11725512146949768,0.11436248570680618,0.0,0.0,0.0,0.0,0.0,0.8333333134651184,0.8571428656578064,1.0,1.0,1.0,0.0,1.0,0.3650793731212616,2.0,161.24322509765625,155.08407592773438,0.27419355511665344,0.29032257199287415,0.49180328845977783,0.7868852615356445,-0.2950819730758667,175.1420440673828,126.1490249633789,163.81515502929688,156.60382080078125,6.0,5.0
/Users/josephkamil/Desktop/Capstone/Oly_Data/segmented/clean/clean_from_cj_0022.mp4,clean,clean_from_cj_0022.mp4,0.081,clean,,yes,,olympic,clean_segmented_v_cleanandjerk_g13_c02,train,12d2a9eaa22603fbea3b1da071522632c653937decebb7d2feb4ae1d7a3a8bfd,,12d2a9eaa22603fbea3b1da071522632c653937decebb7d2feb4ae1d7a3a8bfd,63,62,0.9841269841269841,62.0,0.30645161867141724,0.6721311211585999,1.0,0.33870968222618103,3.0,0.9016393423080444,0.7868852615356445,0.2031232714653015,0.015747200697660446,0.035815536975860596,0.007163862697780132,139.62557983398438,140.32363891601562,147.13778686523438,149.32545471191406,162.92945861816406,170.7742919921875,168.9283447265625,149.7971649169922,154.15879821777344,136.0990753173828,125.59542083740234,127.24738311767578,129.5939483642578,133.0243682861328,149.21365356445312,161.2705841064453,160.1813201904297,67.22401428222656,19.161056518554688,125.2547378540039,169.28857421875,171.630615234375,171.67799377441406,176.35955810546875,175.46224975585938,177.2359619140625,159.10958862304688,140.43446350097656,129.97848510742188,174.2127227783203,3.6331393718719482,3.087115526199341,4.857637882232666,4.963898181915283,1.856785535812378,1.4248024225234985,2.1891419887542725,0.7485316395759583,1.2224498987197876,1.7371889352798462,0.6297252774238586,0.6344360709190369,0.6348503232002258,0.6373640894889832,0.5742974877357483,0.4787367284297943,0.37212833762168884,0.371302992105484,0.48744821548461914,0.33134084939956665,0.49010729789733887,0.4952244758605957,0.49521756172180176,0.4822916090488434,0.4246602952480316,0.34345850348472595,0.3341544568538666,0.45634350180625916,0.4997291564941406,0.4524303376674652,0.5888051986694336,0.6036033034324646,0.6109824776649475,0.5982704758644104,0.5510516166687012,0.5175719261169434,0.5117965340614319,0.6360071301460266,0.6549355387687683,0.6165681481361389,0.13967250287532806,0.13925516605377197,0.13990060985088348,0.1551293581724167,0.14965888857841492,0.1352812796831131,0.056825190782547,0.08586284518241882,0.06718403100967407,0.12109974771738052,0.0,0.0,0.0,0.0,0.0,0.0,0.3333333432674408,1.0,0.6666666865348816,1.0,0.0,0.8333333134651184,0.17741934955120087,2.0,166.2654571533203,157.24464416503906,-0.2295081913471222,-0.1147540956735611,0.8833333253860474,0.5833333134651184,0.30000001192092896,40.12347412109375,118.95097351074219,46.872886657714844,142.02130126953125,4.0,3.0
/Users/josephkamil/Desktop/Capstone/Oly_Data/segmented/clean/clean_from_cj_0090.mp4,clean,clean_from_cj_0090.mp4,0.127,clean,,yes,,olympic,clean_segmented_v_cleanandjerk_g16_c02,train,104350aded90c763f6dc2ed048abb6e3df4404b7695600e427e6f2f3a93eabe6,,104350aded90c763f6dc2ed048abb6e3df4404b7695600e427e6f2f3a93eabe6,63,63,1.0,63.0,0.4444444477558136,0.4193548262119293,1.0,0.5873016119003296,5.0,0.4677419364452362,0.4677419364452362,0.0725964903831482,0.01295649167150259,0.036914706230163574,0.008884569630026817,166.56106567382812,174.73594665527344,177.22657775878906,177.53414916992188,122.83538818359375,172.7997589111328,174.93508911132812,176.67236328125,177.4019012451172,177.42379760742188,170.07574462890625,176.9036407470703,170.95428466796875,175.3509063720703,119.42012786865234,175.82200622558594,173.36683654785156,171.03564453125,171.50584411621094,172.3467559814453,160.9220733642578,157.4210662841797,149.0701904296875,50.762939453125,23.899293899536133,11.03738021850586,14.095558166503906,12.056841850280762,10.040457725524902,7.6835150718688965,21.444475173950195,14.860523223876953,3.061206102371216,4.643002033233643,5.146177291870117,6.433847427368164,2.4296562671661377,2.7159080505371094,1.9106732606887817,1.2844160795211792,0.7795912623405457,0.6628472208976746,0.5369834303855896,0.5162635445594788,0.5781216025352478,0.5060389041900635,0.40150579810142517,0.3293245732784271,0.32140782475471497,0.3074728846549988,0.5770294070243835,0.4522515833377838,0.3500281274318695,0.45050835609436035,0.5824090838432312,0.5072875618934631,0.3489910960197449,0.33777371048927307,0.33618631958961487,0.32304778695106506,0.6625232696533203,0.6014726161956787,0.5791739821434021,0.6355456113815308,0.7502739429473877,0.6887412071228027,0.574421763420105,0.5698574781417847,0.5748606324195862,0.56679368019104,0.20335978269577026,0.21190834045410156,0.188409686088562,0.07384378463029861,0.0327422060072422,0.027678048238158226,0.06558558344841003,0.0380871556699276,0.03323816880583763,0.034016404300928116,0.0,0.0,0.0,0.0,0.8333333134651184,0.5,0.1428571492433548,1.0,1.0,1.0,0.0,1.0,0.3174603283405304,3.0,129.5401153564453,127.07408905029297,-0.04838709533214569,-0.04838709533214569,0.6557376980781555,0.5245901346206665,0.13114753365516663,49.87251281738281,87.08544921875,51.872337341308594,92.06038665771484,1.0,1.0
/Users/josephkamil/Desktop/Capstone/Oly_Data/segmented/clean/clean_from_cj_0086.mp4,clean,clean_from_cj_0086.mp4,0.088,clean,,yes,,olympic,clean_segmented_v_cleanandjerk_g16_c03,train,55017318f6f9704f0a70ce55dd68013faf5e3b9e1a99e1cde0e6eacc8ce99326,,55017318f6f9704f0a70ce55dd68013faf5e3b9e1a99e1cde0e6eacc8ce99326,63,53,0.8412698412698413,53.0,0.09433962404727936,0.5384615659713745,0.692307710647583,0.16981132328510284,6.0,0.42307692766189575,0.0,0.1596396565437317,0.03503165394067764,0.06259417533874512,0.013235888443887234,117.57820892333984,125.87544250488281,144.23219299316406,117.13897705078125,115.83841705322266,162.17015075683594,167.2134246826172,158.44818115234375,167.4248809814453,148.90164184570312,81.38850402832031,110.2389144897461,136.5234832763672,128.0542755126953,139.16355895996094,157.9682159423828,162.37327575683594,158.82394409179688,165.57131958007812,157.82044982910156,168.77049255371094,166.08505249023438,162.1613311767578,142.12355041503906,58.926055908203125,59.26477813720703,18.0213623046875,139.4622802734375,134.9922637939453,138.7128143310547,47.522586822509766,29.322479248046875,12.655353546142578,8.930476188659668,7.896258354187012,6.225499153137207,4.9256672859191895,3.259632110595703,1.204341173171997,1.8893085718154907,0.7565535306930542,0.5956519246101379,0.48179978132247925,0.6751570701599121,0.5435759425163269,0.3700352609157562,0.3626396954059601,0.45479869842529297,0.4155830442905426,0.48707032203674316,0.49406376481056213,0.3871839642524719,0.35021185874938965,0.5207206606864929,0.44805875420570374,0.35273128747940063,0.37369921803474426,0.3689919412136078,0.3641934096813202,0.4158550202846527,0.6249986886978149,0.567409098148346,0.5641838312149048,0.6927001476287842,0.6439784169197083,0.5792359113693237,0.5997712016105652,0.607850193977356,0.607064425945282,0.6518885493278503,0.2634047865867615,0.20945937931537628,0.13317151367664337,0.15463341772556305,0.0962444394826889,0.046379219740629196,0.03044900856912136,0.08792959153652191,0.05318494886159897,0.07469453662633896,0.0,0.0,0.0,0.0,0.0,0.20000000298023224,0.6666666865348816,0.0,0.0,0.0,0.0,0.0,0.056603774428367615,3.0,163.67636108398438,157.23463439941406,0.11538461595773697,0.5384615659713745,0.1568627506494522,0.37254902720451355,-0.21568627655506134,117.4200439453125,31.501327514648438,125.74970245361328,14.381301879882812,3.0,3.0
/Users/josephkamil/Desktop/Capstone/Oly_Data/segmented/clean/clean_from_cj_0040.mp4,clean,clean_from_cj_0040.mp4,0.133,clean,,yes,,olympic,clean_segmented_v_cleanandjerk_g18_c01,train,2fe979f3969f9a28028d589960f47cf5b386fb45315a97ab01219eb83ae9cea3,,2fe979f3969f9a28028d589960f47cf5b386fb45315a97ab01219eb83ae9cea3,104,104,1.0,104.0,0.6153846383094788,0.3786407709121704,1.0,0.625,3.0,0.4563106894493103,0.446601927280426,0.03904968500137329,0.00760863721370697,0.06008303165435791,0.008203927427530289,129.92416381835938,152.60794067382812,172.37783813476562,133.19203186035156,47.02889633178711,80.10907745361328,131.7213134765625,143.09970092773438,156.79202270507812,172.3109130859375,132.40908813476562,147.90223693847656,165.47047424316406,139.20901489257812,61.95235824584961,85.52657318115234,132.04652404785156,144.1294708251953,156.94985961914062,166.65960693359375,173.95352172851562,178.39527893066406,174.0357666015625,86.08906555175781,30.523012161254883,23.971837997436523,23.679080963134766,26.2154541015625,31.77194595336914,32.559181213378906,0.4967678189277649,0.7748314738273621,0.8553797006607056,0.5177543759346008,1.639304280281067,0.7846845388412476,1.342366337776184,1.1580181121826172,0.3356357216835022,0.5283632278442383,0.650314211845398,0.619331955909729,0.5152869820594788,0.45681437849998474,0.5912273526191711,0.5551902651786804,0.4859457015991211,0.4245642423629761,0.3282315135002136,0.28130343556404114,0.4139275550842285,0.3817276954650879,0.27936094999313354,0.3604006767272949,0.6037423014640808,0.564215898513794,0.4895454943180084,0.4363589286804199,0.33846014738082886,0.29359903931617737,0.5248821973800659,0.4875907301902771,0.4352358877658844,0.5893635153770447,0.8155550360679626,0.7663402557373047,0.6814872622489929,0.64048171043396,0.5680638551712036,0.5263243317604065,0.23639746010303497,0.2376290112733841,0.2359502911567688,0.09914793074131012,0.012676307000219822,0.009188924916088581,0.003983370028436184,0.011966139078140259,0.010736971162259579,0.012888542376458645,0.0,0.0,0.0,0.20000000298023224,1.0,1.0,0.8999999761581421,1.0,1.0,1.0,0.0,1.0,0.375,2.0,90.63642120361328,105.86813354492188,-0.0776699036359787,-0.06796116381883621,0.8529411554336548,0.5490196347236633,0.30392158031463623,84.54056549072266,136.48892211914062,64.43032836914062,115.91789245605469,2.0,2.0
/Users/josephkamil/Desktop/Capstone/Oly_Data/segmented/clean/clean_from_cj_0047.mp4,clean,clean_from_cj_0047.mp4,0.138,clean,,yes,,olympic,clean_segmented_v_cleanandjerk_g18_c04,train,439b42e5f3f90c4bc362a270f019ef3f0d9e7e4b39ef5459d250d0cf4f18afe2,,439b42e5f3f90c4bc362a270f019ef3f0d9e7e4b39ef5459d250d0cf4f18afe2,102,102,1.0,102.0,0.7254902124404907,0.2673267424106598,1.0,0.7352941036224365,3.0,0.3564356565475464,0.3564356565475464,0.0538468062877655,0.008807453326880932,0.07421654462814331,0.008805964142084122,170.56451416015625,175.34933471679688,135.78787231445312,28.523784637451172,86.82476806640625,170.18740844726562,164.32093811035156,168.92416381835938,172.4223175048828,173.86972045898438,152.8773956298828,163.9910125732422,134.3087921142578,27.62894630432129,77.91508483886719,164.43125915527344,164.70773315429688,166.78518676757812,167.9517059326172,168.0946044921875,172.30026245117188,172.25308227539062,96.55964660644531,15.728935241699219,13.996267318725586,16.381072998046875,19.518939971923828,28.51401710510254,29.77081298828125,29.052825927734375,1.788982629776001,2.993161201477051,0.7320917844772339,0.8289211392402649,1.2330601215362549,1.063852071762085,0.42156705260276794,0.4752981662750244,0.46962088346481323,0.5899494290351868,0.6242459416389465,0.4892353117465973,0.4062475264072418,0.5628672242164612,0.5025876760482788,0.43401432037353516,0.3658428490161896,0.2501785159111023,0.2403932809829712,0.23111940920352936,0.3649997413158417,0.23728147149085999,0.285736620426178,0.5791671872138977,0.5143986940383911,0.4367954730987549,0.3773021697998047,0.26862069964408875,0.2588464617729187,0.255922794342041,0.48269182443618774,0.4119792878627777,0.539412796497345,0.7948538661003113,0.7217568159103394,0.6370129585266113,0.5991252660751343,0.5152081251144409,0.5094097852706909,0.5078569650650024,0.259382426738739,0.2520630955696106,0.12706780433654785,0.017678089439868927,0.014431857503950596,0.005092802923172712,0.01247022021561861,0.019458161666989326,0.018926888704299927,0.025101013481616974,0.0,0.0,0.30000001192092896,1.0,1.0,0.8999999761581421,1.0,1.0,1.0,1.0,0.0,1.0,0.4313725531101227,2.0,95.74784851074219,99.5635986328125,-0.0891089141368866,-0.0891089141368866,0.07999999821186066,0.4300000071525574,-0.3499999940395355,82.56582641601562,156.37606811523438,67.85920715332031,152.98390197753906,1.0,1.0
/Users/josephkamil/Desktop/Capstone/Oly_Data/segmented/clean/clean_from_cj_0092.mp4,clean,clean_from_cj_0092.mp4,0.111,clean,,yes,,olympic,clean_segmented_v_cleanandjerk_g20_c02,train,ae46e9e3acc679cdae5f0b91c9b6c087ab02718d632480572177b0cd683626f0,,ae46e9e3acc679cdae5f0b91c9b6c087ab02718d632480572177b0cd683626f0,125,47,0.376,47.0,0.042553190141916275,0.95652174949646,1.0,0.06382978707551956,3.0,0.0,0.0,0.10509109497070312,0.01810477301478386,0.043122172355651855,0.004273601341992617,101.51739501953125,144.1002197265625,156.01065063476562,153.71762084960938,161.3354034423828,161.95700073242188,157.9996337890625,162.9380340576172,164.00668334960938,156.09457397460938,105.47145080566406,154.10745239257812,158.06651306152344,154.01626586914062,154.283935546875,159.79598999023438,164.08251953125,169.20651245117188,171.2503662109375,163.91891479492188,177.09033203125,170.86868286132812,167.4878387451172,178.33633422851562,177.13681030273438,173.88119506835938,174.30218505859375,149.2356414794922,129.3162078857422,67.34188079833984,9.53537368774414,7.924546241760254,9.610462188720703,10.132833480834961,11.361149787902832,6.205716609954834,0.8843881487846375,3.9135494232177734,6.804617404937744,5.840234756469727,0.6838738918304443,0.6039223074913025,0.603530764579773,0.6182364821434021,0.5930944681167603,0.5758790969848633,0.5231720209121704,0.522381603717804,0.4772530496120453,0.3879369795322418,0.5037824511528015,0.48674049973487854,0.4711655080318451,0.45840132236480713,0.4393720030784607,0.41266584396362305,0.3796340227127075,0.3769203722476959,0.3605954945087433,0.35613542795181274,0.6438733339309692,0.6238198280334473,0.6029120683670044,0.5897177457809448,0.5722538232803345,0.5625212788581848,0.5502753257751465,0.5495470762252808,0.5320786237716675,0.5309765338897705,0.18046090006828308,0.11737807095050812,0.13329732418060303,0.1602480560541153,0.1550406515598297,0.1639328896999359,0.14368921518325806,0.14952053129673004,0.12070071697235107,0.052932363003492355,0.0,0.0,0.0,0.0,0.0,0.0,0.0,0.0,0.0,0.4000000059604645,0.0,0.2222222238779068,0.021276595070958138,2.0,153.47647094726562,161.4583740234375,0.95652174949646,0.95652174949646,1.0,1.0,0.0,90.4295883178711,15.250228881835938,92.15955352783203,4.5543365478515625,0.0,0.0
/Users/josephkamil/Desktop/Capstone/Oly_Data/segmented/clean/clean_from_cj_0070.mp4,clean,clean_from_cj_0070.mp4,0.144,clean,,yes,,olympic,clean_segmented_v_cleanandjerk_g22_c04,train,3b2724b2034643d11318adeec98444e9f901ea925703b86d6a4c49c826a25ccb,,3b2724b2034643d11318adeec98444e9f901ea925703b86d6a4c49c826a25ccb,109,109,1.0,109.0,0.5963302850723267,0.40740740299224854,1.0,0.5963302850723267,1.0,0.46296295523643494,0.46296295523643494,0.1395496129989624,0.009779918007552624,0.06931984424591064,0.006845859810709953,126.21624755859375,129.87860107421875,170.92291259765625,140.92066955566406,50.9405517578125,88.65403747558594,122.48921203613281,144.68118286132812,177.31455993652344,176.13816833496094,130.90184020996094,124.95796203613281,162.36370849609375,146.03297424316406,54.42290115356445,86.88829040527344,121.18592071533203,143.4838104248047,174.3540496826172,170.53912353515625,170.786376953125,176.5793914794922,176.64674377441406,110.6195068359375,46.922664642333984,43.41450119018555,37.98368835449219,42.715354919433594,56.12955093383789,71.74315643310547,8.531198501586914,8.787604331970215,5.3293986320495605,4.181586265563965,1.2707470655441284,1.0889872312545776,1.5116080045700073,1.2068209648132324,2.19038987159729,1.9707108736038208,0.8215144276618958,0.7777257561683655,0.6198781132698059,0.4902694821357727,0.5287571549415588,0.47624072432518005,0.4523385763168335,0.3936956226825714,0.3244769871234894,0.3225693106651306,0.5978665947914124,0.5613353848457336,0.4057447612285614,0.39104336500167847,0.5398973226547241,0.49256518483161926,0.47835835814476013,0.4110836684703827,0.33705374598503113,0.32980939745903015,0.7146537899971008,0.6901459097862244,0.6053770184516907,0.6187149286270142,0.7540509700775146,0.6927754878997803,0.684689462184906,0.632455050945282,0.5785825848579407,0.5718703866004944,0.2239087074995041,0.21646620333194733,0.21450023353099823,0.10505221039056778,0.030880307778716087,0.035044871270656586,0.03586941957473755,0.02992888167500496,0.01841600425541401,0.020913008600473404,0.0,0.0,0.0,0.0,0.9090909361839294,1.0,1.0,1.0,1.0,1.0,0.0,1.0,0.5963302850723267,1.0,87.96593475341797,99.32801055908203,-0.0555555559694767,-0.0555555559694767,0.3925233781337738,0.13084112107753754,0.2616822421550751,90.2690658569336,152.3973388671875,74.8259048461914,154.0189208984375,2.0,2.0
/Users/josephkamil/Desktop/Capstone/Oly_Data/segmented/clean/clean_from_cj_0013.mp4,clean,clean_from_cj_0013.mp4,0.196,clean,,yes,,olympic,clean_segmented_v_cleanandjerk_g24_c02,train,0281adfd2eb0a14f86176fec1f7d6f82b2c6663aca179493c82855869bf9522a,,0281adfd2eb0a14f86176fec1f7d6f82b2c6663aca179493c82855869bf9522a,118,96,0.8135593220338984,96.0,0.2604166567325592,0.4736842215061188,1.0,0.53125,7.0,0.46315789222717285,0.4736842215061188,0.34008878469467163,0.01903652399778366,0.18852722644805908,0.011232832446694374,94.52801513671875,77.69828796386719,122.60794067382812,142.12088012695312,133.44479370117188,114.15162658691406,133.57333374023438,171.47357177734375,161.95516967773438,168.21133422851562,87.05044555664062,73.31883239746094,106.2443618774414,133.0251007080078,117.08784484863281,125.70597076416016,137.86349487304688,164.4169464111328,158.01544189453125,162.2941131591797,174.94390869140625,172.26121520996094,177.49566650390625,175.43896484375,157.83541870117188,79.47858428955078,86.68814849853516,78.91343688964844,92.51586151123047,84.27217102050781,22.727333068847656,17.19094467163086,16.964067459106445,13.787710189819336,59.35007858276367,42.187591552734375,2.0437979698181152,1.261958122253418,1.6241563558578491,0.5900181531906128,0.8537731170654297,0.8519207835197449,0.8109123706817627,0.680726945400238,0.6790043115615845,0.6234463453292847,0.4961230754852295,0.4422903060913086,0.45531129837036133,0.4187868535518646,0.6604278087615967,0.6612624526023865,0.6160793304443359,0.49700719118118286,0.6198068857192993,0.6158396601676941,0.5011847019195557,0.42386162281036377,0.4379264712333679,0.42532286047935486,0.7445399761199951,0.7678724527359009,0.7265697121620178,0.645553469657898,0.6913051009178162,0.7231547236442566,0.6877599954605103,0.6160637140274048,0.6298346519470215,0.6193568706512451,0.19359277188777924,0.19123080372810364,0.19517387449741364,0.1842181384563446,0.09078230708837509,0.06266957521438599,0.033794302493333817,0.04593425616621971,0.04265198856592178,0.02148047462105751,0.0,0.0,0.0,0.0,0.20000000298023224,0.6666666865348816,0.800000011920929,0.0,0.0,0.8999999761581421,0.0,0.4736842215061188,0.09375,4.0,103.08697509765625,38.1212158203125,0.010526316240429878,0.0,0.521276593208313,0.4893617033958435,0.03191489353775978,158.66900634765625,92.8932113647461,130.33056640625,140.42990112304688,4.0,3.0
/Users/josephkamil/Desktop/Capstone/Oly_Data/segmented/clean/clean_from_cj_0012.mp4,clean,clean_from_cj_0012.mp4,0.115,clean,,yes,,olympic,clean_segmented_v_cleanandjerk_g24_c03,train,2ba368c22c6c7e33f4908875e03f4f1a8c61033a0ae83dcf41ed98b7dcf6ef9f,,2ba368c22c6c7e33f4908875e03f4f1a8c61033a0ae83dcf41ed98b7dcf6ef9f,106,55,0.5188679245283019,55.0,0.12727272510528564,0.7962962985038757,0.9074074029922485,0.12727272510528564,2.0,0.7962962985038757,0.8703703880310059,0.20822834968566895,0.021710224449634552,0.1115533709526062,0.012393780052661896,115.1788330078125,84.45465087890625,71.80564880371094,81.1133804321289,116.33536529541016,159.72857666015625,161.3064727783203,123.14472198486328,142.03091430664062,165.7266082763672,94.8263168334961,77.72737884521484,67.45996856689453,73.98001098632812,100.60697174072266,137.5524139404297,161.0409393310547,150.6894989013672,105.4870376586914,167.10423278808594,176.12110900878906,173.9701385498047,178.80909729003906,178.225341796875,177.55801391601562,178.5059356689453,170.50051879882812,158.15501403808594,153.38392639160156,159.17137145996094,22.618383407592773,17.906373977661133,15.589365005493164,16.08683204650879,17.48630714416504,16.421913146972656,4.926470756530762,33.99632263183594,140.50955200195312,84.87468719482422,0.8654643893241882,0.8703106045722961,0.8639603853225708,0.8523560166358948,0.7984949350357056,0.7156381011009216,0.6065161228179932,0.5521341562271118,0.5630514025688171,0.5745238065719604,0.6592256426811218,0.662980854511261,0.6527984142303467,0.640582799911499,0.6074758768081665,0.5345497727394104,0.46117597818374634,0.5243807435035706,0.646943211555481,0.46711015701293945,0.7363396883010864,0.7614176869392395,0.7664496302604675,0.7551215291023254,0.7136190533638,0.6600243449211121,0.6325682997703552,0.6441770195960999,0.560382604598999,0.4647331237792969,0.20657452940940857,0.20782999694347382,0.2114284485578537,0.21185387670993805,0.19113501906394958,0.1816502809524536,0.15038380026817322,0.09464061260223389,0.09871231764554977,0.1420045644044876,0.0,0.0,0.0,0.0,0.0,0.0,0.0,0.1666666716337204,1.0,0.1666666716337204,0.0,0.5454545617103577,0.12727272510528564,1.0,44.061771392822266,168.77398681640625,0.0,-0.07407407462596893,0.849056601524353,0.9245283007621765,-0.07547169923782349,124.48861694335938,130.80030822753906,107.14096069335938,170.46156311035156,2.0,2.0
/Users/josephkamil/Desktop/Capstone/Oly_Data/segmented/clean/clean_from_cj_0021.mp4,clean,clean_from_cj_0021.mp4,0.086,clean,,yes,,olympic,clean_segmented_v_cleanandjerk_g25_c02,train,c7f66913bf3c965fbe78a8eb9cb0c2f1d1246c4a69e9309669d1118627989133,,c7f66913bf3c965fbe78a8eb9cb0c2f1d1246c4a69e9309669d1118627989133,87,87,1.0,87.0,0.5057471394538879,0.5,1.0,0.5057471394538879,1.0,0.5465116500854492,0.5348837375640869,0.05239376425743103,0.009259505197405815,0.042333006858825684,0.006763098761439323,127.01484680175781,122.96864318847656,174.919189453125,169.1168212890625,159.4053497314453,34.8170280456543,24.471881866455078,121.42788696289062,163.65301513671875,171.7881622314453,121.89862823486328,120.98129272460938,157.75033569335938,171.5060577392578,172.6605987548828,51.60424041748047,41.93553924560547,134.33177185058594,174.13267517089844,168.8914337158203,168.3463897705078,173.43711853027344,163.32167053222656,148.09393310546875,70.58248138427734,105.33287811279297,88.20677947998047,87.76993560791016,127.33653259277344,121.29086303710938,31.939178466796875,22.548118591308594,22.76645851135254,7.0446319580078125,3.8103036880493164,1.4246914386749268,1.273021936416626,3.4397263526916504,1.7065768241882324,4.818548679351807,0.6841453313827515,0.6684210300445557,0.6396989226341248,0.5011720657348633,0.4511047899723053,0.5415804982185364,0.542904794216156,0.49907243251800537,0.4306478500366211,0.37631914019584656,0.5229921936988831,0.5145269632339478,0.48286497592926025,0.3762893080711365,0.42556673288345337,0.5521625876426697,0.5566756725311279,0.5118030905723572,0.44164198637008667,0.3906414210796356,0.5912697315216064,0.6058599948883057,0.578494131565094,0.5233165621757507,0.5741409659385681,0.6901758313179016,0.6980012059211731,0.6582903861999512,0.595762312412262,0.5496545433998108,0.16125629842281342,0.1539180427789688,0.15684181451797485,0.12653836607933044,0.039490196853876114,0.042033128440380096,0.027271803468465805,0.043701205402612686,0.04727805405855179,0.021044902503490448,0.0,0.0,0.0,0.0,0.0,1.0,1.0,1.0,1.0,1.0,0.0,1.0,0.5057471394538879,1.0,142.4993438720703,157.5015411376953,-0.04651162773370743,-0.03488372266292572,0.3529411852359772,0.8470588326454163,-0.4941176474094391,89.71151733398438,171.96878051757812,84.7547607421875,162.79229736328125,3.0,3.0
/Users/josephkamil/Desktop/Capstone/Oly_Data/segmented/split_jerk/split_jerk_from_cj_0006.mp4,split_jerk,split_jerk_from_cj_0006.mp4,0.188,split_jerk,,yes,,olympic,split_jerk_segmented_v_cleanandjerk_g03_c06,train,f25c883d6b1e15c133f98ff5fde27c2c6610da6eb51695daa973bba378c8a5c8,,f25c883d6b1e15c133f98ff5fde27c2c6610da6eb51695daa973bba378c8a5c8,125,125,1.0,125.0,0.8479999899864197,0.0,0.8467742204666138,0.8479999899864197,1.0,0.9677419066429138,0.8629032373428345,0.17907172441482544,0.011200988665223122,0.15524274110794067,0.0063844891265034676,164.57098388671875,163.8228302001953,167.7396697998047,167.82542419433594,170.59243774414062,171.57168579101562,175.09747314453125,169.32272338867188,109.0743408203125,111.59606170654297,160.29905700683594,160.2007598876953,156.98426818847656,163.52012634277344,170.9755096435547,168.49485778808594,170.09999084472656,167.6083984375,110.04983520507812,95.77009582519531,18.308900833129883,160.81175231933594,172.90728759765625,173.32394409179688,175.7050323486328,175.51239013671875,175.3581085205078,172.3212890625,104.57331085205078,148.90969848632812,0.3717308044433594,3.7471508979797363,4.458837985992432,2.023608446121216,0.7420153617858887,0.9849436283111572,0.6390311121940613,0.49241411685943604,0.8107208609580994,1.0381525754928589,0.2132929116487503,0.17330336570739746,0.171280637383461,0.14087055623531342,0.1142217144370079,0.11127371340990067,0.10811197757720947,0.12753444910049438,0.6128306984901428,0.8030653595924377,0.23094268143177032,0.38353532552719116,0.38441792130470276,0.35603654384613037,0.33058467507362366,0.32767295837402344,0.32452836632728577,0.3428557813167572,0.6046997904777527,0.6451480388641357,0.506706953048706,0.6378484964370728,0.6191461682319641,0.5996075868606567,0.5844233632087708,0.587848424911499,0.5878718495368958,0.5935296416282654,0.778397798538208,0.7635204792022705,0.02127559669315815,0.21030856668949127,0.21316516399383545,0.21528230607509613,0.2164740413427353,0.21643003821372986,0.216417133808136,0.21534286439418793,0.12848402559757233,0.15794605016708374,1.0,1.0,1.0,1.0,1.0,1.0,1.0,1.0,0.5,0.0,1.0,0.23999999463558197,0.8479999899864197,1.0,160.87615966796875,159.39244079589844,-0.9677419066429138,-0.8629032373428345,0.04878048598766327,0.04878048598766327,0.0,0.0,93.89799499511719,0.0,103.99166107177734,2.0,2.0
/Users/josephkamil/Desktop/Capstone/Oly_Data/segmented/split_jerk/split_jerk_from_cj_0023.mp4,split_jerk,split_jerk_from_cj_0023.mp4,0.161,split_jerk,,yes,,olympic,split_jerk_segmented_v_cleanandjerk_g03_c03,train,6367e52af1da4c66b3408250dfaeed902b73c70e4f7a9870911563e9225028cb,,6367e52af1da4c66b3408250dfaeed902b73c70e4f7a9870911563e9225028cb,125,125,1.0,125.0,1.0,0.0,1.0,1.0,0.0,0.6048387289047241,0.6048387289047241,0.03693389892578125,0.003357785753905773,0.04870748519897461,0.0028767110779881477,177.4159393310547,177.3217010498047,177.5929718017578,177.67184448242188,177.5296630859375,167.08602905273438,169.49501037597656,173.06451416015625,173.982177734375,177.08363342285156,164.4914093017578,164.1424102783203,164.13478088378906,164.10939025878906,164.3054962158203,158.69654846191406,163.61830139160156,168.85118103027344,171.9475860595703,174.63792419433594,35.492122650146484,34.971744537353516,34.634342193603516,34.20906448364258,33.823604583740234,33.98190689086914,69.88618469238281,168.22824096679688,172.01287841796875,174.33197021484375,0.39661404490470886,0.5077410936355591,0.5722408294677734,0.6412187218666077,0.5909727811813354,0.6530400514602661,1.6743031740188599,1.0134299993515015,2.7610366344451904,2.3610706329345703,0.18417449295520782,0.18657229840755463,0.18954579532146454,0.1899779736995697,0.19038641452789307,0.2488125115633011,0.18964992463588715,0.17929108440876007,0.14470821619033813,0.11873401701450348,0.2147098332643509,0.21714404225349426,0.2180366963148117,0.21786154806613922,0.21756835281848907,0.26898834109306335,0.275943785905838,0.3839847147464752,0.35926127433776855,0.3387834131717682,0.4969818592071533,0.4991701543331146,0.5003734230995178,0.5005889534950256,0.4999929368495941,0.5359129905700684,0.5413045287132263,0.6232600808143616,0.6017496585845947,0.5842554569244385,0.030546806752681732,0.030573150143027306,0.02849288284778595,0.027883999049663544,0.02718210779130459,0.020483411848545074,0.08708745986223221,0.2047511637210846,0.214560404419899,0.22005802392959595,1.0,1.0,1.0,1.0,1.0,1.0,1.0,1.0,1.0,1.0,1.0,1.0,1.0,1.0,177.90834045410156,164.78424072265625,-0.6048387289047241,-0.6048387289047241,0.6260162591934204,0.6178861856460571,0.008130080997943878,0.0,18.9515380859375,0.0,23.927780151367188,0.0,0.0
/Users/josephkamil/Desktop/Capstone/Oly_Data/segmented/split_jerk/split_jerk_from_cj_0074.mp4,split_jerk,split_jerk_from_cj_0074.mp4,0.13,split_jerk,,yes,,olympic,split_jerk_segmented_v_cleanandjerk_g06_c04,train,583d83db66eeded76f5fc5164677a0e0b078d557b1cca501662a8947046b343e,,583d83db66eeded76f5fc5164677a0e0b078d557b1cca501662a8947046b343e,125,125,1.0,125.0,0.9919999837875366,0.0,1.0,1.0,2.0,0.41129031777381897,0.41129031777381897,0.05181238055229187,0.0033720731735229492,0.03009641170501709,0.002757527632638812,178.6620330810547,179.12216186523438,179.1885528564453,171.2616424560547,162.9939422607422,174.5152130126953,174.3796844482422,176.6553497314453,169.3802032470703,178.06163024902344,172.31153869628906,172.63287353515625,172.6195831298828,167.94082641601562,163.55445861816406,177.41250610351562,176.50286865234375,178.03009033203125,168.26055908203125,175.27105712890625,36.384029388427734,34.74413299560547,34.4501838684082,41.01361083984375,43.15901565551758,150.21458435058594,163.32620239257812,166.33200073242188,166.57977294921875,169.54937744140625,2.570154905319214,3.2343156337738037,3.201739549636841,2.9737484455108643,3.1887729167938232,2.528259754180908,1.810606598854065,2.3625905513763428,2.197695016860962,2.7551417350769043,0.3509284257888794,0.3529762625694275,0.3486391603946686,0.35321566462516785,0.3501288592815399,0.24682416021823883,0.2208660989999771,0.1642182618379593,0.1290605664253235,0.11283478140830994,0.35483941435813904,0.35903820395469666,0.3596667945384979,0.36602720618247986,0.3775466978549957,0.4330913722515106,0.4188428223133087,0.36786943674087524,0.33230480551719666,0.3240727186203003,0.584481418132782,0.5848349332809448,0.584115207195282,0.5899169445037842,0.5982008576393127,0.6512399315834045,0.6429777145385742,0.604220986366272,0.5846449732780457,0.5827093720436096,0.004624645691365004,0.00732258427888155,0.011369685642421246,0.012978306971490383,0.027585893869400024,0.18628428876399994,0.19801397621631622,0.20365415513515472,0.2032855749130249,0.21151518821716309,1.0,0.9230769276618958,1.0,1.0,1.0,1.0,1.0,1.0,1.0,1.0,0.9599999785423279,1.0,0.8880000114440918,2.0,178.88104248046875,171.63243103027344,-0.41129031777381897,-0.41129031777381897,0.46341463923454285,0.46341463923454285,0.0,0.0,31.691925048828125,0.0,25.372268676757812,1.0,0.0
/Users/josephkamil/Desktop/Capstone/Oly_Data/segmented/split_jerk/split_jerk_from_cj_0067.mp4,split_jerk,split_jerk_from_cj_0067.mp4,0.129,split_jerk,,yes,,olympic,split_jerk_segmented_v_cleanandjerk_g06_c02,train,bdd362ded8cf7b7d1ed3e167bfb0f23eb41bb922d0df4a0f054153fe7ed77dc4,,bdd362ded8cf7b7d1ed3e167bfb0f23eb41bb922d0df4a0f054153fe7ed77dc4,107,107,1.0,107.0,0.9065420627593994,0.0,1.0,1.0,6.0,0.4150943458080292,0.40566039085388184,0.064289391040802,0.0054947733879089355,0.035277485847473145,0.0035846210084855556,177.23204040527344,178.9160919189453,178.441650390625,166.0877685546875,159.75169372558594,169.0570526123047,176.03817749023438,176.56483459472656,177.67169189453125,178.23622131347656,170.17230224609375,170.06118774414062,169.32957458496094,164.55654907226562,162.8924560546875,171.95179748535156,176.50733947753906,177.52749633789062,168.03195190429688,170.78614807128906,31.553348541259766,31.637359619140625,26.987592697143555,27.841079711914062,35.54437255859375,149.90383911132812,160.62818908691406,159.8142852783203,163.37428283691406,167.04296875,1.1446789503097534,0.8397848010063171,0.5399428009986877,1.1758214235305786,1.1379389762878418,2.400031089782715,3.025439739227295,2.2622194290161133,0.32917550206184387,1.1834391355514526,0.3043569028377533,0.31015920639038086,0.3232927620410919,0.3757059574127197,0.38336336612701416,0.22368526458740234,0.18694819509983063,0.14656394720077515,0.11841965466737747,0.10362125188112259,0.319428026676178,0.321055144071579,0.3262290954589844,0.3773651421070099,0.39413997530937195,0.3996903598308563,0.38665956258773804,0.3485364317893982,0.3177895247936249,0.305815190076828,0.5432931184768677,0.5439119935035706,0.548555314540863,0.5985668301582336,0.6144988536834717,0.6344712376594543,0.6359632611274719,0.5918275713920593,0.5693656802177429,0.5601015090942383,0.015211975201964378,0.010944214649498463,0.003481517778709531,0.005253337789326906,0.013927222229540348,0.17602843046188354,0.19976381957530975,0.2021518349647522,0.1993885189294815,0.20227870345115662,1.0,1.0,1.0,0.6000000238418579,0.4545454680919647,1.0,1.0,1.0,1.0,1.0,1.0,1.0,0.5327102541923523,4.0,177.94305419921875,170.79437255859375,-0.4150943458080292,-0.40566039085388184,0.46666666865348816,0.46666666865348816,0.0,0.0,29.592681884765625,0.0,23.487335205078125,0.0,0.0
/Users/josephkamil/Desktop/Capstone/Oly_Data/segmented/split_jerk/split_jerk_from_cj_0076.mp4,split_jerk,split_jerk_from_cj_0076.mp4,0.16,split_jerk,,yes,,olympic,split_jerk_segmented_v_cleanandjerk_g07_c01,train,162ebabbc89d0eb3d19f5af2caefeb95a77248e54c77eae897e31b3fdfb22783,,162ebabbc89d0eb3d19f5af2caefeb95a77248e54c77eae897e31b3fdfb22783,125,125,1.0,125.0,1.0,0.0,1.0,1.0,0.0,0.6854838728904724,0.6854838728904724,0.04422520101070404,0.003197261830791831,0.04185396432876587,0.0029836450703442097,176.62791442871094,175.52093505859375,175.60728454589844,175.49453735351562,168.4813995361328,168.88702392578125,164.82229614257812,161.5590057373047,173.33299255371094,176.85877990722656,166.66941833496094,165.77438354492188,165.846435546875,166.22000122070312,163.40577697753906,157.4661102294922,154.352783203125,162.58421325683594,167.92225646972656,170.54234313964844,36.1862907409668,36.56879425048828,37.99673843383789,35.575096130371094,33.60667037963867,150.64654541015625,175.21852111816406,175.74057006835938,175.99693298339844,174.62315368652344,0.7357873916625977,0.6663334369659424,0.7109243869781494,0.9808567762374878,1.5386910438537598,0.7564815282821655,2.254722833633423,2.0148987770080566,2.3044049739837646,1.445379376411438,0.1992635726928711,0.20020292699337006,0.20017202198505402,0.2065563201904297,0.24864764511585236,0.18945322930812836,0.18182985484600067,0.16446472704410553,0.16681843996047974,0.16792985796928406,0.24719761312007904,0.2490314543247223,0.25251641869544983,0.25840628147125244,0.29021891951560974,0.3644315302371979,0.3745589256286621,0.3554515540599823,0.3655204474925995,0.37062233686447144,0.5021443367004395,0.5062287449836731,0.5075860023498535,0.5113715529441833,0.531272828578949,0.5900081992149353,0.5805339813232422,0.5716420412063599,0.5890406370162964,0.5964818000793457,0.047979723662137985,0.04883730039000511,0.0523725301027298,0.05186782032251358,0.042034003883600235,0.17501899600028992,0.192820742726326,0.19107940793037415,0.1987633854150772,0.20274600386619568,1.0,1.0,1.0,1.0,1.0,1.0,1.0,1.0,1.0,1.0,1.0,1.0,1.0,1.0,176.59458923339844,167.06497192382812,-0.6854838728904724,-0.6854838728904724,0.46341463923454285,0.46341463923454285,0.0,0.0,35.91722106933594,0.0,31.54791259765625,1.0,0.0
/Users/josephkamil/Desktop/Capstone/Oly_Data/segmented/split_jerk/split_jerk_from_cj_0081.mp4,split_jerk,split_jerk_from_cj_0081.mp4,0.157,split_jerk,,yes,,olympic,split_jerk_segmented_v_cleanandjerk_g07_c02,train,0e5b0b4b13dd319fd77271da7addc1780583e4f6caddc8d8c7a4d84b823a6cc6,,0e5b0b4b13dd319fd77271da7addc1780583e4f6caddc8d8c7a4d84b823a6cc6,125,125,1.0,125.0,1.0,0.0,1.0,1.0,0.0,0.4516128897666931,0.2822580635547638,0.03809034824371338,0.003793632611632347,0.07570189237594604,0.0034017900470644236,175.70269775390625,175.93873596191406,151.7731475830078,154.31427001953125,96.29840087890625,154.32131958007812,166.64016723632812,160.38743591308594,170.39083862304688,172.66323852539062,166.6862335205078,166.83482360839844,151.9312286376953,159.7826385498047,165.4575653076172,158.53890991210938,167.6852569580078,163.77101135253906,167.9365997314453,168.59490966796875,34.968727111816406,24.72655487060547,69.77056884765625,79.09398651123047,175.0178680419922,175.61605834960938,175.3972930908203,177.30531311035156,175.50083923339844,175.93702697753906,0.5581709742546082,0.5370720624923706,1.369589924812317,1.1681290864944458,0.5549512505531311,2.1651735305786133,0.47891485691070557,0.5810366272926331,1.2623610496520996,1.096879482269287,0.24982279539108276,0.25189101696014404,0.2868616282939911,0.22866593301296234,0.21287043392658234,0.14717401564121246,0.11934152990579605,0.11861018091440201,0.11500120162963867,0.11058856546878815,0.2596222162246704,0.2586801052093506,0.2974242568016052,0.3080037832260132,0.4080972969532013,0.35067081451416016,0.3299948275089264,0.334001362323761,0.3280341625213623,0.3286280930042267,0.5266258716583252,0.5268118381500244,0.5556989908218384,0.5684475302696228,0.6410964131355286,0.5784865617752075,0.5703837275505066,0.5796365141868591,0.5779915452003479,0.578824520111084,0.010812933556735516,0.007436293177306652,0.010847259312868118,0.08011416345834732,0.19543759524822235,0.20379886031150818,0.21067722141742706,0.21540498733520508,0.2132166475057602,0.21810385584831238,1.0,1.0,1.0,1.0,1.0,1.0,1.0,1.0,1.0,1.0,1.0,1.0,1.0,1.0,174.94146728515625,166.4427490234375,-0.4516128897666931,-0.2822580635547638,0.3252032399177551,0.3252032399177551,0.0,0.0,96.24134063720703,0.0,34.22023010253906,4.0,1.0
/Users/josephkamil/Desktop/Capstone/Oly_Data/segmented/split_jerk/split_jerk_from_cj_0030.mp4,split_jerk,split_jerk_from_cj_0030.mp4,0.168,split_jerk,,yes,,olympic,split_jerk_segmented_v_cleanandjerk_g08_c01,train,53009cf4d1711ec3041e7720a37b48700977dfd81df9487c88ac8ee2d7cd925e,,53009cf4d1711ec3041e7720a37b48700977dfd81df9487c88ac8ee2d7cd925e,125,111,0.888,111.0,0.15315315127372742,0.0,1.0,1.0,6.0,0.20909090340137482,0.19090908765792847,0.13514479994773865,0.021891318261623383,0.17878687381744385,0.007193723693490028,141.57435607910156,109.54308319091797,101.92253875732422,107.29196166992188,144.32931518554688,110.53437042236328,145.09254455566406,155.92779541015625,151.21124267578125,164.26768493652344,86.54470825195312,53.99416732788086,56.25228500366211,58.3090934753418,71.77733612060547,82.98701477050781,92.92279052734375,102.37158966064453,171.32489013671875,163.49949645996094,144.77581787109375,162.35362243652344,153.65960693359375,157.25531005859375,153.78265380859375,139.80838012695312,161.54083251953125,148.21180725097656,162.12355041503906,115.17205810546875,73.78253936767578,86.25574493408203,87.48249816894531,88.74573516845703,83.40966033935547,74.96239471435547,73.18170928955078,62.790565490722656,5.019552707672119,4.5442070960998535,0.49072086811065674,0.5190969705581665,0.502953290939331,0.5045537352561951,0.49243593215942383,0.5066837668418884,0.5320329666137695,0.4934963881969452,0.3980017900466919,0.31729820370674133,0.3831719160079956,0.382589727640152,0.3907477557659149,0.38171130418777466,0.37542256712913513,0.3914182782173157,0.3508113622665405,0.3495769202709198,0.41100943088531494,0.37448084354400635,0.41266486048698425,0.38969719409942627,0.39576247334480286,0.3840593099594116,0.388009637594223,0.41073834896087646,0.3788708448410034,0.3998117446899414,0.5566168427467346,0.5338886380195618,0.118638776242733,0.13684707880020142,0.11465428024530411,0.12307281047105789,0.12453126162290573,0.118644118309021,0.18521729111671448,0.15147142112255096,0.026799719780683517,0.07202550023794174,0.1818181872367859,0.0,0.0,0.0,0.0,0.0,0.0,0.0,0.3636363744735718,0.9166666865348816,0.09090909361839294,0.6818181872367859,0.07207207381725311,4.0,175.45193481445312,147.651123046875,-0.20909090340137482,-0.19090908765792847,0.01834862306714058,0.5596330165863037,-0.5412843823432922,0.0,142.905029296875,0.0,138.66238403320312,7.0,5.0
/Users/josephkamil/Desktop/Capstone/Oly_Data/segmented/split_jerk/split_jerk_from_cj_0043.mp4,split_jerk,split_jerk_from_cj_0043.mp4,0.141,split_jerk,,yes,,olympic,split_jerk_segmented_v_cleanandjerk_g09_c02,train,cf24055aefee9a9bb970189266532914dee5e01deeb97aac32bd8ce9f787b55d,,cf24055aefee9a9bb970189266532914dee5e01deeb97aac32bd8ce9f787b55d,125,124,0.992,124.0,0.9596773982048035,0.0,1.0,1.0,4.0,0.5121951103210449,0.6016260385513306,1.0291831493377686,0.01908079907298088,1.2675683498382568,0.018822580575942993,174.2931365966797,173.5646514892578,171.7857208251953,173.44068908691406,176.11854553222656,131.8651123046875,160.95852661132812,175.47775268554688,171.5823974609375,168.84866333007812,178.6099853515625,178.55322265625,178.97906494140625,178.4893341064453,176.53390502929688,34.01092529296875,141.03343200683594,160.6033477783203,157.94651794433594,163.8650665283203,33.61928176879883,31.429609298706055,27.37465476989746,26.70311164855957,24.274803161621094,94.05976104736328,138.36424255371094,172.5249786376953,174.06202697753906,175.66001892089844,0.5419612526893616,0.7777590155601501,1.294943928718567,1.0402413606643677,0.5221485495567322,2.623424768447876,3.339930772781372,4.251612186431885,5.306123733520508,3.1270241737365723,0.6047741770744324,0.6013457179069519,0.6089862585067749,0.5992873311042786,0.6242478489875793,0.8472170829772949,0.3936184346675873,0.2505165934562683,0.22934724390506744,0.21941977739334106,0.6373853087425232,0.6536354422569275,0.6558412313461304,0.6540485620498657,0.6745878458023071,1.0194376707077026,0.5371193885803223,0.4480750858783722,0.4214167296886444,0.40554872155189514,1.336534857749939,1.3839901685714722,1.4179904460906982,1.4301964044570923,1.4427869319915771,1.725825309753418,0.8302255272865295,0.6543341875076294,0.6198095679283142,0.5995391607284546,0.03664301335811615,0.05444009229540825,0.04770607501268387,0.05549141764640808,0.053739942610263824,0.2120632529258728,0.1810961216688156,0.1977243572473526,0.1922292858362198,0.18639856576919556,1.0,1.0,1.0,1.0,0.9230769276618958,0.75,0.9166666865348816,1.0,1.0,1.0,1.0,1.0,0.49193549156188965,3.0,178.1256103515625,177.03736877441406,-0.5121951103210449,-0.6016260385513306,0.6147540807723999,0.6147540807723999,0.0,0.0,153.0781707763672,0.0,179.68997192382812,1.0,1.0
/Users/josephkamil/Desktop/Capstone/Oly_Data/segmented/split_jerk/split_jerk_from_cj_0039.mp4,split_jerk,split_jerk_from_cj_0039.mp4,0.132,split_jerk,,yes,,olympic,split_jerk_segmented_v_cleanandjerk_g09_c01,train,5ddc3680f3cc6e172e92900a61d18e4c806ce671bd5c93e03225b5756f12873d,,5ddc3680f3cc6e172e92900a61d18e4c806ce671bd5c93e03225b5756f12873d,125,125,1.0,125.0,0.9520000219345093,0.0,1.0,1.0,2.0,0.5483871102333069,0.4838709533214569,0.33480340242385864,0.018914030864834785,0.13311052322387695,0.015475480817258358,179.60984802246094,178.57347106933594,179.30165100097656,178.41542053222656,158.5182342529297,141.16162109375,171.87745666503906,173.36654663085938,171.2775421142578,176.55482482910156,173.84376525878906,174.68540954589844,173.8686065673828,175.27264404296875,31.395179748535156,69.00713348388672,161.11204528808594,173.91168212890625,175.0265350341797,173.3785858154297,22.673622131347656,21.7890625,20.548812866210938,18.576854705810547,123.06112670898438,172.70455932617188,169.5110321044922,165.21688842773438,173.1091766357422,168.2486114501953,0.7346105575561523,0.6790829300880432,0.6829397678375244,0.6031633615493774,0.39276233315467834,1.872072696685791,1.523229956626892,1.2112634181976318,0.9021977782249451,0.655635416507721,0.5747522711753845,0.559302806854248,0.5772347450256348,0.6947596669197083,0.693915069103241,0.29129505157470703,0.16950686275959015,0.15809795260429382,0.1679127961397171,0.16934169828891754,0.6006426215171814,0.6005802750587463,0.5995091795921326,0.6864439845085144,0.8706628680229187,0.5878408551216125,0.38476359844207764,0.38053447008132935,0.3880569636821747,0.3832721412181854,1.242030382156372,1.2498602867126465,1.2466740608215332,1.3412827253341675,1.4108978509902954,0.877123236656189,0.6173268556594849,0.5988560914993286,0.6012598872184753,0.5982277989387512,0.0262602549046278,0.04138241335749626,0.022930314764380455,0.04131362587213516,0.21932363510131836,0.29751676321029663,0.2153182178735733,0.22248992323875427,0.22209639847278595,0.21430836617946625,1.0,1.0,1.0,0.692307710647583,0.8333333134651184,1.0,1.0,1.0,1.0,1.0,1.0,1.0,0.5839999914169312,2.0,179.7107696533203,173.27822875976562,-0.5483871102333069,-0.4838709533214569,0.4146341383457184,0.5203251838684082,-0.10569106042385101,0.0,163.45553588867188,0.0,179.1675262451172,1.0,1.0
/Users/josephkamil/Desktop/Capstone/Oly_Data/segmented/split_jerk/split_jerk_from_cj_0034.mp4,split_jerk,split_jerk_from_cj_0034.mp4,0.12,split_jerk,,yes,,olympic,split_jerk_segmented_v_cleanandjerk_g11_c03,train,b8698b6f5e145a2346db06b1e76f38b162400e0074db406af3e0191cc6e26e0f,,b8698b6f5e145a2346db06b1e76f38b162400e0074db406af3e0191cc6e26e0f,125,125,1.0,125.0,1.0,0.0,1.0,1.0,0.0,0.49193549156188965,0.49193549156188965,0.06033541262149811,0.0035779860336333513,0.04111742973327637,0.0024089631624519825,178.75634765625,178.67247009277344,178.87139892578125,178.73196411132812,168.26585388183594,173.1719512939453,178.1077117919922,174.8162384033203,176.955322265625,178.02801513671875,168.503662109375,168.823974609375,168.91148376464844,168.43118286132812,162.59217834472656,162.76638793945312,160.1930389404297,159.73239135742188,171.6005096435547,172.1629180908203,34.10841369628906,34.721370697021484,37.61039352416992,37.85936737060547,36.06365203857422,85.50150299072266,175.8996124267578,175.04856872558594,173.7769317626953,172.16505432128906,0.29633766412734985,0.19776354730129242,0.23496520519256592,0.16833247244358063,0.20821280777454376,0.9015088677406311,0.43467965722084045,0.5968903303146362,1.2196894884109497,0.7423092126846313,0.26095911860466003,0.26029589772224426,0.24640591442584991,0.2540689706802368,0.28401556611061096,0.20329736173152924,0.17579631507396698,0.1631387174129486,0.15931637585163116,0.17477621138095856,0.28290459513664246,0.2842043340206146,0.2776094377040863,0.2797738313674927,0.3052102029323578,0.3024067282676697,0.3741764724254608,0.3568173050880432,0.3386096954345703,0.3508201837539673,0.5237793326377869,0.5241473913192749,0.5213823914527893,0.5209357142448425,0.5378836989402771,0.5431915521621704,0.5997419953346252,0.5706688165664673,0.5540607571601868,0.5583208799362183,0.021975060924887657,0.023964084684848785,0.031231991946697235,0.02572823315858841,0.02120819501578808,0.09923248738050461,0.19862599670886993,0.1940409243106842,0.17930416762828827,0.1760452687740326,1.0,1.0,1.0,1.0,1.0,1.0,1.0,1.0,1.0,1.0,1.0,1.0,1.0,1.0,179.08334350585938,168.3096923828125,-0.49193549156188965,-0.49193549156188965,0.5365853905677795,0.5203251838684082,0.016260161995887756,0.0,23.927764892578125,0.0,18.72265625,0.0,0.0
/Users/josephkamil/Desktop/Capstone/Oly_Data/segmented/split_jerk/split_jerk_from_cj_0041.mp4,split_jerk,split_jerk_from_cj_0041.mp4,0.119,split_jerk,,yes,,olympic,split_jerk_segmented_v_cleanandjerk_g11_c04,train,266c770ccb231ae0aaa6376b637d1b7ab28bc76fbcd97751cafd2202a30a8972,,266c770ccb231ae0aaa6376b637d1b7ab28bc76fbcd97751cafd2202a30a8972,114,114,1.0,114.0,1.0,0.0,1.0,1.0,0.0,0.37168142199516296,0.37168142199516296,0.042721450328826904,0.004167674575001001,0.039353787899017334,0.003632754785940051,177.26344299316406,177.61854553222656,177.78135681152344,161.60650634765625,169.54049682617188,177.5137481689453,176.58026123046875,177.1085662841797,177.12657165527344,177.3365478515625,171.87078857421875,170.5486602783203,172.1018829345703,164.50857543945312,168.3828582763672,175.78082275390625,177.34661865234375,170.3014373779297,167.5162353515625,167.1470489501953,40.93616485595703,54.67024230957031,45.170379638671875,53.81802749633789,67.57523345947266,168.37606811523438,164.85630798339844,170.1885528564453,170.04734802246094,163.92543029785156,0.773213803768158,0.4223218262195587,0.6191267967224121,0.9392837882041931,0.9232134819030762,1.651136040687561,1.989829659461975,2.2905383110046387,0.46098586916923523,1.844476580619812,0.269938200712204,0.2691862881183624,0.2714953124523163,0.3269850015640259,0.26082825660705566,0.25077715516090393,0.26550135016441345,0.2197132706642151,0.1811377853155136,0.1763044148683548,0.2810416519641876,0.2802865207195282,0.281109094619751,0.3374749422073364,0.32256564497947693,0.42319414019584656,0.4291018545627594,0.3809688091278076,0.34876587986946106,0.33991050720214844,0.5099132061004639,0.5122584700584412,0.5169714093208313,0.5561867356300354,0.5439640879631042,0.6307758092880249,0.6221563816070557,0.5769699811935425,0.551914632320404,0.550929069519043,0.01114464458078146,0.011327389627695084,0.010324628092348576,0.010621028952300549,0.06179149076342583,0.17265084385871887,0.16420966386795044,0.1615491360425949,0.16767120361328125,0.16363054513931274,1.0,1.0,1.0,1.0,1.0,1.0,1.0,1.0,1.0,1.0,1.0,1.0,1.0,1.0,177.78868103027344,171.81141662597656,-0.37168142199516296,-0.37168142199516296,0.4196428656578064,0.4196428656578064,0.0,0.0,24.768569946289062,0.0,18.616012573242188,0.0,0.0
/Users/josephkamil/Desktop/Capstone/Oly_Data/segmented/split_jerk/split_jerk_from_cj_0009.mp4,split_jerk,split_jerk_from_cj_0009.mp4,0.048,split_jerk,,yes,,olympic,split_jerk_segmented_v_cleanandjerk_g12_c01,train,3293b32ce3529fcfbd52d521a1f1bad3695baa730f70d0df681ce6860b684233,,3293b32ce3529fcfbd52d521a1f1bad3695baa730f70d0df681ce6860b684233,91,82,0.9010989010989011,82.0,0.5487805008888245,0.07407407462596893,0.8641975522041321,0.792682945728302,10.0,0.04938271641731262,0.04938271641731262,0.1225576400756836,0.020871900022029877,0.048182129859924316,0.005337707232683897,123.67384338378906,117.25728607177734,168.14173889160156,141.36923217773438,145.50347900390625,151.55877685546875,165.21371459960938,176.9656524658203,176.6389617919922,175.11720275878906,138.06089782714844,138.75302124023438,172.0479736328125,158.58999633789062,163.27047729492188,171.08529663085938,172.6737518310547,177.15451049804688,177.38467407226562,175.14920043945312,123.33892059326172,158.7407989501953,22.876331329345703,94.69133758544922,111.17781829833984,124.24555969238281,170.25448608398438,169.41505432128906,109.66291809082031,150.77549743652344,4.506967544555664,2.1135594844818115,0.5772101283073425,0.40443867444992065,1.4974582195281982,2.836595058441162,0.753059446811676,3.4245846271514893,1.7112514972686768,1.960854411125183,0.529574990272522,0.4919872283935547,0.32302308082580566,0.3893144130706787,0.38942232728004456,0.23188379406929016,0.19050554931163788,0.17323695123195648,0.29158809781074524,0.4719862937927246,0.4774809777736664,0.4142323136329651,0.3352481424808502,0.37050729990005493,0.3444262742996216,0.3264726996421814,0.32763856649398804,0.31490856409072876,0.31617629528045654,0.3398316204547882,0.5945556163787842,0.5511347055435181,0.48785150051116943,0.5166159868240356,0.49813175201416016,0.4956366717815399,0.49589985609054565,0.484180212020874,0.4778118133544922,0.48683440685272217,0.06526751071214676,0.08396094292402267,0.03079257160425186,0.05059070140123367,0.06768368184566498,0.10210853815078735,0.13862350583076477,0.1426243782043457,0.07569791376590729,0.13514083623886108,0.125,0.0,1.0,0.5,0.2222222238779068,1.0,1.0,1.0,0.75,0.0,0.0625,0.3125,0.37804877758026123,5.0,102.60700225830078,121.39270782470703,0.02469135820865631,0.02469135820865631,0.4625000059604645,0.44999998807907104,0.012500000186264515,82.24073791503906,78.49246215820312,58.05961608886719,58.043983459472656,3.0,1.0
/Users/josephkamil/Desktop/Capstone/Oly_Data/segmented/split_jerk/split_jerk_from_cj_0008.mp4,split_jerk,split_jerk_from_cj_0008.mp4,0.134,split_jerk,,yes,,olympic,split_jerk_segmented_v_cleanandjerk_g13_c04,train,8922efb33157ee21f5dd2687e9d7174db40792c8a743f6a5673d162e19188960,,8922efb33157ee21f5dd2687e9d7174db40792c8a743f6a5673d162e19188960,125,87,0.696,87.0,0.977011501789093,0.0,1.0,1.0,2.0,0.04651162773370743,0.3488371968269348,0.12989473342895508,0.013511563651263714,0.09547311067581177,0.00901647750288248,42.372962951660156,118.58055114746094,133.811767578125,121.4742431640625,159.37173461914062,171.3914794921875,162.72116088867188,130.5251007080078,127.93785095214844,118.47303771972656,168.6640167236328,172.69036865234375,153.5603790283203,138.74859619140625,168.76882934570312,163.0938720703125,165.8074188232422,176.2550811767578,171.85691833496094,166.53765869140625,154.65679931640625,127.27104949951172,88.76350402832031,80.6785659790039,121.18157196044922,169.87759399414062,170.52645874023438,175.1086883544922,166.65943908691406,163.82479858398438,175.32701110839844,177.24148559570312,77.09111022949219,109.89910888671875,0.5094649791717529,1.8714686632156372,1.2955740690231323,1.165661334991455,1.140928864479065,1.3351353406906128,0.540565013885498,0.5151277184486389,0.4260116219520569,0.4697416424751282,0.4214074909687042,0.37739354372024536,0.34850984811782837,0.31938043236732483,0.3675891160964966,0.37178322672843933,0.6083775758743286,0.5846989154815674,0.4476877748966217,0.49839305877685547,0.4411270320415497,0.4704221189022064,0.4447316527366638,0.4226295053958893,0.4520120620727539,0.4678491950035095,0.5146054029464722,0.49331358075141907,0.466156542301178,0.47892501950263977,0.5574113130569458,0.5913313031196594,0.5775892734527588,0.560785710811615,0.5957759022712708,0.6068567037582397,0.06884509325027466,0.07075568288564682,0.03313641995191574,0.035790592432022095,0.021408459171652794,0.09310921281576157,0.09682627767324448,0.1034107357263565,0.08517101407051086,0.09637907147407532,1.0,1.0,0.7777777910232544,1.0,1.0,1.0,1.0,1.0,1.0,1.0,1.0,1.0,0.7241379022598267,2.0,152.1038360595703,165.60691833496094,-0.04651162773370743,-0.3488371968269348,0.38823530077934265,0.2235294133424759,0.16470588743686676,0.0,172.88394165039062,0.0,67.13583374023438,6.0,1.0
/Users/josephkamil/Desktop/Capstone/Oly_Data/segmented/split_jerk/split_jerk_from_cj_0027.mp4,split_jerk,split_jerk_from_cj_0027.mp4,0.132,split_jerk,,yes,,olympic,split_jerk_segmented_v_cleanandjerk_g18_c02,train,09b4892d0a24aa99a0b4ef9cc1ed04db37bc2af9378c8ff4eaa33c0fb9452afe,,09b4892d0a24aa99a0b4ef9cc1ed04db37bc2af9378c8ff4eaa33c0fb9452afe,125,125,1.0,125.0,0.9919999837875366,0.0,1.0,1.0,2.0,0.4354838728904724,0.42741936445236206,0.030311793088912964,0.0034908021334558725,0.05098810791969299,0.003381676971912384,177.23912048339844,177.35804748535156,177.10650634765625,172.1271209716797,156.31106567382812,174.54190063476562,171.97113037109375,170.99720764160156,172.19044494628906,175.52493286132812,169.2377471923828,169.41453552246094,169.5276641845703,166.77984619140625,157.50462341308594,170.64303588867188,175.6787109375,171.3894805908203,173.9740753173828,176.75608825683594,24.00404930114746,22.929903030395508,22.392366409301758,23.341474533081055,27.099271774291992,150.93515014648438,167.75205993652344,161.89292907714844,161.0237274169922,162.87689208984375,0.526960551738739,0.45499783754348755,0.35931137204170227,0.2600550055503845,1.0142583847045898,0.8522694110870361,2.0002081394195557,2.2500271797180176,1.3436613082885742,0.9183865189552307,0.2310238927602768,0.23446716368198395,0.23687267303466797,0.24984198808670044,0.28957271575927734,0.20121455192565918,0.21530891954898834,0.15773575007915497,0.12468286603689194,0.12199346721172333,0.2592824697494507,0.2603989243507385,0.26093393564224243,0.2695258855819702,0.30947667360305786,0.38461023569107056,0.4083584249019623,0.35948580503463745,0.3245316743850708,0.32090359926223755,0.49632954597473145,0.4977177083492279,0.4974629580974579,0.5030909776687622,0.535779595375061,0.6060758233070374,0.6123119592666626,0.568807065486908,0.5494861006736755,0.5432477593421936,0.028898602351546288,0.026516489684581757,0.024579934775829315,0.020461980253458023,0.019953688606619835,0.18342314660549164,0.19309349358081818,0.20182815194129944,0.1999085694551468,0.1989421844482422,1.0,1.0,1.0,0.9230769276618958,1.0,1.0,1.0,1.0,1.0,1.0,1.0,1.0,0.6159999966621399,2.0,177.5316619873047,169.18418884277344,-0.4354838728904724,-0.42741936445236206,0.4796747863292694,0.45528456568717957,0.024390242993831635,0.0,32.5950927734375,0.0,25.287704467773438,1.0,0.0
/Users/josephkamil/Desktop/Capstone/Oly_Data/segmented/split_jerk/split_jerk_from_cj_0037.mp4,split_jerk,split_jerk_from_cj_0037.mp4,0.135,split_jerk,,yes,,olympic,split_jerk_segmented_v_cleanandjerk_g18_c04,train,60a8e94dac2b5757d9b516083198cc8ab53c1cafbaba63dcde662f3223d18c3e,,60a8e94dac2b5757d9b516083198cc8ab53c1cafbaba63dcde662f3223d18c3e,125,125,1.0,125.0,1.0,0.0,1.0,1.0,0.0,0.6612903475761414,0.7177419066429138,0.04261620342731476,0.0036932537332177162,0.0471615195274353,0.0031978790648281574,177.3002166748047,176.65530395507812,176.1495361328125,176.21954345703125,175.83970642089844,165.5130157470703,155.21786499023438,164.02130126953125,171.749755859375,177.8924102783203,169.30006408691406,169.197265625,168.72654724121094,168.74908447265625,168.60675048828125,163.359619140625,150.11119079589844,154.4821319580078,168.32464599609375,170.25244140625,25.672386169433594,25.679283142089844,25.725812911987305,25.73006248474121,26.600624084472656,26.2264404296875,135.9243927001953,171.76336669921875,168.51951599121094,168.18431091308594,0.3691302537918091,0.23286524415016174,0.4721272885799408,0.6138988137245178,0.6276082396507263,0.7348747253417969,0.6801444888114929,1.4783504009246826,1.6380852460861206,1.050588846206665,0.2299802452325821,0.22966575622558594,0.2298024445772171,0.2323101907968521,0.2314392328262329,0.27611684799194336,0.17928260564804077,0.20784442126750946,0.1587672382593155,0.16366590559482574,0.2514440417289734,0.25235608220100403,0.25098952651023865,0.2489551454782486,0.24830107390880585,0.2927907109260559,0.35412654280662537,0.3869561553001404,0.33716174960136414,0.3410588502883911,0.5024052858352661,0.5029974579811096,0.5033988356590271,0.5030581951141357,0.5030009746551514,0.5409302115440369,0.590330958366394,0.5830067992210388,0.5438082218170166,0.5515040159225464,0.021710192784667015,0.023021738976240158,0.021521279588341713,0.017110127955675125,0.01723284274339676,0.01683994010090828,0.17485634982585907,0.17913267016410828,0.17843316495418549,0.177406445145607,1.0,1.0,1.0,1.0,1.0,1.0,1.0,1.0,1.0,1.0,1.0,1.0,1.0,1.0,177.3515625,169.01974487304688,-0.6612903475761414,-0.7177419066429138,0.6016260385513306,0.577235758304596,0.024390242993831635,0.0,29.357269287109375,0.0,29.75091552734375,0.0,1.0
/Users/josephkamil/Desktop/Capstone/Oly_Data/segmented/split_jerk/split_jerk_from_cj_0075.mp4,split_jerk,split_jerk_from_cj_0075.mp4,0.134,split_jerk,,yes,,olympic,split_jerk_segmented_v_cleanandjerk_g20_c06,train,63386271d3a2cc2dba81c5cb2d0ae0ece5e57f3626f0b307f20d4d453b5f8a33,,63386271d3a2cc2dba81c5cb2d0ae0ece5e57f3626f0b307f20d4d453b5f8a33,125,125,1.0,125.0,0.1599999964237213,0.0,1.0,1.0,12.0,1.0,0.8064516186714172,0.16049909591674805,0.010894687846302986,0.018756568431854248,0.0018299596849828959,176.56422424316406,177.76234436035156,178.31878662109375,178.29086303710938,176.20726013183594,171.96585083007812,170.9912109375,164.873291015625,163.64508056640625,172.51290893554688,171.82252502441406,173.94309997558594,175.74005126953125,175.69631958007812,177.6211700439453,177.86180114746094,174.4695587158203,169.46864318847656,171.21136474609375,175.38223266601562,51.11761474609375,42.01844787597656,21.507539749145508,21.476186752319336,38.59104919433594,80.29523468017578,24.931961059570312,74.00787353515625,57.392086029052734,113.25120544433594,1.0572857856750488,1.0302318334579468,0.5013148784637451,0.6403475999832153,0.9570073485374451,0.9851678609848022,1.978546142578125,3.2456483840942383,1.2339483499526978,1.141291856765747,0.32694724202156067,0.3358731269836426,0.34406962990760803,0.34716302156448364,0.3556174039840698,0.3686541020870209,0.37181010842323303,0.41548317670822144,0.3958461284637451,0.37405359745025635,0.32737335562705994,0.3282219469547272,0.3328092396259308,0.3384925127029419,0.3445247709751129,0.34837639331817627,0.35563409328460693,0.3811073899269104,0.39170780777931213,0.37953200936317444,0.4954587519168854,0.4964568316936493,0.49731776118278503,0.5011866092681885,0.5098176598548889,0.5187289714813232,0.5247856378555298,0.5453504323959351,0.5532914400100708,0.5363843441009521,0.02814617194235325,0.02795187383890152,0.02949952892959118,0.030081015080213547,0.03573859483003616,0.04893830046057701,0.02880030870437622,0.04547017440199852,0.03985430300235748,0.08211027085781097,0.5,0.0,0.0,0.0,0.0,0.0,0.0,0.1538461595773697,0.5,0.4615384638309479,0.23999999463558197,0.47999998927116394,0.03200000151991844,7.0,176.9142303466797,169.77879333496094,-1.0,-0.8064516186714172,0.9756097793579102,0.9024389982223511,0.0731707289814949,0.0,27.313385009765625,0.0,20.707382202148438,0.0,0.0
/Users/josephkamil/Desktop/Capstone/Oly_Data/segmented/split_jerk/split_jerk_from_cj_0079.mp4,split_jerk,split_jerk_from_cj_0079.mp4,0.113,split_jerk,,yes,,olympic,split_jerk_segmented_v_cleanandjerk_g20_c04,train,47610bbf4e98e3ea5858b4d12f7741e824c62e61fd07fc3e338b78256a5f0a1c,,47610bbf4e98e3ea5858b4d12f7741e824c62e61fd07fc3e338b78256a5f0a1c,125,30,0.24,30.0,1.0,0.0,1.0,1.0,0.0,0.7241379022598267,0.7241379022598267,0.5277092456817627,0.043567169457674026,0.18324875831604004,0.013750485144555569,138.97265625,138.99298095703125,139.39991760253906,146.15184020996094,160.0654296875,168.04525756835938,170.57850646972656,132.60423278808594,150.19760131835938,139.4394989013672,140.7235107421875,138.0725555419922,139.6224822998047,142.4716339111328,151.76698303222656,154.6859588623047,158.39723205566406,144.15794372558594,172.69219970703125,166.0980987548828,89.89226531982422,86.75686645507812,70.81038665771484,55.71769332885742,125.26561737060547,118.3090591430664,130.16600036621094,130.5966033935547,138.1592559814453,138.65919494628906,110.71060180664062,3.202916383743286,3.7828094959259033,2.090379238128662,1.1051040887832642,0.5372141003608704,40.60695266723633,67.58206176757812,75.77888488769531,79.83289337158203,0.662574052810669,0.3951319456100464,0.4144953787326813,0.3951711356639862,0.29069146513938904,0.2883395254611969,0.4652712643146515,0.7944006323814392,0.7879083752632141,0.7848865389823914,0.7168251872062683,0.4730464518070221,0.4651375114917755,0.4478614628314972,0.44021478295326233,0.430338054895401,0.573723554611206,0.8084001541137695,0.8054864406585693,0.8151588439941406,0.7481659054756165,0.6803999543190002,0.6800462603569031,0.6777856945991516,0.6778780817985535,0.6690223813056946,0.7287198901176453,0.8400748372077942,0.828789234161377,0.8313577771186829,0.05784628912806511,0.08046311885118484,0.054075706750154495,0.05943953990936279,0.15030650794506073,0.14329463243484497,0.11099516600370407,0.0847960039973259,0.09919244050979614,0.10276774317026138,1.0,1.0,1.0,1.0,1.0,1.0,1.0,1.0,1.0,1.0,1.0,1.0,1.0,1.0,136.2674560546875,173.59970092773438,-0.7241379022598267,-0.7241379022598267,0.0357142873108387,0.0357142873108387,0.0,0.0,52.51142120361328,0.0,73.1363296508789,2.0,1.0
/Users/josephkamil/Desktop/Capstone/Oly_Data/segmented/split_jerk/split_jerk_from_cj_0056.mp4,split_jerk,split_jerk_from_cj_0056.mp4,0.179,split_jerk,,yes,,olympic,split_jerk_segmented_v_cleanandjerk_g22_c01,train,edd6b8e693c4cf719f7b8b53f57c3785929930c0d8785f66e4ab7a44f35273c6,,edd6b8e693c4cf719f7b8b53f57c3785929930c0d8785f66e4ab7a44f35273c6,125,125,1.0,125.0,0.9919999837875366,0.0,1.0,1.0,2.0,0.5725806355476379,0.7338709831237793,0.0721341073513031,0.005478166975080967,0.035114407539367676,0.002947319997474551,178.37274169921875,177.95399475097656,178.8457489013672,177.15283203125,171.9597930908203,130.17636108398438,150.0957489013672,129.68850708007812,150.6614227294922,174.356201171875,172.93421936035156,171.27972412109375,172.406005859375,173.5813751220703,171.92803955078125,152.4586944580078,155.3290252685547,123.19859313964844,144.1267852783203,169.06683349609375,120.05004119873047,131.7916259765625,90.51699829101562,127.02271270751953,115.07184600830078,108.12601470947266,106.2259292602539,172.63388061523438,173.9543914794922,175.71536254882812,1.6185908317565918,1.3901221752166748,1.0393974781036377,0.8805218935012817,0.5035683512687683,1.912493348121643,2.442125082015991,2.5768251419067383,6.966520309448242,6.1528215408325195,0.32603490352630615,0.32791486382484436,0.3361915647983551,0.3250930905342102,0.3267168700695038,0.4052715599536896,0.36666035652160645,0.3202114701271057,0.26004651188850403,0.22963105142116547,0.3544709384441376,0.36114993691444397,0.36040163040161133,0.35068652033805847,0.3556152880191803,0.4197959899902344,0.411506325006485,0.4669426679611206,0.41577276587486267,0.3859389126300812,0.5349860787391663,0.5377382636070251,0.5367622971534729,0.5301079154014587,0.5338941812515259,0.5888612270355225,0.5874919295310974,0.6428602933883667,0.6006703972816467,0.5747292041778564,0.05595293268561363,0.06278116255998611,0.04893381521105766,0.06076527386903763,0.05306743457913399,0.03094789758324623,0.055630575865507126,0.14707140624523163,0.15578091144561768,0.15700429677963257,1.0,1.0,1.0,1.0,1.0,1.0,0.9166666865348816,1.0,1.0,1.0,1.0,1.0,0.6079999804496765,2.0,179.30397033691406,172.65794372558594,-0.5725806355476379,-0.7338709831237793,0.6260162591934204,0.6260162591934204,0.0,0.0,62.629844665527344,0.0,57.759254455566406,3.0,1.0
/Users/josephkamil/Desktop/Capstone/Oly_Data/segmented/split_jerk/split_jerk_from_cj_0061.mp4,split_jerk,split_jerk_from_cj_0061.mp4,0.169,split_jerk,,yes,,olympic,split_jerk_segmented_v_cleanandjerk_g22_c02,train,4b847e71bf8678337065ab7d9a3c345e8dea9b4b966415ece3891d63e20252ea,,4b847e71bf8678337065ab7d9a3c345e8dea9b4b966415ece3891d63e20252ea,125,125,1.0,125.0,0.9359999895095825,0.0,1.0,1.0,2.0,0.20967741310596466,0.4516128897666931,0.06391623616218567,0.003868592670187354,0.08275842666625977,0.0036311063449829817,176.83416748046875,165.8179473876953,149.62850952148438,148.2272491455078,145.27537536621094,158.69754028320312,161.26173400878906,164.46597290039062,177.70513916015625,177.5541229248047,177.23219299316406,166.956787109375,155.71107482910156,145.71417236328125,137.2506561279297,144.94093322753906,148.1049041748047,156.98797607421875,171.4523162841797,171.924072265625,100.73330688476562,106.12336730957031,113.98468017578125,151.7086181640625,170.89845275878906,172.0813751220703,170.8306427001953,169.99317932128906,168.10494995117188,166.6962127685547,2.2317378520965576,1.3101588487625122,0.7840582728385925,1.2286299467086792,1.6826661825180054,1.8288400173187256,5.005999565124512,5.0418853759765625,3.8781328201293945,3.3062808513641357,0.3042008578777313,0.30763450264930725,0.338104248046875,0.2192067801952362,0.20917125046253204,0.17903035879135132,0.1432797759771347,0.12405052781105042,0.11718065291643143,0.12038139253854752,0.3130137026309967,0.3145386278629303,0.3500063419342041,0.4127327501773834,0.43260324001312256,0.40451347827911377,0.3684360682964325,0.3499099910259247,0.3532235324382782,0.35903823375701904,0.5616169571876526,0.5669995546340942,0.5961025953292847,0.6571991443634033,0.6847763061523438,0.6577078104019165,0.6177692413330078,0.6022440195083618,0.6106513142585754,0.6192053556442261,0.03513254597783089,0.03317300230264664,0.05196009948849678,0.19395802915096283,0.223655104637146,0.22564253211021423,0.22519683837890625,0.22594529390335083,0.2367141842842102,0.23917526006698608,1.0,0.9230769276618958,0.4166666567325592,1.0,1.0,1.0,1.0,1.0,1.0,1.0,0.9599999785423279,1.0,0.7440000176429749,2.0,178.06602478027344,173.5817413330078,-0.20967741310596466,-0.4516128897666931,0.2520325183868408,0.2520325183868408,0.0,0.0,45.32594299316406,0.0,46.46360778808594,2.0,2.0
/Users/josephkamil/Desktop/Capstone/Oly_Data/segmented/split_jerk/split_jerk_from_cj_0010.mp4,split_jerk,split_jerk_from_cj_0010.mp4,0.135,split_jerk,,yes,,olympic,split_jerk_segmented_v_cleanandjerk_g24_c03,train,5c9c619903d8b41ad576bb595326440e709e93bd17b0d3b7e3b8cae5a6175f47,,5c9c619903d8b41ad576bb595326440e709e93bd17b0d3b7e3b8cae5a6175f47,125,118,0.944,118.0,0.7372881174087524,0.0683760717511177,1.0,0.9322034120559692,5.0,0.5470085740089417,0.2222222238779068,0.4317251741886139,0.015960829332470894,0.13327306509017944,0.00529891112819314,168.71664428710938,170.0870819091797,154.17906188964844,155.6110076904297,148.2965545654297,159.312255859375,161.374267578125,172.3868408203125,178.9119415283203,179.16233825683594,5.742861747741699,9.176100730895996,75.83478546142578,166.263671875,169.9743194580078,173.73696899414062,159.05506896972656,162.22251892089844,167.04710388183594,166.1967315673828,167.243408203125,171.738037109375,111.72447967529297,76.0567398071289,164.89576721191406,176.38478088378906,176.82423400878906,178.41041564941406,178.67498779296875,178.47300720214844,178.01095581054688,178.94927978515625,89.97345733642578,4.137833118438721,1.7548762559890747,0.9728643894195557,1.891204833984375,2.52671217918396,2.871929168701172,3.9720141887664795,0.7614915370941162,0.9005281329154968,0.6899339556694031,0.4451107680797577,0.37172773480415344,0.3203608989715576,0.26636186242103577,0.25254562497138977,0.24984274804592133,0.24483157694339752,0.6299348473548889,0.6642645001411438,0.586648166179657,0.47053956985473633,0.5322132110595703,0.4940338134765625,0.4315498173236847,0.4148947298526764,0.4127899706363678,0.4115581810474396,0.5108423829078674,0.5007592439651489,0.587211012840271,0.638846755027771,0.7198670506477356,0.6965455412864685,0.6370870471000671,0.6197057962417603,0.617978036403656,0.6168848276138306,0.1379317343235016,0.23657463490962982,0.1129557192325592,0.04672275856137276,0.16097570955753326,0.1737959235906601,0.16529887914657593,0.16241499781608582,0.16303150355815887,0.16684995591640472,0.09090909361839294,0.0,0.5,0.75,1.0,1.0,1.0,1.0,1.0,1.0,0.0416666679084301,1.0,0.6525423526763916,3.0,168.83811950683594,15.733758926391602,-0.47863247990608215,-0.1538461595773697,0.24137930572032928,0.32758620381355286,-0.08620689809322357,10.39752197265625,69.68612670898438,15.263260841369629,178.92440795898438,3.0,2.0
/Users/josephkamil/Desktop/Capstone/Oly_Data/segmented/split_jerk/split_jerk_from_cj_0013.mp4,split_jerk,split_jerk_from_cj_0013.mp4,0.115,split_jerk,,yes,,olympic,split_jerk_segmented_v_cleanandjerk_g25_c03,train,dceaaf2594975ce94f537ab93208b6c4267ac674a3ccd4d9357660fbfb85e57d,,dceaaf2594975ce94f537ab93208b6c4267ac674a3ccd4d9357660fbfb85e57d,114,114,1.0,114.0,1.0,0.0,1.0,1.0,0.0,0.6106194853782654,0.6106194853782654,0.03652718663215637,0.003921181429177523,0.027179241180419922,0.0030713703017681837,177.84530639648438,175.32754516601562,176.1513671875,175.98817443847656,166.0335693359375,155.89527893066406,144.4991455078125,168.9269561767578,178.0032196044922,173.6289825439453,167.97390747070312,167.43682861328125,167.1822052001953,170.3766326904297,173.0680694580078,167.4085235595703,159.92950439453125,175.6591796875,174.93075561523438,173.7322998046875,90.61902618408203,69.90768432617188,69.62541961669922,84.62460327148438,35.73388671875,156.38014221191406,177.76771545410156,177.928466796875,177.61148071289062,168.52610778808594,2.8925528526306152,2.0944483280181885,1.7366608381271362,2.2947723865509033,3.223480224609375,2.0924956798553467,0.6682847738265991,1.4877594709396362,1.2114399671554565,0.7652389407157898,0.33980342745780945,0.33520230650901794,0.32347699999809265,0.3039299249649048,0.3423391580581665,0.23093770444393158,0.21500550210475922,0.17732548713684082,0.1927868276834488,0.21569108963012695,0.34924376010894775,0.3472103774547577,0.3358290493488312,0.3157939612865448,0.34640228748321533,0.33993831276893616,0.3543817698955536,0.319903701543808,0.33593952655792236,0.35060229897499084,0.5052435398101807,0.503805935382843,0.4910481870174408,0.47248658537864685,0.49856671690940857,0.4960814416408539,0.5175638198852539,0.4838577210903168,0.49689996242523193,0.5200305581092834,0.016357967630028725,0.01722835749387741,0.016501210629940033,0.016601085662841797,0.01320204883813858,0.10965060442686081,0.1394372284412384,0.14263871312141418,0.1432947963476181,0.13500532507896423,1.0,1.0,1.0,1.0,1.0,1.0,1.0,1.0,1.0,1.0,1.0,1.0,1.0,1.0,178.7725067138672,168.92617797851562,-0.6106194853782654,-0.6106194853782654,0.5,0.4642857015132904,0.0357142873108387,0.0,41.579254150390625,0.0,25.458663940429688,1.0,0.0
