path,folder,filename,size_mb,reviewed_label,angle,include,notes,olympic_gate_label,source_id,split,content_sha256,duplicate_count,canonical_content_sha256,total_frames,pose_frames,pose_ratio,knee_mean,knee_std,knee_min,knee_max,knee_delta,hip_mean,hip_std,hip_min,hip_max,hip_delta,elbow_mean,elbow_std,elbow_min,elbow_max,elbow_delta,shoulder_mean,shoulder_std,shoulder_min,shoulder_max,shoulder_delta,wrist_y_mean,wrist_y_std,wrist_y_min,wrist_y_max,wrist_y_delta,hip_y_mean,hip_y_std,hip_y_min,hip_y_max,hip_y_delta,wrist_shoulder_distance_mean,wrist_shoulder_distance_std,wrist_shoulder_distance_min,wrist_shoulder_distance_max,wrist_shoulder_distance_delta,overhead_ratio,has_overhead,first_overhead_pct,last_overhead_pct,overhead_span_pct,min_knee_angle,min_hip_angle,max_elbow_angle,max_shoulder_angle,min_knee_time_pct,min_hip_time_pct,max_wrist_motion,mean_wrist_motion,max_hip_motion,mean_hip_motion,overhead_near_bottom,late_overhead_flag,early_min_knee,late_min_knee,pad_0,pad_1,pad_2,pad_3,pad_4,pad_5,pad_6,pad_7,pad_8,pad_9,pad_10,pad_11,pad_12,pad_13,pad_14,pad_15,pad_16,pad_17,pad_18,pad_19,pad_20,pad_21,pad_22,pad_23,pad_24,pad_25
/Users/josephkamil/Desktop/Capstone/Oly_Data/segmented/clean/clean_from_cj_0009.mp4,clean,clean_from_cj_0009.mp4,0.16,clean,,yes,,olympic,clean_sha_624c00d8eafd2d9e,train,624c00d8eafd2d9e4cf04417930b1100b4c796bd330c4a1b66375f5e22dbc713,2.0,624c00d8eafd2d9e4cf04417930b1100b4c796bd330c4a1b66375f5e22dbc713,125,114,0.912,116.20700073242188,54.683258056640625,1.8663357496261597,179.09530639648438,125.70042419433594,114.79444122314452,51.73384094238281,7.946754455566406,169.66954040527344,36.21989440917969,135.79751586914062,46.568790435791016,6.382302761077881,178.20579528808594,-110.4921875,0.0,0.0,0.0,0.0,0.0,0.5548899173736572,0.0493962652981281,0.4721791744232178,0.6517669558525085,-0.0700666606426239,0.5849355459213257,0.0390535742044448,0.5144550204277039,0.641034722328186,0.082805335521698,0.056663129478693,0.0285690706223249,0.0011139408452436,0.1032589823007583,-0.041444681584835,0.2017543911933899,1.0,0.4561403393745422,0.9912280440330504,0.5438596606254578,1.8663357496261597,7.946754455566406,178.20579528808594,0.0,0.5350877046585083,0.5350877046585083,0.0483922362327575,0.0082547897472977,0.0484896302223205,0.0042047086171805,0.0,1.0,1.8663357496261597,6.937337398529053,0.0,0.0,0.0,0.0,0.0,0.0,0.0,0.0,0.0,0.0,0.0,0.0,0.0,0.0,0.0,0.0,0.0,0.0,0.0,0.0,0.0,0.0,0.0,0.0,0.0,0.0
/Users/josephkamil/Desktop/Capstone/Oly_Data/segmented/clean/clean_from_cj_0084.mp4,clean,clean_from_cj_0084.mp4,0.13,clean,,yes,,olympic,clean_sha_f79539f1f60fea5e,train,f79539f1f60fea5ef73eb32bad2f4db4cbb5f3a2da07e5a0911c4162864aee81,1.0,f79539f1f60fea5ef73eb32bad2f4db4cbb5f3a2da07e5a0911c4162864aee81,93,93,1.0,127.32443237304688,43.21506881713867,46.65078353881836,179.28912353515625,49.05195617675781,123.35628509521484,36.62404251098633,47.69353485107422,170.1636199951172,54.50639343261719,112.14443969726562,61.158935546875,21.026092529296875,179.05467224121094,-41.53205871582031,0.0,0.0,0.0,0.0,0.0,0.6213355660438538,0.1194786578416824,0.4566641747951507,0.836367130279541,-0.3783885240554809,0.7157779932022095,0.0628113895654678,0.611551821231842,0.8205137252807617,-0.0878820419311523,0.0722612515091896,0.064689964056015,0.0017993425717577,0.1973724365234375,-0.1245213821530342,0.5806451439857483,1.0,0.3548386991024017,0.9892473220825196,0.6451612710952759,46.65078353881836,47.69353485107422,179.05467224121094,0.0,0.4838709533214569,0.5806451439857483,0.0562056899070739,0.0078083695843815,0.0507298707962036,0.0063781840726733,0.875,0.0,46.65078353881836,62.6695442199707,0.0,0.0,0.0,0.0,0.0,0.0,0.0,0.0,0.0,0.0,0.0,0.0,0.0,0.0,0.0,0.0,0.0,0.0,0.0,0.0,0.0,0.0,0.0,0.0,0.0,0.0
/Users/josephkamil/Desktop/Capstone/Oly_Data/segmented/clean/clean_from_cj_0117.mp4,clean,clean_from_cj_0117.mp4,0.12,clean,,yes,,olympic,clean_sha_fa79cf8aa392e18d,train,fa79cf8aa392e18ddaef264e244b52a39b41917765b45c2a554cc906bfac5e12,1.0,fa79cf8aa392e18ddaef264e244b52a39b41917765b45c2a554cc906bfac5e12,115,115,1.0,138.66990661621094,49.46956253051758,1.5655231475830078,179.1527862548828,41.57440185546875,138.0689697265625,48.117652893066406,1.7977242469787598,179.3253173828125,56.261962890625,119.48825073242188,59.50471496582031,3.665532112121582,177.69602966308594,-77.0336685180664,0.0,0.0,0.0,0.0,0.0,0.5022299885749817,0.1243742927908897,0.2838266491889953,0.6579434871673584,-0.31734299659729,0.5646884441375732,0.0893678218126297,0.4665005505084991,0.7745636701583862,0.0558091402053833,0.1037428975105285,0.084711879491806,0.0097730029374361,0.2207853198051452,-0.1775224506855011,0.3478260934352875,1.0,0.469565212726593,0.991304337978363,0.530434787273407,1.5655231475830078,1.7977242469787598,177.69602966308594,0.0,0.6086956262588501,0.530434787273407,0.0368082225322723,0.0087465867400169,0.0737906098365783,0.0075823129154741,0.5,1.0,9.077474594116213,1.5655231475830078,0.0,0.0,0.0,0.0,0.0,0.0,0.0,0.0,0.0,0.0,0.0,0.0,0.0,0.0,0.0,0.0,0.0,0.0,0.0,0.0,0.0,0.0,0.0,0.0,0.0,0.0
/Users/josephkamil/Desktop/Capstone/Oly_Data/segmented/clean/clean_from_cj_0144.mp4,clean,clean_from_cj_0144.mp4,0.13,clean,,yes,,olympic,clean_sha_d2013fdd9120c7df,dev,d2013fdd9120c7df320316adbcee519931556f8c3c49faf136af69f21b24930f,1.0,d2013fdd9120c7df320316adbcee519931556f8c3c49faf136af69f21b24930f,110,110,1.0,136.915283203125,39.49054718017578,35.42535400390625,177.19802856445312,41.094146728515625,130.2043914794922,34.27916717529297,41.820438385009766,168.3342742919922,39.45347595214844,71.12289428710938,71.99498748779297,10.81173610687256,177.15975952148438,-147.9009246826172,0.0,0.0,0.0,0.0,0.0,0.4563592076301574,0.1347316652536392,0.2272562086582183,0.6509431600570679,-0.4217438399791717,0.574934184551239,0.1137940660119056,0.4280539751052856,0.8252950310707092,-0.0301659703254699,0.0855288431048393,0.1039217039942741,0.0011534350924193,0.2418795078992843,-0.212969496846199,0.6181818246841431,1.0,0.3545454442501068,0.9909090995788574,0.6454545259475708,35.42535400390625,41.820438385009766,177.15975952148438,0.0,0.4181818068027496,0.4181818068027496,0.0476083755493164,0.0074499603360891,0.1172539591789245,0.0084373904392123,1.0,0.0,35.42535400390625,118.22598266601562,0.0,0.0,0.0,0.0,0.0,0.0,0.0,0.0,0.0,0.0,0.0,0.0,0.0,0.0,0.0,0.0,0.0,0.0,0.0,0.0,0.0,0.0,0.0,0.0,0.0,0.0
/Users/josephkamil/Desktop/Capstone/Oly_Data/segmented/clean/clean_from_cj_0220.mp4,clean,clean_from_cj_0220.mp4,0.16,clean,,yes,,olympic,clean_sha_9d430da8ae1e75d6,test,9d430da8ae1e75d6695cef9dfa635fe55fee373ea33c07b168ecb5636bd897ee,1.0,9d430da8ae1e75d6695cef9dfa635fe55fee373ea33c07b168ecb5636bd897ee,123,73,0.5934959349593496,146.33937072753906,41.14897537231445,54.06036758422851,179.0684051513672,114.19255828857422,139.75291442871094,54.91653060913086,8.74779987335205,177.95321655273438,165.92388916015625,101.71078491210938,29.385982513427734,26.9332275390625,171.47369384765625,30.31881332397461,0.0,0.0,0.0,0.0,0.0,0.4391577243804931,0.1064818874001503,0.3228099346160888,0.587977409362793,-0.2448737025260925,0.561437726020813,0.0659171491861343,0.4959348440170288,0.6590547561645508,-0.0933656692504882,0.0539618283510208,0.0189224723726511,0.0183139182627201,0.0973532646894455,0.0100810080766677,0.5479452013969421,1.0,0.0,0.9863013625144958,1.0,54.06036758422851,8.74779987335205,171.47369384765625,0.0,0.1095890402793884,0.0,0.2271046638488769,0.0100439125671982,0.1581574976444244,0.0074893715791404,1.0,0.0,54.06036758422851,163.3988494873047,0.0,0.0,0.0,0.0,0.0,0.0,0.0,0.0,0.0,0.0,0.0,0.0,0.0,0.0,0.0,0.0,0.0,0.0,0.0,0.0,0.0,0.0,0.0,0.0,0.0,0.0
/Users/josephkamil/Desktop/Capstone/Oly_Data/segmented/clean/clean_from_cj_0113.mp4,clean,clean_from_cj_0113.mp4,0.04,clean,,yes,,olympic,clean_sha_ad05499c6bf60de5,train,ad05499c6bf60de55e4cae9ecad15b66c5f4e7ce8356e8f1fe1b95c2e78eb955,1.0,ad05499c6bf60de55e4cae9ecad15b66c5f4e7ce8356e8f1fe1b95c2e78eb955,63,60,0.9523809523809524,120.0623779296875,28.673133850097656,39.069976806640625,164.54083251953125,11.796066284179688,128.10646057128906,28.714258193969727,56.76429748535156,174.2698516845703,31.364791870117188,132.59466552734375,40.34099578857422,21.80055809020996,174.62136840820312,-139.17987060546875,0.0,0.0,0.0,0.0,0.0,0.5175343155860901,0.0650344714522361,0.3127237856388092,0.6377419233322144,-0.2224588096141815,0.57317054271698,0.0635501742362976,0.4405640363693237,0.6743443012237549,-0.0518198609352111,0.0874398425221443,0.0387832187116146,0.0140514485538005,0.1614112108945846,-0.0132332295179367,0.0833333358168602,1.0,0.0,0.9833333492279052,1.0,39.069976806640625,56.76429748535156,174.62136840820312,0.0,0.0333333350718021,0.6499999761581421,0.1418682932853698,0.0199816450476646,0.0439742803573608,0.0095121972262859,0.0,0.0,39.069976806640625,70.6337890625,0.0,0.0,0.0,0.0,0.0,0.0,0.0,0.0,0.0,0.0,0.0,0.0,0.0,0.0,0.0,0.0,0.0,0.0,0.0,0.0,0.0,0.0,0.0,0.0,0.0,0.0
/Users/josephkamil/Desktop/Capstone/Oly_Data/segmented/clean/clean_from_cj_0068.mp4,clean,clean_from_cj_0068.mp4,0.09,clean,,yes,,olympic,clean_sha_37fce67b65d5d955,dev,37fce67b65d5d9555c6aa0b86f0f14a60324abaecb2d645468d4b34915298590,1.0,37fce67b65d5d9555c6aa0b86f0f14a60324abaecb2d645468d4b34915298590,66,66,1.0,162.9202117919922,25.681482315063477,48.20186996459961,179.2359619140625,130.9950714111328,160.8839111328125,28.35915184020996,30.65420150756836,178.6177520751953,143.9862060546875,70.76920318603516,59.23594284057617,14.632855415344238,178.35626220703125,-138.8344268798828,0.0,0.0,0.0,0.0,0.0,0.5768892168998718,0.1059320345520973,0.4875155687332153,0.8361415863037109,-0.3440735638141632,0.6635385751724243,0.0360410138964653,0.6240546703338623,0.7584777474403381,-0.126467227935791,0.0454243458807468,0.0574979595839977,0.0024027209728956,0.1773750185966491,-0.1681357473134994,0.5151515007019043,1.0,0.3484848439693451,0.9242424368858336,0.5909090638160706,48.20186996459961,30.65420150756836,178.35626220703125,0.0,0.0,0.0,0.0767730474472045,0.0071715782396495,0.0485109090805053,0.0056068897247314,0.0,0.0,48.20186996459961,172.09986877441406,0.0,0.0,0.0,0.0,0.0,0.0,0.0,0.0,0.0,0.0,0.0,0.0,0.0,0.0,0.0,0.0,0.0,0.0,0.0,0.0,0.0,0.0,0.0,0.0,0.0,0.0
/Users/josephkamil/Desktop/Capstone/Oly_Data/segmented/clean/clean_from_cj_0104.mp4,clean,clean_from_cj_0104.mp4,0.12,clean,,yes,,olympic,clean_sha_bf2b633684004f85,train,bf2b633684004f85e308cd1e0e56fc4b9e3ec20e0327de4542a45c707aecbea7,1.0,bf2b633684004f85e308cd1e0e56fc4b9e3ec20e0327de4542a45c707aecbea7,63,58,0.9206349206349206,84.90828704833984,53.76833724975586,29.8741397857666,177.7625274658203,-83.33493041992188,87.60431671142578,46.20125198364258,42.2424430847168,178.30764770507812,8.420162200927734,155.69371032714844,26.21083641052246,11.17673397064209,177.61708068847656,86.35646057128906,0.0,0.0,0.0,0.0,0.0,0.6170166730880737,0.1293157190084457,0.4638652205467224,0.9131459593772888,-0.3655533194541931,0.765243649482727,0.0807379037141799,0.607839822769165,0.8648611307144165,0.0913298726081848,0.1334995627403259,0.0469676107168197,0.0317642465233802,0.2203757762908935,0.0986104235053062,0.5862069129943848,1.0,0.4137931168079376,0.982758641242981,0.5862069129943848,29.8741397857666,42.2424430847168,177.61708068847656,0.0,0.5344827771186829,0.0,0.1249979734420776,0.028325866907835,0.0977698564529419,0.0129087194800376,1.0,0.0,33.186100006103516,29.8741397857666,0.0,0.0,0.0,0.0,0.0,0.0,0.0,0.0,0.0,0.0,0.0,0.0,0.0,0.0,0.0,0.0,0.0,0.0,0.0,0.0,0.0,0.0,0.0,0.0,0.0,0.0
/Users/josephkamil/Desktop/Capstone/Oly_Data/segmented/clean/clean_from_cj_0177.mp4,clean,clean_from_cj_0177.mp4,0.1,clean,,yes,,olympic,clean_sha_cc548845cd8296ed,dev,cc548845cd8296edeb19f8dcad8d485ddd85fd82a72a080c88901b4c2343bc9e,2.0,cc548845cd8296edeb19f8dcad8d485ddd85fd82a72a080c88901b4c2343bc9e,63,63,1.0,110.57984161376952,45.279544830322266,31.18383026123047,175.27130126953125,86.80286407470703,105.8991241455078,41.27738571166992,39.9261474609375,167.52796936035156,97.80645751953124,167.30242919921875,10.017324447631836,146.2759552001953,179.09344482421875,-0.2016143798828125,0.0,0.0,0.0,0.0,0.0,0.5192683339118958,0.1656463593244552,0.2632990479469299,0.801052451133728,-0.5350447297096252,0.7001698017120361,0.0753685534000396,0.5787150859832764,0.824952244758606,-0.083349585533142,0.1393459588289261,0.0286027900874614,0.0272595398128032,0.1642368882894516,0.0052550733089447,0.5873016119003296,1.0,0.4126984179019928,0.9841269850730896,0.5873016119003296,31.18383026123047,39.9261474609375,179.09344482421875,0.0,0.6190476417541504,0.6190476417541504,0.0342315435409545,0.0102429213002324,0.0575688481330871,0.0096579808741807,1.0,0.0,38.7734260559082,31.18383026123047,0.0,0.0,0.0,0.0,0.0,0.0,0.0,0.0,0.0,0.0,0.0,0.0,0.0,0.0,0.0,0.0,0.0,0.0,0.0,0.0,0.0,0.0,0.0,0.0,0.0,0.0
/Users/josephkamil/Desktop/Capstone/Oly_Data/segmented/clean/clean_from_cj_0185.mp4,clean,clean_from_cj_0185.mp4,0.17,clean,,yes,,olympic,clean_sha_cf763ab684c0b201,train,cf763ab684c0b20145ddfcb7b664cb519cba283e74b4cb9f2285df8eb1bafe98,1.0,cf763ab684c0b20145ddfcb7b664cb519cba283e74b4cb9f2285df8eb1bafe98,105,105,1.0,121.02726745605467,43.208587646484375,33.88494873046875,172.6055145263672,65.11480712890625,120.81145477294922,42.26811218261719,36.97947311401367,178.2162322998047,74.5469741821289,147.5425567626953,36.967140197753906,8.285528182983398,178.9695587158203,-1.581085205078125,0.0,0.0,0.0,0.0,0.0,0.493838757276535,0.0991910398006439,0.3228699564933777,0.6555371284484863,-0.3084938526153564,0.5783684253692627,0.0634621009230613,0.454861432313919,0.7044547200202942,-0.0557109117507934,0.0834420397877693,0.0543585307896137,0.0127894626930356,0.1672879606485366,-0.1022338345646858,0.3142857253551483,1.0,0.4000000059604645,0.9904761910438538,0.6000000238418579,33.88494873046875,36.97947311401367,178.9695587158203,0.0,0.4952380955219269,0.5809524059295654,0.1480605006217956,0.0099074952304363,0.0473023653030395,0.0060459272935986,0.625,0.0,33.88494873046875,39.74580001831055,0.0,0.0,0.0,0.0,0.0,0.0,0.0,0.0,0.0,0.0,0.0,0.0,0.0,0.0,0.0,0.0,0.0,0.0,0.0,0.0,0.0,0.0,0.0,0.0,0.0,0.0
/Users/josephkamil/Desktop/Capstone/Oly_Data/segmented/clean/clean_from_cj_0055.mp4,clean,clean_from_cj_0055.mp4,0.11,clean,,yes,,olympic,clean_sha_b6979c9ace8e5ffb,train,b6979c9ace8e5ffbf3c65f8e66792b9b55a435de3344a286db4cba0d68018e51,1.0,b6979c9ace8e5ffbf3c65f8e66792b9b55a435de3344a286db4cba0d68018e51,103,103,1.0,130.16766357421875,36.13124465942383,54.93712615966797,177.9657745361328,73.11508178710938,124.10442352294922,33.39430618286133,69.81622314453125,168.5695343017578,90.02468872070312,96.29750061035156,67.36076354980469,2.0964765548706055,175.0311737060547,-152.03671264648438,0.0,0.0,0.0,0.0,0.0,0.6290549039840698,0.1422218680381775,0.4205241799354553,0.8232424855232239,-0.377562403678894,0.7079601883888245,0.0526848919689655,0.6091415882110596,0.8219781517982483,-0.0676223039627075,0.0884437710046768,0.0804455429315567,0.0022096193861216,0.1939635127782821,-0.1699804812669754,0.446601927280426,1.0,0.4951456189155578,0.9902912378311156,0.5048543810844421,54.93712615966797,69.81622314453125,175.0311737060547,0.0,0.5631067752838135,0.5631067752838135,0.0515459775924682,0.0084010763093829,0.0476108789443969,0.0064705400727689,1.0,1.0,71.65757751464844,54.93712615966797,0.0,0.0,0.0,0.0,0.0,0.0,0.0,0.0,0.0,0.0,0.0,0.0,0.0,0.0,0.0,0.0,0.0,0.0,0.0,0.0,0.0,0.0,0.0,0.0,0.0,0.0
/Users/josephkamil/Desktop/Capstone/Oly_Data/segmented/clean/clean_from_cj_0015.mp4,clean,clean_from_cj_0015.mp4,0.09,clean,,yes,,olympic,clean_sha_1c6388efe03a691d,train,1c6388efe03a691debb4c8b37ee0bbbba99201158027a31460a70cf0bafa32e6,1.0,1c6388efe03a691debb4c8b37ee0bbbba99201158027a31460a70cf0bafa32e6,94,94,1.0,136.16087341308594,54.96797180175781,2.528589963912964,179.07241821289062,9.188079833984377,142.69554138183594,49.168025970458984,14.700033187866213,179.29702758789062,12.895919799804688,121.7961883544922,54.062686920166016,3.234389066696167,172.69227600097656,-13.20928955078125,0.0,0.0,0.0,0.0,0.0,0.5134322643280029,0.1203837543725967,0.3456971049308777,0.718897819519043,-0.3433114886283874,0.5863539576530457,0.0601661317050457,0.4827194511890411,0.7015563249588013,-0.0975993275642395,0.0758891776204109,0.060610856860876,0.0019539068453013,0.1663749366998672,-0.1136655285954475,0.521276593208313,1.0,0.4680851101875305,0.9893617033958436,0.5319148898124695,2.528589963912964,14.700033187866213,172.69227600097656,0.0,0.563829779624939,0.521276593208313,0.044690728187561,0.010073747485876,0.0425913333892822,0.006774993147701,1.0,1.0,8.478386878967285,2.528589963912964,0.0,0.0,0.0,0.0,0.0,0.0,0.0,0.0,0.0,0.0,0.0,0.0,0.0,0.0,0.0,0.0,0.0,0.0,0.0,0.0,0.0,0.0,0.0,0.0,0.0,0.0
/Users/josephkamil/Desktop/Capstone/Oly_Data/segmented/clean/clean_from_cj_0198.mp4,clean,clean_from_cj_0198.mp4,0.08,clean,,yes,,olympic,clean_sha_105aae86cd00cbf3,train,105aae86cd00cbf3d31b90f7d85c0aacb2302ec7b71d61bf7c561e5c08670497,1.0,105aae86cd00cbf3d31b90f7d85c0aacb2302ec7b71d61bf7c561e5c08670497,63,63,1.0,163.2550811767578,15.405113220214844,115.50885772705078,179.45701599121094,62.99332427978515,154.67755126953125,15.684889793395996,107.54258728027344,170.56094360351562,59.14405822753906,84.97826385498047,52.5865478515625,14.381300926208496,172.46954345703125,-116.42697143554688,0.0,0.0,0.0,0.0,0.0,0.479428768157959,0.1605740785598755,0.3375714421272278,0.8580507040023804,-0.5116755962371826,0.6169920563697815,0.0410518012940883,0.5529499053955078,0.742805004119873,-0.1493174433708191,0.0726358443498611,0.0747766196727752,0.0046332846395671,0.2127121984958648,-0.1931358724832534,0.60317462682724,1.0,0.3968254029750824,0.9841269850730896,0.60317462682724,115.50885772705078,107.54258728027344,172.46954345703125,0.0,0.0,0.0,0.0806332230567932,0.0130203152075409,0.0256093144416809,0.0059257238171994,0.0,0.0,115.50885772705078,144.86099243164062,0.0,0.0,0.0,0.0,0.0,0.0,0.0,0.0,0.0,0.0,0.0,0.0,0.0,0.0,0.0,0.0,0.0,0.0,0.0,0.0,0.0,0.0,0.0,0.0,0.0,0.0
/Users/josephkamil/Desktop/Capstone/Oly_Data/segmented/clean/clean_from_cj_0025.mp4,clean,clean_from_cj_0025.mp4,0.04,clean,,yes,,olympic,clean_sha_4dc95a5566db57e2,train,4dc95a5566db57e21fdd7b5d053523aed5a3876d26627e5c19eab698d2625f16,1.0,4dc95a5566db57e21fdd7b5d053523aed5a3876d26627e5c19eab698d2625f16,68,62,0.9117647058823528,113.5798568725586,34.184356689453125,49.190185546875,159.97486877441406,-0.0763397216796875,125.2754364013672,31.664968490600582,63.58852005004883,163.82229614257812,14.015762329101562,111.23095703125,57.837345123291016,32.053131103515625,179.01727294921875,-134.8603057861328,0.0,0.0,0.0,0.0,0.0,0.5003607273101807,0.059080634266138,0.3361766934394836,0.6166814565658569,-0.2678852677345276,0.5818812847137451,0.0625045597553253,0.4468162059783935,0.6801698207855225,-0.0614320039749145,0.0824495330452919,0.0462248623371124,0.0297380145639181,0.1773256659507751,-0.1194883361458778,0.338709682226181,1.0,0.338709682226181,0.9677419066429138,0.6451612710952759,49.190185546875,63.58852005004883,179.01727294921875,0.0,0.5806451439857483,0.5967742204666138,0.139296144247055,0.0177495330572128,0.0596171617507934,0.0093090534210205,1.0,0.0,62.28151321411133,49.190185546875,0.0,0.0,0.0,0.0,0.0,0.0,0.0,0.0,0.0,0.0,0.0,0.0,0.0,0.0,0.0,0.0,0.0,0.0,0.0,0.0,0.0,0.0,0.0,0.0,0.0,0.0
/Users/josephkamil/Desktop/Capstone/Oly_Data/segmented/clean/clean_from_cj_0030.mp4,clean,clean_from_cj_0030.mp4,0.11,clean,,yes,,olympic,clean_sha_e52b1cf0c9a40c16,train,e52b1cf0c9a40c167fd26344901569a3f5d2839e35dfab3ee0e8b99b1d405249,2.0,e52b1cf0c9a40c167fd26344901569a3f5d2839e35dfab3ee0e8b99b1d405249,93,93,1.0,135.75372314453125,31.66510009765625,52.76150131225586,177.2671356201172,39.92164611816406,130.0308380126953,29.09394073486328,58.06391143798828,167.25811767578125,43.09514617919922,110.1948013305664,62.13435363769531,10.030170440673828,174.12733459472656,-125.70846557617188,0.0,0.0,0.0,0.0,0.0,0.4912166893482208,0.0998634621500969,0.2842426300048828,0.5919467806816101,-0.30645751953125,0.5431368947029114,0.1162180453538894,0.3726394772529602,0.7701865434646606,0.0388452410697937,0.1312768012285232,0.1022642105817794,0.003575048642233,0.2387108206748962,-0.1977627128362655,0.301075279712677,1.0,0.5806451439857483,0.9892473220825196,0.4193548262119293,52.76150131225586,58.06391143798828,174.12733459472656,0.0,0.6774193644523621,0.6774193644523621,0.0693405270576477,0.008491632528603,0.1108483076095581,0.0083586266264319,0.75,1.0,127.51152801513672,52.76150131225586,0.0,0.0,0.0,0.0,0.0,0.0,0.0,0.0,0.0,0.0,0.0,0.0,0.0,0.0,0.0,0.0,0.0,0.0,0.0,0.0,0.0,0.0,0.0,0.0,0.0,0.0
/Users/josephkamil/Desktop/Capstone/Oly_Data/segmented/clean/clean_from_cj_0171.mp4,clean,clean_from_cj_0171.mp4,0.06,clean,,yes,,olympic,clean_sha_0e8973efc1a0dd69,train,0e8973efc1a0dd696708da197cf84a4dc16fe2038bbb132e00f3b29dcc3ddd4e,2.0,0e8973efc1a0dd696708da197cf84a4dc16fe2038bbb132e00f3b29dcc3ddd4e,79,49,0.620253164556962,150.80905151367188,32.93585968017578,4.841270923614502,179.24453735351562,-0.800537109375,154.02816772460938,40.338340759277344,18.51943016052246,177.8961944580078,0.142547607421875,93.78567504882812,56.714141845703125,3.652939796447754,174.6280517578125,56.464393615722656,0.0,0.0,0.0,0.0,0.0,0.5098968744277954,0.0586647018790245,0.4162504076957702,0.625633180141449,-0.1932506561279297,0.4299714267253876,0.1313479989767074,0.2376460283994674,0.6010355949401855,0.0933085680007934,0.0582463629543781,0.0183599684387445,0.0191830433905124,0.1207582876086235,0.030542068183422,0.2653061151504516,1.0,0.0,0.8571428656578064,0.8775510191917419,4.841270923614502,18.51943016052246,174.6280517578125,0.0,0.1632653027772903,0.183673471212387,0.0970491766929626,0.0144858853891491,0.3589035868644714,0.017667781561613,0.625,0.0,4.841270923614502,129.69126892089844,0.0,0.0,0.0,0.0,0.0,0.0,0.0,0.0,0.0,0.0,0.0,0.0,0.0,0.0,0.0,0.0,0.0,0.0,0.0,0.0,0.0,0.0,0.0,0.0,0.0,0.0
/Users/josephkamil/Desktop/Capstone/Oly_Data/segmented/clean/clean_from_cj_0082.mp4,clean,clean_from_cj_0082.mp4,0.14,clean,,yes,,olympic,clean_sha_b1135c02352446f7,train,b1135c02352446f7eae54bc5d6494b9c21d3f63ceee746a641115d04de0ea7a6,1.0,b1135c02352446f7eae54bc5d6494b9c21d3f63ceee746a641115d04de0ea7a6,122,122,1.0,134.45712280273438,47.48837661743164,29.7042293548584,179.50558471679688,139.6901092529297,135.9478759765625,45.95677947998047,28.13601875305176,179.6079559326172,146.53146362304688,88.41368865966797,61.49918365478515,28.923179626464844,179.27122497558594,-141.0013427734375,0.0,0.0,0.0,0.0,0.0,0.482563704252243,0.1760580837726593,0.299717366695404,0.8089474439620972,-0.4322531819343567,0.6484789848327637,0.0694175139069557,0.5655535459518433,0.7626762986183167,-0.1245424747467041,0.0879677385091781,0.0899244397878646,0.0132600767537951,0.2425385862588882,-0.197046548128128,0.6393442749977112,1.0,0.3278688490390777,0.9918032884597778,0.6721311211585999,29.7042293548584,28.13601875305176,179.27122497558594,0.0,0.0409836061298847,0.0409836061298847,0.0564025044441223,0.0078345946967601,0.0505706667900085,0.0059937434270977,0.0,0.0,29.7042293548584,127.6024398803711,0.0,0.0,0.0,0.0,0.0,0.0,0.0,0.0,0.0,0.0,0.0,0.0,0.0,0.0,0.0,0.0,0.0,0.0,0.0,0.0,0.0,0.0,0.0,0.0,0.0,0.0
/Users/josephkamil/Desktop/Capstone/Oly_Data/segmented/clean/clean_from_cj_0207.mp4,clean,clean_from_cj_0207.mp4,0.18,clean,,yes,,olympic,clean_sha_be04f3d2aa0a1183,train,be04f3d2aa0a1183f9a7e27366328f28484567a42e871d752536ccffb190789a,2.0,be04f3d2aa0a1183f9a7e27366328f28484567a42e871d752536ccffb190789a,125,125,1.0,148.0175018310547,38.866024017333984,35.14324951171875,177.7238006591797,33.27081298828125,142.38340759277344,35.34550476074219,42.444766998291016,167.4558868408203,36.77449035644531,69.91080474853516,53.7618293762207,3.0006754398345947,177.99456787109375,-97.90658569335938,0.0,0.0,0.0,0.0,0.0,0.3708641231060028,0.1418849229812622,0.2230978906154632,0.6660339832305908,-0.4200060367584228,0.5632625818252563,0.097415380179882,0.432191789150238,0.8182961344718933,-0.0271823406219482,0.0551579259335994,0.0944432094693183,0.0008253097184933,0.2686450779438019,-0.2524657845497131,0.6079999804496765,1.0,0.2160000056028366,0.9919999837875366,0.7839999794960022,35.14324951171875,42.444766998291016,177.99456787109375,0.0,0.2639999985694885,0.2720000147819519,0.0886598229408264,0.0084514413028955,0.1162026524543762,0.0071793473325669,0.875,0.0,35.14324951171875,149.19261169433594,0.0,0.0,0.0,0.0,0.0,0.0,0.0,0.0,0.0,0.0,0.0,0.0,0.0,0.0,0.0,0.0,0.0,0.0,0.0,0.0,0.0,0.0,0.0,0.0,0.0,0.0
/Users/josephkamil/Desktop/Capstone/Oly_Data/segmented/clean/clean_from_cj_0097.mp4,clean,clean_from_cj_0097.mp4,0.09,clean,,yes,,olympic,clean_sha_80d4c82694ef42d5,dev,80d4c82694ef42d5ae5dfe711e330300865b013de8da609f56bdeffe6eb12974,1.0,80d4c82694ef42d5ae5dfe711e330300865b013de8da609f56bdeffe6eb12974,74,74,1.0,166.628173828125,14.825613021850586,110.91423034667967,178.92007446289062,4.8161163330078125,168.06423950195312,7.545562267303467,151.88319396972656,178.59268188476562,-8.639434814453125,99.3360595703125,75.10928344726562,1.1208360195159912,176.97271728515625,-152.82772827148438,0.0,0.0,0.0,0.0,0.0,0.4817721247673034,0.12653449177742,0.326108455657959,0.654390811920166,-0.2891483306884765,0.4978552758693695,0.0319745875895023,0.449955403804779,0.5545334815979004,-0.0642091631889343,0.0877487957477569,0.0582643710076808,0.0081494729965925,0.1618813723325729,-0.1249408796429634,0.0405405387282371,1.0,0.7027027010917664,0.7432432174682617,0.0540540553629398,110.91423034667967,151.88319396972656,176.97271728515625,0.0,0.6351351141929626,0.7702702879905701,0.0560731887817382,0.0088028069585561,0.0270280838012695,0.0050579821690917,0.25,1.0,153.511474609375,110.91423034667967,0.0,0.0,0.0,0.0,0.0,0.0,0.0,0.0,0.0,0.0,0.0,0.0,0.0,0.0,0.0,0.0,0.0,0.0,0.0,0.0,0.0,0.0,0.0,0.0,0.0,0.0
/Users/josephkamil/Desktop/Capstone/Oly_Data/segmented/clean/clean_from_cj_0093.mp4,clean,clean_from_cj_0093.mp4,0.1,clean,,yes,,olympic,clean_sha_94d831f002b53f0d,train,94d831f002b53f0d6faf94cbdb7d73a673920b73864e9ce81b33d78846246ea9,1.0,94d831f002b53f0d6faf94cbdb7d73a673920b73864e9ce81b33d78846246ea9,73,14,0.1917808219178082,148.58468627929688,17.613149642944336,117.61046600341795,177.9890594482422,46.72647857666016,155.12295532226562,15.095067024230955,126.62156677246094,175.95481872558594,19.00994873046875,32.356910705566406,24.795717239379883,2.585218667984009,81.82111358642578,-20.18496322631836,0.0,0.0,0.0,0.0,0.0,0.4129712283611297,0.0929711461067199,0.3049904704093933,0.6125195026397705,-0.273107647895813,0.5708815455436707,0.0347165204584598,0.5207725763320923,0.6324748992919922,-0.1044257879257202,0.0560992993414402,0.0414319448173046,0.0038968052249401,0.1421789675951004,-0.1256722062826156,0.2142857164144516,1.0,0.5714285969734192,0.7857142686843872,0.2857142984867096,117.61046600341795,126.62156677246094,81.82111358642578,0.0,0.0714285746216774,0.0714285746216774,0.1686038672924041,0.0291243884712457,0.0213415026664733,0.0095481416210532,0.125,1.0,117.61046600341795,144.97047424316406,0.0,0.0,0.0,0.0,0.0,0.0,0.0,0.0,0.0,0.0,0.0,0.0,0.0,0.0,0.0,0.0,0.0,0.0,0.0,0.0,0.0,0.0,0.0,0.0,0.0,0.0
/Users/josephkamil/Desktop/Capstone/Oly_Data/segmented/clean/clean_from_cj_0018.mp4,clean,clean_from_cj_0018.mp4,0.04,clean,,yes,,olympic,clean_sha_771b761080f7db45,test,771b761080f7db45aa074f5dc26d8a9d07981773ab77cd5d7e70b5bf7981f292,1.0,771b761080f7db45aa074f5dc26d8a9d07981773ab77cd5d7e70b5bf7981f292,63,63,1.0,107.55921173095705,34.7878303527832,40.84756851196289,162.9101104736328,1.2204437255859375,96.19539642333984,32.19935989379883,57.29386138916016,154.9888916015625,44.96783828735352,123.60962677001952,56.03035354614258,29.180580139160156,176.28338623046875,-130.91281127929688,0.0,0.0,0.0,0.0,0.0,0.5658044815063477,0.0943524315953254,0.3749144077301025,0.6910165548324585,-0.1877314150333404,0.5698919296264648,0.0697095170617103,0.4295126497745514,0.6856483221054077,0.0567646622657775,0.1100952327251434,0.0545517429709434,0.0347979925572872,0.1742891073226928,-0.1157421469688415,0.1111111119389534,1.0,0.6507936716079712,0.8730158805847168,0.2380952388048172,40.84756851196289,57.29386138916016,176.28338623046875,0.0,0.8095238208770752,0.8571428656578064,0.1194568276405334,0.0147301396355032,0.0639391541481018,0.0083335861563682,0.375,1.0,98.82112884521484,40.84756851196289,0.0,0.0,0.0,0.0,0.0,0.0,0.0,0.0,0.0,0.0,0.0,0.0,0.0,0.0,0.0,0.0,0.0,0.0,0.0,0.0,0.0,0.0,0.0,0.0,0.0,0.0
/Users/josephkamil/Desktop/Capstone/Oly_Data/segmented/clean/clean_from_cj_0079.mp4,clean,clean_from_cj_0079.mp4,0.18,clean,,yes,,olympic,clean_sha_74fce40d0da966d1,test,74fce40d0da966d175a1497ec9cacd04f9e51230277f4be1974db18335b30b4b,1.0,74fce40d0da966d175a1497ec9cacd04f9e51230277f4be1974db18335b30b4b,125,125,1.0,143.01095581054688,39.64326858520508,42.43212127685547,179.5301055908203,83.92909240722656,140.58526611328125,37.3632698059082,58.93751907348633,178.78858947753906,91.90912628173828,80.39627075195312,56.58113479614258,5.600180149078369,178.9566192626953,-63.69873809814453,0.0,0.0,0.0,0.0,0.0,0.4216342270374298,0.1488735377788543,0.2609102725982666,0.7790589332580566,-0.4636030793190002,0.6004329919815063,0.0685102418065071,0.528632640838623,0.7921717166900635,-0.0944042205810546,0.0718804448843002,0.0821449756622314,0.0067770164459943,0.2464719414710998,-0.2031359821557998,0.6480000019073486,1.0,0.2479999959468841,0.9919999837875366,0.7519999742507935,42.43212127685547,58.93751907348633,178.9566192626953,0.0,0.3120000064373016,0.3440000116825104,0.0469287633895874,0.0083569502457976,0.0655465722084045,0.0070925517939031,0.875,0.0,42.43212127685547,147.99119567871094,0.0,0.0,0.0,0.0,0.0,0.0,0.0,0.0,0.0,0.0,0.0,0.0,0.0,0.0,0.0,0.0,0.0,0.0,0.0,0.0,0.0,0.0,0.0,0.0,0.0,0.0
/Users/josephkamil/Desktop/Capstone/Oly_Data/segmented/clean/clean_from_cj_0147.mp4,clean,clean_from_cj_0147.mp4,0.14,clean,,yes,,olympic,clean_sha_312dda9f57b00792,train,312dda9f57b00792a6d8597390dd7b6f109468f720dd13fd3e2b4e63340bbb49,1.0,312dda9f57b00792a6d8597390dd7b6f109468f720dd13fd3e2b4e63340bbb49,102,102,1.0,145.0657501220703,38.12216567993164,62.853755950927734,176.94874572753906,93.61434173583984,139.39903259277344,32.62244415283203,57.80388641357422,167.00921630859375,92.95165252685548,89.46829223632812,55.850154876708984,27.652870178222656,174.44895935058594,-130.05364990234375,0.0,0.0,0.0,0.0,0.0,0.367857277393341,0.1614691764116287,0.1690800189971923,0.6647536754608154,-0.4471973180770874,0.5238404273986816,0.0853663384914398,0.3941301107406616,0.711890697479248,-0.0898681282997131,0.0883358120918273,0.1010920032858848,0.0035119059029966,0.2565599381923675,-0.218667671084404,0.6470588445663452,1.0,0.343137264251709,0.9901960492134094,0.656862735748291,62.853755950927734,57.80388641357422,174.44895935058594,0.0,0.4411764740943908,0.0294117648154497,0.0373125672340393,0.0090873008593916,0.0827440917491912,0.0087869111448526,0.875,0.0,62.853755950927734,152.3431396484375,0.0,0.0,0.0,0.0,0.0,0.0,0.0,0.0,0.0,0.0,0.0,0.0,0.0,0.0,0.0,0.0,0.0,0.0,0.0,0.0,0.0,0.0,0.0,0.0,0.0,0.0
/Users/josephkamil/Desktop/Capstone/Oly_Data/segmented/clean/clean_from_cj_0143.mp4,clean,clean_from_cj_0143.mp4,0.2,clean,,yes,,olympic,clean_sha_9c52fe76c0e991d1,train,9c52fe76c0e991d135d69c5f7ca99980c3b26ad745de52176a53e7602e7af704,1.0,9c52fe76c0e991d135d69c5f7ca99980c3b26ad745de52176a53e7602e7af704,117,117,1.0,170.08505249023438,16.981159210205078,6.638975620269775,179.5457763671875,172.6393585205078,169.25869750976562,15.907910346984863,13.165301322937012,179.53273010253906,158.69996643066406,89.48499298095703,69.81021118164062,1.403186321258545,178.9747314453125,-111.9159927368164,0.0,0.0,0.0,0.0,0.0,0.3649485111236572,0.131284162402153,0.1272702664136886,0.6442471742630005,-0.3178161978721618,0.5128944516181946,0.0704461559653282,0.3417426943778991,0.6301416158676147,-0.0211788415908813,0.0799401775002479,0.0717270076274871,0.0048634186387062,0.2292459309101104,-0.1076999455690383,0.4957264959812164,1.0,0.2649572789669037,0.9914529919624328,0.7350427508354187,6.638975620269775,13.165301322937012,178.9747314453125,0.0,0.0,0.0,0.1827931255102157,0.0184031073004007,0.0959996581077575,0.0085327858105301,0.0,0.0,6.638975620269775,166.37074279785156,0.0,0.0,0.0,0.0,0.0,0.0,0.0,0.0,0.0,0.0,0.0,0.0,0.0,0.0,0.0,0.0,0.0,0.0,0.0,0.0,0.0,0.0,0.0,0.0,0.0,0.0
/Users/josephkamil/Desktop/Capstone/Oly_Data/segmented/clean/clean_from_cj_0196.mp4,clean,clean_from_cj_0196.mp4,0.12,clean,,yes,,olympic,clean_sha_c8a4665e34e2af1d,train,c8a4665e34e2af1db856ab3744b333affe0673f676f6992cb9c1d40932964d86,1.0,c8a4665e34e2af1db856ab3744b333affe0673f676f6992cb9c1d40932964d86,63,55,0.873015873015873,59.3139762878418,55.07883834838867,0.6240776181221008,179.04559326171875,0.1977596282958984,83.94095611572266,45.010154724121094,30.814054489135746,176.6768341064453,-54.98247146606445,163.87318420410156,29.664134979248047,20.94584274291992,179.09164428710938,17.420883178710938,0.0,0.0,0.0,0.0,0.0,0.5400134921073914,0.1315140426158905,0.342149019241333,0.7216458320617676,-0.1211512684822082,0.6792408227920532,0.0752905085682869,0.4919610023498535,0.7480286359786987,-0.0241656899452209,0.1339982748031616,0.0422879606485366,0.0467074401676654,0.1967035382986068,-0.0884119644761085,0.4181818068027496,1.0,0.5090909004211426,0.9090909361839294,0.4181818068027496,0.6240776181221008,30.814054489135746,179.09164428710938,0.0,0.1636363565921783,0.8181818127632141,0.0958561301231384,0.021588547155261,0.0894916057586669,0.0110393445938825,0.0,1.0,0.6240776181221008,28.95546531677246,0.0,0.0,0.0,0.0,0.0,0.0,0.0,0.0,0.0,0.0,0.0,0.0,0.0,0.0,0.0,0.0,0.0,0.0,0.0,0.0,0.0,0.0,0.0,0.0,0.0,0.0
/Users/josephkamil/Desktop/Capstone/Oly_Data/segmented/clean/clean_from_cj_0067.mp4,clean,clean_from_cj_0067.mp4,0.08,clean,,yes,,olympic,clean_sha_7b9bf919112c7963,train,7b9bf919112c7963cca0b93246d1e2637804b0fa90e8be9774b599dd1dc95fe0,1.0,7b9bf919112c7963cca0b93246d1e2637804b0fa90e8be9774b599dd1dc95fe0,74,74,1.0,127.50279998779295,44.61794662475586,36.05922317504883,179.17666625976562,62.08879852294922,120.64411926269533,39.49444961547851,46.35897064208984,179.34620666503906,53.47694396972656,82.86898040771484,61.952415466308594,2.6883609294891357,179.23361206054688,-127.39451599121094,0.0,0.0,0.0,0.0,0.0,0.5272535085678101,0.1232160180807113,0.341899037361145,0.7755893468856812,-0.3887186050415039,0.6408531665802002,0.0761449560523033,0.531928300857544,0.7754475474357605,-0.1175891160964965,0.0709968954324722,0.0802531093358993,0.0024114004336297,0.2165569514036178,-0.1824856847524643,0.6081081032752991,1.0,0.3378378450870514,0.9729729890823364,0.6486486196517944,36.05922317504883,46.35897064208984,179.23361206054688,0.0,0.4189189076423645,0.4189189076423645,0.0362823009490966,0.0107603762298822,0.0608657598495483,0.0089244153350591,0.875,0.0,36.05922317504883,51.89281463623047,0.0,0.0,0.0,0.0,0.0,0.0,0.0,0.0,0.0,0.0,0.0,0.0,0.0,0.0,0.0,0.0,0.0,0.0,0.0,0.0,0.0,0.0,0.0,0.0,0.0,0.0
/Users/josephkamil/Desktop/Capstone/Oly_Data/segmented/clean/clean_from_cj_0101.mp4,clean,clean_from_cj_0101.mp4,0.13,clean,,yes,,olympic,clean_sha_cee7d2f96df947e1,train,cee7d2f96df947e1dddd0d40ecc7f21adacf93fbeb57177453f36899c9d74a9b,1.0,cee7d2f96df947e1dddd0d40ecc7f21adacf93fbeb57177453f36899c9d74a9b,125,71,0.568,146.31954956054688,37.67990493774414,56.84440231323242,177.20623779296875,82.88967895507812,136.28147888183594,57.3460578918457,20.6658878326416,179.36813354492188,140.66293334960938,128.98785400390625,55.544071197509766,4.5401201248168945,178.79383850097656,-121.36087036132812,0.0,0.0,0.0,0.0,0.0,0.4783560037612915,0.0548518858850002,0.361519992351532,0.60982346534729,-0.1290414929389953,0.519187331199646,0.057438638061285,0.4150408506393432,0.6527535319328308,-0.0912452340126037,0.0971639603376388,0.0508712083101272,0.003436651546508,0.1912501156330108,0.0281830839812755,0.2535211145877838,1.0,0.0,0.8591549396514893,0.8732394576072693,56.84440231323242,20.6658878326416,178.79383850097656,0.0,0.1830985844135284,0.1267605572938919,0.1064553260803222,0.0165747310966253,0.1334203481674194,0.0093665206804871,0.625,0.0,56.84440231323242,150.755859375,0.0,0.0,0.0,0.0,0.0,0.0,0.0,0.0,0.0,0.0,0.0,0.0,0.0,0.0,0.0,0.0,0.0,0.0,0.0,0.0,0.0,0.0,0.0,0.0,0.0,0.0
/Users/josephkamil/Desktop/Capstone/Oly_Data/segmented/clean/clean_from_cj_0211.mp4,clean,clean_from_cj_0211.mp4,0.13,clean,,yes,,olympic,clean_sha_f2db1a0183349a33,train,f2db1a0183349a33620450c8058c72546e2f6e45c1ccb07d4743808c6a43063e,1.0,f2db1a0183349a33620450c8058c72546e2f6e45c1ccb07d4743808c6a43063e,111,111,1.0,144.20465087890625,38.84456253051758,43.001502990722656,179.3532257080078,59.71595764160156,141.2101593017578,32.4850959777832,56.17155838012695,172.74905395507812,61.924835205078125,67.7136459350586,60.92142105102539,20.937620162963867,172.17990112304688,-127.63480377197266,0.0,0.0,0.0,0.0,0.0,0.5018068552017212,0.1630473285913467,0.3158819675445556,0.8212773203849792,-0.4720644354820251,0.6350773572921753,0.0677165165543556,0.5530229806900024,0.7914405465126038,-0.1128052473068237,0.0667288228869438,0.0839088782668113,0.0042266328819096,0.2270891070365905,-0.2083354443311691,0.4864864945411682,1.0,0.342342346906662,0.9909909963607788,0.6576576828956604,43.001502990722656,56.17155838012695,172.17990112304688,0.0,0.4324324429035187,0.4324324429035187,0.0554472208023071,0.0091226752847433,0.0400549173355102,0.0062074572779238,0.5,0.0,43.001502990722656,139.12307739257812,0.0,0.0,0.0,0.0,0.0,0.0,0.0,0.0,0.0,0.0,0.0,0.0,0.0,0.0,0.0,0.0,0.0,0.0,0.0,0.0,0.0,0.0,0.0,0.0,0.0,0.0
/Users/josephkamil/Desktop/Capstone/Oly_Data/segmented/clean/clean_from_cj_0069.mp4,clean,clean_from_cj_0069.mp4,0.06,clean,,yes,,olympic,clean_sha_00f6f541496e8893,train,00f6f541496e88938713236812581904b136c57fd16d88c212d858063f6633fa,2.0,00f6f541496e88938713236812581904b136c57fd16d88c212d858063f6633fa,102,85,0.8333333333333334,132.42393493652344,56.17733001708984,5.453681468963623,179.1810302734375,129.2286834716797,132.49264526367188,50.760536193847656,5.129623889923096,177.62783813476562,161.14987182617188,82.55142211914062,43.721378326416016,4.824689865112305,178.10829162597656,32.046958923339844,0.0,0.0,0.0,0.0,0.0,0.5087905526161194,0.0889116749167442,0.4082038402557373,0.6818839907646179,-0.2477115392684936,0.6026116013526917,0.0591316074132919,0.5369861125946045,0.7258552312850952,0.0189614295959472,0.0529753789305686,0.0252276267856359,0.007744020782411,0.1383079141378402,-0.027039248496294,0.4117647111415863,1.0,0.3529411852359772,0.9764705896377563,0.6352941393852234,5.453681468963623,5.129623889923096,178.10829162597656,0.0,0.2823529541492462,0.2823529541492462,0.085378348827362,0.0105179948732256,0.0697261095046997,0.0053199571557343,0.125,0.0,5.453681468963623,157.1703643798828,0.0,0.0,0.0,0.0,0.0,0.0,0.0,0.0,0.0,0.0,0.0,0.0,0.0,0.0,0.0,0.0,0.0,0.0,0.0,0.0,0.0,0.0,0.0,0.0,0.0,0.0
/Users/josephkamil/Desktop/Capstone/Oly_Data/segmented/clean/clean_from_cj_0016.mp4,clean,clean_from_cj_0016.mp4,0.12,clean,,yes,,olympic,clean_sha_6d28077db6fd270c,train,6d28077db6fd270c8bd8f0770bc314e9e5d772d052c2d7b66f76d33f761c9fd6,2.0,6d28077db6fd270c8bd8f0770bc314e9e5d772d052c2d7b66f76d33f761c9fd6,77,77,1.0,144.35589599609375,40.85970306396485,41.01329040527344,177.0625762939453,23.158721923828125,139.8365020751953,36.3280029296875,45.162899017333984,166.72291564941406,28.447097778320312,79.34883117675781,52.16293716430664,33.35712814331055,174.35116577148438,-120.4363250732422,0.0,0.0,0.0,0.0,0.0,0.3937532603740692,0.1363464593887329,0.2036213874816894,0.6439170241355896,-0.4021945595741272,0.5733358860015869,0.1287548393011093,0.3889772891998291,0.8419522047042847,0.0224266052246093,0.0742089301347732,0.101710245013237,0.0057242354378104,0.2768150866031647,-0.2683083117008209,0.7402597665786743,1.0,0.259740263223648,0.9870129823684692,0.7402597665786743,41.01329040527344,45.162899017333984,174.35116577148438,0.0,0.4155844151973724,0.4155844151973724,0.0872503519058227,0.0136561207473278,0.1117517352104187,0.012169168330729,1.0,0.0,41.01329040527344,156.91648864746094,0.0,0.0,0.0,0.0,0.0,0.0,0.0,0.0,0.0,0.0,0.0,0.0,0.0,0.0,0.0,0.0,0.0,0.0,0.0,0.0,0.0,0.0,0.0,0.0,0.0,0.0
/Users/josephkamil/Desktop/Capstone/Oly_Data/segmented/clean/clean_from_cj_0189.mp4,clean,clean_from_cj_0189.mp4,0.08,clean,,yes,,olympic,clean_sha_3751dc71aa457382,train,3751dc71aa45738216e8a4aa1226689d39721cf93d161a87050ff793d591e177,1.0,3751dc71aa45738216e8a4aa1226689d39721cf93d161a87050ff793d591e177,107,100,0.9345794392523364,141.1341094970703,57.72463607788086,17.062402725219727,179.34019470214844,147.75704956054688,138.47006225585938,55.811954498291016,9.992630004882812,179.28358459472656,156.19810485839844,58.14241027832031,60.69691848754883,1.4061394929885864,178.95848083496094,-169.11036682128906,0.0,0.0,0.0,0.0,0.0,0.4520379900932312,0.1042418628931045,0.3284776210784912,0.6545372009277344,-0.2122467160224914,0.5692469477653503,0.0656817927956581,0.4927882552146911,0.7086532115936279,-0.0391258001327514,0.0403593815863132,0.0480718091130256,0.0023637525737285,0.1676712036132812,-0.0841581225395202,0.5400000214576721,1.0,0.0,0.949999988079071,0.959999978542328,17.062402725219727,9.992630004882812,178.95848083496094,0.0,0.3700000047683716,0.0199999995529651,0.0952444672584533,0.0124815553426742,0.0446414947509765,0.0065846662037074,0.375,0.0,17.062402725219727,165.88002014160156,0.0,0.0,0.0,0.0,0.0,0.0,0.0,0.0,0.0,0.0,0.0,0.0,0.0,0.0,0.0,0.0,0.0,0.0,0.0,0.0,0.0,0.0,0.0,0.0,0.0,0.0
/Users/josephkamil/Desktop/Capstone/Oly_Data/segmented/clean/clean_from_cj_0114.mp4,clean,clean_from_cj_0114.mp4,0.17,clean,,yes,,olympic,clean_sha_4bb45e89b7cdf1c1,dev,4bb45e89b7cdf1c182de7d658de4d47cae73a1b0e7b302fc02a70e7c00ff50d0,1.0,4bb45e89b7cdf1c182de7d658de4d47cae73a1b0e7b302fc02a70e7c00ff50d0,103,93,0.9029126213592232,137.24839782714844,45.019554138183594,35.86591339111328,179.2550048828125,98.31806182861328,136.95083618164062,41.92277908325195,50.38338088989258,179.19189453125,87.88127136230469,138.50680541992188,34.43273162841797,48.29704666137695,179.09994506835938,-37.04811096191406,0.0,0.0,0.0,0.0,0.0,0.5513923168182373,0.1381649523973465,0.4101523160934448,0.831336259841919,-0.4057955741882324,0.6589334011077881,0.0752914920449256,0.5746443271636963,0.8213393092155457,-0.1614143848419189,0.0844816416501998,0.0607190057635307,0.0132232019677758,0.2100340723991394,-0.1617247611284256,0.0430107526481151,1.0,0.4408602118492126,0.6129032373428345,0.1827957034111023,35.86591339111328,50.38338088989258,179.09994506835938,0.0,0.3225806355476379,0.0430107526481151,0.2938056886196136,0.013910973444581,0.1584401130676269,0.0081322090700268,0.0,0.0,35.86591339111328,157.53785705566406,0.0,0.0,0.0,0.0,0.0,0.0,0.0,0.0,0.0,0.0,0.0,0.0,0.0,0.0,0.0,0.0,0.0,0.0,0.0,0.0,0.0,0.0,0.0,0.0,0.0,0.0
/Users/josephkamil/Desktop/Capstone/Oly_Data/segmented/clean/clean_from_cj_0159.mp4,clean,clean_from_cj_0159.mp4,0.13,snatch,,yes,,olympic,snatch_sha_87cfbe76c74dbbc0,test,87cfbe76c74dbbc00ba499b1d4cf66637aefe0e0328ab178be40e6a57a4b5eca,1.0,87cfbe76c74dbbc00ba499b1d4cf66637aefe0e0328ab178be40e6a57a4b5eca,125,124,0.992,148.3112335205078,22.07218360900879,83.82984924316406,177.57977294921875,-7.6649169921875,53.54931640625,53.449005126953125,0.8086580038070679,174.88992309570312,110.47913360595705,168.37217712402344,28.654184341430664,29.484025955200195,179.2397918701172,-137.3670654296875,0.0,0.0,0.0,0.0,0.0,0.7815417647361755,0.1020751073956489,0.4865206480026245,0.8739272356033325,-0.3406030535697937,0.5919175744056702,0.0468877479434013,0.5549877882003784,0.7388205528259277,0.1795156002044677,0.1894503682851791,0.045631717890501,0.0051750494167208,0.2377840280532837,-0.2183179408311844,0.0161290317773818,1.0,0.9838709831237792,0.9919354915618896,0.0161290317773818,83.82984924316406,0.8086580038070679,179.2397918701172,0.0,0.75,0.6370967626571655,0.0472789406776428,0.0076268198899924,0.0750864744186401,0.0044993599876761,0.0,1.0,117.6884307861328,83.82984924316406,0.0,0.0,0.0,0.0,0.0,0.0,0.0,0.0,0.0,0.0,0.0,0.0,0.0,0.0,0.0,0.0,0.0,0.0,0.0,0.0,0.0,0.0,0.0,0.0,0.0,0.0
/Users/josephkamil/Desktop/Capstone/Oly_Data/segmented/clean/clean_from_cj_0111.mp4,clean,clean_from_cj_0111.mp4,0.18,clean,,yes,,olympic,clean_sha_c264775670f2c865,dev,c264775670f2c86577e52c2b9c4e84b99567b5850645afc400ddf929677b8278,1.0,c264775670f2c86577e52c2b9c4e84b99567b5850645afc400ddf929677b8278,125,125,1.0,151.09591674804688,37.85091400146485,38.003902435302734,175.3295440673828,15.059356689453123,145.94073486328125,35.24962615966797,39.846046447753906,166.4889373779297,21.500823974609375,64.41654205322266,47.55570983886719,3.1765339374542236,174.99815368652344,-131.1042022705078,0.0,0.0,0.0,0.0,0.0,0.3553848564624786,0.1248907595872879,0.2357279062271118,0.6149032711982727,-0.3383083045482635,0.5708390474319458,0.1067885085940361,0.409315288066864,0.8424854874610901,0.0510689318180084,0.0421955324709415,0.0851061642169952,0.000591998512391,0.2743014991283417,-0.2522710263729095,0.4880000054836273,1.0,0.1599999964237213,0.8320000171661377,0.6800000071525574,38.003902435302734,39.846046447753906,174.99815368652344,0.0,0.2160000056028366,0.2319999933242797,0.0636057257652282,0.0080918166786432,0.1138402223587036,0.0076828277669847,0.25,0.0,38.003902435302734,160.6033172607422,0.0,0.0,0.0,0.0,0.0,0.0,0.0,0.0,0.0,0.0,0.0,0.0,0.0,0.0,0.0,0.0,0.0,0.0,0.0,0.0,0.0,0.0,0.0,0.0,0.0,0.0
/Users/josephkamil/Desktop/Capstone/Oly_Data/segmented/clean/clean_from_cj_0075.mp4,clean,clean_from_cj_0075.mp4,0.06,clean,,yes,,olympic,clean_sha_a47c333ab3d663fd,train,a47c333ab3d663fd70d0620f990cf7f1ab022c739f19f738b79444d3eba51f17,1.0,a47c333ab3d663fd70d0620f990cf7f1ab022c739f19f738b79444d3eba51f17,66,65,0.9848484848484848,134.83529663085938,50.32361602783203,36.65302658081055,179.03517150878906,18.331710815429688,134.31967163085938,49.167518615722656,35.51308822631836,177.54798889160156,3.1812286376953125,67.40637969970703,75.89380645751953,1.2111479043960571,178.7183074951172,-59.913818359375,0.0,0.0,0.0,0.0,0.0,0.5130490660667419,0.0907804667949676,0.3316463232040405,0.6923108100891113,-0.3581077456474304,0.59969162940979,0.0594569481909275,0.4955547153949737,0.6961081624031067,-0.1359598636627197,0.0607922971248626,0.061444167047739,0.0049080611206591,0.1717921048402786,-0.1528702080249786,0.3692307770252228,1.0,0.3692307770252228,0.9846153855323792,0.6307692527770996,36.65302658081055,35.51308822631836,178.7183074951172,0.0,0.6307692527770996,0.6615384817123413,0.0535719394683837,0.0129222543910145,0.0294325351715087,0.0087410015985369,0.5,0.0,61.935813903808594,36.65302658081055,0.0,0.0,0.0,0.0,0.0,0.0,0.0,0.0,0.0,0.0,0.0,0.0,0.0,0.0,0.0,0.0,0.0,0.0,0.0,0.0,0.0,0.0,0.0,0.0,0.0,0.0
/Users/josephkamil/Desktop/Capstone/Oly_Data/segmented/clean/clean_from_cj_0140.mp4,clean,clean_from_cj_0140.mp4,0.05,clean,,yes,,olympic,clean_sha_488d7797cd80a9b1,train,488d7797cd80a9b1a0be37067f2cca2c5a558d8583e5008026b0e58fd2bf2031,1.0,488d7797cd80a9b1a0be37067f2cca2c5a558d8583e5008026b0e58fd2bf2031,63,62,0.984126984126984,153.7529296875,31.79126739501953,6.010437488555908,178.23562622070312,-6.8445281982421875,156.7027130126953,32.08661651611328,9.521677017211914,179.0388641357422,59.300148010253906,162.10211181640625,17.436767578125,105.51270294189452,179.28677368164062,31.53961181640625,0.0,0.0,0.0,0.0,0.0,0.6785929203033447,0.0532338805496692,0.4936323463916778,0.8083014488220215,-0.3146691024303436,0.6039345264434814,0.0395822450518608,0.5312416553497314,0.66734778881073,-0.0895526409149169,0.1678536683320999,0.0290035679936409,0.0555388405919075,0.1927737742662429,0.0621648654341697,0.0,0.0,1.0,0.0,0.0,6.010437488555908,9.521677017211914,179.28677368164062,0.0,0.774193525314331,0.774193525314331,0.1618726849555969,0.0153682604432106,0.0456979274749755,0.007399576716125,0.0,1.0,144.25851440429688,6.010437488555908,0.0,0.0,0.0,0.0,0.0,0.0,0.0,0.0,0.0,0.0,0.0,0.0,0.0,0.0,0.0,0.0,0.0,0.0,0.0,0.0,0.0,0.0,0.0,0.0,0.0,0.0
/Users/josephkamil/Desktop/Capstone/Oly_Data/segmented/clean/clean_from_cj_0205.mp4,clean,clean_from_cj_0205.mp4,0.13,clean,,yes,,olympic,clean_sha_dc8c25fd9c68d12b,test,dc8c25fd9c68d12b3b2d4e51ac0c80a6cc5602373b27bd73a23a7cfca958b718,1.0,dc8c25fd9c68d12b3b2d4e51ac0c80a6cc5602373b27bd73a23a7cfca958b718,63,63,1.0,172.61700439453125,8.716397285461426,135.12307739257812,179.41485595703125,8.674545288085938,172.4672088623047,7.864479064941406,130.49937438964844,179.38124084472656,0.3489990234375,77.8923110961914,71.54127502441406,1.331323742866516,177.89065551757812,-155.98117065429688,0.0,0.0,0.0,0.0,0.0,0.3643641471862793,0.1485864371061325,0.1641344428062439,0.6807055473327637,-0.4190569519996643,0.4984336793422699,0.0589166246354579,0.4333850741386413,0.6428928375244141,-0.0576429963111877,0.0904146656394004,0.0787031650543212,0.0023479170631617,0.2309097796678543,-0.1731550097465515,0.4444444477558136,1.0,0.3174603283405304,0.9841269850730896,0.682539701461792,135.12307739257812,130.49937438964844,177.89065551757812,0.0,0.4761904776096344,0.4761904776096344,0.0982486009597778,0.0210599210113286,0.0426398515701293,0.0107563249766826,0.125,0.0,135.12307739257812,165.3046112060547,0.0,0.0,0.0,0.0,0.0,0.0,0.0,0.0,0.0,0.0,0.0,0.0,0.0,0.0,0.0,0.0,0.0,0.0,0.0,0.0,0.0,0.0,0.0,0.0,0.0,0.0
/Users/josephkamil/Desktop/Capstone/Oly_Data/segmented/clean/clean_from_cj_0183.mp4,clean,clean_from_cj_0183.mp4,0.09,snatch,,yes,,olympic,snatch_sha_702cd81b6591b2ec,test,702cd81b6591b2ecc9c63e4519c8d9a16b8db3ddf0e4a03d43cf7a5181884752,1.0,702cd81b6591b2ecc9c63e4519c8d9a16b8db3ddf0e4a03d43cf7a5181884752,63,61,0.9682539682539684,176.38296508789062,2.279125690460205,170.83883666992188,179.29635620117188,0.655120849609375,170.0691375732422,1.5980432033538818,165.89773559570312,172.30682373046875,2.613067626953125,137.17347717285156,8.821615219116211,122.10086059570312,151.10011291503906,2.635894775390625,0.0,0.0,0.0,0.0,0.0,0.5564723610877991,0.0062273168005049,0.5386582612991333,0.5677129030227661,0.0188263654708862,0.5908695459365845,0.0046723745763301,0.5798611044883728,0.6004350781440735,0.0205739736557006,0.1156285926699638,0.0046136840246617,0.099869467318058,0.1222762539982795,0.00298523157835,0.0,0.0,1.0,0.0,0.0,170.83883666992188,165.89773559570312,151.10011291503906,0.0,0.9672130942344666,0.2786885201931,0.0129952430725097,0.0016428510425612,0.0029528141021728,0.0007661044364795,0.0,1.0,172.26632690429688,170.83883666992188,0.0,0.0,0.0,0.0,0.0,0.0,0.0,0.0,0.0,0.0,0.0,0.0,0.0,0.0,0.0,0.0,0.0,0.0,0.0,0.0,0.0,0.0,0.0,0.0,0.0,0.0
/Users/josephkamil/Desktop/Capstone/Oly_Data/segmented/clean/clean_from_cj_0165.mp4,clean,clean_from_cj_0165.mp4,0.15,clean,,yes,,olympic,clean_sha_fa1e3258e924ee9e,train,fa1e3258e924ee9e2a25f3a97859f4f805cdabf85d5aa40dedf62608207cf1b6,1.0,fa1e3258e924ee9e2a25f3a97859f4f805cdabf85d5aa40dedf62608207cf1b6,104,104,1.0,129.42054748535156,50.77080535888672,44.48227310180664,179.5556640625,-96.03780364990234,126.46466827392578,47.199256896972656,48.2710075378418,177.904052734375,-83.48531341552734,42.006893157958984,52.896480560302734,3.518062114715576,179.2447052001953,-56.90501403808594,0.0,0.0,0.0,0.0,0.0,0.4273845255374908,0.1088710725307464,0.2499586045742035,0.6307682991027832,-0.108865737915039,0.607778012752533,0.0888053700327873,0.4711257219314575,0.7503490447998047,0.1679936051368713,0.046408362686634,0.0809860974550247,0.0011557817924767,0.2744385898113251,-0.1748792380094528,0.4326923191547394,1.0,0.1538461595773697,0.9615384340286256,0.817307710647583,44.48227310180664,48.2710075378418,179.2447052001953,0.0,0.2980769276618957,0.2980769276618957,0.0968515872955322,0.0123297683894634,0.1308981776237487,0.0088038379326462,0.625,0.0,44.48227310180664,75.9123306274414,0.0,0.0,0.0,0.0,0.0,0.0,0.0,0.0,0.0,0.0,0.0,0.0,0.0,0.0,0.0,0.0,0.0,0.0,0.0,0.0,0.0,0.0,0.0,0.0,0.0,0.0
/Users/josephkamil/Desktop/Capstone/Oly_Data/segmented/clean/clean_from_cj_0119.mp4,clean,clean_from_cj_0119.mp4,0.18,clean,,yes,,olympic,clean_sha_256cffb8bec04356,train,256cffb8bec04356b0bf7bd630ac465e446086ee9a1c174a74f7fa02f213d8d0,1.0,256cffb8bec04356b0bf7bd630ac465e446086ee9a1c174a74f7fa02f213d8d0,125,125,1.0,127.81365966796876,46.246246337890625,41.188594818115234,172.81727600097656,83.53850555419922,124.39535522460938,42.267974853515625,49.943756103515625,164.9506072998047,94.24260711669922,88.17068481445312,60.3394889831543,26.04330062866211,172.6454620361328,-111.9298858642578,0.0,0.0,0.0,0.0,0.0,0.4821566939353943,0.1808629631996154,0.1862402260303497,0.7009897232055664,-0.4857603907585144,0.5924124121665955,0.1082009524106979,0.4467446506023407,0.870934247970581,-0.1093029975891113,0.1076123043894767,0.106739729642868,0.0022186494898051,0.274856835603714,-0.1668823510408401,0.3680000007152557,1.0,0.4720000028610229,0.9919999837875366,0.527999997138977,41.188594818115234,49.943756103515625,172.6454620361328,0.0,0.5440000295639038,0.5440000295639038,0.1277488470077514,0.0095909433439373,0.0710423588752746,0.009067022241652,0.625,1.0,42.61551284790039,41.188594818115234,0.0,0.0,0.0,0.0,0.0,0.0,0.0,0.0,0.0,0.0,0.0,0.0,0.0,0.0,0.0,0.0,0.0,0.0,0.0,0.0,0.0,0.0,0.0,0.0,0.0,0.0
/Users/josephkamil/Desktop/Capstone/Oly_Data/segmented/split_jerk/split_jerk_from_cj_0107.mp4,split_jerk,split_jerk_from_cj_0107.mp4,0.21,split_jerk,,yes,,olympic,split_jerk_sha_7606ae27e1913541,train,7606ae27e19135415963496c1804628eaae84376631005c88e1a49504f91f420,2.0,7606ae27e19135415963496c1804628eaae84376631005c88e1a49504f91f420,125,120,0.96,172.09320068359375,9.006802558898926,111.4677963256836,179.5242462158203,-15.229751586914062,171.77548217773438,4.113700866699219,147.93800354003906,178.8468017578125,5.343109130859375,107.8187484741211,64.51697540283203,1.1593562364578247,179.2142791748047,50.17021179199219,0.0,0.0,0.0,0.0,0.0,0.3234064280986786,0.0824677497148513,0.136181890964508,0.4628190100193023,-0.1706334501504898,0.6016103029251099,0.0361867062747478,0.5662641525268555,0.7048450112342834,3.8564205169677734e-05,0.0782250091433525,0.0631272122263908,0.0156503897160291,0.2196443080902099,0.1326229572296142,0.7833333611488342,1.0,0.0,0.9916666746139526,1.0,111.4677963256836,147.93800354003906,179.2142791748047,0.0,0.75,0.7333333492279053,0.1787773966789245,0.015200519002974,0.0583954453468322,0.0049881120212376,1.0,0.0,161.2987518310547,111.4677963256836,0.0,0.0,0.0,0.0,0.0,0.0,0.0,0.0,0.0,0.0,0.0,0.0,0.0,0.0,0.0,0.0,0.0,0.0,0.0,0.0,0.0,0.0,0.0,0.0,0.0,0.0
/Users/josephkamil/Desktop/Capstone/Oly_Data/segmented/split_jerk/split_jerk_from_cj_0110.mp4,split_jerk,split_jerk_from_cj_0110.mp4,0.11,split_jerk,,yes,,olympic,split_jerk_sha_3802ce6244b15b7c,train,3802ce6244b15b7c6b3c234300498fdffbf391df2832f63e2feb1a980cdb8747,1.0,3802ce6244b15b7c6b3c234300498fdffbf391df2832f63e2feb1a980cdb8747,125,125,1.0,175.06214904785156,3.8780550956726074,159.67808532714844,179.35980224609375,1.1220245361328125,169.18919372558594,4.762476921081543,160.97711181640625,179.4769744873047,-1.248748779296875,75.2053451538086,61.72916030883789,32.720558166503906,179.1163330078125,136.47320556640625,0.0,0.0,0.0,0.0,0.0,0.2354470640420913,0.0365725122392177,0.1707189381122589,0.3259053826332092,-0.0778090804815292,0.5363801121711731,0.046754952520132,0.4766717851161957,0.6484116315841675,0.0472635030746459,0.0645386278629303,0.0764646828174591,0.0079443855211138,0.2108713984489441,0.1569643914699554,1.0,1.0,0.0,0.9919999837875366,1.0,159.67808532714844,160.97711181640625,179.1163330078125,0.0,0.6399999856948853,0.6399999856948853,0.0402813255786895,0.0031336748506873,0.0652967393398284,0.0035415345337241,1.0,0.0,173.69607543945312,159.67808532714844,0.0,0.0,0.0,0.0,0.0,0.0,0.0,0.0,0.0,0.0,0.0,0.0,0.0,0.0,0.0,0.0,0.0,0.0,0.0,0.0,0.0,0.0,0.0,0.0,0.0,0.0
/Users/josephkamil/Desktop/Capstone/Oly_Data/segmented/split_jerk/split_jerk_from_cj_0144.mp4,split_jerk,split_jerk_from_cj_0144.mp4,0.05,split_jerk,,yes,,olympic,split_jerk_sha_242df91dd96739af,train,242df91dd96739afe5b7dd713b83967f1ae062ffe8347bf9d0c70868526cf841,1.0,242df91dd96739afe5b7dd713b83967f1ae062ffe8347bf9d0c70868526cf841,104,102,0.9807692307692308,166.16632080078125,15.528594970703123,128.07260131835938,179.12188720703125,6.6595458984375,171.4641876220703,5.577210903167725,153.26498413085938,179.07244873046875,8.602447509765625,124.7721176147461,44.50029373168945,5.806590557098389,177.96498107910156,3.716585636138916,0.0,0.0,0.0,0.0,0.0,0.4056785404682159,0.0417872555553913,0.3273699283599853,0.4810667335987091,-0.1061697900295257,0.5693991184234619,0.0195810440927743,0.5506151914596558,0.6218200325965881,-0.0057324767112731,0.0753178969025611,0.0203121788799762,0.0363841876387596,0.119219496846199,0.0234060883522033,0.6470588445663452,1.0,0.1372549086809158,0.9901960492134094,0.8627451062202454,128.07260131835938,153.26498413085938,177.96498107910156,0.0,0.5588235259056091,0.450980395078659,0.0709851384162902,0.0064220381900668,0.0256478786468505,0.0023480895906686,1.0,0.0,148.04588317871094,128.07260131835938,0.0,0.0,0.0,0.0,0.0,0.0,0.0,0.0,0.0,0.0,0.0,0.0,0.0,0.0,0.0,0.0,0.0,0.0,0.0,0.0,0.0,0.0,0.0,0.0,0.0,0.0
/Users/josephkamil/Desktop/Capstone/Oly_Data/segmented/split_jerk/split_jerk_from_cj_0057.mp4,split_jerk,split_jerk_from_cj_0057.mp4,0.06,split_jerk,,yes,,olympic,split_jerk_sha_d8d3f92db94826db,train,d8d3f92db94826db7ab97eaa7651c3e5e72eb7eec4dcb710fc00dc5bb593a072,1.0,d8d3f92db94826db7ab97eaa7651c3e5e72eb7eec4dcb710fc00dc5bb593a072,80,80,1.0,174.7413330078125,2.551926374435425,166.1270294189453,179.22412109375,2.91949462890625,175.5504150390625,2.536041259765625,170.8972930908203,179.48216247558594,1.7745819091796875,66.154052734375,72.37407684326172,2.0594482421875,170.84222412109375,138.73158264160156,0.0,0.0,0.0,0.0,0.0,0.300059825181961,0.0700246468186378,0.2017930001020431,0.4215951561927795,-0.0882797837257385,0.5198053121566772,0.0191362537443637,0.4955117106437683,0.5703086256980896,-0.0167426466941833,0.052274189889431,0.0520426332950592,0.0023038738872855,0.1387918293476104,0.0662712678313255,0.612500011920929,1.0,0.050000000745058,0.987500011920929,0.949999988079071,166.1270294189453,170.8972930908203,170.84222412109375,0.0,0.6000000238418579,0.324999988079071,0.0455073714256286,0.0055097783915698,0.0192453265190124,0.0028110092971473,1.0,0.0,172.7914276123047,166.1270294189453,0.0,0.0,0.0,0.0,0.0,0.0,0.0,0.0,0.0,0.0,0.0,0.0,0.0,0.0,0.0,0.0,0.0,0.0,0.0,0.0,0.0,0.0,0.0,0.0,0.0,0.0
/Users/josephkamil/Desktop/Capstone/Oly_Data/segmented/split_jerk/split_jerk_from_cj_0096.mp4,split_jerk,split_jerk_from_cj_0096.mp4,0.04,split_jerk,,yes,,olympic,split_jerk_sha_3c4f91e6b02d7253,train,3c4f91e6b02d72535c2e7c05e1c3fee68e8d9eec0e785f5ae20b02ee9427e151,1.0,3c4f91e6b02d72535c2e7c05e1c3fee68e8d9eec0e785f5ae20b02ee9427e151,75,75,1.0,151.0049285888672,22.36669158935547,101.34967041015624,179.2964630126953,55.395538330078125,163.24844360351562,17.369977951049805,114.0528564453125,179.4649200439453,33.90586853027344,82.91651153564453,60.124168395996094,22.290369033813477,177.5338592529297,133.8950958251953,0.0,0.0,0.0,0.0,0.0,0.3258813023567199,0.0987324714660644,0.1561591774225235,0.5197162628173828,-0.3629404604434967,0.519167959690094,0.0377367101609706,0.4552516341209411,0.6245677471160889,-0.1340053677558899,0.0700453594326973,0.0404611937701702,0.0300603918731212,0.1501501202583313,0.1178237646818161,0.6399999856948853,1.0,0.0399999991059303,0.9866666793823242,0.959999978542328,101.34967041015624,114.0528564453125,177.5338592529297,0.0,0.0266666673123836,0.0266666673123836,0.1187140047550201,0.0183679088950157,0.0292887687683105,0.0057549839839339,0.125,0.0,101.34967041015624,113.2332534790039,0.0,0.0,0.0,0.0,0.0,0.0,0.0,0.0,0.0,0.0,0.0,0.0,0.0,0.0,0.0,0.0,0.0,0.0,0.0,0.0,0.0,0.0,0.0,0.0,0.0,0.0
/Users/josephkamil/Desktop/Capstone/Oly_Data/segmented/split_jerk/split_jerk_from_cj_0031.mp4,split_jerk,split_jerk_from_cj_0031.mp4,0.14,split_jerk,,yes,,olympic,split_jerk_sha_52ed85ba79fb4f9c,train,52ed85ba79fb4f9c56aababf13d823b5493079c7866d8c306a1fea6e2a2d8074,1.0,52ed85ba79fb4f9c56aababf13d823b5493079c7866d8c306a1fea6e2a2d8074,125,125,1.0,168.53172302246094,7.926974296569824,141.03369140625,176.46214294433594,5.0709991455078125,160.55043029785156,9.422213554382324,138.10060119628906,173.30186462402344,4.5475311279296875,98.56292724609376,69.0152816772461,29.50823974609375,178.15078735351562,136.59768676757812,0.0,0.0,0.0,0.0,0.0,0.2219749391078949,0.066427394747734,0.1275518536567688,0.357638418674469,-0.1369886696338653,0.5514514446258545,0.0358191989362239,0.5098804831504822,0.6483720541000366,0.0349185466766357,0.0992342755198478,0.0826910212635994,0.0147730568423867,0.2039989382028579,0.1725544333457946,1.0,1.0,0.0,0.9919999837875366,1.0,141.03369140625,138.10060119628906,178.15078735351562,0.0,0.4239999949932098,0.5519999861717224,0.0299722105264663,0.0036587745416909,0.055540382862091,0.0036739129573106,1.0,0.0,141.03369140625,159.14718627929688,0.0,0.0,0.0,0.0,0.0,0.0,0.0,0.0,0.0,0.0,0.0,0.0,0.0,0.0,0.0,0.0,0.0,0.0,0.0,0.0,0.0,0.0,0.0,0.0,0.0,0.0
/Users/josephkamil/Desktop/Capstone/Oly_Data/segmented/split_jerk/split_jerk_from_cj_0103.mp4,split_jerk,split_jerk_from_cj_0103.mp4,0.12,snatch,,yes,,olympic,snatch_sha_84be885fb3cc6cd8,test,84be885fb3cc6cd8107eb051c50547691f0f96a02199f2a00a4c325825664c7d,1.0,84be885fb3cc6cd8107eb051c50547691f0f96a02199f2a00a4c325825664c7d,72,65,0.9027777777777778,116.614501953125,43.96189498901367,45.26153564453125,178.75474548339844,104.17391204833984,114.4656982421875,43.18553924560547,36.77303695678711,174.72760009765625,122.24239349365234,165.14413452148438,17.847026824951172,59.63140869140625,178.7467498779297,0.03363037109375,0.0,0.0,0.0,0.0,0.0,0.6300193071365356,0.1890473067760467,0.3225123882293701,0.8758292198181152,-0.0035213232040405,0.7255023121833801,0.0850947573781013,0.4953072071075439,0.8321738243103027,-0.3079939484596252,0.1417517066001892,0.0317538641393184,0.054863903671503,0.2097014188766479,0.0081734508275985,0.446153849363327,1.0,0.4923076927661896,0.9230769276618958,0.446153849363327,45.26153564453125,36.77303695678711,178.7467498779297,0.0,0.1076923087239265,0.0307692307978868,0.5016173720359802,0.0210150331258773,0.1415621638298034,0.0136306481435894,0.0,1.0,45.26153564453125,58.16732025146485,0.0,0.0,0.0,0.0,0.0,0.0,0.0,0.0,0.0,0.0,0.0,0.0,0.0,0.0,0.0,0.0,0.0,0.0,0.0,0.0,0.0,0.0,0.0,0.0,0.0,0.0
/Users/josephkamil/Desktop/Capstone/Oly_Data/segmented/split_jerk/split_jerk_from_cj_0053.mp4,split_jerk,split_jerk_from_cj_0053.mp4,0.07,split_jerk,,yes,,olympic,split_jerk_sha_4aace02838885ba7,train,4aace02838885ba740e0570113a430442b984f245f1d9938a52846af83d33349,2.0,4aace02838885ba740e0570113a430442b984f245f1d9938a52846af83d33349,124,124,1.0,167.95127868652344,13.849167823791504,126.5967254638672,179.17543029785156,5.84710693359375,171.58868408203125,8.199487686157227,139.62425231933594,179.1846160888672,0.7339019775390625,132.5966796875,38.086875915527344,21.945899963378903,175.6016845703125,107.93132019042967,0.0,0.0,0.0,0.0,0.0,0.3781896233558655,0.0535407550632953,0.3036067187786102,0.4741889238357544,-0.1146183609962463,0.5675162672996521,0.019149012863636,0.5504544973373413,0.6125597953796387,0.0014860033988952,0.0689706057310104,0.0359899438917636,0.0203788261860609,0.1137087792158126,0.0732422471046447,0.9596773982048036,1.0,0.0080645158886909,0.9919354915618896,0.9919354915618896,126.5967254638672,139.62425231933594,175.6016845703125,0.0,0.4032258093357086,0.4032258093357086,0.0404884219169616,0.0028254694771021,0.0228451490402221,0.0020685589406639,0.5,0.0,126.5967254638672,140.36141967773438,0.0,0.0,0.0,0.0,0.0,0.0,0.0,0.0,0.0,0.0,0.0,0.0,0.0,0.0,0.0,0.0,0.0,0.0,0.0,0.0,0.0,0.0,0.0,0.0,0.0,0.0
/Users/josephkamil/Desktop/Capstone/Oly_Data/segmented/split_jerk/split_jerk_from_cj_0102.mp4,split_jerk,split_jerk_from_cj_0102.mp4,0.04,split_jerk,,yes,,olympic,split_jerk_sha_3121625924316671,test,31216259243166715740d48e88f922a55b1201cc4e26c24aaa85664705fcd698,2.0,31216259243166715740d48e88f922a55b1201cc4e26c24aaa85664705fcd698,83,83,1.0,168.29905700683594,17.708080291748047,118.16641998291016,179.36073303222656,1.9531402587890625,173.1639404296875,7.526195526123047,153.04251098632812,179.48089599609375,1.6206817626953125,86.20439147949219,71.02960205078125,11.108746528625488,176.3500213623047,129.5203094482422,0.0,0.0,0.0,0.0,0.0,0.2904415726661682,0.1026606112718582,0.1516027152538299,0.5054596662521362,-0.1754925549030304,0.5024542808532715,0.0217181164771318,0.4570989608764648,0.5656557083129883,-0.0152698755264282,0.0759372636675834,0.05026775598526,0.0181208495050668,0.1518527418375015,0.111610859632492,0.6746987700462341,1.0,0.0,0.9879518151283264,1.0,118.16641998291016,153.04251098632812,176.3500213623047,0.0,0.5060241222381592,0.5060241222381592,0.0816150605678558,0.0090522617101669,0.0329092144966125,0.0029609487392008,0.0,0.0,118.16641998291016,122.91238403320312,0.0,0.0,0.0,0.0,0.0,0.0,0.0,0.0,0.0,0.0,0.0,0.0,0.0,0.0,0.0,0.0,0.0,0.0,0.0,0.0,0.0,0.0,0.0,0.0,0.0,0.0
/Users/josephkamil/Desktop/Capstone/Oly_Data/segmented/split_jerk/split_jerk_from_cj_0145.mp4,split_jerk,split_jerk_from_cj_0145.mp4,0.17,split_jerk,,yes,,olympic,split_jerk_sha_55873f9c1d3dbbd0,train,55873f9c1d3dbbd040aad4c0d46fd78e386fd2edb8987ac21018698df9c8b058,1.0,55873f9c1d3dbbd040aad4c0d46fd78e386fd2edb8987ac21018698df9c8b058,125,125,1.0,171.66831970214844,8.693161964416504,142.45860290527344,179.51235961914062,3.4483489990234375,171.59866333007812,8.656322479248047,146.6554718017578,179.35321044921875,-5.765289306640625,71.15067291259766,48.35177230834961,35.89256286621094,179.25686645507812,117.7152328491211,0.0,0.0,0.0,0.0,0.0,0.2923981249332428,0.0583473481237888,0.1239479482173919,0.3939319252967834,-0.200277954339981,0.6094421744346619,0.0408185236155986,0.5541771650314331,0.7059305906295776,0.0598285198211669,0.0726074203848838,0.0772418603301048,0.0243316851556301,0.2412586063146591,0.2098042219877243,1.0,1.0,0.0,0.9919999837875366,1.0,142.45860290527344,146.6554718017578,179.25686645507812,0.0,0.7039999961853027,0.8640000224113464,0.0525338649749755,0.0046285954304039,0.0631659030914306,0.0044969706796109,1.0,0.0,173.61782836914062,142.45860290527344,0.0,0.0,0.0,0.0,0.0,0.0,0.0,0.0,0.0,0.0,0.0,0.0,0.0,0.0,0.0,0.0,0.0,0.0,0.0,0.0,0.0,0.0,0.0,0.0,0.0,0.0
/Users/josephkamil/Desktop/Capstone/Oly_Data/segmented/split_jerk/split_jerk_from_cj_0086.mp4,split_jerk,split_jerk_from_cj_0086.mp4,0.12,split_jerk,,yes,,olympic,split_jerk_sha_756a8df909827a34,train,756a8df909827a342a11938272d4b61e87314b82efea3b3f0567ccb4dc0f65c3,1.0,756a8df909827a342a11938272d4b61e87314b82efea3b3f0567ccb4dc0f65c3,125,125,1.0,169.79444885253906,9.901976585388184,143.2745361328125,179.4274139404297,-3.4698638916015625,168.72032165527344,7.2590532302856445,145.84107971191406,179.5692596435547,2.5958251953125,127.5270767211914,46.59465789794922,27.712099075317383,179.20034790039062,78.44151306152344,0.0,0.0,0.0,0.0,0.0,0.2556527554988861,0.0779730752110481,0.1025284528732299,0.3735541403293609,-0.1289252936840057,0.5406832098960876,0.0319100692868232,0.4789323210716247,0.6039861440658569,0.064156949520111,0.0862357467412948,0.0809556171298027,0.011186602525413,0.1943936347961425,0.1655242294073104,1.0,1.0,0.0,0.9919999837875366,1.0,143.2745361328125,145.84107971191406,179.20034790039062,0.0,0.6159999966621399,0.6880000233650208,0.0398114696145057,0.0052969483658671,0.0495218634605407,0.004801366943866,1.0,0.0,158.46368408203125,143.2745361328125,0.0,0.0,0.0,0.0,0.0,0.0,0.0,0.0,0.0,0.0,0.0,0.0,0.0,0.0,0.0,0.0,0.0,0.0,0.0,0.0,0.0,0.0,0.0,0.0,0.0,0.0
/Users/josephkamil/Desktop/Capstone/Oly_Data/segmented/split_jerk/split_jerk_from_cj_0017.mp4,split_jerk,split_jerk_from_cj_0017.mp4,0.04,split_jerk,,yes,,olympic,split_jerk_sha_fdf49ddfe3fa00b9,train,fdf49ddfe3fa00b993b440c9693f06a89b2b9e772424423cad52519bfa2db691,2.0,fdf49ddfe3fa00b993b440c9693f06a89b2b9e772424423cad52519bfa2db691,75,75,1.0,156.60711669921875,20.790616989135746,112.80029296875,177.8141632080078,28.918174743652344,166.13230895996094,15.238256454467772,122.72423553466795,179.42848205566406,38.39598083496094,53.26620101928711,49.09683609008789,17.318471908569336,176.621826171875,129.163818359375,0.0,0.0,0.0,0.0,0.0,0.3240346014499664,0.0647107660770416,0.1887875199317932,0.4990427494049072,-0.2645456790924072,0.5140141844749451,0.0299571752548217,0.4539864659309387,0.5938394665718079,-0.0732629895210266,0.0513421483337879,0.030234508216381,0.0268775057047605,0.1479366868734359,0.1110302582383155,0.8399999737739563,1.0,0.0,0.9866666793823242,1.0,112.80029296875,122.72423553466795,176.621826171875,0.0,0.0133333336561918,0.0133333336561918,0.0932015478610992,0.0133633827790617,0.0326529443264007,0.0047471774742007,0.5,0.0,112.80029296875,120.37747192382812,0.0,0.0,0.0,0.0,0.0,0.0,0.0,0.0,0.0,0.0,0.0,0.0,0.0,0.0,0.0,0.0,0.0,0.0,0.0,0.0,0.0,0.0,0.0,0.0,0.0,0.0
/Users/josephkamil/Desktop/Capstone/Oly_Data/segmented/split_jerk/split_jerk_from_cj_0068.mp4,split_jerk,split_jerk_from_cj_0068.mp4,0.12,split_jerk,,yes,,olympic,split_jerk_sha_648cf9e756b545f7,train,648cf9e756b545f76014a7f12cf8b403309ae22a2d83d3ea19d86ddcf2ccf21a,1.0,648cf9e756b545f76014a7f12cf8b403309ae22a2d83d3ea19d86ddcf2ccf21a,104,104,1.0,172.04991149902344,6.015969753265381,151.34335327148438,179.39361572265625,1.168975830078125,165.58619689941406,3.359363317489624,155.8726348876953,174.72850036621094,5.1817779541015625,94.74445343017578,68.66517639160156,28.66002655029297,179.1236114501953,145.45013427734375,0.0,0.0,0.0,0.0,0.0,0.2112272381782531,0.0539028421044349,0.1411094069480896,0.3364068865776062,-0.0549220293760299,0.5357723832130432,0.0276901703327894,0.4966721534729004,0.5943349003791809,0.0611222386360168,0.090992160141468,0.0855442509055137,0.0020238915458321,0.1999187618494033,0.1650085896253585,0.942307710647583,1.0,0.0,0.9903846383094788,1.0,151.34335327148438,155.8726348876953,179.1236114501953,0.0,0.4615384638309479,0.4615384638309479,0.0664223134517669,0.0042034811340272,0.0374867916107177,0.0034466662909835,0.75,0.0,151.34335327148438,163.17901611328125,0.0,0.0,0.0,0.0,0.0,0.0,0.0,0.0,0.0,0.0,0.0,0.0,0.0,0.0,0.0,0.0,0.0,0.0,0.0,0.0,0.0,0.0,0.0,0.0,0.0,0.0
/Users/josephkamil/Desktop/Capstone/Oly_Data/segmented/split_jerk/split_jerk_from_cj_0032.mp4,split_jerk,split_jerk_from_cj_0032.mp4,0.13,split_jerk,,yes,,olympic,split_jerk_sha_2594a6ff1e77fbdf,train,2594a6ff1e77fbdfa50291bbf9d0c940b364a18dfa4908e1424b4cf1a9064d75,1.0,2594a6ff1e77fbdfa50291bbf9d0c940b364a18dfa4908e1424b4cf1a9064d75,125,125,1.0,171.9275665283203,10.380001068115234,138.84742736816406,179.44500732421875,0.2449188232421875,172.43426513671875,5.543292045593262,151.33815002441406,179.3319091796875,-3.182098388671875,96.73563385009766,66.95468139648438,24.701351165771484,171.64193725585938,135.0914306640625,0.0,0.0,0.0,0.0,0.0,0.3566166162490845,0.0906653851270675,0.2141299247741699,0.5069265365600586,-0.2220531702041626,0.6964402794837952,0.0393026694655418,0.6578330397605896,0.794506847858429,0.0138315558433532,0.1052543371915817,0.0945072844624519,0.0057922508567571,0.2130748778581619,0.201381504535675,0.9279999732971193,1.0,0.0,0.9919999837875366,1.0,138.84742736816406,151.33815002441406,171.64193725585938,0.0,0.4320000112056732,0.4320000112056732,0.0467472076416015,0.0035703536123037,0.0354198217391967,0.003406140487641,0.125,0.0,138.84742736816406,146.57830810546875,0.0,0.0,0.0,0.0,0.0,0.0,0.0,0.0,0.0,0.0,0.0,0.0,0.0,0.0,0.0,0.0,0.0,0.0,0.0,0.0,0.0,0.0,0.0,0.0,0.0,0.0
/Users/josephkamil/Desktop/Capstone/Oly_Data/segmented/split_jerk/split_jerk_from_cj_0130.mp4,split_jerk,split_jerk_from_cj_0130.mp4,0.06,split_jerk,,yes,,olympic,split_jerk_sha_2ad88f1dbe694c7c,train,2ad88f1dbe694c7c65279339ed6891ca71f4e15abd28a0db38bcc097df83e7b2,1.0,2ad88f1dbe694c7c65279339ed6891ca71f4e15abd28a0db38bcc097df83e7b2,84,84,1.0,176.59169006347656,1.9516923427581787,171.96307373046875,179.33294677734375,2.5587158203125,171.0236053466797,2.4202024936676025,167.310791015625,179.45123291015625,5.9694366455078125,60.24117660522461,69.54006958007812,1.91008460521698,178.82290649414062,151.83572387695312,0.0,0.0,0.0,0.0,0.0,0.3106100559234619,0.0665431171655654,0.1786698400974273,0.4205640852451324,-0.1636556088924408,0.5258363485336304,0.0169975236058235,0.4973503351211548,0.565165638923645,0.0108417272567749,0.0503733940422534,0.0569168739020824,0.001763165812008,0.1517146080732345,0.1340122818946838,0.5714285969734192,1.0,0.0357142873108387,0.988095223903656,0.9642857313156128,171.96307373046875,167.310791015625,178.82290649414062,0.0,0.75,0.4404761791229248,0.0398115664720535,0.005699791945517,0.0170933604240417,0.0030174837447702,1.0,0.0,174.64459228515625,171.96307373046875,0.0,0.0,0.0,0.0,0.0,0.0,0.0,0.0,0.0,0.0,0.0,0.0,0.0,0.0,0.0,0.0,0.0,0.0,0.0,0.0,0.0,0.0,0.0,0.0,0.0,0.0
/Users/josephkamil/Desktop/Capstone/Oly_Data/segmented/split_jerk/split_jerk_from_cj_0150.mp4,split_jerk,split_jerk_from_cj_0150.mp4,0.12,split_jerk,,yes,,olympic,split_jerk_sha_eef3f3da912aa3c5,train,eef3f3da912aa3c5f2ed39c9c65251764501017f60d7c654821ceda6e4d01424,2.0,eef3f3da912aa3c5f2ed39c9c65251764501017f60d7c654821ceda6e4d01424,125,51,0.408,143.26158142089844,22.147247314453125,94.42417907714844,178.02886962890625,-77.2120361328125,173.081787109375,3.825742959976196,165.6594696044922,179.3490753173828,5.4397735595703125,160.40843200683594,12.44575023651123,115.14813232421876,175.35324096679688,0.6090087890625,0.0,0.0,0.0,0.0,0.0,0.2936547100543976,0.026717385277152,0.2436647117137909,0.3389501571655273,-0.0411429703235626,0.5976985692977905,0.0276199840009212,0.5611914992332458,0.6401505470275879,-0.0373727083206176,0.1244867369532585,0.0171591788530349,0.0900698751211166,0.1534640043973922,-0.0283695310354232,1.0,1.0,0.0,0.9803921580314636,1.0,94.42417907714844,165.6594696044922,175.35324096679688,0.0,0.9803921580314636,0.4901960790157318,0.0457293987274169,0.007765925489366,0.0114045143127441,0.0026193261146545,1.0,0.0,139.2766571044922,94.42417907714844,0.0,0.0,0.0,0.0,0.0,0.0,0.0,0.0,0.0,0.0,0.0,0.0,0.0,0.0,0.0,0.0,0.0,0.0,0.0,0.0,0.0,0.0,0.0,0.0,0.0,0.0
/Users/josephkamil/Desktop/Capstone/Oly_Data/segmented/split_jerk/split_jerk_from_cj_0100.mp4,split_jerk,split_jerk_from_cj_0100.mp4,0.15,split_jerk,,yes,,olympic,split_jerk_sha_16d61609756a259a,train,16d61609756a259a39aa08077377dfc2eb957d9f5cba6a804089b8b047d8caef,1.0,16d61609756a259a39aa08077377dfc2eb957d9f5cba6a804089b8b047d8caef,125,125,1.0,170.99777221679688,5.288008213043213,151.55490112304688,178.11334228515625,4.3408203125,162.8416290283203,3.2433676719665527,153.01019287109375,169.94122314453125,2.9696197509765625,60.32796859741211,56.78438949584961,23.68281936645508,159.85848999023438,132.15951538085938,0.0,0.0,0.0,0.0,0.0,0.2008140534162521,0.0464429445564746,0.1074331998825073,0.311694860458374,-0.1047441586852073,0.5165014863014221,0.0325026139616966,0.4902313351631164,0.5993011593818665,0.0442493557929992,0.0645799711346626,0.0784278810024261,0.0054441941902041,0.2095748782157898,0.1746653020381927,1.0,1.0,0.0,0.9919999837875366,1.0,151.55490112304688,153.01019287109375,159.85848999023438,0.0,0.656000018119812,0.656000018119812,0.0538388192653656,0.003146321279928,0.0444369316101074,0.0027262130752205,1.0,0.0,171.31813049316406,151.55490112304688,0.0,0.0,0.0,0.0,0.0,0.0,0.0,0.0,0.0,0.0,0.0,0.0,0.0,0.0,0.0,0.0,0.0,0.0,0.0,0.0,0.0,0.0,0.0,0.0,0.0,0.0
/Users/josephkamil/Desktop/Capstone/Oly_Data/segmented/split_jerk/split_jerk_from_cj_0018.mp4,split_jerk,split_jerk_from_cj_0018.mp4,0.1,split_jerk,,yes,,olympic,split_jerk_sha_feed5a96310cc281,train,feed5a96310cc28146a613d5dc60b95b959de088fc1c734af787ebe38532b7cd,2.0,feed5a96310cc28146a613d5dc60b95b959de088fc1c734af787ebe38532b7cd,106,106,1.0,172.96424865722656,6.820872783660889,153.20864868164062,179.37164306640625,-3.85162353515625,169.63076782226562,4.530493259429932,157.03286743164062,179.3778839111328,0.6441192626953125,114.28701782226562,55.58076858520508,22.03257751464844,179.0141143798828,48.37965393066406,0.0,0.0,0.0,0.0,0.0,0.3779274523258209,0.0608687102794647,0.2696583867073059,0.4883841872215271,-0.0732717514038086,0.5931819081306458,0.0240540169179439,0.5460718870162964,0.6422424912452698,0.0518226623535156,0.0587445572018623,0.0574318952858448,0.0102056227624416,0.1477713882923126,0.1067757904529571,1.0,1.0,0.0,0.9905660152435304,1.0,153.20864868164062,157.03286743164062,179.0141143798828,0.0,0.7547169923782349,0.7547169923782349,0.0384339392185211,0.0041822735220193,0.0351238250732421,0.0033297061454504,1.0,0.0,162.36212158203125,153.20864868164062,0.0,0.0,0.0,0.0,0.0,0.0,0.0,0.0,0.0,0.0,0.0,0.0,0.0,0.0,0.0,0.0,0.0,0.0,0.0,0.0,0.0,0.0,0.0,0.0,0.0,0.0
/Users/josephkamil/Desktop/Capstone/Oly_Data/segmented/split_jerk/split_jerk_from_cj_0077.mp4,split_jerk,split_jerk_from_cj_0077.mp4,0.15,split_jerk,,yes,,olympic,split_jerk_sha_66d4bd4d75aac374,train,66d4bd4d75aac374be6b96a96eefe541cf9d6b3503de52aff46a6115fe201901,1.0,66d4bd4d75aac374be6b96a96eefe541cf9d6b3503de52aff46a6115fe201901,125,125,1.0,171.58511352539062,7.218313694000244,153.03201293945312,178.81336975097656,-1.720672607421875,164.16546630859375,5.444240093231201,149.26756286621094,171.45741271972656,-1.5798797607421875,100.17184448242188,60.06541061401367,46.86053085327149,178.69667053222656,120.61769104003906,0.0,0.0,0.0,0.0,0.0,0.1978476494550705,0.0414617583155632,0.1264494657516479,0.2960584759712219,-0.0630083829164505,0.535674512386322,0.0369387455284595,0.4914734661579132,0.6125876903533936,0.0605829954147338,0.0859565436840057,0.0796219259500503,0.0093641076236963,0.2024962604045868,0.1580641865730285,1.0,1.0,0.0,0.9919999837875366,1.0,153.03201293945312,149.26756286621094,178.69667053222656,0.0,0.6800000071525574,0.6800000071525574,0.0846286416053772,0.0036798845976591,0.0478978157043457,0.0028289149049669,1.0,0.0,156.98541259765625,153.03201293945312,0.0,0.0,0.0,0.0,0.0,0.0,0.0,0.0,0.0,0.0,0.0,0.0,0.0,0.0,0.0,0.0,0.0,0.0,0.0,0.0,0.0,0.0,0.0,0.0,0.0,0.0
/Users/josephkamil/Desktop/Capstone/Oly_Data/segmented/split_jerk/split_jerk_from_cj_0020.mp4,split_jerk,split_jerk_from_cj_0020.mp4,0.05,split_jerk,,yes,,olympic,split_jerk_sha_847e38c7952f8445,train,847e38c7952f84451d25c36622967800d1e1fcc9f1d4f8c704b5069bdaa242d0,1.0,847e38c7952f84451d25c36622967800d1e1fcc9f1d4f8c704b5069bdaa242d0,83,83,1.0,156.24441528320312,20.278722763061523,112.59097290039062,178.96841430664062,40.6064453125,166.72662353515625,12.633477210998535,130.59156799316406,179.45423889160156,28.347335815429688,92.23063659667967,67.79155731201172,13.268406867980955,176.25393676757812,140.95852661132812,0.0,0.0,0.0,0.0,0.0,0.2907856106758117,0.1032296866178512,0.1524412035942077,0.5297536253929138,-0.2743692100048065,0.5127773284912109,0.0279384311288595,0.4712216854095459,0.5990111827850342,-0.1075567603111267,0.0812914371490478,0.0521597489714622,0.0220818016678094,0.151932954788208,0.1144211813807487,0.7108433842658997,1.0,0.0,0.9879518151283264,1.0,112.59097290039062,130.59156799316406,176.25393676757812,0.0,0.0240963846445083,0.0240963846445083,0.1196798980236053,0.0139245754107832,0.0329055190086364,0.0047336611896753,1.0,0.0,112.59097290039062,134.46397399902344,0.0,0.0,0.0,0.0,0.0,0.0,0.0,0.0,0.0,0.0,0.0,0.0,0.0,0.0,0.0,0.0,0.0,0.0,0.0,0.0,0.0,0.0,0.0,0.0,0.0,0.0
/Users/josephkamil/Desktop/Capstone/Oly_Data/segmented/split_jerk/split_jerk_from_cj_0014.mp4,split_jerk,split_jerk_from_cj_0014.mp4,0.13,split_jerk,,yes,,olympic,split_jerk_sha_9d8ea79894c41b53,train,9d8ea79894c41b53ad049e560705c3765be18bf11d958c6103b5e1dffa41843c,1.0,9d8ea79894c41b53ad049e560705c3765be18bf11d958c6103b5e1dffa41843c,95,95,1.0,169.6277313232422,7.278731822967529,153.75843811035156,177.6891326904297,4.309906005859375,162.99581909179688,4.8422441482543945,149.6998291015625,169.5128936767578,3.5114593505859375,97.6043701171875,62.08710479736328,40.3287239074707,178.71058654785156,132.14181518554688,0.0,0.0,0.0,0.0,0.0,0.1943303942680359,0.0715778097510337,0.0761002302169799,0.3464379906654358,-0.1254492849111557,0.5376212000846863,0.032155267894268,0.4876440763473511,0.6004657745361328,0.0333690047264099,0.0939168035984039,0.0871180221438407,0.0020174395758658,0.2153282761573791,0.1842573285102844,0.9894737005233764,1.0,0.0,0.9894737005233764,1.0,153.75843811035156,149.6998291015625,178.71058654785156,0.0,0.5052631497383118,0.6315789222717285,0.0698601305484771,0.0061396448872983,0.0405097007751464,0.0045160786248743,0.875,0.0,153.75843811035156,154.27427673339844,0.0,0.0,0.0,0.0,0.0,0.0,0.0,0.0,0.0,0.0,0.0,0.0,0.0,0.0,0.0,0.0,0.0,0.0,0.0,0.0,0.0,0.0,0.0,0.0,0.0,0.0
/Users/josephkamil/Desktop/Capstone/Oly_Data/segmented/split_jerk/split_jerk_from_cj_0011.mp4,split_jerk,split_jerk_from_cj_0011.mp4,0.15,split_jerk,,yes,,olympic,split_jerk_sha_cd9d33ff0ef7d85e,train,cd9d33ff0ef7d85e9b8a3cc32001813c1454608a7b681e2ca2880b05c41ea72a,2.0,cd9d33ff0ef7d85e9b8a3cc32001813c1454608a7b681e2ca2880b05c41ea72a,125,120,0.96,159.8288116455078,24.30256462097168,104.41741180419922,179.4364471435547,-0.6416473388671875,153.0744171142578,27.57493019104004,21.46939468383789,177.85763549804688,152.04681396484375,116.11304473876952,61.22556686401367,36.34386444091797,179.0670166015625,4.718231201171875,0.0,0.0,0.0,0.0,0.0,0.3463932871818542,0.0952598229050636,0.2031896412372589,0.6138480305671692,-0.4106583893299103,0.6416825652122498,0.0476146265864372,0.4938622415065765,0.7403904795646667,0.097949206829071,0.1055104583501815,0.0771581605076789,0.0133013864979147,0.1858615279197693,0.1373520046472549,0.8500000238418579,1.0,0.0083333337679505,0.9916666746139526,0.9916666746139526,104.41741180419922,21.46939468383789,179.0670166015625,0.0,0.4916666746139526,0.0,0.2205540239810943,0.0061943656764924,0.1212488710880279,0.0048605194315314,1.0,0.0,104.41741180419922,110.57498931884766,0.0,0.0,0.0,0.0,0.0,0.0,0.0,0.0,0.0,0.0,0.0,0.0,0.0,0.0,0.0,0.0,0.0,0.0,0.0,0.0,0.0,0.0,0.0,0.0,0.0,0.0
/Users/josephkamil/Desktop/Capstone/Oly_Data/segmented/split_jerk/split_jerk_from_cj_0033.mp4,split_jerk,split_jerk_from_cj_0033.mp4,0.15,split_jerk,,yes,,olympic,split_jerk_sha_c35373432483f138,train,c35373432483f13884f7f58723983b086d9309f2dd2da0e5cf4c60542842bdee,1.0,c35373432483f13884f7f58723983b086d9309f2dd2da0e5cf4c60542842bdee,125,124,0.992,169.1978759765625,31.967981338500977,6.851449489593506,179.81134033203125,-10.820953369140623,134.8443603515625,70.4767837524414,1.8798986673355105,178.94888305664062,1.12200927734375,81.91230773925781,74.01695251464844,1.582497239112854,179.01788330078125,144.22947692871094,0.0,0.0,0.0,0.0,0.0,0.5441882610321045,0.190644770860672,0.176956221461296,0.9270252585411072,-0.392516016960144,1.2305675745010376,0.3278938829898834,0.5890575647354126,1.6290016174316406,-0.6467992067337036,0.149692103266716,0.1480543464422226,0.0189361441880464,0.4622924029827118,0.181878924369812,0.9354838728904724,1.0,0.0,0.9919354915618896,1.0,6.851449489593506,1.8798986673355105,179.01788330078125,0.0,0.7822580933570862,0.6129032373428345,0.5709073543548584,0.0175496097654104,0.97930908203125,0.0162681713700294,1.0,0.0,172.31971740722656,6.851449489593506,0.0,0.0,0.0,0.0,0.0,0.0,0.0,0.0,0.0,0.0,0.0,0.0,0.0,0.0,0.0,0.0,0.0,0.0,0.0,0.0,0.0,0.0,0.0,0.0,0.0,0.0
/Users/josephkamil/Desktop/Capstone/Oly_Data/segmented/split_jerk/split_jerk_from_cj_0154.mp4,split_jerk,split_jerk_from_cj_0154.mp4,0.1,split_jerk,,yes,,olympic,split_jerk_sha_f8054dcbf5c021f4,dev,f8054dcbf5c021f4ca6db496417543719b1fd6a873d4fe2eaad54d11ec2de8f5,1.0,f8054dcbf5c021f4ca6db496417543719b1fd6a873d4fe2eaad54d11ec2de8f5,91,91,1.0,166.32810974121094,13.87139892578125,135.74801635742188,179.22042846679688,0.1628570556640625,168.38890075683594,5.013800621032715,161.36029052734375,179.28163146972656,1.0817718505859375,129.76345825195312,58.96211624145508,1.7110235691070557,179.0586700439453,166.47100830078125,0.0,0.0,0.0,0.0,0.0,0.3049106299877167,0.1094085797667503,0.1543476581573486,0.448979765176773,-0.2015295624732971,0.4610826373100281,0.012878225184977,0.4378488063812256,0.4894458055496216,-0.0186112225055694,0.0901604518294334,0.034773088991642,0.0183710046112537,0.141508474946022,0.1122617274522781,0.4285714328289032,1.0,0.5714285969734192,0.9890109896659852,0.4285714328289032,135.74801635742188,161.36029052734375,179.0586700439453,0.0,0.6263736486434937,0.0329670347273349,0.1020318865776062,0.0083742793649435,0.0145604610443115,0.0023386415559798,1.0,1.0,146.51303100585938,135.74801635742188,0.0,0.0,0.0,0.0,0.0,0.0,0.0,0.0,0.0,0.0,0.0,0.0,0.0,0.0,0.0,0.0,0.0,0.0,0.0,0.0,0.0,0.0,0.0,0.0,0.0,0.0
/Users/josephkamil/Desktop/Capstone/Oly_Data/segmented/split_jerk/split_jerk_from_cj_0058.mp4,split_jerk,split_jerk_from_cj_0058.mp4,0.06,split_jerk,,yes,,olympic,split_jerk_sha_8d1e1ab6dacd7e71,dev,8d1e1ab6dacd7e71eb028f91c7f42868463e9b02bfab1ebe25e8e8760aff1cf2,2.0,8d1e1ab6dacd7e71eb028f91c7f42868463e9b02bfab1ebe25e8e8760aff1cf2,111,111,1.0,169.406494140625,13.04218864440918,128.09898376464844,179.16192626953125,2.14508056640625,171.98605346679688,7.741703510284424,142.04164123535156,179.20480346679688,4.2198638916015625,114.93666076660156,42.871063232421875,26.53510856628418,176.9073944091797,38.293365478515625,0.0,0.0,0.0,0.0,0.0,0.3926582336425781,0.0466117560863494,0.3048034012317657,0.4720961451530456,-0.1089062988758087,0.5623900890350342,0.0178104154765605,0.5426149368286133,0.6040820479393005,0.0050053000450134,0.0557992421090602,0.0339551642537117,0.0165134165436029,0.112294428050518,0.0579918287694454,0.9279279112815856,1.0,0.0360360369086265,0.9909909963607788,0.9639639854431152,128.09898376464844,142.04164123535156,176.9073944091797,0.0,0.4954954981803894,0.4954954981803894,0.0475717484951019,0.0051701799966394,0.0225828886032104,0.0022723549045622,0.625,0.0,128.09898376464844,151.16151428222656,0.0,0.0,0.0,0.0,0.0,0.0,0.0,0.0,0.0,0.0,0.0,0.0,0.0,0.0,0.0,0.0,0.0,0.0,0.0,0.0,0.0,0.0,0.0,0.0,0.0,0.0
/Users/josephkamil/Desktop/Capstone/Oly_Data/segmented/split_jerk/split_jerk_from_cj_0106.mp4,split_jerk,split_jerk_from_cj_0106.mp4,0.13,split_jerk,,yes,,olympic,split_jerk_sha_8256647a6185a3aa,dev,8256647a6185a3aad863e8c85f4b53b3c3114a6740fb527bb86d9e70534a9446,1.0,8256647a6185a3aad863e8c85f4b53b3c3114a6740fb527bb86d9e70534a9446,114,114,1.0,171.57318115234375,8.052847862243652,147.03001403808594,178.48941040039062,0.491851806640625,164.508056640625,6.774924278259277,139.17401123046875,171.54641723632812,-0.495697021484375,114.02751159667967,67.9979019165039,31.00446891784668,179.17990112304688,137.39047241210938,0.0,0.0,0.0,0.0,0.0,0.2272017002105713,0.0618135780096054,0.1481902003288269,0.3557007908821106,-0.1185860782861709,0.571378231048584,0.037017073482275,0.5175012350082397,0.6553337574005127,0.0443124771118164,0.1128620877861976,0.0849181488156318,0.0045379349030554,0.2061488330364227,0.1662982404232025,1.0,1.0,0.0,0.9912280440330504,1.0,147.03001403808594,139.17401123046875,179.17990112304688,0.0,0.5350877046585083,0.5350877046585083,0.0369051694869995,0.0032056940253823,0.0590937733650207,0.0036835523787885,1.0,0.0,147.03001403808594,149.81280517578125,0.0,0.0,0.0,0.0,0.0,0.0,0.0,0.0,0.0,0.0,0.0,0.0,0.0,0.0,0.0,0.0,0.0,0.0,0.0,0.0,0.0,0.0,0.0,0.0,0.0,0.0
/Users/josephkamil/Desktop/Capstone/Oly_Data/segmented/split_jerk/split_jerk_from_cj_0080.mp4,split_jerk,split_jerk_from_cj_0080.mp4,0.16,split_jerk,,yes,,olympic,split_jerk_sha_6638462a35eb5ebb,dev,6638462a35eb5ebbe2b6b73c20a364885d2b64093cf9b53deaa2eace89c77d48,1.0,6638462a35eb5ebbe2b6b73c20a364885d2b64093cf9b53deaa2eace89c77d48,125,125,1.0,160.15806579589844,15.460440635681152,117.92479705810548,179.32325744628906,0.5987091064453125,175.23782348632812,3.27533221244812,162.42454528808594,179.46046447753906,-0.080657958984375,129.2423095703125,51.38885498046875,2.95194673538208,177.90570068359375,28.785560607910156,0.0,0.0,0.0,0.0,0.0,0.296742707490921,0.0544022358953952,0.2344207763671875,0.4837368130683899,-0.0786316394805908,0.5507749319076538,0.0261308792978525,0.4991374611854553,0.5982520580291748,0.0237781405448913,0.0924477502703666,0.0410691276192665,0.0122796399518847,0.151433065533638,0.0378064215183258,0.7839999794960022,1.0,0.2080000042915344,0.9919999837875366,0.7919999957084656,117.92479705810548,162.42454528808594,177.90570068359375,0.0,0.335999995470047,0.19200000166893,0.072145402431488,0.0091854492202401,0.0433880090713501,0.0024412097409367,1.0,0.0,117.92479705810548,137.21043395996094,0.0,0.0,0.0,0.0,0.0,0.0,0.0,0.0,0.0,0.0,0.0,0.0,0.0,0.0,0.0,0.0,0.0,0.0,0.0,0.0,0.0,0.0,0.0,0.0,0.0,0.0
/Users/josephkamil/Desktop/Capstone/Oly_Data/segmented/split_jerk/split_jerk_from_cj_0062.mp4,split_jerk,split_jerk_from_cj_0062.mp4,0.06,split_jerk,,yes,,olympic,split_jerk_sha_7f1fe305b497b842,train,7f1fe305b497b842dbe36e3de1c979056f8be97fd8cd3e7080b73f62d0e2267a,1.0,7f1fe305b497b842dbe36e3de1c979056f8be97fd8cd3e7080b73f62d0e2267a,79,79,1.0,174.0281982421875,4.115539073944092,163.0076904296875,179.2364959716797,5.1605377197265625,172.9803924560547,3.0404040813446045,163.94747924804688,179.38870239257812,-2.62469482421875,84.4766616821289,62.74358367919922,1.77795672416687,176.76063537597656,117.7638931274414,0.0,0.0,0.0,0.0,0.0,0.3074346482753753,0.0640628263354301,0.2164399623870849,0.4266878068447113,-0.1027953326702117,0.5207378268241882,0.0179417561739683,0.4903132915496826,0.5639024376869202,-0.0001053810119628,0.055682573467493,0.0447843372821807,0.003899376373738,0.1378740221261978,0.0523386821150779,0.6329113841056824,1.0,0.0632911399006843,0.9873417615890504,0.9367088675498962,163.0076904296875,163.94747924804688,176.76063537597656,0.0,0.6202531456947327,0.5696202516555786,0.0505849719047546,0.0070813726633787,0.0202643871307373,0.0030864141881465,1.0,0.0,172.78372192382812,163.0076904296875,0.0,0.0,0.0,0.0,0.0,0.0,0.0,0.0,0.0,0.0,0.0,0.0,0.0,0.0,0.0,0.0,0.0,0.0,0.0,0.0,0.0,0.0,0.0,0.0,0.0,0.0
/Users/josephkamil/Desktop/Capstone/Oly_Data/segmented/split_jerk/split_jerk_from_cj_0117.mp4,split_jerk,split_jerk_from_cj_0117.mp4,0.18,split_jerk,,yes,,olympic,split_jerk_sha_c1c8988304f5e044,train,c1c8988304f5e044857f3da8497bd12ff98d73d91358ad9b38555880f1b697ed,1.0,c1c8988304f5e044857f3da8497bd12ff98d73d91358ad9b38555880f1b697ed,125,121,0.968,147.84146118164062,26.36642837524414,60.51686477661133,179.5014190673828,-26.508987426757812,171.7547149658203,7.089789867401123,153.91407775878906,179.59934997558594,-2.4182891845703125,109.2119140625,59.77166748046875,1.5954465866088867,179.06320190429688,107.70716857910156,0.0,0.0,0.0,0.0,0.0,0.2645664513111114,0.0658667162060737,0.1744410544633865,0.3933917284011841,-0.0964853167533874,0.6295996904373169,0.0637971833348274,0.4951397180557251,0.7254822850227356,0.161918044090271,0.130739077925682,0.0940085873007774,0.0104180229827761,0.231798306107521,0.1920937150716781,0.9752066135406494,1.0,0.0,0.9917355179786682,1.0,60.51686477661133,153.91407775878906,179.06320190429688,0.0,0.7685950398445129,0.35537189245224,0.0714978575706482,0.0059720394201576,0.0612035989761352,0.0057181469164788,1.0,0.0,133.42518615722656,60.51686477661133,0.0,0.0,0.0,0.0,0.0,0.0,0.0,0.0,0.0,0.0,0.0,0.0,0.0,0.0,0.0,0.0,0.0,0.0,0.0,0.0,0.0,0.0,0.0,0.0,0.0,0.0
/Users/josephkamil/Desktop/Capstone/Oly_Data/segmented/split_jerk/split_jerk_from_cj_0004.mp4,split_jerk,split_jerk_from_cj_0004.mp4,0.12,split_jerk,,yes,,olympic,split_jerk_sha_fe6fbb48dfb89596,train,fe6fbb48dfb895960defa6cdb73d188540de8200e8c4351a7b59e66623feffb6,1.0,fe6fbb48dfb895960defa6cdb73d188540de8200e8c4351a7b59e66623feffb6,116,116,1.0,175.90814208984375,3.4288721084594727,163.7551727294922,179.39414978027344,2.0606536865234375,164.73118591308594,3.0157365798950195,149.6121368408203,175.2686767578125,-17.004714965820312,33.24060821533203,15.003249168395996,7.498122215270996,139.6359405517578,110.2482681274414,0.0,0.0,0.0,0.0,0.0,0.4196334779262543,0.0188191123306751,0.3283205032348633,0.4554555416107178,-0.0967867374420166,0.587928056716919,0.0094597470015287,0.576665997505188,0.6383404731750488,0.0500177145004272,0.0102498019114136,0.0178938619792461,0.0023582484573125,0.131363570690155,0.1209994107484817,0.0689655169844627,1.0,0.8793103694915771,0.9913793206214904,0.1206896528601646,163.7551727294922,149.6121368408203,139.6359405517578,0.0,0.9396551847457886,0.982758641242981,0.0408398509025573,0.0019964813254773,0.0227923393249511,0.0013615763746201,0.7142857313156128,1.0,175.42706298828125,163.7551727294922,0.0,0.0,0.0,0.0,0.0,0.0,0.0,0.0,0.0,0.0,0.0,0.0,0.0,0.0,0.0,0.0,0.0,0.0,0.0,0.0,0.0,0.0,0.0,0.0,0.0,0.0
/Users/josephkamil/Desktop/Capstone/Oly_Data/segmented/split_jerk/split_jerk_from_cj_0125.mp4,split_jerk,split_jerk_from_cj_0125.mp4,0.13,split_jerk,,yes,,olympic,split_jerk_sha_c18d079899463e8b,train,c18d079899463e8bc69bd24e4a73307b4f25e63693906daf0733d0ef030ba07e,2.0,c18d079899463e8bc69bd24e4a73307b4f25e63693906daf0733d0ef030ba07e,125,125,1.0,171.90406799316406,7.220702171325684,150.99139404296875,179.29660034179688,-1.0429534912109375,162.13699340820312,6.257848262786865,149.1250457763672,169.5254364013672,1.1706085205078125,104.52410125732422,70.47504425048828,2.5739052295684814,179.03123474121094,164.78854370117188,0.0,0.0,0.0,0.0,0.0,0.3793355822563171,0.0733754187822341,0.26856130361557,0.5088217258453369,-0.1855417490005493,0.6701560616493225,0.0319850333034992,0.6240071058273315,0.7426013946533203,-0.0057861804962158,0.0855587720870971,0.0749152228236198,0.001230975612998,0.1698833107948303,0.1524495929479599,0.959999978542328,1.0,0.0,0.9919999837875366,1.0,150.99139404296875,149.1250457763672,179.03123474121094,0.0,0.4239999949932098,0.4239999949932098,0.0400246381759643,0.0033037166576832,0.0589142441749572,0.0030581161845475,0.625,0.0,150.99139404296875,158.8177947998047,0.0,0.0,0.0,0.0,0.0,0.0,0.0,0.0,0.0,0.0,0.0,0.0,0.0,0.0,0.0,0.0,0.0,0.0,0.0,0.0,0.0,0.0,0.0,0.0,0.0,0.0
/Users/josephkamil/Desktop/Capstone/Oly_Data/segmented/split_jerk/split_jerk_from_cj_0047.mp4,split_jerk,split_jerk_from_cj_0047.mp4,0.07,split_jerk,,yes,,olympic,split_jerk_sha_5b72e8ca86135b90,test,5b72e8ca86135b90286a9953697be104e187a5770ab245705538b0507326141a,1.0,5b72e8ca86135b90286a9953697be104e187a5770ab245705538b0507326141a,96,93,0.96875,161.7655029296875,21.03059959411621,105.3136978149414,179.1492919921875,2.4379119873046875,173.17303466796875,6.402606010437012,153.0876007080078,179.22547912597656,4.3471221923828125,146.13841247558594,26.30546188354492,23.55627822875977,176.54342651367188,30.851715087890625,0.0,0.0,0.0,0.0,0.0,0.4183767437934875,0.0448287725448608,0.3238959312438965,0.5302437543869019,-0.1095267832279205,0.5731835961341858,0.0216417592018842,0.5478909611701965,0.6243246793746948,0.0020483136177062,0.0782089456915855,0.0188182294368743,0.0211207717657089,0.1099869385361671,0.0752484649419784,0.3870967626571655,1.0,0.5806451439857483,0.9892473220825196,0.4193548262119293,105.3136978149414,153.0876007080078,176.54342651367188,0.0,0.6129032373428345,0.774193525314331,0.1344923079013824,0.0092341862618923,0.029629111289978,0.0025737474206835,0.875,1.0,144.51023864746094,105.3136978149414,0.0,0.0,0.0,0.0,0.0,0.0,0.0,0.0,0.0,0.0,0.0,0.0,0.0,0.0,0.0,0.0,0.0,0.0,0.0,0.0,0.0,0.0,0.0,0.0,0.0,0.0
/Users/josephkamil/Desktop/Capstone/Oly_Data/segmented/split_jerk/split_jerk_from_cj_0071.mp4,split_jerk,split_jerk_from_cj_0071.mp4,0.12,split_jerk,,yes,,olympic,split_jerk_sha_9cf6ddca08d1ea8a,test,9cf6ddca08d1ea8abfe489ab9f861237f1ffa8470ceda99f6f487bef53b52792,1.0,9cf6ddca08d1ea8abfe489ab9f861237f1ffa8470ceda99f6f487bef53b52792,104,104,1.0,174.95785522460938,5.215048789978027,159.3410186767578,179.36241149902344,-1.8479766845703125,168.99037170410156,4.484653472900391,157.6388702392578,177.58892822265625,0.8422698974609375,122.89562225341795,57.98831558227539,46.67160415649414,179.0731658935547,118.62242126464844,0.0,0.0,0.0,0.0,0.0,0.2893933057785034,0.0731788575649261,0.1928924024105072,0.4360511302947998,-0.1732122898101806,0.6123807430267334,0.0173576157540082,0.5859081149101257,0.6475327014923096,0.0001612305641174,0.1131795942783355,0.0660318061709404,0.0161600150167942,0.1762963682413101,0.1362466514110565,1.0,1.0,0.0,0.9903846383094788,1.0,159.3410186767578,157.6388702392578,179.0731658935547,0.0,0.3461538553237915,0.3942307829856872,0.0548275113105773,0.0035556054208427,0.0357951521873474,0.0023217543493956,1.0,0.0,159.3410186767578,168.88975524902344,0.0,0.0,0.0,0.0,0.0,0.0,0.0,0.0,0.0,0.0,0.0,0.0,0.0,0.0,0.0,0.0,0.0,0.0,0.0,0.0,0.0,0.0,0.0,0.0,0.0,0.0
/Users/josephkamil/Desktop/Capstone/Oly_Data/segmented/split_jerk/split_jerk_from_cj_0028.mp4,split_jerk,split_jerk_from_cj_0028.mp4,0.13,split_jerk,,yes,,olympic,split_jerk_sha_ef998bd10ee9ae79,train,ef998bd10ee9ae79c20ddb952abb56f68df799ea61d70314a24d538b4c3f6f81,1.0,ef998bd10ee9ae79c20ddb952abb56f68df799ea61d70314a24d538b4c3f6f81,125,125,1.0,173.5849151611328,3.0965516567230225,162.6687469482422,178.69290161132812,0.3969573974609375,165.25857543945312,3.354208469390869,158.0936279296875,173.33470153808594,5.7396240234375,89.45611572265625,63.173973083496094,34.447288513183594,175.14154052734375,131.05198669433594,0.0,0.0,0.0,0.0,0.0,0.2080848067998886,0.028321273624897,0.1424078345298767,0.2910580635070801,-0.0360044538974761,0.5289953947067261,0.0298321302980184,0.4882022738456726,0.5772212147712708,0.063740074634552,0.0828533694148063,0.0664886236190795,0.0184002704918384,0.1898559629917144,0.1367415338754654,1.0,1.0,0.0,0.9919999837875366,1.0,162.6687469482422,158.0936279296875,175.14154052734375,0.0,0.5360000133514404,0.5360000133514404,0.0320906639099121,0.0030334847979247,0.0268570780754089,0.0021059224382042,1.0,0.0,162.6687469482422,162.808837890625,0.0,0.0,0.0,0.0,0.0,0.0,0.0,0.0,0.0,0.0,0.0,0.0,0.0,0.0,0.0,0.0,0.0,0.0,0.0,0.0,0.0,0.0,0.0,0.0,0.0,0.0
/Users/josephkamil/Desktop/Capstone/Oly_Data/segmented/split_jerk/split_jerk_from_cj_0141.mp4,split_jerk,split_jerk_from_cj_0141.mp4,0.06,split_jerk,,yes,,olympic,split_jerk_sha_bb16615e1636d24c,train,bb16615e1636d24c6399f1a1644b0fefe005d4f4dbf980596d44cb9a6c881ef0,1.0,bb16615e1636d24c6399f1a1644b0fefe005d4f4dbf980596d44cb9a6c881ef0,125,124,0.992,177.10728454589844,1.5821170806884766,169.958251953125,179.35595703125,0.711090087890625,173.84976196289062,1.3817986249923706,170.287353515625,178.8385009765625,6.695068359375,42.68993377685547,54.307464599609375,1.4720643758773804,178.25454711914062,163.29542541503906,0.0,0.0,0.0,0.0,0.0,0.3228782117366791,0.0515703633427619,0.1868454664945602,0.4069669544696808,-0.1517140120267868,0.5241757035255432,0.0129695804789662,0.4843108057975769,0.5626147985458374,-0.005426287651062,0.0318226814270019,0.0397375859320163,0.0011925379512831,0.134413942694664,0.1239354014396667,0.8548387289047241,1.0,0.0080645158886909,0.9919354915618896,0.9919354915618896,169.958251953125,170.287353515625,178.25454711914062,0.0,0.7903226017951965,0.0322580635547637,0.0290956497192382,0.0049391826614737,0.0195390582084655,0.0020428285934031,1.0,0.0,174.9918670654297,169.958251953125,0.0,0.0,0.0,0.0,0.0,0.0,0.0,0.0,0.0,0.0,0.0,0.0,0.0,0.0,0.0,0.0,0.0,0.0,0.0,0.0,0.0,0.0,0.0,0.0,0.0,0.0
/Users/josephkamil/Desktop/Capstone/Oly_Data/segmented/split_jerk/split_jerk_from_cj_0084.mp4,split_jerk,split_jerk_from_cj_0084.mp4,0.04,split_jerk,,yes,,olympic,split_jerk_sha_6410249f15f69f15,train,6410249f15f69f15ea87ee0c726164e1f174e47d53bb945deb005cc1ed1f1aeb,1.0,6410249f15f69f15ea87ee0c726164e1f174e47d53bb945deb005cc1ed1f1aeb,69,69,1.0,156.92733764648438,21.46710968017578,106.72219848632812,179.34202575683594,67.45797729492188,166.9467315673828,14.14727020263672,130.32022094726562,179.42196655273438,47.89100646972656,97.04077911376952,68.22652435302734,3.542335033416748,178.70428466796875,-86.8658676147461,0.0,0.0,0.0,0.0,0.0,0.3125106394290924,0.10348492115736,0.1580690145492553,0.563423752784729,-0.2851816415786743,0.5069210529327393,0.0320614948868751,0.4432846009731293,0.5971716642379761,-0.1148616671562194,0.0720863491296768,0.0446013584733009,0.0180341619998216,0.1458769291639328,-0.0250498279929161,0.6231883764266968,1.0,0.0724637657403945,0.9855072498321532,0.9275362491607666,106.72219848632812,130.32022094726562,178.70428466796875,0.0,0.0,0.0,0.1712492406368255,0.0241371076554059,0.0386106371879577,0.0063272882252931,0.125,0.0,106.72219848632812,127.71397399902344,0.0,0.0,0.0,0.0,0.0,0.0,0.0,0.0,0.0,0.0,0.0,0.0,0.0,0.0,0.0,0.0,0.0,0.0,0.0,0.0,0.0,0.0,0.0,0.0,0.0,0.0
/Users/josephkamil/Desktop/Capstone/Oly_Data/segmented/split_jerk/split_jerk_from_cj_0133.mp4,split_jerk,split_jerk_from_cj_0133.mp4,0.1,split_jerk,,yes,,olympic,split_jerk_sha_275227564b30eded,train,275227564b30eded79d7769132035fad29d0222525e97c53c7ed8e7b5bc78b7b,1.0,275227564b30eded79d7769132035fad29d0222525e97c53c7ed8e7b5bc78b7b,80,80,1.0,173.20571899414062,6.1867780685424805,155.379638671875,179.28306579589844,1.4497833251953125,171.79611206054688,4.11197566986084,160.14077758789062,179.24937438964844,-4.4473114013671875,73.5313720703125,57.73805236816406,18.86398124694824,164.40687561035156,138.85545349121094,0.0,0.0,0.0,0.0,0.0,0.4554452002048492,0.0695539787411689,0.3301810622215271,0.5383150577545166,-0.155465543270111,0.6439512372016907,0.0170895364135503,0.6253030300140381,0.683135986328125,0.0137451291084289,0.0503028444945812,0.0586955472826957,0.0026010784786194,0.1436341851949691,0.1318168938159942,0.574999988079071,1.0,0.2249999940395355,0.987500011920929,0.7749999761581421,155.379638671875,160.14077758789062,164.40687561035156,0.0,0.5249999761581421,0.5249999761581421,0.0308289527893066,0.0041078450158238,0.0192770957946777,0.0027993563562631,0.875,0.0,155.379638671875,158.038330078125,0.0,0.0,0.0,0.0,0.0,0.0,0.0,0.0,0.0,0.0,0.0,0.0,0.0,0.0,0.0,0.0,0.0,0.0,0.0,0.0,0.0,0.0,0.0,0.0,0.0,0.0
/Users/josephkamil/Desktop/Capstone/Oly_Data/segmented/split_jerk/split_jerk_from_cj_0038.mp4,split_jerk,split_jerk_from_cj_0038.mp4,0.15,snatch,,yes,,olympic,snatch_sha_997c68259aef7922,test,997c68259aef7922cd5d9d43275388551e9593772a495a902299262015bf4255,1.0,997c68259aef7922cd5d9d43275388551e9593772a495a902299262015bf4255,125,119,0.952,150.87408447265625,36.24490737915039,18.989582061767575,179.2294158935547,0.77252197265625,160.4619598388672,31.336885452270508,10.13718605041504,179.50064086914062,150.92481994628906,171.90750122070312,7.487786769866943,142.19772338867188,179.14483642578125,-3.674285888671875,0.0,0.0,0.0,0.0,0.0,0.5543469190597534,0.3629947900772095,0.1788721978664398,0.9482183456420898,-0.7588150501251221,0.5452978014945984,0.0708337053656578,0.4535521268844604,0.6816823482513428,0.0223862528800964,0.1870621293783188,0.0115046966820955,0.1468603461980819,0.2103025913238525,0.0085252672433853,0.5126050710678101,1.0,0.4873949587345123,0.9915966391563416,0.5126050710678101,18.989582061767575,10.13718605041504,179.14483642578125,0.0,0.1932773143053054,0.184873953461647,0.6380541920661926,0.0070091900415718,0.1944227218627929,0.0049661067314445,0.0,1.0,18.989582061767575,168.2848663330078,0.0,0.0,0.0,0.0,0.0,0.0,0.0,0.0,0.0,0.0,0.0,0.0,0.0,0.0,0.0,0.0,0.0,0.0,0.0,0.0,0.0,0.0,0.0,0.0,0.0,0.0
/Users/josephkamil/Desktop/Capstone/Oly_Data/segmented/split_jerk/split_jerk_from_cj_0083.mp4,split_jerk,split_jerk_from_cj_0083.mp4,0.23,split_jerk,,yes,,olympic,split_jerk_sha_5d7b8b35370dd16e,dev,5d7b8b35370dd16ec26ef449b273fe8dd5d254c9f004cc705341404b8919955d,1.0,5d7b8b35370dd16ec26ef449b273fe8dd5d254c9f004cc705341404b8919955d,125,121,0.968,157.13206481933594,34.651702880859375,13.99378776550293,179.40443420410156,38.14155578613281,162.05934143066406,24.710041046142575,16.53276252746582,178.7081756591797,137.65951538085938,161.015380859375,23.9241886138916,65.09613037109375,178.6552276611328,6.3364105224609375,0.0,0.0,0.0,0.0,0.0,0.4672003984451294,0.2547104656696319,0.2571225762367248,0.9009464979171752,-0.3150125741958618,0.6131493449211121,0.0449362583458423,0.429356575012207,0.6890754699707031,0.1654765009880066,0.1385118812322616,0.0395527146756649,0.0303883738815784,0.1747250705957412,-0.0278676748275756,0.6198347210884094,1.0,0.2892561852931976,0.9917355179786682,0.71074378490448,13.99378776550293,16.53276252746582,178.6552276611328,0.0,0.1818181872367859,0.0165289249271154,0.4579790234565735,0.0131996218115091,0.1623193621635437,0.0057373768649995,0.0,0.0,13.99378776550293,137.38983154296875,0.0,0.0,0.0,0.0,0.0,0.0,0.0,0.0,0.0,0.0,0.0,0.0,0.0,0.0,0.0,0.0,0.0,0.0,0.0,0.0,0.0,0.0,0.0,0.0,0.0,0.0
/Users/josephkamil/Desktop/Capstone/Oly_Data/segmented/split_jerk/split_jerk_from_cj_0024.mp4,split_jerk,split_jerk_from_cj_0024.mp4,0.06,snatch,,yes,,olympic,snatch_sha_eb123313245e52eb,test,eb123313245e52eb09e4b875bbab2107d509e4a3583335fda73308296ad05d25,1.0,eb123313245e52eb09e4b875bbab2107d509e4a3583335fda73308296ad05d25,72,72,1.0,138.1402130126953,57.63344192504883,4.381411552429199,179.2842559814453,-12.797637939453123,136.73643493652344,61.63545227050781,0.9735462069511414,179.5391387939453,10.048934936523438,168.27206420898438,16.811126708984375,99.98358917236328,179.1507110595703,-50.38563537597656,0.0,0.0,0.0,0.0,0.0,0.2833195924758911,0.132342591881752,0.1016425043344497,0.561542272567749,-0.4598997831344604,0.6219019293785095,0.1057837903499603,0.4939576387405395,0.8194117546081543,-0.0237081050872802,0.1554206013679504,0.0302403047680854,0.0220154076814651,0.190531313419342,0.0131871104240417,0.875,1.0,0.125,0.9861111044883728,0.875,4.381411552429199,0.9735462069511414,179.1507110595703,0.0,0.3888888955116272,0.2916666567325592,0.0588766932487487,0.0099691404029726,0.0936070680618286,0.0096949553117156,1.0,0.0,4.381411552429199,158.67356872558594,0.0,0.0,0.0,0.0,0.0,0.0,0.0,0.0,0.0,0.0,0.0,0.0,0.0,0.0,0.0,0.0,0.0,0.0,0.0,0.0,0.0,0.0,0.0,0.0,0.0,0.0
/Users/josephkamil/Desktop/Capstone/Oly_Data/segmented/split_jerk/split_jerk_from_cj_0146.mp4,split_jerk,split_jerk_from_cj_0146.mp4,0.15,split_jerk,,yes,,olympic,split_jerk_sha_58af8bdc6ef195c2,train,58af8bdc6ef195c29058d47666cdc24005ca758456f0efe8fd3af4f9baffe3be,1.0,58af8bdc6ef195c29058d47666cdc24005ca758456f0efe8fd3af4f9baffe3be,113,113,1.0,169.54624938964844,14.436809539794922,123.2337646484375,179.35220336914062,7.763153076171875,163.56056213378906,11.736618995666504,134.61135864257812,174.23855590820312,3.762054443359375,119.30622863769533,50.34152603149414,17.654193878173828,178.79086303710938,32.24186706542969,0.0,0.0,0.0,0.0,0.0,0.4363797307014465,0.0551607608795166,0.3095724880695343,0.5186402797698975,-0.1511530876159668,0.6700059771537781,0.0249782837927341,0.6211179494857788,0.7438300848007202,0.0055761933326721,0.0738283023238182,0.0543147958815097,0.0109671270474791,0.1730668544769287,0.1172738969326019,1.0,1.0,0.0,0.991150438785553,1.0,123.2337646484375,134.61135864257812,178.79086303710938,0.0,0.6106194853782654,0.7876105904579163,0.0371467769145965,0.0049151624552905,0.0477509498596191,0.0035599146503955,1.0,0.0,170.62387084960938,123.2337646484375,0.0,0.0,0.0,0.0,0.0,0.0,0.0,0.0,0.0,0.0,0.0,0.0,0.0,0.0,0.0,0.0,0.0,0.0,0.0,0.0,0.0,0.0,0.0,0.0,0.0,0.0
/Users/josephkamil/Desktop/Capstone/Oly_Data/raw/clean_and_jerk/v_CleanAndJerk_g10_c01.avi,clean_and_jerk,v_CleanAndJerk_g10_c01.avi,0.52,clean_and_jerk,,yes,,olympic,clean_and_jerk_ucf_g10,train,6327e6e5561a146f061bfcc438bbe6cb071853df087b75f0e1a0b3430b9ac59b,1.0,6327e6e5561a146f061bfcc438bbe6cb071853df087b75f0e1a0b3430b9ac59b,194,133,0.6855670103092784,167.80177307128906,13.098396301269531,128.8217010498047,178.3011016845703,12.12371826171875,169.13531494140625,14.813742637634276,18.870054244995117,179.5800018310547,153.11842346191406,81.94402313232422,64.47834777832031,7.299548625946045,178.27822875976562,123.28619384765624,0.0,0.0,0.0,0.0,0.0,0.2919830083847046,0.0651794299483299,0.1410234123468399,0.4605222344398498,-0.2758973836898803,0.550402045249939,0.0783930495381355,0.337954580783844,0.6949071884155273,0.2373102307319641,0.0997140631079673,0.0550590306520462,0.0291607677936553,0.2181306779384613,0.123437225818634,0.4436090290546417,1.0,0.4210526347160339,0.9924812316894532,0.5789473652839661,128.8217010498047,18.870054244995117,178.27822875976562,0.0,0.7142857313156128,0.0,0.2942000329494476,0.0200846120715141,0.0456090569496154,0.0055107832886278,1.0,0.0,155.62130737304688,128.8217010498047,0.0,0.0,0.0,0.0,0.0,0.0,0.0,0.0,0.0,0.0,0.0,0.0,0.0,0.0,0.0,0.0,0.0,0.0,0.0,0.0,0.0,0.0,0.0,0.0,0.0,0.0
/Users/josephkamil/Desktop/Capstone/Oly_Data/raw/clean_and_jerk/v_CleanAndJerk_g15_c01.avi,clean_and_jerk,v_CleanAndJerk_g15_c01.avi,0.25,clean_and_jerk,,yes,,olympic,clean_and_jerk_ucf_g15,train,ff6d7c5dd3be208516e9796853ca1c4937f9921fd83a0727dba00ae529a76689,1.0,ff6d7c5dd3be208516e9796853ca1c4937f9921fd83a0727dba00ae529a76689,90,90,1.0,130.02432250976562,45.6703987121582,53.608612060546875,179.31402587890625,96.1269760131836,124.68038177490234,41.52651596069336,42.833553314208984,169.6070556640625,99.85913848876952,172.3508758544922,5.72275447845459,145.17384338378906,179.154541015625,14.822067260742188,0.0,0.0,0.0,0.0,0.0,0.3682215511798858,0.1977553814649582,0.1376565396785736,0.7723956108093262,-0.5744729042053223,0.6213681101799011,0.0800157934427261,0.4857239127159118,0.7394548058509827,-0.1501978635787964,0.1388093531131744,0.0267948172986507,0.0243486929684877,0.1842156499624252,-0.0273368805646896,0.7111111283302307,1.0,0.2888889014720917,0.9888888597488404,0.7111111283302307,53.608612060546875,42.833553314208984,179.154541015625,0.0,0.0777777805924415,0.0777777805924415,0.1075942814350128,0.0134434821084141,0.0921031236648559,0.0120641328394413,0.0,0.0,53.608612060546875,96.70293426513672,0.0,0.0,0.0,0.0,0.0,0.0,0.0,0.0,0.0,0.0,0.0,0.0,0.0,0.0,0.0,0.0,0.0,0.0,0.0,0.0,0.0,0.0,0.0,0.0,0.0,0.0
/Users/josephkamil/Desktop/Capstone/Oly_Data/raw/clean_and_jerk/v_CleanAndJerk_g02_c01.avi,clean_and_jerk,v_CleanAndJerk_g02_c01.avi,0.29,clean_and_jerk,,yes,,olympic,clean_and_jerk_ucf_g02,train,78dff9a1b1eee5ec4cfe1d8a873dc9a9df39e33d002ebaa61898d2001455666b,1.0,78dff9a1b1eee5ec4cfe1d8a873dc9a9df39e33d002ebaa61898d2001455666b,103,103,1.0,134.97975158691406,46.67583084106445,42.76313400268555,179.3018035888672,131.69342041015625,131.47665405273438,46.5924186706543,32.902122497558594,179.40492248535156,137.3380889892578,172.18295288085938,5.313203811645508,139.10107421875,178.84365844726562,1.3095855712890625,0.0,0.0,0.0,0.0,0.0,0.3916622400283813,0.0922847464680671,0.2860755324363708,0.6315585374832153,-0.3155907392501831,0.5828714370727539,0.0482690893113613,0.4847521185874939,0.668166995048523,-0.0545566082000732,0.0893351063132286,0.0157679487019777,0.0202447418123483,0.1169356107711792,-0.0228069573640823,0.7766990065574646,1.0,0.223300963640213,0.9902912378311156,0.7766990065574646,42.76313400268555,32.902122497558594,178.84365844726562,0.0,0.0097087379544973,0.0097087379544973,0.0264461934566497,0.0051404582336544,0.0313444733619689,0.0054498594254255,0.0,0.0,42.76313400268555,143.13551330566406,0.0,0.0,0.0,0.0,0.0,0.0,0.0,0.0,0.0,0.0,0.0,0.0,0.0,0.0,0.0,0.0,0.0,0.0,0.0,0.0,0.0,0.0,0.0,0.0,0.0,0.0
/Users/josephkamil/Desktop/Capstone/Oly_Data/raw/clean_and_jerk/v_CleanAndJerk_g11_c04.avi,clean_and_jerk,v_CleanAndJerk_g11_c04.avi,0.53,clean_and_jerk,,yes,,olympic,clean_and_jerk_ucf_g11,test,d7ca4d0d7b2edf40c376d85a8674f6df5fea4ed1b75c9c7247905a3623dd21bd,1.0,d7ca4d0d7b2edf40c376d85a8674f6df5fea4ed1b75c9c7247905a3623dd21bd,207,207,1.0,163.01780700683594,29.795734405517575,35.20359420776367,179.5124053955078,14.398635864257812,157.26278686523438,28.379972457885746,41.71693801879883,179.1650848388672,45.566307067871094,105.11045837402344,62.22686767578125,30.484844207763672,179.29080200195312,-7.1805877685546875,0.0,0.0,0.0,0.0,0.0,0.3352360427379608,0.1298687756061554,0.1776473820209503,0.5795036554336548,-0.3935757875442505,0.543815553188324,0.0931989178061485,0.3496037125587463,0.7943849563598633,0.1611635982990265,0.0949175208806991,0.0869355127215385,0.0007213396020233,0.2283044606447219,-0.0571298748254776,0.8019323945045471,1.0,0.1980676352977752,0.9951691031455994,0.8019323945045471,35.20359420776367,41.71693801879883,179.29080200195312,0.0,0.2367149740457534,0.2367149740457534,0.0475746989250183,0.0057921456173062,0.0716690421104431,0.0065712253563106,1.0,0.0,35.20359420776367,155.63046264648438,0.0,0.0,0.0,0.0,0.0,0.0,0.0,0.0,0.0,0.0,0.0,0.0,0.0,0.0,0.0,0.0,0.0,0.0,0.0,0.0,0.0,0.0,0.0,0.0,0.0,0.0
/Users/josephkamil/Desktop/Capstone/Oly_Data/raw/clean_and_jerk/v_CleanAndJerk_g10_c03.avi,clean_and_jerk,v_CleanAndJerk_g10_c03.avi,0.56,clean_and_jerk,,yes,,olympic,clean_and_jerk_ucf_g10,train,ad6f1652b30ce1f9f08ca04d1538963f00f40706cdc7e535256fded714c24a94,1.0,ad6f1652b30ce1f9f08ca04d1538963f00f40706cdc7e535256fded714c24a94,204,179,0.8774509803921569,163.79666137695312,17.143253326416016,74.37501525878906,179.45620727539062,19.990554809570312,164.4801483154297,23.149782180786133,4.338565349578857,179.48129272460938,24.816482543945312,79.7530746459961,63.73668670654297,2.720865249633789,179.21583557128906,2.6282196044921875,0.0,0.0,0.0,0.0,0.0,0.3748446404933929,0.0822659060359001,0.2508779764175415,0.6385209560394287,-0.2962965369224548,0.6069990396499634,0.0702467188239097,0.4106195271015167,0.727735698223114,0.0743724107742309,0.0703333765268325,0.0475992560386657,0.0061947056092321,0.2026094496250152,-0.1179626584053039,0.8100558519363403,1.0,0.0223463680595159,0.994413435459137,0.9776536226272584,74.37501525878906,4.338565349578857,179.21583557128906,0.0,0.0223463680595159,0.0055865920148789,0.2418005466461181,0.0259896628558635,0.1293427944183349,0.0077739767730236,0.125,0.0,74.37501525878906,128.79098510742188,0.0,0.0,0.0,0.0,0.0,0.0,0.0,0.0,0.0,0.0,0.0,0.0,0.0,0.0,0.0,0.0,0.0,0.0,0.0,0.0,0.0,0.0,0.0,0.0,0.0,0.0
/Users/josephkamil/Desktop/Capstone/Oly_Data/raw/clean_and_jerk/v_CleanAndJerk_g16_c01.avi,clean_and_jerk,v_CleanAndJerk_g16_c01.avi,0.3,clean_and_jerk,,yes,,olympic,clean_and_jerk_ucf_g16,test,5bd4483342ddec5f5fbc708bc020251726a7342737b1a6af11174212c662fdb3,1.0,5bd4483342ddec5f5fbc708bc020251726a7342737b1a6af11174212c662fdb3,104,104,1.0,170.47525024414062,10.163274765014648,124.3502960205078,179.477294921875,4.2283477783203125,170.46417236328125,8.262712478637695,120.57887268066406,179.2682342529297,-1.13189697265625,100.8324737548828,75.02177429199219,0.8386744260787964,177.20425415039062,3.0220489501953125,0.0,0.0,0.0,0.0,0.0,0.2752436399459839,0.1621232777833938,0.0729559436440467,0.6771385669708252,-0.6041826009750366,0.5197976231575012,0.0573931522667408,0.4304829239845276,0.6430982351303101,-0.0265913605690002,0.1208058968186378,0.0870585739612579,0.0039966437034308,0.2266425788402557,0.0095468312501907,0.6634615659713745,1.0,0.1923076957464218,0.9903846383094788,0.807692289352417,124.3502960205078,120.57887268066406,177.20425415039062,0.0,0.2884615361690521,0.2884615361690521,0.1488573849201202,0.0168938096612691,0.0506516695022583,0.0090354336425662,0.25,0.0,124.3502960205078,145.46310424804688,0.0,0.0,0.0,0.0,0.0,0.0,0.0,0.0,0.0,0.0,0.0,0.0,0.0,0.0,0.0,0.0,0.0,0.0,0.0,0.0,0.0,0.0,0.0,0.0,0.0,0.0
/Users/josephkamil/Desktop/Capstone/Oly_Data/raw/clean_and_jerk/v_CleanAndJerk_g06_c04.avi,clean_and_jerk,v_CleanAndJerk_g06_c04.avi,0.64,clean_and_jerk,,yes,,olympic,clean_and_jerk_ucf_g06,dev,057a3e2ad826b4e86708c7be8c35245db88ce132e059a0d88caf87748927e417,1.0,057a3e2ad826b4e86708c7be8c35245db88ce132e059a0d88caf87748927e417,246,246,1.0,160.72744750976562,30.845272064208984,44.36370086669922,179.46971130371094,59.660888671875,158.17384338378906,27.27183532714844,57.102420806884766,179.19216918945312,68.89075469970703,82.98869323730469,63.77059173583984,21.217500686645508,173.5507049560547,5.293670654296875,0.0,0.0,0.0,0.0,0.0,0.372903436422348,0.1740992963314056,0.1104975789785385,0.8194657564163208,-0.6988437175750732,0.6157040596008301,0.053022988140583,0.5534318685531616,0.7894725799560547,-0.106036901473999,0.0847428515553474,0.0912623330950737,0.0031882277689874,0.2274495512247085,0.0001188665628433,0.792682945728302,1.0,0.1463414579629898,0.9959349632263184,0.8536585569381714,44.36370086669922,57.102420806884766,173.5507049560547,0.0,0.1991869956254959,0.1991869956254959,0.0596961379051208,0.006331767886877,0.0383059978485107,0.0042496146634221,0.25,0.0,44.36370086669922,146.85606384277344,0.0,0.0,0.0,0.0,0.0,0.0,0.0,0.0,0.0,0.0,0.0,0.0,0.0,0.0,0.0,0.0,0.0,0.0,0.0,0.0,0.0,0.0,0.0,0.0,0.0,0.0
/Users/josephkamil/Desktop/Capstone/Oly_Data/raw/clean_and_jerk/v_CleanAndJerk_g03_c04.avi,clean_and_jerk,v_CleanAndJerk_g03_c04.avi,0.78,clean_and_jerk,,yes,,olympic,clean_and_jerk_ucf_g03,train,eb4064236c8d70eccb5b0c1be99528bb9b2a185c9c3267e0aad5e412d65600dc,1.0,eb4064236c8d70eccb5b0c1be99528bb9b2a185c9c3267e0aad5e412d65600dc,293,293,1.0,152.12545776367188,38.72639846801758,39.9172477722168,179.37355041503906,99.72105407714844,146.20025634765625,35.13877868652344,48.09698486328125,173.143798828125,99.79322052001952,69.85796356201172,58.08737564086914,22.024612426757812,173.1201934814453,12.549896240234377,0.0,0.0,0.0,0.0,0.0,0.3233381807804107,0.1852225363254547,0.1008262336254119,0.7072546482086182,-0.5879716873168945,0.557684600353241,0.0825293660163879,0.4500409960746765,0.8703789114952087,-0.0474142432212829,0.083733856678009,0.0958286225795745,0.0018197199096903,0.2739511430263519,0.0276479721069335,0.723549485206604,1.0,0.2013651877641677,0.9965870380401612,0.7986348271369934,39.9172477722168,48.09698486328125,173.1201934814453,0.0,0.2320819050073623,0.2320819050073623,0.1128235459327697,0.0056632966734468,0.0682965517044067,0.0051155751571059,0.625,0.0,39.9172477722168,151.60980224609375,0.0,0.0,0.0,0.0,0.0,0.0,0.0,0.0,0.0,0.0,0.0,0.0,0.0,0.0,0.0,0.0,0.0,0.0,0.0,0.0,0.0,0.0,0.0,0.0,0.0,0.0
/Users/josephkamil/Desktop/Capstone/Oly_Data/raw/clean_and_jerk/v_CleanAndJerk_g03_c03.avi,clean_and_jerk,v_CleanAndJerk_g03_c03.avi,0.73,clean_and_jerk,,yes,,olympic,clean_and_jerk_ucf_g03,train,5f4806260efdde00a39638e544786bd8d14d17b805e191e89441599a3dbee45d,1.0,5f4806260efdde00a39638e544786bd8d14d17b805e191e89441599a3dbee45d,276,276,1.0,164.09909057617188,28.87059783935547,41.47626495361328,179.5988311767578,90.8356704711914,154.697998046875,26.402339935302734,38.54799270629883,177.59596252441406,88.84716796875,71.28724670410156,59.52360153198242,18.127275466918945,177.0749969482422,12.061599731445312,0.0,0.0,0.0,0.0,0.0,0.2631494998931885,0.1515945792198181,0.1107296496629715,0.6760352849960327,-0.5653056502342224,0.5418239831924438,0.0846060886979103,0.4013388752937317,0.8212136030197144,-0.0088405609130859,0.0808639675378799,0.0934719964861869,0.0024232242722064,0.2824242115020752,-0.0331855416297912,0.8514492511749268,1.0,0.1231884062290191,0.9963768124580384,0.8768116235733032,41.47626495361328,38.54799270629883,177.0749969482422,0.0,0.170289859175682,0.1739130467176437,0.0922344923019409,0.0052724932320415,0.1181856393814086,0.0048719746991992,1.0,0.0,41.47626495361328,154.38107299804688,0.0,0.0,0.0,0.0,0.0,0.0,0.0,0.0,0.0,0.0,0.0,0.0,0.0,0.0,0.0,0.0,0.0,0.0,0.0,0.0,0.0,0.0,0.0,0.0,0.0,0.0
/Users/josephkamil/Desktop/Capstone/Oly_Data/raw/clean_and_jerk/v_CleanAndJerk_g11_c01.avi,clean_and_jerk,v_CleanAndJerk_g11_c01.avi,0.54,clean_and_jerk,,yes,,olympic,clean_and_jerk_ucf_g11,test,2ee1eaa097ca88b2d954ab8aecd292a94839067bac99fb38def9ec8ce52140e4,1.0,2ee1eaa097ca88b2d954ab8aecd292a94839067bac99fb38def9ec8ce52140e4,207,207,1.0,155.21194458007812,28.559343338012695,53.35725784301758,179.51820373535156,36.37232971191406,149.2061767578125,26.219188690185547,59.687625885009766,171.18455505371094,40.065711975097656,112.40464782714844,65.62644958496094,19.084352493286133,179.2313232421875,18.458511352539062,0.0,0.0,0.0,0.0,0.0,0.3465562164783478,0.1543330997228622,0.1485135853290558,0.5927715301513672,-0.4320151805877685,0.558626115322113,0.0831688493490219,0.3685462474822998,0.767170786857605,0.0842896103858947,0.1192598417401313,0.0944290682673454,0.0031433305703103,0.2382538616657257,-0.0309644341468811,0.6811594367027283,1.0,0.260869562625885,0.9951691031455994,0.739130437374115,53.35725784301758,59.687625885009766,179.2313232421875,0.0,0.304347813129425,0.2946859896183014,0.0550641417503356,0.0056876856833696,0.1112927496433258,0.0057457559742033,0.75,0.0,53.35725784301758,147.3419647216797,0.0,0.0,0.0,0.0,0.0,0.0,0.0,0.0,0.0,0.0,0.0,0.0,0.0,0.0,0.0,0.0,0.0,0.0,0.0,0.0,0.0,0.0,0.0,0.0,0.0,0.0
/Users/josephkamil/Desktop/Capstone/Oly_Data/raw/clean_and_jerk/v_CleanAndJerk_g17_c01.avi,clean_and_jerk,v_CleanAndJerk_g17_c01.avi,0.26,clean_and_jerk,,yes,,olympic,clean_and_jerk_ucf_g17,train,8eab765a7be88f63c44c18f785c38b8ec465e066f4843659bbd3ca588bc524bc,1.0,8eab765a7be88f63c44c18f785c38b8ec465e066f4843659bbd3ca588bc524bc,88,88,1.0,161.51466369628906,19.410743713378903,107.2761688232422,179.0391845703125,52.928565979003906,159.37371826171875,15.397177696228027,114.50025939941406,178.7826690673828,52.29207611083984,100.65782928466795,74.94757843017578,1.3100225925445557,171.41636657714844,-3.87420654296875,0.0,0.0,0.0,0.0,0.0,0.3184009790420532,0.1609905809164047,0.157097190618515,0.6579816341400146,-0.4948090612888336,0.4974501430988312,0.0627706721425056,0.3920083940029144,0.6181458830833435,0.066607117652893,0.1196052059531211,0.0811984911561012,0.0152476131916046,0.2110759615898132,-0.0101779699325561,0.4204545319080353,1.0,0.3295454680919647,0.9886363744735718,0.6704545617103577,107.2761688232422,114.50025939941406,171.41636657714844,0.0,0.0340909101068973,0.1022727265954017,0.0754174292087555,0.0121288187801837,0.0258919596672058,0.0071421647444367,0.0,0.0,107.2761688232422,143.55775451660156,0.0,0.0,0.0,0.0,0.0,0.0,0.0,0.0,0.0,0.0,0.0,0.0,0.0,0.0,0.0,0.0,0.0,0.0,0.0,0.0,0.0,0.0,0.0,0.0,0.0,0.0
/Users/josephkamil/Desktop/Capstone/Oly_Data/raw/clean_and_jerk/v_CleanAndJerk_g13_c01.avi,clean_and_jerk,v_CleanAndJerk_g13_c01.avi,0.22,snatch,,yes,,olympic,snatch_and_jerk_ucf_g13,test,bba70a9ed8bc1918ab91212833764eec557974b5e7ebbdfb4b622b84dc1a53f2,1.0,bba70a9ed8bc1918ab91212833764eec557974b5e7ebbdfb4b622b84dc1a53f2,81,81,1.0,119.94103240966795,53.90460968017578,3.0875866413116455,179.1436309814453,71.25503540039062,113.70782470703124,57.305816650390625,9.708992004394531,177.54859924316406,126.25267028808594,166.5128936767578,14.707966804504396,91.53103637695312,178.8634796142578,2.82452392578125,0.0,0.0,0.0,0.0,0.0,0.5404360294342041,0.184508666396141,0.2810729742050171,0.7944557666778564,-0.46613609790802,0.6836234331130981,0.0511162914335727,0.5919759273529053,0.7603271007537842,-0.1029789447784423,0.114608496427536,0.0318168550729751,0.0164385270327329,0.1573765128850937,0.0077606067061424,0.4814814925193786,1.0,0.395061731338501,0.9876543283462524,0.604938268661499,3.0875866413116455,9.708992004394531,178.8634796142578,0.0,0.1234567910432815,0.4814814925193786,0.2489490509033203,0.0264378637075424,0.0399927496910095,0.0076986625790596,0.0,0.0,3.0875866413116455,28.91806983947754,0.0,0.0,0.0,0.0,0.0,0.0,0.0,0.0,0.0,0.0,0.0,0.0,0.0,0.0,0.0,0.0,0.0,0.0,0.0,0.0,0.0,0.0,0.0,0.0,0.0,0.0
/Users/josephkamil/Desktop/Capstone/Oly_Data/raw/clean_and_jerk/v_CleanAndJerk_g15_c04.avi,clean_and_jerk,v_CleanAndJerk_g15_c04.avi,0.29,clean_and_jerk,,yes,,olympic,clean_and_jerk_ucf_g15,train,b5ea08f7ed6afd814d541bb0ce84e6dd7cf26d2ba5b5295f2eeb5e0ee1c88da0,1.0,b5ea08f7ed6afd814d541bb0ce84e6dd7cf26d2ba5b5295f2eeb5e0ee1c88da0,111,111,1.0,136.21469116210938,43.44176483154297,55.49774169921875,179.156005859375,72.54608917236328,128.53616333007812,39.19221115112305,56.09967803955078,166.3648223876953,66.02384185791016,165.70811462402344,7.086942672729492,132.04330444335938,178.2887420654297,-14.094757080078123,0.0,0.0,0.0,0.0,0.0,0.3575729429721832,0.2199756503105163,0.1322377324104309,0.782365083694458,-0.6261870861053467,0.5869812369346619,0.0965819656848907,0.4787708520889282,0.7469354867935181,-0.1850311160087585,0.128844067454338,0.028207616880536,0.0423245765268802,0.2098050713539123,-0.0655215829610824,0.6936936974525452,1.0,0.3063063025474548,0.9909909963607788,0.6936936974525452,55.49774169921875,56.09967803955078,178.2887420654297,0.0,0.3963963985443115,0.0990990996360778,0.0423563718795776,0.0079781506210565,0.0656972527503967,0.0073996437713503,1.0,0.0,55.49774169921875,133.4656219482422,0.0,0.0,0.0,0.0,0.0,0.0,0.0,0.0,0.0,0.0,0.0,0.0,0.0,0.0,0.0,0.0,0.0,0.0,0.0,0.0,0.0,0.0,0.0,0.0,0.0,0.0
/Users/josephkamil/Desktop/Capstone/Oly_Data/raw/clean_and_jerk/v_CleanAndJerk_g22_c04.avi,clean_and_jerk,v_CleanAndJerk_g22_c04.avi,0.64,clean_and_jerk,,yes,,olympic,clean_and_jerk_ucf_g22,dev,6e787d3822b78613955254803d50a10a23fab340344031380e5ba3469334847b,1.0,6e787d3822b78613955254803d50a10a23fab340344031380e5ba3469334847b,242,242,1.0,154.20989990234375,34.10963439941406,22.669797897338867,179.5152130126953,51.468048095703125,153.43231201171875,33.022945404052734,19.080286026000977,179.5941162109375,32.004913330078125,93.77535247802734,65.0484848022461,6.50339937210083,179.20498657226562,3.98883056640625,0.0,0.0,0.0,0.0,0.0,0.3615182340145111,0.1889251917600631,0.1101207286119461,0.832973062992096,-0.7108688354492188,0.6155533194541931,0.0573789738118648,0.5373125076293945,0.7625850439071655,-0.1064571738243103,0.1011675372719764,0.0953134223818779,0.0072801201604306,0.2385353296995163,0.0043419301509857,0.8181818127632141,1.0,0.1652892529964447,0.9958677887916564,0.8347107172012329,22.669797897338867,19.080286026000977,179.20498657226562,0.0,0.1983471065759658,0.1983471065759658,0.0497073233127594,0.006177894771099,0.0641987919807434,0.0051183947362005,1.0,0.0,22.669797897338867,132.9692840576172,0.0,0.0,0.0,0.0,0.0,0.0,0.0,0.0,0.0,0.0,0.0,0.0,0.0,0.0,0.0,0.0,0.0,0.0,0.0,0.0,0.0,0.0,0.0,0.0,0.0,0.0
/Users/josephkamil/Desktop/Capstone/Oly_Data/raw/clean_and_jerk/v_CleanAndJerk_g01_c01.avi,clean_and_jerk,v_CleanAndJerk_g01_c01.avi,0.3,clean_and_jerk,,yes,,olympic,clean_and_jerk_ucf_g01,test,03a3f82bb8c3dce94b17b25d14747b3378db9e762f6ddecf9212120d40f9806b,1.0,03a3f82bb8c3dce94b17b25d14747b3378db9e762f6ddecf9212120d40f9806b,100,90,0.9,171.3289794921875,8.480748176574707,135.49652099609375,179.33885192871094,-43.71159362792969,163.02574157714844,9.593504905700684,117.20013427734376,175.14511108398438,-44.16075134277344,110.1270751953125,62.59691619873047,2.6154263019561768,178.91888427734375,6.409332275390625,0.0,0.0,0.0,0.0,0.0,0.3867051899433136,0.1612082421779632,0.1661264449357986,0.7895923852920532,0.2166440486907959,0.5421664118766785,0.0499255321919918,0.4757798612117767,0.702216625213623,0.1835536360740661,0.0933933779597282,0.0607029199600219,0.0037819701246917,0.1901701241731643,-0.0116236507892608,0.422222226858139,1.0,0.1444444507360458,0.6000000238418579,0.4666666686534881,135.49652099609375,117.20013427734376,178.91888427734375,0.0,0.9888888597488404,0.9888888597488404,0.157025933265686,0.0157965365797281,0.032167375087738,0.0051960013806819,0.0,0.0,156.6449737548828,135.49652099609375,0.0,0.0,0.0,0.0,0.0,0.0,0.0,0.0,0.0,0.0,0.0,0.0,0.0,0.0,0.0,0.0,0.0,0.0,0.0,0.0,0.0,0.0,0.0,0.0,0.0,0.0
/Users/josephkamil/Desktop/Capstone/Oly_Data/raw/clean_and_jerk/v_CleanAndJerk_g04_c05.avi,clean_and_jerk,v_CleanAndJerk_g04_c05.avi,0.6,clean_and_jerk,,yes,,olympic,clean_and_jerk_ucf_g04,train,8bb9bef348427fb8412e34d2543bf9c3ee65e5cd6c596b7669ee6f34f4498d2e,1.0,8bb9bef348427fb8412e34d2543bf9c3ee65e5cd6c596b7669ee6f34f4498d2e,237,234,0.9873417721518988,163.08029174804688,35.23385238647461,26.571178436279297,179.27259826660156,5.4956817626953125,157.79855346679688,40.09431076049805,8.559187889099121,179.42555236816406,164.85934448242188,53.577030181884766,62.71357727050781,1.5040305852890017,178.80276489257812,26.86920166015625,0.0,0.0,0.0,0.0,0.0,0.3689532876014709,0.1115536838769912,0.152834340929985,0.7385015487670898,-0.5521407127380371,0.5407938361167908,0.0481464155018329,0.4880587458610534,0.696544885635376,-0.0382589697837829,0.0409357622265815,0.0504828430712223,0.0013810435775667,0.1600774079561233,0.0434608832001686,0.504273533821106,1.0,0.0982905998826026,0.995726466178894,0.9017093777656556,26.571178436279297,8.559187889099121,178.80276489257812,0.0,0.1752136796712875,0.0,0.1060872673988342,0.0074579347856342,0.0356011986732482,0.0037611811421811,0.25,0.0,26.571178436279297,170.95249938964844,0.0,0.0,0.0,0.0,0.0,0.0,0.0,0.0,0.0,0.0,0.0,0.0,0.0,0.0,0.0,0.0,0.0,0.0,0.0,0.0,0.0,0.0,0.0,0.0,0.0,0.0
/Users/josephkamil/Desktop/Capstone/Oly_Data/raw/clean_and_jerk/v_CleanAndJerk_g12_c06.avi,clean_and_jerk,v_CleanAndJerk_g12_c06.avi,0.38,clean_and_jerk,,yes,,olympic,clean_and_jerk_ucf_g12,train,00e2337a35e837a68fd00faaec6070e686c231718fadc01a03373cd8a143d840,1.0,00e2337a35e837a68fd00faaec6070e686c231718fadc01a03373cd8a143d840,151,150,0.9933774834437086,137.15150451660156,48.15999603271485,8.515925407409668,179.3870849609375,10.798675537109377,152.6480255126953,34.27090072631836,52.73539733886719,179.47952270507812,67.4607925415039,90.60923767089844,65.32259368896484,9.079387664794922,178.52093505859375,161.96507263183594,0.0,0.0,0.0,0.0,0.0,0.3781420886516571,0.1327012628316879,0.147838681936264,0.626349687576294,-0.4785110056400299,0.5393868088722229,0.0588997267186641,0.4528706073760986,0.686518132686615,-0.1211102604866027,0.0753379538655281,0.0470624864101409,0.0146103790029883,0.1677909046411514,0.1081226021051406,0.6666666865348816,1.0,0.0,0.993333339691162,1.0,8.515925407409668,52.73539733886719,178.52093505859375,0.0,0.0599999986588954,0.2666666805744171,0.1349460482597351,0.0151068093255162,0.0411586761474609,0.0057810172438621,0.125,0.0,8.515925407409668,117.31990051269533,0.0,0.0,0.0,0.0,0.0,0.0,0.0,0.0,0.0,0.0,0.0,0.0,0.0,0.0,0.0,0.0,0.0,0.0,0.0,0.0,0.0,0.0,0.0,0.0,0.0,0.0
/Users/josephkamil/Desktop/Capstone/Oly_Data/raw/clean_and_jerk/v_CleanAndJerk_g19_c01.avi,clean_and_jerk,v_CleanAndJerk_g19_c01.avi,0.76,clean_and_jerk,,yes,,olympic,clean_and_jerk_ucf_g19,train,080ac19293d3f274343a391057c408f946910d5f10804449f4b9d2693e5ba6f1,1.0,080ac19293d3f274343a391057c408f946910d5f10804449f4b9d2693e5ba6f1,290,289,0.996551724137931,156.6670379638672,26.80913734436035,71.2718276977539,179.45867919921875,43.79768371582031,114.02208709716795,64.93266296386719,0.7824480533599854,179.52197265625,164.49342346191406,121.59245300292967,68.39154815673828,15.197327613830566,179.21307373046875,4.7080230712890625,0.0,0.0,0.0,0.0,0.0,0.5327224731445312,0.2482135593891143,0.1814285516738891,0.8554598093032837,-0.6614852547645569,0.6142004728317261,0.0588681250810623,0.5455440282821655,0.7993093729019165,0.0303896069526672,0.1299949437379837,0.0871749073266983,0.0013872556155547,0.2231577038764953,-0.0115372091531753,0.5674740672111511,1.0,0.4117647111415863,0.9965397715568542,0.5882353186607361,71.2718276977539,0.7824480533599854,179.21307373046875,0.0,0.4636678099632263,0.1280276775360107,0.0532315671443939,0.0055866222828626,0.107906699180603,0.0047093192115426,0.75,0.0,71.2718276977539,141.88937377929688,0.0,0.0,0.0,0.0,0.0,0.0,0.0,0.0,0.0,0.0,0.0,0.0,0.0,0.0,0.0,0.0,0.0,0.0,0.0,0.0,0.0,0.0,0.0,0.0,0.0,0.0
/Users/josephkamil/Desktop/Capstone/Oly_Data/raw/clean_and_jerk/v_CleanAndJerk_g24_c02.avi,clean_and_jerk,v_CleanAndJerk_g24_c02.avi,0.79,clean_and_jerk,,yes,,olympic,clean_and_jerk_ucf_g24,train,c936ce721793753ae8000c7b516a26e6f226be3c5b8d99d05774d2db78b164ca,1.0,c936ce721793753ae8000c7b516a26e6f226be3c5b8d99d05774d2db78b164ca,263,234,0.8897338403041825,149.51654052734375,35.53034591674805,15.14443302154541,179.4694061279297,47.155517578125,142.9531707763672,35.099647521972656,45.70363235473633,177.79290771484375,83.4354019165039,111.40628051757812,58.765899658203125,12.261591911315918,179.14617919921875,3.840164184570313,0.0,0.0,0.0,0.0,0.0,0.4585020840167999,0.1817129105329513,0.2011926174163818,0.8600896000862122,-0.6501197218894958,0.6577344536781311,0.0600896775722503,0.5982339382171631,0.8487877249717712,-0.1199040412902832,0.0974073633551597,0.0774450078606605,0.0132971880957484,0.2092148661613464,-0.0077853500843048,0.5982906222343445,1.0,0.1880341917276382,0.995726466178894,0.811965823173523,15.14443302154541,45.70363235473633,179.14617919921875,0.0,0.2264957278966903,0.2264957278966903,0.1595820188522339,0.007781280670315,0.1540507674217224,0.0057916566729545,0.875,0.0,15.14443302154541,104.95980834960938,0.0,0.0,0.0,0.0,0.0,0.0,0.0,0.0,0.0,0.0,0.0,0.0,0.0,0.0,0.0,0.0,0.0,0.0,0.0,0.0,0.0,0.0,0.0,0.0,0.0,0.0
/Users/josephkamil/Desktop/Capstone/Oly_Data/raw/clean_and_jerk/v_CleanAndJerk_g21_c02.avi,clean_and_jerk,v_CleanAndJerk_g21_c02.avi,0.28,clean_and_jerk,,yes,,olympic,clean_and_jerk_ucf_g21,train,41bf7ddbea17aa565656ab1e7586b280f44c6fd536b5a128cbfe9f0dd8081d2f,1.0,41bf7ddbea17aa565656ab1e7586b280f44c6fd536b5a128cbfe9f0dd8081d2f,95,95,1.0,130.4774169921875,52.44461441040039,1.35060453414917,179.10870361328125,160.5394287109375,137.99053955078125,40.8853759765625,23.629804611206055,179.5038604736328,112.88880920410156,136.3351287841797,40.9836540222168,11.217071533203123,178.39517211914062,-118.21785736083984,0.0,0.0,0.0,0.0,0.0,0.4711325764656067,0.1633608937263488,0.2730720639228821,0.8366870880126953,-0.3239776492118835,0.6730273365974426,0.0715314894914627,0.5868375301361084,0.7910103797912598,-0.1630437970161438,0.1061147153377533,0.0477357022464275,0.0061883623711764,0.2090974003076553,-0.0571524426341056,0.7157894968986511,1.0,0.2842105329036712,0.9894737005233764,0.7157894968986511,1.35060453414917,23.629804611206055,178.39517211914062,0.0,0.0210526324808597,0.0105263162404298,0.1051871180534362,0.01681356318295,0.0582480430603027,0.0077657387591898,0.0,0.0,1.35060453414917,154.77972412109375,0.0,0.0,0.0,0.0,0.0,0.0,0.0,0.0,0.0,0.0,0.0,0.0,0.0,0.0,0.0,0.0,0.0,0.0,0.0,0.0,0.0,0.0,0.0,0.0,0.0,0.0
/Users/josephkamil/Desktop/Capstone/Oly_Data/raw/clean_and_jerk/v_CleanAndJerk_g09_c01.avi,clean_and_jerk,v_CleanAndJerk_g09_c01.avi,0.6,clean_and_jerk,,yes,,olympic,clean_and_jerk_ucf_g09,dev,3ce3b958e642b3025f9cf7c43ff525086b70528d88c87093d706e64e470c246d,1.0,3ce3b958e642b3025f9cf7c43ff525086b70528d88c87093d706e64e470c246d,253,252,0.9960474308300395,165.210693359375,23.64966583251953,20.764341354370117,179.81524658203125,8.716415405273438,148.45582580566406,47.85747528076172,0.3438552618026733,179.14649963378906,28.068527221679688,84.4221420288086,74.1995849609375,2.2902369499206543,179.26698303222656,-10.912353515625,0.0,0.0,0.0,0.0,0.0,0.4752210676670074,0.2057366371154785,0.1492029577493667,0.8796712160110474,-0.646023154258728,0.8838728666305542,0.3373465240001678,0.5198696851730347,1.555099606513977,-0.0675008893013,0.1183978840708732,0.1158858835697174,0.0031910561956465,0.4689111411571502,-0.0098238438367843,0.7023809552192688,1.0,0.1547619104385376,0.9960317611694336,0.8452380895614624,20.764341354370117,0.3438552618026733,179.26698303222656,0.0,0.7817460298538208,0.7539682388305664,0.5070454478263855,0.0148012293502688,0.6216874122619629,0.0132193332538008,0.875,0.0,79.41770935058594,20.764341354370117,0.0,0.0,0.0,0.0,0.0,0.0,0.0,0.0,0.0,0.0,0.0,0.0,0.0,0.0,0.0,0.0,0.0,0.0,0.0,0.0,0.0,0.0,0.0,0.0,0.0,0.0
/Users/josephkamil/Desktop/Capstone/Oly_Data/raw/clean_and_jerk/v_CleanAndJerk_g03_c05.avi,clean_and_jerk,v_CleanAndJerk_g03_c05.avi,0.61,clean_and_jerk,,yes,,olympic,clean_and_jerk_ucf_g03,train,5721fb139b84c411f3b2b6da908cbfb0d7a9dcb11b19711d6c6b249d4beb3d77,1.0,5721fb139b84c411f3b2b6da908cbfb0d7a9dcb11b19711d6c6b249d4beb3d77,238,238,1.0,160.80682373046875,30.177433013916016,37.59263610839844,179.36029052734375,12.049697875976562,155.6657257080078,28.01979637145996,36.034080505371094,174.6836700439453,15.308837890625,95.68902587890624,61.65434265136719,31.20298957824707,179.21273803710938,8.169265747070312,0.0,0.0,0.0,0.0,0.0,0.2456925362348556,0.1355811059474945,0.0985812619328498,0.6270696520805359,-0.3788152635097503,0.5594441294670105,0.0893739908933639,0.3918367028236389,0.8717824220657349,0.1769264340400695,0.0903325900435447,0.0907926112413406,0.0033386750146746,0.2738327085971832,-0.0582586824893951,0.9327731132507324,1.0,0.0504201687872409,0.9957982897758484,0.9495798349380492,37.59263610839844,36.034080505371094,179.21273803710938,0.0,0.0882352963089943,0.0882352963089943,0.1597063243389129,0.0060556004755198,0.1185129284858703,0.0056720674037933,1.0,0.0,37.59263610839844,150.6534423828125,0.0,0.0,0.0,0.0,0.0,0.0,0.0,0.0,0.0,0.0,0.0,0.0,0.0,0.0,0.0,0.0,0.0,0.0,0.0,0.0,0.0,0.0,0.0,0.0,0.0,0.0
/Users/josephkamil/Desktop/Capstone/Oly_Data/raw/clean_and_jerk/v_CleanAndJerk_g07_c05.avi,clean_and_jerk,v_CleanAndJerk_g07_c05.avi,0.5,clean_and_jerk,,yes,,olympic,clean_and_jerk_ucf_g07,train,32053334a27d667bbc37e25726425bbedcb44d772b0abb6712a1226a9964fa3e,1.0,32053334a27d667bbc37e25726425bbedcb44d772b0abb6712a1226a9964fa3e,190,190,1.0,158.54701232910156,27.33680534362793,58.0804328918457,179.36764526367188,14.975082397460938,153.5428009033203,25.408876419067383,67.28654479980469,178.8618927001953,51.44346618652344,87.59615325927734,64.59188079833984,22.991594314575195,179.11643981933594,-2.5168609619140625,0.0,0.0,0.0,0.0,0.0,0.3079039454460144,0.1513678282499313,0.1407071352005005,0.695529043674469,-0.5254685878753662,0.5545551776885986,0.0825874209403991,0.3962274491786957,0.819952666759491,0.0544204711914062,0.0853786766529083,0.0923792719841003,0.0011380069190636,0.2454044669866562,-0.0494411289691925,0.7947368621826172,1.0,0.1421052664518356,0.9947368502616882,0.8578947186470032,58.0804328918457,67.28654479980469,179.11643981933594,0.0,0.1842105239629745,0.2000000029802322,0.0716320574283599,0.008358234539628,0.1219406723976135,0.0072943400591611,1.0,0.0,58.0804328918457,140.3834228515625,0.0,0.0,0.0,0.0,0.0,0.0,0.0,0.0,0.0,0.0,0.0,0.0,0.0,0.0,0.0,0.0,0.0,0.0,0.0,0.0,0.0,0.0,0.0,0.0,0.0,0.0
/Users/josephkamil/Desktop/Capstone/Oly_Data/raw/clean_and_jerk/v_CleanAndJerk_g15_c02.avi,clean_and_jerk,v_CleanAndJerk_g15_c02.avi,0.24,clean_and_jerk,,yes,,olympic,clean_and_jerk_ucf_g15,train,410697c96338ae13787cd05a4edf5dbc055a0e36da70c209267f820b7e3dbc15,1.0,410697c96338ae13787cd05a4edf5dbc055a0e36da70c209267f820b7e3dbc15,83,80,0.963855421686747,171.5175018310547,5.274692058563232,151.7545928955078,179.26278686523438,-7.936065673828125,172.70443725585938,3.092167377471924,165.46975708007812,179.26678466796875,9.015625,141.42259216308594,9.790854454040527,122.13123321533205,165.38491821289062,7.139678955078125,0.0,0.0,0.0,0.0,0.0,0.5617018938064575,0.0105354776605963,0.5230762958526611,0.5802744626998901,0.0249457359313964,0.592343807220459,0.0068954327143728,0.5767064094543457,0.6060703992843628,0.0291290283203125,0.1172526851296424,0.004727273248136,0.0904430970549583,0.1263336390256881,0.0031420066952705,0.0,0.0,1.0,0.0,0.0,151.7545928955078,165.46975708007812,165.38491821289062,0.0,0.9375,0.512499988079071,0.0229544043540954,0.002242483664304,0.0039715766906738,0.0008723509381525,0.0,1.0,168.6715850830078,151.7545928955078,0.0,0.0,0.0,0.0,0.0,0.0,0.0,0.0,0.0,0.0,0.0,0.0,0.0,0.0,0.0,0.0,0.0,0.0,0.0,0.0,0.0,0.0,0.0,0.0,0.0,0.0
/Users/josephkamil/Desktop/Capstone/Oly_Data/raw/clean_and_jerk/v_CleanAndJerk_g21_c01.avi,clean_and_jerk,v_CleanAndJerk_g21_c01.avi,0.31,clean_and_jerk,,yes,,olympic,clean_and_jerk_ucf_g21,train,10b1394d31da81b89a00a642761a92260e71d529612e3e36d9170f4c36d513bc,1.0,10b1394d31da81b89a00a642761a92260e71d529612e3e36d9170f4c36d513bc,101,77,0.7623762376237624,112.48943328857422,54.59123611450195,12.395535469055176,175.74278259277344,145.60475158691406,109.5658721923828,51.26170349121094,17.102760314941406,173.90516662597656,152.2408447265625,149.93820190429688,43.41204833984375,6.204623222351074,179.10064697265625,83.6171646118164,0.0,0.0,0.0,0.0,0.0,0.5484400391578674,0.1121636405587196,0.2844263911247253,0.8190939426422119,-0.3984904885292053,0.6708114743232727,0.0803367123007774,0.5597296953201294,0.781457245349884,-0.1085909605026245,0.0703981891274452,0.0510552898049354,0.0076484722085297,0.2077847272157669,-0.0140636786818504,0.2727272808551788,1.0,0.1038961037993431,0.9610389471054076,0.8701298832893372,12.395535469055176,17.102760314941406,179.10064697265625,0.0,0.129870131611824,0.0,0.1860451102256775,0.0599320754408836,0.1575108170509338,0.0092048626393079,0.125,0.0,12.395535469055176,110.23523712158205,0.0,0.0,0.0,0.0,0.0,0.0,0.0,0.0,0.0,0.0,0.0,0.0,0.0,0.0,0.0,0.0,0.0,0.0,0.0,0.0,0.0,0.0,0.0,0.0,0.0,0.0
/Users/josephkamil/Desktop/Capstone/Oly_Data/raw/clean_and_jerk/v_CleanAndJerk_g14_c04.avi,clean_and_jerk,v_CleanAndJerk_g14_c04.avi,0.89,clean_and_jerk,,yes,,olympic,clean_and_jerk_ucf_g14,train,7c2bd4808a02317c4813a7fd05b12934f815af9160e9aaadd59d7d813dcd99e1,1.0,7c2bd4808a02317c4813a7fd05b12934f815af9160e9aaadd59d7d813dcd99e1,345,323,0.936231884057971,155.01844787597656,29.35157585144043,39.388973236083984,178.71234130859375,83.98758697509766,151.0598907470703,25.509756088256836,57.195682525634766,179.181640625,68.02021026611328,75.33499145507812,59.97803497314453,1.971627116203308,178.92518615722656,8.835235595703125,0.0,0.0,0.0,0.0,0.0,0.4286195337772369,0.0745064690709114,0.2502298355102539,0.6502848267555237,-0.3946300745010376,0.5663787722587585,0.0398546680808067,0.5334078073501587,0.7161158323287964,-0.0624095201492309,0.0460899882018566,0.0363230258226394,0.0014072478516027,0.1505516022443771,0.0428641811013221,0.5789473652839661,1.0,0.0866873040795326,0.9969040155410768,0.9133126735687256,39.388973236083984,57.195682525634766,178.92518615722656,0.0,0.0681114569306373,0.0681114569306373,0.1819981336593628,0.0152065875008702,0.1161544322967529,0.0028461285401135,0.25,0.0,39.388973236083984,106.07035064697266,0.0,0.0,0.0,0.0,0.0,0.0,0.0,0.0,0.0,0.0,0.0,0.0,0.0,0.0,0.0,0.0,0.0,0.0,0.0,0.0,0.0,0.0,0.0,0.0,0.0,0.0
/Users/josephkamil/Desktop/Capstone/Oly_Data/raw/clean_and_jerk/v_CleanAndJerk_g05_c04.avi,clean_and_jerk,v_CleanAndJerk_g05_c04.avi,0.57,clean_and_jerk,,yes,,olympic,clean_and_jerk_ucf_g05,train,cf3edd601d799766bad9026807a005aef19e8b5b0ef16c90376c78aa018b2ea1,1.0,cf3edd601d799766bad9026807a005aef19e8b5b0ef16c90376c78aa018b2ea1,206,206,1.0,150.4576873779297,36.49102783203125,46.03086471557617,179.3441925048828,43.09162902832031,145.6851806640625,32.22737121582031,54.4254150390625,174.89630126953125,55.518775939941406,100.5213394165039,60.08009719848633,21.68080139160156,179.02346801757812,-3.0872802734375,0.0,0.0,0.0,0.0,0.0,0.5212224125862122,0.1266351789236068,0.311498761177063,0.8341377973556519,-0.5192279815673828,0.6904551386833191,0.0513058640062809,0.6114284992218018,0.8221390843391418,-0.0863654017448425,0.0679511204361915,0.0584644749760627,0.0040689636953175,0.1832492798566818,-0.0083063691854476,0.8058252334594727,1.0,0.1601941734552383,0.995145618915558,0.8398058414459229,46.03086471557617,54.4254150390625,179.02346801757812,0.0,0.2038834989070892,0.2475728094577789,0.0458501577377319,0.0063844947144389,0.0659641623497009,0.0050429552793502,1.0,0.0,46.03086471557617,123.3408203125,0.0,0.0,0.0,0.0,0.0,0.0,0.0,0.0,0.0,0.0,0.0,0.0,0.0,0.0,0.0,0.0,0.0,0.0,0.0,0.0,0.0,0.0,0.0,0.0,0.0,0.0
/Users/josephkamil/Desktop/Capstone/Oly_Data/raw/clean_and_jerk/v_CleanAndJerk_g20_c02.avi,clean_and_jerk,v_CleanAndJerk_g20_c02.avi,0.74,clean_and_jerk,,yes,,olympic,clean_and_jerk_ucf_g20,train,0eddc0e1f03e03ac727c924e96a4ef292598fc54b985fc0b1a6a2f5b3b694160,1.0,0eddc0e1f03e03ac727c924e96a4ef292598fc54b985fc0b1a6a2f5b3b694160,282,145,0.5141843971631206,161.14125061035156,13.361896514892578,109.33441162109376,178.83551025390625,54.50830078125,166.2825469970703,9.554262161254885,130.76039123535156,179.40357971191406,41.15150451660156,133.8791961669922,52.20692443847656,1.551219463348389,179.07861328125,-18.265426635742188,0.0,0.0,0.0,0.0,0.0,0.3755286931991577,0.1179478913545608,0.2052595317363739,0.681390643119812,-0.4565025866031647,0.5690364241600037,0.0312259271740913,0.5107301473617554,0.6436923742294312,-0.0491822361946105,0.1007369384169578,0.050389539450407,0.0048659341409802,0.1903491616249084,-0.0444076657295227,0.7034482955932617,1.0,0.1931034475564956,0.9931034445762634,0.8068965673446655,109.33441162109376,130.76039123535156,179.07861328125,0.0,0.951724112033844,0.0,0.1892512440681457,0.0182746015489101,0.0360772609710693,0.0034810863435268,1.0,0.0,122.54290771484376,109.33441162109376,0.0,0.0,0.0,0.0,0.0,0.0,0.0,0.0,0.0,0.0,0.0,0.0,0.0,0.0,0.0,0.0,0.0,0.0,0.0,0.0,0.0,0.0,0.0,0.0,0.0,0.0
/Users/josephkamil/Desktop/Capstone/Oly_Data/raw/clean_and_jerk/v_CleanAndJerk_g19_c02.avi,clean_and_jerk,v_CleanAndJerk_g19_c02.avi,0.59,clean_and_jerk,,yes,,olympic,clean_and_jerk_ucf_g19,train,2e9d7ecd3e034ed34e442f2b5edf2f7a320db4ad1cd0eec5c630d7ecb8432db7,1.0,2e9d7ecd3e034ed34e442f2b5edf2f7a320db4ad1cd0eec5c630d7ecb8432db7,229,229,1.0,154.8690948486328,30.943443298339844,53.43073654174805,179.31765747070312,59.03528594970703,147.0895538330078,26.71760368347168,67.15167236328125,170.0574188232422,56.37125396728515,103.8718032836914,65.63603210449219,4.896860122680664,179.05264282226562,10.363632202148438,0.0,0.0,0.0,0.0,0.0,0.4897705018520355,0.1662036478519439,0.2648112773895263,0.8294480443000793,-0.5535408854484558,0.6869251132011414,0.047239039093256,0.6064948439598083,0.8222606778144836,-0.0640218257904052,0.0876847803592681,0.07728873193264,0.0004953955649398,0.1985097080469131,-0.0206100493669509,0.7685589790344238,1.0,0.2096069902181625,0.9956331849098206,0.7903929948806763,53.43073654174805,67.15167236328125,179.05264282226562,0.0,0.2489082962274551,0.2489082962274551,0.0414755344390869,0.0054211844690144,0.0494716167449951,0.0046312669292092,1.0,0.0,53.43073654174805,149.94676208496094,0.0,0.0,0.0,0.0,0.0,0.0,0.0,0.0,0.0,0.0,0.0,0.0,0.0,0.0,0.0,0.0,0.0,0.0,0.0,0.0,0.0,0.0,0.0,0.0,0.0,0.0
/Users/josephkamil/Desktop/Capstone/Oly_Data/raw/clean_and_jerk/v_CleanAndJerk_g18_c02.avi,clean_and_jerk,v_CleanAndJerk_g18_c02.avi,0.63,clean_and_jerk,,yes,,olympic,clean_and_jerk_ucf_g18,train,883a0aaab2e75e21e8effff8c1494d4c4165ff2d2b08c9eaf3c9466eb68cd063,1.0,883a0aaab2e75e21e8effff8c1494d4c4165ff2d2b08c9eaf3c9466eb68cd063,245,245,1.0,157.085205078125,32.96413803100586,32.704627990722656,179.21531677246094,44.68310546875,152.2826690673828,31.12421989440918,40.40663146972656,177.85145568847656,50.78590393066406,80.07369232177734,71.2663803100586,11.955942153930664,178.2384033203125,-6.1843719482421875,0.0,0.0,0.0,0.0,0.0,0.3183218240737915,0.1589622795581817,0.1200922280550003,0.6491439342498779,-0.5287474989891052,0.5540065169334412,0.0856963172554969,0.4316199421882629,0.8271421194076538,0.0100275874137878,0.0959503948688507,0.0949325934052467,0.0009681496303528,0.2449126541614532,-0.0408502966165542,0.8285714387893677,1.0,0.1632653027772903,0.9959183931350708,0.8367347121238708,32.704627990722656,40.40663146972656,178.2384033203125,0.0,0.1877551078796386,0.1877551078796386,0.0530538260936737,0.005233287345618,0.1124425828456878,0.0053880084306001,1.0,0.0,32.704627990722656,147.3135528564453,0.0,0.0,0.0,0.0,0.0,0.0,0.0,0.0,0.0,0.0,0.0,0.0,0.0,0.0,0.0,0.0,0.0,0.0,0.0,0.0,0.0,0.0,0.0,0.0,0.0,0.0
/Users/josephkamil/Desktop/Capstone/Oly_Data/raw/clean_and_jerk/v_CleanAndJerk_g04_c02.avi,clean_and_jerk,v_CleanAndJerk_g04_c02.avi,0.6,clean_and_jerk,,yes,,olympic,clean_and_jerk_ucf_g04,train,845b5cef0be850e1cb64a03dda5aa0816da2b0b165bfa964113a7bd85d6bc785,1.0,845b5cef0be850e1cb64a03dda5aa0816da2b0b165bfa964113a7bd85d6bc785,237,237,1.0,165.5695037841797,35.54251480102539,21.29029083251953,179.33717346191406,16.618270874023438,161.82113647460938,32.020530700683594,24.753849029541016,179.44712829589844,24.66180419921875,52.870880126953125,65.26019287109375,1.4353684186935425,178.6656036376953,-0.5825653076171875,0.0,0.0,0.0,0.0,0.0,0.3869264423847198,0.1159295663237571,0.162175565958023,0.6921343803405762,-0.5038073062896729,0.5419575572013855,0.0513827353715896,0.4887799620628357,0.702995240688324,-0.0930027961730957,0.0408584773540496,0.0517624467611312,0.0023860801011323,0.1667660176753997,0.0215476900339126,0.594936728477478,1.0,0.1181434616446495,0.99578058719635,0.8818565607070923,21.29029083251953,24.753849029541016,178.6656036376953,0.0,0.1856540143489837,0.1898734122514724,0.0703418850898742,0.0071793566457927,0.0320164561271667,0.0038026724942028,0.5,0.0,21.29029083251953,167.82530212402344,0.0,0.0,0.0,0.0,0.0,0.0,0.0,0.0,0.0,0.0,0.0,0.0,0.0,0.0,0.0,0.0,0.0,0.0,0.0,0.0,0.0,0.0,0.0,0.0,0.0,0.0
/Users/josephkamil/Desktop/Capstone/Oly_Data/raw/clean_and_jerk/v_CleanAndJerk_g07_c04.avi,clean_and_jerk,v_CleanAndJerk_g07_c04.avi,0.74,clean_and_jerk,,yes,,olympic,clean_and_jerk_ucf_g07,train,e7dd0843d07f78a2d02af4d89480147d014f4a27893df4b8aedbc126469a9795,1.0,e7dd0843d07f78a2d02af4d89480147d014f4a27893df4b8aedbc126469a9795,285,285,1.0,155.3005828857422,32.66327667236328,37.5063591003418,177.29144287109375,29.534683227539062,154.2712860107422,26.914772033691406,39.0693473815918,176.4501495361328,41.17634582519531,88.26683044433594,60.59966278076172,2.485250473022461,179.27220153808594,9.9423828125,0.0,0.0,0.0,0.0,0.0,0.2752760946750641,0.1347371935844421,0.0926328003406524,0.6669691205024719,-0.5720034241676331,0.55170077085495,0.0725380852818489,0.4363839030265808,0.8171356916427612,0.0241271257400512,0.0729281231760978,0.0981535017490387,0.0002269736141897,0.2636217474937439,-0.041486382484436,0.7929824590682983,1.0,0.0947368443012237,0.9964912533760072,0.9052631855010986,37.5063591003418,39.0693473815918,179.27220153808594,0.0,0.1192982420325279,0.1333333402872085,0.0820211172103881,0.0052951243706047,0.1112399101257324,0.004556206986308,0.5,0.0,37.5063591003418,82.20669555664062,0.0,0.0,0.0,0.0,0.0,0.0,0.0,0.0,0.0,0.0,0.0,0.0,0.0,0.0,0.0,0.0,0.0,0.0,0.0,0.0,0.0,0.0,0.0,0.0,0.0,0.0
/Users/josephkamil/Desktop/Capstone/Oly_Data/raw/clean_and_jerk/v_CleanAndJerk_g11_c02.avi,clean_and_jerk,v_CleanAndJerk_g11_c02.avi,0.77,clean_and_jerk,,yes,,olympic,clean_and_jerk_ucf_g11,test,c598c39241163dd47a13c8224eac30db3291a90d967e7973d64387830b9c9338,1.0,c598c39241163dd47a13c8224eac30db3291a90d967e7973d64387830b9c9338,302,302,1.0,156.3581085205078,37.15081787109375,20.15275001525879,179.3960418701172,63.64673614501953,152.61923217773438,32.465850830078125,30.737157821655273,179.51954650878906,40.993064880371094,72.26942443847656,58.60869216918945,21.580127716064453,179.30364990234375,19.997573852539062,0.0,0.0,0.0,0.0,0.0,0.3177004158496856,0.1294404417276382,0.1669088900089264,0.6024670600891113,-0.4183095693588257,0.5370759963989258,0.0794004276394844,0.3928297460079193,0.8102145791053772,0.0525786578655242,0.0633120089769363,0.0830680876970291,0.000990163302049,0.245154857635498,-0.0559132695198059,0.8211920261383057,1.0,0.1589404046535492,0.996688723564148,0.8410596251487732,20.15275001525879,30.737157821655273,179.30364990234375,0.0,0.0298013240098953,0.0264900662004947,0.0467669367790222,0.0047758617438375,0.0637250840663909,0.0052747717127203,0.0,0.0,20.15275001525879,159.94964599609375,0.0,0.0,0.0,0.0,0.0,0.0,0.0,0.0,0.0,0.0,0.0,0.0,0.0,0.0,0.0,0.0,0.0,0.0,0.0,0.0,0.0,0.0,0.0,0.0,0.0,0.0
/Users/josephkamil/Desktop/Capstone/Oly_Data/raw/clean_and_jerk/v_CleanAndJerk_g03_c02.avi,clean_and_jerk,v_CleanAndJerk_g03_c02.avi,0.68,clean_and_jerk,,yes,,olympic,clean_and_jerk_ucf_g03,train,2bf98f18cce8a5838fc985d1219a6952da2fe79c5c6a8aa86c3adc44d55bd456,1.0,2bf98f18cce8a5838fc985d1219a6952da2fe79c5c6a8aa86c3adc44d55bd456,254,254,1.0,155.4364471435547,34.2025260925293,37.23065185546875,179.40113830566406,81.16004943847656,149.05514526367188,29.91354179382324,47.75311279296875,170.31752014160156,80.37884521484375,66.15672302246094,58.179447174072266,23.502819061279297,171.60072326660156,27.743988037109375,0.0,0.0,0.0,0.0,0.0,0.3100477755069732,0.170660451054573,0.1101691573858261,0.6983219385147095,-0.5878197550773621,0.543339192867279,0.0854904428124427,0.4192728996276855,0.8481374382972717,-0.0815987586975097,0.073881559073925,0.0904564708471298,0.0015862071886658,0.2609720826148987,0.0135162621736526,0.7244094610214233,1.0,0.1811023652553558,0.996062994003296,0.8188976645469666,37.23065185546875,47.75311279296875,171.60072326660156,0.0,0.2086614221334457,0.2086614221334457,0.0501799285411834,0.0060921609401702,0.0642840266227722,0.0057497969828546,0.25,0.0,37.23065185546875,150.41294860839844,0.0,0.0,0.0,0.0,0.0,0.0,0.0,0.0,0.0,0.0,0.0,0.0,0.0,0.0,0.0,0.0,0.0,0.0,0.0,0.0,0.0,0.0,0.0,0.0,0.0,0.0
/Users/josephkamil/Desktop/Capstone/Oly_Data/raw/clean_and_jerk/v_CleanAndJerk_g08_c02.avi,clean_and_jerk,v_CleanAndJerk_g08_c02.avi,0.29,clean_and_jerk,,yes,,olympic,clean_and_jerk_ucf_g08,train,9700ae8bcb6f8a644935815d08f8162aa27ef24cb52e6811cfe126af317e2dc3,1.0,9700ae8bcb6f8a644935815d08f8162aa27ef24cb52e6811cfe126af317e2dc3,107,96,0.897196261682243,139.7993621826172,38.949893951416016,34.2755126953125,179.19189453125,3.57696533203125,139.06712341308594,39.65180587768555,45.66105270385742,179.44381713867188,41.77937316894531,113.14935302734376,59.06575012207031,2.8241429328918457,178.6374053955078,1.347991943359375,0.0,0.0,0.0,0.0,0.0,0.4948980510234833,0.1138052642345428,0.3464758992195129,0.7550278902053833,-0.2402684390544891,0.6391491889953613,0.0588400363922119,0.5455775856971741,0.7746639251708984,-0.0470891594886779,0.0671959146857261,0.0415166020393371,0.0064766970463097,0.145669400691986,-0.0527041107416152,0.5729166865348816,1.0,0.25,0.9791666865348816,0.7395833134651184,34.2755126953125,45.66105270385742,178.6374053955078,0.0,0.3645833432674408,0.09375,0.1204297244548797,0.0188547745347023,0.0643242597579956,0.0100014070048928,1.0,0.0,34.2755126953125,112.49713134765624,0.0,0.0,0.0,0.0,0.0,0.0,0.0,0.0,0.0,0.0,0.0,0.0,0.0,0.0,0.0,0.0,0.0,0.0,0.0,0.0,0.0,0.0,0.0,0.0,0.0,0.0
/Users/josephkamil/Desktop/Capstone/Oly_Data/raw/clean_and_jerk/v_CleanAndJerk_g13_c02.avi,clean_and_jerk,v_CleanAndJerk_g13_c02.avi,0.28,clean_and_jerk,,yes,,olympic,clean_and_jerk_ucf_g13,test,dabd3af43dbff593e8eeab9dc2da2b8c7d2729a9d691f120d8f6882640eb1d2a,1.0,dabd3af43dbff593e8eeab9dc2da2b8c7d2729a9d691f120d8f6882640eb1d2a,103,103,1.0,154.7799530029297,28.794404983520508,33.98652648925781,179.42514038085938,34.301605224609375,136.6764373779297,46.70831680297851,8.917966842651367,178.54776000976562,47.17347717285156,168.72755432128906,22.385417938232425,10.503009796142578,179.01409912109375,-3.0645904541015625,0.0,0.0,0.0,0.0,0.0,0.4094722270965576,0.1691408157348632,0.1720054596662521,0.6543827056884766,-0.3792175054550171,0.5839418768882751,0.0439570136368274,0.4866589307785034,0.6592511534690857,0.0464013814926147,0.1254594773054123,0.028703860938549,0.011180100031197,0.161963939666748,-0.016027420759201,0.5631067752838135,1.0,0.3980582654476166,0.9902912378311156,0.6019417643547058,33.98652648925781,8.917966842651367,179.01409912109375,0.0,0.029126213863492,0.4854368865489959,0.2326315641403198,0.0139999724924564,0.0420671999454498,0.0072910096496343,0.0,0.0,33.98652648925781,97.85350036621094,0.0,0.0,0.0,0.0,0.0,0.0,0.0,0.0,0.0,0.0,0.0,0.0,0.0,0.0,0.0,0.0,0.0,0.0,0.0,0.0,0.0,0.0,0.0,0.0,0.0,0.0
/Users/josephkamil/Desktop/Capstone/Oly_Data/raw/clean_and_jerk/v_CleanAndJerk_g14_c06.avi,clean_and_jerk,v_CleanAndJerk_g14_c06.avi,0.61,clean_and_jerk,,yes,,olympic,clean_and_jerk_ucf_g14,train,dfe71f79a13625422f66adee063de4087fd54cc9426624e37f2a7e161145e39d,1.0,dfe71f79a13625422f66adee063de4087fd54cc9426624e37f2a7e161145e39d,226,180,0.7964601769911505,167.87757873535156,17.46017837524414,70.1323471069336,179.17349243164062,103.19206237792967,162.27149963378906,36.43143081665039,1.8755178451538088,178.84251403808594,160.647216796875,123.89152526855467,42.15740966796875,39.74769592285156,178.59780883789062,90.0966567993164,0.0,0.0,0.0,0.0,0.0,0.4088703989982605,0.0868376493453979,0.3003910183906555,0.7219945192337036,-0.3870854377746582,0.5633429288864136,0.0251539833843708,0.4336057901382446,0.6130298972129822,0.0386173129081726,0.0660979002714157,0.0391246899962425,0.0062756449915468,0.1858615428209304,0.0381195321679115,0.894444465637207,1.0,0.0444444455206394,0.9944444298744202,0.9555555582046508,70.1323471069336,1.8755178451538088,178.59780883789062,0.0,0.050000000745058,0.0388888902962207,0.1179921627044677,0.0075058005750179,0.1284976601600647,0.004437465686351,0.25,0.0,70.1323471069336,128.9923858642578,0.0,0.0,0.0,0.0,0.0,0.0,0.0,0.0,0.0,0.0,0.0,0.0,0.0,0.0,0.0,0.0,0.0,0.0,0.0,0.0,0.0,0.0,0.0,0.0,0.0,0.0
/Users/josephkamil/Desktop/Capstone/Oly_Data/raw/clean_and_jerk/v_CleanAndJerk_g07_c02.avi,clean_and_jerk,v_CleanAndJerk_g07_c02.avi,0.79,clean_and_jerk,,yes,,olympic,clean_and_jerk_ucf_g07,train,a62d93848e77d1d0562afb031fbb311d441784d8eaeb725f6c35c49d2170e683,1.0,a62d93848e77d1d0562afb031fbb311d441784d8eaeb725f6c35c49d2170e683,304,304,1.0,158.4749755859375,30.21599578857422,36.81242370605469,178.0223846435547,15.063034057617188,157.08567810058594,25.13387107849121,38.41619491577149,174.0210723876953,24.889175415039062,89.67526245117188,59.868194580078125,3.3270466327667236,178.86614990234375,8.896408081054688,0.0,0.0,0.0,0.0,0.0,0.2668004333972931,0.1204344481229782,0.1103406250476837,0.6112563014030457,-0.4889184832572937,0.563327968120575,0.0737176463007927,0.4096488356590271,0.8442978262901306,0.1043809056282043,0.074604719877243,0.0978096947073936,0.0004167183069512,0.2701327204704284,-0.0350439250469207,0.7368420958518982,1.0,0.0657894760370254,0.9967105388641356,0.9342105388641356,36.81242370605469,38.41619491577149,178.86614990234375,0.0,0.0888157859444618,0.0921052619814872,0.0627089142799377,0.0050910906866192,0.1065749824047088,0.0044951532036066,0.75,0.0,36.81242370605469,78.989013671875,0.0,0.0,0.0,0.0,0.0,0.0,0.0,0.0,0.0,0.0,0.0,0.0,0.0,0.0,0.0,0.0,0.0,0.0,0.0,0.0,0.0,0.0,0.0,0.0,0.0,0.0
/Users/josephkamil/Desktop/Capstone/Oly_Data/raw/clean_and_jerk/v_CleanAndJerk_g18_c04.avi,clean_and_jerk,v_CleanAndJerk_g18_c04.avi,0.59,clean_and_jerk,,yes,,olympic,clean_and_jerk_ucf_g18,train,7ce3bebfe4bf0b40d64e279571a5484c66715bd562ad84a0324f839dabb3f2f7,1.0,7ce3bebfe4bf0b40d64e279571a5484c66715bd562ad84a0324f839dabb3f2f7,227,227,1.0,159.8629150390625,37.177005767822266,21.292736053466797,179.30450439453125,10.736068725585938,153.58590698242188,36.28912353515625,17.332866668701172,170.684814453125,21.611892700195312,70.86591339111328,67.45941162109375,10.407267570495604,175.7493133544922,-2.2823486328125,0.0,0.0,0.0,0.0,0.0,0.3019238114356994,0.1356530636548996,0.1428092420101165,0.6414080858230591,-0.4669297337532043,0.5513221025466919,0.0861664339900016,0.3906281590461731,0.814246416091919,0.0636268258094787,0.0792185738682746,0.0887058451771736,0.0010448246030136,0.2633771598339081,-0.0736597925424575,0.8281938433647156,1.0,0.123348020017147,0.9955947399139404,0.8766520023345947,21.292736053466797,17.332866668701172,175.7493133544922,0.0,0.1585903018712997,0.1585903018712997,0.0419977307319641,0.0060488418675959,0.0696279406547546,0.0056672184728085,1.0,0.0,21.292736053466797,146.14736938476562,0.0,0.0,0.0,0.0,0.0,0.0,0.0,0.0,0.0,0.0,0.0,0.0,0.0,0.0,0.0,0.0,0.0,0.0,0.0,0.0,0.0,0.0,0.0,0.0,0.0,0.0
/Users/josephkamil/Desktop/Capstone/Oly_Data/raw/clean_and_jerk/v_CleanAndJerk_g02_c02.avi,clean_and_jerk,v_CleanAndJerk_g02_c02.avi,0.64,clean_and_jerk,,yes,,olympic,clean_and_jerk_ucf_g02,train,18212e92700f1ab5def2eabbb47f861b2530bca2467e04dd4cc0582a3ee4fdd1,1.0,18212e92700f1ab5def2eabbb47f861b2530bca2467e04dd4cc0582a3ee4fdd1,245,245,1.0,163.6311798095703,25.500503540039062,48.562705993652344,179.31996154785156,47.48701477050781,157.653564453125,23.573471069335938,51.594581604003906,178.66554260253906,50.77558135986328,85.89413452148438,66.33694458007812,2.0005743503570557,179.08316040039062,-1.800048828125,0.0,0.0,0.0,0.0,0.0,0.4122407734394073,0.0975829884409904,0.2139079123735427,0.7134078741073608,-0.4853102564811706,0.5822616219520569,0.047093715518713,0.491757869720459,0.6899253129959106,-0.1012845039367675,0.0629478991031646,0.0614317432045936,0.0010976104531437,0.1859124153852462,-0.048256441950798,0.3469387888908386,1.0,0.1387755125761032,0.9959183931350708,0.8612244725227356,48.562705993652344,51.594581604003906,179.08316040039062,0.0,0.1551020443439483,0.1551020443439483,0.0501563549041748,0.0054697603918612,0.0367558598518371,0.0041003949008882,0.625,0.0,48.562705993652344,151.42835998535156,0.0,0.0,0.0,0.0,0.0,0.0,0.0,0.0,0.0,0.0,0.0,0.0,0.0,0.0,0.0,0.0,0.0,0.0,0.0,0.0,0.0,0.0,0.0,0.0,0.0,0.0
/Users/josephkamil/Desktop/Capstone/Oly_Data/raw/clean_and_jerk/v_CleanAndJerk_g25_c02.avi,clean_and_jerk,v_CleanAndJerk_g25_c02.avi,0.47,clean_and_jerk,,yes,,olympic,clean_and_jerk_ucf_g25,dev,e1c9ae7139b22718c7d45247044f4da97dd41d4cd3ba59fda243cd1d94e31d76,1.0,e1c9ae7139b22718c7d45247044f4da97dd41d4cd3ba59fda243cd1d94e31d76,193,193,1.0,153.81690979003906,41.963592529296875,1.295934557914734,179.32151794433594,-2.420135498046875,154.1156005859375,38.36187744140625,3.03015661239624,179.1264190673828,20.16461181640625,114.85449981689452,57.1096305847168,2.938605546951294,178.96893310546875,4.89361572265625,0.0,0.0,0.0,0.0,0.0,0.4470584988594055,0.1118303835391998,0.2697360515594482,0.6979541778564453,-0.4000687599182129,0.5986705422401428,0.0430837832391262,0.5030319094657898,0.7140495777130127,0.0012179613113403,0.0673293843865394,0.0591641776263713,0.0015799462562426,0.1665405333042144,-0.0348040014505386,0.7564767003059387,1.0,0.2072538882493972,0.99481862783432,0.7927461266517639,1.295934557914734,3.03015661239624,178.96893310546875,0.0,0.2590673565864563,0.24870465695858,0.0409467220306396,0.0063990503549575,0.040734052658081,0.0047589750029146,0.75,0.0,1.295934557914734,152.20867919921875,0.0,0.0,0.0,0.0,0.0,0.0,0.0,0.0,0.0,0.0,0.0,0.0,0.0,0.0,0.0,0.0,0.0,0.0,0.0,0.0,0.0,0.0,0.0,0.0,0.0,0.0
/Users/josephkamil/Desktop/Capstone/Oly_Data/raw/clean_and_jerk/v_CleanAndJerk_g16_c02.avi,clean_and_jerk,v_CleanAndJerk_g16_c02.avi,0.3,clean_and_jerk,,yes,,olympic,clean_and_jerk_ucf_g16,test,110a5ff7800167cf3e26a1960e1b1a26c98a811edebffd756de58d6935ac348d,1.0,110a5ff7800167cf3e26a1960e1b1a26c98a811edebffd756de58d6935ac348d,102,102,1.0,169.0946044921875,17.022531509399414,77.83329772949219,179.4274139404297,3.0787506103515625,166.8166961669922,17.575698852539062,73.4013900756836,179.23898315429688,-2.9899139404296875,81.24146270751953,73.9680404663086,1.4589741230010986,175.62469482421875,16.172027587890625,0.0,0.0,0.0,0.0,0.0,0.3800512552261352,0.1870613247156143,0.0974114686250686,0.7959203720092773,-0.6985089182853699,0.6072692275047302,0.052837710827589,0.5480016469955444,0.7643539905548096,-0.1407768726348877,0.1119260340929031,0.0800614804029464,0.0105445273220539,0.2188286483287811,0.0113894045352935,0.6470588445663452,1.0,0.2549019753932953,0.9901960492134094,0.7450980544090271,77.83329772949219,73.4013900756836,175.62469482421875,0.0,0.2745098173618316,0.2745098173618316,0.0877860188484191,0.0119845112785696,0.03590989112854,0.0084284050390124,0.625,0.0,77.83329772949219,153.34564208984375,0.0,0.0,0.0,0.0,0.0,0.0,0.0,0.0,0.0,0.0,0.0,0.0,0.0,0.0,0.0,0.0,0.0,0.0,0.0,0.0,0.0,0.0,0.0,0.0,0.0,0.0
/Users/josephkamil/Desktop/Capstone/Oly_Data/raw/clean_and_jerk/v_CleanAndJerk_g09_c04.avi,clean_and_jerk,v_CleanAndJerk_g09_c04.avi,0.57,clean_and_jerk,,yes,,olympic,clean_and_jerk_ucf_g09,dev,b9b517517550b3d041b2ce51a0ef54ce06a44397157a91e5ebbe4744f707a9be,1.0,b9b517517550b3d041b2ce51a0ef54ce06a44397157a91e5ebbe4744f707a9be,232,231,0.9956896551724138,162.764404296875,29.045433044433594,9.229336738586426,179.823486328125,30.152786254882812,132.42404174804688,61.79573059082031,3.1064047813415527,178.65614318847656,38.683074951171875,74.32711791992188,70.87612915039062,0.5173631906509399,179.49636840820312,-3.392547607421875,0.0,0.0,0.0,0.0,0.0,0.5489679574966431,0.162711352109909,0.1794359683990478,0.9307064414024352,-0.555533766746521,1.0309096574783323,0.3984820544719696,0.4664151072502136,1.648088812828064,-0.0043065547943115,0.1231186166405677,0.1383029371500015,0.0017680278979241,0.4682852327823639,-0.1016559451818466,0.6103895902633667,1.0,0.129870131611824,0.9956709742546082,0.8701298832893372,9.229336738586426,3.1064047813415527,179.49636840820312,0.0,0.9047619104385376,0.8917748928070068,0.4814269542694092,0.025017911568284,0.5618025064468384,0.0166797433048486,1.0,0.0,76.56673431396484,9.229336738586426,0.0,0.0,0.0,0.0,0.0,0.0,0.0,0.0,0.0,0.0,0.0,0.0,0.0,0.0,0.0,0.0,0.0,0.0,0.0,0.0,0.0,0.0,0.0,0.0,0.0,0.0
/Users/josephkamil/Desktop/Capstone/Oly_Data/raw/clean_and_jerk/v_CleanAndJerk_g08_c04.avi,clean_and_jerk,v_CleanAndJerk_g08_c04.avi,0.75,clean_and_jerk,,yes,,olympic,clean_and_jerk_ucf_g08,train,d12d30c161f08f9feec0d41c480febc8c9d627fb45fa3e93f93a54282496cde9,1.0,d12d30c161f08f9feec0d41c480febc8c9d627fb45fa3e93f93a54282496cde9,278,270,0.9712230215827338,144.32247924804688,33.95369338989258,29.53445816040039,179.33001708984375,39.613311767578125,158.85948181152344,32.03068923950195,53.9185905456543,179.5825958251953,92.05755615234376,91.9275360107422,59.57438278198242,2.238213539123535,179.1248016357422,-30.794387817382812,0.0,0.0,0.0,0.0,0.0,0.3185903429985046,0.133488193154335,0.1758558899164199,0.7037106156349182,-0.5113399624824524,0.5553960800170898,0.0892559364438057,0.4022191166877746,0.7311536073684692,0.12577486038208,0.1016586199402809,0.084936037659645,0.0035474419128149,0.2382368892431259,-0.0304182767868042,0.6555555462837219,1.0,0.1629629582166671,0.9962962865829468,0.8370370268821716,29.53445816040039,53.9185905456543,179.1248016357422,0.0,0.1666666716337204,0.1666666716337204,0.1395612955093383,0.0122249955311417,0.0764362514019012,0.0070386668667197,0.125,0.0,29.53445816040039,43.095706939697266,0.0,0.0,0.0,0.0,0.0,0.0,0.0,0.0,0.0,0.0,0.0,0.0,0.0,0.0,0.0,0.0,0.0,0.0,0.0,0.0,0.0,0.0,0.0,0.0,0.0,0.0
/Users/josephkamil/Desktop/Capstone/Oly_Data/raw/clean_and_jerk/v_CleanAndJerk_g04_c03.avi,clean_and_jerk,v_CleanAndJerk_g04_c03.avi,0.4,clean_and_jerk,,yes,,olympic,clean_and_jerk_ucf_g04,train,df46248063eee5661dd1028b012b5ea19b824095a2ecd0ef00d2574f3212a6eb,1.0,df46248063eee5661dd1028b012b5ea19b824095a2ecd0ef00d2574f3212a6eb,146,146,1.0,156.31130981445312,40.277828216552734,32.437835693359375,179.29229736328125,8.237823486328125,156.03504943847656,40.13460159301758,32.88599395751953,179.4378662109375,-0.6746826171875,72.32713317871094,72.6010971069336,1.0515000820159912,178.7337646484375,-70.77323913574219,0.0,0.0,0.0,0.0,0.0,0.3933137953281402,0.1330494582653045,0.1864993423223495,0.6898618936538696,-0.4459948241710663,0.5550326108932495,0.0583212114870548,0.4972277283668518,0.6929239630699158,-0.133558988571167,0.0563016906380653,0.0570648647844791,0.0010213281493633,0.1684529930353164,-0.0945795327425003,0.4520547986030578,1.0,0.1575342416763305,0.9931507110595704,0.8424657583236694,32.437835693359375,32.88599395751953,178.7337646484375,0.0,0.308219164609909,0.308219164609909,0.0402880907058715,0.0095955086871981,0.030487835407257,0.0052031776867806,0.25,0.0,32.437835693359375,164.38661193847656,0.0,0.0,0.0,0.0,0.0,0.0,0.0,0.0,0.0,0.0,0.0,0.0,0.0,0.0,0.0,0.0,0.0,0.0,0.0,0.0,0.0,0.0,0.0,0.0,0.0,0.0
/Users/josephkamil/Desktop/Capstone/Oly_Data/raw/clean_and_jerk/v_CleanAndJerk_g24_c04.avi,clean_and_jerk,v_CleanAndJerk_g24_c04.avi,0.44,clean_and_jerk,,yes,,olympic,clean_and_jerk_ucf_g24,train,525ed3107bcc20c3d183719bbc34fbeecc2a53e6fec618cc5d3fa61be83f4a1c,1.0,525ed3107bcc20c3d183719bbc34fbeecc2a53e6fec618cc5d3fa61be83f4a1c,131,131,1.0,119.74850463867188,44.62302780151367,41.16376495361328,178.82473754882812,119.99079895019533,103.52312469482422,37.01336288452149,40.85741424560547,178.7725067138672,126.28273010253906,169.1106414794922,11.739200592041016,103.1823501586914,179.01544189453125,-20.64439392089844,0.0,0.0,0.0,0.0,0.0,0.6957399845123291,0.188312828540802,0.2924879193305969,0.8847271800041199,-0.5900476574897766,0.7361333966255188,0.0554308295249938,0.620444655418396,0.8320295810699463,-0.1840380430221557,0.1407579928636551,0.027578804641962,0.0431973747909069,0.1838938742876052,-0.0313960909843444,0.3053435087203979,1.0,0.694656491279602,0.9923664331436156,0.3053435087203979,41.16376495361328,40.85741424560547,179.01544189453125,0.0,0.7557252049446106,0.0076335878111422,0.1016576886177063,0.0143696162849664,0.0668117403984069,0.0068593053147196,1.0,1.0,51.294944763183594,41.16376495361328,0.0,0.0,0.0,0.0,0.0,0.0,0.0,0.0,0.0,0.0,0.0,0.0,0.0,0.0,0.0,0.0,0.0,0.0,0.0,0.0,0.0,0.0,0.0,0.0,0.0,0.0
/Users/josephkamil/Desktop/Capstone/Oly_Data/raw/clean_and_jerk/v_CleanAndJerk_g08_c03.avi,clean_and_jerk,v_CleanAndJerk_g08_c03.avi,0.31,clean_and_jerk,,yes,,olympic,clean_and_jerk_ucf_g08,train,17ccb8920a6b2e3f3bfd7e21edd2b28025a5d2e1c30c6061e4821348318ec961,1.0,17ccb8920a6b2e3f3bfd7e21edd2b28025a5d2e1c30c6061e4821348318ec961,110,90,0.8181818181818182,129.88067626953125,44.86577606201172,41.778602600097656,179.08514404296875,96.31327056884766,133.30844116210938,43.17570877075195,34.8796501159668,175.98135375976562,122.48989868164062,130.95753479003906,44.95479202270508,4.471011638641357,177.27513122558594,-80.70408630371094,0.0,0.0,0.0,0.0,0.0,0.3991454541683197,0.0972190424799919,0.28369802236557,0.6503133773803711,-0.2856946587562561,0.5292194485664368,0.0433461554348468,0.4632326364517212,0.6204341650009155,-0.0531960725784301,0.0623781830072402,0.0260495766997337,0.0053862826898694,0.1160178035497665,-0.067909762263298,0.7222222089767456,1.0,0.2444444447755813,0.9888888597488404,0.7555555701255798,41.778602600097656,34.8796501159668,177.27513122558594,0.0,0.3222222328186035,0.0555555559694767,0.0903905630111694,0.0138191999867558,0.0496784448623657,0.0065591926686465,1.0,0.0,41.778602600097656,120.72012329101562,0.0,0.0,0.0,0.0,0.0,0.0,0.0,0.0,0.0,0.0,0.0,0.0,0.0,0.0,0.0,0.0,0.0,0.0,0.0,0.0,0.0,0.0,0.0,0.0,0.0,0.0
/Users/josephkamil/Desktop/Capstone/Oly_Data/raw/real_router/clean_and_jerk/clean_correct_320x240.mp4,clean_and_jerk,clean_correct_320x240.mp4,0.2,clean,,yes,,olympic,clean_sha_d3c896bec613517f,dev,d3c896bec613517f7b219b262c876fc0a3a37217722c08536ce36cdc72973b0e,2.0,d3c896bec613517f7b219b262c876fc0a3a37217722c08536ce36cdc72973b0e,427,417,0.9765807962529274,146.28106689453125,31.0603084564209,3.13058090209961,179.52413940429688,12.61529541015625,119.56375885009766,45.15451431274414,29.00436019897461,179.46588134765625,117.19659423828124,150.72671508789062,47.3896369934082,4.045066833496094,179.2310028076172,-6.2291717529296875,0.0,0.0,0.0,0.0,0.0,0.5400704741477966,0.181917205452919,0.1545429825782776,0.7252377271652222,-0.226008653640747,0.5586479902267456,0.0647970288991928,0.4541471898555755,0.6620317697525024,-0.0343391001224517,0.1388803720474243,0.0574020147323608,0.0085358042269945,0.2075073570013046,0.0301016867160797,0.2206235080957412,1.0,0.3093525171279907,0.8752997517585754,0.568345308303833,3.13058090209961,29.00436019897461,179.2310028076172,0.0,0.7050359845161438,0.7122302055358887,0.1843709349632263,0.0167015977203845,0.0921251773834228,0.0046675871126353,0.0,0.0,67.00686645507812,3.13058090209961,0.0,0.0,0.0,0.0,0.0,0.0,0.0,0.0,0.0,0.0,0.0,0.0,0.0,0.0,0.0,0.0,0.0,0.0,0.0,0.0,0.0,0.0,0.0,0.0,0.0,0.0
/Users/josephkamil/Desktop/Capstone/Oly_Data/raw/clean_and_jerk/v_CleanAndJerk_g02_c04.avi,clean_and_jerk,v_CleanAndJerk_g02_c04.avi,0.76,clean_and_jerk,,yes,,olympic,clean_and_jerk_ucf_g02,train,54a0f0616cca6a705ecf01146310c16c065259e4c278d974ea3aff077f87a481,1.0,54a0f0616cca6a705ecf01146310c16c065259e4c278d974ea3aff077f87a481,293,293,1.0,166.49154663085938,22.428579330444336,60.13499450683594,179.3949432373047,53.35670471191406,161.62875366210938,20.246341705322266,55.43195724487305,179.45594787597656,57.85643005371094,70.89633178710938,72.91905975341797,1.3614273071289062,179.0013427734375,5.2787017822265625,0.0,0.0,0.0,0.0,0.0,0.4059589207172394,0.1213751509785652,0.1917326152324676,0.760017454624176,-0.5428972840309143,0.5818941593170166,0.0510905049741268,0.5269359946250916,0.7461836338043213,-0.1204081773757934,0.0609446391463279,0.0628281086683273,0.0080043012276291,0.191617339849472,-0.0267889946699142,0.3071672320365906,1.0,0.1160409525036811,0.9965870380401612,0.8839590549468994,60.13499450683594,55.43195724487305,179.0013427734375,0.0,0.1399317383766174,0.1399317383766174,0.057344377040863,0.0056544365361332,0.042567491531372,0.0041449894197285,0.875,0.0,60.13499450683594,143.47572326660156,0.0,0.0,0.0,0.0,0.0,0.0,0.0,0.0,0.0,0.0,0.0,0.0,0.0,0.0,0.0,0.0,0.0,0.0,0.0,0.0,0.0,0.0,0.0,0.0,0.0,0.0
/Users/josephkamil/Desktop/Capstone/Oly_Data/raw/clean_and_jerk/v_CleanAndJerk_g10_c04.avi,clean_and_jerk,v_CleanAndJerk_g10_c04.avi,0.73,clean_and_jerk,,yes,,olympic,clean_and_jerk_ucf_g10,train,4c00d4719a11aa4ccb47ad7a5da37e7bc7d7c0ae25f0e85c47648da839d8b820,1.0,4c00d4719a11aa4ccb47ad7a5da37e7bc7d7c0ae25f0e85c47648da839d8b820,261,260,0.9961685823754788,171.58743286132812,10.956432342529297,59.35972213745117,179.52249145507812,0.121124267578125,170.76284790039062,8.575047492980957,63.01068878173828,179.5858154296875,3.75347900390625,97.58963012695312,65.61592102050781,1.380389928817749,179.2401885986328,-8.910903930664062,0.0,0.0,0.0,0.0,0.0,0.3422353863716125,0.0979264602065086,0.1383229494094848,0.5888886451721191,-0.4254914820194244,0.5606428384780884,0.0709253102540969,0.3457900285720825,0.7029426097869873,0.0826517939567565,0.0792701095342636,0.0644561573863029,0.0074611124582588,0.2233168333768844,-0.0012450814247131,0.5115384459495544,1.0,0.1230769231915474,0.9961538314819336,0.8769230842590332,59.35972213745117,63.01068878173828,179.2401885986328,0.0,0.2076923102140426,0.2076923102140426,0.1952203512191772,0.0170160979032516,0.0803213715553283,0.0057895802892744,0.875,0.0,59.35972213745117,144.9061737060547,0.0,0.0,0.0,0.0,0.0,0.0,0.0,0.0,0.0,0.0,0.0,0.0,0.0,0.0,0.0,0.0,0.0,0.0,0.0,0.0,0.0,0.0,0.0,0.0,0.0,0.0
/Users/josephkamil/Desktop/Capstone/Oly_Data/raw/snatch_mp4/LBXdfklSpVg_03930_04260.mp4,snatch_mp4,LBXdfklSpVg_03930_04260.mp4,1.11,snatch,,yes,,olympic,snatch_youtube_lbxdfklspvg,test,88979bf15befce5301b4a11893d70f313d01c59751a19e6fc6e922463c5d4426,1.0,88979bf15befce5301b4a11893d70f313d01c59751a19e6fc6e922463c5d4426,331,331,1.0,131.59457397460938,57.94651412963867,3.625729322433472,179.53146362304688,1.2307586669921875,134.83311462402344,56.078609466552734,2.434149980545044,179.51327514648438,7.4030609130859375,162.68746948242188,15.207222938537598,76.36679077148438,179.1819305419922,4.318115234375,0.0,0.0,0.0,0.0,0.0,0.5450559854507446,0.2283062785863876,0.1467985808849334,0.8004715442657471,-0.2563987374305725,0.6244308352470398,0.0838939547538757,0.5051320791244507,0.745508074760437,-0.1527549028396606,0.1620002090930938,0.0310684945434331,0.0258214864879846,0.2235846817493438,0.0089687407016754,0.2990936636924743,1.0,0.4108761250972748,0.7069486379623413,0.2990936636924743,3.625729322433472,2.434149980545044,179.1819305419922,0.0,0.4894259870052337,0.3021148145198822,0.0770722329616546,0.0063252984546124,0.0300205945968627,0.003186619374901,1.0,0.0,3.625729322433472,149.0490264892578,0.0,0.0,0.0,0.0,0.0,0.0,0.0,0.0,0.0,0.0,0.0,0.0,0.0,0.0,0.0,0.0,0.0,0.0,0.0,0.0,0.0,0.0,0.0,0.0,0.0,0.0
/Users/josephkamil/Desktop/Capstone/Oly_Data/raw/snatch_mp4/iEByXfUcsMw_00071_00334.mp4,snatch_mp4,iEByXfUcsMw_00071_00334.mp4,0.55,snatch,,yes,,olympic,snatch_youtube_iebyxfucsmw,train,7e31ba490c08ba11c59caad4370c1e5e0d307d0b9b95d874d60e5f1c3a3706b4,1.0,7e31ba490c08ba11c59caad4370c1e5e0d307d0b9b95d874d60e5f1c3a3706b4,264,263,0.9962121212121212,120.30907440185548,52.93922424316406,39.34454345703125,179.0962371826172,43.97117614746094,111.93121337890624,51.9072151184082,42.40933609008789,177.10679626464844,65.89400482177734,169.88308715820312,18.577428817749023,14.181809425354004,178.6577911376953,-21.552276611328125,0.0,0.0,0.0,0.0,0.0,0.5479203462600708,0.1473848074674606,0.3424538373947143,0.728930652141571,-0.1684857606887817,0.6328945159912109,0.0548606067895889,0.5590645670890808,0.7181929349899292,-0.1175124645233154,0.0917872861027717,0.0137774674221873,0.0292936936020851,0.1120048239827156,0.025267869234085,0.4486691951751709,1.0,0.4258555173873901,0.8707224130630493,0.4486691951751709,39.34454345703125,42.40933609008789,178.6577911376953,0.0,0.4752851724624634,0.2471482902765274,0.0851243734359741,0.0050160703249275,0.030673861503601,0.0021371836774051,1.0,0.0,39.34454345703125,84.5014419555664,0.0,0.0,0.0,0.0,0.0,0.0,0.0,0.0,0.0,0.0,0.0,0.0,0.0,0.0,0.0,0.0,0.0,0.0,0.0,0.0,0.0,0.0,0.0,0.0,0.0,0.0
/Users/josephkamil/Desktop/Capstone/Oly_Data/raw/snatch_mp4/LBXdfklSpVg_03373_03870.mp4,snatch_mp4,LBXdfklSpVg_03373_03870.mp4,1.49,snatch,,yes,,olympic,snatch_youtube_lbxdfklspvg,test,49600646f3407aaad583e5c146170fa843af64f921a3e2948de41c24fec9bac3,1.0,49600646f3407aaad583e5c146170fa843af64f921a3e2948de41c24fec9bac3,498,492,0.9879518072289156,107.27717590332033,56.02763366699219,1.9656847715377808,179.5169677734375,166.84454345703125,109.96781158447266,50.50038528442383,24.786714553833008,179.46200561523438,143.26446533203125,171.54563903808594,14.005876541137695,33.51841354370117,179.28404235839844,134.5349884033203,0.0,0.0,0.0,0.0,0.0,0.6289700269699097,0.2243864238262176,0.1606775522232055,0.8078916072845459,-0.0907394886016845,0.6627885699272156,0.0856573432683944,0.5041081309318542,0.7630943059921265,-0.0795472264289856,0.1748768240213394,0.0345072075724601,0.0125955576077103,0.231759026646614,0.1629692018032074,0.2418699115514755,1.0,0.0,0.8231707215309143,0.8252032399177551,1.9656847715377808,24.786714553833008,179.28404235839844,0.0,0.0,0.5121951103210449,0.0852556228637695,0.0042202058248221,0.0368747115135192,0.0023586540482938,0.125,0.0,1.9656847715377808,92.43484497070312,0.0,0.0,0.0,0.0,0.0,0.0,0.0,0.0,0.0,0.0,0.0,0.0,0.0,0.0,0.0,0.0,0.0,0.0,0.0,0.0,0.0,0.0,0.0,0.0,0.0,0.0
/Users/josephkamil/Desktop/Capstone/Oly_Data/raw/snatch_mp4/iEByXfUcsMw_08951_09530.mp4,snatch_mp4,iEByXfUcsMw_08951_09530.mp4,1.18,snatch,,yes,,olympic,snatch_youtube_iebyxfucsmw,train,719c364d09dea3f5ca72d2835a240f26659af20e1d8d850695dd05b3c1ebd3ab,1.0,719c364d09dea3f5ca72d2835a240f26659af20e1d8d850695dd05b3c1ebd3ab,580,579,0.9982758620689656,139.4385528564453,34.44818115234375,53.256500244140625,179.0673828125,-4.224395751953125,114.08338928222656,46.31661605834961,52.39916229248047,179.2056121826172,-5.5751190185546875,166.58447265625,19.74675750732422,18.733537673950195,178.71119689941406,32.003944396972656,0.0,0.0,0.0,0.0,0.0,0.6633678078651428,0.1190466806292533,0.3909943103790283,0.7866254448890686,0.0087348818778991,0.6536833643913269,0.0451314635574817,0.5602829456329346,0.7489092350006104,-0.0197700262069702,0.0979022607207298,0.0163879953324794,0.0192905720323324,0.1458220332860946,0.0225184261798858,0.1364421397447586,1.0,0.718480110168457,0.8531951904296875,0.1364421397447586,53.256500244140625,52.39916229248047,178.71119689941406,0.0,0.7409326434135437,0.6390328407287598,0.0645143985748291,0.0031842701137065,0.0293974876403808,0.0015189556870609,1.0,1.0,89.99946594238281,53.256500244140625,0.0,0.0,0.0,0.0,0.0,0.0,0.0,0.0,0.0,0.0,0.0,0.0,0.0,0.0,0.0,0.0,0.0,0.0,0.0,0.0,0.0,0.0,0.0,0.0,0.0,0.0
/Users/josephkamil/Desktop/Capstone/Oly_Data/raw/snatch_mp4/GLoKBmPQzDo_00196_00635.mp4,snatch_mp4,GLoKBmPQzDo_00196_00635.mp4,1.87,snatch,,yes,,olympic,snatch_youtube_glokbmpqzdo,train,b090b496fc74b75bc635d5c7d5b72c56ff16ab194648b55d06f44bc9a421639a,1.0,b090b496fc74b75bc635d5c7d5b72c56ff16ab194648b55d06f44bc9a421639a,440,437,0.9931818181818182,160.6494903564453,21.869800567626953,3.636716365814209,179.51571655273438,28.113128662109375,94.2153549194336,73.82738494873047,7.112631797790527,179.5218963623047,148.27598571777344,164.1784210205078,24.74382972717285,3.523111343383789,179.33250427246094,-4.7736053466796875,0.0,0.0,0.0,0.0,0.0,0.5687416791915894,0.2239613682031631,0.168929636478424,0.7919042110443115,-0.2484349608421325,0.5509884357452393,0.0861931145191192,0.4197455942630768,0.7137788534164429,-0.0474879741668701,0.1811050176620483,0.0313653536140918,0.0191061235964298,0.2485292106866836,-0.0040335953235626,0.267734557390213,1.0,0.5835240483283997,0.8489702343940735,0.267734557390213,3.636716365814209,7.112631797790527,179.33250427246094,0.0,0.6178489923477173,0.027459954842925,0.1022687256336212,0.007960763759911,0.1196592450141906,0.0041154916398227,1.0,1.0,115.3896484375,3.636716365814209,0.0,0.0,0.0,0.0,0.0,0.0,0.0,0.0,0.0,0.0,0.0,0.0,0.0,0.0,0.0,0.0,0.0,0.0,0.0,0.0,0.0,0.0,0.0,0.0,0.0,0.0
/Users/josephkamil/Desktop/Capstone/Oly_Data/raw/snatch_mp4/aPfHtLdduD4_00599_00987.mp4,snatch_mp4,aPfHtLdduD4_00599_00987.mp4,1.09,snatch,,yes,,olympic,snatch_youtube_apfhtlddud4,train,4cd87993352d09ce4192ab0c62a7254ca59d26a24f519fddf1c85b9c1970b8e5,1.0,4cd87993352d09ce4192ab0c62a7254ca59d26a24f519fddf1c85b9c1970b8e5,389,388,0.9974293059125964,125.00323486328124,47.52457046508789,4.679712295532227,179.32315063476562,49.063926696777344,96.25144958496094,52.271114349365234,1.020563721656799,173.4490509033203,84.64079284667969,165.2395477294922,13.708847999572754,37.768165588378906,179.29786682128906,6.52923583984375,0.0,0.0,0.0,0.0,0.0,0.4697755575180053,0.2475642263889312,0.1578237265348434,0.8670201897621155,0.283810019493103,0.6289839744567871,0.0910027921199798,0.4300667643547058,0.7901601791381836,0.2685191035270691,0.1675528734922409,0.0443841479718685,0.0262337122112512,0.2458832412958145,0.171314463019371,0.5386598110198975,1.0,0.2886597812175751,0.8247422575950623,0.5386598110198975,4.679712295532227,1.020563721656799,179.29786682128906,0.0,0.0257731955498456,0.0463917516171932,0.0752870440483093,0.0059113823808729,0.0817748308181762,0.005753322970122,0.0,0.0,4.679712295532227,72.06219482421875,0.0,0.0,0.0,0.0,0.0,0.0,0.0,0.0,0.0,0.0,0.0,0.0,0.0,0.0,0.0,0.0,0.0,0.0,0.0,0.0,0.0,0.0,0.0,0.0,0.0,0.0
/Users/josephkamil/Desktop/Capstone/Oly_Data/raw/snatch_mp4/1DX0IXizcHg_02338_02511.mp4,snatch_mp4,1DX0IXizcHg_02338_02511.mp4,0.76,snatch,,yes,,olympic,snatch_youtube_1dx0ixizchg,test,dd009c65311cfc5445abb9dd6eb9ee32c102f63c676ac37256b343e4ef972bad,1.0,dd009c65311cfc5445abb9dd6eb9ee32c102f63c676ac37256b343e4ef972bad,173,141,0.815028901734104,117.67784881591795,55.483177185058594,20.10657501220703,179.62696838378906,137.04600524902344,127.08014678955078,43.312225341796875,52.54795455932617,179.4658966064453,85.76358795166016,144.85252380371094,36.09696960449219,9.873598098754885,179.3018798828125,-17.931396484375,0.0,0.0,0.0,0.0,0.0,0.3759411871433258,0.191086545586586,0.0346169359982013,0.752289891242981,-0.1362594366073608,0.6421586871147156,0.0757918655872345,0.4149121046066284,0.7227109670639038,-0.0834511518478393,0.1470318734645843,0.0579862371087074,0.002279580803588,0.2670820951461792,-0.0205017328262329,0.5531914830207825,1.0,0.1489361673593521,0.936170220375061,0.7943262457847595,20.10657501220703,52.54795455932617,179.3018798828125,0.0,0.0992907807230949,0.368794322013855,0.2238414287567138,0.0305745638906955,0.1334149837493896,0.0100342780351638,0.125,0.0,20.10657501220703,111.77716064453124,0.0,0.0,0.0,0.0,0.0,0.0,0.0,0.0,0.0,0.0,0.0,0.0,0.0,0.0,0.0,0.0,0.0,0.0,0.0,0.0,0.0,0.0,0.0,0.0,0.0,0.0
/Users/josephkamil/Desktop/Capstone/Oly_Data/raw/snatch_mp4/8fcBgQUr4ek_04882_05148.mp4,snatch_mp4,8fcBgQUr4ek_04882_05148.mp4,0.92,snatch,,yes,,olympic,snatch_youtube_8fcbgqur4ek,train,630e7bff04133739e7a18da72351340042ffb749a4adf1ade158c6edf8cf8180,1.0,630e7bff04133739e7a18da72351340042ffb749a4adf1ade158c6edf8cf8180,266,228,0.8571428571428571,137.3428192138672,46.785682678222656,36.20583724975586,179.3983612060547,73.17794036865234,121.77462005615234,52.45708465576172,11.095036506652832,177.96957397460938,20.5609130859375,165.36712646484375,14.15614414215088,50.48726272583008,178.9136199951172,24.404525756835938,0.0,0.0,0.0,0.0,0.0,0.4426679015159607,0.1927328705787658,0.1996636688709259,0.7476563453674316,0.0831578969955444,0.5871398448944092,0.1059221029281616,0.319734662771225,0.8372028470039368,0.0867783427238464,0.179028108716011,0.0646084770560264,0.0060212318785488,0.2954033017158508,0.0549570396542549,0.5482456088066101,1.0,0.4035087823867798,0.9473684430122375,0.5482456088066101,36.20583724975586,11.095036506652832,178.9136199951172,0.0,0.2675438523292541,0.179824560880661,0.0981624722480773,0.0067836665548384,0.0693925619125366,0.0081831719726324,0.0,0.0,36.20583724975586,142.40980529785156,0.0,0.0,0.0,0.0,0.0,0.0,0.0,0.0,0.0,0.0,0.0,0.0,0.0,0.0,0.0,0.0,0.0,0.0,0.0,0.0,0.0,0.0,0.0,0.0,0.0,0.0
/Users/josephkamil/Desktop/Capstone/Oly_Data/raw/snatch_mp4/-tl9NgfDKus_09414_10021.mp4,snatch_mp4,-tl9NgfDKus_09414_10021.mp4,3.71,snatch,,yes,,olympic,snatch_youtube_-tl9ngfdkus,train,cb9e2e8e58f3e040043c9df54aa365c68c1294b977fea368d0edbc384689abec,1.0,cb9e2e8e58f3e040043c9df54aa365c68c1294b977fea368d0edbc384689abec,607,607,1.0,130.79327392578125,43.67720413208008,9.271159172058104,179.3402099609375,-7.1863250732421875,112.25230407714844,43.66462326049805,33.65708923339844,178.59751892089844,-5.3116455078125,164.9656219482422,12.014759063720703,135.92047119140625,179.44825744628906,-22.00091552734375,0.0,0.0,0.0,0.0,0.0,0.5820415616035461,0.1859389692544937,0.2110947966575622,0.8223413228988647,-0.056167721748352,0.6150438189506531,0.0966036394238472,0.3802180886268616,0.8359835147857666,-0.0646443963050842,0.1699464321136474,0.0518497377634048,0.0046531604602932,0.3265324532985687,0.0367059484124183,0.2635914385318756,1.0,0.7084019780158997,0.970345973968506,0.2635914385318756,9.271159172058104,33.65708923339844,179.44825744628906,0.0,0.7265238761901855,0.6392092108726501,0.0472624897956848,0.0036005941219627,0.0534720420837402,0.0055677760392427,1.0,1.0,63.880916595458984,9.271159172058104,0.0,0.0,0.0,0.0,0.0,0.0,0.0,0.0,0.0,0.0,0.0,0.0,0.0,0.0,0.0,0.0,0.0,0.0,0.0,0.0,0.0,0.0,0.0,0.0,0.0,0.0
/Users/josephkamil/Desktop/Capstone/Oly_Data/raw/snatch_mp4/HKGVFaRRHPE_00127_00357.mp4,snatch_mp4,HKGVFaRRHPE_00127_00357.mp4,0.85,snatch,,yes,,olympic,snatch_youtube_hkgvfarrhpe,train,8b305665f588545fc3ef330b45c9db5a8f0a0a2b29af24296eda2035af6c79d3,1.0,8b305665f588545fc3ef330b45c9db5a8f0a0a2b29af24296eda2035af6c79d3,230,229,0.9956521739130436,138.76588439941406,45.172977447509766,46.555294036865234,179.3759307861328,78.25492095947266,117.68988800048828,50.798831939697266,0.8184905052185059,167.6669464111328,71.27430725097656,162.65261840820312,6.582245349884033,135.44398498535156,179.13743591308594,-15.763229370117188,0.0,0.0,0.0,0.0,0.0,0.3468511402606964,0.1639042198657989,0.1592142730951309,0.6206302642822266,0.0856535732746124,0.5598082542419434,0.0839276537299156,0.3673800230026245,0.7155767679214478,0.1155457496643066,0.1470747143030166,0.0319080762565135,0.0147366570308804,0.2038783133029937,0.0056299492716789,0.6462882161140442,1.0,0.0,0.8733624219894409,0.8777292370796204,46.555294036865234,0.8184905052185059,179.13743591308594,0.0,0.161572054028511,0.0917030572891235,0.2499419450759887,0.0073917326517403,0.0499907135963439,0.0051871924661099,0.0,0.0,46.555294036865234,147.4298858642578,0.0,0.0,0.0,0.0,0.0,0.0,0.0,0.0,0.0,0.0,0.0,0.0,0.0,0.0,0.0,0.0,0.0,0.0,0.0,0.0,0.0,0.0,0.0,0.0,0.0,0.0
/Users/josephkamil/Desktop/Capstone/Oly_Data/raw/snatch_mp4/1DX0IXizcHg_01292_01617.mp4,snatch_mp4,1DX0IXizcHg_01292_01617.mp4,1.38,snatch,,yes,,olympic,snatch_youtube_1dx0ixizchg,test,2bec19b338694739c0cc7990bcc8dcba26a912e6c78bf3a3985b60f801da8e04,1.0,2bec19b338694739c0cc7990bcc8dcba26a912e6c78bf3a3985b60f801da8e04,325,312,0.96,128.07691955566406,54.531211853027344,1.56248676776886,179.45726013183594,2.5851593017578125,135.4356689453125,50.54401016235352,4.346778869628906,179.5799102783203,43.88731384277344,159.55751037597656,25.560379028320312,7.504249095916748,179.21047973632812,-22.631790161132812,0.0,0.0,0.0,0.0,0.0,0.5129109025001526,0.2387356758117675,0.1555971056222915,0.8308134078979492,-0.0630175471305847,0.6701890826225281,0.057965088635683,0.4424752593040466,0.7843986749649048,-0.0354229211807251,0.1758178621530532,0.0315712578594684,0.0620880834758281,0.2327364236116409,0.0892750322818756,0.4230769276618957,1.0,0.3846153914928436,0.8044871687889099,0.4230769276618957,1.56248676776886,4.346778869628906,179.21047973632812,0.0,0.3141025602817535,0.4391025602817535,0.1085433065891265,0.0098565453663468,0.087041825056076,0.0074122636578977,0.0,0.0,1.56248676776886,20.95716667175293,0.0,0.0,0.0,0.0,0.0,0.0,0.0,0.0,0.0,0.0,0.0,0.0,0.0,0.0,0.0,0.0,0.0,0.0,0.0,0.0,0.0,0.0,0.0,0.0,0.0,0.0
/Users/josephkamil/Desktop/Capstone/Oly_Data/raw/snatch_mp4/-tl9NgfDKus_02564_02754.mp4,snatch_mp4,-tl9NgfDKus_02564_02754.mp4,1.43,snatch,,yes,,olympic,snatch_youtube_-tl9ngfdkus,train,2c02440524986b132dd0035e46728228706caa19ee4b45a94d451aca6c504569,1.0,2c02440524986b132dd0035e46728228706caa19ee4b45a94d451aca6c504569,191,191,1.0,135.4218292236328,47.39149475097656,20.51019859313965,179.6077423095703,158.64622497558594,130.44309997558594,47.47111892700195,14.287636756896973,179.5424346923828,160.3240966796875,166.31509399414062,11.47917652130127,128.5296630859375,179.42466735839844,-32.714569091796875,0.0,0.0,0.0,0.0,0.0,0.4414726495742798,0.251942902803421,0.1226468682289123,1.0134462118148804,0.3128918409347534,0.6487354040145874,0.0978273823857307,0.5512230396270752,1.0424413681030271,0.3753048181533813,0.2049752622842788,0.0841394364833831,0.0071091996505856,0.4588090777397156,0.2055321931838989,0.5287958383560181,1.0,0.2774869203567505,0.8429319262504578,0.5706806182861328,20.51019859313965,14.287636756896973,179.42466735839844,0.0,0.0,0.0,0.0861981809139251,0.0117705799639225,0.0600125789642334,0.0085219731554389,0.0,0.0,20.51019859313965,95.38030242919922,0.0,0.0,0.0,0.0,0.0,0.0,0.0,0.0,0.0,0.0,0.0,0.0,0.0,0.0,0.0,0.0,0.0,0.0,0.0,0.0,0.0,0.0,0.0,0.0,0.0,0.0
/Users/josephkamil/Desktop/Capstone/Oly_Data/raw/snatch_mp4/1DX0IXizcHg_00270_00428.mp4,snatch_mp4,1DX0IXizcHg_00270_00428.mp4,0.75,snatch,,yes,,olympic,snatch_youtube_1dx0ixizchg,test,7677548fb6f8a27732283b8fafe94064b9a3c807f4812598b2a6fc2baf0528be,1.0,7677548fb6f8a27732283b8fafe94064b9a3c807f4812598b2a6fc2baf0528be,158,140,0.8860759493670886,113.5803451538086,52.148536682128906,1.5293197631835938,177.1009063720703,136.47320556640625,124.76763153076172,45.47960662841797,11.6118745803833,179.3380584716797,97.5962371826172,105.24252319335938,55.8256721496582,4.228506565093994,178.71446228027344,-102.05696105957033,0.0,0.0,0.0,0.0,0.0,0.5528364181518555,0.1029374226927757,0.3752710819244385,0.7277834415435791,-0.2227346897125244,0.5907647013664246,0.1091263890266418,0.3516904413700104,0.7324024438858032,-0.1282191276550293,0.1035609543323516,0.0470688119530677,0.0066572353243827,0.2028656154870987,-0.0490798242390155,0.2071428596973419,1.0,0.2785714268684387,0.4928571283817291,0.2214285731315612,1.5293197631835938,11.6118745803833,178.71446228027344,0.0,0.5714285969734192,0.0214285720139741,0.1706629991531372,0.0157650299370288,0.1540039479732513,0.0110605796799063,0.0,0.0,2.7179315090179443,1.5293197631835938,0.0,0.0,0.0,0.0,0.0,0.0,0.0,0.0,0.0,0.0,0.0,0.0,0.0,0.0,0.0,0.0,0.0,0.0,0.0,0.0,0.0,0.0,0.0,0.0,0.0,0.0
/Users/josephkamil/Desktop/Capstone/Oly_Data/raw/snatch_mp4/eVqGMfMXG24_00001_00224.mp4,snatch_mp4,eVqGMfMXG24_00001_00224.mp4,0.52,snatch,,yes,,olympic,snatch_youtube_evqgmfmxg24,train,1621a76c0188298a5e3a569b538046013fcdc37960c4543774dc9d240a6c12f8,1.0,1621a76c0188298a5e3a569b538046013fcdc37960c4543774dc9d240a6c12f8,224,212,0.9464285714285714,140.71192932128906,38.47135543823242,39.18560028076172,179.21356201171875,53.83116912841797,108.64309692382812,51.7863655090332,7.225555896759033,175.7795867919922,98.22103881835938,165.45046997070312,24.21363067626953,14.839122772216797,178.7657012939453,1.5547943115234375,0.0,0.0,0.0,0.0,0.0,0.5320010781288147,0.175195425748825,0.2883423268795013,0.7553807497024536,-0.1910393238067627,0.5976870059967041,0.0446925424039363,0.5332804322242737,0.7041244506835938,-0.0476260185241699,0.0937610492110252,0.0286472346633672,0.0029839063063263,0.1450149267911911,0.0098884925246238,0.4575471580028534,1.0,0.25,0.9150943160057068,0.6698113083839417,39.18560028076172,7.225555896759033,178.7657012939453,0.0,0.5471698045730591,0.2641509473323822,0.0626679062843322,0.0069562247954308,0.0327121615409851,0.0029105660505592,1.0,0.0,39.81438446044922,39.18560028076172,0.0,0.0,0.0,0.0,0.0,0.0,0.0,0.0,0.0,0.0,0.0,0.0,0.0,0.0,0.0,0.0,0.0,0.0,0.0,0.0,0.0,0.0,0.0,0.0,0.0,0.0
/Users/josephkamil/Desktop/Capstone/Oly_Data/raw/snatch_mp4/QWN_unS5o8I_00130_00373.mp4,snatch_mp4,QWN_unS5o8I_00130_00373.mp4,0.48,snatch,,yes,,olympic,snatch_youtube_qwn_uns5o8i,dev,f3850a6e88365c681c4320f5c36fb9ab2caabd1187ece9238a83c6ce1abcb10c,1.0,f3850a6e88365c681c4320f5c36fb9ab2caabd1187ece9238a83c6ce1abcb10c,243,243,1.0,131.8104705810547,56.44713592529297,19.48124122619629,179.27392578125,97.20521545410156,129.90110778808594,55.67797088623047,3.4789795875549316,179.20130920410156,89.91524505615234,162.6997833251953,19.142175674438477,50.850242614746094,179.0269317626953,1.7960357666015625,0.0,0.0,0.0,0.0,0.0,0.4049144089221954,0.148131251335144,0.2452112138271331,0.7231709957122803,-0.0903287529945373,0.605217695236206,0.0723489746451377,0.5175520181655884,0.7227147817611694,-0.1142848134040832,0.1154862642288208,0.0187882352620363,0.0254924688488245,0.1473883986473083,0.0269529595971107,0.7818930149078369,1.0,0.1728395074605941,0.9506173133850098,0.7818930149078369,19.48124122619629,3.4789795875549316,179.0269317626953,0.0,0.0082304524257779,0.0082304524257779,0.0620409250259399,0.0043149515986442,0.035366415977478,0.0033308693673461,0.0,0.0,19.48124122619629,132.54527282714844,0.0,0.0,0.0,0.0,0.0,0.0,0.0,0.0,0.0,0.0,0.0,0.0,0.0,0.0,0.0,0.0,0.0,0.0,0.0,0.0,0.0,0.0,0.0,0.0,0.0,0.0
/Users/josephkamil/Desktop/Capstone/Oly_Data/raw/snatch_mp4/1DX0IXizcHg_02569_02687.mp4,snatch_mp4,1DX0IXizcHg_02569_02687.mp4,0.48,snatch,,yes,,olympic,snatch_youtube_1dx0ixizchg,test,a7c2a9884da8afc7fa664721825f49c4598382d1a279ce1b1191d64b0b2bfeab,1.0,a7c2a9884da8afc7fa664721825f49c4598382d1a279ce1b1191d64b0b2bfeab,118,117,0.9915254237288136,125.3732452392578,47.44572448730469,32.814849853515625,179.48757934570312,48.59199523925781,132.52023315429688,40.98745346069336,56.0534553527832,179.52615356445312,81.25391387939453,150.91448974609375,36.33494567871094,6.301342487335205,176.6197509765625,-15.711959838867188,0.0,0.0,0.0,0.0,0.0,0.3985439240932464,0.1433849930763244,0.2204168438911438,0.7216271162033081,-0.3027934432029724,0.6391485929489136,0.0696826577186584,0.4312994480133056,0.7611092329025269,-0.0674842596054077,0.1268747895956039,0.0457912385463714,0.0141713516786694,0.2060814201831817,-0.0548581704497337,0.6495726704597473,1.0,0.2820512950420379,0.9914529919624328,0.7179487347602844,32.814849853515625,56.0534553527832,176.6197509765625,0.0,0.4188034236431122,0.3846153914928436,0.1005880236625671,0.0200801491737365,0.0973042249679565,0.0091640949249267,1.0,0.0,32.814849853515625,115.2907943725586,0.0,0.0,0.0,0.0,0.0,0.0,0.0,0.0,0.0,0.0,0.0,0.0,0.0,0.0,0.0,0.0,0.0,0.0,0.0,0.0,0.0,0.0,0.0,0.0,0.0,0.0
/Users/josephkamil/Desktop/Capstone/Oly_Data/raw/snatch_mp4/6L4a8jKc-nM_00001_00299.mp4,snatch_mp4,6L4a8jKc-nM_00001_00299.mp4,0.54,snatch,,yes,,olympic,snatch_youtube_6l4a8jkc-nm,train,92f92d65ee8f8107e1219bee1058c70614960f1f245b9d7c6fa125c72dd7059d,1.0,92f92d65ee8f8107e1219bee1058c70614960f1f245b9d7c6fa125c72dd7059d,299,299,1.0,128.3739013671875,50.07862091064453,34.841793060302734,179.4722442626953,16.925613403320312,109.61126708984376,52.65071105957031,34.67491149902344,179.41542053222656,133.37962341308594,165.20916748046875,25.101423263549805,23.6511173248291,179.08541870117188,-16.934112548828125,0.0,0.0,0.0,0.0,0.0,0.4635101556777954,0.2224664986133575,0.1246537715196609,0.7708295583724976,-0.2583727836608886,0.5830262899398804,0.0924413874745369,0.4549368321895599,0.7393482327461243,-0.044605553150177,0.1606872528791427,0.0306026842445135,0.0376343503594398,0.225603774189949,0.0277066230773925,0.4682274162769317,1.0,0.3444816172122955,0.8093645572662354,0.4682274162769317,34.841793060302734,34.67491149902344,179.08541870117188,0.0,0.4013378024101257,0.0501672253012657,0.1039161384105682,0.0090493615716695,0.0515450835227966,0.0037700049579143,1.0,0.0,34.841793060302734,58.49812698364258,0.0,0.0,0.0,0.0,0.0,0.0,0.0,0.0,0.0,0.0,0.0,0.0,0.0,0.0,0.0,0.0,0.0,0.0,0.0,0.0,0.0,0.0,0.0,0.0,0.0,0.0
/Users/josephkamil/Desktop/Capstone/Oly_Data/raw/snatch_mp4/vYVUB81VKEk_00001_00569.mp4,snatch_mp4,vYVUB81VKEk_00001_00569.mp4,2.76,snatch,,yes,,olympic,snatch_youtube_vyvub81vkek,train,25fb6f50e2c6364d4ea595423c840b4da99cfefa794a57ba30fc9b551185e9ac,1.0,25fb6f50e2c6364d4ea595423c840b4da99cfefa794a57ba30fc9b551185e9ac,569,532,0.9349736379613356,138.6206512451172,40.98196792602539,2.7604920864105225,179.46473693847656,-21.4061279296875,98.97235870361328,49.367977142333984,9.523541450500488,179.35382080078125,-15.80389404296875,153.1890869140625,30.838930130004883,7.810595512390137,179.09222412109375,-15.805984497070312,0.0,0.0,0.0,0.0,0.0,0.5742676258087158,0.1117069870233535,0.2498777508735656,0.7328861951828003,-0.0602369606494903,0.5278177261352539,0.0526537373661994,0.4046196043491363,0.6709441542625427,-0.0870507657527923,0.1175473853945732,0.0423167832195758,0.0063910856842994,0.3041689097881317,0.0106992870569229,0.0488721802830696,1.0,0.1748120337724685,0.7913534045219421,0.6184210777282715,2.7604920864105225,9.523541450500488,179.09222412109375,0.0,0.1033834591507911,0.0545112788677215,0.1614828109741211,0.0179245956242084,0.0888929963111877,0.0062696663662791,0.0,0.0,2.7604920864105225,17.34552001953125,0.0,0.0,0.0,0.0,0.0,0.0,0.0,0.0,0.0,0.0,0.0,0.0,0.0,0.0,0.0,0.0,0.0,0.0,0.0,0.0,0.0,0.0,0.0,0.0,0.0,0.0
/Users/josephkamil/Desktop/Capstone/Oly_Data/raw/snatch_mp4/300i1qmyl-k_00721_01185.mp4,snatch_mp4,300i1qmyl-k_00721_01185.mp4,1.16,snatch,,yes,,olympic,snatch_youtube_300i1qmyl-k,train,cb7b9ab5b6af7d23bcc9e02079a62d076039644a55794fd3422deeca1dc0e23a,1.0,cb7b9ab5b6af7d23bcc9e02079a62d076039644a55794fd3422deeca1dc0e23a,465,448,0.9634408602150538,113.39521026611328,57.367919921875,40.89690399169922,179.589599609375,3.6761322021484375,102.16539001464844,54.87477111816406,36.88663482666016,179.4259490966797,3.07562255859375,163.4388427734375,15.02935028076172,102.4512710571289,179.31593322753906,-28.305007934570312,0.0,0.0,0.0,0.0,0.0,0.4503497183322906,0.2430330663919448,-0.1809168756008148,0.6574243307113647,-0.0940901339054107,0.4820606410503387,0.1242905110120773,0.2957189381122589,0.6572678685188293,-0.0347221195697784,0.212867334485054,0.0333245210349559,0.0439879260957241,0.2705941498279571,-0.0492382049560546,0.1540178507566452,1.0,0.6450892686843872,0.796875,0.1540178507566452,40.89690399169922,36.88663482666016,179.31593322753906,0.0,0.5558035969734192,0.46875,0.1230058968067169,0.0062766354531049,0.0948966443538665,0.0038756495341658,0.0,1.0,41.05182266235352,40.89690399169922,0.0,0.0,0.0,0.0,0.0,0.0,0.0,0.0,0.0,0.0,0.0,0.0,0.0,0.0,0.0,0.0,0.0,0.0,0.0,0.0,0.0,0.0,0.0,0.0,0.0,0.0
/Users/josephkamil/Desktop/Capstone/Oly_Data/raw/snatch_mp4/1DX0IXizcHg_01620_01856.mp4,snatch_mp4,1DX0IXizcHg_01620_01856.mp4,1.36,snatch,,yes,,olympic,snatch_youtube_1dx0ixizchg,test,315bfd7d6e9b1c90317960f209088cb1b34aa371f2ffbc6f6dfd014dbbbdd238,1.0,315bfd7d6e9b1c90317960f209088cb1b34aa371f2ffbc6f6dfd014dbbbdd238,236,226,0.9576271186440678,118.05562591552734,62.02069854736328,1.4445719718933103,179.52102661132812,122.62987518310548,115.23886108398438,57.90809631347656,0.6303853988647461,179.28944396972656,119.3251495361328,166.40611267089844,23.348804473876953,6.850703239440918,179.3160400390625,0.9322052001953124,0.0,0.0,0.0,0.0,0.0,0.4149650037288666,0.2008277177810669,0.1490230560302734,0.7435956001281738,-0.1300417780876159,0.6437382102012634,0.0691565498709678,0.4130472838878631,0.7287139892578125,-0.1532310247421264,0.1703803688287735,0.0448837578296661,0.0061633703298866,0.2572494447231293,0.072145327925682,0.5707964897155762,1.0,0.2699114978313446,0.8407079577445984,0.5752212405204773,1.4445719718933103,0.6303853988647461,179.3160400390625,0.0,0.1504424810409546,0.1238938048481941,0.139696717262268,0.0158564336597919,0.0897722840309143,0.006519881542772,0.0,0.0,1.4445719718933103,135.93821716308594,0.0,0.0,0.0,0.0,0.0,0.0,0.0,0.0,0.0,0.0,0.0,0.0,0.0,0.0,0.0,0.0,0.0,0.0,0.0,0.0,0.0,0.0,0.0,0.0,0.0,0.0
/Users/josephkamil/Desktop/Capstone/Oly_Data/raw/snatch_mp4/4_jMgAJ5Wu0_00574_00740.mp4,snatch_mp4,4_jMgAJ5Wu0_00574_00740.mp4,0.85,snatch,,yes,,olympic,snatch_youtube_4_jmgaj5wu0,test,d94c0d20eeed040a79f26f2f7e19a01e499527e9000317c98166d5cc43ee5298,1.0,d94c0d20eeed040a79f26f2f7e19a01e499527e9000317c98166d5cc43ee5298,166,160,0.963855421686747,141.9750213623047,39.341678619384766,35.59770584106445,179.40931701660156,74.68196868896484,141.5550537109375,33.367347717285156,57.74203872680664,179.22494506835938,1.391876220703125,137.6756134033203,49.13271713256836,3.849699735641479,178.9792938232422,125.96141815185548,0.0,0.0,0.0,0.0,0.0,0.4607439935207367,0.1313397586345672,0.2253983318805694,0.7933254837989807,-0.2013569772243499,0.51136314868927,0.058291956782341,0.3847714066505432,0.648066520690918,-0.057360291481018,0.0978628173470497,0.0493629276752471,0.0106977615505456,0.2309529781341552,0.0847313925623893,0.21875,1.0,0.2125000059604644,0.75,0.543749988079071,35.59770584106445,57.74203872680664,178.9792938232422,0.0,0.050000000745058,0.28125,0.2507398724555969,0.0329213514924049,0.073638379573822,0.007535153068602,0.0,0.0,35.59770584106445,120.48512268066406,0.0,0.0,0.0,0.0,0.0,0.0,0.0,0.0,0.0,0.0,0.0,0.0,0.0,0.0,0.0,0.0,0.0,0.0,0.0,0.0,0.0,0.0,0.0,0.0,0.0,0.0
/Users/josephkamil/Desktop/Capstone/Oly_Data/raw/snatch_mp4/N_RWv4k-O-I_00140_00501.mp4,snatch_mp4,N_RWv4k-O-I_00140_00501.mp4,1.07,snatch,,yes,,olympic,snatch_youtube_n_rwv4k-o-i,train,e328639da94a420eb38e68fb0cc987cd03241a9dfa37c6ba6a4ff405a0219799,1.0,e328639da94a420eb38e68fb0cc987cd03241a9dfa37c6ba6a4ff405a0219799,362,362,1.0,154.49375915527344,30.11102867126465,46.91497802734375,179.3238067626953,-16.610382080078125,130.77053833007812,39.58590316772461,50.48915100097656,178.54757690429688,-46.75785827636719,165.1927032470703,14.379491806030272,28.126436233520508,179.1449737548828,4.889556884765625,0.0,0.0,0.0,0.0,0.0,0.5528733134269714,0.1517601609230041,0.1728872954845428,0.7230364084243774,0.210984468460083,0.5485668778419495,0.0542031712830066,0.4720565974712372,0.6768028736114502,0.0494440495967865,0.1395511329174041,0.0289695616811513,0.0173730868846178,0.2011380791664123,0.0312878638505935,0.1740331500768661,1.0,0.6906077265739441,0.8618784546852112,0.1740331500768661,46.91497802734375,50.48915100097656,179.1449737548828,0.0,0.7624309659004211,0.3895027637481689,0.0661300420761108,0.0052682724781334,0.0290837287902832,0.0024423764552921,1.0,1.0,99.63582611083984,46.91497802734375,0.0,0.0,0.0,0.0,0.0,0.0,0.0,0.0,0.0,0.0,0.0,0.0,0.0,0.0,0.0,0.0,0.0,0.0,0.0,0.0,0.0,0.0,0.0,0.0,0.0,0.0
/Users/josephkamil/Desktop/Capstone/Oly_Data/raw/snatch_mp4/PWNoy3RLmEY_00459_00587.mp4,snatch_mp4,PWNoy3RLmEY_00459_00587.mp4,0.51,snatch,,yes,,olympic,snatch_youtube_pwnoy3rlmey,train,3e5232c526edfab77a1fc6866fb327d68ea8c65adc4b99bf882f7bee7096997e,1.0,3e5232c526edfab77a1fc6866fb327d68ea8c65adc4b99bf882f7bee7096997e,129,123,0.9534883720930232,156.37698364257812,21.78851890563965,74.04544830322266,179.38890075683594,-10.374130249023438,145.72877502441406,40.97574996948242,32.31639862060547,179.25730895996094,94.89785766601562,154.8793487548828,22.391435623168945,29.94706344604492,179.1567840576172,59.592979431152344,0.0,0.0,0.0,0.0,0.0,0.4304270148277282,0.2139083594083786,0.120817556977272,0.7986047267913818,-0.0259003639221191,0.5464451313018799,0.0544125735759735,0.453752338886261,0.6707562804222107,0.1095770001411438,0.1611239165067672,0.0409482419490814,0.0693253949284553,0.2741308808326721,0.0879531651735305,0.3983739912509918,1.0,0.2845528423786163,0.6747967600822449,0.3983739912509918,74.04544830322266,32.31639862060547,179.1567840576172,0.0,0.0813008099794387,0.0325203239917755,0.2726048231124878,0.0225656256079673,0.1360619962215423,0.0078942012041807,0.0,0.0,74.04544830322266,159.6344757080078,0.0,0.0,0.0,0.0,0.0,0.0,0.0,0.0,0.0,0.0,0.0,0.0,0.0,0.0,0.0,0.0,0.0,0.0,0.0,0.0,0.0,0.0,0.0,0.0,0.0,0.0
/Users/josephkamil/Desktop/Capstone/Oly_Data/raw/snatch_mp4/wYyhpNEQuLM_00700_01056.mp4,snatch_mp4,wYyhpNEQuLM_00700_01056.mp4,1.13,snatch,,yes,,olympic,snatch_youtube_wyyhpnequlm,test,b48282441c356eaa5cc52235ff0174bc22c21a900cb0bdf0a39eafa6227e4faf,1.0,b48282441c356eaa5cc52235ff0174bc22c21a900cb0bdf0a39eafa6227e4faf,356,276,0.7752808988764045,126.87435150146484,54.75862884521485,1.86845064163208,179.3415069580078,81.9214096069336,133.3698272705078,48.33393096923828,9.221935272216797,179.40948486328125,60.411407470703125,125.34431457519533,55.77491760253906,1.5477147102355957,179.16741943359375,146.0549774169922,0.0,0.0,0.0,0.0,0.0,0.5152940154075623,0.1472218036651611,0.238247811794281,0.8223989009857178,-0.1703181862831115,0.6307079195976257,0.0763420239090919,0.5560142993927002,0.8043928146362305,-0.1114399433135986,0.0801548063755035,0.0505065210163593,0.0064811673946678,0.1931677907705307,0.1525280624628067,0.3731884062290191,1.0,0.1992753595113754,0.8768116235733032,0.6811594367027283,1.86845064163208,9.221935272216797,179.16741943359375,0.0,0.0434782616794109,0.0072463769465684,0.1947777867317199,0.0294573698192834,0.069928765296936,0.0042335879988968,0.0,0.0,1.86845064163208,27.094327926635746,0.0,0.0,0.0,0.0,0.0,0.0,0.0,0.0,0.0,0.0,0.0,0.0,0.0,0.0,0.0,0.0,0.0,0.0,0.0,0.0,0.0,0.0,0.0,0.0,0.0,0.0
/Users/josephkamil/Desktop/Capstone/Oly_Data/raw/snatch_mp4/-38xT-m3Fr4_01080_01414.mp4,snatch_mp4,-38xT-m3Fr4_01080_01414.mp4,1.06,snatch,,yes,,olympic,snatch_youtube_-38xt-m3fr4,train,d58ff7ff566d4315471eb282e7374218460502df95a115748de497f86e445494,1.0,d58ff7ff566d4315471eb282e7374218460502df95a115748de497f86e445494,335,334,0.9970149253731344,114.98806762695312,54.99140548706055,33.473384857177734,179.414794921875,13.28057861328125,99.94395446777344,50.91990280151367,36.372222900390625,179.31329345703125,133.53472900390625,172.6071319580078,5.7714524269104,148.6338348388672,179.20851135253906,-6.9474029541015625,0.0,0.0,0.0,0.0,0.0,0.5939421653747559,0.1724855601787567,0.3037278950214386,0.8217973113059998,-0.2158739566802978,0.6987330913543701,0.0810458213090896,0.5584245920181274,0.8228687047958374,0.0449162721633911,0.1322483420372009,0.0273886956274509,0.0411827452480793,0.2120470553636551,-0.0448056906461715,0.4520958065986633,1.0,0.3652694523334503,0.8143712282180786,0.4520958065986633,33.473384857177734,36.372222900390625,179.20851135253906,0.0,0.553892195224762,0.0119760483503341,0.0780873298645019,0.0056089768186211,0.0881803035736084,0.0041025765240192,1.0,0.0,34.350120544433594,33.473384857177734,0.0,0.0,0.0,0.0,0.0,0.0,0.0,0.0,0.0,0.0,0.0,0.0,0.0,0.0,0.0,0.0,0.0,0.0,0.0,0.0,0.0,0.0,0.0,0.0,0.0,0.0
/Users/josephkamil/Desktop/Capstone/Oly_Data/raw/snatch_mp4/Ne6x-EYnC1Q_00840_01096.mp4,snatch_mp4,Ne6x-EYnC1Q_00840_01096.mp4,0.82,snatch,,yes,,olympic,snatch_youtube_ne6x-eync1q,train,c20ce68563eef5cee2b4fe20e36fb3f0fdf7d352d93be0114fd66e7a01d12b7b,1.0,c20ce68563eef5cee2b4fe20e36fb3f0fdf7d352d93be0114fd66e7a01d12b7b,257,251,0.9766536964980544,128.02012634277344,35.636199951171875,28.37752914428711,179.52589416503906,-32.44184875488281,91.88439178466795,53.550018310546875,35.22886276245117,179.59922790527344,-15.67447280883789,148.18099975585938,52.64442443847656,6.697484970092773,179.14208984375,1.430755615234375,0.0,0.0,0.0,0.0,0.0,0.6021556854248047,0.1990000009536743,0.2274781167507171,0.8356852531433105,0.0960440635681152,0.5669378042221069,0.0457225628197193,0.4475376904010772,0.6616781949996948,0.0904024839401245,0.1353589445352554,0.069294773042202,0.0040357876569032,0.1983271092176437,0.0116362124681472,0.1394422352313995,1.0,0.5577689409255981,0.7250996232032776,0.1713147461414337,28.37752914428711,35.22886276245117,179.14208984375,0.0,0.0996015965938568,0.103585660457611,0.1396343410015106,0.0109136942774057,0.0389674305915832,0.004865616094321,0.0,1.0,28.37752914428711,57.36439895629883,0.0,0.0,0.0,0.0,0.0,0.0,0.0,0.0,0.0,0.0,0.0,0.0,0.0,0.0,0.0,0.0,0.0,0.0,0.0,0.0,0.0,0.0,0.0,0.0,0.0,0.0
/Users/josephkamil/Desktop/Capstone/Oly_Data/raw/snatch_mp4/Ne6x-EYnC1Q_00239_00412.mp4,snatch_mp4,Ne6x-EYnC1Q_00239_00412.mp4,0.54,snatch,,yes,,olympic,snatch_youtube_ne6x-eync1q,train,b0aa33b35642d8fa3fd87735df40eea78d02096361eaeb04b2f116e41ed5890a,1.0,b0aa33b35642d8fa3fd87735df40eea78d02096361eaeb04b2f116e41ed5890a,174,171,0.9827586206896552,140.01406860351562,27.93052101135254,72.32836151123047,179.40391540527344,-2.5747528076171875,108.22003173828124,54.54498291015625,38.42138671875,179.57630920410156,-7.049587249755859,134.90597534179688,57.43776321411133,8.477209091186523,178.97837829589844,-0.292083740234375,0.0,0.0,0.0,0.0,0.0,0.5916904807090759,0.2045941203832626,0.2985315918922424,0.813511312007904,0.006994605064392,0.6208178400993347,0.0456577725708484,0.5333685278892517,0.7034730911254883,-0.0260661244392395,0.104455180466175,0.0632953569293022,0.0043621999211609,0.1728321611881256,0.0081114619970321,0.2748537957668304,1.0,0.3625730872154236,0.7426900863647461,0.3859649002552032,72.32836151123047,38.42138671875,178.97837829589844,0.0,0.2923976480960846,0.9824561476707458,0.0798621475696563,0.009261779487133,0.0474671125411987,0.0057988655753433,0.0,0.0,72.32836151123047,84.8155288696289,0.0,0.0,0.0,0.0,0.0,0.0,0.0,0.0,0.0,0.0,0.0,0.0,0.0,0.0,0.0,0.0,0.0,0.0,0.0,0.0,0.0,0.0,0.0,0.0,0.0,0.0
/Users/josephkamil/Desktop/Capstone/Oly_Data/raw/snatch_mp4/0L-eq_vImgA_00001_00810.mp4,snatch_mp4,0L-eq_vImgA_00001_00810.mp4,1.84,snatch,,yes,,olympic,snatch_youtube_0l-eq_vimga,train,b588f0d9b9d83722e1072baa7b5918180b58f788a3b53cd69e50b2c12a8ce201,1.0,b588f0d9b9d83722e1072baa7b5918180b58f788a3b53cd69e50b2c12a8ce201,810,520,0.6419753086419753,124.67048645019533,63.776145935058594,2.6864230632781982,179.1824951171875,8.900009155273438,122.92833709716795,58.0651969909668,1.6442384719848633,179.6389923095703,0.253875732421875,156.84738159179688,34.78565216064453,3.300925970077514,178.76089477539062,5.3106536865234375,0.0,0.0,0.0,0.0,0.0,0.6372479796409607,0.1644889861345291,0.326589822769165,0.8818202018737793,-0.1262640357017517,0.7214259505271912,0.0646956264972686,0.5502458810806274,0.8178263902664185,-0.0280178189277648,0.0969059988856315,0.0302802063524723,0.0088247079402208,0.3019184172153473,0.0776683390140533,0.3730769157409668,1.0,0.0,0.9980769157409668,1.0,2.6864230632781982,1.6442384719848633,178.76089477539062,0.0,0.2557692229747772,0.2576923072338104,0.377825915813446,0.011996173299849,0.1668906211853027,0.003981270827353,0.0,0.0,2.6864230632781982,35.616485595703125,0.0,0.0,0.0,0.0,0.0,0.0,0.0,0.0,0.0,0.0,0.0,0.0,0.0,0.0,0.0,0.0,0.0,0.0,0.0,0.0,0.0,0.0,0.0,0.0,0.0,0.0
/Users/josephkamil/Desktop/Capstone/Oly_Data/raw/snatch_mp4/1DX0IXizcHg_02062_02337.mp4,snatch_mp4,1DX0IXizcHg_02062_02337.mp4,1.72,snatch,,yes,,olympic,snatch_youtube_1dx0ixizchg,test,ca17c29ae1b0369390b3d76e080b0d085b2acdeb4babbda0d5845a23113212f6,1.0,ca17c29ae1b0369390b3d76e080b0d085b2acdeb4babbda0d5845a23113212f6,275,259,0.9418181818181818,126.3722915649414,46.29243087768555,28.835546493530273,179.36270141601562,35.13899230957031,120.7947769165039,46.226993560791016,35.836090087890625,179.53854370117188,83.32572937011719,157.76388549804688,24.00872039794922,36.37455749511719,179.23468017578125,-18.37220764160156,0.0,0.0,0.0,0.0,0.0,0.3846206367015838,0.2371115833520889,-0.0051676491275429,0.8012739419937134,-0.1776004433631897,0.6158856153488159,0.0789133310317993,0.4644497632980346,0.786487340927124,0.0666202902793884,0.1699912995100021,0.037545520812273,0.0486917197704315,0.2404428571462631,0.0165465325117111,0.6216216087341309,1.0,0.2702702581882477,0.8880308866500854,0.6216216087341309,28.835546493530273,35.836090087890625,179.23468017578125,0.0,0.3243243098258972,0.0231660231947898,0.1733504831790924,0.0150016052648425,0.0927770733833313,0.0061899847351014,1.0,0.0,28.835546493530273,125.05587768554688,0.0,0.0,0.0,0.0,0.0,0.0,0.0,0.0,0.0,0.0,0.0,0.0,0.0,0.0,0.0,0.0,0.0,0.0,0.0,0.0,0.0,0.0,0.0,0.0,0.0,0.0
/Users/josephkamil/Desktop/Capstone/Oly_Data/raw/snatch_mp4/Vl7SQWaLh-I_00240_00569.mp4,snatch_mp4,Vl7SQWaLh-I_00240_00569.mp4,0.7,snatch,,yes,,olympic,snatch_youtube_vl7sqwalh-i,train,df2550e3ce3ade6dda6bc6e52b1c302c4fb78696889b4495d8721fd9810c3dff,1.0,df2550e3ce3ade6dda6bc6e52b1c302c4fb78696889b4495d8721fd9810c3dff,330,330,1.0,107.75450897216795,67.15538787841797,1.0045534372329712,179.50038146972656,74.01445007324219,104.9172592163086,65.1473617553711,0.9104098081588744,179.45755004882812,109.07052612304688,168.78919982910156,22.291906356811523,34.6942253112793,179.26722717285156,1.99993896484375,0.0,0.0,0.0,0.0,0.0,0.6645323634147644,0.2403116375207901,0.1665503829717636,0.8916239738464355,-0.2670739889144897,0.6696836352348328,0.0823568701744079,0.5353710055351257,0.8010684251785278,-0.0948318243026733,0.173564538359642,0.0665061697363853,0.0424639135599136,0.287637859582901,0.0274485200643539,0.2515151500701904,1.0,0.5303030014038086,0.8151515126228333,0.2878787815570831,1.0045534372329712,0.9104098081588744,179.26722717285156,0.0,0.409090906381607,0.3272727131843567,0.1935793757438659,0.0124465022236108,0.0667012929916381,0.0036468168254941,0.0,1.0,1.0045534372329712,8.97712516784668,0.0,0.0,0.0,0.0,0.0,0.0,0.0,0.0,0.0,0.0,0.0,0.0,0.0,0.0,0.0,0.0,0.0,0.0,0.0,0.0,0.0,0.0,0.0,0.0,0.0,0.0
/Users/josephkamil/Desktop/Capstone/Oly_Data/raw/snatch_mp4/-R8O1oRTmaw_01565_01796.mp4,snatch_mp4,-R8O1oRTmaw_01565_01796.mp4,1.01,snatch,,yes,,olympic,snatch_youtube_-r8o1ortmaw,train,053f82333957f00461143115d3637ec1a2e054e96003392167123ec5031ed699,1.0,053f82333957f00461143115d3637ec1a2e054e96003392167123ec5031ed699,232,232,1.0,139.62176513671875,41.951194763183594,38.65920639038086,179.21517944335938,3.515960693359375,126.6494140625,41.3049201965332,32.47166061401367,179.2548828125,74.9402084350586,170.93246459960938,6.179576873779297,130.62684631347656,179.33248901367188,-7.50006103515625,0.0,0.0,0.0,0.0,0.0,0.486979603767395,0.1746119260787964,0.2471613734960556,0.7031933069229126,-0.364659309387207,0.5853030681610107,0.060916107147932,0.4362314939498901,0.7221952676773071,8.404254913330078e-06,0.1526983082294464,0.0503684692084789,0.0047858003526926,0.2237676531076431,-0.1946750283241272,0.4353448152542114,1.0,0.3663793206214905,0.7974137663841248,0.4353448152542114,38.65920639038086,32.47166061401367,179.33248901367188,0.0,0.2284482717514038,0.4137931168079376,0.0526595711708068,0.0065033598802983,0.0641775727272033,0.0046961451880633,0.0,0.0,38.65920639038086,145.6147918701172,0.0,0.0,0.0,0.0,0.0,0.0,0.0,0.0,0.0,0.0,0.0,0.0,0.0,0.0,0.0,0.0,0.0,0.0,0.0,0.0,0.0,0.0,0.0,0.0,0.0,0.0
/Users/josephkamil/Desktop/Capstone/Oly_Data/raw/snatch_mp4/qnkisPB3PPY_00154_00427.mp4,snatch_mp4,qnkisPB3PPY_00154_00427.mp4,0.4,snatch,,yes,,olympic,snatch_youtube_qnkispb3ppy,dev,6a3798b85399b27e0dd1f4989524d796d35b45dd0f4c75b383f610b6cd288c96,1.0,6a3798b85399b27e0dd1f4989524d796d35b45dd0f4c75b383f610b6cd288c96,274,180,0.656934306569343,159.14418029785156,30.15015983581543,10.01875114440918,179.23477172851562,-6.9967803955078125,154.93553161621094,35.20588302612305,12.260225296020508,179.12106323242188,83.22872161865234,146.85784912109375,34.05475997924805,14.49510383605957,178.71792602539062,32.80958557128906,0.0,0.0,0.0,0.0,0.0,0.4647717773914337,0.1212910264730453,0.3452045321464538,0.7083314061164856,-0.2298252582550048,0.5091379880905151,0.0508068092167377,0.3789190053939819,0.5624097585678101,-0.0406617522239685,0.078278973698616,0.0362992919981479,0.0059655853547155,0.1684253811836242,0.0824897810816764,0.6333333253860474,1.0,0.0277777779847383,0.8999999761581421,0.8777777552604675,10.01875114440918,12.260225296020508,178.71792602539062,0.0,0.7722222208976746,0.7555555701255798,0.3235541582107544,0.023793077096343,0.159150093793869,0.007596478331834,0.25,0.0,56.473148345947266,10.01875114440918,0.0,0.0,0.0,0.0,0.0,0.0,0.0,0.0,0.0,0.0,0.0,0.0,0.0,0.0,0.0,0.0,0.0,0.0,0.0,0.0,0.0,0.0,0.0,0.0,0.0,0.0
/Users/josephkamil/Desktop/Capstone/Oly_Data/raw/snatch_mp4/DX9_nCDNVfk_00120_00450.mp4,snatch_mp4,DX9_nCDNVfk_00120_00450.mp4,0.76,snatch,,yes,,olympic,snatch_youtube_dx9_ncdnvfk,train,eec25e399b70e8cb2ef4c5055849508899368c627e06e12f3cf528e4762aaec1,1.0,eec25e399b70e8cb2ef4c5055849508899368c627e06e12f3cf528e4762aaec1,331,291,0.879154078549849,116.20697784423828,65.9859848022461,8.341994285583496,179.07421875,2.38092041015625,121.02798461914062,58.71894836425781,14.577080726623535,179.13890075683594,5.05023193359375,164.3559112548828,17.163389205932617,42.68130874633789,178.603759765625,48.3880615234375,0.0,0.0,0.0,0.0,0.0,0.6455011963844299,0.1327031999826431,0.4042416214942932,0.8011575937271118,-0.2128769755363464,0.7137503623962402,0.0608134046196937,0.6232489347457886,0.8101203441619873,-0.1363435983657837,0.0965610370039939,0.0175222512334585,0.0164809599518775,0.1574591547250747,-0.0039374902844429,0.3092783391475677,1.0,0.0206185560673475,0.7147766351699829,0.6975945234298706,8.341994285583496,14.577080726623535,178.603759765625,0.0,0.0927835032343864,0.1718213111162185,0.1724565625190735,0.0074708494357764,0.089242398738861,0.003944999538362,0.0,0.0,8.341994285583496,114.7105484008789,0.0,0.0,0.0,0.0,0.0,0.0,0.0,0.0,0.0,0.0,0.0,0.0,0.0,0.0,0.0,0.0,0.0,0.0,0.0,0.0,0.0,0.0,0.0,0.0,0.0,0.0
/Users/josephkamil/Desktop/Capstone/Oly_Data/raw/snatch_mp4/-tl9NgfDKus_02564_02720.mp4,snatch_mp4,-tl9NgfDKus_02564_02720.mp4,1.16,snatch,,yes,,olympic,snatch_youtube_-tl9ngfdkus,train,fdf43542e58bd62449ba58a5fdbe613d5a81ac001aae6407679b47150e661488,1.0,fdf43542e58bd62449ba58a5fdbe613d5a81ac001aae6407679b47150e661488,156,156,1.0,129.4092559814453,48.58173370361328,22.118961334228516,172.96852111816406,149.99407958984375,122.89225006103516,47.97504425048828,17.28701400756836,165.55630493164062,144.54209899902344,167.11573791503906,10.613877296447754,131.0052032470703,179.44337463378906,-28.805831909179688,0.0,0.0,0.0,0.0,0.0,0.3846150636672973,0.2227714508771896,0.1229477226734161,0.7594000101089478,-0.4913323223590851,0.6232661604881287,0.065603882074356,0.5528846979141235,0.7940336465835571,-0.0970684289932251,0.1890060007572174,0.06236282736063,0.0173370633274316,0.292102038860321,-0.1309869289398193,0.6153846383094788,1.0,0.3333333432674408,0.9935897588729858,0.6666666865348816,22.118961334228516,17.28701400756836,179.44337463378906,0.0,0.0192307699471712,0.0,0.0901207327842712,0.0091906078159809,0.0489895343780517,0.0072550997138023,0.0,0.0,22.118961334228516,156.13851928710938,0.0,0.0,0.0,0.0,0.0,0.0,0.0,0.0,0.0,0.0,0.0,0.0,0.0,0.0,0.0,0.0,0.0,0.0,0.0,0.0,0.0,0.0,0.0,0.0,0.0,0.0
/Users/josephkamil/Desktop/Capstone/Oly_Data/raw/snatch_mp4/YInVzhc2KAo_00001_00298.mp4,snatch_mp4,YInVzhc2KAo_00001_00298.mp4,1.92,snatch,,yes,,olympic,snatch_youtube_yinvzhc2kao,train,e2e73916c3f488f8ad1e4a6eb4d3e6b5c5f706b1f658c5fde4bfa59f9ae3fb72,1.0,e2e73916c3f488f8ad1e4a6eb4d3e6b5c5f706b1f658c5fde4bfa59f9ae3fb72,298,296,0.9932885906040269,151.37461853027344,28.45407485961914,74.14544677734375,179.57086181640625,15.272171020507812,147.0801544189453,31.910181045532227,1.543364644050598,179.60670471191406,13.8929443359375,151.5836181640625,38.96128845214844,3.037073135375977,179.46170043945312,-38.33985900878906,0.0,0.0,0.0,0.0,0.0,0.3749576210975647,0.2509585916996002,-0.0395016893744468,0.764661431312561,-0.3619790077209472,0.5529210567474365,0.0835744366049766,0.3834344148635864,0.7380008697509766,-0.1320544779300689,0.1927311569452285,0.0505954511463642,0.0314963236451149,0.2528211772441864,-0.1094454973936081,0.5067567825317383,1.0,0.3006756901741028,0.9864864945411682,0.6891891956329346,74.14544677734375,1.543364644050598,179.46170043945312,0.0,0.4459459483623504,0.8074324131011963,0.0790101289749145,0.0122023718431591,0.0416645407676696,0.0058324299752712,1.0,0.0,74.14544677734375,82.89859771728516,0.0,0.0,0.0,0.0,0.0,0.0,0.0,0.0,0.0,0.0,0.0,0.0,0.0,0.0,0.0,0.0,0.0,0.0,0.0,0.0,0.0,0.0,0.0,0.0,0.0,0.0
/Users/josephkamil/Desktop/Capstone/Oly_Data/raw/snatch_mp4/Vl7SQWaLh-I_01040_01378.mp4,snatch_mp4,Vl7SQWaLh-I_01040_01378.mp4,0.84,snatch,,yes,,olympic,snatch_youtube_vl7sqwalh-i,train,8ebd97445a98b90346bad8430d220f174fd3d972844d529330abff01bdf16220,1.0,8ebd97445a98b90346bad8430d220f174fd3d972844d529330abff01bdf16220,339,331,0.976401179941003,96.88001251220705,68.72266387939453,0.7744317054748535,179.48545837402344,43.07206726074219,106.59532165527344,62.46312713623047,0.7014607787132263,179.63328552246094,51.184539794921875,165.03921508789062,29.468334197998047,3.2467024326324463,179.3008575439453,-11.444992065429688,0.0,0.0,0.0,0.0,0.0,0.6369335055351257,0.2644033133983612,0.0915257930755615,0.8897650837898254,-0.2662088871002197,0.6587213277816772,0.0930845066905021,0.5183957815170288,0.8736037015914917,-0.1449651718139648,0.1707214266061782,0.0606093481183052,0.0077538946643471,0.2930918037891388,0.0546513199806213,0.2719033360481262,1.0,0.4954682886600494,0.8580060601234436,0.365558922290802,0.7744317054748535,0.7014607787132263,179.3008575439453,0.0,0.3383685946464538,0.3625377714633941,0.2785615026950836,0.0200613420456647,0.07597017288208,0.0057040392421185,0.0,1.0,0.7744317054748535,19.927410125732425,0.0,0.0,0.0,0.0,0.0,0.0,0.0,0.0,0.0,0.0,0.0,0.0,0.0,0.0,0.0,0.0,0.0,0.0,0.0,0.0,0.0,0.0,0.0,0.0,0.0,0.0
/Users/josephkamil/Desktop/Capstone/Oly_Data/raw/snatch_mp4/E9sPllx4G8M_01430_01678.mp4,snatch_mp4,E9sPllx4G8M_01430_01678.mp4,0.87,snatch,,yes,,olympic,snatch_youtube_e9spllx4g8m,test,e17bcc6eb0013be881d9f4fd4b9c66388cd74c09df824a05ecf229884cf2bc5d,1.0,e17bcc6eb0013be881d9f4fd4b9c66388cd74c09df824a05ecf229884cf2bc5d,249,240,0.963855421686747,142.38706970214844,42.63945388793945,25.172386169433594,178.5150146484375,109.97584533691406,137.25514221191406,36.59876251220703,42.026161193847656,166.81834411621094,107.09656524658205,158.03187561035156,27.78064346313477,4.547728538513184,178.4873504638672,-14.635528564453123,0.0,0.0,0.0,0.0,0.0,0.4228370785713196,0.1531823873519897,0.2069863080978393,0.7485463619232178,-0.2947015762329101,0.5988852381706238,0.0626090541481971,0.4502640962600708,0.7753368616104126,-0.1097580194473266,0.0983358398079872,0.045288860797882,0.0049270368181169,0.1856192499399185,-0.1080196872353553,0.699999988079071,1.0,0.1749999970197677,0.9958333373069764,0.824999988079071,25.172386169433594,42.026161193847656,178.4873504638672,0.0,0.2291666716337204,0.2291666716337204,0.0410952568054199,0.0069785458035767,0.0578896403312683,0.0048813177272677,1.0,0.0,25.172386169433594,115.08267974853516,0.0,0.0,0.0,0.0,0.0,0.0,0.0,0.0,0.0,0.0,0.0,0.0,0.0,0.0,0.0,0.0,0.0,0.0,0.0,0.0,0.0,0.0,0.0,0.0,0.0,0.0
/Users/josephkamil/Desktop/Capstone/Oly_Data/raw/snatch_mp4/iEByXfUcsMw_00339_00684.mp4,snatch_mp4,iEByXfUcsMw_00339_00684.mp4,0.65,snatch,,yes,,olympic,snatch_youtube_iebyxfucsmw,train,e8dd73f6c960941e2173c65318e98ede54dddc6ee95225ae29a7a5212a007d1e,1.0,e8dd73f6c960941e2173c65318e98ede54dddc6ee95225ae29a7a5212a007d1e,346,345,0.9971098265895952,126.53609466552734,30.679140090942383,35.45307540893555,170.77281188964844,14.29425048828125,56.71158218383789,32.092464447021484,30.667564392089844,179.03634643554688,79.33531188964844,174.75314331054688,8.414558410644531,67.22724914550781,178.58331298828125,-6.8704071044921875,0.0,0.0,0.0,0.0,0.0,0.6868665814399719,0.0671459436416626,0.4512218534946441,0.7251871228218079,-0.0890584588050842,0.6042360067367554,0.0326742865145206,0.5435909628868103,0.7100816965103149,-0.0413058400154113,0.09742022305727,0.0185166001319885,0.0083387941122055,0.1416043788194656,0.0329916179180145,0.0840579718351364,1.0,0.7072463631629944,0.8753623366355896,0.1710144877433776,35.45307540893555,30.667564392089844,178.58331298828125,0.0,0.8579710125923157,0.1710144877433776,0.0625295639038086,0.0029907815624028,0.0419321060180664,0.002145251026377,0.875,1.0,116.08235931396484,35.45307540893555,0.0,0.0,0.0,0.0,0.0,0.0,0.0,0.0,0.0,0.0,0.0,0.0,0.0,0.0,0.0,0.0,0.0,0.0,0.0,0.0,0.0,0.0,0.0,0.0,0.0,0.0
/Users/josephkamil/Desktop/Capstone/Oly_Data/raw/snatch_mp4/1DX0IXizcHg_01872_02045.mp4,snatch_mp4,1DX0IXizcHg_01872_02045.mp4,1.13,snatch,,yes,,olympic,snatch_youtube_1dx0ixizchg,test,b87a27bf73c2f5f6c38fc3bdbaa24f1968f4068e107866c67d05d53b52ef7f4d,1.0,b87a27bf73c2f5f6c38fc3bdbaa24f1968f4068e107866c67d05d53b52ef7f4d,173,173,1.0,119.32356262207033,48.28337097167969,37.94540786743164,179.48854064941406,14.134048461914062,118.44612884521484,43.88482666015625,37.30341339111328,177.74514770507812,12.43999481201172,159.9237823486328,22.301942825317383,7.396215438842773,179.0790557861328,-7.5590972900390625,0.0,0.0,0.0,0.0,0.0,0.4945291578769684,0.227479338645935,0.2289812117815017,0.8593313694000244,0.070708155632019,0.7237371802330017,0.0730586275458335,0.5046718716621399,0.876203179359436,0.0050148963928222,0.1692669838666916,0.0475945174694061,0.0638094469904899,0.2459971457719802,0.0654333978891372,0.589595377445221,1.0,0.2890173494815826,0.8728323578834534,0.589595377445221,37.94540786743164,37.30341339111328,179.0790557861328,0.0,0.0751445069909095,0.0751445069909095,0.1596842408180236,0.0143727455288171,0.1134883165359497,0.006889394018799,0.0,0.0,37.94540786743164,58.2166633605957,0.0,0.0,0.0,0.0,0.0,0.0,0.0,0.0,0.0,0.0,0.0,0.0,0.0,0.0,0.0,0.0,0.0,0.0,0.0,0.0,0.0,0.0,0.0,0.0,0.0,0.0
/Users/josephkamil/Desktop/Capstone/Oly_Data/raw/snatch_mp4/DzxjlFoyd8U_00240_00623.mp4,snatch_mp4,DzxjlFoyd8U_00240_00623.mp4,2.18,snatch,,yes,,olympic,snatch_youtube_dzxjlfoyd8u,train,5a443aa9c062bf00ef1dfad62353665184c03d1b019c1461507f1d4696ea14f7,1.0,5a443aa9c062bf00ef1dfad62353665184c03d1b019c1461507f1d4696ea14f7,384,377,0.9817708333333334,99.37601470947266,60.03113555908203,2.4902799129486084,177.78179931640625,-12.94208526611328,114.90269470214844,60.19590377807617,3.1517326831817627,179.68582153320312,12.533706665039062,150.5066375732422,29.78706169128418,3.6446611881256104,179.39076232910156,2.655670166015625,0.0,0.0,0.0,0.0,0.0,0.5296743512153625,0.1683827191591262,0.1112860888242721,0.800202488899231,0.1681315302848816,0.6635144948959351,0.095295563340187,0.3911857008934021,0.8903148174285889,0.2229472994804382,0.1564795821905136,0.071480393409729,0.0237700399011373,0.3234228193759918,0.217083066701889,0.3501326143741607,1.0,0.4164456129074096,0.7718833088874817,0.358090192079544,2.4902799129486084,3.1517326831817627,179.39076232910156,0.0,0.209549069404602,0.2811671197414398,0.1456024050712585,0.0155110843479633,0.1038451194763183,0.0074840886518359,0.0,0.0,2.4902799129486084,6.069118022918701,0.0,0.0,0.0,0.0,0.0,0.0,0.0,0.0,0.0,0.0,0.0,0.0,0.0,0.0,0.0,0.0,0.0,0.0,0.0,0.0,0.0,0.0,0.0,0.0,0.0,0.0
/Users/josephkamil/Desktop/Capstone/Oly_Data/raw/snatch_mp4/8ayxz86QCng_00001_00552.mp4,snatch_mp4,8ayxz86QCng_00001_00552.mp4,1.8,snatch,,yes,,olympic,snatch_youtube_8ayxz86qcng,dev,5ad8a9a6031ad29edfa68241cbc22c35c93c80e0927d7d5115d385a5cf87c6ab,1.0,5ad8a9a6031ad29edfa68241cbc22c35c93c80e0927d7d5115d385a5cf87c6ab,552,389,0.7047101449275363,155.78558349609375,35.98148727416992,3.189704418182373,179.22540283203125,41.528175354003906,160.08590698242188,33.93587112426758,18.304779052734375,179.27120971679688,-26.188491821289062,140.01295471191406,40.692176818847656,2.368569850921631,177.8634033203125,39.02545166015625,0.0,0.0,0.0,0.0,0.0,0.450843334197998,0.0720458030700683,0.2834385931491852,0.6138916015625,-0.1118483543395996,0.4707563519477844,0.0354098342359066,0.307194709777832,0.5723556280136108,0.1559707820415496,0.0736034065485,0.028898399323225,0.0045232349075376,0.1266835182905197,0.053634725511074,0.1491002589464187,1.0,0.5141388177871704,0.8894601464271545,0.3778920173645019,3.189704418182373,18.304779052734375,177.8634033203125,0.0,0.5141388177871704,0.6015424132347107,0.0898951888084411,0.0073910797946155,0.1239416599273681,0.0049831643700599,0.5,1.0,3.189704418182373,11.835928916931152,0.0,0.0,0.0,0.0,0.0,0.0,0.0,0.0,0.0,0.0,0.0,0.0,0.0,0.0,0.0,0.0,0.0,0.0,0.0,0.0,0.0,0.0,0.0,0.0,0.0,0.0
/Users/josephkamil/Desktop/Capstone/Oly_Data/raw/snatch_mp4/xJGHLhnJVFs_01193_01411.mp4,snatch_mp4,xJGHLhnJVFs_01193_01411.mp4,0.67,snatch,,yes,,olympic,snatch_youtube_xjghlhnjvfs,train,2aee1ae284b37e4c6900d3c9842fe87b400cdec815ea02d53c45179819024028,1.0,2aee1ae284b37e4c6900d3c9842fe87b400cdec815ea02d53c45179819024028,219,219,1.0,141.82669067382812,52.4578971862793,37.52629470825195,179.48550415039062,42.36235046386719,139.97415161132812,49.155296325683594,45.25278091430664,178.69564819335938,53.46478271484375,173.82061767578125,11.729379653930664,54.36772155761719,179.07594299316406,0.8036651611328125,0.0,0.0,0.0,0.0,0.0,0.3869488835334778,0.1435229927301406,0.1889611780643463,0.7151021957397461,-0.2371860146522522,0.6068494915962219,0.0946487709879875,0.5031816363334656,0.7883105278015137,-0.1116005182266235,0.1335544437170028,0.0305594578385353,0.0222071390599012,0.1984450668096542,0.0163411051034927,0.6164383292198181,1.0,0.1324200928211212,0.7442922592163086,0.6164383292198181,37.52629470825195,45.25278091430664,179.07594299316406,0.0,0.1598173528909683,0.2465753406286239,0.1110336184501648,0.0078074824996292,0.1432645320892334,0.0036361035890877,1.0,0.0,37.52629470825195,173.37222290039062,0.0,0.0,0.0,0.0,0.0,0.0,0.0,0.0,0.0,0.0,0.0,0.0,0.0,0.0,0.0,0.0,0.0,0.0,0.0,0.0,0.0,0.0,0.0,0.0,0.0,0.0
/Users/josephkamil/Desktop/Capstone/Oly_Data/raw/snatch_mp4/9n9JfJKIUwU_00001_00177.mp4,snatch_mp4,9n9JfJKIUwU_00001_00177.mp4,0.9,snatch,,yes,,olympic,snatch_youtube_9n9jfjkiuwu,train,1391f40d4d9f41f8924050bdc70fbb3472adaacd1dbebe21a8f00b110fad18f1,1.0,1391f40d4d9f41f8924050bdc70fbb3472adaacd1dbebe21a8f00b110fad18f1,177,174,0.9830508474576272,137.5113983154297,49.35740280151367,12.589744567871094,179.1354522705078,-25.401031494140625,123.35403442382812,60.073856353759766,5.588888645172119,179.37661743164062,-7.67486572265625,158.02383422851562,28.040496826171875,34.65459442138672,178.88238525390625,12.135589599609377,0.0,0.0,0.0,0.0,0.0,0.5062553882598877,0.1532234996557235,0.2048458456993103,0.7456899881362915,0.0703317821025848,0.5685379505157471,0.0749386474490165,0.4674446880817413,0.7253727912902832,0.0919597148895263,0.1224713623523712,0.0263649616390466,0.0244019292294979,0.1706147789955139,0.0056415498256683,0.2988505661487579,1.0,0.6091954112052917,0.902298867702484,0.2988505661487579,12.589744567871094,5.588888645172119,178.88238525390625,0.0,0.545976996421814,0.7011494040489197,0.0838516354560852,0.0121940271928906,0.0870906114578247,0.0073657697066664,0.0,1.0,26.74703788757324,12.589744567871094,0.0,0.0,0.0,0.0,0.0,0.0,0.0,0.0,0.0,0.0,0.0,0.0,0.0,0.0,0.0,0.0,0.0,0.0,0.0,0.0,0.0,0.0,0.0,0.0,0.0,0.0
/Users/josephkamil/Desktop/Capstone/Oly_Data/raw/snatch_mp4/1DX0IXizcHg_01068_01291.mp4,snatch_mp4,1DX0IXizcHg_01068_01291.mp4,0.99,snatch,,yes,,olympic,snatch_youtube_1dx0ixizchg,test,18a1f71c3602b975dfb19123dfa7b18381aa518cb660ee35d19627e7cd96729f,1.0,18a1f71c3602b975dfb19123dfa7b18381aa518cb660ee35d19627e7cd96729f,223,222,0.9955156950672646,136.91465759277344,46.95549392700195,1.886665105819702,179.47451782226562,61.257415771484375,140.98483276367188,45.14191055297851,6.402710437774658,179.58900451660156,65.3772201538086,161.21609497070312,33.239356994628906,14.82343864440918,179.3611602783203,-14.255722045898438,0.0,0.0,0.0,0.0,0.0,0.4814583659172058,0.2580320239067077,0.1686965823173523,0.8378990888595581,-0.0191686153411865,0.6739704608917236,0.0565175786614418,0.5183589458465576,0.7811800241470337,-0.0804901123046875,0.1848535984754562,0.0433704517781734,0.0268080402165651,0.2694026529788971,0.0135450810194015,0.5540540814399719,1.0,0.3828828930854797,0.9324324131011964,0.5540540814399719,1.886665105819702,6.402710437774658,179.3611602783203,0.0,0.4324324429035187,0.4324324429035187,0.2227106690406799,0.013079316355288,0.0963483452796936,0.0062987273558974,1.0,0.0,1.886665105819702,124.6683120727539,0.0,0.0,0.0,0.0,0.0,0.0,0.0,0.0,0.0,0.0,0.0,0.0,0.0,0.0,0.0,0.0,0.0,0.0,0.0,0.0,0.0,0.0,0.0,0.0,0.0,0.0
/Users/josephkamil/Desktop/Capstone/Oly_Data/raw/snatch_mp4/iEByXfUcsMw_01636_01920.mp4,snatch_mp4,iEByXfUcsMw_01636_01920.mp4,0.61,snatch,,yes,,olympic,snatch_youtube_iebyxfucsmw,train,cd1fc7b9a061d8d72b0237dfa125340972ef92812d3b8ec70d18eee84991ecbc,1.0,cd1fc7b9a061d8d72b0237dfa125340972ef92812d3b8ec70d18eee84991ecbc,285,269,0.9438596491228072,118.97003936767578,52.42652893066406,41.13528060913086,179.1829833984375,83.1384048461914,115.25366973876952,53.44452667236328,27.43560791015625,178.09490966796875,78.27252960205078,168.95742797851562,16.82352066040039,60.547637939453125,178.5567626953125,3.734100341796875,0.0,0.0,0.0,0.0,0.0,0.5952320694923401,0.1464732885360717,0.4100114703178406,0.7775603532791138,-0.1986629366874694,0.6836629509925842,0.0491948686540126,0.6165025234222412,0.7758502960205078,-0.0996640920639038,0.0891134291887283,0.0218435432761907,0.0126355243846774,0.1211216151714325,-0.0434836447238922,0.4832713901996612,1.0,0.3940520584583282,0.9776951670646667,0.5873606204986572,41.13528060913086,27.43560791015625,178.5567626953125,0.0,0.0297397766262292,0.0297397766262292,0.1675850749015808,0.0057700998149812,0.0339964628219604,0.0023595965467393,0.0,0.0,41.13528060913086,132.52908325195312,0.0,0.0,0.0,0.0,0.0,0.0,0.0,0.0,0.0,0.0,0.0,0.0,0.0,0.0,0.0,0.0,0.0,0.0,0.0,0.0,0.0,0.0,0.0,0.0,0.0,0.0
/Users/josephkamil/Desktop/Capstone/Oly_Data/raw/snatch_mp4/2Rms41zxbqI_00060_00434.mp4,snatch_mp4,2Rms41zxbqI_00060_00434.mp4,0.97,snatch,,yes,,olympic,snatch_youtube_2rms41zxbqi,train,f6c8b00404ab0e9c99c59d8a402c75194d0205594c8f0847efadcd8c6bfbd58b,1.0,f6c8b00404ab0e9c99c59d8a402c75194d0205594c8f0847efadcd8c6bfbd58b,374,374,1.0,129.41505432128906,46.0660400390625,24.535659790039062,179.49465942382812,46.80780029296875,103.1342544555664,51.74726486206055,37.06182861328125,179.47486877441406,102.798828125,167.1775360107422,10.926586151123049,88.99944305419922,179.33441162109375,-1.4915313720703125,0.0,0.0,0.0,0.0,0.0,0.4363231062889099,0.2565759718418121,0.0692142024636268,0.7677609920501709,-0.1969664096832275,0.5981349945068359,0.0821814462542533,0.4184580743312835,0.7902501821517944,0.0435269474983215,0.1913218349218368,0.0324791334569454,0.0440318882465362,0.2496227622032165,-0.0402233004570007,0.5080214142799377,1.0,0.4171122908592224,0.9224599003791808,0.5080214142799377,24.535659790039062,37.06182861328125,179.33441162109375,0.0,0.4438502788543701,0.446524053812027,0.3175606727600097,0.00708419829607,0.1313989162445068,0.0042943712323904,1.0,0.0,24.535659790039062,31.6286678314209,0.0,0.0,0.0,0.0,0.0,0.0,0.0,0.0,0.0,0.0,0.0,0.0,0.0,0.0,0.0,0.0,0.0,0.0,0.0,0.0,0.0,0.0,0.0,0.0,0.0,0.0
/Users/josephkamil/Desktop/Capstone/Oly_Data/raw/snatch_mp4/LBXdfklSpVg_05368_05760.mp4,snatch_mp4,LBXdfklSpVg_05368_05760.mp4,1.13,snatch,,yes,,olympic,snatch_youtube_lbxdfklspvg,test,fe326e4e0d84764203ecd3ae6ef129ce1b867bd64403473bdae8e52cdb85cdeb,1.0,fe326e4e0d84764203ecd3ae6ef129ce1b867bd64403473bdae8e52cdb85cdeb,393,393,1.0,106.63311004638672,64.08407592773438,4.0941619873046875,179.36862182617188,43.59288024902344,110.03614044189452,60.68630599975586,2.04949688911438,179.47154235839844,76.65543365478516,166.05050659179688,10.508578300476074,104.69569396972656,179.08409118652344,16.105758666992188,0.0,0.0,0.0,0.0,0.0,0.5954176187515259,0.1836301386356353,0.232840746641159,0.7577546834945679,-0.208612859249115,0.6365867853164673,0.0759965106844902,0.5163741707801819,0.736128568649292,-0.1249134540557861,0.1372014135122299,0.0288800485432147,0.0239465218037366,0.2002239227294922,0.0280940383672714,0.2595419883728027,1.0,0.554707407951355,0.8117048144340515,0.2595419883728027,4.0941619873046875,2.04949688911438,179.08409118652344,0.0,0.4783715009689331,0.4758269786834717,0.0395454466342926,0.0031892496626824,0.026616096496582,0.0025830627419054,0.0,1.0,4.0941619873046875,7.797721385955811,0.0,0.0,0.0,0.0,0.0,0.0,0.0,0.0,0.0,0.0,0.0,0.0,0.0,0.0,0.0,0.0,0.0,0.0,0.0,0.0,0.0,0.0,0.0,0.0,0.0,0.0
/Users/josephkamil/Desktop/Capstone/Oly_Data/raw/snatch_mp4/cSxxajrTO5w_00365_00710.mp4,snatch_mp4,cSxxajrTO5w_00365_00710.mp4,0.73,snatch,,yes,,olympic,snatch_youtube_csxxajrto5w,dev,e69a8be5499a3e85b331d1da7c508d8f586dbb848fd2bcff31325e04dc0e2962,1.0,e69a8be5499a3e85b331d1da7c508d8f586dbb848fd2bcff31325e04dc0e2962,346,266,0.7687861271676301,134.8315887451172,51.08324432373047,5.474249362945557,179.34829711914062,13.2720947265625,143.22015380859375,45.81928253173828,9.75511360168457,179.51800537109375,9.586807250976562,138.80215454101562,32.08935546875,3.418635606765747,178.76296997070312,35.49055480957031,0.0,0.0,0.0,0.0,0.0,0.5663447380065918,0.1487230211496353,0.2622770965099334,0.7872908115386963,-0.1345683932304382,0.6534886360168457,0.0814903229475021,0.5288039445877075,0.7766212224960327,-0.055346131324768,0.0730451419949531,0.0295660868287086,0.0189553331583738,0.2061225622892379,0.0151517651975154,0.169172927737236,1.0,0.3120300769805908,0.8233082890510559,0.5150375962257385,5.474249362945557,9.75511360168457,178.76296997070312,0.0,0.1654135286808014,0.2067669183015823,0.2734132409095764,0.0142998388037085,0.0800044536590576,0.005792748183012,0.0,0.0,5.474249362945557,154.42066955566406,0.0,0.0,0.0,0.0,0.0,0.0,0.0,0.0,0.0,0.0,0.0,0.0,0.0,0.0,0.0,0.0,0.0,0.0,0.0,0.0,0.0,0.0,0.0,0.0,0.0,0.0
/Users/josephkamil/Desktop/Capstone/Oly_Data/raw/real_snatch/snatch_correct_320x240.mp4,real_snatch,snatch_correct_320x240.mp4,0.28,snatch,,yes,,olympic,snatch_sha_71df866b99014d4d,dev,71df866b99014d4df4d698f7a58e24b98910db6f80a00116ef5c7fb91563375b,2.0,71df866b99014d4df4d698f7a58e24b98910db6f80a00116ef5c7fb91563375b,678,666,0.9823008849557522,142.84161376953125,34.78715515136719,11.05881118774414,179.4039306640625,15.388595581054688,91.30937957763672,51.47214889526367,30.46026611328125,179.5590057373047,125.83209228515624,152.897705078125,45.6472053527832,1.730154275894165,179.08236694335938,-60.55604553222656,0.0,0.0,0.0,0.0,0.0,0.6287953853607178,0.1788696050643921,0.0990591198205947,0.7924965620040894,-0.3965434432029724,0.5992935299873352,0.0778211280703544,0.4492730498313904,0.750779390335083,-0.0934007167816162,0.1333168596029281,0.0474652051925659,0.0114505887031555,0.1988482177257537,-0.0678786039352417,0.1681681722402572,1.0,0.4489489495754242,0.9069069027900696,0.4594594538211822,11.05881118774414,30.46026611328125,179.08236694335938,0.0,0.7612612843513489,0.4534534513950348,0.2039754837751388,0.0127959689125418,0.1319783329963684,0.0042735771276056,0.0,0.0,25.837261199951172,11.05881118774414,0.0,0.0,0.0,0.0,0.0,0.0,0.0,0.0,0.0,0.0,0.0,0.0,0.0,0.0,0.0,0.0,0.0,0.0,0.0,0.0,0.0,0.0,0.0,0.0,0.0,0.0
/Users/josephkamil/Desktop/Capstone/Oly_Data/raw/real_snatch/snatch- correct.mov,real_snatch,snatch- correct.mov,67.18,snatch,,yes,,olympic,snatch_sha_6ef0832af7d18fe5,train,6ef0832af7d18fe5ffd17d71afd67671f470e308a2d563f37b44fc5b445e6f64,1.0,6ef0832af7d18fe5ffd17d71afd67671f470e308a2d563f37b44fc5b445e6f64,938,825,0.8795309168443497,125.51871490478516,44.96753692626953,8.482185363769531,179.49667358398438,120.65251922607422,81.86032104492188,49.04117584228515,31.45338249206543,179.55677795410156,120.52274322509766,153.0754852294922,48.9886589050293,1.9157066345214844,179.21530151367188,-8.79571533203125,0.0,0.0,0.0,0.0,0.0,0.6547935605049133,0.1913336664438247,0.1839465498924255,0.8322301506996155,-0.2435276508331298,0.6042240858078003,0.0692305192351341,0.4785958528518677,0.7465807199478149,-0.0525873899459838,0.1573002487421035,0.058253675699234,0.0099593801423907,0.2346370816230774,0.0191033333539962,0.2339393943548202,1.0,0.455757588148117,0.9127272963523864,0.4581818282604217,8.482185363769531,31.45338249206543,179.21530151367188,0.0,0.6763636469841003,0.0799999982118606,0.2392516732215881,0.0086257895454764,0.0669881105422973,0.0027775838971138,0.0,1.0,12.425395011901855,8.482185363769531,0.0,0.0,0.0,0.0,0.0,0.0,0.0,0.0,0.0,0.0,0.0,0.0,0.0,0.0,0.0,0.0,0.0,0.0,0.0,0.0,0.0,0.0,0.0,0.0,0.0,0.0
/Users/josephkamil/Desktop/Capstone/Oly_Data/raw/real_clean/clean-correct.mov,real_clean,clean-correct.mov,42.11,clean,,yes,,olympic,clean_sha_b7912661a32fb269,train,b7912661a32fb269b1106f5db4c33fd204488f3be28c6dc63b95fd47de2d0bbf,1.0,b7912661a32fb269b1106f5db4c33fd204488f3be28c6dc63b95fd47de2d0bbf,550,520,0.9454545454545454,133.43431091308594,38.27045822143555,2.1989800930023193,179.49742126464844,101.52092742919922,115.2379913330078,44.398067474365234,20.310182571411133,179.54347229003906,47.88926696777344,130.86671447753906,68.18159484863281,1.8807655572891235,179.299072265625,13.8662109375,0.0,0.0,0.0,0.0,0.0,0.5849718451499939,0.1816984862089157,0.2230250388383865,0.7689712643623352,-0.2291116714477539,0.5692734718322754,0.0600968450307846,0.4534681439399719,0.6580699682235718,-0.1424452662467956,0.155008316040039,0.0861875489354133,0.0072461771778762,0.2447483241558075,0.1755305528640747,0.2076923102140426,1.0,0.0019230769248679,0.8769230842590332,0.8769230842590332,2.1989800930023193,20.310182571411133,179.299072265625,0.0,0.050000000745058,0.0134615385904908,0.1002475023269653,0.010264472104609,0.0428714752197265,0.0036258720792829,0.0,0.0,2.1989800930023193,83.16405487060547,0.0,0.0,0.0,0.0,0.0,0.0,0.0,0.0,0.0,0.0,0.0,0.0,0.0,0.0,0.0,0.0,0.0,0.0,0.0,0.0,0.0,0.0,0.0,0.0,0.0,0.0
/Users/josephkamil/Desktop/Capstone/Oly_Data/raw/jerk/splitjerk-correct.mov,jerk,splitjerk-correct.mov,198.33,split_jerk,,yes,,olympic,split_jerk_sha_4a4c4eb1674cee28,dev,4a4c4eb1674cee2810f4c5f7d6d903cf1d957a81f6dc431fb751ea1200d6eda0,1.0,4a4c4eb1674cee2810f4c5f7d6d903cf1d957a81f6dc431fb751ea1200d6eda0,4342,4341,0.999769691386458,167.24415588378906,17.968320846557617,6.5647406578063965,179.5301513671875,-1.6025238037109375,171.25054931640625,15.01650047302246,3.500540256500244,179.60475158691406,6.3050537109375,105.98583221435548,73.59688568115234,1.4069358110427856,179.33169555664062,159.02166748046875,0.0,0.0,0.0,0.0,0.0,0.2765969932079315,0.1165475994348526,0.0453719720244407,0.5693151950836182,-0.1964967250823974,0.5680307149887085,0.0438556782901287,0.4617871046066284,0.6994367837905884,-0.0268895626068115,0.1072462871670723,0.0788381174206733,0.0004859453765675,0.2490463405847549,0.1730988919734954,0.77125084400177,1.0,0.0,0.9997696280479432,1.0,6.5647406578063965,3.500540256500244,179.33169555664062,0.0,0.7274821400642395,0.7254089117050171,0.2802412509918213,0.0062549710273742,0.0709193646907806,0.002214097417891,1.0,0.0,89.00139617919922,6.5647406578063965,0.0,0.0,0.0,0.0,0.0,0.0,0.0,0.0,0.0,0.0,0.0,0.0,0.0,0.0,0.0,0.0,0.0,0.0,0.0,0.0,0.0,0.0,0.0,0.0,0.0,0.0
/Users/josephkamil/Desktop/Capstone/Oly_Data/raw/not_oly/v_PushUps_g14_c03.avi,not_oly,v_PushUps_g14_c03.avi,0.21,non_olympic,,yes,,non_olympic,non_olympic_ucf_g14,dev,2ee76dda56d36b3d52dcffa84609901fa1914e51eebe3c5e20122f5e9336748d,1.0,2ee76dda56d36b3d52dcffa84609901fa1914e51eebe3c5e20122f5e9336748d,100,100,1.0,138.91754150390625,29.0621337890625,79.80155944824219,178.9359893798828,27.732635498046875,165.12843322753906,9.024686813354492,142.62342834472656,179.7410888671875,-1.3122711181640625,102.113037109375,8.199336051940918,76.72357940673828,116.94879150390624,-13.999893188476562,0.0,0.0,0.0,0.0,0.0,0.7279734015464783,0.0132991159334778,0.6896610260009766,0.7459431886672974,0.0035203695297241,0.4012517929077148,0.1559242904186248,0.1426572054624557,0.6111229062080383,-0.001219093799591,0.3568146526813507,0.0435178279876709,0.2848823368549347,0.4487132132053375,-0.0075060725212097,0.0,0.0,1.0,0.0,0.0,79.80155944824219,142.62342834472656,116.94879150390624,0.0,0.2199999988079071,0.4199999868869781,0.0286481976509094,0.0044254641979932,0.0632340312004089,0.0180653147399425,0.0,1.0,79.80155944824219,91.7669677734375,0.0,0.0,0.0,0.0,0.0,0.0,0.0,0.0,0.0,0.0,0.0,0.0,0.0,0.0,0.0,0.0,0.0,0.0,0.0,0.0,0.0,0.0,0.0,0.0,0.0,0.0
/Users/josephkamil/Desktop/Capstone/Oly_Data/raw/not_oly/v_PushUps_g07_c02.avi,not_oly,v_PushUps_g07_c02.avi,0.22,non_olympic,,yes,,non_olympic,non_olympic_ucf_g07,train,e4637d8a2dfc32509b07b7045d3d08f05122abf7579c07a03723d6afca10d0d6,1.0,e4637d8a2dfc32509b07b7045d3d08f05122abf7579c07a03723d6afca10d0d6,77,77,1.0,168.74496459960938,3.297274112701416,160.0999298095703,175.88015747070312,-2.4907073974609375,162.99615478515625,6.947355270385742,147.15805053710938,178.22425842285156,0.4835052490234375,141.24017333984375,23.63080596923828,89.90970611572266,171.556884765625,-7.744964599609375,0.0,0.0,0.0,0.0,0.0,0.6712659597396851,0.0571170523762702,0.5664620399475098,0.7533138990402222,-0.1095528006553649,0.4642293453216553,0.0543683171272277,0.3954326510429382,0.5839743614196777,0.00168177485466,0.256164938211441,0.0292068552225828,0.1942232847213745,0.3070650398731231,-0.0695956647396087,0.0,0.0,1.0,0.0,0.0,160.0999298095703,147.15805053710938,171.556884765625,0.0,0.0129870129749178,0.8441558480262756,0.0480028986930847,0.0100632226094603,0.0484562516212463,0.0101453782990574,0.0,1.0,160.0999298095703,160.68508911132812,0.0,0.0,0.0,0.0,0.0,0.0,0.0,0.0,0.0,0.0,0.0,0.0,0.0,0.0,0.0,0.0,0.0,0.0,0.0,0.0,0.0,0.0,0.0,0.0,0.0,0.0
/Users/josephkamil/Desktop/Capstone/Oly_Data/raw/not_oly/v_BenchPress_g14_c06.avi,not_oly,v_BenchPress_g14_c06.avi,0.49,bench_press,,yes,,non_olympic,bench_press_ucf_g14,train,b27dd65e3f49d79e9fcd2d4dd9599d94a20e37fb7ee01a7d8eb6b15ff1f7ab00,2.0,b27dd65e3f49d79e9fcd2d4dd9599d94a20e37fb7ee01a7d8eb6b15ff1f7ab00,178,170,0.9550561797752808,98.7746124267578,6.198273658752441,34.26340866088867,106.39884948730467,1.5982513427734375,147.4552459716797,12.215380668640137,46.05110168457031,162.35281372070312,16.136032104492188,141.97323608398438,28.53224754333496,2.8846046924591064,179.0018768310547,60.69679260253906,0.0,0.0,0.0,0.0,0.0,0.443047434091568,0.1311847269535064,0.2993931770324707,1.0143239498138428,-0.0486983954906463,0.6678965091705322,0.0141761135309934,0.5624126195907593,0.6977367997169495,0.0071450471878051,0.1439137905836105,0.0624832734465599,0.0303865633904933,0.2783123552799225,0.0947057828307151,0.8294117450714111,1.0,0.0,0.9941176176071168,1.0,34.26340866088867,46.05110168457031,179.0018768310547,0.0,0.1176470592617988,0.1176470592617988,0.6025421619415283,0.0256142187863588,0.1067622900009155,0.0029345552902668,0.75,0.0,34.26340866088867,96.76128387451172,0.0,0.0,0.0,0.0,0.0,0.0,0.0,0.0,0.0,0.0,0.0,0.0,0.0,0.0,0.0,0.0,0.0,0.0,0.0,0.0,0.0,0.0,0.0,0.0,0.0,0.0
/Users/josephkamil/Desktop/Capstone/Oly_Data/raw/not_oly/v_Pullup_g27_c02.avi,not_oly,v_Pullup_g27_c02.avi,0.32,non_olympic,,yes,,non_olympic,non_olympic_ucf_g27,train,0e5652dcfa15f8225b3cdb1acca48f703d30124c48cfa4796d371849eda5a171,1.0,0e5652dcfa15f8225b3cdb1acca48f703d30124c48cfa4796d371849eda5a171,123,123,1.0,176.4519805908203,2.294203996658325,168.56822204589844,179.50982666015625,2.770660400390625,175.61825561523438,2.8993444442749023,167.00701904296875,179.51364135742188,6.854644775390625,121.01402282714844,43.36832809448242,7.333334445953369,179.03973388671875,5.6804962158203125,0.0,0.0,0.0,0.0,0.0,0.0926798358559608,0.0055908537469804,0.0714417025446891,0.1025635227560997,0.0097357630729675,0.4435057044029236,0.0656126588582992,0.3456737995147705,0.5370228886604309,-0.0120041370391845,0.129216119647026,0.0501141920685768,0.0429282896220684,0.1965753734111786,-0.0050194263458251,1.0,1.0,0.0,0.9918699264526368,1.0,168.56822204589844,167.00701904296875,179.03973388671875,0.0,0.7967479825019836,0.8130081295967102,0.0126998797059059,0.002686999971047,0.0285806953907012,0.0117761604487895,1.0,0.0,170.07757568359375,168.56822204589844,0.0,0.0,0.0,0.0,0.0,0.0,0.0,0.0,0.0,0.0,0.0,0.0,0.0,0.0,0.0,0.0,0.0,0.0,0.0,0.0,0.0,0.0,0.0,0.0,0.0,0.0
/Users/josephkamil/Desktop/Capstone/Oly_Data/raw/not_oly/v_BenchPress_g24_c05.avi,not_oly,v_BenchPress_g24_c05.avi,0.32,non_olympic,,yes,,non_olympic,non_olympic_ucf_g24,train,9f0c1a261f53860712f583af96d645e3c64d364d3e73578f217ce9eba80fcb71,1.0,9f0c1a261f53860712f583af96d645e3c64d364d3e73578f217ce9eba80fcb71,111,70,0.6306306306306306,135.6992950439453,48.64339828491211,5.237467288970947,179.4632568359375,20.0345458984375,131.87840270996094,47.97493362426758,8.405871391296387,179.36325073242188,54.047027587890625,100.78829956054688,46.49365997314453,3.4629526138305664,178.03897094726562,40.049461364746094,0.0,0.0,0.0,0.0,0.0,0.3900687992572784,0.0825696066021919,0.273115873336792,0.6477240920066833,-0.0872491002082824,0.4717936515808105,0.1007875874638557,0.3409789502620697,0.7180230617523193,-0.2509652376174927,0.0981673449277877,0.0578658543527126,0.0116613032296299,0.2085511237382888,-0.026651382446289,0.4428571462631225,1.0,0.0,0.5714285969734192,0.5857142806053162,5.237467288970947,8.405871391296387,178.03897094726562,0.0,0.5714285969734192,0.5142857432365417,0.2507446408271789,0.0252768285572528,0.2535813450813293,0.012864732183516,0.125,0.0,29.685062408447266,5.237467288970947,0.0,0.0,0.0,0.0,0.0,0.0,0.0,0.0,0.0,0.0,0.0,0.0,0.0,0.0,0.0,0.0,0.0,0.0,0.0,0.0,0.0,0.0,0.0,0.0,0.0,0.0
/Users/josephkamil/Desktop/Capstone/Oly_Data/raw/not_oly/v_PushUps_g04_c05.avi,not_oly,v_PushUps_g04_c05.avi,0.34,non_olympic,,yes,,non_olympic,non_olympic_ucf_g04,train,5aebec9b6027dfed5521b4f66aee8e2481c73890d004a92930151cca619b5f91,1.0,5aebec9b6027dfed5521b4f66aee8e2481c73890d004a92930151cca619b5f91,134,134,1.0,173.59483337402344,4.182982921600342,164.25177001953125,179.39756774902344,8.59393310546875,170.9364471435547,5.090372562408447,159.82684326171875,179.50909423828125,-6.77154541015625,144.3806610107422,29.728124618530273,88.3440933227539,173.925537109375,4.584686279296875,0.0,0.0,0.0,0.0,0.0,0.8048928380012512,0.0037583380471915,0.7894535064697266,0.8149796724319458,0.0095109343528747,0.6806496977806091,0.0765212550759315,0.597840428352356,0.8114806413650513,-0.0055817365646362,0.2792563736438751,0.0607082955539226,0.1692201644182205,0.345257818698883,0.0006033480167388,0.0,0.0,1.0,0.0,0.0,164.25177001953125,159.82684326171875,173.925537109375,0.0,0.6492537260055542,0.9925373196601868,0.0103267431259155,0.0008976544486358,0.0201331973075866,0.0032392884604632,0.0,1.0,165.39010620117188,164.25177001953125,0.0,0.0,0.0,0.0,0.0,0.0,0.0,0.0,0.0,0.0,0.0,0.0,0.0,0.0,0.0,0.0,0.0,0.0,0.0,0.0,0.0,0.0,0.0,0.0,0.0,0.0
/Users/josephkamil/Desktop/Capstone/Oly_Data/raw/not_oly/v_BenchPress_g16_c04.avi,not_oly,v_BenchPress_g16_c04.avi,0.63,non_olympic,,yes,,non_olympic,non_olympic_ucf_g16,train,2bb3371468f591e81a614d9ce1d8e27d5a4a1ff7e069de99f40088623d6fa928,1.0,2bb3371468f591e81a614d9ce1d8e27d5a4a1ff7e069de99f40088623d6fa928,218,54,0.2477064220183486,166.90647888183594,32.8099250793457,42.19576644897461,179.12884521484375,118.66266632080078,174.78518676757812,5.220978736877441,153.4012451171875,179.27273559570312,5.96124267578125,100.74234771728516,46.11659622192383,24.265392303466797,171.809814453125,-138.39389038085938,0.0,0.0,0.0,0.0,0.0,0.4020179510116577,0.0781152471899986,0.1608401834964752,0.46240234375,0.24310302734375,0.4604251980781555,0.0742508322000503,0.2074829339981079,0.5555909872055054,0.2786597013473511,0.0723292157053947,0.039399430155754,0.002140432363376,0.1763805896043777,-0.1417904645204544,0.1296296268701553,1.0,0.0,0.1111111119389534,0.1296296268701553,42.19576644897461,153.4012451171875,171.809814453125,0.0,0.0185185186564922,0.0925925895571708,0.1886684596538543,0.0200683567672967,0.3467638492584228,0.0127588668838143,0.75,0.0,42.19576644897461,174.41017150878906,0.0,0.0,0.0,0.0,0.0,0.0,0.0,0.0,0.0,0.0,0.0,0.0,0.0,0.0,0.0,0.0,0.0,0.0,0.0,0.0,0.0,0.0,0.0,0.0,0.0,0.0
/Users/josephkamil/Desktop/Capstone/Oly_Data/raw/not_oly/v_PushUps_g08_c03.avi,not_oly,v_PushUps_g08_c03.avi,0.22,non_olympic,,yes,,non_olympic,non_olympic_ucf_g08,dev,541d1045a6b98f602158e27bca853f0762a7c3c6cc2c63f29a16f9d7e43c621d,1.0,541d1045a6b98f602158e27bca853f0762a7c3c6cc2c63f29a16f9d7e43c621d,84,84,1.0,145.4433135986328,26.41933250427246,32.8679313659668,178.71197509765625,-21.223312377929688,150.03250122070312,16.92894172668457,77.52754974365234,178.78518676757812,-8.646514892578125,126.74329376220705,14.90654754638672,95.94054412841795,146.96832275390625,-11.583724975585938,0.0,0.0,0.0,0.0,0.0,0.6725999712944031,0.0492905303835868,0.6015294790267944,0.731235682964325,-0.0779213905334472,0.6237733960151672,0.0476441644132137,0.5364649891853333,0.6923873424530029,-0.0085246562957763,0.2230332642793655,0.0350289642810821,0.1661196947097778,0.2789866626262665,0.024579644203186,0.0,0.0,1.0,0.0,0.0,32.8679313659668,77.52754974365234,146.96832275390625,0.0,0.380952388048172,0.380952388048172,0.0214720964431762,0.0032800149638205,0.0478492379188537,0.0085615320131182,0.0,1.0,32.8679313659668,113.31768798828124,0.0,0.0,0.0,0.0,0.0,0.0,0.0,0.0,0.0,0.0,0.0,0.0,0.0,0.0,0.0,0.0,0.0,0.0,0.0,0.0,0.0,0.0,0.0,0.0,0.0,0.0
/Users/josephkamil/Desktop/Capstone/Oly_Data/raw/not_oly/v_BenchPress_g05_c07.avi,not_oly,v_BenchPress_g05_c07.avi,0.21,non_olympic,,yes,,non_olympic,non_olympic_ucf_g05,train,4cb5ea3e3f7042ae361e40d61048ab4a2e07a796d0e65e8729ab3752c5c8d989,1.0,4cb5ea3e3f7042ae361e40d61048ab4a2e07a796d0e65e8729ab3752c5c8d989,64,26,0.40625,114.97577667236328,19.676931381225582,77.43583679199219,147.04579162597656,-12.096900939941406,80.80903625488281,39.715576171875,9.622593879699709,172.85220336914062,-59.20249938964844,119.10289001464844,49.08831787109375,7.656846046447754,177.59593200683594,-124.036376953125,0.0,0.0,0.0,0.0,0.0,0.6584945321083069,0.1031175926327705,0.512415885925293,0.7912787199020386,0.1762491464614868,0.7474178671836853,0.0303047094494104,0.7077904939651489,0.8114131689071655,0.0133540630340576,0.1102958619594574,0.0473530702292919,0.0287964213639497,0.2151968628168106,-0.1173469573259353,0.5769230723381042,1.0,0.0,0.9615384340286256,1.0,77.43583679199219,9.622593879699709,177.59593200683594,0.0,0.1153846159577369,0.3461538553237915,0.2788628339767456,0.0511296242475509,0.0683726072311401,0.0127659514546394,0.125,0.0,77.43583679199219,108.82893371582033,0.0,0.0,0.0,0.0,0.0,0.0,0.0,0.0,0.0,0.0,0.0,0.0,0.0,0.0,0.0,0.0,0.0,0.0,0.0,0.0,0.0,0.0,0.0,0.0,0.0,0.0
/Users/josephkamil/Desktop/Capstone/Oly_Data/raw/not_oly/v_BenchPress_g12_c03.avi,not_oly,v_BenchPress_g12_c03.avi,0.56,non_olympic,,yes,,non_olympic,non_olympic_ucf_g12,test,4e5f7b808ce14a54faaaa3dc73affda37d3ff5b59fa54cb6dd5942145da3f7dd,1.0,4e5f7b808ce14a54faaaa3dc73affda37d3ff5b59fa54cb6dd5942145da3f7dd,194,55,0.2835051546391752,127.30944061279295,37.24655532836914,27.89611434936523,175.61802673339844,15.857574462890623,151.10191345214844,10.585784912109377,116.8328094482422,168.2299041748047,18.517013549804688,172.70761108398438,4.007871627807617,163.49508666992188,178.9437713623047,3.64837646484375,0.0,0.0,0.0,0.0,0.0,0.3778568208217621,0.0274354647845029,0.2496474683284759,0.434527039527893,0.0372480154037475,0.3950155377388,0.0634189620614051,0.1998837292194366,0.455771654844284,0.0355250239372253,0.225580096244812,0.0170066189020872,0.1396675854921341,0.2625944316387176,0.0252657532691955,0.0,0.0,1.0,0.0,0.0,27.89611434936523,116.8328094482422,178.9437713623047,0.0,0.6909090876579285,0.8181818127632141,0.1022487580776214,0.0083585269749164,0.2121452987194061,0.0140974689275026,0.0,1.0,84.30671691894531,27.89611434936523,0.0,0.0,0.0,0.0,0.0,0.0,0.0,0.0,0.0,0.0,0.0,0.0,0.0,0.0,0.0,0.0,0.0,0.0,0.0,0.0,0.0,0.0,0.0,0.0,0.0,0.0
/Users/josephkamil/Desktop/Capstone/Oly_Data/raw/not_oly/v_Pullup_g10_c01.avi,not_oly,v_Pullup_g10_c01.avi,0.32,non_olympic,,yes,,non_olympic,non_olympic_ucf_g10,train,d1ca34418ceeab6bc2502f7431fcfdc846fd6ce993bcd6fa1d48d39a46c7144f,1.0,d1ca34418ceeab6bc2502f7431fcfdc846fd6ce993bcd6fa1d48d39a46c7144f,142,142,1.0,165.89720153808594,15.18830394744873,125.85066986083984,179.7432098388672,-1.2417144775390625,172.4901580810547,6.464357852935791,151.751220703125,179.7462615966797,-2.9612579345703125,109.90357971191406,57.61455535888672,0.8232564926147461,178.77163696289062,-9.046463012695312,0.0,0.0,0.0,0.0,0.0,0.1087134629487991,0.0522805973887443,0.0568651780486106,0.4572475850582123,-0.0201400890946388,0.7010524868965149,0.1591188907623291,0.4705157279968261,0.9703989028930664,0.012197196483612,0.2286057770252227,0.1402089893817901,0.0094587365165352,0.4205351769924164,0.0185918509960174,0.8943662047386169,1.0,0.0,0.9929577708244324,1.0,125.85066986083984,151.751220703125,178.77163696289062,0.0,0.7535211443901062,0.7746478915214539,0.3258966207504272,0.0155573785305023,0.0276614427566528,0.0134456073865294,0.375,0.0,137.55955505371094,125.85066986083984,0.0,0.0,0.0,0.0,0.0,0.0,0.0,0.0,0.0,0.0,0.0,0.0,0.0,0.0,0.0,0.0,0.0,0.0,0.0,0.0,0.0,0.0,0.0,0.0,0.0,0.0
/Users/josephkamil/Desktop/Capstone/Oly_Data/raw/not_oly/v_BenchPress_g07_c02.avi,not_oly,v_BenchPress_g07_c02.avi,0.22,bench_press,,yes,,non_olympic,bench_press_ucf_g07,dev,e1e3b69d8f662e720d3a404301420af6655079aafb373758228d41505537c1a3,2.0,e1e3b69d8f662e720d3a404301420af6655079aafb373758228d41505537c1a3,71,37,0.5211267605633803,114.4733657836914,8.681729316711426,90.36256408691406,128.0972442626953,23.29346466064453,103.66664123535156,12.000361442565918,76.46168518066406,145.32167053222656,25.15325927734375,94.73772430419922,35.798492431640625,1.3853154182434082,138.70469665527344,2.8761749267578125,0.0,0.0,0.0,0.0,0.0,0.429761528968811,0.0745541602373123,0.3597856760025024,0.7740883827209473,0.0297681987285614,0.7986781001091003,0.0101702064275741,0.7806817293167114,0.8174736499786377,-0.0175585746765136,0.1605593115091323,0.0433846376836299,0.0577651523053646,0.2418957501649856,-0.0683212727308273,1.0,1.0,0.0,0.9729729890823364,1.0,90.36256408691406,76.46168518066406,138.70469665527344,0.0,0.0,0.0,0.3742417693138122,0.0391012281179428,0.0351191759109497,0.0044632190838456,1.0,0.0,90.36256408691406,99.25186157226562,0.0,0.0,0.0,0.0,0.0,0.0,0.0,0.0,0.0,0.0,0.0,0.0,0.0,0.0,0.0,0.0,0.0,0.0,0.0,0.0,0.0,0.0,0.0,0.0,0.0,0.0
/Users/josephkamil/Desktop/Capstone/Oly_Data/raw/not_oly/v_BenchPress_g25_c01.avi,not_oly,v_BenchPress_g25_c01.avi,0.3,non_olympic,,yes,,non_olympic,non_olympic_ucf_g25,train,97d12353b1e5d33f4877097c76d7c7917fd00d76424c84367a40e4dc6548f8dc,1.0,97d12353b1e5d33f4877097c76d7c7917fd00d76424c84367a40e4dc6548f8dc,107,42,0.3925233644859813,156.63626098632812,26.172929763793945,78.95947265625,179.4216766357422,-11.78131103515625,136.68234252929688,36.256797790527344,37.427242279052734,179.05429077148438,-67.41744232177734,136.20115661621094,42.42550277709961,37.39409255981445,179.1747283935547,6.8757171630859375,0.0,0.0,0.0,0.0,0.0,0.2473041415214538,0.1185693219304084,-0.0023487759754061,0.5165886878967285,-0.0552152395248413,0.3616015315055847,0.1464518755674362,0.0859042257070541,0.5339317321777344,0.02435103058815,0.1921136528253555,0.0785580947995185,0.0072026280686259,0.2841233909130096,0.0742065608501434,0.976190447807312,1.0,0.0,0.976190447807312,1.0,78.95947265625,37.427242279052734,179.1747283935547,0.0,0.9047619104385376,0.380952388048172,0.3676190674304962,0.0629646703600883,0.4197174608707428,0.0650252625346183,1.0,0.0,80.40001678466797,78.95947265625,0.0,0.0,0.0,0.0,0.0,0.0,0.0,0.0,0.0,0.0,0.0,0.0,0.0,0.0,0.0,0.0,0.0,0.0,0.0,0.0,0.0,0.0,0.0,0.0,0.0,0.0
/Users/josephkamil/Desktop/Capstone/Oly_Data/raw/not_oly/v_PushUps_g01_c03.avi,not_oly,v_PushUps_g01_c03.avi,0.1,non_olympic,,yes,,non_olympic,non_olympic_ucf_g01,test,b51d2f1c0071e57cc679fb823437a273b2431b3905ba14d32fdbbaa9857de710,1.0,b51d2f1c0071e57cc679fb823437a273b2431b3905ba14d32fdbbaa9857de710,51,51,1.0,162.46005249023438,2.0422632694244385,156.09335327148438,166.62997436523438,3.757766723632813,160.9783172607422,5.283860206604004,152.17318725585938,172.76797485351562,7.25799560546875,119.2639389038086,39.78114700317383,37.232872009277344,167.11085510253906,1.3645172119140625,0.0,0.0,0.0,0.0,0.0,0.8404984474182129,0.0056047965772449,0.8281859159469604,0.85390305519104,0.0020523071289062,0.6469779014587402,0.0579569227993488,0.5666965842247009,0.7362185120582581,0.0132546424865722,0.209895372390747,0.0780705586075782,0.0981553718447685,0.3157367706298828,-0.0015346407890319,0.0,0.0,1.0,0.0,0.0,156.09335327148438,152.17318725585938,167.11085510253906,0.0,0.0,0.0,0.0189884901046752,0.0029921722598373,0.0427280068397522,0.0125709678977727,0.0,1.0,156.09335327148438,158.43307495117188,0.0,0.0,0.0,0.0,0.0,0.0,0.0,0.0,0.0,0.0,0.0,0.0,0.0,0.0,0.0,0.0,0.0,0.0,0.0,0.0,0.0,0.0,0.0,0.0,0.0,0.0
/Users/josephkamil/Desktop/Capstone/Oly_Data/raw/not_oly/v_Pullup_g15_c03.avi,not_oly,v_Pullup_g15_c03.avi,0.45,non_olympic,,yes,,non_olympic,non_olympic_ucf_g15,train,14f5a29243db80af96e313f9c232c619050d251549807383505185774ad96352,1.0,14f5a29243db80af96e313f9c232c619050d251549807383505185774ad96352,207,170,0.821256038647343,143.45352172851562,34.585628509521484,26.780115127563477,179.4774932861328,10.96630859375,145.4593048095703,45.048587799072266,13.593239784240724,179.5345916748047,-8.499298095703125,114.8528289794922,41.19127655029297,4.598738670349121,178.73104858398438,-0.655487060546875,0.0,0.0,0.0,0.0,0.0,0.3045433163642883,0.1161218509078025,0.214754968881607,0.6700121164321899,0.0189431309700012,0.5602519512176514,0.0780980363488197,0.4216882288455963,0.704709529876709,-0.0216342210769653,0.1290831416845321,0.0376185365021228,0.035951130092144,0.2215760946273803,-0.033291682600975,0.9470587968826294,1.0,0.0,0.9941176176071168,1.0,26.780115127563477,13.593239784240724,178.73104858398438,0.0,0.6941176652908325,0.9764705896377563,0.3661794662475586,0.0254632737487554,0.2614083290100097,0.0140927322208881,0.875,0.0,54.65243148803711,26.780115127563477,0.0,0.0,0.0,0.0,0.0,0.0,0.0,0.0,0.0,0.0,0.0,0.0,0.0,0.0,0.0,0.0,0.0,0.0,0.0,0.0,0.0,0.0,0.0,0.0,0.0,0.0
/Users/josephkamil/Desktop/Capstone/Oly_Data/raw/not_oly/v_BenchPress_g12_c02.avi,not_oly,v_BenchPress_g12_c02.avi,0.2,non_olympic,,yes,,non_olympic,non_olympic_ucf_g12,test,1179214055fad2acb6690549bf953992c8e0f056116da9fd2e4b558db646f56c,1.0,1179214055fad2acb6690549bf953992c8e0f056116da9fd2e4b558db646f56c,63,56,0.8888888888888888,152.9960479736328,19.16705322265625,97.4552001953125,179.05853271484375,-22.763748168945312,112.8727035522461,25.346729278564453,45.94430160522461,145.59930419921875,45.974952697753906,161.2202606201172,22.501279830932617,62.24188232421875,179.16827392578125,-107.70458984375,0.0,0.0,0.0,0.0,0.0,0.2423492521047592,0.0367745272815227,0.1726870536804199,0.3368280827999115,-0.1641410291194915,0.1282034814357757,0.0351632535457611,0.0722287073731422,0.1671999543905258,0.0681004375219345,0.1213514283299446,0.0501572303473949,0.0479378998279571,0.2323197871446609,-0.0638999119400978,0.0,0.0,1.0,0.0,0.0,97.4552001953125,45.94430160522461,179.16827392578125,0.0,0.6607142686843872,0.3392857015132904,0.1142178922891616,0.0274072177708148,0.0658566057682037,0.0035613516811281,0.0,1.0,109.50872039794922,97.4552001953125,0.0,0.0,0.0,0.0,0.0,0.0,0.0,0.0,0.0,0.0,0.0,0.0,0.0,0.0,0.0,0.0,0.0,0.0,0.0,0.0,0.0,0.0,0.0,0.0,0.0,0.0
/Users/josephkamil/Desktop/Capstone/Oly_Data/raw/not_oly/v_PushUps_g14_c01.avi,not_oly,v_PushUps_g14_c01.avi,0.22,non_olympic,,yes,,non_olympic,non_olympic_ucf_g14,dev,0d0fe2ca50e0b23394496e81a7820041688dfa6bb74f0c29730c20d27a4d4835,1.0,0d0fe2ca50e0b23394496e81a7820041688dfa6bb74f0c29730c20d27a4d4835,103,103,1.0,93.51385498046876,39.016597747802734,39.21314239501953,179.34671020507812,104.41986083984376,164.20651245117188,13.70050048828125,136.56680297851562,179.73953247070312,7.0432281494140625,104.8143081665039,12.355512619018556,72.74966430664062,127.01831817626952,-29.623741149902344,0.0,0.0,0.0,0.0,0.0,0.7080173492431641,0.0183614715933799,0.664677619934082,0.7416993379592896,0.0403605699539184,0.4470913410186767,0.1201526522636413,0.1802196353673935,0.6345048546791077,-0.1472453624010086,0.3541176915168762,0.0403839759528636,0.279744029045105,0.4485273957252502,-0.0707888305187225,0.0,0.0,1.0,0.0,0.0,39.21314239501953,136.56680297851562,127.01831817626952,0.0,0.0679611638188362,0.0679611638188362,0.0316324234008789,0.0039788987487554,0.0630810558795929,0.0138915050774812,0.0,1.0,39.21314239501953,69.47050476074219,0.0,0.0,0.0,0.0,0.0,0.0,0.0,0.0,0.0,0.0,0.0,0.0,0.0,0.0,0.0,0.0,0.0,0.0,0.0,0.0,0.0,0.0,0.0,0.0,0.0,0.0
/Users/josephkamil/Desktop/Capstone/Oly_Data/raw/not_oly/v_Pullup_g23_c03.avi,not_oly,v_Pullup_g23_c03.avi,0.45,pull_up,,yes,,non_olympic,pull_up_ucf_g23,train,f1c1f8445f681a81a35839e1928020cd497b16d112ae12e4ab4bbf7d91fde201,2.0,f1c1f8445f681a81a35839e1928020cd497b16d112ae12e4ab4bbf7d91fde201,187,187,1.0,140.27964782714844,41.47999572753906,20.106828689575195,178.58522033691406,1.87457275390625,145.6571044921875,34.836753845214844,32.30940246582031,179.27239990234375,1.653564453125,114.28176879882812,51.92552185058594,2.7638368606567383,170.03810119628906,0.966583251953125,0.0,0.0,0.0,0.0,0.0,0.2890389561653137,0.0171762090176343,0.247065007686615,0.3441664576530456,-0.049402505159378,0.5809325575828552,0.064127117395401,0.4392440021038055,0.6650657653808594,-0.0382099151611328,0.1019216552376747,0.0554009415209293,0.0030077260453253,0.1668601185083389,0.008118912577629,0.9197860956192015,1.0,0.0,0.9946523904800416,1.0,20.106828689575195,32.30940246582031,170.03810119628906,0.0,0.2459893077611923,0.2459893077611923,0.0254189670085906,0.0022466832306236,0.0518675446510314,0.0095631051808595,0.75,0.0,20.106828689575195,26.78736686706543,0.0,0.0,0.0,0.0,0.0,0.0,0.0,0.0,0.0,0.0,0.0,0.0,0.0,0.0,0.0,0.0,0.0,0.0,0.0,0.0,0.0,0.0,0.0,0.0,0.0,0.0
/Users/josephkamil/Desktop/Capstone/data/dataset_v2/raw/squat_back/squat_19.mp4,squat_back,squat_19.mp4,2.34,squat_back,,yes,,non_olympic,squat_back_sha_e1788ea9284d4565,test,e1788ea9284d45656fc04dd771117522714dbbd59cea51d830d26a8b9f9f80fe,1.0,e1788ea9284d45656fc04dd771117522714dbbd59cea51d830d26a8b9f9f80fe,143,143,1.0,172.3699951171875,6.989335536956787,157.09376525878906,179.61143493652344,0.8760986328125,166.15403747558594,4.379059314727783,155.479248046875,171.00181579589844,-0.94244384765625,119.67185974121094,67.80560302734375,7.454490184783936,179.3775634765625,-2.3727569580078125,0.0,0.0,0.0,0.0,0.0,0.4422616362571716,0.0595356337726116,0.340248554944992,0.5281751751899719,0.0016441345214843,0.5549276471138,0.0631634443998336,0.4884428977966308,0.6632506251335144,0.0003551542758941,0.1248420774936676,0.1133032515645027,0.0031357265543192,0.2826553285121918,0.0011833608150482,0.1748251765966415,1.0,0.2097902148962021,0.8531468510627747,0.6503496766090393,157.09376525878906,155.479248046875,179.3775634765625,0.0,0.7762237787246704,0.7762237787246704,0.0217117667198181,0.0071861124597489,0.0121803283691406,0.0049476749263703,0.5,0.0,159.61468505859375,157.09376525878906,0.0,0.0,0.0,0.0,0.0,0.0,0.0,0.0,0.0,0.0,0.0,0.0,0.0,0.0,0.0,0.0,0.0,0.0,0.0,0.0,0.0,0.0,0.0,0.0,0.0,0.0
/Users/josephkamil/Desktop/Capstone/data/dataset_v2/raw/squat_back/squat_5.MOV,squat_back,squat_5.MOV,56.78,squat_back,,yes,,non_olympic,squat_back_sha_96aa295a1f87d255,train,96aa295a1f87d255bf96616a459a26568bca210d1713902d819bccf1dc0ac728,1.0,96aa295a1f87d255bf96616a459a26568bca210d1713902d819bccf1dc0ac728,656,656,1.0,148.34068298339844,39.602046966552734,37.780738830566406,179.56668090820312,16.762985229492188,150.79449462890625,35.2227668762207,45.82234191894531,179.33743286132812,12.074295043945312,130.93785095214844,54.91482925415039,8.249892234802246,179.10433959960938,-15.8887939453125,0.0,0.0,0.0,0.0,0.0,0.5283268094062805,0.1146000698208808,0.3546159863471985,0.7822158336639404,-0.0077654123306274,0.7351348996162415,0.0662923753261566,0.6621774435043335,0.9089642763137816,-0.0016236305236816,0.0845625847578048,0.0408905670046806,0.0091450493782758,0.1610998958349228,0.0477353185415267,0.0487804859876632,1.0,0.132621943950653,0.9771341681480408,0.8460366129875183,37.780738830566406,45.82234191894531,179.10433959960938,0.0,0.6753048896789551,0.8201219439506531,0.0734261274337768,0.0087743876501917,0.020028531551361,0.0030840320978313,0.0,0.0,83.38427734375,37.780738830566406,0.0,0.0,0.0,0.0,0.0,0.0,0.0,0.0,0.0,0.0,0.0,0.0,0.0,0.0,0.0,0.0,0.0,0.0,0.0,0.0,0.0,0.0,0.0,0.0,0.0,0.0
/Users/josephkamil/Desktop/Capstone/data/dataset_v2/raw/squat_back/squat_18.mp4,squat_back,squat_18.mp4,1.52,squat_back,,yes,,non_olympic,squat_back_sha_662ea3e16246fcbb,train,662ea3e16246fcbba11e67b9424bdf1fb7cb65df2dd9542196aaed23e7cc2aa3,1.0,662ea3e16246fcbba11e67b9424bdf1fb7cb65df2dd9542196aaed23e7cc2aa3,93,93,1.0,172.56797790527344,6.355575084686279,158.07989501953125,179.6043243408203,-8.186782836914062,165.60545349121094,4.586099624633789,154.57241821289062,170.87747192382812,-3.2632293701171875,139.4896240234375,56.09606170654297,32.26213073730469,179.39013671875,-130.29727172851562,0.0,0.0,0.0,0.0,0.0,0.4616959989070892,0.0530504658818244,0.3706466555595398,0.5457946062088013,-0.1351505517959594,0.5551190376281738,0.0567780248820781,0.4856835603713989,0.6551105976104736,0.1028676629066467,0.141177624464035,0.1076266840100288,0.0040484839119017,0.2864657938480377,-0.2555165886878967,0.1290322542190551,1.0,0.2258064448833465,0.3440860211849212,0.1290322542190551,158.07989501953125,154.57241821289062,179.39013671875,0.0,0.2580645084381103,0.2688172161579132,0.0168754756450653,0.0060294554568827,0.0099430084228515,0.0048263338394463,1.0,0.0,158.07989501953125,169.53456115722656,0.0,0.0,0.0,0.0,0.0,0.0,0.0,0.0,0.0,0.0,0.0,0.0,0.0,0.0,0.0,0.0,0.0,0.0,0.0,0.0,0.0,0.0,0.0,0.0,0.0,0.0
/Users/josephkamil/Desktop/Capstone/data/dataset_v2/raw/squat_back/squat_8.mp4,squat_back,squat_8.mp4,1.46,squat_back,,yes,,non_olympic,squat_back_sha_62c49aa6c19eaf30,test,62c49aa6c19eaf30b42795adbbd97ccaf393c9821e13cca7ce448cd85ed66773,1.0,62c49aa6c19eaf30b42795adbbd97ccaf393c9821e13cca7ce448cd85ed66773,360,360,1.0,147.69529724121094,23.28552627563477,106.06226348876952,179.60113525390625,4.2206573486328125,145.23257446289062,24.884204864501953,97.25251007080078,178.0528564453125,1.2440185546875,9.615472793579102,4.921098709106445,0.5314843058586121,21.563186645507812,-7.824338912963867,0.0,0.0,0.0,0.0,0.0,0.386642724275589,0.0906442031264305,0.2212660312652588,0.5705965757369995,-0.0563498139381408,0.6023757457733154,0.05844571813941,0.496705561876297,0.708561897277832,-0.110129177570343,0.0878410637378692,0.0238819774240255,0.0554284863173961,0.1446954160928726,0.0459666773676872,0.0,0.0,1.0,0.0,0.0,106.06226348876952,97.25251007080078,21.563186645507812,0.0,0.2861111164093017,0.2777777910232544,0.0171831846237182,0.0031858547590672,0.0087016820907592,0.0018200430786237,0.0,1.0,106.06226348876952,108.34226989746094,0.0,0.0,0.0,0.0,0.0,0.0,0.0,0.0,0.0,0.0,0.0,0.0,0.0,0.0,0.0,0.0,0.0,0.0,0.0,0.0,0.0,0.0,0.0,0.0,0.0,0.0
/Users/josephkamil/Desktop/Capstone/data/dataset_v2/raw/squat_back/squat_16.mp4,squat_back,squat_16.mp4,1.4,squat_back,,yes,,non_olympic,squat_back_sha_06787667e242c7d0,train,06787667e242c7d0c22e6677ef300c209acdf771817c01cb023afeb41f6b508c,1.0,06787667e242c7d0c22e6677ef300c209acdf771817c01cb023afeb41f6b508c,47,47,1.0,118.8977279663086,29.9306640625,71.36982727050781,178.01104736328125,39.107177734375,121.85851287841795,27.622116088867188,77.08805084228516,174.21731567382812,33.47990417480469,85.64495849609375,57.20568084716797,1.751260757446289,178.58590698242188,21.299819946289062,0.0,0.0,0.0,0.0,0.0,0.4615488350391388,0.1049803495407104,0.3115469217300415,0.6964164972305298,-0.0649711191654205,0.6825553178787231,0.072715051472187,0.5391237139701843,0.7739827632904053,-0.077604591846466,0.0654678493738174,0.0345285274088382,0.0109607176855206,0.150521382689476,0.0567840822041034,0.5744680762290955,1.0,0.0,0.7872340679168701,0.8085106611251831,71.36982727050781,77.08805084228516,178.58590698242188,0.0,0.5319148898124695,0.5319148898124695,0.1387653946876526,0.0284003634005785,0.0254990458488464,0.0086186695843935,0.25,0.0,77.18794250488281,71.36982727050781,0.0,0.0,0.0,0.0,0.0,0.0,0.0,0.0,0.0,0.0,0.0,0.0,0.0,0.0,0.0,0.0,0.0,0.0,0.0,0.0,0.0,0.0,0.0,0.0,0.0,0.0
/Users/josephkamil/Desktop/Capstone/data/dataset_v2/raw/squat_back/squat_3.mp4,squat_back,squat_3.mp4,10.37,squat_back,,yes,,non_olympic,squat_back_sha_3a22d2ea0721c419,test,3a22d2ea0721c419cecd96a0f38808d069adb23452599c3e772c779cf11db0b0,1.0,3a22d2ea0721c419cecd96a0f38808d069adb23452599c3e772c779cf11db0b0,279,279,1.0,131.87681579589844,50.21176528930664,2.584517002105713,179.55624389648438,-0.5887451171875,136.0984344482422,42.15181350708008,38.485076904296875,176.6181182861328,-2.06085205078125,175.37625122070312,1.781446099281311,170.98336791992188,179.0277862548828,-0.9271240234375,0.0,0.0,0.0,0.0,0.0,0.7721204161643982,0.1258690059185028,0.6013727784156799,0.9742406606674194,0.0448373556137084,0.7561718821525574,0.1162423938512802,0.6107288002967834,0.9357050061225892,0.0316677093505859,0.2548363506793976,0.0469870381057262,0.1635523289442062,0.3185481429100036,-0.0033488571643829,0.0,0.0,1.0,0.0,0.0,2.584517002105713,38.485076904296875,179.0277862548828,0.0,0.3727598488330841,0.6487455368041992,0.0276809334754943,0.009902206249535,0.0471282005310058,0.0089652948081493,0.0,1.0,2.584517002105713,3.103618860244751,0.0,0.0,0.0,0.0,0.0,0.0,0.0,0.0,0.0,0.0,0.0,0.0,0.0,0.0,0.0,0.0,0.0,0.0,0.0,0.0,0.0,0.0,0.0,0.0,0.0,0.0
/Users/josephkamil/Desktop/Capstone/data/dataset_v2/raw/squat_back/Back squats- heel rise.mov,squat_back,Back squats- heel rise.mov,45.48,squat_back,,yes,,non_olympic,squat_back_sha_90f8d6cabfefe8b0,train,90f8d6cabfefe8b056b10097f66dd30f03fb99c7f19513793771e15125d6a3a3,1.0,90f8d6cabfefe8b056b10097f66dd30f03fb99c7f19513793771e15125d6a3a3,1060,925,0.8726415094339622,158.79296875,26.014070510864254,3.138965129852295,179.6885986328125,156.9619140625,160.83294677734375,25.980390548706055,1.1200196743011477,179.76512145996094,-0.92877197265625,26.706544876098633,39.608097076416016,1.1152762174606323,178.8679656982422,-17.964065551757812,0.0,0.0,0.0,0.0,0.0,0.2920497357845306,0.1476233452558517,-0.0685918927192688,1.4952871799468994,0.2579464912414551,0.4710279703140259,0.1799633651971817,-1.4055209159851074,0.586603045463562,-1.5553064346313477,0.0713537409901619,0.1299160271883011,0.0008349327836185,1.398356318473816,0.8142125606536865,0.476756751537323,1.0,0.0086486488580703,0.930810809135437,0.9232432246208192,3.138965129852295,1.1200196743011477,178.8679656982422,0.0,0.9956756830215454,0.9913513660430908,1.0435224771499634,0.0147683732211589,1.3629982471466064,0.004826582968235,0.0,0.0,7.723555564880371,3.138965129852295,0.0,0.0,0.0,0.0,0.0,0.0,0.0,0.0,0.0,0.0,0.0,0.0,0.0,0.0,0.0,0.0,0.0,0.0,0.0,0.0,0.0,0.0,0.0,0.0,0.0,0.0
/Users/josephkamil/Desktop/Capstone/data/dataset_v2/raw/squat_back/squat_11.mp4,squat_back,squat_11.mp4,3.98,squat_back,,yes,,non_olympic,squat_back_sha_8ba02cc8cfa2837e,train,8ba02cc8cfa2837ec5f7b20625d195f56c5dd0334cd3dcb8d396b2d31507a116,1.0,8ba02cc8cfa2837ec5f7b20625d195f56c5dd0334cd3dcb8d396b2d31507a116,144,144,1.0,140.69610595703125,36.4715576171875,62.77705001831055,177.464111328125,0.375335693359375,141.23489379882812,34.59286117553711,68.94737243652344,173.8528594970703,-0.7754974365234375,120.48502349853516,59.13834381103515,2.257751703262329,178.55604553222656,-7.669464111328125,0.0,0.0,0.0,0.0,0.0,0.3943438529968261,0.1144875213503837,0.270500898361206,0.7085359692573547,0.0625659823417663,0.6051297187805176,0.0976404026150703,0.5020536184310913,0.7863472104072571,0.0070819854736328,0.0647665411233902,0.0237634815275669,0.0072264401242136,0.1321094334125518,0.0106450989842414,0.2986111044883728,1.0,0.2361111044883728,0.6666666865348816,0.4375,62.77705001831055,68.94737243652344,178.55604553222656,0.0,0.4166666567325592,0.4166666567325592,0.1013079285621643,0.0143246734514832,0.0133059024810791,0.0041300640441477,0.0,0.0,62.77705001831055,113.56854248046876,0.0,0.0,0.0,0.0,0.0,0.0,0.0,0.0,0.0,0.0,0.0,0.0,0.0,0.0,0.0,0.0,0.0,0.0,0.0,0.0,0.0,0.0,0.0,0.0,0.0,0.0
/Users/josephkamil/Desktop/Capstone/data/dataset_v2/raw/squat_back/71ef5d06-bfea-449b-8ff3-b428ae7dbaa7.mp4,squat_back,71ef5d06-bfea-449b-8ff3-b428ae7dbaa7.mp4,0.72,squat_back,,yes,,non_olympic,squat_back_sha_f8e3166fe219bdc5,train,f8e3166fe219bdc588acbe6b7d43bc3b402ac15bf12b4f046c147c125c4a21e0,1.0,f8e3166fe219bdc588acbe6b7d43bc3b402ac15bf12b4f046c147c125c4a21e0,240,240,1.0,150.02073669433594,28.895278930664062,96.62345123291016,179.7480010986328,-29.030517578125,144.8592071533203,32.560890197753906,85.3514404296875,179.57623291015625,-22.2349853515625,118.80559539794922,52.54705429077149,2.6453230381011963,179.3194122314453,23.33062744140625,0.0,0.0,0.0,0.0,0.0,0.1471746116876602,0.2820959389209747,-0.6277717351913452,0.4759721755981445,0.216236799955368,0.4947317540645599,0.1011138930916786,0.3094962835311889,0.656910240650177,0.1329015493392944,0.1300675123929977,0.1152939721941948,0.01204146258533,0.5115169882774353,0.0307996496558189,0.4958333373069763,1.0,0.0,0.9291666746139526,0.9333333373069764,96.62345123291016,85.3514404296875,179.3194122314453,0.0,0.7041666507720947,0.7041666507720947,0.9217913150787354,0.030234046280384,0.1848569810390472,0.006789915729314,0.0,0.0,105.93340301513672,96.62345123291016,0.0,0.0,0.0,0.0,0.0,0.0,0.0,0.0,0.0,0.0,0.0,0.0,0.0,0.0,0.0,0.0,0.0,0.0,0.0,0.0,0.0,0.0,0.0,0.0,0.0,0.0
/Users/josephkamil/Desktop/Capstone/data/dataset_v2/raw/squat_back/squat_17.mp4,squat_back,squat_17.mp4,1.72,squat_back,,yes,,non_olympic,squat_back_sha_b9783cba71742468,dev,b9783cba7174246884865b903d78c2c2d279528a0b2be03d95a25a529b4c7b1d,1.0,b9783cba7174246884865b903d78c2c2d279528a0b2be03d95a25a529b4c7b1d,110,110,1.0,152.43988037109375,21.244237899780273,112.9325942993164,175.65647888183594,17.489059448242188,154.95281982421875,23.13560676574707,111.7499771118164,179.63275146484375,18.254348754882812,163.73831176757812,10.900677680969238,142.06097412109375,177.70867919921875,20.766876220703125,0.0,0.0,0.0,0.0,0.0,0.4480217397212982,0.0714681074023246,0.3492738008499145,0.5366408824920654,0.1703209280967712,0.536961555480957,0.0569946952164173,0.483452558517456,0.6464681625366211,-0.0420582890510559,0.2292805165052414,0.0565813817083835,0.1588824540376663,0.3057665526866913,0.1171725392341613,0.2090909034013748,1.0,0.4545454680919647,0.6545454263687134,0.2090909034013748,112.9325942993164,111.7499771118164,177.70867919921875,0.0,0.5363636612892151,0.5363636612892151,0.0469372868537902,0.0059506096877157,0.0125613808631896,0.0037305234000086,1.0,1.0,112.9325942993164,113.269775390625,0.0,0.0,0.0,0.0,0.0,0.0,0.0,0.0,0.0,0.0,0.0,0.0,0.0,0.0,0.0,0.0,0.0,0.0,0.0,0.0,0.0,0.0,0.0,0.0,0.0,0.0
/Users/josephkamil/Desktop/Capstone/data/dataset_v2/raw/squat_back/Back Squats- Depth.mov,squat_back,Back Squats- Depth.mov,49.8,squat_back,,yes,,non_olympic,squat_back_sha_99897ce7b14be76b,train,99897ce7b14be76be69e6b265ed5a38c4f71477a7103db1d6393473f69b60628,1.0,99897ce7b14be76be69e6b265ed5a38c4f71477a7103db1d6393473f69b60628,1159,1114,0.9611734253666956,168.37014770507812,10.447670936584473,4.772396087646484,179.88526916503906,2.295989990234375,170.0994415283203,17.4515380859375,0.3812252283096313,179.7921905517578,-4.61798095703125,38.9592399597168,43.68191146850586,0.9361630082130432,178.64723205566406,127.89622497558594,0.0,0.0,0.0,0.0,0.0,0.2357511967420578,0.1500012278556823,0.0253021772950887,1.008265733718872,0.2631711959838867,0.4770850837230682,0.1278794407844543,-0.3481225967407226,0.9883036613464355,0.7569655776023865,0.0872607678174972,0.1650691330432891,0.0026017234195023,1.0697729587554932,0.8188574910163879,0.5879712700843811,1.0,0.0026929981540888,0.9640933275222778,0.9622980356216432,4.772396087646484,0.3812252283096313,178.64723205566406,0.0,0.0017953321803361,0.9461400508880616,0.8194469213485718,0.0178407784551382,0.753067672252655,0.0051521039567887,0.375,0.0,4.772396087646484,65.3031005859375,0.0,0.0,0.0,0.0,0.0,0.0,0.0,0.0,0.0,0.0,0.0,0.0,0.0,0.0,0.0,0.0,0.0,0.0,0.0,0.0,0.0,0.0,0.0,0.0,0.0,0.0
/Users/josephkamil/Desktop/Capstone/data/dataset_v2/raw/squat_back/6dddd176-2460-48cf-bd01-3eaaa0dc754f.mp4,squat_back,6dddd176-2460-48cf-bd01-3eaaa0dc754f.mp4,1.93,squat_back,,yes,,non_olympic,squat_back_sha_30a49e729ef02da4,train,30a49e729ef02da47fe436f9d003da3e0be5eb57a60535be527401b536ae2167,1.0,30a49e729ef02da47fe436f9d003da3e0be5eb57a60535be527401b536ae2167,300,300,1.0,130.00247192382812,38.687259674072266,67.50159454345703,179.49716186523438,-70.19566345214844,134.5075225830078,38.02081298828125,68.36600494384766,179.5917510986328,-67.35001373291016,21.872337341308594,13.506464004516602,14.42877960205078,152.71995544433594,-0.5853042602539062,0.0,0.0,0.0,0.0,0.0,0.3769753575325012,0.1143835484981536,0.2291663289070129,0.5617640018463135,0.2181436419486999,0.555154025554657,0.074953518807888,0.4615703225135803,0.6736387610435486,0.1340137720108032,0.0514447130262851,0.005252749659121,0.043431170284748,0.0873877480626106,0.0031379424035549,0.0,0.0,1.0,0.0,0.0,67.50159454345703,68.36600494384766,152.71995544433594,0.0,0.949999988079071,0.949999988079071,0.0617189407348632,0.0084524797275662,0.0134754478931427,0.0050704455934464,0.0,1.0,68.15833282470703,67.50159454345703,0.0,0.0,0.0,0.0,0.0,0.0,0.0,0.0,0.0,0.0,0.0,0.0,0.0,0.0,0.0,0.0,0.0,0.0,0.0,0.0,0.0,0.0,0.0,0.0,0.0,0.0
/Users/josephkamil/Desktop/Capstone/data/dataset_v2/raw/squat_back/897f5a21-f1a1-477e-aa8b-11b7ee9378d2.mp4,squat_back,897f5a21-f1a1-477e-aa8b-11b7ee9378d2.mp4,1.17,squat_back,,yes,,non_olympic,squat_back_sha_ea8be1b29dbeb4d7,train,ea8be1b29dbeb4d70f3e51d7afb38923b7153dd4b5219607f3e7bd27ef183135,1.0,ea8be1b29dbeb4d70f3e51d7afb38923b7153dd4b5219607f3e7bd27ef183135,180,180,1.0,159.79891967773438,16.930198669433594,121.11544036865234,179.5478973388672,43.3760986328125,165.47470092773438,11.27810001373291,134.8750762939453,179.57879638671875,28.328292846679688,33.38397216796875,3.25498628616333,27.22780418395996,39.576904296875,4.480064392089844,0.0,0.0,0.0,0.0,0.0,0.3861205577850342,0.0969872921705246,0.2600591778755188,0.5399520397186279,-0.2431218922138214,0.5363193154335022,0.0588882304728031,0.4633228182792663,0.6396434307098389,-0.1401515901088714,0.06675835698843,0.0069353557191789,0.0498146153986454,0.0798795446753501,-0.0126078911125659,0.0,0.0,1.0,0.0,0.0,121.11544036865234,134.8750762939453,39.576904296875,0.0,0.3666666746139526,0.3666666746139526,0.0244834125041961,0.0074020870961248,0.0148284435272216,0.0047435807064175,0.0,1.0,121.11544036865234,131.1913299560547,0.0,0.0,0.0,0.0,0.0,0.0,0.0,0.0,0.0,0.0,0.0,0.0,0.0,0.0,0.0,0.0,0.0,0.0,0.0,0.0,0.0,0.0,0.0,0.0,0.0,0.0
/Users/josephkamil/Desktop/Capstone/data/dataset_v2/raw/squat_back/squat_4.mp4,squat_back,squat_4.mp4,19.73,squat_back,,yes,,non_olympic,squat_back_sha_828b0a5dd419f241,dev,828b0a5dd419f241db5c05375fb77cd234b73149df39a597ea19605499a5d5e3,1.0,828b0a5dd419f241db5c05375fb77cd234b73149df39a597ea19605499a5d5e3,527,526,0.9981024667931688,124.82321166992188,53.195899963378906,14.830342292785645,179.52610778808594,5.9483489990234375,123.70059967041016,51.014381408691406,18.81730079650879,177.34523010253906,6.2627716064453125,176.43223571777344,3.041642427444458,163.05198669433594,179.32781982421875,2.336029052734375,0.0,0.0,0.0,0.0,0.0,0.7304953336715698,0.1054623648524284,0.5719050168991089,0.9943187832832336,0.0112833380699157,0.7413061261177063,0.1041619181632995,0.6212445497512817,0.9202661514282228,-0.007479965686798,0.19195356965065,0.0588410682976245,0.0923031046986579,0.2583767175674438,0.017560601234436,0.0,0.0,1.0,0.0,0.0,14.830342292785645,18.81730079650879,179.32781982421875,0.0,0.0589353628456592,0.0570342205464839,0.0291401147842407,0.0070734964683651,0.0336377620697021,0.0077612129971385,0.0,1.0,14.830342292785645,26.700992584228516,0.0,0.0,0.0,0.0,0.0,0.0,0.0,0.0,0.0,0.0,0.0,0.0,0.0,0.0,0.0,0.0,0.0,0.0,0.0,0.0,0.0,0.0,0.0,0.0,0.0,0.0
/Users/josephkamil/Desktop/Capstone/data/dataset_v2/raw/squat_back/squat_23.mp4,squat_back,squat_23.mp4,8.77,squat_back,,yes,,non_olympic,squat_back_sha_bb3d2a0291c1d875,dev,bb3d2a0291c1d875ba32c5c76c04318f10c01123525a5c9e2699329b529fed59,1.0,bb3d2a0291c1d875ba32c5c76c04318f10c01123525a5c9e2699329b529fed59,432,431,0.9976851851851852,116.65963745117188,63.45467376708984,17.267684936523438,179.70614624023438,45.14372253417969,118.46349334716795,60.96565246582031,22.465913772583008,179.44927978515625,44.570159912109375,71.56586456298828,55.01969528198242,6.351716041564941,178.24594116210938,166.96051025390625,0.0,0.0,0.0,0.0,0.0,0.2202101200819015,0.1372183263301849,0.0425282604992389,0.4761660695075989,-0.1298362165689468,0.4935029447078705,0.1620396673679351,0.2780179977416992,0.7185289859771729,-0.2767893075942993,0.0442718900740146,0.0346947088837623,0.0003511874238029,0.1529200971126556,0.0962729901075363,0.4153132140636444,1.0,0.0,0.9976798295974731,1.0,17.267684936523438,22.465913772583008,178.24594116210938,0.0,0.8236659169197083,0.8236659169197083,0.0874707475304603,0.007607189938426,0.2490054368972778,0.004738216754049,0.0,0.0,20.355289459228516,17.267684936523438,0.0,0.0,0.0,0.0,0.0,0.0,0.0,0.0,0.0,0.0,0.0,0.0,0.0,0.0,0.0,0.0,0.0,0.0,0.0,0.0,0.0,0.0,0.0,0.0,0.0,0.0
/Users/josephkamil/Desktop/Capstone/data/dataset_v2/raw/squat_back/Back squats- hip depth.mov,squat_back,Back squats- hip depth.mov,36.64,squat_back,,yes,,non_olympic,squat_back_sha_fe53a5ef631b206b,train,fe53a5ef631b206b43485454a41b7e7f4425020c72364da1957a9b381d309147,1.0,fe53a5ef631b206b43485454a41b7e7f4425020c72364da1957a9b381d309147,854,767,0.8981264637002342,163.19924926757812,26.646503448486328,14.905360221862791,179.616455078125,-73.34819030761719,163.4522705078125,28.6051082611084,1.563642144203186,179.7032470703125,-61.256378173828125,46.24529266357422,51.557430267333984,1.2892459630966189,179.4417724609375,30.393783569335938,0.0,0.0,0.0,0.0,0.0,0.509292483329773,0.1429303586483001,0.1139585077762603,0.9928088188171388,0.7518499493598938,0.6495895981788635,0.1416487395763397,-0.9291298389434814,0.9581303596496582,0.4554547071456909,0.1262848079204559,0.1976056545972824,0.0044418615289032,0.8580121994018555,0.6362528800964355,0.1121251657605171,1.0,0.0091264666989445,0.9269882440567015,0.9191655516624452,14.905360221862791,1.563642144203186,179.4417724609375,0.0,0.9152542352676392,0.9139504432678224,0.3595340847969055,0.0070718475617468,1.8872601985931396,0.0072114500217139,0.0,0.0,124.2286148071289,14.905360221862791,0.0,0.0,0.0,0.0,0.0,0.0,0.0,0.0,0.0,0.0,0.0,0.0,0.0,0.0,0.0,0.0,0.0,0.0,0.0,0.0,0.0,0.0,0.0,0.0,0.0,0.0
/Users/josephkamil/Desktop/Capstone/data/dataset_v2/raw/squat_back/squat_1.mp4,squat_back,squat_1.mp4,20.41,squat_back,,yes,,non_olympic,squat_back_sha_9f62738a00501e99,train,9f62738a00501e99fd15e214130f4db60712178056f694b7adab9a02c0cc920a,1.0,9f62738a00501e99fd15e214130f4db60712178056f694b7adab9a02c0cc920a,545,544,0.998165137614679,122.1071319580078,65.61310577392578,7.487411022186279,179.52450561523438,1.84124755859375,123.36833953857422,61.5564079284668,13.768288612365724,175.4087371826172,1.203643798828125,176.17510986328125,3.04529070854187,146.54722595214844,179.32376098632812,-28.028076171875,0.0,0.0,0.0,0.0,0.0,0.7881789207458496,0.1129043772816658,0.5662544965744019,0.999841570854187,-0.0707491636276245,0.7675219178199768,0.1088305786252021,0.6341285705566406,0.934835970401764,-0.0069005489349365,0.2064021825790405,0.0434300899505615,0.1146240904927253,0.2582661509513855,-0.068827599287033,0.0,0.0,1.0,0.0,0.0,7.487411022186279,13.768288612365724,179.32376098632812,0.0,0.8051470518112183,0.1948529481887817,0.039452850818634,0.0076351761817932,0.0338128209114074,0.0075709321536123,0.0,1.0,9.038297653198242,7.487411022186279,0.0,0.0,0.0,0.0,0.0,0.0,0.0,0.0,0.0,0.0,0.0,0.0,0.0,0.0,0.0,0.0,0.0,0.0,0.0,0.0,0.0,0.0,0.0,0.0,0.0,0.0
/Users/josephkamil/Desktop/Capstone/data/dataset_v2/raw/squat_back/yt_001.mp4,squat_back,yt_001.mp4,112.16,squat_back,,yes,,non_olympic,squat_back_sha_576ab543986d4705,train,576ab543986d470578beb8efe4906fcf649a564e93d1999a4408dd7441a3b7ae,1.0,576ab543986d470578beb8efe4906fcf649a564e93d1999a4408dd7441a3b7ae,23888,22672,0.9490957803081044,149.23956298828125,54.46841049194336,0.4190113246440887,179.87823486328125,134.04254150390625,143.11810302734375,55.38032150268555,0.2659069299697876,179.8529510498047,123.14907836914062,144.180908203125,42.59738540649414,0.2905363738536834,179.7785186767578,138.9727020263672,0.0,0.0,0.0,0.0,0.0,0.5397036671638489,0.2009624987840652,-0.2247789204120636,1.3931326866149902,0.909040093421936,0.5920917391777039,0.2348408102989196,-0.67409348487854,1.4024027585983276,0.5340453386306763,0.2458004206418991,0.1228460073471069,0.00250392453745,1.021427035331726,0.6835177540779114,0.0586185604333877,1.0,0.0029110796749591,0.9641848802566528,0.9613178968429564,0.4190113246440887,0.2659069299697876,179.7785186767578,0.0,0.7958274483680725,0.7092449069023132,0.7505767941474915,0.0080300653353333,0.7742852568626404,0.0034231173340231,0.0,0.0,0.4245483875274658,0.4190113246440887,0.0,0.0,0.0,0.0,0.0,0.0,0.0,0.0,0.0,0.0,0.0,0.0,0.0,0.0,0.0,0.0,0.0,0.0,0.0,0.0,0.0,0.0,0.0,0.0,0.0,0.0
/Users/josephkamil/Desktop/Capstone/data/dataset_v2/raw/squat_back/Backsquat- correct.mov,squat_back,Backsquat- correct.mov,43.02,squat_back,,yes,,non_olympic,squat_back_sha_de5ddc1025d2314e,train,de5ddc1025d2314e35ea9915ce3471583dfc4cb43103b62ca938a95675eaaa37,1.0,de5ddc1025d2314e35ea9915ce3471583dfc4cb43103b62ca938a95675eaaa37,1000,959,0.959,152.30307006835938,30.678834915161133,2.071765184402466,179.65396118164062,54.67481994628906,140.98895263671875,45.90976333618164,2.0910630226135254,179.55123901367188,-5.43153715133667,48.73185348510742,58.841217041015625,0.9453864693641664,179.59408569335938,-2.0267486572265625,0.0,0.0,0.0,0.0,0.0,0.4305297136306762,0.1212887167930603,0.1587523519992828,0.9816644191741944,0.5206120014190674,0.4428616166114807,0.3519391417503357,-1.1356661319732666,0.6115773916244507,-1.1024446487426758,0.1024415716528892,0.1609000563621521,0.0080897798761725,0.8912315368652344,0.6748870015144348,0.1136600598692894,1.0,0.0083420230075716,0.9395203590393066,0.9322210550308228,2.071765184402466,2.0910630226135254,179.59408569335938,0.0,0.9280500411987304,0.9593326449394226,0.7217296361923218,0.017113834619522,1.0499058961868286,0.0078877676278352,0.875,0.0,2.6702287197113037,2.071765184402466,0.0,0.0,0.0,0.0,0.0,0.0,0.0,0.0,0.0,0.0,0.0,0.0,0.0,0.0,0.0,0.0,0.0,0.0,0.0,0.0,0.0,0.0,0.0,0.0,0.0,0.0
/Users/josephkamil/Desktop/Capstone/data/dataset_v2/raw/squat_back/Back squats- bar drift.mov,squat_back,Back squats- bar drift.mov,41.87,squat_back,,yes,,non_olympic,squat_back_sha_eaffb80eed14d80d,train,eaffb80eed14d80da5fdbd1086996f49b92d3a32010f095e083fd76cc440267e,1.0,eaffb80eed14d80da5fdbd1086996f49b92d3a32010f095e083fd76cc440267e,971,905,0.9320288362512872,154.13949584960938,33.161109924316406,0.3911638855934143,179.86956787109375,-46.0501708984375,141.59576416015625,44.369049072265625,0.1089898943901062,179.5742645263672,-45.914642333984375,41.065086364746094,50.07936477661133,0.9918363094329834,179.31910705566406,116.22996520996094,0.0,0.0,0.0,0.0,0.0,0.4845930337905884,0.13239087164402,-0.3658274114131927,0.98723304271698,0.5771842002868652,0.5169463157653809,0.3632680475711822,-1.3670296669006348,0.9274527430534364,1.2406277656555176,0.1023833155632019,0.1767899543046951,0.002265989780426,0.8951965570449829,0.592644214630127,0.110497236251831,1.0,0.0,0.9569060802459716,0.958011031150818,0.3911638855934143,0.1089898943901062,179.31910705566406,0.0,0.0176795572042465,0.0187845304608345,0.8476037979125977,0.0150617184117436,1.6859042644500732,0.0106870410963892,0.0,0.0,0.3911638855934143,7.756221771240234,0.0,0.0,0.0,0.0,0.0,0.0,0.0,0.0,0.0,0.0,0.0,0.0,0.0,0.0,0.0,0.0,0.0,0.0,0.0,0.0,0.0,0.0,0.0,0.0,0.0,0.0
/Users/josephkamil/Desktop/Capstone/data/dataset_v2/raw/squat_front/yt_002.mp4,squat_front,yt_002.mp4,4.2,squat_front,,yes,,non_olympic,squat_front_sha_0a4e3823e25b761a,test,0a4e3823e25b761aad7a0d43b204195ddca6bcf9bdc96e1af0cc6a505aeb76c4,1.0,0a4e3823e25b761aad7a0d43b204195ddca6bcf9bdc96e1af0cc6a505aeb76c4,1216,1137,0.935032894736842,163.5026397705078,25.03078269958496,64.07379913330078,179.4839630126953,2.5688323974609375,160.53086853027344,29.98601722717285,54.33679962158203,179.6199188232422,-0.935882568359375,131.7655487060547,42.55712127685547,18.339250564575195,179.22216796875,-0.289337158203125,0.0,0.0,0.0,0.0,0.0,0.3501288592815399,0.0799222663044929,0.2179427444934845,0.7163457870483398,-0.0030752420425415,0.4243460893630981,0.0421963594853878,0.385126382112503,0.5989532470703125,-0.0050550699234008,0.1633784472942352,0.0440320335328578,0.043467566370964,0.2562276422977447,-0.0035808086395263,0.0167106427252292,1.0,0.7563764452934265,0.7968337535858154,0.041336853057146,64.07379913330078,54.33679962158203,179.22216796875,0.0,0.7801231145858765,0.6464380025863647,0.0468319654464721,0.0037035618443042,0.0172419846057891,0.0013265159213915,0.0,1.0,76.57117462158203,64.07379913330078,0.0,0.0,0.0,0.0,0.0,0.0,0.0,0.0,0.0,0.0,0.0,0.0,0.0,0.0,0.0,0.0,0.0,0.0,0.0,0.0,0.0,0.0,0.0,0.0,0.0,0.0
/Users/josephkamil/Desktop/Capstone/data/dataset_v2/raw/squat_front/yt_001.mp4,squat_front,yt_001.mp4,2.27,squat_front,,yes,,non_olympic,squat_front_sha_7370ac86e783157c,train,7370ac86e783157c76bcae5b368cf48db01046a834a148a6fd957ae40a1a2ba3,1.0,7370ac86e783157c76bcae5b368cf48db01046a834a148a6fd957ae40a1a2ba3,1236,997,0.8066343042071198,112.61761474609376,64.156005859375,8.070374488830566,179.7434844970703,-17.031829833984375,99.80304718017578,57.10194396972656,0.5410751104354858,179.69781494140625,-12.951774597167969,122.0118179321289,47.421688079833984,0.4153197407722473,179.23646545410156,-74.90682983398438,0.0,0.0,0.0,0.0,0.0,0.4715896844863891,0.1726016849279403,0.0773011371493339,0.9725359082221984,-0.1116071939468383,0.5553542375564575,0.1922984719276428,0.1078640669584274,1.1562554836273191,-0.0377647876739501,0.2366812527179718,0.1308296918869018,0.003378810128197,0.6763862371444702,-0.0601713359355926,0.1795386224985122,1.0,0.0511534586548805,0.9779338240623474,0.9277833700180054,8.070374488830566,0.5410751104354858,179.23646545410156,0.0,0.9368104338645936,0.3009026944637298,0.6466744542121887,0.0123765170574188,0.5486289262771606,0.0079011535272002,0.0,0.0,10.943854331970217,8.070374488830566,0.0,0.0,0.0,0.0,0.0,0.0,0.0,0.0,0.0,0.0,0.0,0.0,0.0,0.0,0.0,0.0,0.0,0.0,0.0,0.0,0.0,0.0,0.0,0.0,0.0,0.0
/Users/josephkamil/Desktop/Capstone/data/dataset_v2/raw/squat_front/Front Squat- Depth.mov,squat_front,Front Squat- Depth.mov,56.3,squat_front,,yes,,non_olympic,squat_front_sha_f85b5b766a9541e1,train,f85b5b766a9541e1a72f2ff478fc5e4a92aa03a99cd7d90addac68d7287f9d9a,1.0,f85b5b766a9541e1a72f2ff478fc5e4a92aa03a99cd7d90addac68d7287f9d9a,1311,1267,0.9664378337147216,171.19378662109375,5.901791095733643,147.731689453125,179.86216735839844,-5.19476318359375,177.59202575683594,1.3653045892715454,173.01925659179688,179.7115478515625,3.546722412109375,69.11688232421875,25.24648666381836,0.815723717212677,171.66452026367188,-107.6567840576172,0.0,0.0,0.0,0.0,0.0,0.2768546938896179,0.0491261258721351,0.0802281573414802,0.6886160969734192,0.1997814178466797,0.5438799858093262,0.1295080035924911,-0.5234614610671997,0.635480523109436,-0.5276944041252136,0.076578602194786,0.0540725253522396,0.031921099871397,0.6005168557167053,0.0357711315155029,0.9250197410583496,1.0,0.0142067875713109,0.9992107152938844,0.9857932329177856,147.731689453125,173.01925659179688,171.66452026367188,0.0,0.2115232795476913,0.9723756909370422,0.5296388864517212,0.0069090207107365,0.4956158995628357,0.0059543750248849,1.0,0.0,147.731689453125,154.9960479736328,0.0,0.0,0.0,0.0,0.0,0.0,0.0,0.0,0.0,0.0,0.0,0.0,0.0,0.0,0.0,0.0,0.0,0.0,0.0,0.0,0.0,0.0,0.0,0.0,0.0,0.0
/Users/josephkamil/Desktop/Capstone/data/dataset_v2/raw/squat_front/Front squats- butt wink .mov,squat_front,Front squats- butt wink .mov,45.07,squat_front,,yes,,non_olympic,squat_front_sha_75257ee81d3d0722,test,75257ee81d3d072233e448120c70163c704d5a38c847d4dedef0558559b1c55b,1.0,75257ee81d3d072233e448120c70163c704d5a38c847d4dedef0558559b1c55b,1051,943,0.8972407231208372,154.708251953125,25.86777687072754,0.6677572727203369,179.638916015625,-43.70817565917969,143.3366241455078,40.3822135925293,0.9367756843566896,179.86866760253906,-49.936767578125,43.79372024536133,41.85160446166992,9.609649658203123,178.7638702392578,154.22991943359375,0.0,0.0,0.0,0.0,0.0,0.43656787276268,0.1846198439598083,0.085696592926979,1.2415859699249268,0.6845301389694214,0.5585328936576843,0.172866553068161,-0.4664264023303985,1.8924943208694456,0.7174257040023804,0.1109460890293121,0.2098219692707061,0.0273968372493982,1.0392451286315918,0.4552578926086426,0.3404029607772827,1.0,0.0,0.945917308330536,0.9469777345657348,0.6677572727203369,0.9367756843566896,178.7638702392578,0.0,0.9437963962554932,0.9363732933998108,0.8604552745819092,0.0091894967481493,2.15853500366211,0.0074413456022739,0.125,0.0,38.627872467041016,0.6677572727203369,0.0,0.0,0.0,0.0,0.0,0.0,0.0,0.0,0.0,0.0,0.0,0.0,0.0,0.0,0.0,0.0,0.0,0.0,0.0,0.0,0.0,0.0,0.0,0.0,0.0,0.0
/Users/josephkamil/Desktop/Capstone/data/dataset_v2/raw/squat_front/Front squat- heel rise.mov,squat_front,Front squat- heel rise.mov,39.16,squat_front,,yes,,non_olympic,squat_front_sha_cc8a6dd5b7179fd4,train,cc8a6dd5b7179fd470233cc7f0b513c056debc4ee32927d582811357178ce501,1.0,cc8a6dd5b7179fd470233cc7f0b513c056debc4ee32927d582811357178ce501,915,712,0.7781420765027323,152.6354217529297,28.49885368347168,42.71344757080078,179.7183837890625,-54.90931701660156,154.07052612304688,30.892547607421875,21.227691650390625,179.9217071533203,-134.23574829101562,54.28871154785156,36.74651336669922,2.1218252182006836,176.33358764648438,161.10488891601562,0.0,0.0,0.0,0.0,0.0,0.0955205336213111,0.1523491293191909,-0.0868259519338607,1.5144898891448977,0.7687535881996155,0.2879180014133453,0.2133705019950866,-0.793899655342102,2.1538212299346924,-0.6729485988616943,0.0818535685539245,0.1459258794784546,0.0048004039563238,1.1167370080947876,0.9369874000549316,0.3932584226131439,1.0,0.0028089887928217,0.9606741666793824,0.959269642829895,42.71344757080078,21.227691650390625,176.33358764648438,0.0,0.9719101190567015,0.983146071434021,1.42289137840271,0.0164986811578273,2.6823580265045166,0.011853190138936,0.0,0.0,97.03457641601562,42.71344757080078,0.0,0.0,0.0,0.0,0.0,0.0,0.0,0.0,0.0,0.0,0.0,0.0,0.0,0.0,0.0,0.0,0.0,0.0,0.0,0.0,0.0,0.0,0.0,0.0,0.0,0.0
/Users/josephkamil/Desktop/Capstone/data/dataset_v2/raw/squat_front/Front squat- depth(1).mov,squat_front,Front squat- depth(1).mov,26.66,squat_front,,yes,,non_olympic,squat_front_sha_1350f556c0ec9ecf,train,1350f556c0ec9ecfedf3b315a20fc282ab48b8dcd1a3d859e7848cff76c1fabc,1.0,1350f556c0ec9ecfedf3b315a20fc282ab48b8dcd1a3d859e7848cff76c1fabc,622,549,0.882636655948553,165.9697723388672,18.382543563842773,3.9905331134796143,179.65525817871094,-171.9181365966797,163.5964813232422,24.77349853515625,0.1758578419685363,179.5945587158203,-171.58775329589844,45.5783805847168,36.87693786621094,5.872617721557617,178.9281768798828,77.52185821533203,0.0,0.0,0.0,0.0,0.0,0.4382260143756866,0.0781237632036209,0.0562464073300361,0.7261581420898438,0.1007970869541168,0.6671541333198547,0.1530947536230087,-0.2142555117607116,1.9227383136749268,1.963758945465088,0.0756462290883064,0.0942063182592392,0.0300619155168533,0.9040769934654236,0.6325842142105103,0.7777777910232544,1.0,0.0,0.998178482055664,1.0,3.9905331134796143,0.1758578419685363,178.9281768798828,0.0,0.998178482055664,0.989071011543274,0.5453565120697021,0.0084820315241813,1.9773489236831665,0.0100475484505295,1.0,0.0,19.05824279785156,3.9905331134796143,0.0,0.0,0.0,0.0,0.0,0.0,0.0,0.0,0.0,0.0,0.0,0.0,0.0,0.0,0.0,0.0,0.0,0.0,0.0,0.0,0.0,0.0,0.0,0.0,0.0,0.0
/Users/josephkamil/Desktop/Capstone/data/dataset_v2/raw/squat_front/Front squat- correct.mov,squat_front,Front squat- correct.mov,41.11,squat_front,,yes,,non_olympic,squat_front_sha_9d16fdbff067a197,dev,9d16fdbff067a1973c9feb1fcdeb2e02029be7742a7a278194ba1464c06c2eca,1.0,9d16fdbff067a1973c9feb1fcdeb2e02029be7742a7a278194ba1464c06c2eca,958,845,0.8820459290187892,154.82406616210938,29.287517547607425,28.905303955078125,179.6173553466797,-42.3192138671875,151.97242736816406,35.90818405151367,3.298200845718384,179.68612670898438,117.11402130126952,43.61846160888672,39.88322067260742,1.773659586906433,174.17538452148438,-4.413909912109375,0.0,0.0,0.0,0.0,0.0,0.3793702721595764,0.1620768308639526,0.102307453751564,0.9847739934921264,0.476738691329956,0.547249436378479,0.0886978134512901,0.1297938525676727,0.914560079574585,0.4245431423187256,0.0936528518795967,0.1837214678525924,0.0014349939301609,0.9365473389625548,0.9018211364746094,0.446153849363327,1.0,0.0023668638896197,0.8804733753204346,0.8792899250984192,28.905303955078125,3.298200845718384,174.17538452148438,0.0,0.0153846153989434,0.0,0.6783061027526855,0.0071398303844034,0.3693520426750183,0.0048448396846652,0.0,0.0,28.905303955078125,89.18612670898438,0.0,0.0,0.0,0.0,0.0,0.0,0.0,0.0,0.0,0.0,0.0,0.0,0.0,0.0,0.0,0.0,0.0,0.0,0.0,0.0,0.0,0.0,0.0,0.0,0.0,0.0
/Users/josephkamil/Desktop/Capstone/data/dataset_v2/raw/squat_front/yt_003.mp4,squat_front,yt_003.mp4,37.48,squat_front,,yes,,non_olympic,squat_front_sha_d830364e7e9b564c,train,d830364e7e9b564cf35d95992e70eddf0ef005645257dbea59bd5838c10cdea0,1.0,d830364e7e9b564cf35d95992e70eddf0ef005645257dbea59bd5838c10cdea0,15579,15218,0.9768277809872264,160.5473175048828,36.60844039916992,0.5196723341941833,179.89251708984375,-5.0754852294921875,161.8134307861328,32.31936264038086,0.2886378169059753,179.80828857421875,-0.115386962890625,65.33642578125,70.82481384277344,0.3746261894702911,179.78512573242188,-152.09617614746094,0.0,0.0,0.0,0.0,0.0,0.4524204730987549,0.2548911273479461,0.1362999528646469,1.7370610237121582,-1.354448318481445,0.6275351643562317,0.2752712070941925,0.1578157544136047,1.7872258424758911,-1.217220664024353,0.1299671679735183,0.1432274580001831,0.000813873077277,0.9342889785766602,-0.796043336391449,0.3425548672676086,1.0,0.0450124852359294,0.9862005710601808,0.9412537813186646,0.5196723341941833,0.2886378169059753,179.78512573242188,0.0,0.3510316610336303,0.045078195631504,0.7285242080688477,0.0047412421554327,1.2455756664276123,0.0015750630991533,1.0,0.0,0.5196723341941833,39.25702667236328,0.0,0.0,0.0,0.0,0.0,0.0,0.0,0.0,0.0,0.0,0.0,0.0,0.0,0.0,0.0,0.0,0.0,0.0,0.0,0.0,0.0,0.0,0.0,0.0,0.0,0.0
/Users/josephkamil/Desktop/Capstone/data/dataset_v2/raw/squat_front/Front squat- forward lean.mov,squat_front,Front squat- forward lean.mov,36.67,squat_front,,yes,,non_olympic,squat_front_sha_2f82882131728736,dev,2f8288213172873699e6ac74b50cad28467b897aa5d8dd30d94aa46df8e504ea,1.0,2f8288213172873699e6ac74b50cad28467b897aa5d8dd30d94aa46df8e504ea,850,741,0.8717647058823529,164.2615203857422,18.119218826293945,42.792476654052734,179.5911407470703,-27.930587768554688,155.17506408691406,28.7249755859375,46.87987518310547,179.66424560546875,-49.009803771972656,47.16840744018555,43.679237365722656,12.81881046295166,179.13168334960938,120.35101318359376,0.0,0.0,0.0,0.0,0.0,0.5067281126976013,0.1647511422634124,-0.1876084208488464,1.1218225955963137,0.8245741128921509,0.6479579210281372,0.1063032671809196,-1.0381863117218018,0.9657572507858276,0.3729878962039947,0.1031856536865234,0.1937102228403091,0.0208132397383451,0.9297888875007628,0.7722582221031189,0.3468286097049713,1.0,0.010796220973134,0.937921702861786,0.928475022315979,42.792476654052734,46.87987518310547,179.13168334960938,0.0,0.9473684430122375,0.9419702887535096,0.9552240371704102,0.0084701599553227,1.548222303390503,0.0094869071617722,0.0,0.0,117.24488830566406,42.792476654052734,0.0,0.0,0.0,0.0,0.0,0.0,0.0,0.0,0.0,0.0,0.0,0.0,0.0,0.0,0.0,0.0,0.0,0.0,0.0,0.0,0.0,0.0,0.0,0.0,0.0,0.0
/Users/josephkamil/Desktop/Capstone/data/dataset_v2/raw/squat_front/Front squats- bar drift.mov,squat_front,Front squats- bar drift.mov,46.81,squat_front,,yes,,non_olympic,squat_front_sha_b1569cf660f47692,train,b1569cf660f47692965cd2a6e22340d4dc0d262629a876f1acbc4225eb7b7d91,1.0,b1569cf660f47692965cd2a6e22340d4dc0d262629a876f1acbc4225eb7b7d91,1095,961,0.8776255707762557,150.2103271484375,33.22052001953125,0.3669178783893585,179.65179443359375,-174.93292236328125,145.11749267578125,40.3383903503418,0.1445051878690719,179.80299377441406,-173.64454650878906,56.56904602050781,42.945587158203125,7.3345842361450195,179.7732391357422,5.2516326904296875,0.0,0.0,0.0,0.0,0.0,0.255212128162384,0.2024842351675033,0.0674789622426033,0.9933276176452636,0.0335336923599243,0.4195843040943146,0.2735622823238373,-1.344149112701416,2.053521156311035,-1.463325023651123,0.0981801599264144,0.1272462457418441,0.0254116542637348,0.9335472583770752,0.68559330701828,0.4151925146579742,1.0,0.0665972977876663,0.9937565326690674,0.9281997680664062,0.3669178783893585,0.1445051878690719,179.7732391357422,0.0,0.98751300573349,0.9906347393989564,0.6503552794456482,0.0103406477719545,2.499950170516968,0.0092513049021363,0.875,0.0,1.8902654647827148,0.3669178783893585,0.0,0.0,0.0,0.0,0.0,0.0,0.0,0.0,0.0,0.0,0.0,0.0,0.0,0.0,0.0,0.0,0.0,0.0,0.0,0.0,0.0,0.0,0.0,0.0,0.0,0.0
/Users/josephkamil/Desktop/Capstone/data/dataset_v2/raw/squat_front/Front squat- elbow drop.mov,squat_front,Front squat- elbow drop.mov,53.8,squat_front,,yes,,non_olympic,squat_front_sha_388cd9a9a8616d9e,train,388cd9a9a8616d9e317d134e84f85ba9b3c4fb109482df696b663efb60aeeb4a,1.0,388cd9a9a8616d9e317d134e84f85ba9b3c4fb109482df696b663efb60aeeb4a,1256,1197,0.9530254777070064,159.80923461914062,27.931251525878903,14.265514373779297,179.70748901367188,101.6219482421875,158.46139526367188,33.194175720214844,0.9941881895065308,179.7663116455078,55.90824890136719,43.13993453979492,38.01507568359375,6.285020351409912,179.46734619140625,-5.560546875,0.0,0.0,0.0,0.0,0.0,0.5317338705062866,0.1634142994880676,0.173124760389328,1.2314153909683228,0.8790786862373352,0.6811459064483643,0.1430075466632843,-0.7024205923080444,1.0750000476837158,0.8317276835441589,0.0927598997950553,0.1793639510869979,0.020408995449543,1.040820837020874,0.6572974920272827,0.4870509505271911,1.0,0.0008354219025932,0.8997493982315063,0.8997493982315063,14.265514373779297,0.9941881895065308,179.46734619140625,0.0,0.0058479532599449,0.0033416876103729,0.6654326319694519,0.0079066855832934,0.9370256662368774,0.0060374219901859,0.75,0.0,14.265514373779297,62.35519790649414,0.0,0.0,0.0,0.0,0.0,0.0,0.0,0.0,0.0,0.0,0.0,0.0,0.0,0.0,0.0,0.0,0.0,0.0,0.0,0.0,0.0,0.0,0.0,0.0,0.0,0.0
/Users/josephkamil/Desktop/Capstone/data/dataset_v2/raw/squat_front/Front squat- knee valgus.mov,squat_front,Front squat- knee valgus.mov,32.68,squat_front,,yes,,non_olympic,squat_front_sha_2febb302fcea8623,train,2febb302fcea8623830d0e747d78419a3f47bd6496a71735f50edaaa7e739663,1.0,2febb302fcea8623830d0e747d78419a3f47bd6496a71735f50edaaa7e739663,761,700,0.9198423127463864,156.61647033691406,27.69286346435547,0.7411810755729675,179.65570068359375,-73.79066467285156,159.31234741210938,29.81460189819336,4.136140823364258,179.60752868652344,-68.64457702636719,44.99774932861328,41.6807746887207,0.8393617868423462,179.16952514648438,137.3553009033203,0.0,0.0,0.0,0.0,0.0,0.5013626217842102,0.1707162111997604,0.0542456209659576,1.1096792221069336,0.8134757876396179,0.6592553853988647,0.1927971243858337,-0.4026132225990295,1.1665973663330078,1.125167965888977,0.111552745103836,0.2048599272966385,0.0186438802629709,0.9242966175079346,0.7188559174537659,0.4057142734527588,1.0,0.0,0.935714304447174,0.937142848968506,0.7411810755729675,4.136140823364258,179.16952514648438,0.0,0.0142857143655419,0.0185714289546012,0.7298049926757812,0.0096062803640961,1.5525262355804443,0.0097017996013164,0.625,0.0,0.7411810755729675,52.85468673706055,0.0,0.0,0.0,0.0,0.0,0.0,0.0,0.0,0.0,0.0,0.0,0.0,0.0,0.0,0.0,0.0,0.0,0.0,0.0,0.0,0.0,0.0,0.0,0.0,0.0,0.0
/Users/josephkamil/Desktop/Capstone/Oly_Data/raw/overhead_squat/OverHeadSquat2.mov,overhead_squat,OverHeadSquat2.mov,13.27,overhead_squat,,yes,,non_olympic,overhead_squat_sha_466e187238d12dc7,train,466e187238d12dc78d56d82032c880e62caffde6809a479fc1ea6478dbeee61d,1.0,466e187238d12dc78d56d82032c880e62caffde6809a479fc1ea6478dbeee61d,409,409,1.0,111.16895294189452,39.920684814453125,2.9578356742858887,160.79176330566406,-7.1706085205078125,114.35540008544922,45.91444778442383,2.0652928352355957,172.94798278808594,-44.4642333984375,170.4069061279297,5.051837921142578,144.17315673828125,178.8208770751953,10.594268798828123,0.0,0.0,0.0,0.0,0.0,0.2692851722240448,0.0470670014619827,0.2058629691600799,0.3666066825389862,0.0510286092758178,0.4908656179904938,0.0336728319525718,0.4419631361961365,0.5658228993415833,0.0330450534820556,0.0917127802968025,0.0069747073575854,0.0769127085804939,0.1178599447011947,0.0037916526198387,1.0,1.0,0.0,0.9975550174713136,1.0,2.9578356742858887,2.0652928352355957,178.8208770751953,0.0,0.3814180791378021,0.347188264131546,0.0219427943229675,0.0019158498616889,0.0207994282245636,0.001267067505978,1.0,0.0,2.9578356742858887,20.375017166137695,0.0,0.0,0.0,0.0,0.0,0.0,0.0,0.0,0.0,0.0,0.0,0.0,0.0,0.0,0.0,0.0,0.0,0.0,0.0,0.0,0.0,0.0,0.0,0.0,0.0,0.0
/Users/josephkamil/Desktop/Capstone/Oly_Data/raw/overhead_squat/overhead_squat_crossfit_01.mov,overhead_squat,overhead_squat_crossfit_01.mov,63.42,overhead_squat,,yes,,non_olympic,overhead_squat_sha_9ba43bfe41627c27,test,9ba43bfe41627c2715ca14c3525f74cccc43bebe85e195db1c15ea26773f5692,1.0,9ba43bfe41627c2715ca14c3525f74cccc43bebe85e195db1c15ea26773f5692,2678,2448,0.9141150112023898,143.05776977539062,42.9718132019043,32.9032096862793,179.3163604736328,-2.704437255859375,143.25794982910156,40.31960678100586,28.97588348388672,179.45286560058594,1.666534423828125,162.52540588378906,33.60572052001953,3.2121474742889404,178.8731231689453,-109.97655487060548,0.0,0.0,0.0,0.0,0.0,0.3090865314006805,0.0957007855176925,0.1919262856245041,0.5708204507827759,0.0877184271812439,0.5702781081199646,0.0620354749262332,0.4618911743164062,0.6685554385185242,-0.0507596433162689,0.1042896881699562,0.0336421802639961,0.0007419881294481,0.1298437416553497,-0.0567425116896629,0.9808006286621094,1.0,0.0,0.9991829991340636,0.9995915293693542,32.9032096862793,28.97588348388672,178.8731231689453,0.0,0.9640522599220276,0.9640522599220276,0.1050029397010803,0.0030819259118288,0.0493173599243164,0.0015887260669842,1.0,0.0,49.503536224365234,32.9032096862793,0.0,0.0,0.0,0.0,0.0,0.0,0.0,0.0,0.0,0.0,0.0,0.0,0.0,0.0,0.0,0.0,0.0,0.0,0.0,0.0,0.0,0.0,0.0,0.0,0.0,0.0
/Users/josephkamil/Desktop/Capstone/data/dataset_v2/raw/overhead_squat/overhead_squat_good_01.mov,overhead_squat,overhead_squat_good_01.mov,23.75,overhead_squat,,yes,,non_olympic,overhead_squat_sha_f2c109a8d90d297a,train,f2c109a8d90d297a5eada2d7a8ff00283c1f1c47d3cf961c3ca2882b3c892a36,1.0,f2c109a8d90d297a5eada2d7a8ff00283c1f1c47d3cf961c3ca2882b3c892a36,722,722,1.0,160.97097778320312,23.7445068359375,72.75189208984375,177.07421875,-1.403411865234375,165.50634765625,20.838987350463867,89.61795043945312,177.9294891357422,-0.3054351806640625,166.7145233154297,7.1730804443359375,100.6139678955078,173.77450561523438,-1.037811279296875,0.0,0.0,0.0,0.0,0.0,0.3509906232357025,0.0785479471087455,0.3017145991325378,0.5726836323738098,-0.0118942856788635,0.6905913352966309,0.0525500737130641,0.6602773666381836,0.8403286933898926,0.001205563545227,0.1282562613487243,0.018639812245965,0.0794191285967826,0.1442334353923797,0.0128187239170074,1.0,1.0,0.0,0.9986149668693542,1.0,72.75189208984375,89.61795043945312,173.77450561523438,0.0,0.1869806051254272,0.4542936384677887,0.0217374563217163,0.0022578367497771,0.0218012928962707,0.0014989977935329,1.0,0.0,72.75189208984375,171.3484344482422,0.0,0.0,0.0,0.0,0.0,0.0,0.0,0.0,0.0,0.0,0.0,0.0,0.0,0.0,0.0,0.0,0.0,0.0,0.0,0.0,0.0,0.0,0.0,0.0,0.0,0.0
/Users/josephkamil/Desktop/Capstone/data/dataset_v2/raw/overhead_squat/OverheadSquat- correct4.mov,overhead_squat,OverheadSquat- correct4.mov,88.35,overhead_squat,,yes,,non_olympic,overhead_squat_sha_af12257e55589eb4,train,af12257e55589eb48f87e52dda701969a1b2cf502aa78fb08c186c04643ee791,1.0,af12257e55589eb48f87e52dda701969a1b2cf502aa78fb08c186c04643ee791,1445,1194,0.8262975778546713,166.41781616210938,16.245454788208008,15.497014999389648,179.63360595703125,-14.47894287109375,170.97935485839844,10.57097625732422,25.01018714904785,179.67698669433594,-11.942718505859377,124.68742370605467,50.94829559326172,2.437034845352173,179.31381225585938,-133.6997528076172,0.0,0.0,0.0,0.0,0.0,0.1131740137934684,0.1776874363422393,-0.113357126712799,0.8811361789703369,-0.0465409904718399,0.4669931828975677,0.0940710008144378,0.0867134630680084,0.6228575706481934,0.3491110503673553,0.1191458404064178,0.0602319426834583,0.0054843300022184,0.2839839458465576,0.0213401429355144,0.9162479043006896,1.0,0.0,0.999162495136261,1.0,15.497014999389648,25.01018714904785,179.31381225585938,0.0,0.058626465499401,0.0100502511486411,0.7824105024337769,0.0093739870935678,0.2287907302379608,0.0037709353491663,1.0,0.0,15.497014999389648,133.52529907226562,0.0,0.0,0.0,0.0,0.0,0.0,0.0,0.0,0.0,0.0,0.0,0.0,0.0,0.0,0.0,0.0,0.0,0.0,0.0,0.0,0.0,0.0,0.0,0.0,0.0,0.0
/Users/josephkamil/Desktop/Capstone/data/dataset_v2/raw/overhead_squat/OverheadSquats- correct3.mov,overhead_squat,OverheadSquats- correct3.mov,94.33,overhead_squat,,yes,,non_olympic,overhead_squat_sha_b143735771d0b7a3,train,b143735771d0b7a39609c227b3533374ae60ec10a5007962bedca4e5022e00e8,1.0,b143735771d0b7a39609c227b3533374ae60ec10a5007962bedca4e5022e00e8,1531,1531,1.0,133.25698852539062,41.303619384765625,49.410587310791016,179.3988494873047,-8.6934814453125,133.96998596191406,38.57939529418945,53.0521125793457,178.69842529296875,-3.7213287353515625,175.29957580566406,3.5247843265533447,127.26448822021484,179.06015014648438,-3.22039794921875,0.0,0.0,0.0,0.0,0.0,0.3040610253810882,0.0883847922086715,0.1762908697128296,0.5577828288078308,0.333642840385437,0.6122757196426392,0.067072607576847,0.5279918909072876,0.7303861379623413,0.0002511739730834,0.1166213005781173,0.0256311520934104,0.004093472380191,0.2002065479755401,0.0534235090017318,0.9725669622421264,1.0,0.0,0.992161989212036,0.9928151369094848,49.410587310791016,53.0521125793457,179.06015014648438,0.0,0.9372959136962892,0.9379490613937378,0.1075577437877655,0.0050121517851948,0.0408575534820556,0.0008960901759564,1.0,0.0,51.28333282470703,49.410587310791016,0.0,0.0,0.0,0.0,0.0,0.0,0.0,0.0,0.0,0.0,0.0,0.0,0.0,0.0,0.0,0.0,0.0,0.0,0.0,0.0,0.0,0.0,0.0,0.0,0.0,0.0
/Users/josephkamil/Desktop/Capstone/data/dataset_v2/raw/overhead_squat/OverheadSquat- correct5.mov,overhead_squat,OverheadSquat- correct5.mov,95.69,overhead_squat,,yes,,non_olympic,overhead_squat_sha_dd29adb85f11f4b7,dev,dd29adb85f11f4b72597f53384934f4c1e045f5db4a1b40ea313be8babd61887,1.0,dd29adb85f11f4b72597f53384934f4c1e045f5db4a1b40ea313be8babd61887,1291,1291,1.0,134.02203369140625,53.37630462646485,31.10491943359375,179.650390625,6.1493682861328125,144.5171661376953,42.01701354980469,56.44129943847656,179.70648193359375,-7.696701049804688,151.4137725830078,40.13383483886719,1.7567565441131592,179.29090881347656,-153.6068572998047,0.0,0.0,0.0,0.0,0.0,0.1631317287683487,0.1083600595593452,0.0041521275416016,0.5416399240493774,-0.0833318680524826,0.6297846436500549,0.1390931010246276,0.4380083382129669,0.9239211678504944,-0.1280069351196289,0.1669784188270568,0.0676034837961196,0.003390313591808,0.2735774219036102,-0.084423154592514,0.9620449542999268,1.0,0.0,0.999225378036499,1.0,31.10491943359375,56.44129943847656,179.29090881347656,0.0,0.3849729001522064,0.3849729001522064,0.3213415145874023,0.0118225133046507,0.1140508651733398,0.005742403678596,1.0,0.0,31.10491943359375,41.303955078125,0.0,0.0,0.0,0.0,0.0,0.0,0.0,0.0,0.0,0.0,0.0,0.0,0.0,0.0,0.0,0.0,0.0,0.0,0.0,0.0,0.0,0.0,0.0,0.0,0.0,0.0
/Users/josephkamil/Desktop/Capstone/data/dataset_v2/raw/push_press/shoulder press_18.mp4,push_press,shoulder press_18.mp4,0.69,push_press,,yes,,non_olympic,push_press_sha_5947a6534418a9dc,train,5947a6534418a9dc099b0eab3453289f1a7fca37bd129d93fc03366bc0a35e59,1.0,5947a6534418a9dc099b0eab3453289f1a7fca37bd129d93fc03366bc0a35e59,233,233,1.0,178.89878845214844,0.5808981657028198,176.81361389160156,179.8233184814453,0.2294921875,178.1480255126953,0.7396968007087708,176.15794372558594,179.6860809326172,-1.0034332275390625,110.10575103759766,46.41340255737305,49.90726089477539,175.3577423095703,-6.727489471435547,0.0,0.0,0.0,0.0,0.0,0.3562183976173401,0.1727381348609924,0.1242894306778907,0.5932879447937012,0.0325627923011779,1.4045579433441162,0.0383695922791957,1.3306427001953125,1.4654521942138672,0.0123448371887207,0.3887587487697601,0.1560229659080505,0.1714460402727127,0.6038549542427063,-0.0185156464576721,1.0,1.0,0.0,0.995708167552948,1.0,176.81361389160156,176.15794372558594,175.3577423095703,0.0,0.5150214433670044,0.9656652212142944,0.0433488190174102,0.0117763755843043,0.0172247886657714,0.003339007962495,1.0,0.0,176.81361389160156,177.9959259033203,0.0,0.0,0.0,0.0,0.0,0.0,0.0,0.0,0.0,0.0,0.0,0.0,0.0,0.0,0.0,0.0,0.0,0.0,0.0,0.0,0.0,0.0,0.0,0.0,0.0,0.0
/Users/josephkamil/Desktop/Capstone/data/dataset_v2/raw/push_press/shoulder press_5.mp4,push_press,shoulder press_5.mp4,8.22,push_press,,yes,,non_olympic,push_press_sha_3678ac4a229a5b27,train,3678ac4a229a5b27ee71cc4604efbdaa6ac86822d049ef188691f5fa5f64f3a2,1.0,3678ac4a229a5b27ee71cc4604efbdaa6ac86822d049ef188691f5fa5f64f3a2,292,292,1.0,130.18307495117188,5.234114170074463,112.70451354980467,141.544189453125,1.1202239990234375,148.97854614257812,5.5658440589904785,130.9965362548828,162.3389892578125,-1.1929473876953125,87.78274536132812,75.12178039550781,3.356539726257324,179.43653869628906,150.66751098632812,0.0,0.0,0.0,0.0,0.0,0.2335619926452636,0.1135102733969688,0.0729401707649231,0.3758663535118103,-0.2535212635993957,0.6318135261535645,0.0118693634867668,0.6045299768447876,0.6564140319824219,0.0358771085739135,0.1332930773496627,0.1027638986706733,0.0077990577556192,0.2752251625061035,0.2405722737312317,0.9109588861465454,1.0,0.0136986300349235,0.9965753555297852,0.9863013625144958,112.70451354980467,130.9965362548828,179.43653869628906,0.0,0.75,0.75,0.0385950058698654,0.0074411951936781,0.0064591765403747,0.0009823369327932,1.0,0.0,116.02857208251952,112.70451354980467,0.0,0.0,0.0,0.0,0.0,0.0,0.0,0.0,0.0,0.0,0.0,0.0,0.0,0.0,0.0,0.0,0.0,0.0,0.0,0.0,0.0,0.0,0.0,0.0,0.0,0.0
/Users/josephkamil/Desktop/Capstone/data/dataset_v2/raw/push_press/shoulder press_17.mp4,push_press,shoulder press_17.mp4,7.37,push_press,,yes,,non_olympic,push_press_sha_d90a89c0411b4b15,train,d90a89c0411b4b15849b4a89842fc181b4a0ea69faeda48a96fe733ca0363c79,1.0,d90a89c0411b4b15849b4a89842fc181b4a0ea69faeda48a96fe733ca0363c79,249,249,1.0,154.34866333007812,19.34457015991211,111.92611694335938,179.4916229248047,3.22967529296875,167.8199462890625,13.20434856414795,133.2332305908203,179.6632537841797,1.5934295654296875,103.12676239013672,58.573734283447266,26.12902069091797,177.96444702148438,7.759572982788086,0.0,0.0,0.0,0.0,0.0,0.3836764693260193,0.1421727985143661,0.2037900686264038,0.6397601366043091,-0.0625599920749664,0.9076306223869324,0.0079553527757525,0.8918274641036987,0.9205945730209352,0.003274917602539,0.1764043122529983,0.1258329451084137,0.0014990587951615,0.3363629579544067,0.0586466789245605,0.9196786880493164,1.0,0.0,0.9959839582443236,1.0,111.92611694335938,133.2332305908203,177.96444702148438,0.0,0.5943775177001953,0.8835341334342957,0.0595670938491821,0.0105853993445634,0.0048296451568603,0.0006788637256249,1.0,0.0,118.22779083251952,111.92611694335938,0.0,0.0,0.0,0.0,0.0,0.0,0.0,0.0,0.0,0.0,0.0,0.0,0.0,0.0,0.0,0.0,0.0,0.0,0.0,0.0,0.0,0.0,0.0,0.0,0.0,0.0
/Users/josephkamil/Desktop/Capstone/data/dataset_v2/raw/push_press/shoulder press_8.mp4,push_press,shoulder press_8.mp4,3.41,push_press,,yes,,non_olympic,push_press_sha_7eacdfa8e3f9d8b1,train,7eacdfa8e3f9d8b116cbcaa46a32dc15ad99f15c8df37f7ce4d170003c51a029,1.0,7eacdfa8e3f9d8b116cbcaa46a32dc15ad99f15c8df37f7ce4d170003c51a029,118,118,1.0,176.10675048828125,4.623976707458496,162.0382537841797,179.7853546142578,12.7095947265625,173.0581817626953,2.7952287197113037,164.78369140625,179.34695434570312,5.3391876220703125,59.47198867797851,67.13219451904297,1.5165854692459106,179.63626098632812,-19.535978317260746,0.0,0.0,0.0,0.0,0.0,0.4566024541854858,0.1981392800807953,0.1048973947763443,0.7335261106491089,0.1282148957252502,0.9804445505142212,0.0561521686613559,0.8497192859649658,1.1025419235229492,0.158207893371582,0.1934554278850555,0.1096618473529815,0.0497443787753582,0.4241824150085449,0.0398535877466201,0.5677965879440308,1.0,0.1440677940845489,0.906779646873474,0.7711864113807678,162.0382537841797,164.78369140625,179.63626098632812,0.0,0.0593220330774784,0.0593220330774784,0.0565545856952667,0.0188911352306604,0.0525141954421997,0.0042931889183819,0.0,0.0,162.0382537841797,176.5202178955078,0.0,0.0,0.0,0.0,0.0,0.0,0.0,0.0,0.0,0.0,0.0,0.0,0.0,0.0,0.0,0.0,0.0,0.0,0.0,0.0,0.0,0.0,0.0,0.0,0.0,0.0
/Users/josephkamil/Desktop/Capstone/data/dataset_v2/raw/push_press/shoulder press_15.mp4,push_press,shoulder press_15.mp4,5.38,push_press,,yes,,non_olympic,push_press_sha_00e6ce2b9ae9863f,dev,00e6ce2b9ae9863ff1da9770d87fec1bbc7a527e4f1385fc003a94f902853a13,1.0,00e6ce2b9ae9863ff1da9770d87fec1bbc7a527e4f1385fc003a94f902853a13,288,288,1.0,95.75546264648438,4.179461479187012,87.68528747558594,103.191162109375,-2.6667938232421875,102.1456298828125,4.725061893463135,93.15460968017578,110.6068878173828,-4.67279052734375,96.6669921875,48.622013092041016,30.812000274658203,167.6734619140625,-99.3979034423828,0.0,0.0,0.0,0.0,0.0,0.3190054893493652,0.0669687315821647,0.2270579636096954,0.4319343864917755,0.1411742568016052,0.6015912890434265,0.003272027010098,0.59360271692276,0.607024073600769,-0.0131657123565673,0.1125346720218658,0.0580180324614048,0.0242022704333066,0.1917356848716735,-0.1240515112876892,1.0,1.0,0.0,0.9965277910232544,1.0,87.68528747558594,93.15460968017578,167.6734619140625,0.0,0.8923611044883728,0.8923611044883728,0.0158931612968444,0.0049508712254464,0.0009553432464599,0.0002032273332588,1.0,0.0,95.43600463867188,87.68528747558594,0.0,0.0,0.0,0.0,0.0,0.0,0.0,0.0,0.0,0.0,0.0,0.0,0.0,0.0,0.0,0.0,0.0,0.0,0.0,0.0,0.0,0.0,0.0,0.0,0.0,0.0
/Users/josephkamil/Desktop/Capstone/data/dataset_v2/raw/push_press/shoulder press_3.mp4,push_press,shoulder press_3.mp4,18.36,push_press,,yes,,non_olympic,push_press_sha_721905af80f293a0,train,721905af80f293a0cfa147e7647e60da51173ad64c97201d4a390bed2dc00cf0,1.0,721905af80f293a0cfa147e7647e60da51173ad64c97201d4a390bed2dc00cf0,491,491,1.0,177.9483184814453,0.8998446464538574,173.71197509765625,179.52740478515625,3.838714599609375,175.44210815429688,1.0348105430603027,173.40682983398438,178.98086547851562,-2.16595458984375,90.95696258544922,70.4768295288086,0.6227472424507141,178.9541778564453,14.300982475280762,0.0,0.0,0.0,0.0,0.0,0.2379890233278274,0.1207678467035293,0.0818804949522018,0.4200033545494079,-0.0145859122276306,0.6368188261985779,0.0084125455468893,0.6186304688453674,0.6678917407989502,0.0175780057907104,0.1393402218818664,0.0989924222230911,0.0061769029125571,0.2752203345298767,-0.011171419173479,0.7983706593513489,1.0,0.0488798357546329,0.9959266781806946,0.9490835070610046,173.71197509765625,173.40682983398438,178.9541778564453,0.0,0.0020366599783301,0.8228105902671814,0.0526683032512664,0.0123449470847845,0.0142725706100463,0.0014672802062705,0.0,0.0,173.71197509765625,176.7490692138672,0.0,0.0,0.0,0.0,0.0,0.0,0.0,0.0,0.0,0.0,0.0,0.0,0.0,0.0,0.0,0.0,0.0,0.0,0.0,0.0,0.0,0.0,0.0,0.0,0.0,0.0
/Users/josephkamil/Desktop/Capstone/data/dataset_v2/raw/push_press/Push press- knee cave.mov,push_press,Push press- knee cave.mov,41.62,push_press,,yes,,non_olympic,push_press_sha_b0cd5f5fe7c2eb90,train,b0cd5f5fe7c2eb90a753d3b73299e5f4c594b6fa3d96c65b59719e6ed0d88d37,1.0,b0cd5f5fe7c2eb90a753d3b73299e5f4c594b6fa3d96c65b59719e6ed0d88d37,970,873,0.9,162.98431396484375,28.65423011779785,0.2999756336212158,179.88046264648438,-71.56884765625,155.90670776367188,50.32374572753906,0.1431791186332702,179.79913330078125,-112.6604461669922,80.07192993164062,58.548004150390625,2.855067253112793,179.028564453125,144.75860595703125,0.0,0.0,0.0,0.0,0.0,0.2699989676475525,0.1696473360061645,-0.1834212392568588,1.498033046722412,0.2467243671417236,0.3325199484825134,0.4485795199871063,-1.37576162815094,0.7853972911834717,1.965770244598389,0.1343572437763214,0.1491675674915313,0.0010297842090949,0.8721869587898254,0.8076662421226501,0.7926689386367798,1.0,0.0469644889235496,0.9908362030982972,0.945017158985138,0.2999756336212158,0.1431791186332702,179.028564453125,0.0,0.0607101954519748,0.01374570466578,1.006822109222412,0.018625097349286,1.7809970378875732,0.0121431350708007,0.125,0.0,0.2999756336212158,104.5978775024414,0.0,0.0,0.0,0.0,0.0,0.0,0.0,0.0,0.0,0.0,0.0,0.0,0.0,0.0,0.0,0.0,0.0,0.0,0.0,0.0,0.0,0.0,0.0,0.0,0.0,0.0
/Users/josephkamil/Desktop/Capstone/data/dataset_v2/raw/push_press/shoulder press_10.mp4,push_press,shoulder press_10.mp4,6.44,push_press,,yes,,non_olympic,push_press_sha_17b5e2db7c8c96bd,dev,17b5e2db7c8c96bd671373679519c224be1553f730a64a81a9f55148039682f0,1.0,17b5e2db7c8c96bd671373679519c224be1553f730a64a81a9f55148039682f0,384,384,1.0,179.114990234375,0.6361587047576904,177.24349975585938,179.83758544921875,-2.136505126953125,176.3607635498047,2.0064094066619873,171.1796112060547,179.31776428222656,0.43212890625,75.19580841064453,63.36661529541016,0.853988766670227,174.46104431152344,14.143143653869627,0.0,0.0,0.0,0.0,0.0,0.3743755519390106,0.1666509211063385,0.0906950086355209,0.66468346118927,-0.1480488777160644,1.1477323770523071,0.1080339476466178,0.9580287337303162,1.335021734237671,0.0244808793067932,0.2640484273433685,0.1830238103866577,0.0175390969961881,0.5596895217895508,-0.0599629580974578,0.9296875,1.0,0.0598958320915699,0.9973958134651184,0.9401041865348816,177.24349975585938,171.1796112060547,174.46104431152344,0.0,0.9973958134651184,0.0651041641831398,0.0334850698709487,0.0094118788838386,0.075812816619873,0.0062870881520211,1.0,0.0,177.5565948486328,177.24349975585938,0.0,0.0,0.0,0.0,0.0,0.0,0.0,0.0,0.0,0.0,0.0,0.0,0.0,0.0,0.0,0.0,0.0,0.0,0.0,0.0,0.0,0.0,0.0,0.0,0.0,0.0
/Users/josephkamil/Desktop/Capstone/data/dataset_v2/raw/push_press/555859e7-8a16-4494-8dca-dff27cbdd9c8.mp4,push_press,555859e7-8a16-4494-8dca-dff27cbdd9c8.mp4,2.15,push_press,,yes,,non_olympic,push_press_sha_76c5f2ddaf373e54,test,76c5f2ddaf373e54fee777541304387b6453dedc7421a24e5239317491b10cec,1.0,76c5f2ddaf373e54fee777541304387b6453dedc7421a24e5239317491b10cec,299,299,1.0,67.7878189086914,5.00935697555542,57.518890380859375,78.43928527832031,3.6023101806640625,86.86354064941406,1.480517029762268,82.79705047607422,89.72640991210938,-0.8420257568359375,62.439353942871094,14.66765022277832,41.18316650390625,106.26617431640624,-5.537662506103516,0.0,0.0,0.0,0.0,0.0,0.3507333993911743,0.0240949597209692,0.3136370182037353,0.3976924419403076,0.0171110332012176,0.4964928328990936,0.0042744325473904,0.4883081316947937,0.5050919055938721,-0.0003203153610229,0.0542904511094093,0.019287109375,0.0206255074590444,0.0836072787642479,-0.0152017287909984,1.0,1.0,0.0,0.996655523777008,1.0,57.518890380859375,82.79705047607422,106.26617431640624,0.0,0.2240802645683288,0.4046822786331177,0.0075532495975494,0.0020630608778446,0.0012063384056091,0.0002410353772575,1.0,0.0,57.518890380859375,63.0836181640625,0.0,0.0,0.0,0.0,0.0,0.0,0.0,0.0,0.0,0.0,0.0,0.0,0.0,0.0,0.0,0.0,0.0,0.0,0.0,0.0,0.0,0.0,0.0,0.0,0.0,0.0
/Users/josephkamil/Desktop/Capstone/data/dataset_v2/raw/push_press/shoulder press_16.mp4,push_press,shoulder press_16.mp4,6.97,push_press,,yes,,non_olympic,push_press_sha_cdfb32fa3bbb058e,train,cdfb32fa3bbb058eb49c5e31e6c3e32beef8b9755df159cae6ef6a70057a5701,1.0,cdfb32fa3bbb058eb49c5e31e6c3e32beef8b9755df159cae6ef6a70057a5701,312,312,1.0,125.80443572998048,7.36329984664917,103.45711517333984,136.03619384765625,-4.7424468994140625,142.24517822265625,2.0276293754577637,136.90501403808594,146.57249450683594,-6.6531524658203125,115.02193450927734,43.63764572143555,50.06336975097656,169.7603759765625,7.76214599609375,0.0,0.0,0.0,0.0,0.0,0.2914521694183349,0.0756734535098075,0.1903024613857269,0.4080678224563598,0.0006473362445831,0.7145010232925415,0.0041478369385004,0.7063435316085815,0.7235772609710693,-0.004046082496643,0.1646744161844253,0.0686510130763053,0.0558601804077625,0.2472053617238998,0.007524624466896,1.0,1.0,0.0,0.9967948794364928,1.0,103.45711517333984,136.90501403808594,169.7603759765625,0.0,0.7596153616905212,0.9583333134651184,0.0177347660064697,0.0052263629622757,0.0022456645965576,0.0003665355907287,1.0,0.0,107.11324310302734,103.45711517333984,0.0,0.0,0.0,0.0,0.0,0.0,0.0,0.0,0.0,0.0,0.0,0.0,0.0,0.0,0.0,0.0,0.0,0.0,0.0,0.0,0.0,0.0,0.0,0.0,0.0,0.0
/Users/josephkamil/Desktop/Capstone/data/dataset_v2/raw/push_press/Push press- bar drift.mov,push_press,Push press- bar drift.mov,75.62,push_press,,yes,,non_olympic,push_press_sha_5e21bb2637de31c7,train,5e21bb2637de31c7e9e736fb18b1d214a8ca6c540ad630cdf30c3d9d6e43d249,1.0,5e21bb2637de31c7e9e736fb18b1d214a8ca6c540ad630cdf30c3d9d6e43d249,1767,1622,0.9179400113186192,169.35958862304688,14.64020538330078,31.127227783203125,179.67752075195312,-70.67109680175781,173.195068359375,17.129695892333984,2.0784544944763184,179.77503967285156,-72.5340576171875,81.5324478149414,56.58850860595703,0.9422394633293152,179.2744598388672,54.59575653076172,0.0,0.0,0.0,0.0,0.0,0.3456606864929199,0.1620388180017471,0.0974697992205619,1.109867811203003,0.2938187718391418,0.597950279712677,0.0958314538002014,-0.1178644746541976,1.0168004035949707,0.8538650870323181,0.1278155595064163,0.1494369953870773,0.0388065688312053,0.9925675988197328,0.6986637115478516,0.7934648394584656,1.0,0.0006165227969177,0.9697903990745544,0.9697903990745544,31.127227783203125,2.0784544944763184,179.2744598388672,0.0,0.0030826141592115,0.0030826141592115,0.7380250692367554,0.0064436653628945,0.756716787815094,0.0042810249142348,0.375,0.0,31.127227783203125,45.38018035888672,0.0,0.0,0.0,0.0,0.0,0.0,0.0,0.0,0.0,0.0,0.0,0.0,0.0,0.0,0.0,0.0,0.0,0.0,0.0,0.0,0.0,0.0,0.0,0.0,0.0,0.0
/Users/josephkamil/Desktop/Capstone/data/dataset_v2/raw/push_press/Push Press- Head Clearance .mov,push_press,Push Press- Head Clearance .mov,54.08,push_press,,yes,,non_olympic,push_press_sha_6226aae0de00ef24,test,6226aae0de00ef2426121165936d6965bb678bdf2141f89134667f2ef00c3387,1.0,6226aae0de00ef2426121165936d6965bb678bdf2141f89134667f2ef00c3387,1259,1247,0.9904686258935664,170.76295471191406,24.79331398010254,6.804175853729248,179.7484588623047,-137.65025329589844,166.76296997070312,39.96457290649414,0.2951363623142242,179.87107849121094,-13.18878173828125,99.03726196289062,67.1141586303711,0.526164174079895,179.5192413330078,141.30789184570312,0.0,0.0,0.0,0.0,0.0,0.3529689610004425,0.1815528869628906,0.0013746470212936,0.9933364391326904,0.6220575571060181,0.5457174181938171,0.1194825321435928,-0.5572819709777832,0.6898233294487,1.1800457239151,0.1276206374168396,0.135641410946846,0.0078789526596665,0.7844278812408447,0.6009924411773682,0.5870088338851929,1.0,0.0008019246160984,0.9663191437721252,0.9663191437721252,6.804175853729248,0.2951363623142242,179.5192413330078,0.0,0.0256615877151489,0.0328789092600345,0.4256157875061035,0.0104201501235365,0.5177485942840576,0.0035561588592827,0.75,0.0,6.804175853729248,23.422588348388672,0.0,0.0,0.0,0.0,0.0,0.0,0.0,0.0,0.0,0.0,0.0,0.0,0.0,0.0,0.0,0.0,0.0,0.0,0.0,0.0,0.0,0.0,0.0,0.0,0.0,0.0
/Users/josephkamil/Desktop/Capstone/data/dataset_v2/raw/push_press/Push press- diptiming.mov,push_press,Push press- diptiming.mov,42.55,push_press,,yes,,non_olympic,push_press_sha_ceb891410460883a,train,ceb891410460883a1d71e493e2784e00e37271e8739c920208f59ce81e73c74b,1.0,ceb891410460883a1d71e493e2784e00e37271e8739c920208f59ce81e73c74b,994,957,0.9627766599597586,166.0819549560547,23.341894149780273,1.5268356800079346,179.647216796875,-38.72230529785156,165.2646026611328,30.83120346069336,1.7523179054260254,179.64785766601562,23.85533905029297,93.4486846923828,62.53355026245117,0.9304259419441224,179.20669555664062,-14.178695678710938,0.0,0.0,0.0,0.0,0.0,0.361501932144165,0.172667846083641,0.1429679095745086,0.974717140197754,0.7784487009048462,0.6210288405418396,0.157799556851387,-0.4464374780654907,0.8127352595329285,0.6572707891464233,0.1509353518486023,0.1637751907110214,0.0152937471866607,0.8543272614479065,0.7912024259567261,0.7596656084060669,1.0,0.0,0.9519331455230712,0.9529780745506288,1.5268356800079346,1.7523179054260254,179.20669555664062,0.0,0.9425287246704102,0.9435736536979676,0.6140835881233215,0.0075320550240576,1.2290856838226318,0.0054919430986046,0.125,0.0,38.42759704589844,1.5268356800079346,0.0,0.0,0.0,0.0,0.0,0.0,0.0,0.0,0.0,0.0,0.0,0.0,0.0,0.0,0.0,0.0,0.0,0.0,0.0,0.0,0.0,0.0,0.0,0.0,0.0,0.0
/Users/josephkamil/Desktop/Capstone/BenchPress/v_BenchPress_g02_c02.avi,BenchPress,v_BenchPress_g02_c02.avi,0.33,bench_press,,yes,,non_olympic,bench_press_ucf_g02,train,289953231de7a6844a7fb67e4f6bfab9fd025a9be2829757c937ac43ae523c0b,1.0,289953231de7a6844a7fb67e4f6bfab9fd025a9be2829757c937ac43ae523c0b,98,40,0.4081632653061224,150.34243774414062,9.963814735412598,135.5824737548828,173.2672882080078,1.560577392578125,141.74551391601562,8.506945610046387,128.35293579101562,162.91461181640625,-18.864730834960938,106.08866119384766,24.800622940063477,44.06897735595703,171.07496643066406,-59.57263946533203,0.0,0.0,0.0,0.0,0.0,0.3455961346626282,0.1150765046477317,0.249896839261055,0.7354862689971924,0.1187234818935394,0.688084602355957,0.0263009034097194,0.6440482139587402,0.7484384775161743,0.0351808667182922,0.1571297645568847,0.0699005201458931,0.0320631451904773,0.2904532849788666,-0.162647470831871,0.949999988079071,1.0,0.0,0.975000023841858,1.0,135.5824737548828,128.35293579101562,171.07496643066406,0.0,0.25,0.699999988079071,0.268130362033844,0.0599397085607051,0.0433411598205566,0.011705775745213,1.0,0.0,135.5824737548828,139.26889038085938,0.0,0.0,0.0,0.0,0.0,0.0,0.0,0.0,0.0,0.0,0.0,0.0,0.0,0.0,0.0,0.0,0.0,0.0,0.0,0.0,0.0,0.0,0.0,0.0,0.0,0.0
/Users/josephkamil/Desktop/Capstone/BenchPress/v_BenchPress_g11_c05.avi,BenchPress,v_BenchPress_g11_c05.avi,0.33,bench_press,,yes,,non_olympic,bench_press_ucf_g11,train,08522508b696a5121a3b065c750b07c81c991c2ee23a0a912d57899aee6ca1de,1.0,08522508b696a5121a3b065c750b07c81c991c2ee23a0a912d57899aee6ca1de,114,114,1.0,107.13720703125,37.2071647644043,42.618534088134766,170.0323028564453,52.607872009277344,175.84934997558594,3.7546889781951904,160.61190795898438,179.65548706054688,-4.285430908203125,113.27558135986328,8.453845977783203,101.29234313964844,174.74630737304688,3.7436752319335938,0.0,0.0,0.0,0.0,0.0,0.4649188816547394,0.0213575027883052,0.429104208946228,0.5154262781143188,-0.0293720960617065,0.5571027994155884,0.0125184413045644,0.514485239982605,0.5793671607971191,0.0349092483520507,0.2000013887882232,0.0172145701944828,0.1675142794847488,0.2440507113933563,-0.0337958633899688,0.0,0.0,1.0,0.0,0.0,42.618534088134766,160.61190795898438,174.74630737304688,0.0,0.0175438597798347,0.780701756477356,0.0336725711822509,0.0061166728846728,0.0124761462211608,0.0025253053754568,0.0,1.0,42.618534088134766,45.1606330871582,0.0,0.0,0.0,0.0,0.0,0.0,0.0,0.0,0.0,0.0,0.0,0.0,0.0,0.0,0.0,0.0,0.0,0.0,0.0,0.0,0.0,0.0,0.0,0.0,0.0,0.0
/Users/josephkamil/Desktop/Capstone/Archived_Datasets/ucf50/UCF50/BenchPress/v_BenchPress_g04_c06.avi,BenchPress,v_BenchPress_g04_c06.avi,0.5,bench_press,,yes,,non_olympic,bench_press_ucf_g04,train,2a461f46704de994cf43b70935a0a391af599d0ac93e054856ec0ecbf387d978,1.0,2a461f46704de994cf43b70935a0a391af599d0ac93e054856ec0ecbf387d978,176,175,0.9943181818181818,169.54539489746094,24.638887405395508,8.327716827392578,179.6320343017578,-158.2816162109375,170.43325805664062,3.021845817565918,162.2445526123047,176.9832000732422,-1.34783935546875,169.4130859375,3.3110549449920654,152.392333984375,178.56460571289062,-2.4355316162109375,0.0,0.0,0.0,0.0,0.0,0.4840843975543976,0.0313941277563571,0.3974401950836181,0.5420036315917969,0.1274645924568176,0.5194504857063293,0.026589760556817,0.4572698473930359,0.5746427178382874,0.0885172486305236,0.3260222375392914,0.0165795646607875,0.2601397931575775,0.3776522874832153,0.0652312934398651,0.0,0.0,1.0,0.0,0.0,8.327716827392578,162.2445526123047,178.56460571289062,0.0,0.6114285588264465,0.4057142734527588,0.026943564414978,0.0041223000735044,0.0224574208259582,0.0023067374713718,0.0,1.0,159.30796813964844,8.327716827392578,0.0,0.0,0.0,0.0,0.0,0.0,0.0,0.0,0.0,0.0,0.0,0.0,0.0,0.0,0.0,0.0,0.0,0.0,0.0,0.0,0.0,0.0,0.0,0.0,0.0,0.0
/Users/josephkamil/Desktop/Capstone/Archived_Datasets/ucf50/UCF50/BenchPress/v_BenchPress_g10_c02.avi,BenchPress,v_BenchPress_g10_c02.avi,0.3,bench_press,,yes,,non_olympic,bench_press_ucf_g10,train,c12c5552d5e0e84c4c3d44b09bae9c96b02643f1c0e51fcba5640cb127665ab8,1.0,c12c5552d5e0e84c4c3d44b09bae9c96b02643f1c0e51fcba5640cb127665ab8,108,104,0.9629629629629628,119.40140533447266,38.0245475769043,65.2383041381836,178.75210571289062,27.168289184570312,154.45326232910156,19.17072868347168,100.25151824951172,178.81675720214844,36.42681121826172,142.5032501220703,40.72079086303711,0.8740052580833435,178.7864990234375,172.36961364746094,0.0,0.0,0.0,0.0,0.0,0.4181808233261108,0.1004600971937179,0.2594757676124573,0.6630048751831055,0.0084279179573059,0.5408231019973755,0.0971433296799659,0.4150002896785736,0.6667665243148804,-0.0518190264701843,0.1117810308933258,0.0447024069726467,0.009777951054275,0.2170272767543792,0.0314480438828468,0.4134615361690521,1.0,0.1153846159577369,0.567307710647583,0.4615384638309479,65.2383041381836,100.25151824951172,178.7864990234375,0.0,0.1346153914928436,0.0576923079788684,0.2989096045494079,0.0223196987062692,0.1483584642410278,0.0076812482438981,0.75,0.0,65.2383041381836,127.12439727783205,0.0,0.0,0.0,0.0,0.0,0.0,0.0,0.0,0.0,0.0,0.0,0.0,0.0,0.0,0.0,0.0,0.0,0.0,0.0,0.0,0.0,0.0,0.0,0.0,0.0,0.0
/Users/josephkamil/Desktop/Capstone/Archived_Datasets/ucf50/UCF50/BenchPress/v_BenchPress_g02_c04.avi,BenchPress,v_BenchPress_g02_c04.avi,0.32,bench_press,,yes,,non_olympic,bench_press_ucf_g02,train,d239df83644df98b21e1a09a8e8dde2f3bfa69a306b0e78ea54ecfc0d900ff7e,1.0,d239df83644df98b21e1a09a8e8dde2f3bfa69a306b0e78ea54ecfc0d900ff7e,95,37,0.3894736842105263,157.51641845703125,7.080405235290527,141.3385467529297,167.9183349609375,0.564697265625,146.3168487548828,8.495139122009277,133.4408416748047,179.2434844970703,-7.250595092773437,118.63286590576172,35.05440139770508,49.773319244384766,159.41140747070312,-18.225357055664062,0.0,0.0,0.0,0.0,0.0,0.2775940895080566,0.0838572904467582,0.1994784921407699,0.5797908306121826,0.0275140404701232,0.6727185845375061,0.0247976314276456,0.5890244841575623,0.6998670101165771,0.0090619325637817,0.201386496424675,0.0685112401843071,0.0334777422249317,0.3036874532699585,-0.0240415781736373,0.9729729890823364,1.0,0.0,0.9729729890823364,1.0,141.3385467529297,133.4408416748047,159.41140747070312,0.0,0.4324324429035187,0.4054054021835327,0.3225753903388977,0.039670493453741,0.0800946950912475,0.0112567311152815,1.0,0.0,141.3385467529297,142.654052734375,0.0,0.0,0.0,0.0,0.0,0.0,0.0,0.0,0.0,0.0,0.0,0.0,0.0,0.0,0.0,0.0,0.0,0.0,0.0,0.0,0.0,0.0,0.0,0.0,0.0,0.0
/Users/josephkamil/Desktop/Capstone/Archived_Datasets/ucf50/UCF50/BenchPress/v_BenchPress_g18_c01.avi,BenchPress,v_BenchPress_g18_c01.avi,0.27,bench_press,,yes,,non_olympic,bench_press_ucf_g18,train,6f74860636e83550faf4672c16d86d4b4c7663f49a5131ea6dea8145949d3b30,1.0,6f74860636e83550faf4672c16d86d4b4c7663f49a5131ea6dea8145949d3b30,93,16,0.1720430107526881,119.33843994140624,21.116199493408203,76.88059997558594,167.2382049560547,0.7512893676757812,121.038818359375,21.372892379760746,72.95311737060547,145.38868713378906,-1.5209426879882812,91.19410705566406,64.42793273925781,3.694825172424317,174.5927734375,2.279468536376953,0.0,0.0,0.0,0.0,0.0,0.5745196342468262,0.1410802900791168,0.4063203930854797,0.7894563674926758,-0.0472764372825622,0.5262044668197632,0.0174914710223674,0.5034192800521851,0.5488568544387817,0.0107443928718566,0.1714053750038147,0.0445583686232566,0.0492828972637653,0.2379980683326721,-0.0472922772169113,0.0,0.0,1.0,0.0,0.0,76.88059997558594,72.95311737060547,174.5927734375,0.0,0.5,0.375,0.2632301449775696,0.0645921900868415,0.0355774164199829,0.0082063479349017,0.0,1.0,104.97473907470705,76.88059997558594,0.0,0.0,0.0,0.0,0.0,0.0,0.0,0.0,0.0,0.0,0.0,0.0,0.0,0.0,0.0,0.0,0.0,0.0,0.0,0.0,0.0,0.0,0.0,0.0,0.0,0.0
/Users/josephkamil/Desktop/Capstone/BenchPress/v_BenchPress_g04_c07.avi,BenchPress,v_BenchPress_g04_c07.avi,0.22,bench_press,,yes,,non_olympic,bench_press_ucf_g04,train,f0b0e5e84852de9d8ed8e72dfb699b8fce1d39b414cacd1db305c751c9c3fc52,1.0,f0b0e5e84852de9d8ed8e72dfb699b8fce1d39b414cacd1db305c751c9c3fc52,75,75,1.0,171.34439086914062,11.644513130187988,105.38796997070312,179.61209106445312,10.821304321289062,168.76210021972656,4.886465549468994,160.07191467285156,179.24627685546875,4.89300537109375,167.9008026123047,20.71649169921875,1.4247831106185913,178.9988555908203,-6.1836090087890625,0.0,0.0,0.0,0.0,0.0,0.4033917486667633,0.0151276011019945,0.3667376041412353,0.4512344598770141,0.0038565695285797,0.5134378671646118,0.0197550933808088,0.4333406090736389,0.5438011884689331,0.085195243358612,0.2592998743057251,0.0139114717021584,0.2225048542022705,0.3133738338947296,0.016339898109436,0.0,0.0,1.0,0.0,0.0,105.38796997070312,160.07191467285156,178.9988555908203,0.0,0.0666666701436042,0.0666666701436042,0.0536250174045562,0.0075879516080021,0.0161215662956237,0.0033970468211919,0.0,1.0,105.38796997070312,164.45108032226562,0.0,0.0,0.0,0.0,0.0,0.0,0.0,0.0,0.0,0.0,0.0,0.0,0.0,0.0,0.0,0.0,0.0,0.0,0.0,0.0,0.0,0.0,0.0,0.0,0.0,0.0
/Users/josephkamil/Desktop/Capstone/Archived_Datasets/ucf50/UCF50/BenchPress/v_BenchPress_g23_c03.avi,BenchPress,v_BenchPress_g23_c03.avi,0.49,bench_press,,yes,,non_olympic,bench_press_ucf_g23,train,99b608de623374477ece80d45a18cf40b7da3e9daad7aba65dc9dcf6975321d5,1.0,99b608de623374477ece80d45a18cf40b7da3e9daad7aba65dc9dcf6975321d5,176,76,0.4318181818181818,106.46309661865234,59.87428665161133,3.8199656009674072,179.3695831298828,43.08417510986328,103.3730239868164,65.04537200927734,0.815116822719574,179.2059326171875,0.4412307739257812,57.65195083618164,57.43965530395508,2.2957730293273926,159.4612579345703,23.540451049804688,0.0,0.0,0.0,0.0,0.0,0.3899616301059723,0.0352003164589405,0.3293227553367615,0.6103218793869019,-0.0780848562717437,0.599135160446167,0.0500014275312423,0.5365041494369507,0.699083685874939,0.0331490039825439,0.096496969461441,0.0470840707421302,0.0254708435386419,0.2295452505350113,0.1028622314333915,0.4342105388641357,1.0,0.0263157896697521,0.9868420958518982,0.9736841917037964,3.8199656009674072,0.815116822719574,159.4612579345703,0.0,0.2236842066049575,0.1973684281110763,0.2437969744205474,0.0183598231524229,0.0439622402191162,0.0078373309224843,1.0,0.0,3.8199656009674072,110.18710327148438,0.0,0.0,0.0,0.0,0.0,0.0,0.0,0.0,0.0,0.0,0.0,0.0,0.0,0.0,0.0,0.0,0.0,0.0,0.0,0.0,0.0,0.0,0.0,0.0,0.0,0.0
/Users/josephkamil/Desktop/Capstone/BenchPress/v_BenchPress_g10_c03.avi,BenchPress,v_BenchPress_g10_c03.avi,0.65,bench_press,,yes,,non_olympic,bench_press_ucf_g10,train,becf5ea4fa3430cbf687c79902dc10de24f83ea77de8312dfe22d261c57faedc,1.0,becf5ea4fa3430cbf687c79902dc10de24f83ea77de8312dfe22d261c57faedc,243,211,0.8683127572016461,93.37884521484376,20.38966941833496,38.818119049072266,177.06430053710938,8.263648986816406,115.68000793457033,33.23652648925781,2.344984531402588,178.4810028076172,-55.58477020263672,119.08367919921876,47.44928741455078,2.7206931114196777,178.56549072265625,-30.920700073242188,0.0,0.0,0.0,0.0,0.0,0.5187651515007019,0.0998329445719719,0.3604731857776642,0.8929435014724731,0.0332536697387695,0.654991865158081,0.0323986820876598,0.5167276859283447,0.7265129089355469,0.0176243782043457,0.1196568682789802,0.0643306449055671,0.0041652517393231,0.2704575955867767,-0.0047060996294021,0.3507108986377716,1.0,0.0,0.8767772316932678,0.8815165758132935,38.818119049072266,2.344984531402588,178.56549072265625,0.0,0.9383886456489564,0.0189573466777801,0.3936377763748169,0.0228841602802276,0.103546142578125,0.0065416926518082,0.0,0.0,68.5065689086914,38.818119049072266,0.0,0.0,0.0,0.0,0.0,0.0,0.0,0.0,0.0,0.0,0.0,0.0,0.0,0.0,0.0,0.0,0.0,0.0,0.0,0.0,0.0,0.0,0.0,0.0,0.0,0.0
/Users/josephkamil/Desktop/Capstone/Archived_Datasets/ucf50/UCF50/BenchPress/v_BenchPress_g12_c06.avi,BenchPress,v_BenchPress_g12_c06.avi,0.23,bench_press,,yes,,non_olympic,bench_press_ucf_g12,test,20f3ca4f4372a587dcfd23affb7f1be723391fa08fa3ab7dcc0577b0455b3893,1.0,20f3ca4f4372a587dcfd23affb7f1be723391fa08fa3ab7dcc0577b0455b3893,73,56,0.7671232876712328,97.23583984375,53.71912384033203,10.642253875732422,177.21417236328125,-26.54419708251953,88.13928985595703,21.317241668701172,8.346921920776367,130.2097625732422,54.96924591064453,142.7100372314453,27.509464263916016,57.1800422668457,177.15805053710938,101.14158630371094,0.0,0.0,0.0,0.0,0.0,0.3132638931274414,0.0645001754164695,0.2109900414943695,0.5608922243118286,-0.0516819059848785,0.1104614585638046,0.0412936694920063,0.0720975622534751,0.1910144984722137,0.090700164437294,0.1116841435432434,0.0595967657864093,0.0385012328624725,0.2250292748212814,0.1153600960969924,0.1071428582072258,1.0,0.2142857164144516,0.6607142686843872,0.4642857015132904,10.642253875732422,8.346921920776367,177.15805053710938,0.0,0.4285714328289032,0.7142857313156128,0.1210866868495941,0.0318433381617069,0.0485306680202484,0.0043878457508981,0.125,0.0,10.642253875732422,14.988398551940918,0.0,0.0,0.0,0.0,0.0,0.0,0.0,0.0,0.0,0.0,0.0,0.0,0.0,0.0,0.0,0.0,0.0,0.0,0.0,0.0,0.0,0.0,0.0,0.0,0.0,0.0
/Users/josephkamil/Desktop/Capstone/BenchPress/v_BenchPress_g13_c03.avi,BenchPress,v_BenchPress_g13_c03.avi,0.57,bench_press,,yes,,non_olympic,bench_press_ucf_g13,test,2533dbab8e97dfc5f99affca365b8c451fbe099f6c7661a3dfa2753d0ae599ca,1.0,2533dbab8e97dfc5f99affca365b8c451fbe099f6c7661a3dfa2753d0ae599ca,200,12,0.06,150.4464111328125,23.826738357543945,99.28270721435548,176.2790985107422,-61.24829864501953,155.582763671875,21.19935417175293,118.19540405273438,179.3114471435547,40.05195617675781,83.34382629394531,52.17057800292969,3.895916223526001,173.28424072265625,-109.74242401123048,0.0,0.0,0.0,0.0,0.0,0.627489447593689,0.0368824787437915,0.5504788160324097,0.6843749284744263,0.0566948056221008,0.5410721898078918,0.0221149399876594,0.491201639175415,0.560319185256958,0.0646382570266723,0.0441951639950275,0.0156746637076139,0.0124123850837349,0.0659420266747474,-0.0075632557272911,0.9166666865348816,1.0,0.0,0.9166666865348816,1.0,99.28270721435548,118.19540405273438,173.28424072265625,0.0,0.9166666865348816,0.4166666567325592,0.0582678914070129,0.022894887253642,0.031899094581604,0.0073934360407292,1.0,0.0,112.44332122802734,99.28270721435548,0.0,0.0,0.0,0.0,0.0,0.0,0.0,0.0,0.0,0.0,0.0,0.0,0.0,0.0,0.0,0.0,0.0,0.0,0.0,0.0,0.0,0.0,0.0,0.0,0.0,0.0
/Users/josephkamil/Desktop/Capstone/BenchPress/v_BenchPress_g02_c07.avi,BenchPress,v_BenchPress_g02_c07.avi,0.27,bench_press,,yes,,non_olympic,bench_press_ucf_g02,train,f4e5b9bf0f2e76d102d8cecad2acc63606dd90861d8e2f79df641d60169a7930,1.0,f4e5b9bf0f2e76d102d8cecad2acc63606dd90861d8e2f79df641d60169a7930,78,36,0.4615384615384615,151.0497589111328,8.883943557739258,132.27069091796875,169.99998474121094,2.460174560546875,140.21392822265625,6.432331085205078,126.912841796875,156.24655151367188,4.5400848388671875,108.1469497680664,26.41223907470703,27.739370346069336,168.8784637451172,-4.9748077392578125,0.0,0.0,0.0,0.0,0.0,0.313379555940628,0.1299052238464355,0.2172275185585022,0.6974002122879028,0.0561672449111938,0.6511518359184265,0.0146402716636657,0.6263640522956848,0.6805722713470459,-0.0126782059669494,0.1665048003196716,0.057880662381649,0.046778380870819,0.2373699694871902,-0.0853562504053115,0.8888888955116272,1.0,0.0,0.9722222089767456,1.0,132.27069091796875,126.912841796875,168.8784637451172,0.0,0.9444444179534912,0.3611111044883728,0.3260975778102875,0.0523477606475353,0.0533397793769836,0.0104633383452892,1.0,0.0,134.9656982421875,132.27069091796875,0.0,0.0,0.0,0.0,0.0,0.0,0.0,0.0,0.0,0.0,0.0,0.0,0.0,0.0,0.0,0.0,0.0,0.0,0.0,0.0,0.0,0.0,0.0,0.0,0.0,0.0
/Users/josephkamil/Desktop/Capstone/Archived_Datasets/ucf50/UCF50/BenchPress/v_BenchPress_g19_c03.avi,BenchPress,v_BenchPress_g19_c03.avi,0.22,bench_press,,yes,,non_olympic,bench_press_ucf_g19,train,3ba36bf8f23ce630aa30d77864feba34f25755729757d9029c04387e8c638f23,1.0,3ba36bf8f23ce630aa30d77864feba34f25755729757d9029c04387e8c638f23,82,61,0.7439024390243902,75.05575561523438,20.71520233154297,59.92196273803711,177.84629821777344,-114.86698150634766,159.3501739501953,6.2581095695495605,150.8283233642578,179.5117950439453,-23.60223388671875,101.59807586669922,30.287578582763672,28.798490524291992,174.68272399902344,-67.21765899658203,0.0,0.0,0.0,0.0,0.0,0.4974669218063354,0.061747919768095,0.3716299533843994,0.6117188930511475,0.0513464212417602,0.7569327354431152,0.1006590723991394,0.370994359254837,0.7964121103286743,0.4235165417194366,0.1316501647233963,0.0625325366854667,0.016455614939332,0.2952888011932373,-0.0694955885410308,0.934426248073578,1.0,0.0655737668275833,0.9836065769195556,0.934426248073578,59.92196273803711,150.8283233642578,174.68272399902344,0.0,0.9508196711540222,0.9508196711540222,0.1930052042007446,0.0248960573226213,0.3845908045768738,0.0086872251704335,1.0,0.0,62.03860092163086,59.92196273803711,0.0,0.0,0.0,0.0,0.0,0.0,0.0,0.0,0.0,0.0,0.0,0.0,0.0,0.0,0.0,0.0,0.0,0.0,0.0,0.0,0.0,0.0,0.0,0.0,0.0,0.0
/Users/josephkamil/Desktop/Capstone/Archived_Datasets/ucf50/UCF50/BenchPress/v_BenchPress_g12_c07.avi,BenchPress,v_BenchPress_g12_c07.avi,0.22,bench_press,,yes,,non_olympic,bench_press_ucf_g12,test,fc47d7599d6e1eff2e28a9591849861d8f4bda35122a8f0ef32d6e59229e16ad,1.0,fc47d7599d6e1eff2e28a9591849861d8f4bda35122a8f0ef32d6e59229e16ad,68,64,0.9411764705882352,124.79800415039062,34.0974006652832,39.364620208740234,177.85260009765625,45.42195129394531,103.25399017333984,41.64093017578125,31.78911590576172,174.7196502685547,39.570762634277344,143.95046997070312,31.17076873779297,30.761629104614254,171.98590087890625,65.82404327392578,0.0,0.0,0.0,0.0,0.0,0.2972761988639831,0.0395832993090152,0.1819915175437927,0.3754783570766449,0.0279000401496887,0.1442199051380157,0.0362553857266902,0.0726299285888671,0.1980619430541992,0.0933833122253418,0.1618211418390274,0.0468609184026718,0.0851515159010887,0.2369644790887832,0.0856733843684196,0.0,0.0,1.0,0.0,0.0,39.364620208740234,31.78911590576172,171.98590087890625,0.0,0.328125,0.25,0.1139224171638488,0.022101292386651,0.0695441663265228,0.005744993686676,0.0,1.0,39.364620208740234,85.64745330810547,0.0,0.0,0.0,0.0,0.0,0.0,0.0,0.0,0.0,0.0,0.0,0.0,0.0,0.0,0.0,0.0,0.0,0.0,0.0,0.0,0.0,0.0,0.0,0.0,0.0,0.0
/Users/josephkamil/Desktop/Capstone/Archived_Datasets/ucf50/UCF50/BenchPress/v_BenchPress_g09_c01.avi,BenchPress,v_BenchPress_g09_c01.avi,0.26,bench_press,,yes,,non_olympic,bench_press_ucf_g09,train,80519fce17dcc71233446d52929e812e6e36bce7053d1e16bae45655e63ebfbc,1.0,80519fce17dcc71233446d52929e812e6e36bce7053d1e16bae45655e63ebfbc,85,82,0.9647058823529412,77.92823791503906,37.540225982666016,27.74397087097168,165.00775146484375,-99.3886489868164,137.3612823486328,16.089399337768555,113.51270294189452,177.8249969482422,7.710868835449219,119.20877838134766,47.548370361328125,11.687067985534668,178.67520141601562,44.05426025390625,0.0,0.0,0.0,0.0,0.0,0.638848066329956,0.083820953965187,0.4233866333961487,0.8023045063018799,-0.2366232872009277,0.642296552658081,0.0208405945450067,0.6104943752288818,0.6984822154045105,-0.0779162049293518,0.1417562365531921,0.0585532560944557,0.0533921085298061,0.3232012689113617,0.1821298003196716,0.8414633870124817,1.0,0.0,0.9878048896789552,1.0,27.74397087097168,113.51270294189452,178.67520141601562,0.0,0.6951219439506531,0.6951219439506531,0.1742472648620605,0.0316824316978454,0.0366816520690918,0.0073551684617996,0.875,0.0,39.065711975097656,27.74397087097168,0.0,0.0,0.0,0.0,0.0,0.0,0.0,0.0,0.0,0.0,0.0,0.0,0.0,0.0,0.0,0.0,0.0,0.0,0.0,0.0,0.0,0.0,0.0,0.0,0.0,0.0
/Users/josephkamil/Desktop/Capstone/Archived_Datasets/ucf50/UCF50/BenchPress/v_BenchPress_g17_c02.avi,BenchPress,v_BenchPress_g17_c02.avi,0.18,bench_press,,yes,,non_olympic,bench_press_ucf_g17,dev,a9c3bcc199482fe203487ca993a6825ccb882d88e0090b7b6c0747a26ae905ec,1.0,a9c3bcc199482fe203487ca993a6825ccb882d88e0090b7b6c0747a26ae905ec,68,32,0.4705882352941176,143.084716796875,39.71564483642578,60.0418815612793,179.27285766601562,-4.516754150390625,152.88450622558594,15.206844329833984,111.84735870361328,179.5229949951172,-19.496871948242188,122.03653717041016,56.94889450073242,8.893128395080566,179.61497497558594,-87.17962646484375,0.0,0.0,0.0,0.0,0.0,0.798637866973877,0.1088467389345169,0.5562037229537964,1.0547938346862793,-0.0162949562072753,0.9049897193908693,0.062008861452341,0.850852370262146,1.072112202644348,-0.0132582783699035,0.1901519745588302,0.115466222167015,0.0197027083486318,0.459136813879013,-0.138949304819107,0.3125,1.0,0.03125,0.9375,0.9375,60.0418815612793,111.84735870361328,179.61497497558594,0.0,0.21875,0.4375,0.3019410967826843,0.0833460539579391,0.2167640328407287,0.0221524331718683,0.25,0.0,60.0418815612793,110.2523422241211,0.0,0.0,0.0,0.0,0.0,0.0,0.0,0.0,0.0,0.0,0.0,0.0,0.0,0.0,0.0,0.0,0.0,0.0,0.0,0.0,0.0,0.0,0.0,0.0,0.0,0.0
/Users/josephkamil/Desktop/Capstone/_Duplicate_Backups/UCF50/PullUps/v_Pullup_g09_c01.avi,PullUps,v_Pullup_g09_c01.avi,0.3,pull_up,,yes,,non_olympic,pull_up_ucf_g09,train,692b4372998a2aa7f856ee0031e8e976c36ce16e37a29428532195cbe4451577,1.0,692b4372998a2aa7f856ee0031e8e976c36ce16e37a29428532195cbe4451577,107,107,1.0,142.44325256347656,39.38608169555664,8.730504035949707,179.49835205078125,2.05804443359375,127.16626739501952,67.03189849853516,0.3914718329906463,179.6292724609375,48.78145217895508,133.9337615966797,51.03599166870117,2.6216211318969727,179.24549865722656,2.0489044189453125,0.0,0.0,0.0,0.0,0.0,0.2231408655643463,0.048467643558979,0.1324990391731262,0.341402918100357,0.0791773796081543,0.6368227005004883,0.1058666408061981,0.4367967247962951,0.7949190139770508,0.1052691340446472,0.16829214990139,0.0683943405747413,0.0194505825638771,0.2536788284778595,-0.0067077428102493,0.7943925261497498,1.0,0.0,0.990654230117798,1.0,8.730504035949707,0.3914718329906463,179.24549865722656,0.0,0.3271028101444244,0.3177570104598999,0.1015259772539138,0.0116823706775903,0.0611386895179748,0.0176807008683681,1.0,0.0,8.730504035949707,12.96458625793457,0.0,0.0,0.0,0.0,0.0,0.0,0.0,0.0,0.0,0.0,0.0,0.0,0.0,0.0,0.0,0.0,0.0,0.0,0.0,0.0,0.0,0.0,0.0,0.0,0.0,0.0
/Users/josephkamil/Desktop/Capstone/_Duplicate_Backups/UCF50/PullUps/v_Pullup_g13_c01.avi,PullUps,v_Pullup_g13_c01.avi,0.24,pull_up,,yes,,non_olympic,pull_up_ucf_g13,train,96590a4e2d70e33ec715abf9867d37d41bf71aed13535a2aa95708c391df4e55,1.0,96590a4e2d70e33ec715abf9867d37d41bf71aed13535a2aa95708c391df4e55,93,90,0.967741935483871,173.31883239746094,10.93962860107422,91.24859619140624,179.50965881347656,30.049606323242188,175.95982360839844,2.190351724624634,170.0497589111328,179.58612060546875,4.8894500732421875,121.70138549804688,51.67279052734375,1.7160497903823853,174.02230834960938,36.01734924316406,0.0,0.0,0.0,0.0,0.0,0.243338942527771,0.0749203264713287,0.135475292801857,0.4384517669677734,-0.3029764890670776,0.6461949944496155,0.0861676186323165,0.466616690158844,0.7698602676391602,0.1021860837936401,0.1534209102392196,0.0682947039604187,0.0072374083101749,0.2441482990980148,0.1989931613206863,0.9888888597488404,1.0,0.0,0.9888888597488404,1.0,91.24859619140624,170.0497589111328,174.02230834960938,0.0,0.4888888895511627,0.7888888716697693,0.1003918051719665,0.0071059772744774,0.1095550060272216,0.0125428717583417,1.0,0.0,91.24859619140624,168.7445831298828,0.0,0.0,0.0,0.0,0.0,0.0,0.0,0.0,0.0,0.0,0.0,0.0,0.0,0.0,0.0,0.0,0.0,0.0,0.0,0.0,0.0,0.0,0.0,0.0,0.0,0.0
/Users/josephkamil/Desktop/Capstone/PullUps/v_PullUps_g24_c02.avi,PullUps,v_PullUps_g24_c02.avi,0.4,pull_up,,yes,,non_olympic,pull_up_ucf_g24,dev,48be6ef22a167276029ee33290a3b435677fd506f25cbe1a2dcbf172fb4e5617,1.0,48be6ef22a167276029ee33290a3b435677fd506f25cbe1a2dcbf172fb4e5617,192,192,1.0,159.6093292236328,5.005568027496338,150.2410430908203,170.78408813476562,3.0114898681640625,168.45538330078125,3.325495719909668,159.50656127929688,179.11151123046875,1.843048095703125,140.69882202148438,51.68362808227539,21.63983726501465,178.92454528808594,1.265625,0.0,0.0,0.0,0.0,0.0,0.326172798871994,0.0071151754818856,0.3167807161808014,0.3439317941665649,-0.0038721859455108,0.5753664374351501,0.0528404787182807,0.4827013611793518,0.6410523653030396,0.019205629825592,0.1086445376276969,0.0452813394367694,0.0113566890358924,0.1526289880275726,0.0034798830747604,1.0,1.0,0.0,0.9947916865348816,1.0,150.2410430908203,159.50656127929688,178.92454528808594,0.0,0.7291666865348816,0.296875,0.0034425258636474,0.0006036098347976,0.0106448531150817,0.0032800438348203,1.0,0.0,151.1436309814453,150.2410430908203,0.0,0.0,0.0,0.0,0.0,0.0,0.0,0.0,0.0,0.0,0.0,0.0,0.0,0.0,0.0,0.0,0.0,0.0,0.0,0.0,0.0,0.0,0.0,0.0,0.0,0.0
/Users/josephkamil/Desktop/Capstone/_Duplicate_Backups/UCF50/PullUps/v_Pullup_g21_c01.avi,PullUps,v_Pullup_g21_c01.avi,0.42,pull_up,,yes,,non_olympic,pull_up_ucf_g21,train,d37d3564446ac13e776da2e63f0332028884d7c85ee66fdf1c90ae22df63f54c,1.0,d37d3564446ac13e776da2e63f0332028884d7c85ee66fdf1c90ae22df63f54c,165,38,0.2303030303030303,142.5793914794922,39.41217803955078,68.41067504882812,179.330810546875,59.122100830078125,159.3733367919922,24.31557846069336,51.9189338684082,179.2803192138672,14.824935913085938,128.5653533935547,56.60033416748047,7.733888149261475,178.927490234375,-2.31011962890625,0.0,0.0,0.0,0.0,0.0,0.379307746887207,0.2616277933120727,0.0254001077264547,0.7358964681625366,0.4703962802886963,0.3907931745052337,0.0674927905201911,0.2951412498950958,0.6116636991500854,0.0011710822582244,0.0836123973131179,0.0540018230676651,0.0050634848885238,0.1947539299726486,-0.1001903712749481,0.5263158082962036,1.0,0.0,0.9736841917037964,1.0,68.41067504882812,51.9189338684082,178.927490234375,0.0,0.8684210777282715,0.921052634716034,0.6727091073989868,0.1990377306938171,0.2553905844688415,0.0547108389437198,0.6000000238418579,0.0,80.90211486816406,68.41067504882812,0.0,0.0,0.0,0.0,0.0,0.0,0.0,0.0,0.0,0.0,0.0,0.0,0.0,0.0,0.0,0.0,0.0,0.0,0.0,0.0,0.0,0.0,0.0,0.0,0.0,0.0
/Users/josephkamil/Desktop/Capstone/PullUps/v_PullUps_g04_c04.avi,PullUps,v_PullUps_g04_c04.avi,0.33,pull_up,,yes,,non_olympic,pull_up_ucf_g04,test,ade81f66dbbf9214674534b3c76d7b04f7629fe96b07bb09eaa8827469698835,2.0,ade81f66dbbf9214674534b3c76d7b04f7629fe96b07bb09eaa8827469698835,138,138,1.0,174.05459594726562,5.130577564239502,152.23226928710938,179.30955505371094,-1.7950592041015625,172.99903869628906,4.975866794586182,151.4192352294922,179.5106964111328,-5.0497589111328125,114.15362548828124,71.09782409667969,2.5522732734680176,178.99288940429688,-19.0040283203125,0.0,0.0,0.0,0.0,0.0,0.1805724203586578,0.0373966246843338,0.1178942769765853,0.2595713138580322,0.0387800484895706,0.402883380651474,0.0985274910926818,0.2702839076519012,0.5725653171539307,-0.2440426349639892,0.0894520506262779,0.061450932174921,0.0035038206260651,0.1887318044900894,-0.1165495961904525,0.52173912525177,1.0,0.0,0.8478260636329651,0.8550724387168884,152.23226928710938,151.4192352294922,178.99288940429688,0.0,0.8550724387168884,0.1884057968854904,0.0762671381235122,0.0087691796943545,0.0362004041671752,0.0062135960906744,0.0,0.0,157.03628540039062,152.23226928710938,0.0,0.0,0.0,0.0,0.0,0.0,0.0,0.0,0.0,0.0,0.0,0.0,0.0,0.0,0.0,0.0,0.0,0.0,0.0,0.0,0.0,0.0,0.0,0.0,0.0,0.0
/Users/josephkamil/Desktop/Capstone/_Duplicate_Backups/UCF50/PullUps/v_Pullup_g19_c01.avi,PullUps,v_Pullup_g19_c01.avi,0.2,pull_up,,yes,,non_olympic,pull_up_ucf_g19,train,595bb3b0ec4a8b144046c98942bd8721a9c556a8745d128322194d2139eb8600,1.0,595bb3b0ec4a8b144046c98942bd8721a9c556a8745d128322194d2139eb8600,111,111,1.0,139.40985107421875,41.581390380859375,29.05700302124023,179.370849609375,-12.955718994140623,165.58905029296875,4.520715236663818,158.24046325683594,179.2318878173828,2.8194122314453125,145.31707763671875,52.65787887573242,19.35350799560547,179.31527709960938,-4.64935302734375,0.0,0.0,0.0,0.0,0.0,0.1324560344219207,0.0059570986777544,0.1196898967027664,0.1438221633434295,-0.0050926208496093,0.5025333166122437,0.0969220399856567,0.3435403108596802,0.6224631667137146,0.0041389465332031,0.1648068875074386,0.0622145794332027,0.0494721345603466,0.2344757467508316,0.004347339272499,1.0,1.0,0.0,0.9909909963607788,1.0,29.05700302124023,158.24046325683594,179.31527709960938,0.0,0.6216216087341309,0.6126126050949097,0.0103031694889068,0.0017028602305799,0.025364875793457,0.0099029587581753,1.0,0.0,77.17263793945312,29.05700302124023,0.0,0.0,0.0,0.0,0.0,0.0,0.0,0.0,0.0,0.0,0.0,0.0,0.0,0.0,0.0,0.0,0.0,0.0,0.0,0.0,0.0,0.0,0.0,0.0,0.0,0.0
/Users/josephkamil/Desktop/Capstone/_Duplicate_Backups/UCF50/PullUps/v_Pullup_g28_c02.avi,PullUps,v_Pullup_g28_c02.avi,0.53,pull_up,,yes,,non_olympic,pull_up_ucf_g28,train,145b622a0927e6357343b77bd0f21fb55d9d2583ea41338710fa5628ed56a965,1.0,145b622a0927e6357343b77bd0f21fb55d9d2583ea41338710fa5628ed56a965,218,218,1.0,173.56680297851562,3.625512599945069,161.09295654296875,179.40711975097656,0.526611328125,170.74099731445312,4.922828674316406,159.20204162597656,179.474609375,2.5055999755859375,123.5866928100586,62.72239685058594,5.077672481536865,179.2147979736328,3.19659423828125,0.0,0.0,0.0,0.0,0.0,0.1266027688980102,0.009753399528563,0.1107232123613357,0.1577453315258026,0.0041698068380355,0.5281119346618652,0.0989879146218299,0.3740355670452118,0.6784900426864624,-0.0099864602088928,0.1507300585508346,0.0774570703506469,0.0228122919797897,0.2397457361221313,-0.001345545053482,0.9816513657569884,1.0,0.0,0.995412826538086,1.0,161.09295654296875,159.20204162597656,179.2147979736328,0.0,0.7752293348312378,0.71100914478302,0.0199925154447555,0.0023184046149253,0.0435019731521606,0.0079366490244865,0.75,0.0,163.25343322753906,161.09295654296875,0.0,0.0,0.0,0.0,0.0,0.0,0.0,0.0,0.0,0.0,0.0,0.0,0.0,0.0,0.0,0.0,0.0,0.0,0.0,0.0,0.0,0.0,0.0,0.0,0.0,0.0
/Users/josephkamil/Desktop/Capstone/PullUps/v_PullUps_g19_c04.avi,PullUps,v_PullUps_g19_c04.avi,0.18,pull_up,,yes,,non_olympic,pull_up_ucf_g19,train,7ecc4b9cfaa4fd368ee3384298c6806fe52ce107fde2f3f2775325fde040832e,2.0,7ecc4b9cfaa4fd368ee3384298c6806fe52ce107fde2f3f2775325fde040832e,104,104,1.0,137.80223083496094,43.66596984863281,21.026365280151367,179.377197265625,17.881065368652344,165.2470703125,4.0539045333862305,157.63739013671875,177.07640075683594,-0.5117645263671875,138.77078247070312,57.33878326416016,12.209568977355955,177.35635375976562,-2.403350830078125,0.0,0.0,0.0,0.0,0.0,0.1363751143217086,0.0069837500341236,0.1219302415847778,0.1492359787225723,-0.0050369054079055,0.4972853064537048,0.0904462113976478,0.3593686819076538,0.6134293079376221,0.0044426918029785,0.1580730825662613,0.0633346438407898,0.0513660237193107,0.2299120426177978,0.0049919635057449,1.0,1.0,0.0,0.9903846383094788,1.0,21.026365280151367,157.63739013671875,177.35635375976562,0.0,0.3942307829856872,0.6057692170143127,0.0092208236455917,0.0016662433044984,0.0336059927940368,0.0097263185307383,1.0,0.0,21.026365280151367,87.48311614990234,0.0,0.0,0.0,0.0,0.0,0.0,0.0,0.0,0.0,0.0,0.0,0.0,0.0,0.0,0.0,0.0,0.0,0.0,0.0,0.0,0.0,0.0,0.0,0.0,0.0,0.0
/Users/josephkamil/Desktop/Capstone/_Duplicate_Backups/UCF50/PullUps/v_Pullup_g11_c03.avi,PullUps,v_Pullup_g11_c03.avi,0.21,pull_up,,yes,,non_olympic,pull_up_ucf_g11,train,d4729dc87ce0e01c09f0afeb697cbad966329cd906408c054204b9803a9e7ef8,1.0,d4729dc87ce0e01c09f0afeb697cbad966329cd906408c054204b9803a9e7ef8,91,91,1.0,161.34051513671875,20.77376937866211,101.5107879638672,179.5311737060547,23.982635498046875,168.9882354736328,9.386554718017578,140.51126098632812,178.24647521972656,4.633087158203125,101.1627197265625,64.9061050415039,7.8854780197143555,171.45460510253906,-5.2020721435546875,0.0,0.0,0.0,0.0,0.0,0.1327633559703827,0.0329717546701431,0.0658769980072975,0.1927368640899658,0.0374847054481506,0.5065741539001465,0.0763869732618331,0.401430606842041,0.6424113512039185,0.0448073148727417,0.1304686516523361,0.0690358132123947,0.0306267142295837,0.2222963720560073,0.0027828216552734,0.8131868243217468,1.0,0.0,0.9890109896659852,1.0,101.5107879638672,140.51126098632812,171.45460510253906,0.0,0.6373626589775085,0.1098901107907295,0.0281993746757507,0.0043396521359682,0.0227347016334533,0.0091172689571976,1.0,0.0,122.68909454345705,101.5107879638672,0.0,0.0,0.0,0.0,0.0,0.0,0.0,0.0,0.0,0.0,0.0,0.0,0.0,0.0,0.0,0.0,0.0,0.0,0.0,0.0,0.0,0.0,0.0,0.0,0.0,0.0
/Users/josephkamil/Desktop/Capstone/PullUps/v_PullUps_g08_c03.avi,PullUps,v_PullUps_g08_c03.avi,0.26,pull_up,,yes,,non_olympic,pull_up_ucf_g08,train,05e1a01a5900017bc01fcba9eb240540f0597003872c8618c0bff3c9383999b2,1.0,05e1a01a5900017bc01fcba9eb240540f0597003872c8618c0bff3c9383999b2,104,104,1.0,156.6778106689453,27.75817489624023,65.3104476928711,179.62139892578125,-1.40582275390625,168.85911560058594,6.805107593536377,138.45504760742188,178.91481018066406,0.107330322265625,123.66920471191406,43.54946517944336,34.61936950683594,166.59951782226562,-0.13714599609375,0.0,0.0,0.0,0.0,0.0,0.2734853625297546,0.0240762587636709,0.2212149053812027,0.3612678050994873,-0.0260905027389526,0.7581102848052979,0.115837238729,0.5786204934120178,0.9278157949447632,-0.0412896871566772,0.1848682314157486,0.0898075923323631,0.0229712799191474,0.3026080429553985,-0.0290519595146179,0.9903846383094788,1.0,0.0,0.9903846383094788,1.0,65.3104476928711,138.45504760742188,166.59951782226562,0.0,0.1153846159577369,0.0865384638309478,0.0471261143684387,0.0065501849167048,0.0518824458122253,0.0177634190768003,1.0,0.0,65.3104476928711,89.35234832763672,0.0,0.0,0.0,0.0,0.0,0.0,0.0,0.0,0.0,0.0,0.0,0.0,0.0,0.0,0.0,0.0,0.0,0.0,0.0,0.0,0.0,0.0,0.0,0.0,0.0,0.0
/Users/josephkamil/Desktop/Capstone/PullUps/v_PullUps_g03_c02.avi,PullUps,v_PullUps_g03_c02.avi,0.54,pull_up,,yes,,non_olympic,pull_up_ucf_g03,train,569211d6bc9b5de40f0cd0d27c370d4f9b98cc4dbf1171e7456d36a96acdab51,1.0,569211d6bc9b5de40f0cd0d27c370d4f9b98cc4dbf1171e7456d36a96acdab51,208,208,1.0,173.7958221435547,10.215927124023438,70.25790405273438,179.5565948486328,68.3910903930664,169.49850463867188,25.261672973632812,3.2057015895843506,179.28634643554688,55.42327880859375,116.17381286621094,64.01449584960938,2.2063398361206055,179.3279266357422,6.8733673095703125,0.0,0.0,0.0,0.0,0.0,0.3820541799068451,0.0305994041264057,0.322547435760498,0.4619980454444885,-0.0632244944572448,0.7431771159172058,0.1148210763931274,0.5717200040817261,0.9050703048706056,0.0537280440330505,0.1423253417015075,0.0791258364915847,0.0026092221960425,0.2461113333702087,0.0178506970405578,0.692307710647583,1.0,0.0,0.995192289352417,1.0,70.25790405273438,3.2057015895843506,179.3279266357422,0.0,0.0240384619683027,0.0144230769947171,0.094395488500595,0.0065704649314284,0.0369905829429626,0.0070479782298207,1.0,0.0,70.25790405273438,160.3781280517578,0.0,0.0,0.0,0.0,0.0,0.0,0.0,0.0,0.0,0.0,0.0,0.0,0.0,0.0,0.0,0.0,0.0,0.0,0.0,0.0,0.0,0.0,0.0,0.0,0.0,0.0
/Users/josephkamil/Desktop/Capstone/PullUps/v_PullUps_g17_c04.avi,PullUps,v_PullUps_g17_c04.avi,0.44,pull_up,,yes,,non_olympic,pull_up_ucf_g17,train,cde615a278a6f9c27e9868c3d151dc41bbfa9d236d450e441278571fd0abd98c,1.0,cde615a278a6f9c27e9868c3d151dc41bbfa9d236d450e441278571fd0abd98c,226,226,1.0,175.47303771972656,2.182042360305786,168.37086486816406,179.35885620117188,-7.0229034423828125,176.18992614746094,2.1598012447357178,170.0575408935547,179.54258728027344,-1.5223541259765625,120.92858123779295,69.63628387451172,0.8113977909088135,179.33230590820312,2.0091705322265625,0.0,0.0,0.0,0.0,0.0,0.1401213407516479,0.0073606604710221,0.128732681274414,0.1544956862926483,-0.0059617012739181,0.5220971703529358,0.1113508865237236,0.331507921218872,0.6499937772750854,0.0045114755630493,0.1597813665866851,0.0792226418852806,0.017100116237998,0.2454365193843841,-0.0008467882871627,1.0,1.0,0.0,0.9955752491950988,1.0,168.37086486816406,170.0575408935547,179.33230590820312,0.0,0.778761088848114,0.8008849620819092,0.0053983479738235,0.0006032263627275,0.0208966434001922,0.0056293155066668,1.0,0.0,172.37017822265625,168.37086486816406,0.0,0.0,0.0,0.0,0.0,0.0,0.0,0.0,0.0,0.0,0.0,0.0,0.0,0.0,0.0,0.0,0.0,0.0,0.0,0.0,0.0,0.0,0.0,0.0,0.0,0.0
/Users/josephkamil/Desktop/Capstone/_Duplicate_Backups/UCF50/PullUps/v_Pullup_g30_c03.avi,PullUps,v_Pullup_g30_c03.avi,0.25,pull_up,,yes,,non_olympic,pull_up_ucf_g30,train,f65495891699e580514cb022522b4240699978c7ee97da1cc450ef28704801d2,1.0,f65495891699e580514cb022522b4240699978c7ee97da1cc450ef28704801d2,102,99,0.9705882352941176,164.6466827392578,19.786222457885746,99.61425018310548,179.69871520996094,-39.2069091796875,166.9969482421875,15.39979362487793,111.54409790039062,178.70916748046875,-31.591094970703125,93.1466293334961,20.737089157104492,58.144622802734375,128.04998779296875,14.388259887695312,0.0,0.0,0.0,0.0,0.0,0.1159856095910072,0.0137060368433594,0.0976652130484581,0.1684347093105316,-0.0009907782077789,0.8150827288627625,0.1203645691275596,0.6349062919616699,0.9928911924362184,0.0989308357238769,0.1911294758319854,0.0939793512225151,0.0576040111482143,0.3316435813903808,0.0629002451896667,1.0,1.0,0.0,0.9898989796638488,1.0,99.61425018310548,111.54409790039062,128.04998779296875,0.0,0.6565656661987305,0.6565656661987305,0.037173718214035,0.0043609021231532,0.0829269886016845,0.0207327529788017,1.0,0.0,99.99396514892578,99.61425018310548,0.0,0.0,0.0,0.0,0.0,0.0,0.0,0.0,0.0,0.0,0.0,0.0,0.0,0.0,0.0,0.0,0.0,0.0,0.0,0.0,0.0,0.0,0.0,0.0,0.0,0.0
/Users/josephkamil/Desktop/Capstone/PullUps/v_PullUps_g05_c03.avi,PullUps,v_PullUps_g05_c03.avi,0.27,pull_up,,yes,,non_olympic,pull_up_ucf_g05,train,c30965bfd75d6065fd14a718489823f968a0cb722bb9a165742f573cf566790c,1.0,c30965bfd75d6065fd14a718489823f968a0cb722bb9a165742f573cf566790c,108,107,0.9907407407407408,154.1319122314453,23.844038009643555,23.76068687438965,178.79566955566406,-43.78099822998047,165.2566375732422,16.06943130493164,113.2089385986328,179.65234375,-13.616363525390623,161.08267211914062,34.73930740356445,2.433565378189087,179.3759002685547,-3.355010986328125,0.0,0.0,0.0,0.0,0.0,0.1690419167280197,0.1110130101442337,0.0357841588556766,0.5305520296096802,-0.1364813894033432,0.6404830813407898,0.1490188390016555,0.3451214730739593,0.8560197353363037,-0.1668834686279297,0.2050831019878387,0.085829347372055,0.0292076226323843,0.2959576845169067,-0.025688350200653,0.990654230117798,1.0,0.0,0.990654230117798,1.0,23.76068687438965,113.2089385986328,179.3759002685547,0.0,0.5046728849411011,0.2242990583181381,0.2931410074234009,0.0234678983688354,0.1252094507217407,0.017563471570611,1.0,0.0,23.76068687438965,96.98220825195312,0.0,0.0,0.0,0.0,0.0,0.0,0.0,0.0,0.0,0.0,0.0,0.0,0.0,0.0,0.0,0.0,0.0,0.0,0.0,0.0,0.0,0.0,0.0,0.0,0.0,0.0
/Users/josephkamil/Desktop/Capstone/_Duplicate_Backups/UCF50/PullUps/v_Pullup_g25_c02.avi,PullUps,v_Pullup_g25_c02.avi,0.09,pull_up,,yes,,non_olympic,pull_up_ucf_g25,dev,1682d1ca50e7f92b9e17efaee806a237004bdbc54bf3eb8c77164e9f7589110f,1.0,1682d1ca50e7f92b9e17efaee806a237004bdbc54bf3eb8c77164e9f7589110f,110,110,1.0,168.73043823242188,9.581521034240724,139.90135192871094,179.46009826660156,-20.526275634765625,174.61976623535156,3.3743364810943604,166.02835083007812,179.67120361328125,-12.70318603515625,110.44243621826172,44.13216781616211,31.83581161499023,169.40478515625,-6.3474884033203125,0.0,0.0,0.0,0.0,0.0,0.2306202054023742,0.0106053734198212,0.2136173844337463,0.2570891678333282,-0.0279603004455566,0.6924038529396057,0.0996164456009864,0.5388581156730652,0.8404464721679688,-0.0450716018676757,0.1779134422540664,0.0657273307442665,0.0583518631756305,0.260231614112854,-0.0005079507827758,1.0,1.0,0.0,0.9909090995788574,1.0,139.90135192871094,166.02835083007812,169.40478515625,0.0,0.1909090876579284,0.9909090995788574,0.0094768404960632,0.0015821227570995,0.015968918800354,0.0052130296826362,1.0,0.0,139.90135192871094,141.17898559570312,0.0,0.0,0.0,0.0,0.0,0.0,0.0,0.0,0.0,0.0,0.0,0.0,0.0,0.0,0.0,0.0,0.0,0.0,0.0,0.0,0.0,0.0,0.0,0.0,0.0,0.0
/Users/josephkamil/Desktop/Capstone/PullUps/v_PullUps_g17_c03.avi,PullUps,v_PullUps_g17_c03.avi,0.38,pull_up,,yes,,non_olympic,pull_up_ucf_g17,train,44080a2b597200b7d169799f87d99c6b22e47f63eb960e2511ebd8fa9b94871b,1.0,44080a2b597200b7d169799f87d99c6b22e47f63eb960e2511ebd8fa9b94871b,202,202,1.0,175.75924682617188,1.808881402015686,170.50633239746094,179.3803253173828,0.297271728515625,177.0507354736328,1.6570212841033936,173.7000732421875,179.57089233398438,0.4180450439453125,118.99537658691406,70.3810806274414,0.8101382851600647,179.31280517578125,2.08953857421875,0.0,0.0,0.0,0.0,0.0,0.1413523703813552,0.007290824316442,0.1299663633108139,0.1548530757427215,0.0023878812789916,0.5203946828842163,0.1089329198002815,0.3306581676006317,0.6475162506103516,0.0086984634399414,0.1559572219848632,0.0788739472627639,0.0169772915542125,0.2414803057909011,-0.0009090304374694,1.0,1.0,0.0,0.9950494766235352,1.0,170.50633239746094,173.7000732421875,179.31280517578125,0.0,0.1138613894581794,0.4455445408821106,0.0037115216255187,0.0006453049136325,0.0183938145637512,0.0062506604008376,1.0,0.0,170.50633239746094,171.54641723632812,0.0,0.0,0.0,0.0,0.0,0.0,0.0,0.0,0.0,0.0,0.0,0.0,0.0,0.0,0.0,0.0,0.0,0.0,0.0,0.0,0.0,0.0,0.0,0.0,0.0,0.0
/Users/josephkamil/Desktop/Capstone/Back squats- forward lean.mov,Capstone_unused,Back squats- forward lean.mov,,squat_back,,yes,,non_olympic,hardneg_squat_back_f37f3fb1ccd1dbbd,train,,,f37f3fb1ccd1dbbd6ecd0c0cd09731db1857a33e7e577fd1197f57e1d3465e72,697,635,0.9110473457675752,159.43316650390625,29.191383361816406,4.36827278137207,179.7416229248047,-39.300262451171875,147.19642639160156,41.858863830566406,0.5784631967544556,179.72674560546875,-77.42081451416016,46.01139068603515,51.73774719238281,1.3512592315673828,179.66314697265625,139.91961669921875,0.0,0.0,0.0,0.0,0.0,0.5202305316925049,0.1663259863853454,-0.2376039624214172,1.018414855003357,0.93287193775177,0.6184130311012268,0.2219191938638687,-1.3647348880767822,0.8997424840927124,1.9555418491363523,0.1228017285466194,0.2013102173805236,0.0038833771832287,0.866533100605011,0.7197535037994385,0.110236220061779,1.0,0.0,0.9291338324546814,0.930708646774292,4.36827278137207,0.5784631967544556,179.66314697265625,0.0,0.0031496062874794,0.8992125988006592,0.5710079073905945,0.0130504136905074,1.7995489835739136,0.0113463448360562,0.125,0.0,4.36827278137207,5.224032878875732,0.0,0.0,0.0,0.0,0.0,0.0,0.0,0.0,0.0,0.0,0.0,0.0,0.0,0.0,0.0,0.0,0.0,0.0,0.0,0.0,0.0,0.0,0.0,0.0,0.0,0.0
/Users/josephkamil/Desktop/Capstone/backsquat_short.mov,Capstone_unused,backsquat_short.mov,,squat_back,,yes,,non_olympic,hardneg_squat_back_4e0f10b64ee6e810,train,,,4e0f10b64ee6e8106f011c6b196be9442bd8db2edea54585b55fb969aadc66c7,240,239,0.9958333333333332,160.85281372070312,20.610803604125977,112.9642562866211,179.4359130859375,-38.730926513671875,158.82901000976562,23.880098342895508,107.08889770507812,179.30731201171875,-49.82817840576172,27.705615997314453,38.03547668457031,1.168306589126587,178.3409423828125,-69.22827911376953,0.0,0.0,0.0,0.0,0.0,0.3765365183353424,0.0768606290221214,0.168563961982727,0.5007644891738892,0.2789609432220459,0.5351410508155823,0.0359748303890228,0.3782628178596496,0.6058388948440552,0.2106432318687439,0.0544373989105224,0.0240154284983873,0.0116351647302508,0.1403529047966003,-0.0142832677811384,0.1589958220720291,1.0,0.0,0.5104602575302124,0.5146443247795105,112.9642562866211,107.08889770507812,178.3409423828125,0.0,0.5523012280464172,0.5523012280464172,0.1335937082767486,0.0077936663292348,0.0649255514144897,0.0027735696639865,0.0,0.0,114.69386291503906,112.9642562866211,0.0,0.0,0.0,0.0,0.0,0.0,0.0,0.0,0.0,0.0,0.0,0.0,0.0,0.0,0.0,0.0,0.0,0.0,0.0,0.0,0.0,0.0,0.0,0.0,0.0,0.0
/Users/josephkamil/Desktop/Capstone/backsquat_test_8s.mov,Capstone_unused,backsquat_test_8s.mov,,squat_back,,yes,,non_olympic,hardneg_squat_back_cf3eb3107327e58a,train,,,cf3eb3107327e58aae8cbfd31290def319068aeb996f8ada648b8b0a76694190,241,212,0.8796680497925311,156.75906372070312,31.015472412109375,9.626954078674316,179.62371826171875,91.69520568847656,153.79879760742188,36.54525375366211,15.435012817382812,178.9979248046875,161.6390380859375,40.621360778808594,52.65864562988281,1.2885560989379885,179.4117889404297,-159.47933959960938,0.0,0.0,0.0,0.0,0.0,0.3864284753799438,0.1470419913530349,0.1373795270919799,1.0798789262771606,-0.0962492525577545,0.5021618008613586,0.1112549528479576,-0.0221998654305934,0.6041238307952881,0.513759195804596,0.062060285359621,0.0520660281181335,0.0079681882634758,0.3806590437889099,-0.1263840496540069,0.2169811278581619,1.0,0.0141509436070919,0.6367924809455872,0.6273584961891174,9.626954078674316,15.435012817382812,179.4117889404297,0.0,0.089622639119625,0.0,0.5517153739929199,0.0179685782641172,0.3168445229530334,0.0076382630504667,0.125,0.0,9.626954078674316,114.0559539794922,0.0,0.0,0.0,0.0,0.0,0.0,0.0,0.0,0.0,0.0,0.0,0.0,0.0,0.0,0.0,0.0,0.0,0.0,0.0,0.0,0.0,0.0,0.0,0.0,0.0,0.0
/Users/josephkamil/Desktop/Capstone/OverheadSquat_one_rep_720p.mp4,Capstone_unused,OverheadSquat_one_rep_720p.mp4,,overhead_squat,,yes,,non_olympic,hardneg_overhead_squat_96718fa46b1ce7ea,train,,,96718fa46b1ce7ea204f5ca5bb1f1d99273c4b240c6f57e64d4f4b8efa6797be,144,144,1.0,132.66571044921875,55.14393997192383,42.4091911315918,179.6411590576172,0.8253631591796875,141.45758056640625,43.40957260131836,67.57749938964844,179.38992309570312,-1.35491943359375,136.5916290283203,56.3345832824707,5.184886455535889,176.97039794921875,3.65582275390625,0.0,0.0,0.0,0.0,0.0,0.1784720867872238,0.085545428097248,0.0163207184523344,0.3183263540267944,-0.0007730275392532,0.6267540454864502,0.1295065283775329,0.4665830731391907,0.81244957447052,-0.0179894566535949,0.1456430256366729,0.0723583325743675,0.0068512205034494,0.2755416631698608,-0.0123838186264038,0.9375,1.0,0.0,0.9930555820465088,1.0,42.4091911315918,67.57749938964844,176.97039794921875,0.0,0.6111111044883728,0.5833333134651184,0.1248917877674102,0.0145623916760087,0.0389220714569091,0.0052716913633048,1.0,0.0,43.201019287109375,42.4091911315918,0.0,0.0,0.0,0.0,0.0,0.0,0.0,0.0,0.0,0.0,0.0,0.0,0.0,0.0,0.0,0.0,0.0,0.0,0.0,0.0,0.0,0.0,0.0,0.0,0.0,0.0
/Users/josephkamil/Desktop/Capstone/IdealPushPress2.mov,Capstone_unused,IdealPushPress2.mov,,push_press,,yes,,non_olympic,hardneg_push_press_aa2bad500a5f0f59,train,,,aa2bad500a5f0f59e48923b42b6fa820f3910c48bfc303a2b27909e436f98812,845,758,0.8970414201183432,175.97528076171875,5.027703285217285,152.18296813964844,179.39576721191406,12.745132446289062,176.11659240722656,2.61898422241211,164.10906982421875,179.5489501953125,1.20135498046875,60.85645294189453,66.73505401611328,1.037516951560974,179.1447296142578,-69.06660461425781,0.0,0.0,0.0,0.0,0.0,0.3350097835063934,0.0733474493026733,0.1412963569164276,0.4697721898555755,0.0175944566726684,0.5800202488899231,0.0148083427920937,0.5498647093772888,0.6462116837501526,0.0228732228279113,0.0482108928263187,0.0543801710009574,0.0020120583940297,0.1954622864723205,-0.0184835009276866,0.5923482775688171,1.0,0.0,0.9947229623794556,0.9960421919822692,152.18296813964844,164.10906982421875,179.1447296142578,0.0,0.748021125793457,0.5092348456382751,0.1596942842006683,0.0089395800605416,0.0273913145065307,0.0009547127992846,1.0,0.0,154.18447875976562,152.18296813964844,0.0,0.0,0.0,0.0,0.0,0.0,0.0,0.0,0.0,0.0,0.0,0.0,0.0,0.0,0.0,0.0,0.0,0.0,0.0,0.0,0.0,0.0,0.0,0.0,0.0,0.0
/Users/josephkamil/Desktop/Capstone/idealPushPress.mov,Capstone_unused,idealPushPress.mov,,push_press,,yes,,non_olympic,hardneg_push_press_5490577aab813bf3,train,,,5490577aab813bf36c61608773f68ebf30c3214df057848e652d0b97da7dc425,217,195,0.8986175115207373,177.2920684814453,4.599757671356201,158.11106872558594,179.38246154785156,-0.154632568359375,174.1792449951172,1.8740888833999632,168.65103149414062,179.41265869140625,-0.0803985595703125,41.06097412109375,70.42516326904297,1.2845488786697388,178.99134826660156,-5.66994047164917,0.0,0.0,0.0,0.0,0.0,0.3717361986637115,0.0680595487356185,0.233291819691658,0.4608258605003357,-0.0082567334175109,0.5938775539398193,0.0139608113095164,0.5692609548568726,0.6460413932800293,-0.0035372376441955,0.0432305745780468,0.054132267832756,0.0040148072876036,0.1576127707958221,-0.0023305267095565,0.9846153855323792,1.0,0.0,0.9948717951774596,1.0,158.11106872558594,168.65103149414062,178.99134826660156,0.0,0.2512820661067962,0.3333333432674408,0.1698723882436752,0.0025335645768791,0.0202580690383911,0.0009366694721393,1.0,0.0,158.11106872558594,178.13180541992188,0.0,0.0,0.0,0.0,0.0,0.0,0.0,0.0,0.0,0.0,0.0,0.0,0.0,0.0,0.0,0.0,0.0,0.0,0.0,0.0,0.0,0.0,0.0,0.0,0.0,0.0
/Users/josephkamil/Desktop/Capstone/pushpress-youtube.mov,Capstone_unused,pushpress-youtube.mov,,push_press,,yes,,non_olympic,hardneg_push_press_07b62af6eff2c63c,train,,,07b62af6eff2c63cf81a90a6dc24f9d05a65a53a2e3aecde81963941008943af,621,617,0.9935587761674718,171.64096069335938,5.353173732757568,155.17108154296875,179.2361602783203,14.74774169921875,170.5770721435547,2.6227409839630127,162.82606506347656,179.30633544921875,-0.80096435546875,62.04199981689453,72.11550903320312,2.000144720077514,178.85671997070312,155.45867919921875,0.0,0.0,0.0,0.0,0.0,0.3587091565132141,0.0746331736445427,0.2276189029216766,0.4343361854553222,-0.1423110514879226,0.5516992211341858,0.0200744960457086,0.5207500457763672,0.5827604532241821,0.0132157802581787,0.0469866544008255,0.0471558906137943,0.0129772573709487,0.1345387399196624,0.1106948405504226,1.0,1.0,0.0,0.9983792304992676,1.0,155.17108154296875,162.82606506347656,178.85671997070312,0.0,0.2090761810541153,0.8395462036132812,0.0404949337244033,0.0030248216353356,0.0160260200500488,0.0011662715114653,1.0,0.0,155.17108154296875,163.3163299560547,0.0,0.0,0.0,0.0,0.0,0.0,0.0,0.0,0.0,0.0,0.0,0.0,0.0,0.0,0.0,0.0,0.0,0.0,0.0,0.0,0.0,0.0,0.0,0.0,0.0,0.0
/Users/josephkamil/Desktop/Capstone/bench press/bench press_57.mp4,Capstone_unused,bench press_57.mp4,,bench_press,,yes,,non_olympic,hardneg_bench_press_e93ea911ea313036,train,,,e93ea911ea3130362522a9e8c405aa850343428c88ec6535037044b8f581923b,100,91,0.91,96.42556762695312,27.994903564453125,56.62923812866211,148.79042053222656,-30.99561309814453,118.32295989990234,39.6854248046875,71.66300964355469,179.03550720214844,-69.8367919921875,103.94967651367188,49.32685089111328,39.55012130737305,172.42938232421875,-31.51600646972656,0.0,0.0,0.0,0.0,0.0,0.4758626222610473,0.1033579036593437,0.325187623500824,0.6696733236312866,0.1139664947986602,0.743316650390625,0.0446457751095294,0.6325582265853882,0.7989856004714966,-0.0550241470336914,0.2701056897640228,0.1018581390380859,0.0998089537024498,0.4554667174816131,0.0412953794002532,1.0,1.0,0.0,0.9890109896659852,1.0,56.62923812866211,71.66300964355469,172.42938232421875,0.0,0.6153846383094788,0.3956044018268585,0.1183750927448272,0.0134898805990815,0.0868135094642639,0.0077994782477617,1.0,0.0,64.0928955078125,56.62923812866211,0.0,0.0,0.0,0.0,0.0,0.0,0.0,0.0,0.0,0.0,0.0,0.0,0.0,0.0,0.0,0.0,0.0,0.0,0.0,0.0,0.0,0.0,0.0,0.0,0.0,0.0
/Users/josephkamil/Desktop/Capstone/bench press/bench press_58.mp4,Capstone_unused,bench press_58.mp4,,bench_press,,yes,,non_olympic,hardneg_bench_press_eb5ec7ef3b76fa5c,train,,,eb5ec7ef3b76fa5c15ae1bdf0a07b6400b50b5d47c8cfb81b05658be63bc0062,46,44,0.9565217391304348,123.5592041015625,14.409093856811523,101.08729553222656,163.3246612548828,13.796310424804688,135.40147399902344,15.856873512268066,97.48828125,173.0757598876953,-38.95014953613281,112.54015350341795,49.46656036376953,13.996136665344238,168.81161499023438,-1.419891357421875,0.0,0.0,0.0,0.0,0.0,0.3675729036331177,0.0480937287211418,0.2851694822311401,0.4312864243984222,-0.0570700168609619,0.4460835456848144,0.0059245121665298,0.4337010681629181,0.4593620300292969,-0.018588900566101,0.0751502588391304,0.0434415452182292,0.0281615667045116,0.1552503407001495,0.0677329674363136,1.0,1.0,0.0,0.9772727489471436,1.0,101.08729553222656,97.48828125,168.81161499023438,0.0,0.2727272808551788,0.3409090936183929,0.0580398440361022,0.0121577372774481,0.0068109035491943,0.0016700431006029,1.0,0.0,101.08729553222656,108.15777587890624,0.0,0.0,0.0,0.0,0.0,0.0,0.0,0.0,0.0,0.0,0.0,0.0,0.0,0.0,0.0,0.0,0.0,0.0,0.0,0.0,0.0,0.0,0.0,0.0,0.0,0.0
/Users/josephkamil/Desktop/Capstone/bench press/bench press_59.mp4,Capstone_unused,bench press_59.mp4,,bench_press,,yes,,non_olympic,hardneg_bench_press_0250fd49e9c324d3,train,,,0250fd49e9c324d3ce915dfdaed424fc40d4e8b2e2d15ec92d52971d0856a101,150,150,1.0,140.2902069091797,15.411491394042969,105.61766052246094,177.6346893310547,-21.14850616455078,171.01869201660156,5.51227331161499,160.1088409423828,179.36257934570312,10.784210205078123,126.93724060058594,28.088077545166016,77.77972412109375,172.33645629882812,53.248085021972656,0.0,0.0,0.0,0.0,0.0,0.4765259921550751,0.102112703025341,0.3533698320388794,0.6424802541732788,-0.0848182439804077,0.6584058403968811,0.0043540555052459,0.65001380443573,0.6722158789634705,-0.0029399991035461,0.1317964047193527,0.0850268378853797,0.0059192441403865,0.2436257600784301,0.0850816667079925,0.8399999737739563,1.0,0.0,0.993333339691162,1.0,105.61766052246094,160.1088409423828,172.33645629882812,0.0,0.1000000014901161,0.0333333350718021,0.0364330410957336,0.0082990685477852,0.0064114332199096,0.0010905878152698,0.625,0.0,105.61766052246094,113.58082580566406,0.0,0.0,0.0,0.0,0.0,0.0,0.0,0.0,0.0,0.0,0.0,0.0,0.0,0.0,0.0,0.0,0.0,0.0,0.0,0.0,0.0,0.0,0.0,0.0,0.0,0.0
/Users/josephkamil/Desktop/Capstone/pull Up/pull up_22.mp4,Capstone_unused,pull up_22.mp4,,pull_up,,yes,,non_olympic,hardneg_pull_up_86157240b3c1a09c,train,,,86157240b3c1a09cab32d5085c16e165a42d331b0d8cf25d284f96cdc10dd2dc,210,208,0.9904761904761904,172.41831970214844,25.334135055541992,3.8826327323913574,179.84251403808594,43.1336669921875,171.15870666503906,30.751850128173828,9.243242263793944,179.83685302734375,146.0487823486328,99.44161224365234,61.39117431640625,1.1064072847366333,178.5110626220703,-114.38473510742188,0.0,0.0,0.0,0.0,0.0,0.2045681178569793,0.0278323777019977,0.1105067133903503,0.248070478439331,-0.0009596794843673,1.068756103515625,0.2284636199474334,0.5528972148895264,1.375881910324097,0.4010408520698547,0.3368714153766632,0.1644808799028396,0.0592149905860424,0.5890030264854431,0.0022562742233276,1.0,1.0,0.0,0.995192289352417,1.0,3.8826327323913574,9.243242263793944,178.5110626220703,0.0,0.0432692319154739,0.0144230769947171,0.0345659106969833,0.0036636530421674,0.0803966522216796,0.0144153032451868,1.0,0.0,3.8826327323913574,175.58197021484375,0.0,0.0,0.0,0.0,0.0,0.0,0.0,0.0,0.0,0.0,0.0,0.0,0.0,0.0,0.0,0.0,0.0,0.0,0.0,0.0,0.0,0.0,0.0,0.0,0.0,0.0
/Users/josephkamil/Desktop/Capstone/pull Up/pull up_23.mp4,Capstone_unused,pull up_23.mp4,,pull_up,,yes,,non_olympic,hardneg_pull_up_ba7910005de4aa67,train,,,ba7910005de4aa67eda193cfb6bdb2b15cdcd24016c43cfcbfc8ef2783ec33e7,126,126,1.0,156.28155517578125,45.309478759765625,1.307204246520996,179.66798400878906,-16.976409912109375,142.85874938964844,64.13882446289062,0.4551607966423034,179.7075653076172,-169.4332733154297,105.88634490966795,51.0213508605957,22.261953353881836,170.42466735839844,61.014183044433594,0.0,0.0,0.0,0.0,0.0,0.3312461674213409,0.0047416905872523,0.3228214383125305,0.339767575263977,-0.0026701688766479,0.9322692155838012,0.1080374121665954,0.7257720232009888,1.04587721824646,0.0947067141532898,0.1987901329994201,0.1103996559977531,0.0118840979412198,0.3372972011566162,0.1323793679475784,0.9047619104385376,1.0,0.0,0.9920634627342224,1.0,1.307204246520996,0.4551607966423034,170.42466735839844,0.0,0.8809523582458496,0.9047619104385376,0.0050334930419921,0.0006657986668869,0.022732138633728,0.0065876794978976,1.0,0.0,7.404279708862305,1.307204246520996,0.0,0.0,0.0,0.0,0.0,0.0,0.0,0.0,0.0,0.0,0.0,0.0,0.0,0.0,0.0,0.0,0.0,0.0,0.0,0.0,0.0,0.0,0.0,0.0,0.0,0.0
/Users/josephkamil/Desktop/Capstone/pull Up/pull up_24.mp4,Capstone_unused,pull up_24.mp4,,pull_up,,yes,,non_olympic,hardneg_pull_up_998a9967105c99d3,train,,,998a9967105c99d38dc31d27153bcfa5196b201dc7ad926952c24a4fbed2bbd5,93,93,1.0,164.59487915039062,25.566020965576172,11.559032440185549,179.79208374023438,-8.143081665039062,98.75870513916016,80.95823669433594,0.4994988739490509,179.84388732910156,-49.67469787597656,56.50114440917969,50.44663619995117,0.4500860571861267,176.96771240234375,34.98064422607422,0.0,0.0,0.0,0.0,0.0,0.3168610632419586,0.0565345548093318,0.2519195675849914,0.6435950994491577,-0.3429177701473236,0.9632579684257508,0.1182334497570991,0.7647231221199036,1.163559913635254,0.3216542601585388,0.1698140650987625,0.0992222502827644,0.0516171865165233,0.3899137079715729,0.192699447274208,0.8064516186714172,1.0,0.0215053763240575,0.9892473220825196,0.9784946441650392,11.559032440185549,0.4994988739490509,176.96771240234375,0.0,0.7526881694793701,0.8817204236984253,0.1786212921142578,0.0171848069876432,0.0763828754425048,0.0081628169864416,1.0,0.0,61.55503463745117,11.559032440185549,0.0,0.0,0.0,0.0,0.0,0.0,0.0,0.0,0.0,0.0,0.0,0.0,0.0,0.0,0.0,0.0,0.0,0.0,0.0,0.0,0.0,0.0,0.0,0.0,0.0,0.0
