label,video,valid,error,total_frames,wrist_above_shoulder_ratio,wrist_below_shoulder_ratio,mean_wrist_minus_shoulder_y,mean_hip_minus_shoulder_y,mean_knee_minus_hip_y,median_head_drop,avg_wrist_forward,wrist_y_range,shoulder_y_range,hip_y_range,elbow_range,min_elbow,max_elbow,avg_elbow,avg_torso_angle
handstand_push_up,/Users/josephkamil/Desktop/Capstone/HandstandPushups/v_HandStandPushups_g01_c01.avi,1,,78,0.0,1.0,0.3559568226337433,-0.39290952682495117,-0.2578851282596588,0.13005006313323975,0.006297717336565256,0.08598697185516357,0.08611810207366943,0.10701930522918701,38.84886169433594,139.51901245117188,178.3678741455078,162.92050170898438,178.20938110351562
handstand_push_up,/Users/josephkamil/Desktop/Capstone/HandstandPushups/v_HandStandPushups_g01_c02.avi,1,,93,0.0,1.0,0.30456095933914185,-0.38862237334251404,-0.23238405585289001,0.14218777418136597,0.012374510057270527,0.10693907737731934,0.19578611850738525,0.2482890635728836,62.99053192138672,113.4216537475586,176.4121856689453,157.04977416992188,178.54855346679688
handstand_push_up,/Users/josephkamil/Desktop/Capstone/HandstandPushups/v_HandStandPushups_g01_c03.avi,1,,101,0.0,1.0,0.3009120225906372,-0.39495721459388733,-0.2026190608739853,0.13705509901046753,0.010638928972184658,0.17211437225341797,0.2381851077079773,0.26600542664527893,75.15583801269531,104.31051635742188,179.4663543701172,150.5587615966797,178.83534240722656
handstand_push_up,/Users/josephkamil/Desktop/Capstone/HandstandPushups/v_HandStandPushups_g01_c04.avi,1,,106,0.0,1.0,0.3231303095817566,-0.3956039845943451,-0.22450053691864014,0.13420072197914124,0.011735212057828903,0.15149903297424316,0.14178496599197388,0.16165491938591003,82.64578247070312,96.1810302734375,178.82681274414062,149.73483276367188,178.21530151367188
handstand_push_up,/Users/josephkamil/Desktop/Capstone/HandstandPushups/v_HandStandPushups_g02_c01.avi,1,,1,0.0,1.0,0.09360146522521973,0.057309091091156006,0.03375357389450073,0.01444166898727417,0.03601771593093872,0.0,0.0,0.0,0.0,175.36065673828125,175.36065673828125,175.36065673828125,20.189205169677734
handstand_push_up,/Users/josephkamil/Desktop/Capstone/HandstandPushups/v_HandStandPushups_g02_c02.avi,1,,21,0.0,1.0,0.13574926555156708,-0.04660811647772789,0.007188401184976101,0.09133994579315186,0.013728808611631393,0.015955090522766113,0.16137272119522095,0.12385764718055725,130.53903198242188,34.257415771484375,164.79644775390625,126.68263244628906,165.25558471679688
handstand_push_up,/Users/josephkamil/Desktop/Capstone/HandstandPushups/v_HandStandPushups_g02_c03.avi,1,,74,0.12162162162162163,0.8783783783783784,0.13442039489746094,-0.2265888899564743,-0.11599567532539368,0.07443481683731079,0.010493896901607513,0.14760345220565796,0.2659946084022522,0.2782083749771118,176.7365264892578,1.4454398155212402,178.1819610595703,119.74501037597656,174.8429718017578
handstand_push_up,/Users/josephkamil/Desktop/Capstone/HandstandPushups/v_HandStandPushups_g02_c04.avi,1,,24,0.0,1.0,0.20816220343112946,-0.01954471878707409,0.07825113087892532,0.08038188517093658,0.006549368146806955,0.019332289695739746,0.17362284660339355,0.12076455354690552,81.16427612304688,96.11515808105469,177.27943420410156,158.59706115722656,131.43626403808594
handstand_push_up,/Users/josephkamil/Desktop/Capstone/HandstandPushups/v_HandStandPushups_g03_c01.avi,1,,125,0.0,1.0,0.1080203577876091,-0.1719786673784256,-0.10614018142223358,0.06170296669006348,0.0032021808438003063,0.0072577595710754395,0.059180259704589844,0.0855560302734375,46.87701416015625,132.05740356445312,178.93441772460938,161.43234252929688,179.10458374023438
handstand_push_up,/Users/josephkamil/Desktop/Capstone/HandstandPushups/v_HandStandPushups_g03_c02.avi,1,,115,0.0,1.0,0.11144740134477615,-0.1743963211774826,-0.10598834604024887,0.062468528747558594,0.0019501022761687636,0.008338451385498047,0.06342822313308716,0.09100121259689331,51.62016296386719,127.34039306640625,178.96055603027344,159.81756591796875,179.37661743164062
handstand_push_up,/Users/josephkamil/Desktop/Capstone/HandstandPushups/v_HandStandPushups_g03_c03.avi,1,,123,0.0,1.0,0.10868242383003235,-0.17365628480911255,-0.10394605994224548,0.062011659145355225,0.0018724057590588927,0.007412374019622803,0.06111800670623779,0.08898040652275085,52.29613494873047,126.66136932373047,178.95750427246094,157.38427734375,179.36849975585938
handstand_push_up,/Users/josephkamil/Desktop/Capstone/HandstandPushups/v_HandStandPushups_g03_c04.avi,1,,175,0.0,1.0,0.11184997856616974,-0.17327305674552917,-0.09961262345314026,0.06278741359710693,0.0013932102592661977,0.006595015525817871,0.06512892246246338,0.09509122371673584,59.08002471923828,118.9131851196289,177.9932098388672,158.38381958007812,178.91476440429688
handstand_push_up,/Users/josephkamil/Desktop/Capstone/HandstandPushups/v_HandStandPushups_g04_c01.avi,1,,115,0.0,1.0,0.11774288862943649,-0.199191153049469,-0.14655140042304993,0.06941056251525879,0.0025597766507416964,0.33301329612731934,0.3008338212966919,0.2182336449623108,63.98768615722656,103.26844787597656,167.25613403320312,128.03659057617188,179.22445678710938
handstand_push_up,/Users/josephkamil/Desktop/Capstone/HandstandPushups/v_HandStandPushups_g04_c02.avi,1,,108,0.0,1.0,0.14004364609718323,-0.23658987879753113,-0.17548209428787231,0.08185619115829468,0.003328528953716159,0.08486664295196533,0.0752667784690857,0.07413631677627563,63.55975341796875,102.8525390625,166.41229248046875,128.96022033691406,179.02154541015625
handstand_push_up,/Users/josephkamil/Desktop/Capstone/HandstandPushups/v_HandStandPushups_g04_c03.avi,1,,160,0.0,1.0,0.138628751039505,-0.23700694739818573,-0.17591777443885803,0.07664093375205994,0.0030974906403571367,0.19541579484939575,0.23741614818572998,0.2692292332649231,64.65108489990234,100.5044174194336,165.15550231933594,126.68448638916016,178.92628479003906
handstand_push_up,/Users/josephkamil/Desktop/Capstone/HandstandPushups/v_HandStandPushups_g04_c04.avi,1,,222,0.0,1.0,0.18603812158107758,-0.29315638542175293,-0.22370858490467072,0.08078286051750183,0.009945942088961601,0.16881656646728516,0.13871151208877563,0.158196359872818,119.19223022460938,39.67147445678711,158.86370849609375,134.0226287841797,177.54135131835938
handstand_push_up,/Users/josephkamil/Desktop/Capstone/HandstandPushups/v_HandStandPushups_g05_c01.avi,1,,108,0.0,1.0,0.16874419152736664,-0.22170208394527435,-0.16257084906101227,0.08806926012039185,0.008168147876858711,0.015876710414886475,0.061320602893829346,0.07798153162002563,64.05207824707031,105.24697875976562,169.29905700683594,133.82742309570312,178.47073364257812
handstand_push_up,/Users/josephkamil/Desktop/Capstone/HandstandPushups/v_HandStandPushups_g05_c02.avi,1,,111,0.0,1.0,0.165463387966156,-0.22000664472579956,-0.16169078648090363,0.09290933609008789,0.008375979959964752,0.022610604763031006,0.06576251983642578,0.08063745498657227,70.79024505615234,107.63574981689453,178.42599487304688,132.4090118408203,178.48876953125
handstand_push_up,/Users/josephkamil/Desktop/Capstone/HandstandPushups/v_HandStandPushups_g05_c03.avi,1,,80,0.0,1.0,0.17212697863578796,-0.2213246077299118,-0.1583191156387329,0.0942055881023407,0.00795791856944561,0.028786122798919678,0.07624822854995728,0.0805700421333313,67.6619873046875,101.5946044921875,169.256591796875,139.48489379882812,178.8771514892578
handstand_push_up,/Users/josephkamil/Desktop/Capstone/HandstandPushups/v_HandStandPushups_g05_c04.avi,1,,160,0.0,1.0,0.16766591370105743,-0.22033622860908508,-0.15809932351112366,0.0910494327545166,0.006136005278676748,0.024470210075378418,0.06689667701721191,0.07836145162582397,62.150550842285156,110.06461334228516,172.2151641845703,136.25405883789062,179.1648712158203
handstand_push_up,/Users/josephkamil/Desktop/Capstone/HandstandPushups/v_HandStandPushups_g06_c01.avi,1,,88,0.0,1.0,0.24870239198207855,-0.34892401099205017,-0.2018371969461441,0.13753923773765564,0.004691682290285826,0.010889291763305664,0.14657407999038696,0.17665624618530273,83.25468444824219,86.83380126953125,170.08848571777344,120.54257202148438,178.9980010986328
handstand_push_up,/Users/josephkamil/Desktop/Capstone/HandstandPushups/v_HandStandPushups_g06_c02.avi,1,,122,0.0,1.0,0.26996228098869324,-0.3608568012714386,-0.18027688562870026,0.1367340385913849,0.004488068632781506,0.017988920211791992,0.1526625156402588,0.18293142318725586,91.9697494506836,84.2189712524414,176.188720703125,133.88795471191406,179.02410888671875
handstand_push_up,/Users/josephkamil/Desktop/Capstone/HandstandPushups/v_HandStandPushups_g06_c03.avi,1,,89,0.0,1.0,0.280449777841568,-0.36367809772491455,-0.17127417027950287,0.13429856300354004,0.006715069990605116,0.017257630825042725,0.15443181991577148,0.17954297363758087,92.72319793701172,80.54631805419922,173.26951599121094,141.81829833984375,179.31161499023438
handstand_push_up,/Users/josephkamil/Desktop/Capstone/HandstandPushups/v_HandStandPushups_g06_c04.avi,1,,70,0.0,1.0,0.2531454265117645,-0.3519851565361023,-0.1846199780702591,0.13914340734481812,0.00985320471227169,0.029550552368164062,0.15380734205245972,0.17647740244865417,89.14534759521484,87.13452911376953,176.27987670898438,130.30953979492188,178.57064819335938
handstand_push_up,/Users/josephkamil/Desktop/Capstone/HandstandPushups/v_HandStandPushups_g07_c01.avi,1,,90,0.011111111111111112,0.9888888888888889,0.16223575174808502,-0.21893294155597687,-0.21169351041316986,0.06828969717025757,0.13139308989048004,0.1884857416152954,0.16636383533477783,0.19034713506698608,61.67646026611328,117.09456634521484,178.77102661132812,158.68753051757812,154.01702880859375
handstand_push_up,/Users/josephkamil/Desktop/Capstone/HandstandPushups/v_HandStandPushups_g07_c02.avi,1,,137,0.0,1.0,0.15698257088661194,-0.2146456092596054,-0.18815448880195618,0.08019667863845825,0.10995414108037949,0.10372209548950195,0.18089711666107178,0.2227649986743927,54.55664825439453,108.36600494384766,162.9226531982422,142.37620544433594,154.4962921142578
handstand_push_up,/Users/josephkamil/Desktop/Capstone/HandstandPushups/v_HandStandPushups_g07_c03.avi,1,,153,0.0,1.0,0.16306427121162415,-0.21084468066692352,-0.1905849426984787,0.07594949007034302,0.10308606922626495,0.10829281806945801,0.16524046659469604,0.21488797664642334,51.136314392089844,110.9755630493164,162.11187744140625,139.68858337402344,153.5135955810547
handstand_push_up,/Users/josephkamil/Desktop/Capstone/HandstandPushups/v_HandStandPushups_g07_c04.avi,1,,172,0.0,1.0,0.2300071269273758,-0.32058030366897583,-0.26756012439727783,0.1207040548324585,0.2681652009487152,0.2823258638381958,0.4160950183868408,0.5710335373878479,60.33007049560547,119.1205825805664,179.45065307617188,147.71701049804688,140.94644165039062
handstand_push_up,/Users/josephkamil/Desktop/Capstone/HandstandPushups/v_HandStandPushups_g08_c01.avi,1,,96,0.0,1.0,0.08018020540475845,-0.1291845589876175,-0.09067637473344803,0.036175936460494995,0.005201051943004131,0.060799598693847656,0.06911599636077881,0.0867103636264801,129.8034210205078,46.381011962890625,176.18443298339844,142.17185974121094,178.91552734375
handstand_push_up,/Users/josephkamil/Desktop/Capstone/HandstandPushups/v_HandStandPushups_g08_c02.avi,1,,86,0.0,1.0,0.08031876385211945,-0.12595438957214355,-0.09152886271476746,0.035774290561676025,0.005293330177664757,0.0426749587059021,0.06020164489746094,0.0688861608505249,115.77439880371094,60.63779830932617,176.41220092773438,139.90512084960938,178.64431762695312
handstand_push_up,/Users/josephkamil/Desktop/Capstone/HandstandPushups/v_HandStandPushups_g08_c03.avi,1,,101,0.039603960396039604,0.9603960396039604,0.06868346780538559,-0.11539417505264282,-0.08188538253307343,0.037589311599731445,0.006721673533320427,0.40362846851348877,0.2769712209701538,0.06485560536384583,165.95204162597656,11.808358192443848,177.76040649414062,137.3478546142578,170.36399841308594
handstand_push_up,/Users/josephkamil/Desktop/Capstone/HandstandPushups/v_HandStandPushups_g08_c04.avi,1,,103,0.019417475728155338,0.9805825242718447,0.08643459528684616,-0.11725672334432602,-0.08593223243951797,0.039452195167541504,0.005501211155205965,0.40515023469924927,0.2895590364933014,0.05946540832519531,78.54354858398438,100.03811645507812,178.5816650390625,143.69259643554688,175.71302795410156
handstand_push_up,/Users/josephkamil/Desktop/Capstone/HandstandPushups/v_HandStandPushups_g08_c05.avi,1,,71,0.0,1.0,0.09230636805295944,-0.12592223286628723,-0.08939366042613983,0.03696411848068237,0.005232817959040403,0.02270275354385376,0.06723225116729736,0.07302209734916687,94.99375915527344,82.94926452636719,177.94302368164062,152.7772674560547,178.46444702148438
handstand_push_up,/Users/josephkamil/Desktop/Capstone/HandstandPushups/v_HandStandPushups_g09_c01.avi,1,,90,0.0,1.0,0.2673119306564331,-0.4434702694416046,-0.2629398703575134,0.14168038964271545,0.008849301375448704,0.049035072326660156,0.1370450258255005,0.22650031745433807,92.0980453491211,85.57318878173828,177.67123413085938,151.1162109375,178.75933837890625
handstand_push_up,/Users/josephkamil/Desktop/Capstone/HandstandPushups/v_HandStandPushups_g09_c02.avi,1,,90,0.0,1.0,0.2546680271625519,-0.4401323199272156,-0.2539271116256714,0.14085188508033752,0.014281924813985825,0.0280911922454834,0.13298797607421875,0.15202412009239197,61.25640869140625,115.68165588378906,176.9380645751953,151.49142456054688,178.64669799804688
handstand_push_up,/Users/josephkamil/Desktop/Capstone/HandstandPushups/v_HandStandPushups_g09_c03.avi,1,,105,0.0,1.0,0.25508883595466614,-0.43316954374313354,-0.24667510390281677,0.13707458972930908,0.011158868670463562,0.026339828968048096,0.1333596110343933,0.15496428310871124,58.413307189941406,121.03775787353516,179.45106506347656,155.53176879882812,179.44090270996094
handstand_push_up,/Users/josephkamil/Desktop/Capstone/HandstandPushups/v_HandStandPushups_g09_c04.avi,1,,75,0.0,1.0,0.2508297860622406,-0.4319315552711487,-0.2497856616973877,0.14191949367523193,0.012531298212707043,0.01568758487701416,0.11294317245483398,0.13225986063480377,48.491180419921875,131.00804138183594,179.4992218017578,159.65284729003906,179.27987670898438
handstand_push_up,/Users/josephkamil/Desktop/Capstone/HandstandPushups/v_HandStandPushups_g10_c01.avi,1,,81,0.0,1.0,0.16635273396968842,-0.2390807867050171,-0.16260379552841187,0.07818740606307983,0.012119445949792862,0.005268573760986328,0.11703884601593018,0.13496580719947815,89.52430725097656,88.70368957519531,178.22799682617188,137.74050903320312,178.95956420898438
handstand_push_up,/Users/josephkamil/Desktop/Capstone/HandstandPushups/v_HandStandPushups_g10_c02.avi,1,,70,0.0,1.0,0.1673218458890915,-0.24225656688213348,-0.16203179955482483,0.07091781497001648,0.006621418986469507,0.008233785629272461,0.09482389688491821,0.11556047201156616,75.22228240966797,96.99903106689453,172.2213134765625,142.98350524902344,179.3930206298828
handstand_push_up,/Users/josephkamil/Desktop/Capstone/HandstandPushups/v_HandStandPushups_g10_c03.avi,1,,75,0.0,1.0,0.1492680162191391,-0.2364022135734558,-0.1610492616891861,0.08096563816070557,0.011810284107923508,0.005167782306671143,0.08733898401260376,0.10477006435394287,75.86366271972656,103.16690063476562,179.0305633544922,132.9895477294922,179.51895141601562
handstand_push_up,/Users/josephkamil/Desktop/Capstone/HandstandPushups/v_HandStandPushups_g10_c04.avi,1,,130,0.0,1.0,0.15265320241451263,-0.23191367089748383,-0.15620630979537964,0.08174905180931091,0.011782754212617874,0.007959127426147461,0.08063346147537231,0.10409274697303772,73.75875854492188,105.09829711914062,178.8570556640625,136.10000610351562,178.8710174560547
handstand_push_up,/Users/josephkamil/Desktop/Capstone/HandstandPushups/v_HandStandPushups_g11_c01.avi,1,,145,0.0,1.0,0.21460652351379395,-0.27693891525268555,-0.17377127707004547,0.06343889236450195,0.002378802979364991,0.05527174472808838,0.15405476093292236,0.1461319923400879,77.45612335205078,100.3925552368164,177.8486785888672,144.66412353515625,178.46038818359375
handstand_push_up,/Users/josephkamil/Desktop/Capstone/HandstandPushups/v_HandStandPushups_g11_c02.avi,1,,151,0.0,1.0,0.20935893058776855,-0.2810618281364441,-0.18155144155025482,0.0669863224029541,0.001615284476429224,0.06858634948730469,0.14600729942321777,0.14209973812103271,75.46871948242188,101.77424621582031,177.2429656982422,142.4573211669922,178.8771209716797
handstand_push_up,/Users/josephkamil/Desktop/Capstone/HandstandPushups/v_HandStandPushups_g11_c03.avi,1,,185,0.0,1.0,0.2173675149679184,-0.2800918221473694,-0.18445806205272675,0.06761109828948975,0.0029626672621816397,0.057465970516204834,0.14448773860931396,0.14010176062583923,71.2886962890625,106.14442443847656,177.43312072753906,147.3892059326172,178.93057250976562
handstand_push_up,/Users/josephkamil/Desktop/Capstone/HandstandPushups/v_HandStandPushups_g11_c04.avi,1,,130,0.0,1.0,0.20678089559078217,-0.2667390704154968,-0.1745212972164154,0.06637975573539734,0.016018720343708992,0.0508953332901001,0.13616323471069336,0.13724547624588013,61.17774963378906,116.78451538085938,177.96226501464844,149.0182342529297,179.1673126220703
handstand_push_up,/Users/josephkamil/Desktop/Capstone/HandstandPushups/v_HandStandPushups_g11_c05.avi,1,,109,0.0,1.0,0.20870496332645416,-0.271287739276886,-0.17391477525234222,0.06786179542541504,0.0184821505099535,0.04477816820144653,0.14444464445114136,0.14821121096611023,70.7664566040039,106.6746597290039,177.4411163330078,150.4482879638672,179.16793823242188
handstand_push_up,/Users/josephkamil/Desktop/Capstone/HandstandPushups/v_HandStandPushups_g11_c06.avi,1,,98,0.0,1.0,0.21847787499427795,-0.26964250206947327,-0.1777062863111496,0.06959652900695801,0.018146418035030365,0.03474849462509155,0.13926208019256592,0.14088737964630127,64.9214859008789,114.41962432861328,179.3411102294922,155.02940368652344,179.27159118652344
handstand_push_up,/Users/josephkamil/Desktop/Capstone/HandstandPushups/v_HandStandPushups_g12_c01.avi,1,,105,0.0,1.0,0.1432771533727646,-0.19362488389015198,-0.13744129240512848,0.06069767475128174,0.00401384849101305,0.008324980735778809,0.10754919052124023,0.09137395024299622,104.79460144042969,72.85923767089844,177.65383911132812,135.42971801757812,178.90492248535156
handstand_push_up,/Users/josephkamil/Desktop/Capstone/HandstandPushups/v_HandStandPushups_g12_c02.avi,1,,85,0.0,1.0,0.13203981518745422,-0.203181654214859,-0.13780461251735687,0.056258976459503174,0.004895199090242386,0.007717490196228027,0.10854661464691162,0.09058290719985962,104.2398452758789,71.2547378540039,175.4945831298828,124.12904357910156,179.2718505859375
handstand_push_up,/Users/josephkamil/Desktop/Capstone/HandstandPushups/v_HandStandPushups_g12_c03.avi,1,,72,0.0,1.0,0.12729665637016296,-0.20625704526901245,-0.1430869847536087,0.057250767946243286,0.0033892265055328608,0.009742021560668945,0.11244046688079834,0.08706867694854736,107.61882019042969,68.28677368164062,175.9055938720703,119.70008850097656,179.01937866210938
handstand_push_up,/Users/josephkamil/Desktop/Capstone/HandstandPushups/v_HandStandPushups_g12_c04.avi,1,,126,0.0,1.0,0.13027136027812958,-0.2126465141773224,-0.14369812607765198,0.055797576904296875,0.004361017141491175,0.011774659156799316,0.11700743436813354,0.09468311071395874,104.9937744140625,71.61933898925781,176.6131134033203,122.83736419677734,179.40524291992188
handstand_push_up,/Users/josephkamil/Desktop/Capstone/HandstandPushups/v_HandStandPushups_g12_c05.avi,1,,108,0.0,1.0,0.1269315481185913,-0.2092391401529312,-0.14628201723098755,0.056335657835006714,0.004202742595225573,0.008353829383850098,0.12230175733566284,0.11789977550506592,110.32474517822266,66.7479019165039,177.07264709472656,121.53707122802734,179.4593048095703
handstand_push_up,/Users/josephkamil/Desktop/Capstone/HandstandPushups/v_HandStandPushups_g12_c06.avi,1,,101,0.0,1.0,0.1342724859714508,-0.2131710797548294,-0.14076358079910278,0.057270586490631104,0.002982239006087184,0.007700920104980469,0.1099427342414856,0.11233943700790405,104.074462890625,72.01048278808594,176.08494567871094,124.5785903930664,179.04566955566406
handstand_push_up,/Users/josephkamil/Desktop/Capstone/HandstandPushups/v_HandStandPushups_g12_c07.avi,1,,250,0.0,1.0,0.13565605878829956,-0.21730701625347137,-0.14212433993816376,0.055654942989349365,0.0034057307057082653,0.013252615928649902,0.1088402271270752,0.10541433095932007,101.37239837646484,73.2917709350586,174.66416931152344,128.23611450195312,179.22427368164062
handstand_push_up,/Users/josephkamil/Desktop/Capstone/HandstandPushups/v_HandStandPushups_g13_c01.avi,1,,122,0.0,1.0,0.18859827518463135,-0.36854687333106995,-0.2308247983455658,0.11880266666412354,0.006646614987403154,0.22130179405212402,0.23513472080230713,0.28030920028686523,102.44236755371094,60.51041030883789,162.95277404785156,116.40834045410156,176.85165405273438
handstand_push_up,/Users/josephkamil/Desktop/Capstone/HandstandPushups/v_HandStandPushups_g13_c02.avi,1,,85,0.0,1.0,0.1792980432510376,-0.3647497594356537,-0.22363460063934326,0.12466901540756226,0.005121034104377031,0.10172480344772339,0.2233235239982605,0.27293333411216736,94.25682067871094,65.60302734375,159.85984802246094,111.4664077758789,177.32875061035156
handstand_push_up,/Users/josephkamil/Desktop/Capstone/HandstandPushups/v_HandStandPushups_g13_c03.avi,1,,113,0.0,1.0,0.1831003576517105,-0.36849597096443176,-0.19861480593681335,0.12548303604125977,0.005332432687282562,0.03323626518249512,0.16232234239578247,0.21042528748512268,95.71365356445312,69.56655883789062,165.28021240234375,114.35882568359375,177.57650756835938
handstand_push_up,/Users/josephkamil/Desktop/Capstone/HandstandPushups/v_HandStandPushups_g13_c04.avi,1,,90,0.0,1.0,0.18413183093070984,-0.3620843291282654,-0.21373769640922546,0.12770143151283264,0.004311661701649427,0.0378192663192749,0.1610407829284668,0.19400155544281006,93.15396118164062,73.64303588867188,166.7969970703125,115.54698181152344,177.0688934326172
handstand_push_up,/Users/josephkamil/Desktop/Capstone/HandstandPushups/v_HandStandPushups_g13_c05.avi,1,,115,0.0,1.0,0.1870303601026535,-0.36433687806129456,-0.21826831996440887,0.1299261450767517,0.00503500597551465,0.01880812644958496,0.12743985652923584,0.16196024417877197,80.63236236572266,81.85387420654297,162.48623657226562,119.55986022949219,176.73182678222656
handstand_push_up,/Users/josephkamil/Desktop/Capstone/HandstandPushups/v_HandStandPushups_g13_c06.avi,1,,95,0.0,1.0,0.1839984655380249,-0.3633911609649658,-0.21788816154003143,0.1300002932548523,0.005292749498039484,0.014647603034973145,0.13515335321426392,0.16338083148002625,86.30503845214844,78.96969604492188,165.2747344970703,119.3456802368164,176.99290466308594
handstand_push_up,/Users/josephkamil/Desktop/Capstone/HandstandPushups/v_HandStandPushups_g13_c07.avi,1,,151,0.0,1.0,0.18741701543331146,-0.3575913608074188,-0.21758368611335754,0.13060295581817627,0.004974905401468277,0.01578664779663086,0.13161641359329224,0.16108140349388123,88.83002471923828,75.5455093383789,164.3755340576172,121.91964721679688,176.47796630859375
handstand_push_up,/Users/josephkamil/Desktop/Capstone/HandstandPushups/v_HandStandPushups_g14_c01.avi,1,,105,0.0,1.0,0.16748473048210144,-0.34915199875831604,-0.13275966048240662,0.12239831686019897,0.01731247827410698,0.22694694995880127,0.37995877861976624,0.39822447299957275,110.56230163574219,46.8841667175293,157.44647216796875,103.46353912353516,178.3859405517578
handstand_push_up,/Users/josephkamil/Desktop/Capstone/HandstandPushups/v_HandStandPushups_g14_c02.avi,1,,106,0.0,1.0,0.17519992589950562,-0.3495970368385315,-0.14813204109668732,0.11803093552589417,0.01613808237016201,0.0631285309791565,0.23357301950454712,0.2464112937450409,106.70787048339844,52.64573669433594,159.35360717773438,106.15476989746094,179.03384399414062
handstand_push_up,/Users/josephkamil/Desktop/Capstone/HandstandPushups/v_HandStandPushups_g14_c03.avi,1,,119,0.0,1.0,0.17911748588085175,-0.32362499833106995,-0.14371325075626373,0.1044875979423523,0.01015476044267416,0.17314225435256958,0.3099440336227417,0.3238101005554199,119.19127655029297,48.667213439941406,167.85848999023438,110.02836608886719,177.6313934326172
handstand_push_up,/Users/josephkamil/Desktop/Capstone/HandstandPushups/v_HandStandPushups_g14_c04.avi,1,,9,0.2222222222222222,0.7777777777777778,0.038936834782361984,-0.19751259684562683,-0.056235089898109436,0.052976638078689575,0.022162701934576035,0.3203052282333374,0.16541340947151184,0.12679031491279602,124.78411865234375,28.479751586914062,153.2638702392578,83.45660400390625,174.91983032226562
handstand_push_up,/Users/josephkamil/Desktop/Capstone/HandstandPushups/v_HandStandPushups_g15_c01.avi,1,,111,0.0,1.0,0.16890832781791687,-0.2583707571029663,-0.17868997156620026,0.08714371919631958,0.0024539653677493334,0.008898019790649414,0.09342771768569946,0.10921713709831238,76.44343566894531,90.6845703125,167.1280059814453,124.48123931884766,179.10739135742188
handstand_push_up,/Users/josephkamil/Desktop/Capstone/HandstandPushups/v_HandStandPushups_g15_c02.avi,1,,104,0.0,1.0,0.1652013510465622,-0.2576788663864136,-0.17796839773654938,0.08803758025169373,0.0024783569388091564,0.011237263679504395,0.09690368175506592,0.11393779516220093,76.0136489868164,91.4482650756836,167.4619140625,121.29044342041016,178.82635498046875
handstand_push_up,/Users/josephkamil/Desktop/Capstone/HandstandPushups/v_HandStandPushups_g15_c03.avi,1,,106,0.0,1.0,0.16803517937660217,-0.25848817825317383,-0.17805664241313934,0.08620822429656982,0.002450572093948722,0.018607497215270996,0.08968830108642578,0.11718255281448364,79.47969818115234,95.13065338134766,174.6103515625,124.07634735107422,178.39454650878906
handstand_push_up,/Users/josephkamil/Desktop/Capstone/HandstandPushups/v_HandStandPushups_g15_c04.avi,1,,120,0.0,1.0,0.17017772793769836,-0.25836309790611267,-0.17773014307022095,0.08890485763549805,0.0018260638462379575,0.015348196029663086,0.0909491777420044,0.11287164688110352,80.05177307128906,93.27940368652344,173.3311767578125,124.717529296875,177.92361450195312
handstand_push_up,/Users/josephkamil/Desktop/Capstone/HandstandPushups/v_HandStandPushups_g15_c05.avi,1,,108,0.0,1.0,0.17599473893642426,-0.2581689655780792,-0.17543724179267883,0.0833325982093811,0.0022853731643408537,0.015523433685302734,0.09024941921234131,0.11433032155036926,78.61920928955078,97.1380386352539,175.7572479248047,129.92730712890625,177.74118041992188
handstand_push_up,/Users/josephkamil/Desktop/Capstone/HandstandPushups/v_HandStandPushups_g15_c06.avi,1,,97,0.0,1.0,0.1761302798986435,-0.25818508863449097,-0.18321049213409424,0.08555293083190918,0.0017890401650220156,0.010667502880096436,0.07764875888824463,0.09077006578445435,62.0347900390625,102.5380859375,164.5728759765625,131.60923767089844,177.36270141601562
handstand_push_up,/Users/josephkamil/Desktop/Capstone/HandstandPushups/v_HandStandPushups_g16_c01.avi,1,,121,0.0,1.0,0.10953416675329208,-0.15571589767932892,-0.11481885612010956,0.060729920864105225,0.018991947174072266,0.007097363471984863,0.04677850008010864,0.07574361562728882,45.151885986328125,98.29769897460938,143.4495849609375,120.19068145751953,167.6716766357422
handstand_push_up,/Users/josephkamil/Desktop/Capstone/HandstandPushups/v_HandStandPushups_g16_c02.avi,1,,125,0.0,1.0,0.11397992819547653,-0.15575352311134338,-0.11308589577674866,0.06516808271408081,0.013720078393816948,0.007585585117340088,0.04384636878967285,0.05994915962219238,51.379722595214844,99.08123016357422,150.46095275878906,122.44409942626953,169.23728942871094
handstand_push_up,/Users/josephkamil/Desktop/Capstone/HandstandPushups/v_HandStandPushups_g16_c03.avi,1,,125,0.0,1.0,0.11499663442373276,-0.15698711574077606,-0.11227481812238693,0.06516146659851074,0.012175368145108223,0.008133530616760254,0.04246556758880615,0.05930009484291077,54.63209533691406,95.53285217285156,150.16494750976562,123.49541473388672,169.90830993652344
handstand_push_up,/Users/josephkamil/Desktop/Capstone/HandstandPushups/v_HandStandPushups_g16_c04.avi,1,,125,0.0,1.0,0.10947736352682114,-0.1563303917646408,-0.11157830059528351,0.06071227788925171,0.01294739544391632,0.008774816989898682,0.037595391273498535,0.057279765605926514,52.38041687011719,93.87254333496094,146.25296020507812,118.72144317626953,169.94577026367188
handstand_push_up,/Users/josephkamil/Desktop/Capstone/HandstandPushups/v_HandStandPushups_g16_c05.avi,1,,101,0.0,1.0,0.10946711152791977,-0.15617188811302185,-0.11064398288726807,0.06016337871551514,0.011667993851006031,0.014843940734863281,0.03698378801345825,0.05544719099998474,51.66094970703125,92.31130981445312,143.97225952148438,118.59466552734375,170.70350646972656
handstand_push_up,/Users/josephkamil/Desktop/Capstone/HandstandPushups/v_HandStandPushups_g16_c06.avi,1,,151,0.0,1.0,0.10843423753976822,-0.1583276242017746,-0.11018990725278854,0.059190988540649414,0.008297009393572807,0.012081027030944824,0.03899282217025757,0.053982317447662354,52.694305419921875,93.89048767089844,146.5847930908203,120.537353515625,171.50738525390625
handstand_push_up,/Users/josephkamil/Desktop/Capstone/HandstandPushups/v_HandStandPushups_g16_c07.avi,1,,159,0.0,1.0,0.1055075079202652,-0.15478850901126862,-0.11047042906284332,0.060186803340911865,0.011718287132680416,0.007928729057312012,0.03622657060623169,0.054081112146377563,54.042205810546875,91.46665954589844,145.5088653564453,115.1605224609375,170.4032745361328
handstand_push_up,/Users/josephkamil/Desktop/Capstone/HandstandPushups/v_HandStandPushups_g17_c01.avi,1,,85,0.0,1.0,0.1504341959953308,-0.2297511100769043,-0.1903810203075409,0.0793769359588623,0.03614519536495209,0.03293722867965698,0.07128137350082397,0.07570907473564148,54.144920349121094,102.85997772216797,157.00489807128906,133.06475830078125,164.93341064453125
handstand_push_up,/Users/josephkamil/Desktop/Capstone/HandstandPushups/v_HandStandPushups_g17_c02.avi,1,,95,0.0,1.0,0.1544647514820099,-0.22404888272285461,-0.1843375414609909,0.08058184385299683,0.03669345751404762,0.029314398765563965,0.08602571487426758,0.09480103850364685,57.22306823730469,99.42835998535156,156.65142822265625,128.47508239746094,165.01144409179688
handstand_push_up,/Users/josephkamil/Desktop/Capstone/HandstandPushups/v_HandStandPushups_g17_c03.avi,1,,75,0.0,1.0,0.15665560960769653,-0.2205209583044052,-0.19065938889980316,0.08105593919754028,0.03626156970858574,0.04238486289978027,0.07812869548797607,0.08342987298965454,29.379661560058594,123.3714828491211,152.7511444091797,135.25457763671875,163.5525360107422
handstand_push_up,/Users/josephkamil/Desktop/Capstone/HandstandPushups/v_HandStandPushups_g17_c04.avi,1,,75,0.0,1.0,0.16249459981918335,-0.22626978158950806,-0.1893383115530014,0.07981961965560913,0.038382433354854584,0.03506124019622803,0.08152145147323608,0.12040510773658752,36.28575897216797,122.90412139892578,159.18988037109375,135.50802612304688,164.4657440185547
handstand_push_up,/Users/josephkamil/Desktop/Capstone/HandstandPushups/v_HandStandPushups_g17_c05.avi,1,,90,0.0,1.0,0.15945006906986237,-0.2269345223903656,-0.1845971792936325,0.08375483751296997,0.032530467957258224,0.03044217824935913,0.09825122356414795,0.12967365980148315,41.43544006347656,114.11277770996094,155.5482177734375,134.3249969482422,164.82757568359375
handstand_push_up,/Users/josephkamil/Desktop/Capstone/HandstandPushups/v_HandStandPushups_g18_c01.avi,1,,100,0.0,1.0,0.16917277872562408,-0.26784682273864746,-0.17343249917030334,0.08100175857543945,0.0029246527701616287,0.04161274433135986,0.0922585129737854,0.11932322382926941,85.24198913574219,94.00262451171875,179.24461364746094,152.07476806640625,178.19847106933594
handstand_push_up,/Users/josephkamil/Desktop/Capstone/HandstandPushups/v_HandStandPushups_g18_c02.avi,1,,125,0.0,1.0,0.16840551793575287,-0.2681073844432831,-0.17425210773944855,0.08139640092849731,0.004042092245072126,0.07019102573394775,0.1067243218421936,0.13232219219207764,74.53242492675781,104.6138916015625,179.1463165283203,152.23681640625,178.26695251464844
handstand_push_up,/Users/josephkamil/Desktop/Capstone/HandstandPushups/v_HandStandPushups_g18_c03.avi,1,,93,0.0,1.0,0.16969627141952515,-0.268849641084671,-0.17454518377780914,0.08221954107284546,0.005732352379709482,0.038162410259246826,0.0935279130935669,0.11713457107543945,71.06584167480469,108.10873413085938,179.17457580566406,154.0536346435547,178.18560791015625
handstand_push_up,/Users/josephkamil/Desktop/Capstone/HandstandPushups/v_HandStandPushups_g18_c04.avi,1,,89,0.0,1.0,0.16431695222854614,-0.26863428950309753,-0.17505332827568054,0.08255362510681152,0.004917849320918322,0.028919577598571777,0.09143674373626709,0.1110846996307373,67.32000732421875,111.852783203125,179.17279052734375,153.95533752441406,178.11221313476562
handstand_push_up,/Users/josephkamil/Desktop/Capstone/HandstandPushups/v_HandStandPushups_g18_c05.avi,1,,97,0.0,1.0,0.16872549057006836,-0.26636794209480286,-0.1753668487071991,0.08507227897644043,0.005811166949570179,0.01618480682373047,0.07983195781707764,0.1009131669998169,58.88770294189453,120.26399993896484,179.15170288085938,156.53915405273438,178.2763214111328
handstand_push_up,/Users/josephkamil/Desktop/Capstone/HandstandPushups/v_HandStandPushups_g18_c06.avi,1,,101,0.0,1.0,0.17037253081798553,-0.26672402024269104,-0.17636847496032715,0.08414554595947266,0.005010480526834726,0.02614462375640869,0.08375751972198486,0.10576057434082031,51.843658447265625,127.30989074707031,179.15354919433594,159.7501983642578,178.70950317382812
handstand_push_up,/Users/josephkamil/Desktop/Capstone/HandstandPushups/v_HandStandPushups_g18_c07.avi,1,,68,0.0,1.0,0.17079325020313263,-0.2645806670188904,-0.1807735413312912,0.08154019713401794,0.006775288842618465,0.014348864555358887,0.07496845722198486,0.0778118371963501,58.81194305419922,120.02115631103516,178.83309936523438,157.32630920410156,179.1498260498047
handstand_push_up,/Users/josephkamil/Desktop/Capstone/HandstandPushups/v_HandStandPushups_g19_c01.avi,1,,134,0.0,1.0,0.22464799880981445,-0.3086166977882385,-0.0753142461180687,0.10803897678852081,0.02784663438796997,0.0336269736289978,0.15465086698532104,0.1963689625263214,65.51280212402344,107.55523681640625,173.0680389404297,150.76483154296875,164.52125549316406
handstand_push_up,/Users/josephkamil/Desktop/Capstone/HandstandPushups/v_HandStandPushups_g19_c02.avi,1,,135,0.0,1.0,0.20705002546310425,-0.21431057155132294,0.08775562793016434,0.08440077304840088,0.03619067743420601,0.039777278900146484,0.1602063775062561,0.2610679864883423,61.984840393066406,110.58585357666016,172.57069396972656,150.98963928222656,154.00888061523438
handstand_push_up,/Users/josephkamil/Desktop/Capstone/HandstandPushups/v_HandStandPushups_g19_c03.avi,1,,82,0.0,1.0,0.20058755576610565,-0.21921394765377045,0.10189143568277359,0.08979661762714386,0.02755509316921234,0.03750920295715332,0.13994508981704712,0.23074126243591309,72.89214324951172,97.72489166259766,170.61703491210938,148.3487548828125,154.7917022705078
handstand_push_up,/Users/josephkamil/Desktop/Capstone/HandstandPushups/v_HandStandPushups_g19_c04.avi,1,,105,0.0,1.0,0.21927888691425323,-0.28990644216537476,-0.024995893239974976,0.10184895992279053,0.020058244466781616,0.03769791126251221,0.15604791045188904,0.14071615040302277,87.83846282958984,82.40904998779297,170.2475128173828,147.0460662841797,162.53897094726562
handstand_push_up,/Users/josephkamil/Desktop/Capstone/HandstandPushups/v_HandStandPushups_g20_c01.avi,1,,110,0.0,1.0,0.2218901365995407,-0.4373628795146942,-0.13321730494499207,0.1593826413154602,0.00551381753757596,0.32190877199172974,0.3574504852294922,0.40945830941200256,98.12427520751953,69.40300750732422,167.52728271484375,121.08918762207031,178.4885711669922
handstand_push_up,/Users/josephkamil/Desktop/Capstone/HandstandPushups/v_HandStandPushups_g20_c02.avi,1,,134,0.0,1.0,0.22184967994689941,-0.4259187579154968,-0.15131588280200958,0.15514367818832397,0.0044734240509569645,0.03898882865905762,0.15881240367889404,0.20647555589675903,94.47952270507812,73.49205017089844,167.97157287597656,119.55902862548828,179.6033935546875
handstand_push_up,/Users/josephkamil/Desktop/Capstone/HandstandPushups/v_HandStandPushups_g20_c03.avi,1,,122,0.0,1.0,0.22330041229724884,-0.41992878913879395,-0.1491648107767105,0.15732333064079285,0.004869519732892513,0.025314927101135254,0.1705113649368286,0.21816813945770264,93.80363464355469,72.20941162109375,166.01304626464844,120.11947631835938,179.59085083007812
handstand_push_up,/Users/josephkamil/Desktop/Capstone/HandstandPushups/v_HandStandPushups_g20_c04.avi,1,,120,0.0,1.0,0.22437986731529236,-0.41661491990089417,-0.16379760205745697,0.1549079716205597,0.005281257443130016,0.025132417678833008,0.14354079961776733,0.1853065937757492,84.20269012451172,79.5915298461914,163.79421997070312,121.06491088867188,179.3599395751953
handstand_push_up,/Users/josephkamil/Desktop/Capstone/HandstandPushups/v_HandStandPushups_g20_c05.avi,1,,125,0.0,1.0,0.23400349915027618,-0.4168212413787842,-0.15001346170902252,0.15047574043273926,0.005775418132543564,0.019423723220825195,0.1326296329498291,0.17869757115840912,78.12107849121094,87.17791748046875,165.2989959716797,127.77315521240234,179.42823791503906
handstand_push_up,/Users/josephkamil/Desktop/Capstone/HandstandPushups/v_HandStandPushups_g20_c06.avi,1,,78,0.0,1.0,0.23484650254249573,-0.4116966128349304,-0.15113089978694916,0.14973390102386475,0.006097090430557728,0.026159703731536865,0.12967658042907715,0.17116692662239075,72.08341979980469,92.30036926269531,164.3837890625,128.8649444580078,179.29684448242188
handstand_push_up,/Users/josephkamil/Desktop/Capstone/HandstandPushups/v_HandStandPushups_g20_c07.avi,1,,115,0.0,1.0,0.21067361533641815,-0.404819518327713,-0.16923494637012482,0.1533869504928589,0.008418823592364788,0.025342941284179688,0.1802138090133667,0.21962405741214752,94.91446685791016,70.67029571533203,165.5847625732422,118.00064849853516,179.0271759033203
handstand_push_up,/Users/josephkamil/Desktop/Capstone/HandstandPushups/v_HandStandPushups_g21_c01.avi,1,,83,0.012048192771084338,0.9879518072289156,0.20055949687957764,-0.4361919164657593,-0.29181668162345886,0.1337568759918213,0.04768986627459526,0.19685232639312744,0.21240955591201782,0.24194717407226562,62.31037139892578,117.18892669677734,179.49929809570312,151.4556121826172,178.39306640625
handstand_push_up,/Users/josephkamil/Desktop/Capstone/HandstandPushups/v_HandStandPushups_g21_c02.avi,1,,86,0.011627906976744186,0.9883720930232558,0.1806960105895996,-0.4251844584941864,-0.3051725924015045,0.13101786375045776,0.04893751069903374,0.17417538166046143,0.19273161888122559,0.20836472511291504,74.99270629882812,103.21177673339844,178.20448303222656,143.4192352294922,178.29737854003906
handstand_push_up,/Users/josephkamil/Desktop/Capstone/HandstandPushups/v_HandStandPushups_g21_c03.avi,1,,121,0.0,1.0,0.20801880955696106,-0.4279334247112274,-0.30552950501441956,0.13105756044387817,0.04053438454866409,0.16792380809783936,0.21526479721069336,0.23848244547843933,61.178062438964844,106.41524505615234,167.5933074951172,142.04104614257812,178.58868408203125
handstand_push_up,/Users/josephkamil/Desktop/Capstone/HandstandPushups/v_HandStandPushups_g21_c04.avi,1,,155,0.0,1.0,0.18119676411151886,-0.42889177799224854,-0.29906198382377625,0.1346873641014099,0.04385407269001007,0.19629335403442383,0.2030109167098999,0.21451061964035034,67.77449798583984,111.57868194580078,179.35317993164062,147.64895629882812,179.22775268554688
handstand_push_up,/Users/josephkamil/Desktop/Capstone/HandstandPushups/v_HandStandPushups_g21_c05.avi,1,,101,0.0,1.0,0.19013278186321259,-0.4239867329597473,-0.30753272771835327,0.13586139678955078,0.04304942488670349,0.1823177933692932,0.19572287797927856,0.2230498492717743,58.88232421875,111.80093383789062,170.68325805664062,144.9533233642578,179.0674285888672
handstand_push_up,/Users/josephkamil/Desktop/Capstone/HandstandPushups/v_HandStandPushups_g21_c06.avi,1,,101,0.0,1.0,0.25092175602912903,-0.42982274293899536,-0.30761292576789856,0.12361079454421997,0.03530717268586159,0.17423009872436523,0.18529033660888672,0.1993219256401062,58.822715759277344,110.04613494873047,168.8688507080078,138.5642852783203,178.980712890625
handstand_push_up,/Users/josephkamil/Desktop/Capstone/HandstandPushups/v_HandStandPushups_g22_c01.avi,1,,129,0.0,1.0,0.1069999411702156,-0.32668453454971313,-0.0653032511472702,0.12362653017044067,0.03287695348262787,0.04502761363983154,0.2154432237148285,0.20496928691864014,107.8282241821289,41.51569366455078,149.3439178466797,81.81219482421875,174.20083618164062
handstand_push_up,/Users/josephkamil/Desktop/Capstone/HandstandPushups/v_HandStandPushups_g22_c02.avi,1,,111,0.0,1.0,0.13746483623981476,-0.303438663482666,-0.08739712834358215,0.11883682012557983,0.028726568445563316,0.01584392786026001,0.22151073813438416,0.20299816131591797,110.040283203125,41.42068862915039,151.46096801757812,97.2569580078125,175.62144470214844
handstand_push_up,/Users/josephkamil/Desktop/Capstone/HandstandPushups/v_HandStandPushups_g22_c03.avi,1,,115,0.0,1.0,0.11388354748487473,-0.31004950404167175,-0.105611652135849,0.11855894327163696,0.027374152094125748,0.01694279909133911,0.21312591433525085,0.2085493505001068,105.37207794189453,39.004173278808594,144.37625122070312,84.87725067138672,174.85086059570312
handstand_push_up,/Users/josephkamil/Desktop/Capstone/HandstandPushups/v_HandStandPushups_g22_c04.avi,1,,91,0.054945054945054944,0.945054945054945,0.12747780978679657,-0.3071204721927643,-0.0987449511885643,0.11883419752120972,0.029241405427455902,0.019292712211608887,0.2609472870826721,0.23414239287376404,122.2979507446289,31.93990135192871,154.23785400390625,90.4268569946289,174.4931640625
handstand_push_up,/Users/josephkamil/Desktop/Capstone/HandstandPushups/v_HandStandPushups_g22_c05.avi,1,,50,0.0,1.0,0.13791708648204803,-0.2885079085826874,-0.07422734051942825,0.1203090250492096,0.02734634466469288,0.012908875942230225,0.2604137361049652,0.2060668170452118,116.96227264404297,42.48365020751953,159.4459228515625,95.7368392944336,174.5419158935547
handstand_push_up,/Users/josephkamil/Desktop/Capstone/HandstandPushups/v_HandStandPushups_g23_c01.avi,1,,180,0.0,1.0,0.184798002243042,-0.2404567450284958,-0.17473191022872925,0.03194919228553772,0.011838436126708984,0.02244257926940918,0.03677690029144287,0.05193126201629639,31.64117431640625,147.44033813476562,179.08151245117188,169.24978637695312,177.5695037841797
handstand_push_up,/Users/josephkamil/Desktop/Capstone/HandstandPushups/v_HandStandPushups_g23_c02.avi,1,,184,0.0,1.0,0.1853616088628769,-0.2387213557958603,-0.17070844769477844,0.03575393557548523,0.00993515644222498,0.0817229151725769,0.03540229797363281,0.08952882885932922,52.885467529296875,126.135986328125,179.02145385742188,166.98497009277344,177.35264587402344
handstand_push_up,/Users/josephkamil/Desktop/Capstone/HandstandPushups/v_HandStandPushups_g23_c03.avi,1,,211,0.0,1.0,0.18100732564926147,-0.2397782802581787,-0.16993474960327148,0.0419161319732666,0.008152504451572895,0.0888943076133728,0.036015868186950684,0.04411616921424866,37.034942626953125,142.05865478515625,179.09359741210938,168.4605712890625,176.8318328857422
handstand_push_up,/Users/josephkamil/Desktop/Capstone/HandstandPushups/v_HandStandPushups_g23_c04.avi,1,,112,0.0,1.0,0.1977130025625229,-0.26416733860969543,-0.17841729521751404,0.05817680060863495,0.0073240771889686584,0.020687401294708252,0.03805667161941528,0.05808255076408386,33.057464599609375,146.15902709960938,179.21649169921875,166.5499725341797,177.67127990722656
handstand_push_up,/Users/josephkamil/Desktop/Capstone/HandstandPushups/v_HandStandPushups_g23_c05.avi,1,,9,0.6666666666666666,0.3333333333333333,0.05183311551809311,-0.11315394937992096,-0.0627315491437912,0.006874054670333862,0.00826289877295494,0.19035673141479492,0.010643422603607178,0.23549151420593262,21.751007080078125,157.38858032226562,179.13958740234375,169.3578338623047,168.04693603515625
handstand_push_up,/Users/josephkamil/Desktop/Capstone/HandstandPushups/v_HandStandPushups_g24_c01.avi,1,,101,0.0,1.0,0.16671334207057953,-0.2569248080253601,-0.14521516859531403,0.07480114698410034,0.022424763068556786,0.15142232179641724,0.17447364330291748,0.16775941848754883,143.07943725585938,36.08847427368164,179.16790771484375,145.02490234375,177.53558349609375
handstand_push_up,/Users/josephkamil/Desktop/Capstone/HandstandPushups/v_HandStandPushups_g24_c02.avi,1,,129,0.0,1.0,0.16082331538200378,-0.25437626242637634,-0.14515484869480133,0.07686173915863037,0.014711461029946804,0.0897207260131836,0.08323031663894653,0.10906985402107239,173.38150024414062,5.863459587097168,179.24496459960938,135.07504272460938,175.8672332763672
handstand_push_up,/Users/josephkamil/Desktop/Capstone/HandstandPushups/v_HandStandPushups_g24_c03.avi,1,,105,0.0,1.0,0.13560310006141663,-0.2506096363067627,-0.15129761397838593,0.07436823844909668,0.027183078229427338,0.0671113133430481,0.07732164859771729,0.10570016503334045,162.1708526611328,16.504161834716797,178.67501831054688,117.50178527832031,176.11199951171875
handstand_push_up,/Users/josephkamil/Desktop/Capstone/HandstandPushups/v_HandStandPushups_g24_c04.avi,1,,82,0.0,1.0,0.15001575648784637,-0.2453334629535675,-0.14285577833652496,0.07441899180412292,0.02285590209066868,0.04704749584197998,0.07837611436843872,0.1517726182937622,153.42092895507812,22.065391540527344,175.486328125,135.4320526123047,178.00367736816406
handstand_push_up,/Users/josephkamil/Desktop/Capstone/HandstandPushups/v_HandStandPushups_g25_c01.avi,1,,138,0.0,1.0,0.109550341963768,-0.1602281779050827,-0.11452239751815796,0.072561115026474,0.001316106179729104,0.008535981178283691,0.05981212854385376,0.07981282472610474,69.59841918945312,92.13047790527344,161.72889709472656,116.57112121582031,179.02755737304688
handstand_push_up,/Users/josephkamil/Desktop/Capstone/HandstandPushups/v_HandStandPushups_g25_c02.avi,1,,130,0.0,1.0,0.11232361942529678,-0.16156724095344543,-0.11321164667606354,0.072124183177948,0.0008596532861702144,0.0091172456741333,0.06349235773086548,0.07235968112945557,69.74119567871094,96.713134765625,166.45433044433594,121.06473541259766,179.46493530273438
handstand_push_up,/Users/josephkamil/Desktop/Capstone/HandstandPushups/v_HandStandPushups_g25_c03.avi,1,,133,0.0,1.0,0.11073155701160431,-0.15879790484905243,-0.11652304977178574,0.07161778211593628,0.0007304578321054578,0.006566405296325684,0.060865700244903564,0.06820052862167358,71.69677734375,95.48948669433594,167.18626403808594,118.81336975097656,179.37001037597656
handstand_push_up,/Users/josephkamil/Desktop/Capstone/HandstandPushups/v_HandStandPushups_g25_c04.avi,1,,142,0.0,1.0,0.11082174628973007,-0.15778498351573944,-0.11555499583482742,0.06824830174446106,0.0011510002659633756,0.008090555667877197,0.06147110462188721,0.07060986757278442,66.1767578125,98.12692260742188,164.30368041992188,121.69635772705078,179.02224731445312
handstand_push_up,/Users/josephkamil/Desktop/Capstone/HandstandPushups/v_HandStandPushups_g25_c05.avi,1,,176,0.0,1.0,0.10567525029182434,-0.15625904500484467,-0.11947493255138397,0.07475173473358154,0.0009970765095204115,0.008250296115875244,0.055196404457092285,0.06172460317611694,66.36524200439453,96.32210540771484,162.68734741210938,115.79882049560547,178.70582580566406
handstand_push_up,/Users/josephkamil/Desktop/Capstone/HandstandPushups/v_HandStandPushups_g25_c06.avi,1,,184,0.0,1.0,0.10055570304393768,-0.15965433418750763,-0.12240208685398102,0.07754004001617432,0.0009959101444110274,0.007959485054016113,0.058080077171325684,0.06726408004760742,66.10496520996094,95.61215209960938,161.7171173095703,109.8738021850586,178.9977569580078
handstand_push_up,/Users/josephkamil/Desktop/Capstone/HandstandPushups/v_HandStandPushups_g25_c07.avi,1,,66,0.0,1.0,0.1036776676774025,-0.15743419528007507,-0.12210095673799515,0.0726253092288971,0.0020455357152968645,0.0037799477577209473,0.05284702777862549,0.06508904695510864,59.74767303466797,97.77533721923828,157.52301025390625,115.58533477783203,178.83273315429688
pull_up,/Users/josephkamil/Desktop/Capstone/PullUps/v_PullUps_g01_c01.avi,0,,0,0.0,0.0,0.0,0.0,0.0,0.0,0.0,0.0,0.0,0.0,0.0,180.0,180.0,180.0,0.0
pull_up,/Users/josephkamil/Desktop/Capstone/PullUps/v_PullUps_g01_c02.avi,0,,0,0.0,0.0,0.0,0.0,0.0,0.0,0.0,0.0,0.0,0.0,0.0,180.0,180.0,180.0,0.0
pull_up,/Users/josephkamil/Desktop/Capstone/PullUps/v_PullUps_g01_c03.avi,0,,0,0.0,0.0,0.0,0.0,0.0,0.0,0.0,0.0,0.0,0.0,0.0,180.0,180.0,180.0,0.0
pull_up,/Users/josephkamil/Desktop/Capstone/PullUps/v_PullUps_g01_c04.avi,1,,4,0.75,0.25,-0.12413176894187927,0.12372978031635284,0.007607653737068176,-0.067231684923172,0.03593182563781738,0.2122592329978943,0.11974257230758667,0.09986424446105957,73.00335693359375,94.8873291015625,167.89068603515625,134.44888305664062,37.62534713745117
pull_up,/Users/josephkamil/Desktop/Capstone/PullUps/v_PullUps_g02_c01.avi,1,,122,0.9590163934426229,0.040983606557377046,-0.15648223459720612,0.275545209646225,0.1298728734254837,-0.074116051197052,0.004030609969049692,0.05487599968910217,0.22912326455116272,0.29520559310913086,177.499755859375,1.8049017190933228,179.30465698242188,146.51156616210938,1.2665486335754395
pull_up,/Users/josephkamil/Desktop/Capstone/PullUps/v_PullUps_g02_c02.avi,1,,176,0.9715909090909091,0.028409090909090908,-0.1777775138616562,0.28220775723457336,0.1231999471783638,-0.06793004274368286,0.004223972093313932,0.057937681674957275,0.2417299449443817,0.3085658550262451,176.1718292236328,1.7641754150390625,177.93600463867188,147.5065460205078,1.4227125644683838
pull_up,/Users/josephkamil/Desktop/Capstone/PullUps/v_PullUps_g02_c03.avi,1,,131,1.0,0.0,-0.1857186257839203,0.28914132714271545,0.13883425295352936,-0.060933083295822144,0.005853708833456039,0.02555185556411743,0.21931031346321106,0.2830647826194763,129.58531188964844,48.29221725463867,177.87753295898438,129.91160583496094,1.248752236366272
pull_up,/Users/josephkamil/Desktop/Capstone/PullUps/v_PullUps_g02_c04.avi,1,,178,1.0,0.0,-0.20881828665733337,0.3022337257862091,0.14881959557533264,-0.054442182183265686,0.004924743436276913,0.014955490827560425,0.22043606638908386,0.291837215423584,129.23605346679688,49.20602035522461,178.44207763671875,144.82778930664062,0.7329363226890564
pull_up,/Users/josephkamil/Desktop/Capstone/PullUps/v_PullUps_g03_c01.avi,1,,172,0.7906976744186046,0.20930232558139536,-0.10851471871137619,0.24210071563720703,0.14053255319595337,-0.054018035531044006,0.009982943534851074,0.12686845660209656,0.30068397521972656,0.28324073553085327,176.2835235595703,2.7954864501953125,179.07901000976562,112.34758758544922,1.6862239837646484
pull_up,/Users/josephkamil/Desktop/Capstone/PullUps/v_PullUps_g03_c02.avi,1,,208,0.6923076923076923,0.3076923076923077,-0.09575499594211578,0.26536789536476135,0.14410240948200226,-0.064400315284729,0.006107254885137081,0.13945060968399048,0.30604225397109985,0.3333503007888794,177.12158203125,2.2063398361206055,179.3279266357422,116.17381286621094,0.7544628977775574
pull_up,/Users/josephkamil/Desktop/Capstone/PullUps/v_PullUps_g03_c03.avi,1,,202,0.9504950495049505,0.04950495049504951,-0.15648911893367767,0.26653677225112915,0.13189394772052765,-0.0580337792634964,0.008827517740428448,0.04516676068305969,0.2631703019142151,0.2575991749763489,147.87631225585938,30.922351837158203,178.7986602783203,125.07508850097656,1.011460781097412
pull_up,/Users/josephkamil/Desktop/Capstone/PullUps/v_PullUps_g03_c04.avi,1,,249,0.8032128514056225,0.19678714859437751,-0.1391320824623108,0.2747289538383484,0.14289000630378723,-0.06327158212661743,0.018178410828113556,0.0816953182220459,0.2952403426170349,0.3495577573776245,178.43081665039062,0.9243678450584412,179.3551788330078,114.31123352050781,1.885424256324768
pull_up,/Users/josephkamil/Desktop/Capstone/PullUps/v_PullUps_g04_c01.avi,1,,131,0.816793893129771,0.183206106870229,-0.10899472236633301,0.18427367508411407,0.13032691180706024,-0.05149976909160614,0.004085262306034565,0.19633302092552185,0.2566462755203247,0.3069034516811371,175.909423828125,3.2344019412994385,179.14382934570312,124.20795440673828,2.693483829498291
pull_up,/Users/josephkamil/Desktop/Capstone/PullUps/v_PullUps_g04_c02.avi,1,,136,0.6323529411764706,0.36764705882352944,-0.08247788995504379,0.17390114068984985,0.12171735614538193,-0.05109584704041481,0.008006849326193333,0.2538143992424011,0.37857258319854736,0.44586455821990967,175.94830322265625,3.146266460418701,179.09457397460938,107.22990417480469,2.995032787322998
pull_up,/Users/josephkamil/Desktop/Capstone/PullUps/v_PullUps_g04_c03.avi,1,,129,0.6124031007751938,0.3875968992248062,-0.07398954033851624,0.1698572039604187,0.12171783298254013,-0.04951155185699463,0.007788927759975195,0.11186429858207703,0.2748050093650818,0.33876341581344604,176.37754821777344,2.7984323501586914,179.1759796142578,95.80104064941406,3.554328441619873
pull_up,/Users/josephkamil/Desktop/Capstone/PullUps/v_PullUps_g04_c04.avi,1,,131,0.5267175572519084,0.4732824427480916,-0.0536385104060173,0.171194389462471,0.11720511317253113,-0.05004963278770447,0.010045234113931656,0.14167703688144684,0.25641268491744995,0.3022814095020294,176.44061279296875,2.5522732734680176,178.99288940429688,116.40587615966797,4.7024431228637695
pull_up,/Users/josephkamil/Desktop/Capstone/PullUps/v_PullUps_g05_c01.avi,1,,166,0.9156626506024096,0.08433734939759036,-0.1752234697341919,0.2780458629131317,0.20220933854579926,-0.08192513138055801,0.009105995297431946,0.2452077716588974,0.49580058455467224,0.557637095451355,175.17767333984375,4.233441352844238,179.41111755371094,117.30084991455078,1.0428123474121094
pull_up,/Users/josephkamil/Desktop/Capstone/PullUps/v_PullUps_g05_c02.avi,1,,114,0.9912280701754386,0.008771929824561403,-0.18921881914138794,0.25774359703063965,0.18603681027889252,-0.08801417052745819,0.0037610535509884357,0.037918925285339355,0.281766414642334,0.3605046272277832,160.1167755126953,19.284870147705078,179.40164184570312,132.6917724609375,1.4413962364196777
pull_up,/Users/josephkamil/Desktop/Capstone/PullUps/v_PullUps_g05_c03.avi,1,,97,0.9896907216494846,0.010309278350515464,-0.18796497583389282,0.2797274589538574,0.175925150513649,-0.07579725980758667,0.0498277023434639,0.4947678744792938,0.45418426394462585,0.510898232460022,176.9423370361328,2.433565378189087,179.3759002685547,159.56478881835938,13.878944396972656
pull_up,/Users/josephkamil/Desktop/Capstone/PullUps/v_PullUps_g05_c04.avi,1,,133,0.8947368421052632,0.10526315789473684,-0.17309527099132538,0.2843796908855438,0.18513934314250946,-0.07991832494735718,0.05486460402607918,0.28638970851898193,0.32567667961120605,0.3959783911705017,175.1125946044922,4.297703742980957,179.41029357910156,135.3875732421875,14.344884872436523
pull_up,/Users/josephkamil/Desktop/Capstone/PullUps/v_PullUps_g06_c01.avi,1,,83,0.8674698795180723,0.13253012048192772,-0.10333556681871414,0.24816127121448517,0.05969300866127014,-0.06807348132133484,0.045328348875045776,0.2755226492881775,0.2694518268108368,0.29174572229385376,177.240478515625,1.9361814260482788,179.17666625976562,114.76629638671875,8.657034873962402
pull_up,/Users/josephkamil/Desktop/Capstone/PullUps/v_PullUps_g06_c02.avi,1,,87,0.7586206896551724,0.2413793103448276,-0.10547005385160446,0.2697385251522064,0.011242574080824852,-0.0807608962059021,0.05926436558365822,0.15555474162101746,0.27577728033065796,0.32068735361099243,147.72097778320312,31.442718505859375,179.1636962890625,126.24153900146484,10.940574645996094
pull_up,/Users/josephkamil/Desktop/Capstone/PullUps/v_PullUps_g06_c03.avi,1,,86,0.8488372093023255,0.1511627906976744,-0.14628276228904724,0.3715270757675171,0.1631699651479721,-0.10056496411561966,0.06558989733457565,0.25885283946990967,0.44934535026550293,0.7329848408699036,144.51956176757812,34.634986877441406,179.15455627441406,112.83147430419922,10.46720027923584
pull_up,/Users/josephkamil/Desktop/Capstone/PullUps/v_PullUps_g06_c04.avi,1,,170,1.0,0.0,-0.20180825889110565,0.3160299062728882,0.07880184799432755,-0.07479314506053925,0.02548607997596264,0.17192035913467407,0.20015299320220947,0.1850757598876953,145.83975219726562,21.806007385253906,167.645751953125,141.07762145996094,3.2116549015045166
pull_up,/Users/josephkamil/Desktop/Capstone/PullUps/v_PullUps_g07_c01.avi,1,,41,1.0,0.0,-0.13734078407287598,0.1812407523393631,0.13810601830482483,-0.06249755620956421,0.005986686330288649,0.11221656203269958,0.12449073791503906,0.1679357886314392,120.89429473876953,57.39478302001953,178.28907775878906,154.68128967285156,1.1415302753448486
pull_up,/Users/josephkamil/Desktop/Capstone/PullUps/v_PullUps_g07_c02.avi,1,,80,1.0,0.0,-0.14390972256660461,0.18632693588733673,0.13429005444049835,-0.0635681301355362,0.003962556831538677,0.06577865779399872,0.13112808763980865,0.1791859269142151,107.25364685058594,71.5506591796875,178.80430603027344,162.5132293701172,0.8575382232666016
pull_up,/Users/josephkamil/Desktop/Capstone/PullUps/v_PullUps_g07_c03.avi,1,,31,0.9032258064516129,0.0967741935483871,-0.10997043550014496,0.1823563128709793,0.13580401241779327,-0.06211429834365845,0.004144085105508566,0.09433677792549133,0.18323269486427307,0.19939658045768738,171.2421875,6.840165615081787,178.0823516845703,135.16070556640625,0.5279936194419861
pull_up,/Users/josephkamil/Desktop/Capstone/PullUps/v_PullUps_g07_c04.avi,1,,36,1.0,0.0,-0.14731745421886444,0.1849559247493744,0.13050396740436554,-0.06480154395103455,0.007193909026682377,0.04356500506401062,0.07874026894569397,0.11799561977386475,123.66248321533203,53.667579650878906,177.33006286621094,159.39744567871094,0.9013259410858154
pull_up,/Users/josephkamil/Desktop/Capstone/PullUps/v_PullUps_g08_c01.avi,1,,94,0.9893617021276596,0.010638297872340425,-0.17659388482570648,0.2907172739505768,0.19623073935508728,-0.1017855852842331,0.014122169464826584,0.17387062311172485,0.3764500617980957,0.4411711096763611,130.44557189941406,35.072757720947266,165.51832580566406,119.77841186523438,4.572463512420654
pull_up,/Users/josephkamil/Desktop/Capstone/PullUps/v_PullUps_g08_c02.avi,1,,102,0.9411764705882353,0.058823529411764705,-0.16560891270637512,0.29050278663635254,0.22195953130722046,-0.0991768017411232,0.010632730089128017,0.12226572632789612,0.31376469135284424,0.3554656505584717,145.71771240234375,20.507993698120117,166.2257080078125,114.57170104980469,4.258419990539551
pull_up,/Users/josephkamil/Desktop/Capstone/PullUps/v_PullUps_g08_c03.avi,1,,99,0.98989898989899,0.010101010101010102,-0.18838389217853546,0.303813636302948,0.20876653492450714,-0.10139341652393341,0.011469577439129353,0.1400528997182846,0.27334168553352356,0.34919530153274536,131.9801483154297,34.61936950683594,166.59951782226562,126.54003143310547,5.146764278411865
pull_up,/Users/josephkamil/Desktop/Capstone/PullUps/v_PullUps_g08_c04.avi,1,,104,1.0,0.0,-0.17468713223934174,0.29532110691070557,0.22013403475284576,-0.10011079907417297,0.016273323446512222,0.1128426194190979,0.25250428915023804,0.3303530216217041,164.65924072265625,5.352912902832031,170.0121612548828,121.22097778320312,4.284236431121826
pull_up,/Users/josephkamil/Desktop/Capstone/PullUps/v_PullUps_g09_c01.avi,1,,107,0.794392523364486,0.205607476635514,-0.12785685062408447,0.28582489490509033,0.08685792237520218,-0.0871652364730835,0.0566725879907608,0.20890387892723083,0.3038828372955322,0.3581222891807556,176.62387084960938,2.6216211318969727,179.24549865722656,133.9337615966797,10.875166893005371
pull_up,/Users/josephkamil/Desktop/Capstone/PullUps/v_PullUps_g09_c02.avi,1,,99,0.7474747474747475,0.25252525252525254,-0.11776292324066162,0.26854220032691956,0.05618172511458397,-0.08677370846271515,0.059710897505283356,0.11753512918949127,0.2582312226295471,0.34799841046333313,175.3215789794922,3.9799253940582275,179.30149841308594,139.3141326904297,13.275736808776855
pull_up,/Users/josephkamil/Desktop/Capstone/PullUps/v_PullUps_g09_c03.avi,1,,104,0.7884615384615384,0.21153846153846154,-0.13072341680526733,0.27126994729042053,0.04665084928274155,-0.0907566100358963,0.05880459398031235,0.09625300765037537,0.2551107406616211,0.355756938457489,160.4287872314453,18.862844467163086,179.2916259765625,142.61758422851562,12.540258407592773
pull_up,/Users/josephkamil/Desktop/Capstone/PullUps/v_PullUps_g09_c04.avi,1,,99,0.7575757575757576,0.24242424242424243,-0.1232232078909874,0.27221938967704773,0.0688706710934639,-0.08550161123275757,0.06394465267658234,0.10578307509422302,0.2448245882987976,0.3210808038711548,163.55474853515625,15.766801834106445,179.32154846191406,141.03231811523438,13.54720401763916
pull_up,/Users/josephkamil/Desktop/Capstone/PullUps/v_PullUps_g10_c01.avi,1,,140,0.9071428571428571,0.09285714285714286,-0.22450006008148193,0.37133172154426575,0.30139148235321045,-0.12026988714933395,0.01754375919699669,0.400382399559021,0.4316728115081787,0.4982718825340271,177.94837951660156,0.8232564926147461,178.77163696289062,111.05938720703125,8.963030815124512
pull_up,/Users/josephkamil/Desktop/Capstone/PullUps/v_PullUps_g10_c02.avi,1,,173,0.9075144508670521,0.09248554913294797,-0.24112163484096527,0.3781679570674896,0.28096312284469604,-0.11714419722557068,0.021045532077550888,0.15605847537517548,0.4445154666900635,0.5533048510551453,170.58460998535156,8.267162322998047,178.85177612304688,117.5248031616211,8.323376655578613
pull_up,/Users/josephkamil/Desktop/Capstone/PullUps/v_PullUps_g10_c03.avi,1,,199,0.9396984924623115,0.06030150753768844,-0.23071317374706268,0.37404391169548035,0.2642567753791809,-0.1133919358253479,0.021227603778243065,0.18944743275642395,0.43090659379959106,0.5164973735809326,168.13775634765625,10.72578239440918,178.86354064941406,112.08499908447266,8.242403984069824
pull_up,/Users/josephkamil/Desktop/Capstone/PullUps/v_PullUps_g10_c04.avi,1,,102,0.9607843137254902,0.0392156862745098,-0.20148123800754547,0.3667525351047516,0.22406870126724243,-0.11045049130916595,0.024818677455186844,0.08036249876022339,0.3918640613555908,0.406705379486084,161.7994384765625,14.455276489257812,176.2547149658203,102.08263397216797,8.096138000488281
pull_up,/Users/josephkamil/Desktop/Capstone/PullUps/v_PullUps_g11_c01.avi,1,,95,0.9052631578947369,0.09473684210526316,-0.13492736220359802,0.25782510638237,0.13553401827812195,-0.06650276482105255,0.021720027551054955,0.09306696802377701,0.2738150656223297,0.2894465923309326,157.8655548095703,21.434154510498047,179.29971313476562,118.79367065429688,3.3126273155212402
pull_up,/Users/josephkamil/Desktop/Capstone/PullUps/v_PullUps_g11_c02.avi,1,,114,0.9736842105263158,0.02631578947368421,-0.15059155225753784,0.2595975697040558,0.13839758932590485,-0.07211291790008545,0.018767504021525383,0.1908111870288849,0.2462068498134613,0.27173280715942383,162.0623779296875,17.24510383605957,179.30747985839844,127.78864288330078,3.0406830310821533
pull_up,/Users/josephkamil/Desktop/Capstone/PullUps/v_PullUps_g11_c03.avi,1,,91,0.8131868131868132,0.18681318681318682,-0.11259187012910843,0.2612189054489136,0.15198180079460144,-0.07244832813739777,0.024047954007983208,0.1268598735332489,0.23427584767341614,0.24098074436187744,163.56912231445312,7.8854780197143555,171.45460510253906,101.1627197265625,2.9076569080352783
pull_up,/Users/josephkamil/Desktop/Capstone/PullUps/v_PullUps_g11_c04.avi,1,,100,0.83,0.17,-0.1219826489686966,0.2620341181755066,0.15306180715560913,-0.07219110429286957,0.02203991636633873,0.12161149829626083,0.24128907918930054,0.24232003092765808,165.47781372070312,6.8192973136901855,172.29710388183594,106.82479858398438,2.775674819946289
pull_up,/Users/josephkamil/Desktop/Capstone/PullUps/v_PullUps_g12_c01.avi,1,,82,0.9024390243902439,0.0975609756097561,-0.1915033906698227,0.2937004864215851,0.11545774340629578,-0.08448067307472229,0.008492731489241123,0.05804117023944855,0.29849010705947876,0.29925429821014404,178.1457977294922,0.9881203770637512,179.1339111328125,125.70563507080078,1.5476267337799072
pull_up,/Users/josephkamil/Desktop/Capstone/PullUps/v_PullUps_g12_c02.avi,1,,73,0.9452054794520548,0.0547945205479452,-0.1867217719554901,0.29469603300094604,0.11863952875137329,-0.08817902207374573,0.008969423361122608,0.05521298944950104,0.26109105348587036,0.2776489853858948,175.22891235351562,4.145600318908691,179.37451171875,129.38943481445312,1.2847167253494263
pull_up,/Users/josephkamil/Desktop/Capstone/PullUps/v_PullUps_g12_c03.avi,1,,69,0.9420289855072463,0.057971014492753624,-0.1763686239719391,0.30018943548202515,0.11336114257574081,-0.08623486757278442,0.00940156914293766,0.06852388381958008,0.2647579312324524,0.2724381685256958,177.7069854736328,0.8691892027854919,178.576171875,122.63261413574219,1.3441411256790161
pull_up,/Users/josephkamil/Desktop/Capstone/PullUps/v_PullUps_g12_c04.avi,1,,79,0.8987341772151899,0.10126582278481013,-0.18872970342636108,0.30231598019599915,0.1287967562675476,-0.08805650472640991,0.00914736371487379,0.06917685270309448,0.2490711808204651,0.26853078603744507,177.7100830078125,0.7648444175720215,178.4749298095703,124.70511627197266,0.9056997895240784
pull_up,/Users/josephkamil/Desktop/Capstone/PullUps/v_PullUps_g13_c01.avi,1,,6,1.0,0.0,-0.14019812643527985,0.2384585738182068,0.1586400270462036,-0.07400770485401154,0.028954749926924706,0.29572033882141113,0.213888019323349,0.14604371786117554,96.67574310302734,77.34656524658203,174.02230834960938,135.5186309814453,4.788638591766357
pull_up,/Users/josephkamil/Desktop/Capstone/PullUps/v_PullUps_g13_c02.avi,1,,79,0.9620253164556962,0.0379746835443038,-0.1470857709646225,0.25628742575645447,0.18797603249549866,-0.07478910684585571,0.014678782783448696,0.11153557896614075,0.18584385514259338,0.2242247760295868,172.30429077148438,2.958163261413574,175.262451171875,119.6055679321289,4.719686031341553
pull_up,/Users/josephkamil/Desktop/Capstone/PullUps/v_PullUps_g13_c03.avi,1,,76,0.9736842105263158,0.02631578947368421,-0.14623157680034637,0.2537780702114105,0.18966923654079437,-0.07172627747058868,0.011276102624833584,0.06163230538368225,0.19213522970676422,0.2119273841381073,167.69488525390625,5.893216609954834,173.58810424804688,120.7984848022461,4.869261741638184
pull_up,/Users/josephkamil/Desktop/Capstone/PullUps/v_PullUps_g13_c04.avi,1,,78,1.0,0.0,-0.14594946801662445,0.25123709440231323,0.188320592045784,-0.07207640260457993,0.012863047420978546,0.0877389907836914,0.19783060252666473,0.2093110978603363,158.48153686523438,14.122989654541016,172.60452270507812,120.9472427368164,5.328498840332031
pull_up,/Users/josephkamil/Desktop/Capstone/PullUps/v_PullUps_g14_c01.avi,1,,79,0.0,1.0,0.3055868148803711,0.32046517729759216,0.23010358214378357,-0.09986269474029541,0.07582727074623108,0.025960862636566162,0.00637507438659668,0.015278041362762451,13.968505859375,150.0658416748047,164.0343475341797,156.39547729492188,4.631278991699219
pull_up,/Users/josephkamil/Desktop/Capstone/PullUps/v_PullUps_g14_c02.avi,1,,81,0.0,1.0,0.3073963224887848,0.3273219168186188,0.23627354204654694,-0.09951379895210266,0.07057412713766098,0.02511012554168701,0.0027303695678710938,0.018817663192749023,23.545547485351562,150.89004516601562,174.4355926513672,158.13140869140625,3.759401559829712
pull_up,/Users/josephkamil/Desktop/Capstone/PullUps/v_PullUps_g14_c03.avi,1,,86,0.0,1.0,0.3075912296772003,0.326271116733551,0.235016867518425,-0.10004635155200958,0.0691102147102356,0.03310734033584595,0.0038337409496307373,0.016098856925964355,14.43389892578125,153.048095703125,167.48199462890625,160.34632873535156,3.4701852798461914
pull_up,/Users/josephkamil/Desktop/Capstone/PullUps/v_PullUps_g14_c04.avi,1,,86,0.0,1.0,0.3081289827823639,0.3233388066291809,0.23392663896083832,-0.09987910091876984,0.06664478778839111,0.024167299270629883,0.005229741334915161,0.01049894094467163,14.171432495117188,154.17044067382812,168.3418731689453,160.5517578125,3.1449875831604004
pull_up,/Users/josephkamil/Desktop/Capstone/PullUps/v_PullUps_g15_c01.avi,1,,86,0.9767441860465116,0.023255813953488372,-0.09197394549846649,0.11943899095058441,0.02582692541182041,-0.07956694066524506,0.06518669426441193,0.5110416412353516,0.46604883670806885,0.27612078189849854,138.87765502929688,39.39661407470703,178.27427673339844,121.12886047363281,50.77986526489258
pull_up,/Users/josephkamil/Desktop/Capstone/PullUps/v_PullUps_g15_c02.avi,1,,132,0.6439393939393939,0.3560606060606061,-0.06314318627119064,0.1087275967001915,0.06941903382539749,-0.07135969400405884,0.036663591861724854,0.5811325311660767,0.4482923448085785,0.3030507564544678,169.37277221679688,9.276579856872559,178.64935302734375,139.29574584960938,66.03079223632812
pull_up,/Users/josephkamil/Desktop/Capstone/PullUps/v_PullUps_g15_c03.avi,1,,146,0.9383561643835616,0.06164383561643835,-0.09505249559879303,0.15274497866630554,0.05423135310411453,-0.08731097728013992,0.056783583015203476,0.4538678526878357,0.4432153105735779,0.260204553604126,174.13230895996094,4.598738670349121,178.73104858398438,111.48173522949219,39.961158752441406
pull_up,/Users/josephkamil/Desktop/Capstone/PullUps/v_PullUps_g15_c04.avi,1,,101,0.8910891089108911,0.10891089108910891,-0.08036520332098007,0.0738726258277893,0.010078340768814087,-0.045149922370910645,0.043629396706819534,0.43701720237731934,0.43991440534591675,0.2945614457130432,168.1347198486328,10.989039421081543,179.12376403808594,129.1382293701172,66.89616394042969
pull_up,/Users/josephkamil/Desktop/Capstone/PullUps/v_PullUps_g16_c01.avi,1,,132,0.9772727272727273,0.022727272727272728,-0.1267949938774109,0.2853277921676636,0.1971600502729416,-0.08243061602115631,0.002967903157696128,0.06317935883998871,0.2994476854801178,0.33928561210632324,157.08717346191406,19.542150497436523,176.6293182373047,92.84481811523438,1.0574626922607422
pull_up,/Users/josephkamil/Desktop/Capstone/PullUps/v_PullUps_g16_c02.avi,1,,134,1.0,0.0,-0.1340455263853073,0.2864436209201813,0.18687798082828522,-0.08238840103149414,0.0027402208652347326,0.12920166552066803,0.3526151478290558,0.3874252438545227,154.8414306640625,24.41590690612793,179.25733947753906,97.25992584228516,1.5219881534576416
pull_up,/Users/josephkamil/Desktop/Capstone/PullUps/v_PullUps_g16_c03.avi,1,,141,0.9858156028368794,0.014184397163120567,-0.12434621155261993,0.28947946429252625,0.17702730000019073,-0.0801461935043335,0.005322135053575039,0.07425665855407715,0.3152811825275421,0.3535498380661011,154.640380859375,20.160606384277344,174.8009796142578,93.89849090576172,1.6762677431106567
pull_up,/Users/josephkamil/Desktop/Capstone/PullUps/v_PullUps_g16_c04.avi,1,,144,1.0,0.0,-0.12699347734451294,0.2933155298233032,0.17275744676589966,-0.07951320707798004,0.0064529976807534695,0.041023194789886475,0.25885945558547974,0.2749520540237427,154.12442016601562,22.067960739135742,176.1923828125,96.40206146240234,1.383681297302246
pull_up,/Users/josephkamil/Desktop/Capstone/PullUps/v_PullUps_g17_c01.avi,1,,164,1.0,0.0,-0.14551346004009247,0.21930989623069763,0.1639883667230606,-0.07442864775657654,0.0036074130330234766,0.027764886617660522,0.24625824391841888,0.3177138864994049,178.39732360839844,0.9209902882575989,179.3183135986328,113.27946472167969,2.3363518714904785
pull_up,/Users/josephkamil/Desktop/Capstone/PullUps/v_PullUps_g17_c02.avi,1,,186,1.0,0.0,-0.15238216519355774,0.22190508246421814,0.16231726109981537,-0.06887826323509216,0.003505916800349951,0.031129568815231323,0.24493736028671265,0.3059580624103546,178.44651794433594,0.8449816703796387,179.29150390625,117.20247650146484,2.221207857131958
pull_up,/Users/josephkamil/Desktop/Capstone/PullUps/v_PullUps_g17_c03.avi,1,,202,1.0,0.0,-0.155640110373497,0.2234022170305252,0.16065695881843567,-0.0676921010017395,0.0038738988805562258,0.024886712431907654,0.24543854594230652,0.31685808300971985,178.50267028808594,0.8101382851600647,179.31280517578125,118.99537658691406,2.080063819885254
pull_up,/Users/josephkamil/Desktop/Capstone/PullUps/v_PullUps_g17_c04.avi,1,,226,1.0,0.0,-0.15948061645030975,0.2224951535463333,0.15667319297790527,-0.06652253121137619,0.00365375354886055,0.025763005018234253,0.24816861748695374,0.3184858560562134,178.52090454101562,0.8113977909088135,179.33230590820312,120.92858123779297,1.5618568658828735
pull_up,/Users/josephkamil/Desktop/Capstone/PullUps/v_PullUps_g18_c01.avi,1,,155,0.8451612903225807,0.15483870967741936,-0.11978098005056381,0.18969017267227173,0.1260063350200653,-0.05714741349220276,0.011131560429930687,0.062165066599845886,0.21181133389472961,0.2715563178062439,177.5475616455078,1.6470365524291992,179.19459533691406,122.0538330078125,7.155648231506348
pull_up,/Users/josephkamil/Desktop/Capstone/PullUps/v_PullUps_g18_c02.avi,1,,163,0.7914110429447853,0.2085889570552147,-0.10158833861351013,0.18324854969978333,0.1249212697148323,-0.06029540300369263,0.013648086227476597,0.05125400424003601,0.20724785327911377,0.2841106057167053,177.56680297851562,1.4353238344192505,179.0021209716797,110.1257553100586,7.454949378967285
pull_up,/Users/josephkamil/Desktop/Capstone/PullUps/v_PullUps_g18_c03.avi,1,,158,0.7658227848101266,0.23417721518987342,-0.10338947176933289,0.1778847724199295,0.11634811013936996,-0.059042856097221375,0.014329180121421814,0.0514538437128067,0.20366591215133667,0.28829020261764526,177.8325958251953,1.127936601638794,178.9605255126953,113.70636749267578,7.186067581176758
pull_up,/Users/josephkamil/Desktop/Capstone/PullUps/v_PullUps_g18_c04.avi,1,,161,0.782608695652174,0.21739130434782608,-0.09297764301300049,0.1770721971988678,0.11793162673711777,-0.05927085876464844,0.015107940882444382,0.05046910047531128,0.19746804237365723,0.26236844062805176,177.96466064453125,1.0255813598632812,178.99024963378906,104.04399108886719,7.620430946350098
pull_up,/Users/josephkamil/Desktop/Capstone/PullUps/v_PullUps_g19_c01.avi,1,,111,1.0,0.0,-0.1613251268863678,0.2087521255016327,0.1361388862133026,-0.07259085774421692,0.02588050812482834,0.024132266640663147,0.19601047039031982,0.2789228558540344,159.96176147460938,19.35350799560547,179.31527709960938,145.31707763671875,13.685531616210938
pull_up,/Users/josephkamil/Desktop/Capstone/PullUps/v_PullUps_g19_c02.avi,1,,102,1.0,0.0,-0.15027213096618652,0.21338553726673126,0.1440526247024536,-0.07528221607208252,0.026730410754680634,0.03466673195362091,0.21004173159599304,0.25739577412605286,171.22909545898438,8.070934295654297,179.30003356933594,141.53311157226562,11.326973915100098
pull_up,/Users/josephkamil/Desktop/Capstone/PullUps/v_PullUps_g19_c03.avi,1,,108,1.0,0.0,-0.15363547205924988,0.21690690517425537,0.14901551604270935,-0.07430959492921829,0.02601204253733158,0.02780989557504654,0.20150312781333923,0.2507145404815674,162.12686157226562,16.877992630004883,179.00485229492188,138.3451690673828,10.669196128845215
pull_up,/Users/josephkamil/Desktop/Capstone/PullUps/v_PullUps_g19_c04.avi,1,,104,1.0,0.0,-0.15336209535598755,0.2075480818748474,0.14180050790309906,-0.07428479194641113,0.027992572635412216,0.027305737137794495,0.18996265530586243,0.25406062602996826,165.14678955078125,12.209568977355957,177.35635375976562,138.77078247070312,12.999792098999023
pull_up,/Users/josephkamil/Desktop/Capstone/PullUps/v_PullUps_g20_c01.avi,1,,29,0.6206896551724138,0.3793103448275862,-0.103722482919693,0.01662558875977993,-0.01614673249423504,-0.10792973637580872,0.042445406317710876,0.22446879744529724,0.24227172136306763,0.10822534561157227,143.50387573242188,34.34378433227539,177.84765625,135.42318725585938,110.14952087402344
pull_up,/Users/josephkamil/Desktop/Capstone/PullUps/v_PullUps_g20_c02.avi,1,,39,0.5897435897435898,0.41025641025641024,-0.09737475216388702,-0.0003246588457841426,0.062370188534259796,-0.03891608119010925,0.040920440107584,0.36933040618896484,0.34692782163619995,0.1960849165916443,163.359619140625,11.647513389587402,175.0071258544922,141.2428436279297,90.56980895996094
pull_up,/Users/josephkamil/Desktop/Capstone/PullUps/v_PullUps_g20_c03.avi,1,,33,1.0,0.0,-0.20590408146381378,0.07025645673274994,-0.012143783271312714,-0.06900304555892944,0.027514612302184105,0.14421820640563965,0.203654944896698,0.32183313369750977,160.5535888671875,17.551074981689453,178.1046600341797,153.58740234375,32.59894561767578
pull_up,/Users/josephkamil/Desktop/Capstone/PullUps/v_PullUps_g20_c04.avi,1,,164,0.9878048780487805,0.012195121951219513,-0.23132756352424622,0.32406923174858093,-0.09166032820940018,-0.0876275897026062,0.11252439022064209,0.1856355369091034,0.39838263392448425,0.6457397937774658,97.25120544433594,82.24472045898438,179.4959259033203,144.03504943847656,6.093901634216309
pull_up,/Users/josephkamil/Desktop/Capstone/PullUps/v_PullUps_g21_c01.avi,1,,24,0.75,0.25,-0.07064580917358398,0.038073163479566574,0.003936349879950285,-0.05797779932618141,0.02200051210820675,0.6804152727127075,0.48129555583000183,0.15968558192253113,171.193603515625,7.733888149261475,178.927490234375,111.50362396240234,75.1312255859375
pull_up,/Users/josephkamil/Desktop/Capstone/PullUps/v_PullUps_g21_c02.avi,1,,29,0.6551724137931034,0.3448275862068966,-0.07732050865888596,0.04928995296359062,0.006775230169296265,-0.03549867868423462,0.01925894431769848,0.6374880075454712,0.47895845770835876,0.2234412431716919,154.142333984375,25.013683319091797,179.15602111816406,138.6125946044922,70.65155029296875
pull_up,/Users/josephkamil/Desktop/Capstone/PullUps/v_PullUps_g21_c03.avi,1,,32,0.4375,0.5625,-0.011778467334806919,-0.0031717829406261444,-0.026372814550995827,0.0011025220155715942,0.019036710262298584,0.7170208692550659,0.4854825735092163,0.20773810148239136,169.91287231445312,9.169334411621094,179.0821990966797,137.3153076171875,91.23082733154297
pull_up,/Users/josephkamil/Desktop/Capstone/PullUps/v_PullUps_g21_c04.avi,1,,34,0.5,0.5,-0.030798235908150673,0.09907945990562439,0.05999857559800148,-0.06012190878391266,0.020624397322535515,0.6177079081535339,0.5043612718582153,0.22159290313720703,168.8338165283203,10.1509370803833,178.98475646972656,137.7863311767578,51.041011810302734
pull_up,/Users/josephkamil/Desktop/Capstone/PullUps/v_PullUps_g22_c01.avi,1,,104,0.9615384615384616,0.038461538461538464,-0.13211806118488312,0.2325371652841568,0.1656993329524994,-0.0724257081747055,0.006549844518303871,0.023689836263656616,0.20345868170261383,0.2354975938796997,155.7540283203125,6.7624192237854,162.51644897460938,110.71257019042969,1.2321274280548096
pull_up,/Users/josephkamil/Desktop/Capstone/PullUps/v_PullUps_g22_c02.avi,1,,105,0.9238095238095239,0.0761904761904762,-0.1189727783203125,0.2225019782781601,0.1605849713087082,-0.07267855107784271,0.004402880556881428,0.012396782636642456,0.21370628476142883,0.2540546953678131,164.8148956298828,4.978615760803223,169.79351806640625,100.65760803222656,1.1748137474060059
pull_up,/Users/josephkamil/Desktop/Capstone/PullUps/v_PullUps_g22_c03.avi,1,,106,1.0,0.0,-0.12968362867832184,0.22687818109989166,0.16752682626247406,-0.074861079454422,0.006631048861891031,0.013219684362411499,0.22227157652378082,0.25920549035072327,176.3466339111328,2.901520013809204,179.24815368652344,108.74156951904297,1.3789427280426025
pull_up,/Users/josephkamil/Desktop/Capstone/PullUps/v_PullUps_g22_c04.avi,1,,141,1.0,0.0,-0.12551255524158478,0.2487790733575821,0.16366791725158691,-0.06882739067077637,0.004299298394471407,0.024558886885643005,0.18811950087547302,0.21971189975738525,167.57870483398438,1.7230732440948486,169.30177307128906,113.68722534179688,0.6427434682846069
pull_up,/Users/josephkamil/Desktop/Capstone/PullUps/v_PullUps_g23_c01.avi,1,,174,0.9597701149425287,0.040229885057471264,-0.10783360153436661,0.18424347043037415,0.061968572437763214,-0.04616682231426239,0.0075872959569096565,0.20834915339946747,0.2286430299282074,0.2860085368156433,161.70684814453125,6.937717914581299,168.64456176757812,121.6700210571289,2.711641788482666
pull_up,/Users/josephkamil/Desktop/Capstone/PullUps/v_PullUps_g23_c02.avi,1,,179,0.9497206703910615,0.05027932960893855,-0.10256858170032501,0.19137990474700928,0.065466970205307,-0.04841136932373047,0.006297544576227665,0.09683912992477417,0.1990509033203125,0.24041426181793213,162.6549835205078,7.964487552642822,170.61947631835938,118.59475708007812,1.893692135810852
pull_up,/Users/josephkamil/Desktop/Capstone/PullUps/v_PullUps_g23_c03.avi,1,,180,0.9333333333333333,0.06666666666666667,-0.10269729048013687,0.19321051239967346,0.07544279098510742,-0.04972432553768158,0.003571311943233013,0.07770296931266785,0.2009797990322113,0.22582176327705383,166.12835693359375,3.9097442626953125,170.03810119628906,116.83255004882812,1.3901234865188599
pull_up,/Users/josephkamil/Desktop/Capstone/PullUps/v_PullUps_g23_c04.avi,1,,190,0.9210526315789473,0.07894736842105263,-0.10553239285945892,0.19352920353412628,0.08039627224206924,-0.047307223081588745,0.003157010767608881,0.10703575611114502,0.20185968279838562,0.23655036091804504,167.877685546875,2.7032721042633057,170.58096313476562,118.5923080444336,1.590628743171692
pull_up,/Users/josephkamil/Desktop/Capstone/PullUps/v_PullUps_g24_c01.avi,1,,154,1.0,0.0,-0.09677311033010483,0.13808152079582214,0.08657057583332062,-0.03829500079154968,0.004898879677057266,0.026639938354492188,0.14022570848464966,0.15935811400413513,160.92044067382812,18.003990173339844,178.9244384765625,129.61256408691406,1.5782959461212158
pull_up,/Users/josephkamil/Desktop/Capstone/PullUps/v_PullUps_g24_c02.avi,1,,192,1.0,0.0,-0.10856971144676208,0.14062391221523285,0.08655011653900146,-0.0385252982378006,0.0034968580584973097,0.02715107798576355,0.13861200213432312,0.15835100412368774,157.2847137451172,21.63983726501465,178.92454528808594,140.69882202148438,1.1368430852890015
pull_up,/Users/josephkamil/Desktop/Capstone/PullUps/v_PullUps_g24_c03.avi,1,,180,1.0,0.0,-0.10611684620380402,0.1401483714580536,0.0859539806842804,-0.0378279834985733,0.0034410813823342323,0.023250281810760498,0.13225966691970825,0.15387016534805298,141.8426513671875,37.08515167236328,178.9278106689453,140.83441162109375,1.1376502513885498
pull_up,/Users/josephkamil/Desktop/Capstone/PullUps/v_PullUps_g24_c04.avi,1,,197,1.0,0.0,-0.11137574911117554,0.14233562350273132,0.08615250140428543,-0.03916153311729431,0.0023897099308669567,0.015150874853134155,0.12879818677902222,0.14800965785980225,170.56869506835938,8.382322311401367,178.95101928710938,142.36480712890625,0.7974832653999329
pull_up,/Users/josephkamil/Desktop/Capstone/PullUps/v_PullUps_g25_c01.avi,1,,66,1.0,0.0,-0.063033826649189,0.14399398863315582,0.10413847118616104,-0.048373326659202576,0.03955473378300667,0.04410214722156525,0.10385441780090332,0.13568472862243652,137.69580078125,40.447364807128906,178.14317321777344,96.34550476074219,9.19210147857666
pull_up,/Users/josephkamil/Desktop/Capstone/PullUps/v_PullUps_g25_c02.avi,1,,110,1.0,0.0,-0.15727576613426208,0.304507851600647,0.18291322886943817,-0.09147796034812927,0.07152793556451797,0.04347178339958191,0.25452619791030884,0.30158835649490356,137.5689697265625,31.835811614990234,169.40478515625,110.44243621826172,10.444665908813477
pull_up,/Users/josephkamil/Desktop/Capstone/PullUps/v_PullUps_g25_c03.avi,1,,11,1.0,0.0,-0.14484815299510956,0.20515964925289154,0.07563405483961105,-0.06963399052619934,0.05496005713939667,0.10805334150791168,0.08627849817276001,0.2651160955429077,33.06158447265625,130.62957763671875,163.691162109375,145.33041381835938,11.52557373046875
pull_up,/Users/josephkamil/Desktop/Capstone/PullUps/v_PullUps_g25_c04.avi,1,,74,0.918918918918919,0.08108108108108109,-0.06093863397836685,0.12797686457633972,0.0849168449640274,-0.036660335958004,0.033636633306741714,0.10731160640716553,0.1654576063156128,0.16485217213630676,175.2356719970703,3.1974668502807617,178.43313598632812,109.0364761352539,9.61156177520752
pull_up,/Users/josephkamil/Desktop/Capstone/pull Up/pull up_1.mp4,1,,517,0.9941972920696325,0.005802707930367505,-0.13820938766002655,0.19869664311408997,0.15681041777133942,-0.060198426246643066,0.0024640047922730446,0.2570432424545288,0.44321948289871216,0.49592161178588867,163.44058227539062,15.397394180297852,178.83798217773438,125.64712524414062,1.1491094827651978
pull_up,/Users/josephkamil/Desktop/Capstone/pull Up/pull up_10.mp4,1,,243,1.0,0.0,-0.1644301563501358,0.24476340413093567,0.15544380247592926,-0.0618167519569397,0.008202875964343548,0.016546428203582764,0.25223058462142944,0.3124958872795105,160.75424194335938,18.65966033935547,179.4138946533203,125.3348617553711,3.7494990825653076
pull_up,/Users/josephkamil/Desktop/Capstone/pull Up/pull up_11.mp4,1,,220,0.9227272727272727,0.07727272727272727,-0.14871275424957275,0.22934362292289734,0.1808890551328659,-0.05421185493469238,0.006250925827771425,0.017782628536224365,0.255206435918808,0.31793785095214844,167.3655548095703,11.9956636428833,179.36122131347656,116.46944427490234,3.2980403900146484
pull_up,/Users/josephkamil/Desktop/Capstone/pull Up/pull up_12.mp4,1,,174,0.8563218390804598,0.14367816091954022,-0.2554149031639099,0.3568098247051239,0.2681420147418976,-0.08586201071739197,0.02593771368265152,0.16139037907123566,0.6519847512245178,0.7876771092414856,158.3805694580078,21.224079132080078,179.60464477539062,121.3239517211914,7.190630912780762
pull_up,/Users/josephkamil/Desktop/Capstone/pull Up/pull up_13.mp4,1,,401,0.8902743142144638,0.10972568578553615,-0.318562775850296,0.39133545756340027,-0.04241114482283592,-0.09876465797424316,0.022704236209392548,0.09389623999595642,0.4938870966434479,0.44992637634277344,163.44967651367188,16.201276779174805,179.6509552001953,137.44651794433594,4.170976638793945
pull_up,/Users/josephkamil/Desktop/Capstone/pull Up/pull up_14.mp4,1,,184,0.8315217391304348,0.16847826086956522,-0.16638539731502533,0.3116770088672638,0.2544158697128296,-0.128628671169281,0.0071344636380672455,0.14035233855247498,0.48997053503990173,0.6424106359481812,157.6882781982422,15.821365356445312,173.5096435546875,91.98523712158203,2.2164804935455322
pull_up,/Users/josephkamil/Desktop/Capstone/pull Up/pull up_15.mp4,1,,13,0.6153846153846154,0.38461538461538464,-0.11580078303813934,0.28599706292152405,-0.1829831898212433,-0.17129135131835938,0.10178788006305695,0.43954575061798096,0.3672974109649658,0.3874025344848633,165.7005615234375,11.810867309570312,177.5114288330078,102.71871185302734,12.476704597473145
pull_up,/Users/josephkamil/Desktop/Capstone/pull Up/pull up_16.mp4,1,,25,0.72,0.28,-0.08368648588657379,0.21798135340213776,-0.1994660198688507,-0.15313270688056946,0.15732812881469727,0.5971880555152893,0.6931473016738892,0.4490659236907959,135.10997009277344,28.851469039916992,163.96144104003906,91.53199005126953,55.308406829833984
pull_up,/Users/josephkamil/Desktop/Capstone/pull Up/pull up_17.mp4,1,,23,0.7391304347826086,0.2608695652173913,-0.12242177128791809,0.641935408115387,0.5020802021026611,-0.27456387877464294,0.10320425033569336,0.23432496190071106,0.35054048895835876,0.47392737865448,75.35065460205078,31.756568908691406,107.10722351074219,51.608463287353516,3.5874521732330322
pull_up,/Users/josephkamil/Desktop/Capstone/pull Up/pull up_18.mp4,1,,82,1.0,0.0,-0.25456297397613525,0.3708230257034302,0.24331390857696533,-0.1261133849620819,0.02200734242796898,0.0694664865732193,0.33403509855270386,0.42592620849609375,152.07757568359375,22.662975311279297,174.7405548095703,120.15689086914062,5.849505424499512
pull_up,/Users/josephkamil/Desktop/Capstone/pull Up/pull up_19.mp4,1,,11,0.36363636363636365,0.6363636363636364,0.05497483164072037,0.13582782447338104,-0.05272078514099121,-0.003615260124206543,0.03527785465121269,0.45229601860046387,0.24074316024780273,0.36928296089172363,136.0371551513672,43.414546966552734,179.4517059326172,108.5815658569336,29.229833602905273
pull_up,/Users/josephkamil/Desktop/Capstone/pull Up/pull up_2.mp4,1,,430,0.9186046511627907,0.08139534883720931,-0.12459344416856766,0.19656117260456085,0.15453721582889557,-0.06179508566856384,0.010334532707929611,0.6293632388114929,0.40924227237701416,0.4381507635116577,178.1289520263672,1.0754085779190063,179.20436096191406,142.9705047607422,6.127073287963867
pull_up,/Users/josephkamil/Desktop/Capstone/pull Up/pull up_20.mp4,1,,243,0.7119341563786008,0.2880658436213992,-0.12108941376209259,0.3135744035243988,0.21621035039424896,-0.0788198709487915,0.013302386738359928,0.07576736807823181,0.2831531763076782,0.3483707308769226,149.66644287109375,27.040081024169922,176.70652770996094,102.52850341796875,4.184996604919434
pull_up,/Users/josephkamil/Desktop/Capstone/pull Up/pull up_21.mp4,1,,255,0.8352941176470589,0.16470588235294117,-0.13373437523841858,0.30827802419662476,0.1769358366727829,-0.09175744652748108,0.004672956187278032,0.08501295745372772,0.3335916996002197,0.41418910026550293,178.29696655273438,1.0519261360168457,179.34889221191406,108.93856811523438,0.7386582493782043
pull_up,/Users/josephkamil/Desktop/Capstone/pull Up/pull up_22.mp4,1,,202,1.0,0.0,-0.3306775689125061,0.5293848514556885,0.4062894284725189,-0.20865873992443085,0.021633043885231018,0.1375637650489807,0.5405718088150024,0.8229846954345703,177.40464782714844,1.1064072847366333,178.5110626220703,97.24268341064453,7.032491207122803
pull_up,/Users/josephkamil/Desktop/Capstone/pull Up/pull up_23.mp4,1,,126,0.9047619047619048,0.09523809523809523,-0.19559691846370697,0.4054260849952698,0.1726633906364441,-0.09882676601409912,0.007907340303063393,0.016946136951446533,0.34560632705688477,0.3201051950454712,148.1627197265625,22.261953353881836,170.42466735839844,105.88634490966797,1.6100765466690063
pull_up,/Users/josephkamil/Desktop/Capstone/pull Up/pull up_24.mp4,1,,89,0.797752808988764,0.20224719101123595,-0.1318306177854538,0.5084493160247803,0.08979225158691406,-0.18518316745758057,0.059165872633457184,0.39167553186416626,0.3922351598739624,0.39883679151535034,176.5176239013672,0.4500860571861267,176.96771240234375,53.54729080200195,6.941336154937744
pull_up,/Users/josephkamil/Desktop/Capstone/pull Up/pull up_25.mp4,1,,68,0.8823529411764706,0.11764705882352941,-0.08996611088514328,0.013323894701898098,0.023016346618533134,-0.018973127007484436,0.03406699746847153,0.3344019651412964,0.2740367650985718,0.5300252437591553,175.38796997070312,1.1716926097869873,176.55966186523438,74.4796371459961,83.5407943725586
pull_up,/Users/josephkamil/Desktop/Capstone/pull Up/pull up_26.mp4,1,,31,1.0,0.0,-0.13878487050533295,-0.009093870408833027,-0.051422394812107086,-0.034186333417892456,0.01545598916709423,0.1261504888534546,0.09561336040496826,0.16318976879119873,96.59935760498047,80.36304473876953,176.96240234375,162.4866180419922,101.53840637207031
pull_up,/Users/josephkamil/Desktop/Capstone/pull Up/pull up_3.mp4,1,,1121,0.9785905441570026,0.021409455842997322,-0.1532808095216751,0.2117268294095993,0.16113398969173431,-0.06479406356811523,0.009441472589969635,0.6131864190101624,0.36891478300094604,0.390228271484375,173.2770233154297,5.963091850280762,179.2401123046875,130.8262481689453,4.970602035522461
pull_up,/Users/josephkamil/Desktop/Capstone/pull Up/pull up_4.mp4,1,,575,0.9721739130434782,0.02782608695652174,-0.16412948071956635,0.2443556785583496,0.13865447044372559,-0.06329816579818726,0.00820240005850792,0.7187851667404175,0.539659857749939,0.6030401587486267,176.2727813720703,3.073845386505127,179.3466339111328,141.17442321777344,1.8177207708358765
pull_up,/Users/josephkamil/Desktop/Capstone/pull Up/pull up_5.mp4,1,,25,0.92,0.08,-0.017893783748149872,0.25311675667762756,0.1986245959997177,-0.05336344242095947,0.0294665340334177,0.045970141887664795,0.040321677923202515,0.07769381999969482,102.50309753417969,9.334432601928711,111.83753204345703,42.095733642578125,6.703464508056641
pull_up,/Users/josephkamil/Desktop/Capstone/pull Up/pull up_6.mp4,1,,252,1.0,0.0,-0.39664679765701294,0.07572268694639206,-0.18560916185379028,-0.2222326695919037,0.04565474018454552,0.05644407868385315,0.6280777454376221,0.644994854927063,147.7265625,31.98628044128418,179.7128448486328,125.88057708740234,36.698421478271484
pull_up,/Users/josephkamil/Desktop/Capstone/pull Up/pull up_7.mp4,1,,270,0.9074074074074074,0.09259259259259259,-0.2776871919631958,0.42267608642578125,-0.08342593163251877,-0.12465023994445801,0.0042269122786819935,0.03802281618118286,0.44877564907073975,0.43594223260879517,175.82089233398438,3.7901580333709717,179.61105346679688,119.03307342529297,0.7758362889289856
pull_up,/Users/josephkamil/Desktop/Capstone/pull Up/pull up_8.mp4,1,,140,0.8071428571428572,0.19285714285714287,-0.10743159055709839,0.20067864656448364,0.1366855651140213,-0.05018036812543869,0.03603662550449371,0.16051819920539856,0.26226863265037537,0.30287256836891174,140.84136962890625,36.03660202026367,176.8779754638672,120.13990020751953,13.145899772644043
pull_up,/Users/josephkamil/Desktop/Capstone/pull Up/pull up_9.mp4,1,,365,0.9534246575342465,0.04657534246575343,-0.14770135283470154,0.21304799616336823,0.15805906057357788,-0.05830395221710205,0.022816399112343788,0.042579397559165955,0.23010939359664917,0.2906979024410248,166.81866455078125,7.655010223388672,174.4736785888672,132.54356384277344,9.29173469543457
push_up,/Users/josephkamil/Desktop/Capstone/PushUps/v_PushUps_g01_c01.avi,1,,56,0.0,1.0,0.2004704624414444,-0.010356445796787739,0.08444361388683319,0.07775059342384338,0.040542446076869965,0.029423236846923828,0.20978885889053345,0.15685147047042847,112.81790161132812,55.87698745727539,168.69488525390625,115.51703643798828,92.48397064208984
push_up,/Users/josephkamil/Desktop/Capstone/PushUps/v_PushUps_g01_c02.avi,1,,53,0.0,1.0,0.20972424745559692,0.0013776725390926003,0.0860600546002388,0.0639532208442688,0.033360544592142105,0.027396678924560547,0.20865976810455322,0.15295124053955078,112.99349975585938,53.754154205322266,166.74765014648438,123.01327514648438,89.63059997558594
push_up,/Users/josephkamil/Desktop/Capstone/PushUps/v_PushUps_g01_c03.avi,1,,51,0.0,1.0,0.20701554417610168,0.013494905084371567,0.08222957700490952,0.0723908543586731,0.029146453365683556,0.02571713924407959,0.2067723274230957,0.16952192783355713,129.87799072265625,37.232872009277344,167.11085510253906,119.2639389038086,86.65084075927734
push_up,/Users/josephkamil/Desktop/Capstone/PushUps/v_PushUps_g01_c04.avi,1,,82,0.17073170731707318,0.8292682926829268,0.12299885600805283,0.05068439990282059,0.04743260145187378,0.09001651406288147,0.055436402559280396,0.08845919370651245,0.34296512603759766,0.2795320451259613,178.38160705566406,0.844814658164978,179.22642517089844,105.18800354003906,68.04652404785156
push_up,/Users/josephkamil/Desktop/Capstone/PushUps/v_PushUps_g01_c05.avi,1,,63,0.0,1.0,0.1774268001317978,-0.009500857442617416,0.032982856035232544,0.07721543312072754,0.02977239154279232,0.022166788578033447,0.18750512599945068,0.16693496704101562,87.27149963378906,76.72476196289062,163.9962615966797,119.1166000366211,92.66936492919922
push_up,/Users/josephkamil/Desktop/Capstone/PushUps/v_PushUps_g02_c01.avi,1,,67,0.0,1.0,0.23129938542842865,-0.10797072947025299,0.05458596721291542,0.10131287574768066,0.010926499031484127,0.06825286149978638,0.22188800573349,0.22069895267486572,92.17086029052734,87.1615982055664,179.33245849609375,136.78756713867188,119.7987289428711
push_up,/Users/josephkamil/Desktop/Capstone/PushUps/v_PushUps_g02_c02.avi,1,,73,0.0,1.0,0.22026163339614868,-0.12472399324178696,0.05566113442182541,0.10313278436660767,0.013535339385271072,0.0737755298614502,0.23008203506469727,0.15613052248954773,103.71092987060547,75.66634368896484,179.3772735595703,126.956787109375,122.54981994628906
push_up,/Users/josephkamil/Desktop/Capstone/PushUps/v_PushUps_g02_c03.avi,1,,79,0.0,1.0,0.22652244567871094,-0.1183142364025116,0.07853499054908752,0.10051938891410828,0.02013293094933033,0.04106771945953369,0.2039588987827301,0.19742703437805176,102.4728775024414,77.06119537353516,179.53407287597656,132.7605743408203,120.92633819580078
push_up,/Users/josephkamil/Desktop/Capstone/PushUps/v_PushUps_g02_c04.avi,1,,84,0.0,1.0,0.23053748905658722,-0.1155952587723732,0.07760079205036163,0.10077938437461853,0.020536165684461594,0.045926809310913086,0.20572173595428467,0.199474036693573,101.3272933959961,77.61211395263672,178.9394073486328,135.49951171875,120.0903091430664
push_up,/Users/josephkamil/Desktop/Capstone/PushUps/v_PushUps_g03_c01.avi,1,,70,0.0,1.0,0.19176636636257172,-0.035479724407196045,0.08242250233888626,0.07547193765640259,0.019885970279574394,0.022741317749023438,0.18594861030578613,0.1196243166923523,91.97895050048828,75.73827362060547,167.71722412109375,132.8119659423828,99.72889709472656
push_up,/Users/josephkamil/Desktop/Capstone/PushUps/v_PushUps_g03_c02.avi,1,,63,0.0,1.0,0.18054863810539246,-0.038852185010910034,0.07768856734037399,0.07610982656478882,0.01866014115512371,0.031638264656066895,0.19298499822616577,0.10270249843597412,97.72893524169922,69.70104217529297,167.4299774169922,126.75381469726562,100.68193054199219
push_up,/Users/josephkamil/Desktop/Capstone/PushUps/v_PushUps_g03_c03.avi,1,,63,0.0,1.0,0.19565454125404358,-0.008596953004598618,0.07348223030567169,0.07763522863388062,0.021303972229361534,0.03720557689666748,0.1776304841041565,0.09619176387786865,76.67515563964844,91.26777648925781,167.94293212890625,151.235107421875,92.20893859863281
push_up,/Users/josephkamil/Desktop/Capstone/PushUps/v_PushUps_g03_c04.avi,1,,72,0.0,1.0,0.15941087901592255,0.014337494969367981,0.04747624695301056,0.07730039954185486,0.05357794091105461,0.04920065402984619,0.1988270878791809,0.16500025987625122,84.58699035644531,78.09860229492188,162.6855926513672,115.88352966308594,86.22229766845703
push_up,/Users/josephkamil/Desktop/Capstone/PushUps/v_PushUps_g04_c01.avi,1,,91,0.0,1.0,0.20498822629451752,0.09996074438095093,0.06479435414075851,0.10540491342544556,0.07349588721990585,0.037480711936950684,0.27327388525009155,0.17758417129516602,128.7038116455078,50.70870590209961,179.4125213623047,136.84739685058594,62.676902770996094
push_up,/Users/josephkamil/Desktop/Capstone/PushUps/v_PushUps_g04_c02.avi,1,,97,0.0,1.0,0.2303978055715561,0.10668597370386124,0.07569538056850433,0.08731234073638916,0.061648398637771606,0.035144031047821045,0.27482539415359497,0.19034945964813232,121.4995346069336,57.93236541748047,179.43190002441406,143.94386291503906,60.129364013671875
push_up,/Users/josephkamil/Desktop/Capstone/PushUps/v_PushUps_g04_c03.avi,1,,111,0.0,1.0,0.221048042178154,0.10281431674957275,0.0737314224243164,0.09283041954040527,0.059539634734392166,0.035305798053741455,0.2687770128250122,0.1641942262649536,140.30360412597656,39.190860748291016,179.4944610595703,140.45655822753906,61.178863525390625
push_up,/Users/josephkamil/Desktop/Capstone/PushUps/v_PushUps_g04_c04.avi,1,,130,0.0,1.0,0.24044851958751678,0.12161664664745331,0.06230088695883751,0.04479183256626129,0.08036243915557861,0.019824743270874023,0.2755405306816101,0.22054767608642578,95.02772521972656,78.85946655273438,173.88719177246094,142.03623962402344,56.71052551269531
push_up,/Users/josephkamil/Desktop/Capstone/PushUps/v_PushUps_g04_c05.avi,1,,134,0.0,1.0,0.24870209395885468,0.12445901334285736,0.0663902759552002,0.03642696142196655,0.08012215793132782,0.02552616596221924,0.2707263231277466,0.2136402130126953,85.5814437866211,88.3440933227539,173.925537109375,144.3806610107422,55.82381057739258
push_up,/Users/josephkamil/Desktop/Capstone/PushUps/v_PushUps_g05_c01.avi,1,,150,0.0,1.0,0.3499273657798767,0.187275230884552,0.22315654158592224,0.05281403660774231,0.05041325092315674,0.1408369541168213,0.36398011445999146,0.34496232867240906,170.10089111328125,9.48132610321045,179.58221435546875,145.93856811523438,62.5367431640625
push_up,/Users/josephkamil/Desktop/Capstone/PushUps/v_PushUps_g05_c02.avi,1,,150,0.0,1.0,0.35904550552368164,0.20623750984668732,0.22100521624088287,0.041353240609169006,0.05525841936469078,0.16121941804885864,0.40866905450820923,0.3417987823486328,122.10943603515625,57.067626953125,179.17706298828125,143.49798583984375,60.430702209472656
push_up,/Users/josephkamil/Desktop/Capstone/PushUps/v_PushUps_g05_c03.avi,1,,131,0.0,1.0,0.3439441919326782,0.19724531471729279,0.21491308510303497,0.04634544253349304,0.04986412450671196,0.15175265073776245,0.3680947422981262,0.29686614871025085,160.56275939941406,18.795061111450195,179.35781860351562,142.58157348632812,61.16699981689453
push_up,/Users/josephkamil/Desktop/Capstone/PushUps/v_PushUps_g05_c04.avi,1,,150,0.0,1.0,0.3635867238044739,0.2042914777994156,0.22274930775165558,0.06006355583667755,0.05364850535988808,0.1424371600151062,0.37252891063690186,0.3193713426589966,159.7252655029297,19.83931541442871,179.5645751953125,148.35122680664062,60.74018096923828
push_up,/Users/josephkamil/Desktop/Capstone/PushUps/v_PushUps_g06_c01.avi,1,,84,0.0,1.0,0.19686049222946167,-0.20593993365764618,0.0003516529395710677,0.17458641529083252,0.01982502080500126,0.2905347943305969,0.3075098991394043,0.24364954233169556,111.89228820800781,48.81303024291992,160.705322265625,107.8014907836914,145.4899139404297
push_up,/Users/josephkamil/Desktop/Capstone/PushUps/v_PushUps_g06_c02.avi,0,,0,0.0,0.0,0.0,0.0,0.0,0.0,0.0,0.0,0.0,0.0,0.0,180.0,180.0,180.0,0.0
push_up,/Users/josephkamil/Desktop/Capstone/PushUps/v_PushUps_g06_c03.avi,0,,0,0.0,0.0,0.0,0.0,0.0,0.0,0.0,0.0,0.0,0.0,0.0,180.0,180.0,180.0,0.0
push_up,/Users/josephkamil/Desktop/Capstone/PushUps/v_PushUps_g06_c04.avi,0,,0,0.0,0.0,0.0,0.0,0.0,0.0,0.0,0.0,0.0,0.0,0.0,180.0,180.0,180.0,0.0
push_up,/Users/josephkamil/Desktop/Capstone/PushUps/v_PushUps_g07_c01.avi,1,,74,0.0,1.0,0.23492664098739624,0.03808478266000748,0.07158349454402924,0.04381982982158661,0.04269685968756676,0.23911917209625244,0.25178349018096924,0.1822819709777832,67.62158966064453,94.43421173095703,162.05580139160156,138.06005859375,82.60310363769531
push_up,/Users/josephkamil/Desktop/Capstone/PushUps/v_PushUps_g07_c02.avi,1,,77,0.0,1.0,0.25100523233413696,0.04396864399313927,0.07560164481401443,0.03545531630516052,0.03683440759778023,0.1868518590927124,0.24643445014953613,0.1885417103767395,81.64717864990234,89.90970611572266,171.556884765625,141.24017333984375,81.27427673339844
push_up,/Users/josephkamil/Desktop/Capstone/PushUps/v_PushUps_g07_c03.avi,1,,75,0.0,1.0,0.2565876841545105,0.03247210755944252,0.061163030564785004,0.029991328716278076,0.03472759202122688,0.16939103603363037,0.24748700857162476,0.17197483777999878,83.4195785522461,84.21710968017578,167.63668823242188,141.1597442626953,83.30821990966797
push_up,/Users/josephkamil/Desktop/Capstone/PushUps/v_PushUps_g07_c04.avi,1,,55,0.0,1.0,0.2787579596042633,-0.020091339945793152,0.049067068845033646,0.04646441340446472,0.0217790175229311,0.2291826605796814,0.2759947180747986,0.24467408657073975,96.6187744140625,77.6810302734375,174.2998046875,132.716552734375,96.05778503417969
push_up,/Users/josephkamil/Desktop/Capstone/PushUps/v_PushUps_g08_c01.avi,1,,84,0.0,1.0,0.2296651154756546,0.18749526143074036,0.050805460661649704,0.09185671806335449,0.01178076770156622,0.03677445650100708,0.11051741242408752,0.11268100142478943,44.09162139892578,96.6568832397461,140.74850463867188,124.7068099975586,23.03560447692871
push_up,/Users/josephkamil/Desktop/Capstone/PushUps/v_PushUps_g08_c02.avi,1,,84,0.0,1.0,0.22564303874969482,0.18168899416923523,0.049350567162036896,0.0992407500743866,0.012699652463197708,0.08483034372329712,0.19175508618354797,0.1032133400440216,62.22434997558594,83.95982360839844,146.18417358398438,121.53479766845703,26.33040428161621
push_up,/Users/josephkamil/Desktop/Capstone/PushUps/v_PushUps_g08_c03.avi,1,,84,0.0,1.0,0.2226267158985138,0.17380023002624512,0.03650126978754997,0.09293515980243683,0.01224406249821186,0.12970620393753052,0.21759796142578125,0.15592235326766968,51.02777862548828,95.94054412841797,146.96832275390625,126.74329376220703,25.52205467224121
push_up,/Users/josephkamil/Desktop/Capstone/PushUps/v_PushUps_g08_c04.avi,1,,84,0.0,1.0,0.22999291121959686,0.17962484061717987,0.04027905687689781,0.09159299731254578,0.016713352873921394,0.05285966396331787,0.12841832637786865,0.17094945907592773,54.50685119628906,90.41604614257812,144.9228973388672,124.69229888916016,29.977521896362305
push_up,/Users/josephkamil/Desktop/Capstone/PushUps/v_PushUps_g09_c01.avi,1,,82,0.0,1.0,0.2398742288351059,0.070015549659729,0.027670659124851227,0.09205693006515503,0.04700038582086563,0.032878756523132324,0.1929863691329956,0.13956117630004883,85.22447967529297,94.07598114013672,179.3004608154297,161.36514282226562,64.87100219726562
push_up,/Users/josephkamil/Desktop/Capstone/PushUps/v_PushUps_g09_c02.avi,1,,74,0.0,1.0,0.24237720668315887,0.07995612919330597,0.02063130773603916,0.09306740760803223,0.030902201309800148,0.07611745595932007,0.1939927041530609,0.17879927158355713,55.23528289794922,124.05371856689453,179.28900146484375,167.68496704101562,60.791343688964844
push_up,/Users/josephkamil/Desktop/Capstone/PushUps/v_PushUps_g09_c03.avi,1,,84,0.0,1.0,0.25238147377967834,0.08051949739456177,0.012662936002016068,0.039237797260284424,0.041129883378744125,0.10585099458694458,0.18514370918273926,0.10536426305770874,66.35398864746094,112.04632568359375,178.4003143310547,152.85447692871094,63.40264129638672
push_up,/Users/josephkamil/Desktop/Capstone/PushUps/v_PushUps_g09_c04.avi,1,,81,0.0,1.0,0.25127485394477844,0.07370628416538239,0.011116618290543556,0.022940993309020996,0.03197326138615608,0.0430217981338501,0.14800575375556946,0.11324995756149292,24.318328857421875,155.1580810546875,179.47640991210938,173.38674926757812,63.15953063964844
push_up,/Users/josephkamil/Desktop/Capstone/PushUps/v_PushUps_g10_c01.avi,1,,42,0.0,1.0,0.5213032960891724,0.17561013996601105,0.11863299459218979,0.10309000313282013,0.10837307572364807,0.06599032878875732,0.3047500252723694,0.2627967596054077,29.796417236328125,149.86761474609375,179.66403198242188,174.68890380859375,59.52638626098633
push_up,/Users/josephkamil/Desktop/Capstone/PushUps/v_PushUps_g10_c02.avi,1,,3,0.6666666666666666,0.3333333333333333,-0.03791429102420807,0.09836840629577637,-0.012203712947666645,-0.06303548812866211,0.023021897301077843,0.17713887989521027,0.05554486811161041,0.03981080651283264,84.43505859375,84.02618408203125,168.46124267578125,125.42139434814453,41.87953186035156
push_up,/Users/josephkamil/Desktop/Capstone/PushUps/v_PushUps_g10_c03.avi,1,,2,0.5,0.5,-0.024738892912864685,0.09240783751010895,-0.10350096970796585,-0.04676297307014465,0.04844927787780762,0.0873836874961853,0.01877012848854065,0.002860426902770996,40.50535583496094,121.06396484375,161.56932067871094,141.316650390625,36.981361389160156
push_up,/Users/josephkamil/Desktop/Capstone/PushUps/v_PushUps_g10_c04.avi,1,,33,0.030303030303030304,0.9696969696969697,0.45941418409347534,0.13528911769390106,0.11043824255466461,0.12821710109710693,0.12088444828987122,0.2797608971595764,0.40539249777793884,0.3064403831958771,57.95653533935547,121.4947738647461,179.45130920410156,169.37196350097656,65.79443359375
push_up,/Users/josephkamil/Desktop/Capstone/PushUps/v_PushUps_g11_c01.avi,1,,48,0.4583333333333333,0.5416666666666666,0.02329769730567932,-0.10746550559997559,0.017999500036239624,0.13090410828590393,0.05669902637600899,0.17588195204734802,0.29468128085136414,0.18636739253997803,130.2943115234375,47.15528106689453,177.4495849609375,80.42792510986328,126.23995208740234
push_up,/Users/josephkamil/Desktop/Capstone/PushUps/v_PushUps_g11_c02.avi,1,,44,0.2727272727272727,0.7272727272727273,0.043073806911706924,-0.04211816564202309,0.024940645322203636,0.09795708954334259,0.04694811999797821,0.21465247869491577,0.2468765377998352,0.16550815105438232,134.6793975830078,34.74172592163086,169.42112731933594,103.39138793945312,103.88872528076172
push_up,/Users/josephkamil/Desktop/Capstone/PushUps/v_PushUps_g11_c03.avi,1,,18,0.16666666666666666,0.8333333333333334,0.06381317228078842,-0.015459880232810974,0.040636707097291946,0.11614638566970825,0.03449631854891777,0.09263181686401367,0.17510473728179932,0.13088104128837585,68.94144439697266,109.51642608642578,178.45787048339844,160.53875732421875,95.17752075195312
push_up,/Users/josephkamil/Desktop/Capstone/PushUps/v_PushUps_g11_c04.avi,1,,25,0.4,0.6,0.02239261195063591,-0.1401473581790924,0.027238178998231888,0.07698369026184082,0.06974447518587112,0.21491935849189758,0.27592921257019043,0.10106551647186279,118.91287994384766,55.81324005126953,174.7261199951172,83.54837799072266,137.69607543945312
push_up,/Users/josephkamil/Desktop/Capstone/PushUps/v_PushUps_g12_c01.avi,1,,72,0.0,1.0,0.2625625431537628,0.04487399011850357,0.11128607392311096,0.08571955561637878,0.02968580834567547,0.1488713026046753,0.28640085458755493,0.18221896886825562,98.20972442626953,73.52164459228516,171.7313690185547,144.57644653320312,82.33229064941406
push_up,/Users/josephkamil/Desktop/Capstone/PushUps/v_PushUps_g12_c02.avi,1,,71,0.0,1.0,0.27523577213287354,0.04873836040496826,0.12832430005073547,0.09802782535552979,0.023573720827698708,0.14243459701538086,0.2990737557411194,0.181726336479187,137.5823211669922,34.686370849609375,172.26869201660156,146.28289794921875,82.1420669555664
push_up,/Users/josephkamil/Desktop/Capstone/PushUps/v_PushUps_g12_c03.avi,1,,69,0.0,1.0,0.2747437059879303,0.03578680008649826,0.129342183470726,0.10763496160507202,0.020589977502822876,0.1412343978881836,0.2806473970413208,0.1996767520904541,174.65476989746094,2.1278791427612305,176.78265380859375,137.57371520996094,84.26514434814453
push_up,/Users/josephkamil/Desktop/Capstone/PushUps/v_PushUps_g12_c04.avi,1,,68,0.0,1.0,0.27308565378189087,0.045542169362306595,0.11134321242570877,0.08939924836158752,0.0239713117480278,0.1320953369140625,0.27304601669311523,0.18667393922805786,132.92599487304688,46.309837341308594,179.23583984375,149.0716552734375,82.67596435546875
push_up,/Users/josephkamil/Desktop/Capstone/PushUps/v_PushUps_g13_c01.avi,1,,47,0.0,1.0,0.46713393926620483,0.047270648181438446,0.09989915788173676,0.052779972553253174,0.02747943624854088,0.25728172063827515,0.33086085319519043,0.1844310760498047,106.4605712890625,61.55171203613281,168.0122833251953,148.06036376953125,77.99891662597656
push_up,/Users/josephkamil/Desktop/Capstone/PushUps/v_PushUps_g13_c02.avi,1,,65,0.0,1.0,0.4236789345741272,0.07392676174640656,0.0736769437789917,0.056781917810440063,0.0264173224568367,0.34283334016799927,0.2379143238067627,0.12121346592903137,109.58897399902344,64.39117431640625,173.9801483154297,141.8382568359375,72.243896484375
push_up,/Users/josephkamil/Desktop/Capstone/PushUps/v_PushUps_g13_c03.avi,1,,51,0.0,1.0,0.2267712950706482,-0.004966183099895716,0.009074597619473934,0.09184002876281738,0.07055408507585526,0.08754223585128784,0.30728375911712646,0.18435883522033691,178.57386779785156,0.9194255471229553,179.4932861328125,131.38369750976562,88.5932388305664
push_up,/Users/josephkamil/Desktop/Capstone/PushUps/v_PushUps_g13_c04.avi,1,,37,0.02702702702702703,0.972972972972973,0.3430665135383606,0.01131561677902937,0.15246470272541046,0.07340621948242188,0.0380050353705883,0.7010798454284668,0.2544570565223694,0.31522616744041443,128.07420349121094,51.30246353149414,179.3766632080078,157.88255310058594,91.76435852050781
push_up,/Users/josephkamil/Desktop/Capstone/PushUps/v_PushUps_g14_c01.avi,1,,103,0.0,1.0,0.197793647646904,-0.06313244253396988,0.0024605276994407177,0.2003973126411438,0.28462469577789307,0.07702171802520752,0.26869848370552063,0.454285204410553,54.268653869628906,72.74966430664062,127.01831817626953,104.8143081665039,98.84420776367188
push_up,/Users/josephkamil/Desktop/Capstone/PushUps/v_PushUps_g14_c02.avi,1,,92,0.0,1.0,0.21995453536510468,-0.19205759465694427,-0.179247185587883,0.21025601029396057,0.25039321184158325,0.06825822591781616,0.23664343357086182,0.5275394916534424,45.24415588378906,75.02046203613281,120.26461791992188,92.06558990478516,116.69844055175781
push_up,/Users/josephkamil/Desktop/Capstone/PushUps/v_PushUps_g14_c03.avi,1,,98,0.0,1.0,0.2195821851491928,-0.10986403375864029,-0.12176484614610672,0.20380616188049316,0.2694814205169678,0.0562821626663208,0.2549232244491577,0.4684656858444214,40.22521209716797,76.72357940673828,116.94879150390625,102.03504943847656,105.52043914794922
push_up,/Users/josephkamil/Desktop/Capstone/PushUps/v_PushUps_g14_c04.avi,1,,94,0.0,1.0,0.21094851195812225,-0.17151744663715363,-0.16749832034111023,0.21618089079856873,0.26013460755348206,0.03973674774169922,0.2472667694091797,0.45753735303878784,38.067230224609375,74.9936752319336,113.06090545654297,94.74617767333984,113.91532897949219
push_up,/Users/josephkamil/Desktop/Capstone/PushUps/v_PushUps_g15_c01.avi,1,,105,0.0,1.0,0.18496693670749664,0.01976679638028145,0.03795923292636871,0.10485953092575073,0.022722428664565086,0.2873043119907379,0.300839364528656,0.19390326738357544,93.43186950683594,86.048828125,179.48069763183594,125.24864196777344,78.38401794433594
push_up,/Users/josephkamil/Desktop/Capstone/PushUps/v_PushUps_g15_c02.avi,1,,86,0.0,1.0,0.185400128364563,0.009055130183696747,0.04698645696043968,0.10420015454292297,0.05291396379470825,0.04753237962722778,0.20625168085098267,0.13693204522132874,163.84471130371094,15.00246810913086,178.84718322753906,99.99536895751953,84.77999114990234
push_up,/Users/josephkamil/Desktop/Capstone/PushUps/v_PushUps_g15_c03.avi,1,,85,0.0,1.0,0.19249200820922852,0.0012162338243797421,0.05174476280808449,0.10655432939529419,0.06424367427825928,0.04907071590423584,0.24473533034324646,0.11652588844299316,129.2619171142578,44.92152404785156,174.18344116210938,105.10887145996094,88.54316711425781
push_up,/Users/josephkamil/Desktop/Capstone/PushUps/v_PushUps_g15_c04.avi,1,,90,0.0,1.0,0.1748761236667633,0.005618139170110226,0.04248535633087158,0.09800773859024048,0.03445080667734146,0.25495198369026184,0.21449211239814758,0.1383768916130066,75.58538055419922,96.79190826416016,172.37728881835938,131.08583068847656,86.48741149902344
push_up,/Users/josephkamil/Desktop/Capstone/PushUps/v_PushUps_g16_c01.avi,1,,69,0.0,1.0,0.2126682698726654,-0.11495467275381088,0.04999992996454239,0.13986295461654663,0.05094980075955391,0.17168080806732178,0.21547675132751465,0.15326738357543945,165.07904052734375,4.109527587890625,169.18856811523438,129.47621154785156,144.59271240234375
push_up,/Users/josephkamil/Desktop/Capstone/PushUps/v_PushUps_g16_c02.avi,1,,76,0.0,1.0,0.14142589271068573,-0.1605164110660553,-0.02842836268246174,0.1587073802947998,0.016718769446015358,0.06948184967041016,0.22439482808113098,0.16004419326782227,88.64090728759766,28.869272232055664,117.51017761230469,57.08139419555664,161.9699249267578
push_up,/Users/josephkamil/Desktop/Capstone/PushUps/v_PushUps_g16_c03.avi,1,,26,0.0,1.0,0.12884464859962463,-0.15085944533348083,-0.021970897912979126,0.15378618240356445,0.02287452481687069,0.05855882167816162,0.23533844947814941,0.19401931762695312,109.44163513183594,55.21225357055664,164.6538848876953,97.29813385009766,164.17062377929688
push_up,/Users/josephkamil/Desktop/Capstone/PushUps/v_PushUps_g16_c04.avi,1,,29,0.0,1.0,0.16323305666446686,-0.16931821405887604,-0.036791957914829254,0.14119958877563477,0.020206861197948456,0.06777632236480713,0.2518351674079895,0.21570545434951782,77.17500305175781,33.073760986328125,110.24876403808594,65.92810821533203,169.49594116210938
push_up,/Users/josephkamil/Desktop/Capstone/PushUps/v_PushUps_g17_c01.avi,1,,77,0.0,1.0,0.23351691663265228,0.04769648239016533,0.054902855306863785,0.054259657859802246,0.01646130159497261,0.06663626432418823,0.21802616119384766,0.13121557235717773,88.19139099121094,85.84272766113281,174.03411865234375,139.42556762695312,78.94239807128906
push_up,/Users/josephkamil/Desktop/Capstone/PushUps/v_PushUps_g17_c02.avi,1,,80,0.0,1.0,0.23845157027244568,0.05199727416038513,0.05793888494372368,0.07565382122993469,0.020362330600619316,0.06912356615066528,0.2029678225517273,0.1387258768081665,100.25992584228516,76.04483795166016,176.3047637939453,145.15077209472656,77.87664031982422
push_up,/Users/josephkamil/Desktop/Capstone/PushUps/v_PushUps_g17_c03.avi,1,,74,0.0,1.0,0.22961464524269104,0.0502525232732296,0.05787498131394386,0.08467984199523926,0.021369745954871178,0.09036046266555786,0.1930147409439087,0.1281576156616211,89.93695068359375,84.59635925292969,174.53330993652344,141.43919372558594,78.12836456298828
push_up,/Users/josephkamil/Desktop/Capstone/PushUps/v_PushUps_g17_c04.avi,1,,79,0.0,1.0,0.22753140330314636,0.04778515174984932,0.056888267397880554,0.07832854986190796,0.01794831082224846,0.10522514581680298,0.20047318935394287,0.13345086574554443,91.18975830078125,83.28791809082031,174.47767639160156,144.16680908203125,78.71260070800781
push_up,/Users/josephkamil/Desktop/Capstone/PushUps/v_PushUps_g18_c01.avi,1,,72,0.0,1.0,0.44560596346855164,0.19970032572746277,0.11980479210615158,-0.01805172860622406,0.01078042108565569,0.3896263837814331,0.34074312448501587,0.3135751485824585,44.11125183105469,131.8827362060547,175.99398803710938,165.62399291992188,6.067592144012451
push_up,/Users/josephkamil/Desktop/Capstone/PushUps/v_PushUps_g18_c02.avi,1,,71,0.0,1.0,0.4321344792842865,0.17146135866641998,0.07301933318376541,-0.010637491941452026,0.0065580857917666435,0.07992291450500488,0.2972574532032013,0.21383750438690186,24.892807006835938,153.154296875,178.04710388183594,168.58241271972656,10.88362979888916
push_up,/Users/josephkamil/Desktop/Capstone/PushUps/v_PushUps_g18_c03.avi,1,,75,0.0,1.0,0.43116867542266846,0.16480885446071625,0.08169591426849365,0.005558520555496216,0.007088589482009411,0.05677342414855957,0.31826338171958923,0.21516096591949463,20.946487426757812,155.52789306640625,176.47438049316406,167.14207458496094,7.408045291900635
push_up,/Users/josephkamil/Desktop/Capstone/PushUps/v_PushUps_g18_c04.avi,1,,71,0.0,1.0,0.4308353662490845,0.15876255929470062,0.0752001702785492,-0.011495918035507202,0.003816978307440877,0.08287155628204346,0.29599815607070923,0.26518145203590393,23.540176391601562,153.3722381591797,176.91241455078125,166.36962890625,9.929525375366211
push_up,/Users/josephkamil/Desktop/Capstone/PushUps/v_PushUps_g19_c01.avi,1,,70,0.0,1.0,0.26793164014816284,0.07121708244085312,0.08960121870040894,0.08500546216964722,0.04009852930903435,0.10688388347625732,0.3093467354774475,0.20330411195755005,107.58782196044922,69.54102325439453,177.12884521484375,126.28963470458984,74.86393737792969
push_up,/Users/josephkamil/Desktop/Capstone/PushUps/v_PushUps_g19_c02.avi,1,,70,0.0,1.0,0.2633662223815918,0.06774970144033432,0.09753856062889099,0.07400637865066528,0.04385008290410042,0.09690916538238525,0.32506701350212097,0.20830297470092773,113.47490692138672,62.96405792236328,176.43896484375,123.85221862792969,75.77718353271484
push_up,/Users/josephkamil/Desktop/Capstone/PushUps/v_PushUps_g19_c03.avi,1,,75,0.0,1.0,0.25547540187835693,0.0661759227514267,0.09376443922519684,0.0872194766998291,0.04492064192891121,0.10057598352432251,0.32630372047424316,0.21690890192985535,117.83018493652344,57.48385238647461,175.3140411376953,122.83592224121094,75.96768951416016
push_up,/Users/josephkamil/Desktop/Capstone/PushUps/v_PushUps_g19_c04.avi,1,,74,0.0,1.0,0.2568671405315399,0.06999925523996353,0.09194017946720123,0.08865073323249817,0.04530026391148567,0.09810221195220947,0.32760095596313477,0.2145264446735382,113.9951171875,63.0563850402832,177.05149841308594,122.9191665649414,75.00856018066406
push_up,/Users/josephkamil/Desktop/Capstone/PushUps/v_PushUps_g20_c01.avi,1,,25,0.04,0.96,0.1321658194065094,0.04430072754621506,0.07773759216070175,0.06593936681747437,0.02906484156847,0.1526128053665161,0.1774749755859375,0.1444283127784729,75.42578887939453,95.26786041259766,170.6936492919922,149.7419891357422,63.59251022338867
push_up,/Users/josephkamil/Desktop/Capstone/PushUps/v_PushUps_g20_c02.avi,1,,29,0.3448275862068966,0.6551724137931034,0.08766511082649231,-0.025438683107495308,0.0747845247387886,0.078091561794281,0.03859454020857811,0.2243824005126953,0.17928895354270935,0.3057790994644165,170.99783325195312,5.155139923095703,176.15296936035156,106.09214782714844,118.15443420410156
push_up,/Users/josephkamil/Desktop/Capstone/PushUps/v_PushUps_g20_c03.avi,1,,3,0.6666666666666666,0.3333333333333333,0.008188863284885883,-0.03474988415837288,0.03489577770233154,0.021942615509033203,0.047236453741788864,0.14693206548690796,0.24351871013641357,0.15966778993606567,16.77191162109375,131.98426818847656,148.7561798095703,142.9202423095703,137.67481994628906
push_up,/Users/josephkamil/Desktop/Capstone/PushUps/v_PushUps_g20_c04.avi,1,,27,0.37037037037037035,0.6296296296296297,0.046093933284282684,-0.06967286765575409,0.05787399783730507,0.06997144222259521,0.03900337219238281,0.18196284770965576,0.2055169641971588,0.2856888771057129,174.33670043945312,3.114534378051758,177.45123291015625,92.25135040283203,137.1375274658203
push_up,/Users/josephkamil/Desktop/Capstone/PushUps/v_PushUps_g21_c01.avi,1,,90,0.0,1.0,0.20084001123905182,0.06658735126256943,0.12092572450637817,0.037378162145614624,0.026571523398160934,0.07742786407470703,0.1368388533592224,0.04653191566467285,17.350555419921875,148.98875427246094,166.3393096923828,158.54957580566406,69.61964416503906
push_up,/Users/josephkamil/Desktop/Capstone/PushUps/v_PushUps_g21_c02.avi,1,,166,0.0,1.0,0.1438763588666916,0.04217030107975006,0.07887724041938782,0.05590221285820007,0.025744406506419182,0.08099830150604248,0.20044928789138794,0.08992516994476318,105.24998474121094,69.13232421875,174.38230895996094,133.5775909423828,77.03759002685547
push_up,/Users/josephkamil/Desktop/Capstone/PushUps/v_PushUps_g21_c03.avi,1,,124,0.0,1.0,0.15312069654464722,0.030592314898967743,0.07452618330717087,0.052391842007637024,0.011712070554494858,0.060760557651519775,0.1984851360321045,0.08382683992385864,95.84771728515625,77.06645202636719,172.91416931152344,119.863525390625,80.36073303222656
push_up,/Users/josephkamil/Desktop/Capstone/PushUps/v_PushUps_g21_c04.avi,1,,102,0.0,1.0,0.21084654331207275,0.030837221071124077,0.14023125171661377,0.084260493516922,0.012135421857237816,0.028859078884124756,0.17354118824005127,0.07061246037483215,55.57276153564453,114.1543960571289,169.72715759277344,136.45379638671875,81.66497802734375
push_up,/Users/josephkamil/Desktop/Capstone/PushUps/v_PushUps_g22_c01.avi,1,,57,0.0,1.0,0.24031710624694824,0.08284178376197815,0.08989278972148895,0.04674917459487915,0.012804550118744373,0.01923847198486328,0.1885676383972168,0.13348853588104248,78.55123901367188,90.92903137207031,169.4802703857422,144.79994201660156,72.44678497314453
push_up,/Users/josephkamil/Desktop/Capstone/PushUps/v_PushUps_g22_c02.avi,1,,104,0.0,1.0,0.24879470467567444,0.0813855305314064,0.06737454235553741,-0.01188264787197113,0.016089070588350296,0.03721243143081665,0.2359943985939026,0.14615470170974731,109.51698303222656,63.46958541870117,172.986572265625,129.25294494628906,73.68328094482422
push_up,/Users/josephkamil/Desktop/Capstone/PushUps/v_PushUps_g22_c03.avi,1,,63,0.0,1.0,0.2894442677497864,0.1763545423746109,0.034130875021219254,-0.08373144268989563,0.008002527058124542,0.23838424682617188,0.37153130769729614,0.19248265027999878,105.55572509765625,57.86619186401367,163.4219207763672,116.81550598144531,2.6860663890838623
push_up,/Users/josephkamil/Desktop/Capstone/PushUps/v_PushUps_g22_c04.avi,1,,94,0.0,1.0,0.4292003810405731,0.27619847655296326,0.059646956622600555,-0.007479637861251831,0.038921210914850235,0.13936519622802734,0.4689136743545532,0.30303192138671875,124.69757080078125,54.81843948364258,179.51600646972656,139.27818298339844,24.044090270996094
push_up,/Users/josephkamil/Desktop/Capstone/PushUps/v_PushUps_g23_c01.avi,1,,38,0.0,1.0,0.3976899981498718,0.06105879694223404,0.05018749088048935,0.0788368284702301,0.047732874751091,0.2349681854248047,0.4140976071357727,0.37015092372894287,72.68412017822266,103.15453338623047,175.83865356445312,156.7593536376953,74.73631286621094
push_up,/Users/josephkamil/Desktop/Capstone/PushUps/v_PushUps_g23_c02.avi,1,,7,0.14285714285714285,0.8571428571428571,0.24939630925655365,-0.013368785381317139,0.01023447047919035,0.14188742637634277,0.048261940479278564,0.3613895773887634,0.12516766786575317,0.12162309885025024,134.79010009765625,8.97838020324707,143.7684783935547,116.36749267578125,95.6295166015625
push_up,/Users/josephkamil/Desktop/Capstone/PushUps/v_PushUps_g23_c03.avi,1,,34,0.0,1.0,0.3805040419101715,0.05701880156993866,0.05040279030799866,0.0992920845746994,0.035833850502967834,0.24480998516082764,0.3989812731742859,0.3152737617492676,93.38028717041016,86.2500228881836,179.63031005859375,149.9812469482422,75.29118347167969
push_up,/Users/josephkamil/Desktop/Capstone/PushUps/v_PushUps_g23_c04.avi,1,,40,0.0,1.0,0.3926827311515808,0.06622956693172455,0.04933589696884155,0.10825282335281372,0.029694711789488792,0.1604028344154358,0.3601950705051422,0.2833594083786011,91.12380981445312,87.81144714355469,178.9352569580078,146.4231414794922,73.68365478515625
push_up,/Users/josephkamil/Desktop/Capstone/PushUps/v_PushUps_g24_c01.avi,1,,71,0.0,1.0,0.16000960767269135,0.05460274964570999,0.06459654867649078,0.04598110914230347,0.04470786079764366,0.03661227226257324,0.2446058988571167,0.18953371047973633,129.62716674804688,42.79695129394531,172.4241180419922,106.16679382324219,77.27702331542969
push_up,/Users/josephkamil/Desktop/Capstone/PushUps/v_PushUps_g24_c02.avi,1,,68,0.0,1.0,0.15899856388568878,0.06106065958738327,0.05938870087265968,0.054342687129974365,0.046841297298669815,0.0355757474899292,0.215762197971344,0.13925135135650635,111.17610168457031,42.901065826416016,154.07716369628906,107.86894226074219,75.9076156616211
push_up,/Users/josephkamil/Desktop/Capstone/PushUps/v_PushUps_g24_c03.avi,1,,69,0.0,1.0,0.16030371189117432,0.06443915516138077,0.060609444975852966,0.062284767627716064,0.0426928848028183,0.03150451183319092,0.20676207542419434,0.13591766357421875,100.48902893066406,54.95689010620117,155.4459228515625,109.35274505615234,75.17524719238281
push_up,/Users/josephkamil/Desktop/Capstone/PushUps/v_PushUps_g24_c04.avi,1,,70,0.0,1.0,0.16304191946983337,0.06370290368795395,0.06151347979903221,0.06636855006217957,0.04240267351269722,0.04549354314804077,0.1996822953224182,0.13926106691360474,109.396728515625,54.39234924316406,163.78907775878906,111.50939178466797,75.42899322509766
push_up,/Users/josephkamil/Desktop/Capstone/PushUps/v_PushUps_g25_c01.avi,1,,90,0.0,1.0,0.14578676223754883,0.00023083487758412957,0.02762194722890854,0.051530689001083374,0.04097646847367287,0.055387139320373535,0.17274558544158936,0.13748639822006226,117.10392761230469,59.61564636230469,176.71957397460938,118.36865997314453,89.84351348876953
push_up,/Users/josephkamil/Desktop/Capstone/PushUps/v_PushUps_g25_c02.avi,1,,109,0.0,1.0,0.14622461795806885,0.016806710511446,0.02259242907166481,0.04627537727355957,0.04941562935709953,0.04434877634048462,0.19540631771087646,0.13926470279693604,98.55667114257812,72.86131286621094,171.41798400878906,116.37369537353516,84.83196258544922
push_up,/Users/josephkamil/Desktop/Capstone/PushUps/v_PushUps_g25_c03.avi,1,,111,0.0,1.0,0.15690995752811432,0.022107956930994987,0.024886148050427437,0.04497718811035156,0.031087184324860573,0.025345146656036377,0.17420798540115356,0.13753771781921387,120.17301940917969,58.15498352050781,178.3280029296875,118.0613021850586,82.99343872070312
push_up,/Users/josephkamil/Desktop/Capstone/PushUps/v_PushUps_g25_c04.avi,1,,91,0.0,1.0,0.13104037940502167,-0.022990215569734573,0.002953894203528762,0.0598873496055603,0.05172053351998329,0.051136910915374756,0.18711614608764648,0.13565528392791748,115.29531860351562,50.31880569458008,165.61412048339844,106.98275756835938,97.07332611083984
push_up,/Users/josephkamil/Desktop/Capstone/push-up/push-up_1.mp4,1,,150,0.0,1.0,0.31152597069740295,0.04061570018529892,0.07052889466285706,0.09340617060661316,0.028962841257452965,0.1620321273803711,0.24507290124893188,0.2601509094238281,71.71308135986328,104.19341278076172,175.906494140625,150.5026092529297,79.93019104003906
push_up,/Users/josephkamil/Desktop/Capstone/push-up/push-up_10.mp4,1,,149,0.0,1.0,0.1780598908662796,-0.1293383538722992,0.03934134915471077,0.1044079065322876,0.0036310385912656784,0.014349639415740967,0.26781165599823,0.21413931250572205,147.45828247070312,31.946104049682617,179.40438842773438,110.80750274658203,177.12725830078125
push_up,/Users/josephkamil/Desktop/Capstone/push-up/push-up_11.mp4,1,,150,0.0,1.0,0.17626358568668365,-0.1209753006696701,0.03371172398328781,0.10756415128707886,0.004639055579900742,0.012387514114379883,0.25022685527801514,0.16325730085372925,147.91354370117188,30.562538146972656,178.47607421875,109.52446746826172,177.0125732421875
push_up,/Users/josephkamil/Desktop/Capstone/push-up/push-up_12.mp4,1,,150,0.0,1.0,0.19931699335575104,-0.11345930397510529,0.05673762783408165,0.08122095465660095,0.005794859956949949,0.013038277626037598,0.22596991062164307,0.16055524349212646,145.0875701904297,31.697362899780273,176.78492736816406,124.03463745117188,176.1144256591797
push_up,/Users/josephkamil/Desktop/Capstone/push-up/push-up_13.mp4,1,,149,0.0,1.0,0.178352952003479,-0.11904937773942947,0.048477742820978165,0.07505524158477783,0.00470866821706295,0.22984999418258667,0.304967999458313,0.20327603816986084,172.69403076171875,6.77311897277832,179.46714782714844,112.35470581054688,177.62112426757812
push_up,/Users/josephkamil/Desktop/Capstone/push-up/push-up_14.mp4,1,,148,0.0,1.0,0.22227756679058075,-0.11867934465408325,0.08311610668897629,0.07710421085357666,0.006627704948186874,0.06925570964813232,0.2801690101623535,0.20599105954170227,175.5240478515625,3.994095802307129,179.5181427001953,120.6373291015625,175.9331512451172
push_up,/Users/josephkamil/Desktop/Capstone/push-up/push-up_15.mp4,1,,83,0.0,1.0,0.23364189267158508,0.07542913407087326,0.043010689318180084,0.16056132316589355,0.12401248514652252,0.024996817111968994,0.2686871886253357,0.1483723521232605,112.12226104736328,53.058631896972656,165.18089294433594,88.78923797607422,74.41340637207031
push_up,/Users/josephkamil/Desktop/Capstone/push-up/push-up_16.mp4,1,,140,0.0,1.0,0.30096855759620667,0.08199964463710785,0.08616944402456284,0.09763145446777344,0.02574901096522808,0.11415749788284302,0.32072651386260986,0.24426686763763428,108.12133026123047,70.3542251586914,178.47555541992188,126.02099609375,70.85138702392578
push_up,/Users/josephkamil/Desktop/Capstone/push-up/push-up_17.mp4,1,,91,0.0,1.0,0.46047696471214294,0.1443886160850525,-0.0019011831609532237,0.16599208116531372,0.13312014937400818,0.507647693157196,0.43509024381637573,0.3523651957511902,114.77081298828125,60.61589050292969,175.38670349121094,117.83605194091797,56.65201187133789
push_up,/Users/josephkamil/Desktop/Capstone/push-up/push-up_18.mp4,1,,70,0.0,1.0,0.19365163147449493,0.6570508480072021,-0.1751101315021515,-0.11065710335969925,0.005633154883980751,0.047421932220458984,0.1677291989326477,0.17045581340789795,147.29518127441406,5.149194240570068,152.4443817138672,61.046539306640625,0.6511284708976746
push_up,/Users/josephkamil/Desktop/Capstone/push-up/push-up_19.mp4,1,,150,0.0,1.0,0.268220454454422,0.06666062772274017,0.07687689363956451,0.1331053376197815,0.04790332913398743,0.02779322862625122,0.23318582773208618,0.18592092394828796,98.01597595214844,74.20323181152344,172.21920776367188,126.85286712646484,73.86534118652344
push_up,/Users/josephkamil/Desktop/Capstone/push-up/push-up_2.mp4,1,,150,0.0,1.0,0.3160484731197357,0.06563302874565125,0.06259980797767639,0.08741778135299683,0.027806011959910393,0.12811338901519775,0.24536371231079102,0.20095783472061157,73.9063949584961,99.3483657836914,173.2547607421875,149.5272979736328,73.67742156982422
push_up,/Users/josephkamil/Desktop/Capstone/push-up/push-up_20.mp4,1,,149,0.013422818791946308,0.9865771812080537,0.3154059648513794,-0.10641321539878845,0.144924134016037,0.10112038254737854,0.00503210723400116,0.24958574771881104,0.3868357837200165,0.42147231101989746,136.13699340820312,38.48076248168945,174.6177520751953,123.08659362792969,175.06097412109375
push_up,/Users/josephkamil/Desktop/Capstone/push-up/push-up_21.mp4,1,,150,0.0,1.0,0.19699057936668396,0.05832221359014511,0.05709083378314972,0.07498437166213989,0.0385698638856411,0.017656266689300537,0.1918935924768448,0.14210306107997894,99.15666961669922,73.78681182861328,172.9434814453125,134.68853759765625,67.99826049804688
push_up,/Users/josephkamil/Desktop/Capstone/push-up/push-up_22.mp4,1,,150,0.0,1.0,0.31871089339256287,0.10423851013183594,0.08047659695148468,0.16416630148887634,0.053698375821113586,0.11828076839447021,0.4462762773036957,0.27293604612350464,116.52552795410156,51.55439758300781,168.07992553710938,108.68982696533203,71.65129089355469
push_up,/Users/josephkamil/Desktop/Capstone/push-up/push-up_23.mp4,1,,113,0.0,1.0,0.33041995763778687,0.03845012187957764,0.06794469803571701,0.12590497732162476,0.06872420758008957,0.26270318031311035,0.4078335762023926,0.28789687156677246,125.8560791015625,48.46599197387695,174.3220672607422,111.77398681640625,75.74131774902344
push_up,/Users/josephkamil/Desktop/Capstone/push-up/push-up_24.mp4,1,,126,0.0,1.0,0.2725578844547272,0.08410021662712097,0.07581200450658798,0.08329883217811584,0.02051670476794243,0.03672361373901367,0.29016417264938354,0.20064860582351685,114.66009521484375,63.858272552490234,178.51837158203125,129.7988739013672,68.41539001464844
push_up,/Users/josephkamil/Desktop/Capstone/push-up/push-up_25.mp4,1,,98,0.0,1.0,0.5085985064506531,0.1423388421535492,0.008580166846513748,0.15091729164123535,0.1305416077375412,0.5652010440826416,0.43387800455093384,0.3693770170211792,112.86717224121094,61.75642395019531,174.62359619140625,121.3858413696289,56.91800308227539
push_up,/Users/josephkamil/Desktop/Capstone/push-up/push-up_26.mp4,1,,150,0.0,1.0,0.23131459951400757,-0.009077773429453373,0.008206257596611977,0.15114586055278778,0.081464484333992,0.06781691312789917,0.32125407457351685,0.22217416763305664,132.61264038085938,31.49054718017578,164.1031951904297,95.75078582763672,92.05433654785156
push_up,/Users/josephkamil/Desktop/Capstone/push-up/push-up_27.mp4,1,,150,0.0,1.0,0.22475361824035645,-0.02115212194621563,-0.0029840285424143076,0.1546775847673416,0.0676359012722969,0.07080024480819702,0.3334306478500366,0.22454878687858582,148.44363403320312,23.428926467895508,171.87255859375,97.30067443847656,95.34489440917969
push_up,/Users/josephkamil/Desktop/Capstone/push-up/push-up_28.mp4,1,,87,0.0,1.0,0.39890289306640625,0.18624286353588104,0.031595379114151,-0.012902438640594482,0.008565413765609264,0.015417098999023438,0.3503841757774353,0.14763879776000977,118.45161437988281,61.222232818603516,179.67384338378906,142.61155700683594,4.794767379760742
push_up,/Users/josephkamil/Desktop/Capstone/push-up/push-up_29.mp4,1,,112,0.0,1.0,0.3238026201725006,0.030605891719460487,-0.005602083634585142,0.04958394169807434,0.012584427371621132,0.012559294700622559,0.3602541387081146,0.09395533800125122,135.2823486328125,44.10005569458008,179.3824005126953,121.63758850097656,82.24603271484375
push_up,/Users/josephkamil/Desktop/Capstone/push-up/push-up_3.mp4,1,,150,0.0,1.0,0.30018091201782227,0.06969787925481796,0.05528555065393448,0.09043210744857788,0.026800978928804398,0.1765807867050171,0.24184149503707886,0.1733223795890808,61.843994140625,112.57487487792969,174.4188690185547,151.7527618408203,72.66221618652344
push_up,/Users/josephkamil/Desktop/Capstone/push-up/push-up_30.mp4,1,,108,0.07407407407407407,0.9259259259259259,0.45353782176971436,0.20685184001922607,0.003525632433593273,-0.05545288324356079,0.012118343263864517,0.46070873737335205,0.5123611688613892,0.22109949588775635,170.07296752929688,9.684857368469238,179.75782775878906,140.72923278808594,31.08584976196289
push_up,/Users/josephkamil/Desktop/Capstone/push-up/push-up_31.mp4,1,,137,0.0,1.0,0.40092286467552185,0.1444152146577835,-0.0071338159032166,-0.014648467302322388,0.007784173358231783,0.008888483047485352,0.4643475115299225,0.24730730056762695,136.0919189453125,43.628662109375,179.7205810546875,124.03112030029297,48.14759063720703
push_up,/Users/josephkamil/Desktop/Capstone/push-up/push-up_32.mp4,1,,149,0.0,1.0,0.4781603217124939,0.22165951132774353,0.10958516597747803,0.03490021824836731,0.061933454126119614,0.3801229000091553,0.7400157451629639,0.4260662794113159,108.140869140625,71.23771667480469,179.3785858154297,153.50259399414062,57.671722412109375
push_up,/Users/josephkamil/Desktop/Capstone/push-up/push-up_33.mp4,1,,145,0.0,1.0,0.3667151629924774,0.01761934719979763,0.030906686559319496,0.03540721535682678,0.02688629925251007,0.12898385524749756,0.4738226532936096,0.2289564311504364,141.2153778076172,38.43009567260742,179.64547729492188,140.5855255126953,85.2367172241211
push_up,/Users/josephkamil/Desktop/Capstone/push-up/push-up_34.mp4,1,,100,0.0,1.0,0.49243929982185364,0.22702202200889587,0.004555430728942156,-0.08515595644712448,0.013338110409677029,0.03605949878692627,0.5443636178970337,0.2271600365638733,137.55328369140625,42.09479522705078,179.64808654785156,134.49522399902344,39.915496826171875
push_up,/Users/josephkamil/Desktop/Capstone/push-up/push-up_35.mp4,1,,106,0.0,1.0,0.4183366596698761,0.17554621398448944,0.09042584896087646,-0.035058796405792236,0.026125900447368622,0.07617652416229248,0.3994152545928955,0.207533597946167,166.68667602539062,12.89358901977539,179.58026123046875,158.63458251953125,51.494876861572266
push_up,/Users/josephkamil/Desktop/Capstone/push-up/push-up_36.mp4,1,,150,0.0,1.0,0.2654972970485687,0.06846626102924347,0.05046128109097481,0.12335667014122009,0.056005705147981644,0.013668835163116455,0.2922583222389221,0.18182337284088135,112.92489624023438,64.04180908203125,176.96670532226562,121.29849243164062,71.89801025390625
push_up,/Users/josephkamil/Desktop/Capstone/push-up/push-up_37.mp4,1,,97,0.0,1.0,0.26370903849601746,-0.16538172960281372,0.08278649300336838,0.19949275255203247,0.01916305162012577,0.06927132606506348,0.3719644248485565,0.35508453845977783,155.74610900878906,21.465940475463867,177.21205139160156,96.53445434570312,175.03451538085938
push_up,/Users/josephkamil/Desktop/Capstone/push-up/push-up_38.mp4,1,,150,0.0,1.0,0.3082430958747864,0.08027913421392441,0.06266619265079498,0.11374601721763611,0.04521305114030838,0.010847151279449463,0.2723538875579834,0.1638185977935791,110.18041229248047,66.24468231201172,176.4250946044922,136.12864685058594,68.79032897949219
push_up,/Users/josephkamil/Desktop/Capstone/push-up/push-up_39.mp4,1,,145,0.2206896551724138,0.7793103448275862,0.18368124961853027,-0.31927287578582764,-0.09145401418209076,0.20921647548675537,0.007771546486765146,0.01667177677154541,0.4138743579387665,0.2711896002292633,171.24574279785156,7.594571113586426,178.84031677246094,83.67517852783203,179.17562866210938
push_up,/Users/josephkamil/Desktop/Capstone/push-up/push-up_4.mp4,1,,150,0.0,1.0,0.2883952260017395,0.02008218690752983,0.07530886679887772,0.06484779715538025,0.047954197973012924,0.07781195640563965,0.29603588581085205,0.20079368352890015,126.05992126464844,47.58316421508789,173.64308166503906,122.90254974365234,85.13096618652344
push_up,/Users/josephkamil/Desktop/Capstone/push-up/push-up_40.mp4,1,,122,0.0,1.0,0.38802194595336914,0.04203514754772186,0.021826311945915222,0.1518695056438446,0.01007209811359644,0.01880490779876709,0.4372386932373047,0.13332295417785645,149.04299926757812,30.64951515197754,179.69252014160156,122.87725067138672,77.40838623046875
push_up,/Users/josephkamil/Desktop/Capstone/push-up/push-up_41.mp4,1,,108,0.0,1.0,0.2679671347141266,0.12854106724262238,0.053631849586963654,0.11664149165153503,0.0590803287923336,0.035726189613342285,0.2879731059074402,0.1977575421333313,109.11682891845703,63.976097106933594,173.09292602539062,120.64319610595703,50.50513458251953
push_up,/Users/josephkamil/Desktop/Capstone/push-up/push-up_42.mp4,1,,145,0.0,1.0,0.34799399971961975,0.08643040806055069,0.10163124650716782,0.10544189810752869,0.060840435326099396,0.07558238506317139,0.36342328786849976,0.25465118885040283,116.97413635253906,52.4244499206543,169.39859008789062,122.23199462890625,72.5940170288086
push_up,/Users/josephkamil/Desktop/Capstone/push-up/push-up_43.mp4,1,,73,0.0,1.0,0.2922424376010895,-0.1448795646429062,0.06566443294286728,0.18194478750228882,0.003676498541608453,0.19428759813308716,0.329120397567749,0.23137593269348145,140.75265502929688,29.450252532958984,170.20291137695312,108.23179626464844,172.5123748779297
push_up,/Users/josephkamil/Desktop/Capstone/push-up/push-up_44.mp4,1,,113,0.0,1.0,0.25167182087898254,0.046525806188583374,0.08208512514829636,0.08926171064376831,0.03475065529346466,0.051139891147613525,0.24415546655654907,0.19494515657424927,112.67366027832031,59.86077880859375,172.53443908691406,123.13138580322266,76.84761810302734
push_up,/Users/josephkamil/Desktop/Capstone/push-up/push-up_45.mp4,1,,150,0.0,1.0,0.2642911374568939,0.08090527355670929,0.07441017031669617,0.09113141894340515,0.05445457622408867,0.03811478614807129,0.2770821452140808,0.16530632972717285,114.94215393066406,50.71345520019531,165.65560913085938,115.53687286376953,69.99275970458984
push_up,/Users/josephkamil/Desktop/Capstone/push-up/push-up_46.mp4,1,,150,0.0,1.0,0.31677672266960144,0.05698057636618614,0.017526570707559586,0.10202391445636749,0.067275770008564,0.06929326057434082,0.3469167947769165,0.15300124883651733,111.47246551513672,52.822776794433594,164.2952423095703,121.95339965820312,76.33357238769531
push_up,/Users/josephkamil/Desktop/Capstone/push-up/push-up_47.mp4,1,,99,0.0,1.0,0.44311273097991943,0.13432657718658447,0.11844083666801453,0.13017287850379944,0.07935162633657455,0.026652216911315918,0.4146271347999573,0.2638649046421051,106.81181335449219,61.21927261352539,168.0310821533203,131.90077209472656,67.82383728027344
push_up,/Users/josephkamil/Desktop/Capstone/push-up/push-up_48.mp4,1,,91,0.0,1.0,0.6374945044517517,0.17007282376289368,0.06482338905334473,0.16921299695968628,0.14974574744701385,0.27280324697494507,0.8617387413978577,0.8804002404212952,132.2435302734375,32.353675842285156,164.59719848632812,137.12039184570312,70.03253173828125
push_up,/Users/josephkamil/Desktop/Capstone/push-up/push-up_49.mp4,1,,129,0.0,1.0,0.41363102197647095,0.03482413291931152,0.08008807897567749,0.1410055160522461,0.013755356892943382,0.14383935928344727,0.38376474380493164,0.24962246417999268,109.07086181640625,70.5689697265625,179.63983154296875,139.1267852783203,77.11072540283203
push_up,/Users/josephkamil/Desktop/Capstone/push-up/push-up_5.mp4,1,,150,0.0,1.0,0.2826017141342163,0.036636773496866226,0.06794910132884979,0.08012506365776062,0.04813186824321747,0.08238387107849121,0.2806588411331177,0.17306596040725708,107.40497589111328,64.00621795654297,171.41119384765625,124.32257843017578,81.06922149658203
push_up,/Users/josephkamil/Desktop/Capstone/push-up/push-up_50.mp4,1,,150,0.0,1.0,0.2851904630661011,0.0274227112531662,0.08639869838953018,0.04846322536468506,0.0228530652821064,0.039470791816711426,0.22510334849357605,0.19502562284469604,121.56095886230469,57.3529052734375,178.9138641357422,144.1837615966797,82.42450714111328
push_up,/Users/josephkamil/Desktop/Capstone/push-up/push-up_51.mp4,1,,108,0.0,1.0,0.2834048867225647,0.13660824298858643,0.14056801795959473,0.026734352111816406,0.06647754460573196,0.37136954069137573,0.5848032236099243,0.36355865001678467,126.64385986328125,49.827205657958984,176.4710693359375,124.9112319946289,59.05203628540039
push_up,/Users/josephkamil/Desktop/Capstone/push-up/push-up_52.mp4,1,,391,0.0,1.0,0.29746532440185547,0.15449459850788116,0.036439716815948486,0.030193567276000977,0.012536359019577503,0.16682666540145874,0.38151007890701294,0.30812060832977295,146.8677978515625,32.74030303955078,179.60809326171875,137.39749145507812,16.005538940429688
push_up,/Users/josephkamil/Desktop/Capstone/push-up/push-up_53.mp4,1,,611,0.0032733224222585926,0.9967266775777414,0.29846566915512085,0.12939772009849548,0.10521414875984192,0.041873395442962646,0.06147922948002815,0.5892188549041748,0.5262017250061035,0.350884348154068,139.3680877685547,39.28047561645508,178.6485595703125,119.92573547363281,59.022560119628906
push_up,/Users/josephkamil/Desktop/Capstone/push-up/push-up_54.mp4,1,,714,0.0,1.0,0.3262062966823578,0.12191317230463028,0.07650748640298843,0.025174841284751892,0.02461719512939453,0.24684125185012817,0.42218759655952454,0.37535905838012695,139.19110107421875,40.4121208190918,179.6032257080078,139.16323852539062,19.596914291381836
push_up,/Users/josephkamil/Desktop/Capstone/push-up/push-up_55.mp4,1,,418,0.0,1.0,0.31150928139686584,0.12983141839504242,0.05560075119137764,0.05178298056125641,0.025815388187766075,0.25836044549942017,0.5074124932289124,0.3557474613189697,153.63145446777344,26.033464431762695,179.6649169921875,133.7983856201172,21.371658325195312
push_up,/Users/josephkamil/Desktop/Capstone/push-up/push-up_56.mp4,1,,583,0.0,1.0,0.3010686933994293,0.1418057084083557,0.03923315554857254,0.06265711784362793,0.016876308247447014,0.018478870391845703,0.3756368160247803,0.27668869495391846,145.48977661132812,34.1673583984375,179.65713500976562,127.51956176757812,8.612296104431152
push_up,/Users/josephkamil/Desktop/Capstone/push-up/push-up_6.mp4,1,,150,0.0,1.0,0.3120868504047394,0.05497110262513161,0.07514703273773193,0.08398216962814331,0.04171542450785637,0.07238280773162842,0.2744976282119751,0.1701255440711975,102.94539642333984,67.87384796142578,170.81924438476562,134.89602661132812,76.52423095703125
push_up,/Users/josephkamil/Desktop/Capstone/push-up/push-up_7.mp4,1,,150,0.0,1.0,0.27955418825149536,0.029794232919812202,0.08962932229042053,0.06949508190155029,0.036361902952194214,0.047119855880737305,0.26181915402412415,0.2280433177947998,85.88887023925781,87.8780517578125,173.7669219970703,144.72509765625,82.78386688232422
push_up,/Users/josephkamil/Desktop/Capstone/push-up/push-up_8.mp4,1,,150,0.0,1.0,0.25770303606987,0.04858529567718506,0.07190756499767303,0.09727787971496582,0.044381607323884964,0.06139862537384033,0.2555302381515503,0.18560242652893066,79.9668960571289,93.6964340209961,173.663330078125,142.8377685546875,78.05066680908203
push_up,/Users/josephkamil/Desktop/Capstone/push-up/push-up_9.mp4,1,,150,0.0,1.0,0.2855771481990814,0.060248564928770065,0.08073284476995468,0.09175628423690796,0.03868364170193672,0.05200493335723877,0.24629998207092285,0.18025243282318115,69.47225189208984,105.07596588134766,174.5482177734375,153.2220001220703,75.2102279663086
